	nonPR_Hols_1	nonPR_Hols_2	nonPR_Hols_3	nonPR_Hols_4	nonPR_Hols_5	nonPR_Hols_6	nonPR_Hols_7	nonPR_Hols_8	nonPR_Hols_9	nonPR_Hols_10	nonPR_Hols_11	PR_Hols_1	PR_Hols_2	PR_Hols_3	PR_Hols_4	PR_Hols_5	PR_Hols_6	PR_Hols_7	PR_Hols_8	PR_Jap_1	PR_Jap_2	PR_Jap_3	PR_Jap_4	PR_Jap_5	PR_Jap_6	nonPR_Jap_1	nonPR_Jap_2	nonPR_Jap_3	nonPR_Jap_4	nonPR_Jap_5	nonPR_Sim_1	nonPR_Sim_2	nonPR_Sim_3	PR_Sim_1	PR_Sim_2	PR_Sim_3	PR_Cont_1	PR_Cont_2	PR_Cont_3	PR_Cont_4	PR_Cont_5	PR_Cont_6	nonPR_Cont_1	nonPR_Cont_2	nonPR_Cont_3	nonPR_Cont_4	nonPR_Cont_5	nonPR_Cont_6	nonPR_Sim2_1	nonPR_Sim2_2	nonPR_Sim2_3	PR_Sim2_1	PR_Sim2_2	PR_Sim2_3	Zo_NP_1	Zo_NP_3	Zo_NP_4	Zo_NP_5	Zo_NP_6	Zo_NP_8	Zo_NP_9	Zo_NP_10	Zo_NP_11	Zo_NP_12	Zo_NP_13	Zo_NP_14	Zo_NP_15	SW_NP_1	SW_NP_3	SW_NP_5	Zo_PR_1	Zo_PR_2	Zo_PR_3	Zo_PR_4	SW_PR_1	SW_PR_2	SW_PR_3	SW_PR_4	SW_PR_5	SW_PR_6	SW_PR_7
nonPR_Hols_1	65305.000061127	65641.2399796242	66090.1448815846	67041.7203028153	66275.2740445296	65959.3151397518	65488.5873044825	65554.3087127139	65344.3123962354	65918.9631168976	64092.6325509816	67332.4336477571	67671.7143817333	65883.4960980809	65535.8482561503	65645.3332922021	66092.5600036976	66022.8545062599	66630.509899398	67167.1858011589	66955.2069819204	67076.0816855592	67016.3869798206	67287.691577695	66377.8702279563	66302.5626019256	66490.6262067429	66499.4787915744	67127.7710939228	65822.63446025	62151.6751826289	62463.2925797323	62857.2562983743	62084.5735532003	62205.681794974	62516.0544775794	61873.7360122687	62172.3668046333	62704.2082832097	63701.9487486127	63066.4469213199	62162.2841620577	61955.887636187	62590.1969546433	62308.04225688	61910.2665254178	63163.8423815249	61280.0410536022	61931.8132671862	61636.0519443196	63113.0708988462	63371.7861475123	63277.6893256062	61264.4416411766	54550.7919330114	54826.4013815528	52283.0354418468	52355.7139838967	56962.6132410007	52270.8632689682	53843.6260357092	59426.2591601363	51943.9175058523	55066.7556607241	58635.7254265818	56139.3874318599	57843.0588086	59875.2227925249	57828.941838899	55872.6311139461	61455.2576598954	62641.3587741779	63378.2552042532	60946.2275869581	57137.7745662709	59052.1184714982	56367.8124694304	55416.9933187736	56701.3438441667	56704.6112552946	57490.7666724092
nonPR_Hols_2	66517.1971677466	66869.9539943126	67320.3560649497	68307.3658280741	67529.4197942722	67195.2540965825	66711.7476823126	66779.7834539324	66565.5376053164	67154.9524059328	65291.0388918581	68601.7194867272	68942.0409727475	67112.6916285829	66772.3205033108	66873.3563220125	67332.2909982024	67257.5121790301	67880.7338814462	68444.108991527	68235.4910156168	68350.3959945442	68288.0782175002	68566.6627696402	67636.9769759541	67570.0702068913	67766.4981210153	67765.7856121496	68409.6470311079	67082.5413846563	63308.7174614741	63621.9753889336	64026.1462221946	63226.6885272001	63359.1345050719	63669.7910334648	63024.9466944535	63326.9230990463	63873.7613812928	64880.9016920672	64239.6728815145	63319.8542464627	63110.4429010861	63756.7282330732	63463.3323876831	63057.9385440807	64337.166241197	62412.573669791	63079.9970556786	62780.3811622166	64283.7919948771	64548.7955834834	64450.7868085723	62398.2901284914	55610.262029065	55820.3917040988	53283.8607724624	53346.5298703958	58000.4726245157	53256.2357646684	54890.7797939988	60541.2300852942	52861.833350585	56123.3804341152	59767.0943522714	57258.6105126382	58938.7668704368	60993.6423226756	58926.8337274313	56912.6598367069	62594.7408820411	63803.3806488774	64580.6119561192	62092.995594762	58180.7015138797	60178.4102322797	57459.6369404873	56430.2595005869	57734.3322154144	57766.359886968	58532.6044300425
nonPR_Hols_3	66850.1337154066	67189.4693961132	67661.7340257849	68638.1356380784	67860.5180410705	67535.7473978135	67050.8091061405	67135.3823783632	66906.2174871171	67492.0506170726	65642.2212188428	68955.1771866503	69302.9390930974	67440.5349367775	67113.7720013448	67206.6770626854	67665.9129835463	67612.2713603641	68228.6783457718	68779.4231341979	68565.8749738608	68679.1696736798	68616.5573117223	68895.9971186791	67962.5710863272	67879.653557745	68092.3043134134	68085.0758391565	68725.1512929151	67395.2656553108	63688.8603083647	63991.9028991779	64401.9087170994	63605.9778818266	63736.914746704	64064.7229019101	63391.5425580229	63702.0533388501	64232.8965576652	65266.872113203	64622.9921151724	63697.1953674047	63468.9991548412	64138.1919708568	63835.3014940362	63423.3476946153	64721.0172101968	62783.4337532181	63447.8678835205	63177.6444787676	64676.2020051651	64912.7992268533	64838.261126355	62764.5605679554	55878.9593608144	56141.9815033623	53499.3665882648	53663.1555378436	58339.451252125	53577.0396295931	55178.285307028	60881.009444372	53182.8537326415	56422.1321485536	60046.0414230228	57510.7341500772	59198.724872773	61278.905788461	59260.103240127	57229.2640706408	62942.7881714797	64140.1978564758	64883.6503156449	62335.7422752216	58515.8935616665	60487.3336469414	57836.6619457078	56766.7437063822	58042.5310204102	58059.7251391439	58867.2188187514
nonPR_Hols_4	67715.0509504824	68090.299982175	68521.0566109722	69576.2191494885	68780.507188655	68425.6941159669	67916.0828990079	67998.8844488356	67773.4732298251	68361.0496461448	66473.0630396906	69864.0400444189	70228.8044009385	68325.9724773219	68017.9445392937	68087.5842155603	68542.0761147697	68482.0703818024	69135.8988722733	69763.9699736286	69570.8874852385	69647.6628953889	69596.1226380078	69882.3371585997	68959.6778621061	68838.1346707716	69061.6531722044	69064.568944985	69691.5815039324	68374.8871339743	64571.0031452386	64885.1604376864	65320.0520252283	64474.1073687241	64630.9506250884	64955.3158479246	64263.8106868017	64583.0030125494	65101.1966002319	66163.3266880898	65496.337151374	64585.0738188242	64344.3174357168	64977.8509446611	64726.4659398184	64293.2516990175	65645.2521133002	63664.5010891278	64336.3287811294	64023.2226165224	65599.5867361825	65884.9394685773	65773.2920894027	63653.4420813652	56561.1005922627	56708.4865521823	54034.9993990864	54256.6838243792	59036.2585886002	54100.0564955387	55748.0661120072	61553.0119353108	53632.146386466	57106.8216343022	60721.6859127311	58359.3516234267	59866.9494843061	61869.1105410096	59875.8716465808	57781.64065447	63535.2400876147	64811.6969470793	65540.4413137568	62878.9123224347	59055.8556589078	61227.1293224246	58408.8649593521	57263.850601803	58516.0344166205	58762.8205835819	59480.2214928153
nonPR_Hols_5	65222.7380822093	65596.4978902097	65993.602614673	67026.2294557367	66234.2124177037	65881.0997655894	65394.6893261041	65472.9345735279	65259.9940311101	65828.4399346449	64000.5505698149	67275.1154442263	67609.05451092	65805.9290818898	65468.9912324915	65562.9063194977	66009.8559634583	65922.216356994	66572.4587937058	67198.2076486771	67005.5083950176	67078.3847059633	67039.1211041699	67321.9162168059	66450.1172717276	66335.6024654828	66517.4545128579	66538.8371207766	67147.7518396715	65884.1857967837	62159.5258184877	62477.6056294636	62881.4925107935	62078.4622607354	62206.9317000313	62512.3285335483	61850.2812034096	62168.6275397212	62681.2977583675	63684.8939321362	63044.1736979184	62158.4089551853	61958.3162648103	62539.5678842295	62319.7834127861	61918.5565660766	63191.9644073719	61287.0025475622	61934.1026941466	61641.030930327	63111.4627755003	63413.722520257	63271.1290396683	61274.9980571782	54523.8261818917	54500.877925638	52167.589313754	52241.1222250695	56898.9447605821	51988.890266571	53797.2337196273	59141.9412956078	51588.4840456119	55040.3944871169	58552.2890319642	56216.1953884514	57850.2700314679	59696.8909871813	57689.3048076174	55756.5462456768	61351.5489107532	62540.5599575277	63272.3174928275	60701.9142284865	56880.5263924511	58993.2023407474	56240.2326255745	55197.5796933602	56395.5333534921	56581.9749984278	57277.83071107
nonPR_Hols_6	67867.9914487272	68220.5054143566	68685.4898103468	69708.1272185713	68930.6774822752	68569.4760396751	68069.5103922273	68156.8901533013	67917.7624484212	68522.1013430175	66634.7378360672	70011.5051154521	70360.4616128316	68466.8146109617	68141.5473935818	68233.3650078314	68693.0731290946	68639.3083514928	69267.0685040562	69843.8857700637	69631.349715103	69738.2795794339	69682.760704579	69959.9683472927	69017.7895848026	68931.0891106627	69146.4018428276	69145.0249361139	69800.8207375862	68446.6181084597	64650.3107927027	64958.2519179615	65386.5620243301	64558.7339203236	64687.2214073823	65023.9422605344	64336.8870768242	64650.4718286585	65198.904709961	66254.7416159683	65580.422724039	64652.1861533174	64422.839958775	65093.3249089933	64795.4582488041	64368.8958480068	65699.3682399571	63729.4900670077	64404.2392243361	64114.7700768338	65651.511896379	65910.1589937612	65817.8836680263	63711.3387662507	56728.3465518002	56993.059162719	54293.6535783766	54450.265454317	59211.9403554949	54335.7533084996	55959.4933885943	61796.5140866853	53929.3837933402	57276.6505944617	60914.4498489049	58418.7452020203	60084.5502103201	62150.2667519885	60152.4380574521	58057.488790025	63884.352941927	65118.8571716298	65900.8218010478	63264.0845406002	59378.9108572649	61422.3671857144	58644.4300853275	57589.4498669932	58869.7394514066	58967.643383378	59724.6190410521
nonPR_Hols_7	67213.6223713902	67559.2299504258	68028.3670625502	69015.0868854932	68232.6370927117	67902.5677046953	67411.7087035125	67498.0348781886	67269.9784511956	67863.8870475801	65990.0552592789	69339.3525672527	69675.8573598879	67812.01766648	67481.7387007879	67581.0739500652	68044.9154637263	67976.204489812	68603.9679619787	69150.9583355077	68936.0723448408	69048.0018079714	68981.521523884	69274.324000544	68335.5350617919	68241.816997894	68454.9938340665	68452.6862310804	69099.8250887343	67761.6241492382	64008.7570164854	64316.6853500377	64733.5278858798	63927.5281886122	64061.9305695392	64387.8031608981	63719.005481865	64028.9895995631	64558.1631737187	65594.2194792073	64953.4184622069	64015.6416938887	63793.0905739847	64462.7254354071	64156.530132393	63752.0574228906	65042.7947334816	63099.7134012709	63773.4645946956	63488.8208823888	65005.4994983696	65245.4118999001	65169.2512956416	63083.3219382504	56206.8402163548	56422.862865111	53794.3039962049	53949.3292085297	58652.9499048415	53869.4285326222	55459.1995636653	61177.3474121952	53464.7396289105	56715.4400219676	60374.0288097769	57846.7764879542	59528.7852482482	61589.9594937111	59589.875313089	57519.8629598332	63290.4389070462	64502.1992594041	65238.2767088657	62655.964644013	58826.3292776437	60838.9129015536	58141.1138033218	57059.8559048329	58361.6684402477	58378.9238536252	59152.9889352653
nonPR_Hols_8	67295.4416967801	67635.6710723097	68100.9527694853	69110.8665154729	68333.3242576852	67977.6717510097	67484.3306703896	67576.5761044283	67344.3497398501	67933.6913104003	66075.3250356563	69406.951349193	69749.1244030398	67880.9458567405	67546.5689842282	67650.7366379794	68105.1408574326	68047.8340730376	68673.2846972997	69223.7136525446	69014.3074847125	69117.4487973178	69056.4504257646	69345.1728721669	68414.987407917	68321.7492602839	68532.8026462695	68539.1152514984	69174.565490039	67839.5010660256	64080.4388844359	64384.3554417353	64804.1452830946	63997.4713671868	64127.7068520943	64457.4881622299	63783.0693872148	64089.5757885346	64623.8978083521	65661.5167616636	65009.4332900582	64084.1633821785	63853.2528899912	64517.7590268386	64226.0894032829	63816.0017138308	65122.46038376	63175.4027829253	63838.4721235409	63561.4565413452	65074.7862090719	65325.0820181592	65236.8495431438	63154.3684975918	56276.186368196	56469.2504031144	53860.2265784343	54018.9009677762	58744.7607832551	53896.0160881921	55543.6726234998	61240.850213668	53527.7737785201	56806.6422019162	60436.6411432645	57940.2372369557	59645.3162597684	61631.2468068887	59655.6975976353	57555.5320852762	63375.1107756874	64539.3180290752	65322.2435221965	62705.5063117824	58913.8753694189	60947.108060078	58207.7657636139	57123.5247901508	58400.5066370242	58463.9084277193	59211.3655181249
nonPR_Hols_9	66123.3144643773	66470.1615512023	66931.4688661148	67914.9148585408	67155.1258384457	66808.2703373286	66335.7270206924	66405.9843327716	66182.5656157805	66773.3523243506	64921.7801129806	68217.5582473442	68555.828627725	66721.3011295111	66393.8497607129	66482.7620296412	66931.7400613758	66877.1472948382	67489.2025532869	68037.7171109085	67831.8728934055	67942.4683805299	67890.9191518601	68154.5656994789	67230.5994071597	67161.345037751	67368.6473008958	67358.0547947096	68002.8351009158	66680.6827935655	62958.769518644	63270.1502095575	63674.5946828155	62877.1572305355	63001.0763655483	63329.0682705071	62662.9426989329	62966.6858403655	63514.4629698496	64538.73530171	63880.1753536543	62966.2381116017	62753.9912301839	63412.8754923535	63108.0400447996	62689.3414498574	63978.5175638463	62059.9130540152	62724.4973556094	62437.2345442456	63940.4525285464	64184.7471508468	64111.3232905294	62042.217163179	55280.1565255053	55592.3226862144	52921.5827730013	53053.7956741951	57666.7366796595	52960.4089224361	54504.904355945	60237.1729998216	52603.0142883358	55769.404358708	59365.0678325358	56878.2378482272	58576.9041616786	60624.6770187655	58649.411720903	56576.2147515485	62239.2008086579	63472.3647131824	64208.0188485028	61695.9699615652	57919.5549681217	59825.4688064961	57145.5857157892	56132.3656302086	57426.7311390931	57461.8911540733	58241.9447217787
nonPR_Hols_10	67166.9020114087	67517.7409812645	67981.2220015316	68965.691237603	68194.0281337076	67857.082887636	67366.7897340368	67460.1487964294	67222.1867759908	67814.8498991603	65946.8935624456	69287.4602576923	69631.4542542652	67758.5261468723	67431.135699379	67525.9067847809	67983.7670802193	67928.0898720926	68553.4137528386	69112.1611473839	68898.0685880027	69005.2651549034	68944.3192048149	69226.8016921867	68295.3180091573	68209.2021451655	68420.4679312441	68418.5587709592	69064.8429074581	67731.5358592625	63998.1521083299	64307.3718581106	64717.7728807744	63913.3981084126	64040.7967737731	64375.5522739758	63699.6630620711	64006.4886236944	64545.8394513745	65582.9228578719	64929.3037150639	64009.273724938	63779.9904737301	64446.9456244532	64147.5278074603	63726.6757667203	65039.172977205	63086.8257593039	63757.8051009478	63475.9696726914	64992.8567348842	65242.3521978716	65155.3864007986	63068.7662274184	56136.2404920681	56377.4930569772	53718.7424784487	53906.7550698733	58571.1678448312	53810.7000924471	55438.2142528273	61134.9471701308	53413.185657638	56664.3483441421	60283.1818091449	57794.6562697418	59450.9326102993	61519.835524134	59511.7066099631	57478.3665864002	63201.6174481232	64403.982497966	65178.4635429916	62589.2567266156	58746.7756472184	60753.1915243257	58054.8829666724	57015.6826767221	58260.3505022959	58317.9433793979	59090.2107782823
nonPR_Hols_11	65431.9645991376	65763.1839520534	66217.0806238295	67166.8582032433	66403.2195972265	66080.4761982504	65615.3150841083	65705.8533747779	65470.4235786014	66052.602699606	64247.8566878197	67470.3667967231	67790.1988892997	65996.0841333479	65649.260507304	65768.2739712139	66209.8155601734	66141.4667721179	66754.6832394607	67321.9240222144	67111.2334268565	67216.5265107853	67159.5758249403	67440.331297035	66547.0858048961	66457.1113156719	66648.6134063116	66654.2730155258	67272.9714276928	65983.2478331305	62306.2736243144	62608.9043145891	63000.5413901689	62223.3144770276	62346.187252596	62665.9657679797	62024.0461090033	62311.7927221668	62825.8369368825	63815.2976692695	63209.9999005539	62297.2735851999	62084.0687173437	62725.9255487331	62445.4860180042	62056.7549143703	63316.2400164039	61417.598801421	62078.1553250457	61800.8974543198	63265.8445198423	63505.6150727344	63414.2922456747	61396.9181495652	54726.5843912489	54839.8658176062	52371.0597366202	52487.3480182713	57042.4803695404	52377.8150074325	53975.2000166743	59388.495354566	52001.4336765866	55159.3019100219	58764.2835032622	56292.2588108191	57965.148366759	59934.5188800666	57921.2127565579	55960.9621657568	61550.7774435603	62746.2044634517	63474.668489275	60968.1520543846	57183.4377173146	59207.8888655476	56568.3669386071	55513.9710775798	56758.6669233106	56758.625263504	57521.2317045996
PR_Hols_1	69142.2837003999	69522.915093364	69993.1820882588	71049.4875927561	70245.6892993786	69887.2296132191	69372.1442080669	69463.3060837477	69221.6540930077	69832.3405580683	67902.6346274162	71362.633012138	71724.3505747878	69776.1035919628	69461.1521589713	69532.5548155387	70003.4502393418	69961.4238587427	70605.8508650913	71208.8970891302	70998.7268391945	71097.791421144	71045.5183341874	71321.3654461953	70356.7416847612	70281.4615442938	70498.0378136593	70486.0202736146	71148.4452739682	69785.7964813954	65888.4509502666	66209.1048230783	66640.2416491007	65798.4755959832	65940.5443098361	66278.8843489164	65559.6076450093	65906.2576645138	66446.8195769496	67543.1306054018	66846.2704915737	65924.4582682559	65673.3909055692	66341.4797293346	66049.0675044388	65604.7815485573	66963.3692378644	64960.7965049515	65637.0582472744	65342.6030750948	66927.615508827	67194.6239055712	67107.4878360484	64939.2398048173	57790.7719627173	58012.8913297188	55257.3958238116	55443.5851866964	60282.1863125752	55347.7901001939	56997.4882764515	62963.4785898521	54934.9161447782	58311.14331101	62063.5445187453	59525.7011019559	61206.2909560126	63315.1450832713	61251.9015086789	59105.965427479	65046.0193755375	66274.9292021753	67125.7524382495	64409.020188361	60441.935967916	62536.8635286775	59719.0344262888	58598.1617457352	59952.9044733775	60100.0189170325	60824.2768254701
PR_Hols_2	67835.9480619904	68186.499242351	68668.3872421909	69680.8757152895	68872.4282888972	68558.0200443593	68060.5781209444	68134.1223755711	67904.0218394766	68513.5611454651	66604.403785658	69999.3335552599	70357.5467145757	68454.0722881979	68138.6566458695	68223.2613294084	68689.2422474071	68635.6232067316	69261.601094358	69835.3168422546	69627.8241018054	69744.2511274892	69686.4308244447	69953.510116545	69004.8847293162	68936.3108996323	69149.188564145	69138.655156802	69810.9301607336	68453.2032085334	64639.4741280315	64947.9469249852	65377.1063739123	64535.1628800583	64668.7223994375	65005.2234061937	64322.5871764921	64644.5829141816	65192.8484892269	66248.9210107205	65582.9031566714	64644.4707887894	64405.3101853132	65094.9622470567	64779.9329723112	64357.6964976707	65675.5392879227	63704.4441011458	64397.2469745035	64092.5459407564	65643.6246786834	65907.1048508398	65815.1656781052	63693.642651752	56718.0337483103	57006.2494267867	54293.838649572	54369.7604743289	59120.5508019934	54335.6662837492	55864.0504470293	61756.6854715382	53880.4912221003	57208.3392562569	60888.8239940975	58419.2189328204	60028.4044169204	62172.036578963	60127.7851386571	57985.6771523292	63847.066699791	65057.1496252199	65856.6644962557	63266.3472587452	59340.4485684814	61380.7848748404	58595.7102754956	57506.3239869367	58892.3092908779	58923.291594378	59770.8956286634
PR_Hols_3	67166.1087362582	67513.2041360074	67987.6947863844	68974.580047181	68205.9994967517	67865.999975536	67379.2104071894	67456.6900309626	67230.6991917871	67826.6303163117	65953.6817733185	69293.4126480957	69639.5681510542	67771.5100883685	67450.7000181437	67535.9783578997	67989.6340152366	67941.4887870316	68557.6731445526	69110.4401616692	68890.6702818701	69006.227433878	68950.3120894327	69220.253825159	68281.1790052496	68208.9513122304	68421.4409921264	68409.2377949386	69064.7083524376	67719.7029923633	63986.24061175	64297.5755479799	64714.5977918531	63908.1844726378	64036.8613878467	64367.5603761257	63693.5999795182	64001.4566445133	64540.167634255	65590.7382161654	64927.3468006436	64001.542550688	63775.6986279737	64435.1977466927	64142.9868535543	63720.4835995447	65032.6932344177	63084.4059166241	63745.5101660227	63457.1245643436	64987.199421497	65231.962266553	65162.471277157	63065.2204359764	56158.6989635394	56439.2380823319	53756.6267698609	53919.14248045	58608.9087789986	53820.3435616399	55419.8417249476	61231.5021503069	53440.715326071	56690.7162973775	60283.9272501708	57816.5236943689	59450.2668995585	61552.7971088372	59538.5017898953	57467.4457581754	63199.8850404083	64449.5620609601	65180.8356544688	62617.1461430549	58797.2078950222	60757.4435476791	58050.1235013239	57036.0049077183	58297.7686765444	58374.9436974416	59159.0316553271
PR_Hols_4	67394.4552482457	67745.7521782733	68215.9032021223	69229.5381922529	68454.9000480505	68098.0458054894	67604.8512637246	67676.7492004752	67452.2775441373	68058.0489978783	66159.185677756	69547.2429354236	69885.5965958686	68006.7460243456	67686.8375637068	67768.2821860057	68228.130567162	68168.1032239159	68795.9848926625	69373.5260987293	69156.8611664225	69269.2257575418	69215.1851575716	69482.6331312865	68546.6891135072	68462.9496248131	68685.2684827808	68672.4526130266	69336.580870813	67990.4346040286	64199.3567952305	64508.4912879303	64933.229156547	64096.4114855435	64221.4276917721	64562.5905260468	63879.7921769244	64197.4970527203	64748.7566527597	65793.2132169572	65119.5050116211	64199.6411598353	63974.3716334454	64652.8591963786	64340.3493064245	63917.6389159225	65228.6811330751	63271.705900972	63950.672013904	63649.6805257641	65193.7249748555	65455.2698865553	65367.7974101532	63256.751027297	56339.7334424333	56609.0074299562	53890.0808184261	54021.3958699051	58788.0998530193	53961.4099639881	55559.5887616047	61355.1123294132	53538.7374506998	56852.2720347475	60488.4204122303	58008.5204582542	59668.9808867477	61752.5479026483	59729.4528141692	57650.5693283176	63420.1301037387	64693.8448377533	65450.4178074229	62813.4480490257	58959.6907197037	60985.8039864432	58230.4173447713	57164.5876594588	58469.7250374626	58512.3202613584	59332.2174090052
PR_Hols_5	67115.1574070881	67469.8659091313	67933.4016018491	68939.0398630926	68154.2960734244	67812.9757260744	67326.3069251495	67398.2505489467	67177.0399330941	67773.1062112994	65886.7489178189	69248.9166743397	69594.7020375259	67720.5273564011	67400.0245369994	67487.7831991618	67948.3221676136	67887.6120503237	68514.4990502205	69101.6513640789	68885.9212786489	68999.143067174	68936.1465933081	69213.4474215234	68268.496990321	68191.8903311611	68413.5741571165	68403.7274521265	69059.3987920768	67719.7827701314	63901.9655687464	64209.3637346083	64627.0474037872	63801.5172690792	63935.2587424311	64266.8528992423	63589.8280954133	63913.9610656612	64455.8664738048	65486.4460315539	64831.7111538305	63912.7000671399	63687.6368990734	64351.6300266059	64050.7523694108	63631.2033361882	64930.9788596187	62984.348677298	63658.2127638984	63355.1510698775	64888.4158496861	65152.2811498178	65059.3039371971	62970.9108083813	56083.7229072401	56307.8489494097	53685.0171201947	53773.2868060417	58489.2202160253	53711.2430538081	55315.5807762052	61068.471161603	53299.4885328929	56616.3757870554	60280.709041661	57769.172075579	59420.5955191913	61494.7468351947	59410.0782658757	57385.5543267196	63180.8450631634	64390.3540996327	65236.1360344156	62567.1737264969	58644.820856796	60746.8674059007	57965.9355150716	56908.0671278407	58245.0881898119	58263.4622158622	59077.7663707534
PR_Hols_6	67470.9931057669	67821.9104134269	68292.6895206407	69294.0384399328	68524.9109932619	68174.2091541832	67682.3125918904	67755.6913835652	67539.9278094605	68130.138508043	66234.973394609	69623.5696788994	69977.278837828	68080.16551434	67765.6853202983	67848.5848952521	68313.1886141433	68255.2674876808	68882.3011044525	69465.5639970336	69244.3134429678	69353.6511716399	69289.6908306687	69572.6963995709	68623.4598878773	68536.1332157522	68762.8511316581	68756.5207003771	69415.1883158198	68059.4148986678	64297.3358428232	64607.2333047927	65028.7950312629	64204.8505347704	64332.8801943955	64673.9367179422	63987.0670288518	64313.1105175847	64851.4980593162	65891.7067130753	65233.0899736416	64312.3435466941	64082.0339950496	64760.8885592848	64451.3731272665	64020.6564733931	65338.3685624381	63373.8817704854	64049.6181312664	63767.2342559163	65296.5190992766	65544.1246245541	65464.6969981342	63363.0408698823	56434.8485262516	56709.0943378629	53994.9887944176	54174.1173691222	58845.8943995463	54086.9896172013	55693.3092055014	61498.9541874981	53684.6818325929	56968.3654705143	60628.3677555165	58120.374339975	59780.8203045049	61856.7269075689	59829.4891355068	57801.2082519584	63557.6416020152	64773.673835945	65565.7840446218	62913.0295611224	59035.2526710906	61088.3778790563	58353.895534007	57306.3034182488	58577.716014286	58642.1193434949	59439.740943055
PR_Hols_7	67988.167017482	68337.0387071133	68817.5140670354	69828.31726938	69027.1306060643	68705.6749532869	68202.568720731	68291.0835574336	68050.825423624	68655.9024819192	66756.939216646	70151.4772698155	70510.0352863504	68590.7895851576	68278.233974877	68361.0369812196	68829.4439588517	68789.3194449389	69411.2044369017	69986.0759706073	69768.5452422453	69880.2554180155	69818.5578440978	70090.7372050687	69144.8610693901	69059.2449082368	69284.0091341286	69275.8403277652	69940.0150578701	68583.1025870526	64785.8289993354	65086.3980821817	65517.6026680394	64682.3268641864	64812.0370569314	65152.5527368221	64464.8133418403	64782.7137072041	65328.2597612949	66390.7084815418	65723.0695241255	64789.3235134034	64547.5685638242	65237.5819648662	64926.0556346046	64498.134253759	65821.5246795564	63853.0073733574	64533.0871448508	64249.3037945645	65784.8109054873	66040.1509437935	65954.8152132088	63829.4026260619	56835.5270664166	57080.9224402928	54396.8938539927	54516.0393779872	59275.1401432199	54452.3504107882	56033.0247134538	61892.325138363	54028.1353346442	57395.7734729478	61062.1254932654	58511.2791422079	60182.4352282842	62267.8205318265	60252.6535326717	58142.9671875909	64002.1485115866	65234.5959703312	66036.7597812633	63387.5116500492	59479.5204442173	61529.8882549396	58797.1850594417	57702.7524185221	58994.2767328201	59046.5522887209	59856.5546604613
PR_Hols_8	67790.5786130716	68145.022266202	68625.1781581115	69629.1599609182	68844.3931235347	68515.729707864	68017.4336025608	68097.9718381427	67863.984725819	68468.012021771	66566.4320940551	69962.1081626849	70319.5075993939	68405.7118799288	68100.903966751	68176.2410524167	68641.7483132133	68598.408973298	69214.9440806808	69776.7502788006	69564.6713141345	69684.0324557716	69614.4719705291	69887.2303988046	68938.6849197853	68848.9752476951	69083.6570303618	69068.9815093689	69733.5414414695	68374.2333995947	64590.3462298381	64899.8265525401	65330.2571721713	64488.9053487495	64623.1880176844	64966.1989889764	64275.8283740505	64594.0132108997	65150.4941530166	66201.6013826511	65542.1214731389	64599.33745854	64365.7946930129	65046.5190406276	64737.4639313569	64305.4902892902	65632.0654511862	63660.1783988454	64343.9113171029	64046.3155073539	65603.5680120723	65856.4713506548	65778.4559577738	63642.9854084539	56674.9769942164	56965.9572894291	54212.5058440886	54385.0937359738	59129.3644942062	54292.6728651739	55859.075437764	61778.7081499838	53856.7041661107	57229.2160466967	60839.2203621821	58364.4102530916	60004.4153467192	62103.6383334556	60096.9969083403	57957.6733171915	63845.1898846622	65054.4783534614	65840.1420535107	63205.6299154693	59320.6338748252	61385.9062868694	58608.1452480223	57541.4904785159	58821.2867713931	58920.7138671182	59689.7311853068
PR_Jap_1	69308.0136278636	69674.9595416402	70137.077839101	71186.8814591061	70342.84604228	70004.4740518197	69501.1593131961	69581.8057013015	69348.3930293763	69977.8927293632	68017.8593270552	71461.4373152124	71839.2472150789	69904.291339494	69545.0163991817	69665.2375022772	70119.7462926679	70070.4410385552	70737.9305728367	71427.8406698169	71214.8673943226	71319.3575185103	71291.8414365345	71541.0783526688	70563.9805881151	70526.8139398192	70741.0245191931	70730.3536294687	71417.2058190511	70067.2012689888	65894.0544437687	66226.031446735	66646.4893887467	65795.4582018031	65919.8425289423	66243.2964550983	65564.1874931723	65886.6338233293	66490.0110278989	67570.3114361665	66842.5944111149	65883.2708522514	65680.1979551231	66310.3381641377	66054.7686370997	65621.1495607276	66959.5538775573	64949.9797327845	65681.5328177451	65308.1630739384	66874.7435297491	67228.2739511303	67068.9016555187	64939.7004947145	57842.2635592637	57965.3506331853	55275.9218309206	55169.676980931	60161.7646647764	55086.6231504718	56800.3007916099	62705.6927479234	54815.3344258157	58150.0592285857	62113.6002083076	59549.2806801298	61285.8139159436	63362.2238990919	60972.0696140378	59042.2218138755	64941.5815481956	66364.6273152985	67321.6227502707	64506.3347741342	60192.5512013805	62417.6760003977	59493.2514329667	58496.5995941087	60031.0770570709	59954.5615482829	60933.3636099731
PR_Jap_2	69351.4523795942	69716.1467817434	70182.4646227171	71205.2610932185	70361.5540509979	70035.0020832267	69550.5563061323	69621.2804967409	69391.6358762164	70026.7655732633	68061.4117615329	71499.8830642982	71861.9768366848	69948.8981640886	69554.0946661639	69694.0659828788	70145.2086895785	70085.4486881347	70772.219326608	71461.5977320216	71255.4705159462	71356.3154368854	71347.323784194	71581.2965918719	70604.9962019001	70588.2371850453	70774.2904027131	70768.6757622119	71443.5249339456	70103.0150822996	65913.6686946407	66262.7935846496	66665.7658070687	65837.9702658078	65966.593821089	66277.8565425639	65597.9703893432	65919.4215776456	66516.8607544263	67611.2454182286	66869.8895664941	65914.9595354333	65712.1262941778	66336.477786991	66082.5388931295	65644.0417002744	66992.5361939577	64983.3165169044	65714.8903391167	65347.2600621559	66898.1728338203	67254.1920718707	67105.9299753252	64971.2754414305	57921.0397022492	57955.6814677172	55278.3005961959	55187.6415928199	60139.7705060753	55035.8871546699	56788.1592765028	62705.9946089457	54855.0291041407	58153.543010468	62176.5910208016	59552.9584237859	61324.4590008709	63418.0829074252	61068.1976066691	59100.6883187244	64942.6982787682	66411.3297366043	67308.9815401901	64582.7555127083	60237.7005287449	62364.5394992328	59512.1534509	58569.4812302288	60047.0672797934	60004.9472780873	60984.9676093344
PR_Jap_3	69609.5415661096	69970.3690006027	70450.9285209794	71472.1733542589	70629.1555464741	70310.815981762	69809.9853323764	69889.7345000991	69664.4477669524	70295.4417654594	68313.4115808891	71773.668201238	72153.3652280345	70208.1612822266	69849.8149437442	69969.6349016404	70430.2849184615	70379.2156757588	71052.2301704069	71734.5783681717	71505.1788001168	71624.9569379996	71590.8089350927	71832.0914839835	70866.0124166487	70818.448022076	71034.4744974178	71012.8848452475	71714.4536874627	70348.1099359679	66213.8089510301	66550.6878223557	66969.9726533638	66127.2896128726	66252.71866595	66574.9161024065	65887.3483590185	66216.9901433943	66817.660167295	67899.9310747093	67180.7751995368	66215.4980518609	65996.2262025068	66652.3012885901	66379.6363332787	65938.7969378746	67290.8204612966	65268.8641399018	66005.4678019344	65632.8273693205	67205.9048191538	67543.1200791053	67409.0463275667	65254.000589265	58170.6433783934	58282.432308452	55569.0875311575	55499.1931369244	60421.3845553425	55378.4381234098	57057.6365798697	63008.4739847282	55141.3853180637	58463.0350785025	62426.4759630969	59861.1954275078	61551.1806272534	63663.6496179986	61334.6743249432	59349.347181789	65269.0312410672	66720.8525167601	67594.5985667742	64821.0870797929	60515.8555597518	62745.5462604883	59784.7225437455	58834.3813200004	60315.2247202091	60260.7575107589	61223.7090110705
PR_Jap_4	70735.4323990287	71109.2591108386	71592.8330813784	72637.5033873803	71775.9171292663	71441.932318994	70938.8989958199	71028.3939284923	70784.6976221391	71427.0924177301	69438.6100750696	72928.4718913206	73311.2609033581	71341.1285820022	70954.9799121336	71092.43048543	71556.2601841528	71507.4075074122	72192.7425704586	72886.3744615791	72677.4511408472	72771.512656709	72756.6198195925	73001.7671879391	72012.0959774321	71979.9272552119	72185.1766587957	72176.5528429175	72868.9022962013	71495.683233499	67239.7474304626	67579.4148451459	68002.7167230188	67158.6379773447	67296.5794191926	67603.3311292439	66918.9538835834	67239.9675819345	67854.0545403818	68955.0710284365	68215.107460958	67244.0507446299	67021.9318397018	67669.7183590148	67406.506416442	66964.4843894799	68340.2619904499	66289.0249451025	67035.5433296574	66665.0836684628	68236.5151517886	68589.791994461	68438.9324732793	66273.0594775898	59143.5780058096	59231.5880857075	56496.8719867187	56405.5734892717	61460.3097768364	56280.7580807337	58044.9939774406	64001.519224996	56044.1251298281	59438.9016317108	63472.4427621226	60839.9340974006	62590.7129500374	64634.7924699981	62268.4426041431	60281.408738205	66263.1226244515	67778.523574051	68700.831179721	65832.5877426272	61432.4640880176	63782.4664828811	60798.3199568801	59781.9960508061	61264.755635136	61273.6475647835	62259.1269213858
PR_Jap_5	69342.4748515157	69713.5249661686	70176.146980445	71206.3196053908	70366.8778046888	70034.2414374988	69546.8321038344	69612.0740814875	69387.4607517127	70018.2981320586	68050.1919275137	71499.9121652637	71862.6907740814	69944.8546516399	69567.8722411404	69696.2555461162	70153.2003091539	70088.7848349116	70770.4872866068	71461.2746577187	71251.3197778638	71357.8094193377	71332.1498518861	71582.5755177345	70585.3124550265	70573.846135481	70778.0371778666	70765.1186188865	71447.041398523	70097.5035903076	65922.2677061915	66265.0132580046	66670.4300225806	65837.5535825352	65971.5949478412	66285.2441338592	65609.0785272483	65929.1961380659	66532.1773914561	67617.2928456939	66886.2799339742	65928.9536939073	65719.6057911771	66357.9713483686	66090.0175826356	65654.2406618332	66997.6787379763	64989.1807274774	65718.2260889441	65340.9941528644	66905.6058466694	67261.6907522923	67110.2459234966	64979.4831682495	57936.6512473837	57991.7425629225	55324.5990052818	55201.2911947673	60174.3078226124	55118.1106065293	56813.5390404154	62748.6460545298	54882.3493922638	58202.0306131578	62176.3228137106	59599.0589064965	61282.5022374811	63405.7051442867	61045.012347299	59088.5015615475	64972.6638794855	66385.1014221864	67350.7445210111	64561.9650533206	60247.6241189103	62449.9515448834	59527.1183615507	58566.1991068267	60054.6371446502	60023.5879849837	60963.9418266707
PR_Jap_6	68626.0305273565	69004.4652060438	69440.2753239347	70475.5649663561	69638.6989678161	69305.775486579	68801.8142379737	68883.0265937792	68663.8777756773	69274.0722211435	67345.1616712333	70739.5592345838	71102.6706116155	69209.4514751781	68821.4025902507	68963.4480705913	69416.0000126114	69346.8940799228	70022.2525310586	70700.3016789882	70509.5546039043	70590.8130823091	70572.1268809024	70827.1047008274	69865.0172048058	69824.8939602934	70024.2646266436	70026.3615707	70684.7066193808	69367.9573321515	65266.6748703996	65606.8799252102	66002.6771927067	65182.0411630202	65307.3375805631	65617.0877488786	64943.5226697142	65265.3302694606	65858.666221816	66915.2983587759	66198.8435978542	65265.515799789	65054.8757817291	65676.5408681852	65419.6972169036	64996.8283760919	66329.4129846037	64337.1131576916	65063.1714863642	64695.7699043622	66234.5210618885	66587.1782433527	66415.2876965963	64325.8485430455	57329.8025597131	57266.6246428051	54723.7916613714	54643.1038636174	59607.0576529052	54531.0685609256	56265.5752365725	61971.9601417036	54262.5628942857	57592.8436985278	61512.0437801762	58997.844355678	60662.0850246552	62687.1414645889	60356.3623372986	58468.9509077354	64237.8741003207	65685.7130060643	66579.8362024481	63820.8581332553	59579.3814726675	61777.9012357096	58922.0271609481	57894.6933618816	59375.9781538403	59339.9533677998	60287.6545914047
nonPR_Jap_1	68069.1887961239	68422.723064398	68872.4064026831	69841.4568180054	68986.6248032746	68709.7740497811	68231.9075500694	68318.3659194821	68084.2204894204	68699.4865952126	66808.941921814	70147.3207922194	70487.5263601968	68627.5289029002	68215.6268106463	68388.8756508404	68825.8673676446	68757.6425633833	69434.6486071803	70088.4195438337	69890.1142572727	69982.1404833646	69964.2707816355	70227.4086325013	69281.3893843692	69244.6805412724	69412.4379026803	69416.9428351188	70063.5078847274	68754.6708009521	64664.865529573	65001.4052831868	65384.3382555917	64599.8015558198	64734.6191820536	65025.088322784	64377.2286764322	64679.4362458497	65244.2677546546	66281.4935210797	65603.6964596378	64653.5203723358	64456.1903047348	65076.3250764589	64818.7693640869	64415.4435391475	65726.213446556	63757.2464557206	64471.4079698291	64123.5262932335	65627.4792549274	65960.7514001053	65806.6991581474	63745.0773599415	56877.6177333128	56849.9537224419	54333.3750719597	54297.8298044853	59157.9143651699	54149.2287214238	55838.5210633771	61439.9630785327	53887.4665602334	57179.1173396528	61079.4108395094	58513.7674582726	60201.2106492356	62234.4517337616	59923.1019468499	58023.3340158252	63722.0851299395	65184.2216980401	65976.7586547538	63318.1754098518	59139.9733196012	61339.7999403089	58499.5870811617	57497.7656622554	58984.2297940028	58853.6536558277	59849.1934987691
nonPR_Jap_2	67915.1696838219	68277.7807197786	68720.5156246686	69712.2794810327	68870.0724668391	68564.4789187706	68087.2426036785	68163.6731146907	67930.9035534233	68554.6354685237	66632.9646206915	70000.2341645003	70326.4375103408	68483.7753691152	68075.4226962825	68235.051600615	68671.7815804825	68597.1385756586	69284.8457283463	69945.3542929721	69753.2822734654	69847.6260155938	69829.7698751879	70077.3116479559	69129.9202836783	69083.9355414639	69277.6711387959	69276.7793794946	69928.1664158559	68633.109198306	64509.9302291714	64859.6708078849	65243.449552561	64421.9854848433	64555.4796584218	64868.7868321895	64213.0532772789	64513.402679878	65095.6897272062	66136.8850542042	65439.5948957104	64492.2771798328	64314.498356886	64927.4914846128	64663.50990303	64244.8087033164	65567.7523791013	63591.24694808	64316.6018645645	63946.1631961713	65470.1328046292	65822.880887187	65662.3977903176	63582.0286761481	56696.7734273544	56636.9766484455	54095.3277859922	54019.5630219017	58922.4443056968	53888.4623556443	55615.9622356747	61260.8668141456	53656.0914582287	56932.8645704658	60885.9133495115	58286.433291894	60015.5661186268	62039.3158067991	59709.3479170341	57839.4085074049	63475.4501548467	65020.5991793285	65835.5089443965	63175.0459414519	58907.9010372842	61037.3525591597	58269.5350874843	57314.1247250722	58698.7111786803	58654.6538403306	59626.1194737494
nonPR_Jap_3	68643.6012961565	69007.1667451844	69455.5503622566	70456.5242285619	69620.6839367909	69301.5554710464	68817.3163233343	68887.3807284877	68662.2156594645	69290.1918674217	67346.0322522443	70743.9779279888	71090.8425636859	69217.8530814123	68812.7922752203	68966.8977757073	69416.594570916	69338.3265261085	70029.322494249	70699.5513025034	70491.2126870949	70603.4188088542	70589.7785659848	70825.5296392019	69867.1410696838	69840.1625761348	70024.0689203357	70021.3000526555	70688.4449960763	69371.0414726228	65198.2033952744	65551.6110996035	65940.3146620895	65124.5207625573	65256.1336324585	65557.94195343	64896.2688441026	65204.8092861425	65803.5036839798	66863.9746152899	66139.1339006828	65187.3193946912	65009.0350265353	65618.9239918974	65368.3474171657	64943.0483701248	66265.9230233546	64281.9687216213	65014.3915628488	64626.1030777747	66170.2965784074	66524.0896394222	66356.8666427152	64269.2257932713	57277.6865550607	57306.8518862368	54679.3670974546	54565.8788377131	59526.0866578645	54463.7355727287	56165.5397340169	62004.5692414559	54225.57737925	57564.08997936	61550.8387200524	58970.5023669927	60689.9242873959	62761.314256083	60386.0091978362	58490.4967138724	64253.4934210714	65722.0608440022	66635.2244371316	63914.4605721208	59558.451396557	61693.0347371971	58879.3278651688	57948.9430837342	59423.6844273986	59321.4025309745	60304.1905900633
nonPR_Jap_4	68959.0726071374	69333.6481697861	69782.3582227732	70805.4997625459	69943.7876290316	69636.7382955717	69140.558284774	69223.0345349642	68987.4394998775	69622.7036488831	67658.7286905959	71090.2359161476	71449.5137637467	69548.09038894	69161.3787695155	69299.8752828235	69758.7344407303	69691.5216009476	70373.6167485937	71063.3318350467	70862.4260832032	70951.1235265996	70936.465603856	71187.5621106671	70213.3735826027	70180.5504256571	70382.1310501402	70378.4315416914	71049.1095414148	69723.5711993781	65523.7538070378	65862.1760070033	66266.9105345263	65430.7673831006	65562.6048805373	65874.9653064885	65208.7608371085	65521.5048749507	66117.2056289465	67186.3605934888	66466.2894400145	65503.4902549275	65309.1209864633	65940.2054678114	65675.0968802285	65255.7642909582	66591.8987121787	64583.8367681375	65324.4469570097	64946.3126644875	66488.6985173534	66857.8473516289	66674.5304794823	64582.3631274847	57551.8956205423	57589.0603069673	54931.3728942907	54842.0212906756	59803.4507270076	54741.1827544751	56466.7907921154	62240.6530618004	54461.034365478	57813.7032535671	61798.6835898047	59228.261900908	60913.8928375065	62933.2262592863	60612.4059473372	58704.5737530581	64474.2168589755	65983.8961593749	66870.1871689187	64133.989517229	59795.5546432236	62038.2365562915	59122.9156383286	58133.6720420439	59599.5907830748	59558.6327968792	60560.7540905138
nonPR_Jap_5	68526.6191953444	68896.9978877621	69330.1102113071	70357.5592079868	69512.6566211345	69185.5453935333	68691.2825314356	68773.6896777192	68541.8363473842	69172.3946263052	67231.0330058759	70630.1847911092	70967.3537229068	69097.9163392108	68696.6101577509	68854.4551040341	69300.0447016082	69221.0219985319	69913.9476972432	70612.0700062542	70417.7247604669	70512.0855041908	70496.8298317789	70739.8940270603	69795.0484280596	69745.5855030892	69940.7675950305	69936.4281294792	70588.2087832674	69294.0931470126	65081.6405069259	65427.1082476282	65820.6500094687	64987.4222961123	65119.6947131884	65431.7073638414	64772.168588844	65081.8827001677	65665.2595885849	66717.9057821766	66009.9241159849	65064.804128316	64877.4631532021	65483.6475976861	65237.3509874778	64821.6148650122	66140.0250007369	64158.678346439	64887.3843841815	64499.8929651717	66043.8475964307	66413.9242975397	66230.9229971786	64138.2139815883	57190.0754888924	57066.0705040883	54530.3032889065	54438.0943074824	59400.9941144073	54330.8061353983	56058.6280282928	61735.0573355502	54024.723515887	57416.690140979	61436.7048105862	58849.9204303396	60518.9453375503	62552.4076821106	60192.995046824	58308.9238216564	64022.5574711094	65549.6668548389	66403.2572211335	63698.9268905618	59353.808681352	61564.6881234167	58743.036024188	57712.1397226622	59208.2393467578	59132.5881094911	60123.5958974227
nonPR_Sim_1	63105.8994371996	63442.0442016123	63907.8272987582	64788.6441367777	64069.5707137373	63787.5280165606	63329.3635316311	63420.1390841372	63177.7285734574	63747.5845869053	61991.2788249361	65129.0160214834	65442.9828437223	63699.345358552	63392.3161202242	63450.6016918382	63879.4934430951	63851.826666468	64440.399197638	64899.2470123389	64678.1284453854	64792.8718480393	64772.6797248248	64973.4991213645	64138.9825181507	64033.4065520535	64212.3107835728	64225.4138949795	64846.5309140474	63577.1511185406	60199.4953502121	60517.4347170555	60906.06942632	60110.4552577065	60239.7226401047	60568.0869716543	59885.0477645912	60218.5339541874	60717.5543379953	61718.9159045184	61067.1248539765	60212.3823362142	60022.271070586	60645.7303852791	60365.8997452312	59941.9720802545	61190.202401393	59371.1453351528	59984.104612619	59684.5964450544	61160.4864144923	61362.1726553254	61304.4777805647	59299.110926949	52593.6660547345	52787.162175299	50136.8863911763	50433.9808662819	54672.0524040363	50347.7629694928	51721.633057839	57399.8816332962	49828.4035000982	53049.3818022595	56485.8023529393	54112.3136921736	55652.9458728763	57725.9800426706	55902.6488850872	53836.9316852716	59287.6063640141	60430.9637636077	61096.2908284099	58933.8714184198	55163.969294505	56828.6154703255	54442.9674416215	53312.6022086468	54619.0643775459	54626.5605153463	55363.364189692
nonPR_Sim_2	63582.6281009568	63933.863308161	64379.8998502469	65264.0991995155	64553.5612718284	64261.3456291646	63798.4051743545	63889.1764820642	63644.693050417	64220.2057309401	62455.1455595553	65618.6310943047	65928.2942294597	64179.4548128896	63857.2776440962	63926.3304853432	64362.1011529599	64325.4455770157	64911.5098229014	65375.7872257353	65158.4972931293	65264.8159541512	65242.4563860568	65461.8202783157	64593.0740543868	64505.3264473067	64685.1622862199	64702.8148393709	65329.3085599544	64038.0838102869	60563.5469511687	60890.8004576772	61269.0570148199	60494.0597731914	60629.8550093663	60942.2078883023	60274.1446213925	60591.8747361487	61102.4363466404	62102.0435802081	61448.1383092834	60586.2166053997	60391.4962276168	61036.8119501247	60730.094514085	60321.4278832991	61562.0695992994	59736.7961628252	60353.0352357657	60069.8079459037	61532.7705511629	61752.402593459	61670.3499914298	59668.5826675061	53109.5732968433	53217.5804501209	50629.7990294364	50894.7963026305	55113.0192264472	50837.4631066848	52250.5343525353	57854.8993592135	50296.8940896914	53511.9077869327	56976.8148639722	54514.2694530359	56145.3325377601	58179.3322708543	56328.6929743806	54335.352903522	59753.0010048256	60931.8400987555	61619.7771473832	59421.6933821231	55633.095246525	57319.2040358977	54934.2542869997	53800.7601583579	55100.7828864428	55115.8887320893	55819.9819087537
nonPR_Sim_3	63372.9308228837	63700.7605094739	64181.8564741151	65060.0525783668	64328.8281411191	64063.919873682	63606.9494319389	63690.9540346133	63449.9741746981	64025.7272742807	62254.3721399032	65410.8248022255	65730.9515933542	63976.4963896759	63672.0829395592	63728.5641483504	64158.1514211125	64135.3771960797	64721.3511420337	65197.6704275918	64963.0165946545	65084.5473668729	65057.4664514516	65256.526533331	64415.6838436382	64303.5296085118	64478.640329611	64497.2855254083	65136.4284443265	63836.2171203491	60488.9964344802	60805.3679942078	61199.6852626282	60398.0444960861	60531.2441578907	60858.1727344333	60168.1016449616	60508.8070594955	61008.2974579185	62014.6010315556	61368.1164559922	60501.3416331631	60303.9722594053	60943.3657456038	60652.6690040005	60225.1322117291	61483.1957342952	59653.2165722086	60272.5588205794	59976.2205425878	61458.1830394594	61652.3249763732	61594.7313443061	59576.9800605615	52822.8404188045	53074.8851565109	50362.7172686533	50658.2849875636	54870.7303134484	50549.695390798	51923.8203954212	57632.8895903924	50014.5972052367	53267.1268244373	56673.7105840868	54343.8017704063	55889.4910357859	57987.481526612	56186.7705333981	54055.1779482251	59610.9431430793	60714.8772466891	61362.7543859388	59216.6398849191	55418.3920675772	57089.8318481913	54676.4947602781	53537.135070994	54845.4970253448	54835.0946153764	55571.2366295521
PR_Sim_1	61818.6772389866	62157.6337095448	62602.5652027393	63470.0455560596	62758.8950921768	62480.1931717817	62032.7350211751	62108.6664226504	61888.2815974534	62439.5845977535	60708.0145375517	63798.5010295192	64092.989644836	62403.4744407506	62090.5804573669	62159.5176022873	62596.9941504427	62542.0937403899	63122.1291270029	63577.77707055	63366.4526463119	63484.754677839	63437.9119696376	63674.04212132	62812.362102373	62736.7617518864	62920.9275468473	62940.6070938429	63539.0193247427	62290.0420848592	58909.2479475991	59214.8550597854	59589.2602650691	58823.9483740289	58954.9340992683	59269.7494615757	58622.6253091879	58933.2562089564	59434.6860537908	60394.694288586	59770.7426218814	58916.0435000452	58741.6990729067	59366.5622801658	59060.2821503749	58663.7223124817	59875.1027664418	58093.8549677524	58692.9060075985	58415.1572487256	59846.489673876	60037.7171607942	59985.3305575986	58039.8250189372	51553.7728561505	51721.587883313	49160.9157358101	49436.0114055272	53582.6711951462	49430.7032078189	50754.2035301997	56228.3568248368	48906.9926203764	51994.1085927783	55353.7584348293	53004.0318996414	54584.0777503382	56594.1888752281	54760.9967527168	52792.5225112675	58106.2231590231	59181.879241331	59875.6302860037	57759.5952277377	54034.3816756213	55661.6205970023	53338.099077581	52259.7184889422	53583.2293447101	53546.4785593056	54230.2979112055
PR_Sim_2	62174.1843591311	62507.4289428703	62966.1280924485	63826.4933229099	63125.247811232	62827.4576123684	62386.6102817919	62461.5338009823	62233.4247767004	62801.1696863076	61061.2639439994	64170.8423870414	64450.8201407966	62759.3972695404	62437.059605708	62519.1717529336	62951.8716334159	62891.1972237889	63470.139598665	63894.3960136476	63688.8899417807	63809.8774602793	63756.4949388713	64001.692285263	63142.9893951497	63067.4649490704	63247.5774000361	63266.3108312485	63867.8299102046	62607.6605968702	59241.7110477537	59551.7266524345	59930.5082051487	59160.866731122	59292.0930778222	59607.8562353773	58971.8925298761	59265.0028105447	59772.2044615724	60722.0011780098	60111.3036652386	59242.8001463427	59074.3542722687	59710.0502709799	59390.1997870757	59002.4023052297	60205.6666611195	58418.097614164	59031.3691013311	58743.7630493126	60180.3079564419	60384.5646380145	60333.7142623957	58372.8218720112	51913.2911769747	52125.5216137125	49543.9919574835	49827.5395808288	53993.4684478754	49835.2963730767	51151.16620193	56547.8400556223	49268.6914219939	52348.0156093108	55741.4720587193	53348.6328512272	54945.9522532322	56937.4329867252	55098.6428262648	53174.3991172551	58446.803669162	59575.5524896749	60253.3287447387	58100.6215793859	54386.8893883678	56080.9714082921	53721.6370356238	52656.9742521176	53940.8558171818	53958.6909678823	54639.8323818156
PR_Sim_3	62779.7759165797	63121.2321209916	63579.2339451191	64457.6213291594	63746.2566051794	63453.1926332067	62998.2392241039	63087.9603732653	62847.7422897322	63419.6468170011	61652.9312735622	64809.5715836688	65102.2482080671	63375.7784041299	63071.7284404134	63136.0404751484	63571.9506838276	63523.3964357668	64109.0766116868	64552.3679526999	64338.8282153864	64453.7422569509	64408.1546867794	64644.8650858224	63783.5240745087	63690.5971764785	63881.9213765811	63898.3628089366	64511.1118218488	63240.0188968888	59830.0778788515	60138.7932343526	60535.8868353291	59741.0253311922	59866.8869284902	60195.0417126814	59534.5048872214	59845.3273083041	60354.1281903162	61332.5072383103	60702.6788499455	59835.9081655037	59651.8764045374	60291.0980001523	59978.9691214716	59579.7861767147	60805.6204485951	58999.0705928949	59614.847292111	59322.2904503758	60783.1351172549	60978.0232807139	60926.5464587593	58944.2134844378	52373.4594579513	52569.6878910134	49924.3465318355	50233.7992069369	54438.0811615255	50217.8721000736	51554.9529872402	57066.5048220296	49657.0266565017	52787.6630419851	56207.1105957199	53857.7268447825	55427.9523185144	57423.1036939685	55615.1491259696	53597.6142986585	59015.0398454792	60137.5284561875	60829.4664127964	58619.834499011	54888.9724892844	56600.1295907816	54202.0071294534	53079.4393044675	54400.5099237337	54393.2912119051	55095.4147370627
PR_Cont_1	61880.0972020816	62206.0812550622	62656.9300130393	63496.3664208438	62798.4756217233	62518.4424054077	62072.888254158	62156.1359179732	61930.8774674465	62485.993390617	60761.6093578314	63839.201646325	64130.9669995055	62445.3247413306	62117.6118509443	62200.7981026201	62625.2697408929	62572.8771289618	63159.7685807326	63621.6982296127	63395.6413132406	63517.7495587581	63476.8953871653	63703.6916850888	62867.8620115787	62777.2530543693	62945.6349025692	62971.6862734705	63573.345890477	62318.5413785758	58958.0756920576	59270.1432564211	59634.9729154356	58883.660607751	59017.1949301289	59324.8195276164	58679.2795770995	58990.5676239239	59470.3501885491	60429.2128187768	59809.1494615002	58965.3267503155	58790.3018339529	59411.9785923497	59117.3884923075	58721.6290151816	59928.7457653139	58155.9974311243	58755.2909320818	58476.6146895559	59887.4576451834	60094.2557820733	60031.0250470939	58085.8392198741	51588.6878321329	51716.4982849106	49188.9315208003	49481.1530945005	53573.7957388603	49425.6171985739	50759.3719360325	56193.7587562417	48896.4792887297	52016.366434163	55387.3162919863	52990.7437956555	54628.3381449434	56630.3137689924	54798.0944599054	52878.6539333579	58118.2653872087	59250.1530124596	59878.1686086094	57816.2909731038	54081.8904513468	55672.8375408838	53343.2147025493	52310.7479085147	53617.8236646523	53512.3076997068	54252.3910215637
PR_Cont_2	63073.8516792317	63407.2889589303	63875.081012197	64765.228654679	64045.4454623889	63749.3028929633	63291.4770862647	63382.0406746588	63141.197065435	63718.5090738395	61944.5064846704	65116.6592228369	65412.6566467773	63667.119974333	63364.2878970336	63429.0555638753	63869.0350380414	63826.4478517039	64415.453580833	64882.3816620099	64657.5394308153	64775.9953394293	64733.2000687821	64967.9239437035	64106.380833508	64006.0056264455	64199.4978711929	64213.9145777681	64829.8574349796	63554.6622858125	60106.1784562733	60411.9825366917	60804.822238243	60010.8895989643	60140.9867759316	60471.4109709988	59798.666985682	60123.4985037485	60627.1883878487	61613.3300324286	60971.5767969919	60113.254942042	59925.5758337049	60567.0841480964	60262.5289474112	59850.614651874	61083.071851372	59266.5967903976	59884.8852322364	59601.2204738332	61058.2921918104	61251.7916020893	61205.1575932402	59208.7526932812	52582.3599629382	52790.2584915121	50146.3846393309	50447.9696379041	54640.8034642521	50432.9052319686	51780.5463105456	57388.0038146995	49866.3261761347	53020.787038381	56428.3554051189	54053.0656168572	55639.5297123242	57705.4032635616	55851.9301389073	53868.9484736665	59291.182007804	60427.8373101038	61127.2258783179	58897.3788997966	55093.9468844012	56846.3622042981	54427.9314434284	53331.7652970395	54659.0314920965	54624.4770396577	55342.9450523181
PR_Cont_3	63088.827004882	63426.004606483	63895.2532801534	64765.919483293	64040.6662722445	63767.2077114805	63318.5018495384	63396.3731956386	63161.5795687974	63731.8821491662	61961.6315758876	65107.8298775007	65414.0227256037	63693.8929627769	63382.1780724698	63445.5148500124	63886.2758448638	63832.7363452339	64430.9894832993	64866.1403067643	64631.7902765546	64767.2757134795	64724.4961802992	64945.2158531931	64078.1912783826	63986.4871810994	64176.0778473052	64191.4501467984	64819.0140744627	63539.388691006	60136.5453012962	60457.2237053721	60843.1931878279	60057.7236944468	60190.296818926	60514.0211966359	59845.1352845726	60172.8150529484	60672.0891695768	61667.1216469393	61029.8098925843	60164.8255455031	59975.3022055339	60611.0478970438	60301.6303746107	59894.65919263	61129.9374046738	59315.6481311329	59933.8482075561	59619.7398427346	61106.3193882455	61300.422781342	61257.7766386399	59247.1122090226	52561.5621624128	52818.053700427	50159.0515531026	50434.1480990855	54648.6735958675	50366.4569351147	51751.7990959739	57404.6535649877	49883.9797370499	52993.163434983	56480.3026658668	54112.3272109991	55685.8118358354	57717.2689043668	55904.8991848033	53837.2881277278	59285.1153024594	60379.8843135501	61084.1439611007	58918.7984702741	55164.4030611836	56830.1412458903	54404.7871492415	53335.0147165141	54675.8045657672	54598.4233777567	55342.8833657633
PR_Cont_4	64108.9719955262	64450.5357639869	64921.0843810547	65830.3879360151	65097.7409397082	64808.068306643	64339.3383363687	64424.4080275728	64182.3522181302	64763.2161303255	62970.1614912952	66181.7043856435	66492.4527417364	64718.9885456352	64414.9066301941	64470.5575206289	64919.2317904776	64878.8834234041	65468.3571121203	65933.4506062424	65707.7981570433	65832.4536806962	65786.0139532172	66017.2369168115	65134.247531215	65044.0780099104	65229.5923903691	65249.4468330379	65879.7621166528	64574.3087848343	61139.457863184	61455.2630724922	61861.7309930807	61044.6460069164	61181.7065894304	61517.3920780138	60832.8137362131	61158.8081842776	61677.4612087753	62685.9350884655	62029.8939664061	61149.5030708539	60960.0852815668	61615.3376189632	61299.2905366696	60875.0243385014	62138.5707088995	60292.7844921775	60917.094214889	60627.1677561949	62119.1002634449	62315.6090184495	62261.522063922	60226.6476695229	53508.6036895985	53750.7696024601	50983.0159814118	51300.8990934821	55587.7628545603	51285.1127003341	52639.0521148543	58383.7409302971	50707.0569971297	53981.1203420859	57402.5281926142	55001.479851871	56589.7730571211	58738.8002264926	56869.9999068515	54764.8633548397	60344.1592459578	61459.171141581	62139.9414289386	59904.3337997897	56116.0372403964	57776.3271725353	55386.7695862349	54231.1451296732	55601.3477818033	55575.9145554249	56276.3990144863
PR_Cont_5	64198.5175363117	64544.8882290049	65017.6697709688	65903.5742338173	65166.9896559796	64895.8934952305	64427.9586954713	64526.7227151545	64279.2483160163	64858.0323257312	63072.7952163555	66263.1462610638	66579.5828560106	64808.9693438774	64505.3877566025	64565.2277423075	65010.2075279983	64979.7205154304	65562.6393510344	66003.646938494	65768.8821853102	65892.7786936428	65848.3037376152	66079.1668749927	65198.8370914896	65099.6643901742	65296.7247427969	65314.2736286487	65944.256978927	64637.1064333141	61223.3011565124	61532.5450715597	61937.2150146579	61134.6053654572	61271.3490436843	61597.9528690541	60925.2895048459	61240.082727207	61758.5367882101	62766.6422910454	62119.1739199817	61235.2317128765	61035.0361254038	61695.9306836441	61380.9804234476	60969.5159627493	62224.8168960588	60377.6201522096	61003.9211756418	60712.8834407098	62202.9631274124	62394.0785991692	62335.4556299779	60310.1816853779	53521.447733589	53790.9123484691	51063.8434613402	51387.653489729	55640.8515916605	51377.7543303848	52734.6366680377	58435.2663980836	50815.8139204267	53977.9727455859	57439.9987036371	55056.601371927	56636.7388307672	58704.2376325393	56857.1919548653	54794.8830895381	60331.9055867641	61449.2093102626	62142.1013872139	59921.7685335323	56140.8211629958	57853.5527062686	55437.9290778435	54275.6857664807	55623.8548724806	55597.1579020445	56344.8219100459
PR_Cont_6	63181.7092289955	63511.1665766142	63994.7018383129	64858.5058620405	64143.2328433496	63863.9736537432	63414.4091428697	63499.4084594892	63250.1707913319	63835.2729827188	62073.4267553782	65212.8855109031	65518.0356704394	63777.4032478847	63467.8895669634	63525.7914286828	63959.1087505187	63933.2462778951	64511.6868079326	64949.2730570427	64736.1404422446	64862.8095602451	64838.1665145255	65037.3865487992	64194.4689008654	64107.755477521	64285.6542704267	64288.127043636	64917.8014594612	63640.6522487777	60260.8586805289	60581.1700197236	60967.0735029188	60177.3905749161	60308.6590850851	60638.3170072728	59970.2856029293	60280.9214193229	60789.2296377521	61793.0593740342	61143.4993468728	60266.9822476645	60093.9028019315	60720.9860978741	60426.83390939	60011.2652208208	61246.7214032703	59436.355787822	60041.5155140001	59751.9949550858	61223.7335417542	61428.5937593622	61383.4314001507	59362.4985272127	52735.2462986119	52973.1939414408	50245.1692468545	50553.9216390357	54806.4388642036	50533.8757528638	51882.3743722803	57526.761135008	50000.6752542702	53142.9076725959	56602.5800041137	54176.8008577806	55787.4543090963	57888.6952738526	56027.9277552711	53977.9479029667	59431.0727179158	60554.8561954768	61225.0819674391	59116.3263950612	55287.3854480767	56890.127064234	54607.3929633932	53469.6807619906	54793.0547593377	54814.9591555174	55521.2790109912
nonPR_Cont_1	62501.4835978124	62838.5318427403	63294.7445513949	64157.0598031488	63450.7749604477	63159.8554596057	62714.7249830691	62795.9258478721	62562.2613847498	63129.8173713389	61392.215989719	64499.0648496342	64786.8695921961	63084.9207561064	62765.80100597	62834.1646605567	63266.6247788859	63222.2756028901	63801.9933574958	64246.9184353831	64033.2648663774	64146.4109256687	64113.2637277049	64335.8087641272	63489.8886581169	63403.1661809413	63581.5445674736	63601.0963272977	64209.1085764926	62943.3622137004	59549.9856302999	59864.8569485623	60240.3747077328	59476.8162342141	59599.9322406661	59916.8371068039	59265.8567896445	59574.9897778837	60086.332411921	61050.0898335671	60418.756466316	59571.9357310208	59388.0291340524	60013.7434596827	59713.9367001715	59309.7476726398	60531.1486312692	58740.4142811822	59338.4650292289	59047.7629937963	60501.3241939549	60699.2152230662	60641.9954739407	58673.2163467882	52150.9261494504	52378.8812246564	49751.0583927704	50017.2054359893	54202.788725767	49990.3879284455	51377.4770646065	56843.8974913309	49469.1669510551	52597.1340014094	56005.0533104363	53610.2594702342	55186.9549763644	57221.5210470182	55389.4553049664	53393.9155725814	58757.6360417363	59871.9960279565	60560.8758242845	58422.0588058394	54667.6581434028	56309.1627455713	53969.0291063418	52896.7382066078	54193.0210653124	54176.3898063829	54854.7208674469
nonPR_Cont_2	63364.6837714217	63716.7387308806	64190.6609280627	65049.1111634131	64345.9421521628	64064.9214145361	63609.306485611	63699.1167634428	63454.8790640014	64025.90687371	62261.4815227441	65410.0134842082	65737.0166214263	63974.2490363717	63678.9999549857	63738.7547417336	64176.6271392715	64143.3884356902	64728.1320750639	65199.8751544861	64965.2911779719	65097.1869767452	65056.338896463	65265.9133706349	64407.0701487928	64305.1577436581	64497.0429086276	64503.2354035427	65140.6914271734	63842.2076597153	60454.4849606086	60773.9385225831	61162.2507803354	60371.5286949739	60500.3637166212	60822.4913212465	60142.0551916152	60481.9375003265	60984.7426024492	61976.3672721263	61355.4775431357	60467.0792901511	60270.3737192883	60935.2058834535	60613.9396510612	60195.7880113507	61441.0060065193	59609.1052042423	60248.1937953887	59944.4805381036	61422.9509907365	61613.6167968322	61559.5483853806	59544.348833826	52854.3708783055	53118.5022737606	50409.2651543553	50681.5475344126	54879.7307302357	50663.2653404627	51958.4685071072	57674.3109765865	50102.8445052019	53243.8499324227	56748.9216189514	54330.1142327116	55847.5024777993	58007.054149968	56184.5910866183	54109.0310105742	59587.7622412172	60739.06503416	61387.8719986968	59231.7323912788	55431.5607078578	57105.1342932219	54704.4067952976	53581.8504335171	54899.0593002116	54850.5806723276	55636.7743606307
nonPR_Cont_3	62275.8803047247	62618.8006950506	63068.8425542383	63954.8321752489	63228.5620586521	62951.1227772137	62498.8116274637	62581.7839345939	62348.9754249202	62913.3211211956	61174.3962610244	64276.5923796566	64573.2291227739	62869.4159342137	62551.2194727569	62618.6817132793	63053.9743321772	63005.7010513221	63593.0007532189	64061.1079092792	63857.9332869787	63954.2962424678	63929.5598471112	64155.1431111386	63302.6623796595	63221.6623742339	63396.1383677861	63420.4162458604	64019.2129774814	62770.6398264776	59377.5182255654	59685.1595886097	60070.1571286311	59286.0093892166	59412.0241862153	59732.1257318021	59068.1150520828	59390.2897220046	59892.2744035423	60869.8512554587	60230.5786053916	59379.1459574628	59196.7701757843	59814.8089611724	59522.1101691153	59117.9154525686	60353.2005847053	58551.0784968599	59160.2121058565	58882.7197473022	60314.1257278528	60517.0868775151	60449.1213951255	58496.3053926624	51932.7302640558	52094.9443114034	49545.4977161108	49805.4078144774	53989.9786865272	49742.5035938776	51149.0707129249	56603.3325006901	49243.7812067817	52387.938842343	55758.8837402173	53374.2779093638	55000.6701443166	57000.0567814212	55147.5497280029	53187.1598674782	58513.6045602594	59629.0529174305	60342.5164258769	58181.4154657031	54416.387909751	56099.9542325819	53747.398072514	52651.3625900382	53921.5423259134	53942.9400122676	54633.1573152175
nonPR_Cont_4	62004.9228343076	62343.1050184513	62792.115690018	63665.453783137	62978.1822706989	62671.2272134915	62224.3055609386	62303.8920620242	62077.206502312	62634.8428930902	60909.2755526376	64007.3311861957	64304.5849169867	62592.5384484624	62290.5948064466	62347.4915066657	62770.891071105	62739.9681861345	63308.229133985	63762.030282369	63548.636917058	63662.3353520022	63626.7249307821	63844.8771416288	63002.5178515789	62922.3216397202	63099.7882025349	63107.5324280592	63722.6370624113	62451.3760984358	59132.0959850767	59440.0786727296	59816.2261758839	59049.0489905922	59177.1373142719	59497.0611959351	58843.2092600032	59155.6614965776	59644.5254840458	60611.2477053519	59988.5759212391	59148.1492363069	58957.8452123226	59597.2040717114	59285.6367147414	58879.9520502677	60105.0501634593	58318.0901166499	58905.6364714782	58631.8376718377	60083.070622054	60268.697071699	60222.1122200992	58255.3225805221	51757.3631637463	52009.0573229519	49346.0705478495	49695.5712628049	53801.1006764901	49670.4828243976	50963.4070044482	56481.1157822891	49101.2774837819	52214.0880583474	55522.0802373426	53208.065597136	54717.1477360749	56789.5862407287	54988.373390115	52988.0991897469	58348.2525766497	59406.1598969277	60105.0868247216	57939.3652757561	54302.3066102107	55930.2050270391	53581.2177994476	52467.2475597785	53774.9762893491	53772.5491557056	54454.1097125007
nonPR_Cont_5	62801.0689705208	63136.1120358145	63603.7081587879	64475.4246868607	63756.8153672344	63471.3739841697	63026.0647313611	63111.9609569035	62866.6347561024	63443.4779925476	61687.5303882963	64810.4226299282	65123.5124962427	63396.6824685062	63078.6869624293	63144.7739727563	63572.6509162832	63537.7054509297	64117.7149329203	64571.3636058675	64370.2826066004	64468.0663027856	64452.4466717264	64661.2394631354	63812.537768872	63734.9265607311	63910.7218211402	63924.551521535	64535.7579106766	63273.0125276678	59838.8277096018	60160.9577432065	60535.5501963597	59759.5117792733	59894.0695757883	60211.5599688959	59550.6263136614	59860.1835934561	60380.9305128808	61355.2403062035	60714.1261413911	59848.3808442609	59667.8112159948	60303.7642886513	60003.5031659238	59588.5445300795	60819.007164533	59015.7743154282	59625.5219474136	59335.8810621065	60788.615852187	61005.8541641333	60937.5692770866	58955.9399526365	52434.8424348857	52610.6534134738	49989.7365827819	50242.1639526575	54468.9837003589	50189.2518105875	51550.9756236714	57101.1435380264	49635.3715540237	52832.1231645727	56280.6546293977	53848.6453241153	55480.6754239211	57477.80204521	55631.348376432	53588.5974377812	59030.1339008378	60190.8065765519	60853.1251836304	58707.5505663583	54941.0624489105	56647.030121019	54260.4924525271	53062.928148055	54354.507739722	54457.0076267714	55167.5316252342
nonPR_Cont_6	61473.3239007034	61807.2174276296	62250.8202546936	63129.4480950949	62443.4765860503	62123.9155101045	61678.2777345281	61758.6674259436	61527.2984209039	62089.9534912328	60375.8932768027	63443.9801477949	63728.7519248999	62048.8837901884	61732.4703627362	61804.4319292008	62223.7270574812	62180.0698083903	62751.3998193408	63181.4710800774	62986.6300026921	63083.5763915656	63064.4530645989	63281.0173904627	62453.4342868653	62378.1202675856	62543.4958168481	62560.8842168772	63164.3639178491	61922.8733982552	58595.5674468216	58903.977615903	59275.9859707307	58512.6721978007	58634.4408856434	58952.3431149986	58301.5817576795	58610.819385485	59105.8377771468	60069.0423219275	59436.2552715366	58594.0308511599	58423.2022264403	59036.4786820957	58742.2412532685	58347.006776593	59559.0707911856	57789.872613176	58379.0508545357	58097.2844428456	59520.2235729708	59732.9965621727	59661.7969644942	57728.8384324648	51312.7107099917	51471.4442566634	48923.9333330841	49208.9304352333	53353.6671638414	49155.2604907855	50529.925982524	55902.841466179	48619.8696296181	51730.4687820986	55009.3454592702	52736.0134046422	54337.8485199966	56280.9867270916	54490.3473698841	52524.1106486947	57834.6476009183	58915.8872260785	59573.7927911824	57481.9095965992	53799.3843737302	55416.6308046194	53055.0356067966	52010.6556490683	53293.3371707017	53282.8409668005	53952.3364253711
nonPR_Sim2_1	63286.7351848342	63617.7473055897	64070.6637935867	64988.8982394621	64304.0679305186	63950.4005387852	63499.7000935903	63585.3442858702	63340.7584931034	63919.244394442	62136.7109094964	65324.8209623703	65622.1951566274	63870.8235609181	63565.2072661582	63640.1178212587	64070.9696575062	64024.5037923811	64610.5060975873	65080.6342587947	64869.2653916248	64990.4610648629	64944.7666593148	65174.5928872056	64303.9706180178	64197.6724346002	64392.7135477695	64417.0728108134	65034.2792568967	63738.8174600193	60328.263121438	60635.2471927712	61045.9656202223	60238.3988122411	60370.5423213197	60700.343416358	60032.0242448235	60333.4063934009	60846.6617460656	61848.4971699474	61201.9563448483	60326.376037932	60139.4505741124	60760.2201788584	60483.1420418186	60076.771164557	61317.8023819106	59480.3050290604	60116.5929982401	59819.4473230538	61286.9941491282	61498.9186584924	61434.958666663	59443.5489595149	52717.3775068925	52921.039048073	50224.4837285936	50598.448794261	54836.070895434	50494.3867544207	51818.6891173254	57541.9071523015	49947.2377842533	53150.7064791646	56572.450760339	54231.6002013953	55888.1648944148	57759.5461272141	56006.2839430261	53935.7846137952	59419.682343274	60545.0110166138	61301.4547803768	59052.172194776	55269.395692316	57078.5397690998	54544.8144543007	53439.5271527988	54745.0375341897	54821.8381715218	55440.9857175951
nonPR_Sim2_2	61139.4932107454	61467.0952870695	61920.8633348378	62771.6190766251	62074.5291376437	61786.8880505789	61349.292006794	61429.6264901788	61208.5677453904	61753.5938809789	60057.6965204858	63091.0648555615	63383.0858345657	61714.2277026227	61401.2767260954	61472.0353609945	61899.6698065938	61847.1801874914	62423.7285043401	62842.723575357	62637.8076723695	62753.6562478195	62721.5152613551	62939.3876279253	62119.8138772944	62037.2762025031	62204.5993724355	62222.2161320005	62817.5735520608	61582.5378433972	58299.2167152464	58610.3408502876	58971.5698978884	58222.3715294025	58357.6219600611	58669.3252755941	58021.0480199317	58328.612081545	58821.4525460566	59769.4717873553	59158.2508075543	58315.2261081307	58138.547056582	58762.5661357058	58462.6460315887	58062.5181085472	59261.9295940545	57504.5502698525	58096.3639221634	57814.8058118967	59229.7015011247	59418.5809246861	59367.6842093213	57442.0227311736	51036.2665612355	51198.5774095165	48705.9588755814	48956.2189812163	53024.8817891971	48932.0144017638	50219.4521349124	55703.8820505181	48398.0337006996	51495.6773448758	54806.3173558844	52489.3970026444	54025.496679917	55984.5512986374	54265.243093122	52248.4485420135	57521.9701770003	58568.2664608174	59229.6532145728	57225.123555956	53532.4813476433	55112.2390847555	52820.8324257287	51746.9645284765	53022.0729520338	53044.8805369501	53708.1577886823
nonPR_Sim2_3	63690.2759531125	64030.6735173591	64492.9049025309	65399.815075355	64683.5288924308	64374.3642963054	63913.7773841383	63998.6976244715	63763.7374688075	64333.8091647776	62549.2594881425	65743.6546760144	66049.3856783845	64298.3985407376	63980.3227632789	64046.4068684485	64476.6349690517	64436.5212192661	65037.136336895	65474.2424528036	65267.9226157756	65371.0603144371	65333.3987869049	65563.3580143511	64687.0643543093	64590.7542024345	64790.2854026681	64813.9379117489	65436.7656577378	64138.4557831405	60733.0425127993	61047.2125497412	61443.8720585778	60643.4200524116	60773.8896943316	61106.6637523482	60417.6066830475	60746.9536749683	61266.3716080466	62262.9438284568	61611.6271872822	60742.171294175	60548.7108813937	61197.742189377	60879.6044693363	60459.8308321256	61728.0604867964	59892.2912189733	60516.7019730643	60227.1608493648	61707.7304521478	61902.8207949718	61848.2513020411	59832.7410604362	53139.0400481524	53361.1943459012	50612.6326503266	50974.5318470837	55206.9864270953	50915.4593160189	52292.9713666037	57988.1351720971	50367.674673088	53594.1643141903	57012.7478704612	54608.9523923924	56199.6932502974	58238.57695919	56450.5337294103	54393.2774000914	59841.8043629671	60988.1582885933	61663.4178534259	59439.3559466561	55718.0693428306	57422.3945053256	54972.3613379267	53898.3815837466	55147.116412493	55156.5563673817	55905.037852761
PR_Sim2_1	63983.5062087883	64331.3336401254	64744.2838673533	65702.6096957004	64986.2746471996	64644.4639803822	64162.5879704185	64257.0197899806	64020.1950076951	64597.7077429162	62770.0718081484	66036.1420213674	66326.4546759623	64567.0850036341	64255.913972209	64346.0580400966	64776.6427043664	64715.7370958168	65316.275463769	65841.5598728403	65622.9507162621	65746.8239873643	65659.9271102404	65939.1872248553	65042.6037324235	64892.3516798976	65114.6333281564	65152.8344313354	65761.298026339	64459.8698709294	60904.7280058407	61207.82121476	61638.3141274447	60797.6304237521	60934.175665102	61263.4292029825	60611.9878959876	60901.1046981033	61398.373891656	62412.0241156502	61767.740816424	60883.1591507899	60696.3121647846	61304.4037768915	61036.1540593352	60659.1560881458	61902.2206822971	60035.0223203782	60695.2396395514	60369.7046603125	61880.0442298536	62123.1580607199	62025.8361859739	60012.0941159883	53153.1651338983	53281.5343001419	50657.5882987148	50996.4959998771	55401.6577219649	50917.9385674123	52303.8182271633	57877.0119081694	50306.6685881878	53560.8653929438	57138.6363901796	54808.2468244811	56400.9614661131	58257.8959377523	56405.2887977119	54350.8962041714	59894.8369736413	61073.357265559	61863.4934658793	59414.8631833276	55666.7799787326	57655.4642319483	55013.5593867307	53754.8254256487	55163.9450358442	55242.3293290897	55882.541281827
PR_Sim2_2	64017.2288962568	64358.4144050336	64829.6270785254	65740.3573120176	65010.1694369496	64721.492250451	64250.0830690825	64342.0769185607	64090.4567435603	64679.5029946338	62869.7876340872	66082.6798770557	66390.4455556832	64622.3107225271	64328.7580229637	64377.0939718236	64822.2255899678	64789.5901849241	65379.7670391409	65850.9545251999	65624.5176177958	65756.6374492218	65711.8612938895	65931.9459201679	65057.0995704747	64929.3097143666	65140.3919957653	65149.5795083071	65789.8252956659	64489.3395404215	61064.0229505478	61376.1459970206	61795.230992909	60972.5303132918	61099.563749351	61446.0254701043	60753.6357484897	61073.2168328025	61588.1414468907	62622.6071200222	61960.7931853096	61052.9730552311	60880.8349408388	61498.1793862213	61216.9122984646	60799.9211441385	62076.1043986072	60212.8911004753	60849.4533580335	60535.3242382356	62070.6691686833	62279.2126008041	62220.4259605851	60157.5263481934	53233.1104167118	53512.4596252817	50782.3253006569	51128.5789361542	55484.1886558367	51030.3153596416	52373.5212023432	58214.3344851625	50493.3157849881	53712.365807042	57194.8795057409	54895.0454217926	56472.9720295346	58423.3933012148	56666.5543497768	54458.8019624159	60081.0473586798	61181.8359708363	61864.9995661073	59666.2807416948	55907.5268822544	57655.8850843561	55149.7700474258	54001.1652412908	55302.4669844436	55402.8176063215	56015.051156565
PR_Sim2_3	61759.378347169	62091.4977757501	62541.9625056763	63405.6642451983	62698.0279026145	62412.4486897967	61969.3004737072	62050.6601478276	61818.8775401146	62378.6297225339	60661.8545628961	63735.916345266	64027.5748718304	62342.1536778416	62016.0493421057	62094.8412417837	62522.9002844065	62473.1625821185	63053.5813961164	63498.0890396104	63293.2965009682	63401.7572400368	63371.1652443848	63598.2601487651	62752.1077975163	62673.7211039402	62840.0677282547	62865.0546687563	63462.353585271	62209.5889139529	58871.151132136	59175.7150317675	59555.7644391786	58785.666574164	58909.2849020691	59222.0031016919	58575.6737283925	58887.0684583204	59382.7344915598	60338.3368556331	59723.6744999593	58873.261738665	58691.6111062791	59317.7738902532	59017.7710905579	58621.3821840926	59836.2617984723	58051.984485102	58656.0158342335	58375.4991921929	59802.8637591369	59992.4768668541	59940.0264239832	57998.2425797771	51445.2175305649	51650.4157105408	49099.3011573106	49407.6370512381	53519.5572579756	49383.5715394209	50681.3188814314	56146.1975310913	48817.1133646708	51896.5730041303	55229.4625927138	52903.474705465	54501.2700299822	56508.2669042442	54682.5880790364	52737.9901932972	58030.1792227217	59115.817256034	59800.7585539591	57690.3152053551	53957.8054391036	55610.6423067566	53237.2346876516	52211.0834480867	53497.0915449687	53447.2329990098	54172.5819634601
Zo_NP_1	49089.0259679296	49383.3714926395	49693.8391819195	50530.0182311179	49832.7698032505	49552.4152698733	49182.1672042728	49224.2934921339	49104.0233442996	49484.3065726158	48141.9671350063	50652.7547389778	50871.1291016205	49534.378830484	49189.6205947773	49356.9253782226	49723.2977741192	49571.7532061706	50091.2950925734	50435.0188761441	50343.0242554349	50419.0139236922	50327.254366204	50636.0806765031	49944.2651919862	49954.7036740019	50031.2929175439	50088.1702433724	50507.3681314745	49573.5397057699	46851.942831838	47087.2458346883	47330.6960769803	46796.6409071018	46873.1736158352	47086.7859433434	46658.5968580628	46902.6989510051	47267.6876917166	47942.0582417671	47533.9802692623	46839.6337762698	46692.8741630383	47223.4929251467	46910.0859662407	46682.023633736	47580.0130760088	46153.3010103432	46677.4123246729	46531.686241561	47517.5351501622	47779.0357883098	47692.1211496742	46247.4035194357	41422.5361835891	41221.2221857007	39746.5711592218	39477.9281665074	43137.0931918468	39844.6600730728	40997.8910631234	44735.49969437	39220.7768801611	41634.7843694631	44351.0794231316	42360.0769091074	43865.7245589741	45433.6458952528	43682.3231773282	42178.2613396297	46561.5923791457	47103.4932572417	47846.7552155798	45875.0850631219	43181.7850276751	44513.5631237017	42614.8842438993	41695.3253745116	43050.7289912588	42829.6459602049	43624.7397453381
Zo_NP_3	49935.0459134792	50217.2432665289	50579.6660424537	51445.812741592	50795.3526750834	50507.1083090438	50136.2269773924	50121.279241416	50011.899215147	50435.9384376238	49007.0564618382	51562.5132106657	51819.3509493696	50453.9361416936	50208.0166078067	50284.8399849654	50680.6510382932	50543.6354454035	51034.7425803027	51450.9611154169	51311.0763583424	51464.0829746279	51339.8789923231	51598.3534980552	50885.116632714	50885.2746520818	51044.254875105	51023.1305636103	51545.0628670556	50556.5845931323	47851.9060927766	48023.4754194525	48378.8831677056	47780.4537380223	47831.7621098663	48075.115449224	47620.6215673297	47863.977885001	48245.4056888156	48950.7765588989	48584.4438754756	47836.7193094356	47685.7207334445	48129.0396990094	47903.1165932807	47636.1802956605	48636.1101179939	47109.4974730392	47663.2614059007	47413.6082584624	48627.8650232316	48771.4102305731	48728.4237773742	47206.2058611792	41848.8096217003	41956.3025785618	40257.6149506169	40188.9007528194	44143.4436292032	40863.9719436792	41343.5813683974	45468.773958796	39868.9035802694	42248.0236449265	44725.540013601	43198.1437348339	44173.0460238333	46118.5561105421	44413.2716441089	42552.3548347946	47011.4658983601	47755.7799188404	48174.4502338131	46236.488283203	43800.603850873	45147.9214378068	43023.9188154123	42120.3050240424	43502.0521744546	43326.0272663078	43785.2326401863
Zo_NP_4	46996.7324740851	47228.5683638095	47550.5376649415	48301.7287740688	47715.5743303578	47371.5348501576	47044.7497489788	47083.5798618702	46943.1885457898	47329.3175236621	46089.552521812	48406.8652862858	48558.4742482661	47370.3085668049	46990.6411013909	47219.5842441294	47564.8375981949	47393.9916353858	47861.2145847664	48149.5798925057	48018.4457093062	48161.6779248867	48067.1989041393	48360.778526528	47730.2226553339	47694.3312567092	47749.7009104906	47817.5363921134	48156.6982133581	47320.4019123374	44770.2258740637	44952.4745990548	45248.9296336074	44739.4884700166	44769.1056744721	44952.755240054	44660.9667353047	44797.6590186214	45135.6311316139	45779.2942911635	45429.0548990315	44701.8885648222	44612.8161035174	45031.3150660094	44861.1693808075	44636.2686854101	45502.2752121542	44124.6835209799	44607.665883759	44453.5389780531	45413.8494177009	45658.6923026658	45563.3963892499	44184.5780706906	39499.1110069065	39515.8122418503	38010.1733057317	37970.1501683684	41506.5239651199	38186.5957928992	39208.1933121705	42852.9010519456	37706.6247881746	39795.0804342302	42157.7169541123	40256.9959266418	41935.0379833025	43565.2633639517	41701.6257607041	40269.2204523623	44384.6015059835	45002.0883470146	45360.4808674821	43795.3029787404	41482.5161397887	42614.0664349943	40509.7932032709	40000.5216789203	41137.5966459606	40916.2325685756	41438.1625267393
Zo_NP_5	48904.8339145946	49135.0669924817	49512.6886949225	50398.514211604	49836.9136623382	49398.9609072072	49049.4154311627	49065.9658758787	48895.8625423843	49330.2181436777	48046.1503427506	50441.8305440689	50636.3270996295	49326.650528289	49060.8996033353	49184.3284355918	49548.5895758076	49406.0930049754	49883.2548562253	50272.4209346388	50169.4551115709	50287.8064933736	50214.9320100404	50468.7546130042	49792.1158077316	49799.4663803649	49872.7101936514	49892.8295903545	50301.0692504503	49384.5228800217	46865.9785705918	47046.7456547919	47372.3753776251	46786.7089037137	46831.3601401817	47105.5577616731	46658.6287401862	46891.1357104335	47176.4190365778	47929.6207121334	47545.7574235622	46838.2097892558	46658.9851911301	47164.1228445051	46897.339231377	46648.8213144614	47602.4559695422	46177.1350076304	46652.3889943674	46485.390615628	47624.9827737255	47767.6185148982	47770.9490254264	46202.5894757553	41211.4761549005	41341.1062222904	39673.0741011037	39680.2860497362	43302.9884582239	39830.5872462686	40761.4803190465	44896.2714549193	39430.2214671643	41412.7102795205	43933.0826944284	42312.6984977679	43688.4025052372	45487.3071419578	43717.238432787	42014.2691906104	46264.034546152	46960.4792144858	47289.5081922653	45708.8462301926	43326.6329702201	44214.3146112889	42445.1756162363	41711.8909325074	42882.3795398679	42858.6018178153	43281.4415220672
Zo_NP_6	51998.3662615031	52241.4391149427	52650.7912028939	53379.2816613488	52726.5915045637	52500.9862013696	52136.5222875511	52200.4772694738	52018.2064811417	52471.6670749147	51100.3646185117	53601.7749925802	53822.5908377235	52437.245338264	52108.1283933969	52250.4020970873	52618.5323698965	52537.8711897358	53030.773718879	53339.6252910587	53220.7922379067	53356.4411309133	53298.7171406601	53483.6416000537	52854.2794002016	52869.7189696103	52955.5438815438	52955.0548168977	53381.6433971305	52454.9178781696	49779.1119778479	49989.6647034976	50281.7760571959	49702.7074218539	49772.6385298395	50008.1735970713	49637.4751575152	49763.2485965772	50172.5250432861	50874.7460059773	50462.7966588512	49766.244420498	49573.9786962782	50089.1295941963	49869.1204592752	49520.1622921291	50589.8250431151	49065.4880956166	49545.5838391655	49372.626092619	50566.3786411846	50719.490340057	50691.3403172288	49112.9543910359	43441.8280116151	43526.0951902326	41693.5662398034	41871.6778511604	45403.4439069206	42123.1120347715	42931.0586744791	47214.4068177681	41332.5674907549	43730.6818525716	46456.6947777178	44399.4275283406	45792.3080207517	47723.7559191404	45648.0388766013	44356.4459185001	48567.7997262143	49439.9296334761	50076.9002265994	47927.8467161343	45264.659906803	46688.0508612116	44657.7362902196	44021.1529681559	45079.9646978005	45129.047063479	45699.5450253857
Zo_NP_8	49197.0467347675	49507.137113404	49893.773966333	50706.7858949234	50111.9977255579	49764.7908154448	49420.448397785	49485.8620263953	49290.0754855905	49722.9211422152	48460.0121047645	50829.9265473727	51032.2289215052	49713.0029698368	49452.6459642071	49544.2967982876	49898.274453398	49811.2642354389	50289.8037768518	50673.7669414583	50559.0811107652	50642.1768089625	50577.3011962123	50824.1885824682	50121.4958892652	50168.4683031895	50284.0544077666	50288.1181421985	50669.7460192704	49796.7954096607	47212.2937206759	47409.7031514996	47709.240569916	47140.2800391954	47208.2992006756	47454.3279612553	47003.5791598894	47238.3476907457	47593.1622945265	48306.7148503061	47909.1681103552	47235.0733970299	47038.3858401346	47546.8532166691	47288.0473842027	46989.7538636459	47958.7897935989	46545.3408532298	46998.4943175828	46856.9289637908	47911.562802928	48074.3077223303	48102.9561021829	46595.5421855605	41745.137062497	41334.8841359295	39608.4084990052	39757.9090836096	43089.6238992399	40289.8481944511	40904.8631735373	44930.5652353307	39399.2551807691	41614.2151843592	44082.5238707666	42379.6425413009	43661.2874958858	45288.4622239114	43555.3846050584	42019.1835430949	46243.4659159424	46953.375358105	47569.3010922279	45622.7174345537	43189.6514439735	44605.4742581202	42551.6078770078	41620.1641209973	42814.486986802	42919.6916423663	43456.3236636662
Zo_NP_9	50430.6019439616	50700.0585333422	51059.341807326	51885.4558999258	51213.5066890261	50932.4317053582	50567.0602671272	50596.6934922175	50432.550890341	50860.8766347349	49515.9875896435	51987.338236016	52217.5164335452	50883.970462338	50576.2272659074	50715.1267860473	51090.1232689475	50970.8179618929	51456.8786327508	51905.3628337202	51751.6081507972	51891.5247810066	51821.7146129019	52069.2042847731	51372.9551176566	51344.253574421	51477.5445828341	51489.4062792032	51914.0559593517	50993.4778139513	48237.8831481067	48427.6279489062	48744.5905340572	48165.2191601218	48241.4598646113	48456.2367308983	48097.5826319573	48250.5192305469	48629.7016921662	49346.8186832114	48939.2514324402	48198.3737134728	48053.7776417787	48531.1919014094	48328.227519882	48042.9218204709	48991.1938968828	47540.6166011934	48061.9856407731	47853.9091659259	48944.6256008078	49119.5571222884	49078.9138741025	47580.6942204288	42169.7906312685	42253.4861239867	40459.3109937883	40407.7223993239	44155.8931076071	40669.2435138115	41580.4407575649	45903.3793448561	39884.8630125758	42202.7009399712	44940.9996561102	43208.2853219053	44609.6896822437	46449.3186692189	44374.6240101427	42726.0230137922	47317.1618765434	47980.9394650433	48684.5916819537	46652.1045288801	43878.8063570578	45353.5358989235	43242.6810862857	42367.1000941494	43725.5676682902	43589.8538545894	44270.6843678573
Zo_NP_10	53935.5178330213	54194.1633750294	54601.1175396074	55435.4257746953	54837.4930693021	54466.9953165074	54094.8835406939	54127.8706929839	53990.8851383134	54419.4456337593	52948.7310285634	55691.1556623957	55874.9312717794	54446.4234626784	54119.47623279	54242.1468668255	54616.643992308	54494.7371803026	55040.3266199923	55393.7735192374	55288.2143363293	55361.6402883638	55286.0963165296	55577.5178532831	54836.1665212831	54771.532781282	54962.8011567317	54983.8623941264	55434.3148869442	54400.8257605723	51412.3250164401	51680.6110651162	51975.0991498354	51428.1428848048	51530.1163462892	51761.7355686757	51292.3290015046	51486.8165114062	51925.0562087711	52671.6704013638	52168.2981124649	51508.3147006251	51309.2228364613	51838.8835645121	51576.9233696745	51196.6789498799	52299.005339045	50728.340671284	51248.0865431671	51032.516712091	52294.4826033389	52439.5210711836	52435.8070150265	50791.9713457873	45177.8628971224	45389.4711024463	43194.633211161	43599.0260433265	47258.1844441095	43793.9529882	44555.0170750366	49298.6934488854	42978.2314454853	45542.4486942511	48173.9509553646	46347.4985642802	47488.4850497988	49310.1374095692	47720.4726965576	46053.9151503238	50530.9767053595	51577.5217748916	52153.7694756855	49744.1633221611	47199.2378316751	48813.2278062392	46507.2064841952	45697.8742513869	46700.3900086645	47003.5950408087	47501.1906647729
Zo_NP_11	45594.7366415528	45805.1243930663	46180.0313927982	46924.3147826056	46320.144168796	46021.1054360552	45702.2264903591	45736.3347715983	45618.1328359785	45999.0471297184	44787.7462010213	46988.7774215423	47151.1116666594	46014.6471994842	45691.4978142568	45847.2945093768	46186.6136777051	46018.9714402522	46507.4266896476	46882.5656508415	46775.8701904016	46863.1729454846	46798.8486754237	47061.3046580929	46437.4289179667	46520.1665983012	46520.4331026446	46583.001523494	46923.2687497481	46125.340339133	43650.9440982013	43825.1067972784	44112.7830665382	43602.0930817177	43645.8660213312	43835.7835643945	43482.2841954563	43683.2771530251	44007.2787577348	44623.5371813236	44280.3680649613	43629.9836618407	43475.2120637991	43897.5780121702	43692.7210856119	43482.1685697868	44342.4967746323	43024.2929107255	43493.2577605832	43328.0038955212	44307.3770020368	44464.5541074356	44442.5863202825	43094.3533896648	38569.3530948469	38510.5101131515	37079.3867934856	36948.0519208575	40179.0198520635	37467.622104553	38148.3605541082	41493.5646002641	36746.7251681181	38491.3107076818	40989.2994509212	39461.9426928932	40748.4919773408	42560.6125508362	40444.5358880248	39135.5040834215	43143.9743755288	43590.1637964809	44100.4580512878	42498.2647081158	40087.8505226802	41258.7419568939	39310.0672510347	38678.1542318622	40196.8250980879	39801.2995994054	40440.8140192477
Zo_NP_12	50242.4287345448	50539.0987149888	50887.0210687816	51670.3614139867	51044.8471707859	50738.4483698462	50373.4484844252	50416.8228992561	50256.239765292	50681.4362649632	49356.7532824618	51818.3519715835	52027.7338615314	50675.3271102078	50372.7471780953	50486.8460229753	50836.4839703117	50747.9369202368	51237.3834560802	51641.2342227434	51492.9390102648	51657.8945845865	51569.9047576301	51782.5551479247	51193.4569174065	51121.5359537634	51237.3794425946	51233.2161585598	51666.4820360224	50724.6769729665	48054.5502768286	48274.1151153535	48548.0115582434	48036.7633691125	48093.2324493207	48289.1666319497	47891.8001152187	48055.7304827821	48431.0049928475	49157.8930915156	48706.7284844823	48033.7235648729	47888.6641037152	48376.5965746376	48169.555011345	47879.2670081769	48837.1103742127	47388.6867878944	47866.2726323105	47717.4057449275	48798.2703670993	48986.9265780291	48938.7980247069	47396.688060308	42137.8070038191	42264.9061532237	40486.4803456974	40343.9475656734	44254.1518548617	40684.1314051085	41699.6929783129	45795.6619538273	40076.5710899099	42523.273249743	45055.9790488311	43147.8717923169	44605.9813831589	46390.1959522374	44674.180881111	42900.0022667442	47484.6035310388	48184.6684666894	48621.3768471778	46690.347388366	44177.1900501753	45311.1404571038	43546.2946933665	42636.1774179255	43854.4261420029	43776.5562073935	44497.367951407
Zo_NP_13	52320.4190081654	52589.6459511691	52962.4523939498	53798.4605946698	53230.903938281	52782.9793838017	52453.2729575612	52508.5300385332	52320.9048002306	52788.9488575203	51392.042748115	53984.8802997827	54188.5744046707	52782.0768439863	52444.1173662964	52581.6792595968	52954.2496533188	52847.3642089236	53400.4198643271	53880.2555589861	53742.8441091415	53830.7108540328	53784.1205421806	54019.1382889895	53302.5072927397	53306.1710155032	53433.8661782487	53439.6972053787	53882.8929487616	52908.6538501916	49950.1926235748	50114.9098678796	50486.0955166266	49863.5084640063	49918.4267346367	50157.3477488344	49755.9314480064	49956.5147187527	50336.2512451839	51040.4449683336	50635.0319241082	49910.8698693297	49723.8404706713	50213.999530453	50018.2489269094	49705.6639906622	50759.0689447072	49199.6318707392	49740.5127806324	49574.6173138348	50644.5620747321	50838.9751847744	50830.2006436581	49289.4128037698	43988.3394076541	43849.0298613595	42065.0177648523	42005.1802747266	45789.8791215072	42770.2271732177	43356.2590598106	47814.1077250469	41762.3595535027	43948.4223521917	46950.8026734075	44944.7232953862	46121.0001636795	48072.0137282818	46201.4945934597	44599.7677676073	49201.4856420018	50112.9757774022	51041.8589528919	48480.583824947	45566.4884931939	47392.4300195721	45294.8737555661	44189.1258269956	45604.1759792104	45654.7886956598	46251.88603911
Zo_NP_14	52298.3684413004	52578.4999899692	52968.7387613586	53854.6431942565	53233.7699021494	52826.4620008443	52466.3520020485	52501.7622811669	52341.260218469	52768.8699731409	51373.1142518901	53997.3947656677	54196.6410652202	52788.6577341898	52472.9935781712	52609.9708729471	52976.3872577862	52855.8997973747	53375.5642832466	53869.3725820765	53722.6755775913	53816.9716528254	53728.8732394555	54032.8709963071	53248.2713628938	53234.9906529093	53404.1749998325	53391.2389308289	53881.806128308	52881.5268938006	50146.5147696362	50366.4092792864	50689.8756107531	50084.6521523533	50146.0943197951	50391.5611468845	49887.9261624952	50175.6119652926	50504.469881242	51325.4663384068	50876.1540873509	50164.8474890832	49934.872692849	50427.3285974399	50228.6030722489	49944.6326734452	50937.6713166553	49397.2191099147	49948.5966612816	49739.1684002607	50908.1906989905	51117.0179896512	51118.3230447282	49450.5566117001	44206.1992415194	44154.5636531796	42375.6560456339	42311.008574911	46142.2275355378	42544.2755460288	43478.0474800538	47815.6826943356	42097.5464308425	44284.1550195611	47079.3941630129	45191.8175356123	46620.032574622	48170.1666616153	46458.5529477026	44897.4003737937	49316.813278348	50217.7417988522	50914.7982734078	48640.577196547	45972.7206688299	47556.568738851	45390.9987789883	44481.1276388959	45678.4328529674	45843.2071487337	46312.1791214444
Zo_NP_15	50775.9100044668	51084.1712890424	51481.9931995549	52302.9341774966	51656.2485986617	51314.3968640671	50938.0779089165	50956.11813708	50830.2309520391	51252.2670416801	49855.5865975821	52413.9377619531	52642.3812687723	51275.4545221296	50953.1942546163	51094.6532592886	51495.2939266639	51347.0208851749	51848.4607774754	52215.4212516647	52077.6198289558	52200.9385236559	52134.6287467136	52391.2837186607	51620.6170326923	51642.9636245004	51787.2431586536	51797.0114607915	52265.4952064353	51275.6772708382	48508.7397807474	48739.6177481936	49067.7283505845	48480.7192025046	48550.2789956366	48752.6647515463	48316.3494293112	48581.9145604366	48965.9344700132	49694.1281505885	49261.2768376742	48508.8151790894	48367.1608040971	48863.7498811663	48595.958437904	48310.8824223988	49296.8556139585	47814.1384421461	48381.8393500651	48126.1497571762	49244.8783496332	49484.0063344793	49446.489777337	47860.805650336	43198.9771092732	43085.052554335	41282.2117712936	41354.9826180159	45091.0736370297	41658.17920253	42399.3025015496	46743.8149006445	41159.4598436201	43074.1016426032	45909.3896570388	44053.2812797177	45416.3397197258	47066.4078732675	45225.4156020067	43791.4330053607	47971.2575996687	48838.0464924943	49197.2628797198	47347.1946051921	44678.3551018352	46268.8321487215	44123.4269210032	43305.2893626245	44674.6290625025	44645.6079333722	45240.4957904764
SW_NP_1	53498.4869675365	53758.4825037146	54159.4098069711	54964.5426326632	54287.8222709621	54031.1679264806	53634.4408930463	53744.9826641476	53535.7651638778	53978.3915439805	52569.9431142314	55176.4334624127	55405.7764229129	53944.5312882374	53680.2901392613	53785.41355547	54191.5749391694	54086.0998001934	54596.8028638736	54990.5123244709	54809.6359277739	54967.9412546735	54822.4899778801	55106.0576805779	54412.1446724925	54394.592992948	54534.082993236	54550.8398399948	54972.3993132041	54028.4448047057	51174.0879896315	51370.3502735181	51716.3275957711	51063.9301152709	51137.8060441924	51409.5731648576	50969.8055587049	51189.7194592436	51584.9525441633	52323.982435029	51923.3114291378	51150.5921934968	50949.4011850169	51545.2778299158	51251.5859996275	50970.781658727	51990.5292528954	50423.9618047304	50951.2204806529	50761.253689958	51958.4174834695	52098.6424683426	52078.2957459039	50446.6927763423	45104.5556256504	45037.5861961748	43174.6064858	43173.6594152487	46964.0771858716	43751.9591930439	44582.7872298465	49021.0557958898	42909.0852297551	45304.2920442526	47997.1879766741	46061.2440754125	47522.2162057919	49521.5721569121	47369.1873298556	45866.8535641591	50540.1767775114	51305.1416351338	52067.1228970807	49796.3009746448	46936.6624122176	48462.4766034595	46454.6653727675	45499.2169403026	46758.4220550436	46802.4693616956	47237.2480043683
SW_NP_3	50827.3424780545	51081.9127226817	51503.2267587429	52298.2541868627	51778.2531572662	51417.7930709217	51033.2602261138	51092.7094216806	50910.8751150449	51343.6417617856	49991.0101197813	52519.6910603049	52737.1347343913	51337.5170634442	51107.343580362	51152.0775243193	51501.1160555077	51458.4681294975	51891.7169927796	52185.0207658672	52030.1989638763	52161.7283220369	52104.9597933344	52315.2457846449	51618.1510988408	51668.5047658615	51791.8971127358	51745.1542161447	52238.3446621688	51242.6364852003	48822.0027654583	48981.5341714235	49354.4583914514	48753.763246739	48800.1599579487	49069.6597612161	48631.4651270194	48848.9242770988	49156.1614254406	49968.4952868375	49531.2627710622	48833.1094132293	48622.4289631913	49116.0291320057	48905.6627274714	48596.5673264493	49621.3552362004	48134.5653665322	48589.9172463579	48430.3530142989	49602.4828036984	49715.3532296247	49762.04890698	48138.6522996455	42729.2887736996	43062.7911742816	41000.2042077617	41393.7534720511	44852.7408709622	41723.1090207279	42272.4192693333	46614.3486771378	40872.3734755459	42944.582064164	45448.7114298087	43673.3864129805	44998.7909478392	46877.6728286434	45217.6033848477	43521.028191765	47981.7348892293	48580.2794715728	49194.5546936664	47168.4552314953	44745.9741705524	45901.9384981172	43946.215387963	43279.7111649367	44410.4125384137	44417.2813423976	44789.0354493029
SW_NP_5	53016.6840307412	53294.5639456481	53690.0018787015	54532.6208582543	53860.7392865649	53550.6534746325	53165.6497328041	53197.8970881628	53017.3808354447	53489.8881356789	52092.5391882985	54689.2874547573	54926.6939111266	53475.2915521814	53192.1750239472	53318.9574539433	53666.8311319392	53593.3273310278	54096.3860183548	54557.5643144377	54390.6627464625	54532.2321053628	54468.0582458284	54668.1882120635	53953.805993574	53946.3903012625	54116.3834967415	54088.2097924669	54619.0845088422	53615.6448111591	50542.974460379	50751.0033944178	51061.7168620083	50425.4873787054	50463.2934741927	50752.43582531	50291.9479706851	50535.9496860233	50945.4610656069	51683.9943357585	51254.9817437253	50519.3294328933	50348.7740768629	50881.8667650631	50634.2895157019	50291.0051397021	51327.3647424472	49776.4025027883	50318.2188268412	50061.6707852864	51298.2927879083	51497.2244647922	51463.6499014891	49799.9889480381	44429.7617331347	44354.2379692344	42514.9774317144	42352.0922266822	46431.5754954955	42840.144466949	43950.5457071861	48052.217832883	42204.9826989275	44460.7239077703	47332.3584153758	45514.9179561322	46835.0009879692	48724.002564125	46633.3797006688	45113.0493684903	49507.4116359524	50602.60690475	51205.4330030052	49151.620141901	46187.2969115446	47550.0784724692	45268.2977518991	44743.6695647097	46066.8284650155	45814.6722741465	46489.560698574
Zo_PR_1	57780.8894236991	58081.9061259488	58480.6629296829	59264.0563488894	58621.5864113972	58320.0429152517	57939.5895491437	57984.7641969271	57789.7818406426	58289.3568148974	56764.2449307406	59538.8403045327	59817.5690521716	58249.5255136527	57939.1861825807	58053.8408563014	58450.1042380245	58379.6174283243	58903.1529538594	59439.0235651331	59188.9668233225	59385.6968158262	59279.0347375965	59520.8327792669	58766.0602701768	58698.6166584178	58860.1302804275	58827.4175915141	59368.4688816893	58273.2572880775	55178.6590211889	55402.3499085162	55751.8510019724	55149.1444526388	55209.4809611369	55480.1366681125	54989.8744303791	55209.5419095091	55590.433118125	56470.4501372275	55972.4687575291	55192.2190829598	54954.7279150193	55530.1174278417	55297.6960318012	54951.1709265127	56046.8325125376	54401.5418802142	54946.4852229291	54785.4697033503	56048.0338483637	56196.9806681857	56210.4936964371	54415.6646060919	48453.8381712891	48917.9930161371	46591.2408956553	46623.8016416717	50775.6750156457	47173.4303932968	47988.4969761377	52843.5278866409	46492.5583864458	48782.9284943677	52031.7838612989	49516.9089767714	51147.7735645041	53403.6849336928	51278.22540856	49643.7152154375	54499.899138383	55491.4499583422	56162.4560454149	53746.1973795246	50671.4375696528	52131.9006962487	50209.7786169625	49236.7599746794	50462.8408454697	50599.5019528116	51005.7626170206
Zo_PR_2	55927.1471603316	56218.6720199387	56654.7230128935	57515.094272459	56802.383968514	56529.2246465959	56122.4568371638	56158.6553262963	55973.5788167453	56457.251151678	54977.8924135363	57741.8673657627	58043.9025059632	56451.6840627836	56186.2178460664	56255.5427537204	56613.9500109065	56580.1237345584	57126.32306962	57508.4626333807	57352.3484503405	57497.8402485112	57423.2822131193	57646.6492208184	56886.3564952568	56887.5443973359	57038.377799801	56983.4831948458	57528.4326409373	56451.8114035691	53566.5231924021	53757.5524129746	54136.8611918847	53475.3258892583	53578.5731967064	53840.2131413776	53317.309513341	53577.8668052566	53983.2889425345	54773.339469829	54294.902639442	53562.1499123093	53341.0349598633	53951.0668173117	53671.6626684631	53288.840114313	54380.7648150309	52773.3530269152	53331.8380592554	53131.8406770851	54362.5795926159	54474.8437858897	54557.1261791297	52799.732057784	47057.3298144838	47210.9403158372	45077.515365559	45231.994308845	49350.9508119446	45862.3619860316	46646.8367000601	51337.4971404166	44902.7056931058	47409.6390834766	50253.1760919137	48326.0148233557	49482.2056120595	51742.3568520261	49634.6412164558	47985.2628468083	52810.8462801207	53685.6680521129	54416.9010703389	51906.1141025666	48996.5769144427	50613.4773106716	48468.5850695475	47578.2680974607	49035.852968279	48812.2608702933	49633.947058063
Zo_PR_3	59404.7766903614	59709.5794260507	60212.3926764381	60987.3206217278	60240.3664474224	60007.1355217708	59623.5789402309	59692.1580347596	59473.3448416041	59992.3405051276	58436.4379707879	61243.3152414558	61539.3136911829	59941.3840539687	59613.8674892112	59729.4851115361	60158.6068487262	60093.876411596	60631.5432908328	61174.1904605558	60909.923659336	61155.2809168244	61044.0647838183	61245.2386467602	60520.5627950392	60491.9692338016	60633.8007852174	60599.4893631438	61144.953246403	60024.14586112	56774.8012746643	57011.0882879108	57365.8311455593	56729.1756888604	56819.72746756	57068.3351032611	56567.8625076272	56806.2639593396	57289.6515818486	58103.1026362767	57658.6582390915	56778.9261085109	56575.3847595059	57209.535246191	56943.1175769094	56552.5105263223	57696.3813905413	55955.8449107454	56580.3160147583	56356.9417803066	57652.0665730064	57851.9715895616	57817.7716474653	55963.2098110631	50054.3129687095	50439.3508119311	48119.4975703014	47977.5701566056	52247.7681749936	48349.4436548429	49612.9249331218	54426.9664762781	47623.3257707122	50275.2395793786	53456.1077545857	51105.486777817	52929.5193606259	55107.0198391334	52777.2906349684	51105.7877932807	56099.6969849656	57206.3073336261	57848.0623368725	55510.1790006584	52250.948802635	53765.4637415209	51381.3789705972	50750.3705375225	52014.7271528814	51925.5124946374	52600.897603875
Zo_PR_4	56711.376714252	56982.0811522285	57461.0514255956	58243.580419405	57617.2132870553	57303.2295178537	56921.8032993419	56975.6473365935	56778.2244512669	57282.0318524811	55769.6939590109	58468.2785533646	58788.5552804463	57212.15489623	56940.0564092469	57020.7049986775	57386.9784347799	57374.1310026638	57907.2710588441	58408.4219663139	58195.7451739282	58393.0017878831	58300.5047480044	58471.2607611259	57773.0965916688	57700.9777848122	57923.0916157075	57854.3724683678	58445.3239831407	57377.0154484826	54134.3287514342	54370.9780254026	54748.7071244694	54076.203080357	54125.3483638313	54413.2889367853	53888.7384340056	54169.7256439504	54590.0194765848	55471.8799550967	54940.9115054426	54119.1784502521	53951.6201251128	54464.8172478756	54254.9479411179	53925.7579503153	55030.0752752879	53396.7222739232	53922.3965894811	53695.0903684516	54955.5386547703	55156.8400771117	55117.3407233098	53351.9533399441	47540.1698327748	47615.708017265	45556.7221443784	45341.0078470373	49504.5494235278	45705.6562944397	46793.6914256261	51456.5228811711	45263.740960583	47759.9010636403	51027.2352639575	48558.0949916776	50393.8924749344	52047.6919696947	50133.7804285841	48319.1343121495	53127.5328237929	54438.2331959154	55065.6255124282	52781.0019244824	49481.4567654015	51032.5310476447	48820.9717007589	48044.435317787	49318.8488176431	49485.587510182	49959.643460201
SW_PR_1	49767.7804051424	50045.5704599709	50453.1392876313	51215.8376803421	50688.8613619522	50345.4348661443	49988.471519956	50031.2641506037	49863.9791045941	50284.8937847427	48952.1061891364	51445.3926790371	51640.6247848052	50280.749276992	50024.0047622904	50094.4840256594	50436.0382803289	50373.6398714541	50835.1456080274	51109.0907050445	50978.6900365803	51082.987029349	51026.8869600223	51251.7966398022	50555.7801308129	50612.874169414	50740.079939485	50690.7831125722	51137.0822193722	50200.4427229605	47768.3476637701	47950.3995919702	48273.3837887838	47713.1273578301	47800.7640508721	48024.5812482472	47603.3225759654	47817.685043285	48136.0919972532	48898.6085928582	48479.6039585157	47810.693627426	47587.2121542103	48104.551611275	47858.993253275	47544.382410879	48545.4599424027	47096.7201219009	47538.9008613241	47418.0242647857	48535.6565673174	48641.3801251804	48729.0017045163	47118.2777888643	42119.3534053824	42255.4048729518	40254.4180684656	40680.2802285779	43930.069941934	41013.3882208053	41468.863492904	45776.2683314969	40115.2984741931	42220.0158664939	44667.281717878	42871.1324681472	44113.385421788	46046.6464940167	44314.1719683472	42773.7325266618	46969.4438371909	47768.922513358	48234.5295118433	46257.5598690847	43902.8308690349	45155.460438721	43181.6338409317	42497.2407004914	43519.7184800705	43578.8551751345	44121.9633908175
SW_PR_2	54470.4609586225	54760.1609875891	55158.9257066177	55928.9689446301	55217.7495281776	54966.3799943779	54613.0178725891	54643.29606216	54493.5194913892	54945.9593758854	53478.8567656323	56138.807717578	56399.802458128	54937.8400242338	54572.1262433602	54737.8494477711	55158.7508292627	55025.5347170655	55563.1210343115	56073.7511832196	55885.495965319	56043.542488711	55945.008257686	56212.0561032014	55464.5940388594	55421.8003046648	55580.6363519979	55600.6651456815	56064.7422555112	55022.9241490214	52074.8840072431	52310.0017428302	52615.2264800962	52066.6129087506	52121.8806673536	52330.7857724496	51865.4298461938	52095.5073199182	52485.9593303751	53304.258580366	52812.9011378784	52064.2129195074	51827.5362827173	52395.6979215077	52184.3664446501	51873.9453797572	52905.1109688963	51313.0850941905	51908.9476329343	51706.8456783418	52821.2365632072	53062.417013543	52986.1360894182	51393.1533065953	45683.5057131231	46064.7316371311	43998.3020030141	43782.7088701163	47924.9166669419	44218.6616360144	45218.1761360785	49724.016412038	43767.5705637041	46104.8864357881	48995.8407353073	46780.1681630844	48438.3050192507	50168.8527622248	48276.538239668	46817.8614200557	51292.0061986803	52285.5645039287	52806.7615958425	50510.5117542089	47722.4464057476	49205.5330323523	47170.253845839	46318.5228979178	47528.9582557346	47543.9711386526	48293.7941085127
SW_PR_3	50981.6730391007	51262.7250168166	51673.9908633596	52506.1358703797	51850.728953115	51528.3256725986	51177.0890296167	51187.9005995509	51037.2245823643	51481.1543953398	50124.5718748558	52625.9541605185	52858.8425982752	51479.3432053908	51130.1495435157	51242.8211396349	51630.5493980684	51526.9595630079	52040.9320913049	52400.4566256762	52276.6582217017	52359.2224571097	52384.7985845175	52569.5399132801	51889.5658888621	51962.4768291927	52015.1936380991	51995.1563831601	52502.8815261059	51539.7886808698	48860.8713671477	49091.7581870147	49401.1251042979	48875.6951951387	48949.4120099788	49104.0439306582	48677.4507974937	48906.3364065238	49311.4859591038	50074.8735179752	49583.6978498324	48842.1182526354	48735.6095444736	49164.1981158277	48977.8004996163	48663.4727175818	49686.5109209431	48169.2821137923	48719.2347864941	48518.5902915553	49599.5144769303	49865.6765938429	49788.2202568571	48220.1316245717	43087.120095859	43134.9521171366	41479.9051052041	41297.159198035	45272.6481535229	41622.9985537822	42401.3439519853	46638.5384997894	40985.1487823791	43311.7013773985	46108.1147379199	44219.1310031681	45482.0225392728	47177.134489264	45497.9903287941	43847.1436146713	48271.1462589186	49088.7629483589	49702.5250479214	47763.0411343171	44941.5720604046	46349.3664652216	44373.6380906986	43407.2537709886	44681.4968517741	44754.6619391955	45321.0083148415
SW_PR_4	51745.0939880491	52006.0767349407	52398.5827743092	53189.8200317025	52559.1534822519	52244.5864844779	51887.244457893	51926.8602130758	51766.7669704585	52218.3651150697	50811.7188235499	53365.0353564914	53601.4464783644	52218.2558681285	51924.3334299306	52054.096626155	52409.6758187054	52309.2872956386	52841.5433356694	53295.4162485251	53124.3608796036	53250.8075426744	53163.8597143078	53411.2076217164	52698.1223077619	52625.7064189813	52825.9352851504	52826.289018187	53288.1972576159	52322.2918237948	49353.1760819177	49569.5327970566	49876.9745304456	49321.312891567	49381.1596213051	49616.8956160873	49142.6983271661	49407.3964334305	49762.0896242059	50501.644863921	50088.2505807077	49352.2232721391	49177.5808226932	49686.9168328348	49444.8025343963	49146.870491427	50164.1156276123	48663.8772077283	49192.7239202895	48935.1128054805	50128.6854282952	50336.0324283243	50286.5173853116	48693.0093780596	43473.9525767566	43544.5408960794	41741.6692462856	41561.7690946798	45368.9264623777	42100.4575207941	42884.7081611754	47160.3673289603	41418.3533869536	43484.7642965825	46518.7568122455	44512.2901380268	45774.6552953994	47656.0662928127	45854.0525545795	44182.8154332304	48694.8348896207	49663.3779398308	50243.3792848236	48080.2196226069	45336.1025212215	46845.6050979937	44564.6158741628	43846.9227096317	45066.1841096653	44975.5488635413	45640.8342561288
SW_PR_5	50976.4602618189	51229.8402114624	51604.320091922	52419.8473128529	51798.1620719993	51456.4662174254	51091.8121172073	51151.3075534111	50980.7570495261	51419.806839504	50090.8591549003	52577.3463195232	52750.7251600306	51401.0833206236	51063.1931753153	51213.9632636803	51540.3877185114	51452.529241691	51953.8069758871	52331.7524958637	52232.2261561192	52319.1489222428	52293.6048522459	52512.7289111485	51875.7882948373	51878.1043940138	51930.6837014781	51965.6914174535	52354.5869515201	51473.2128625955	48634.823398209	48872.1269778614	49174.0327215389	48597.6279958825	48686.8078406534	48894.8404103896	48485.4029539023	48682.0916442303	49042.7178317444	49787.3851200111	49330.5631295963	48620.2561003277	48469.6756321742	48948.7572867607	48715.9429237715	48456.0966497094	49438.0367662078	47955.3986018223	48444.3334416013	48283.1832056459	49372.0956373131	49608.5411059833	49555.2078348323	48018.1977051406	43153.9056921634	42752.6804710233	41278.0644719617	41265.0154641647	44981.6545712293	41417.751719694	42600.9851976295	46689.3843895048	40830.4756071336	43315.571610792	45874.9992350703	44030.9315037629	45395.7906548528	47253.2467243245	45339.6268784729	43791.2579528125	48160.7891223298	49027.412500938	49386.885873024	47544.8214648797	44818.6624277646	46129.369900587	44269.0183254507	43484.7600654551	44749.7341673452	44740.1638745297	45355.8980728405
SW_PR_6	51054.7990386753	51325.8441051405	51726.8368079724	52557.8905459022	51911.0351740102	51571.6904445634	51220.9088389465	51255.2809837413	51072.162636711	51519.9953685228	50178.7936350066	52651.1101366696	52895.1930718859	51524.1912865164	51209.9295205634	51348.9424181446	51711.616955036	51603.6805650067	52106.2037325185	52563.6442858198	52429.5901693091	52544.2786142683	52509.8788248007	52729.0502640974	52009.1774365257	52026.1010110444	52138.471480687	52145.2086595268	52561.9709722875	51664.4591437963	48808.2421438771	48999.4879561711	49334.6796977399	48757.2896912201	48810.0734261624	49045.5495472786	48591.4676792237	48836.4126739143	49224.9863230722	49960.1569686001	49521.9569027122	48787.4136899885	48616.3359553563	49103.8409680314	48871.6191227717	48581.4577767405	49555.314971622	48097.7213640899	48638.816698858	48424.0507257952	49516.9577461119	49755.7628510858	49699.8056824247	48146.7113741552	42799.3855152084	42739.392210485	41153.3898415996	40964.2676992638	44810.9454421327	41437.7126180993	42185.0420889238	46323.1105051585	40648.2840921095	43060.8988208227	45649.9132069414	43957.5623634639	45009.1240551317	47132.5852098238	45097.4063117455	43460.2592807702	47953.6295963416	48823.4026864701	49221.1461482168	47345.5658487418	44615.452052197	45989.5435664515	43820.9616463551	43056.5438931062	44434.9397048836	44373.4966217906	45006.0565608311
SW_PR_7	52118.4781980002	52396.8458958517	52757.0677548824	53570.3719232268	52889.495770189	52588.161855965	52225.3853262693	52255.9995216788	52092.9558325034	52537.7567561723	51141.8376620743	53665.7355720998	53892.1441693922	52539.4248698695	52204.9742547912	52394.8918702946	52736.6319120402	52601.4708489912	53135.13387348	53694.0116982672	53524.2524156309	53720.7904957609	53588.0238235454	53834.3136066678	53130.9552507223	53072.8786798104	53221.7783191635	53257.2900568947	53731.7417582186	52773.7745195298	49589.8458195858	49811.512804331	50107.5395726822	49494.1900319515	49533.6659915262	49768.0556267556	49378.8496603685	49589.6910152664	50015.6399439251	50712.7196723534	50288.8009605894	49508.8229319814	49395.6956286584	49844.5388510943	49640.044060958	49380.83866303	50325.2403819585	48824.9644878658	49446.4044333012	49149.0706783212	50309.2988585554	50550.9999486501	50443.7930635461	48876.1925392615	43482.0457011049	43455.466522395	41811.6453163539	41508.396598617	45559.6072972935	41883.6711593367	42982.9050104965	46998.0367232255	41257.2037761349	43457.703228986	46617.4177363149	44738.0538374702	46362.3207857451	47813.0399786925	45580.4991874471	44223.7521876387	48641.7755200465	49577.3429380099	50370.3710486415	48297.225886516	45081.1904431344	46781.9855072044	44485.6197699016	43800.0294761036	45299.2008347833	45080.0302013084	45667.142161041
