	nonPR_Hols_1	nonPR_Hols_2	nonPR_Hols_3	nonPR_Hols_4	nonPR_Hols_5	nonPR_Hols_6	nonPR_Hols_7	nonPR_Hols_8	nonPR_Hols_9	nonPR_Hols_10	nonPR_Hols_11	PR_Hols_1	PR_Hols_2	PR_Hols_3	PR_Hols_4	PR_Hols_5	PR_Hols_6	PR_Hols_7	PR_Hols_8	PR_Jap_1	PR_Jap_2	PR_Jap_3	PR_Jap_4	PR_Jap_5	PR_Jap_6	nonPR_Jap_1	nonPR_Jap_2	nonPR_Jap_3	nonPR_Jap_4	nonPR_Jap_5	nonPR_Sim_1	nonPR_Sim_2	nonPR_Sim_3	PR_Sim_1	PR_Sim_2	PR_Sim_3	PR_Cont_1	PR_Cont_2	PR_Cont_3	PR_Cont_4	PR_Cont_5	PR_Cont_6	nonPR_Cont_1	nonPR_Cont_2	nonPR_Cont_3	nonPR_Cont_4	nonPR_Cont_5	nonPR_Cont_6	nonPR_Sim2_1	nonPR_Sim2_2	nonPR_Sim2_3	PR_Sim2_1	PR_Sim2_2	PR_Sim2_3	Zo_IVT_NP_3	Zo_IVT_NP_6	Zo_IVT_NP_10	Zo_IVT_NP_13	Zo_IVT_NP_15	Zo_IVT_NP_18	Zo_IVT_NP_20	Zo_IVT_NP_21	Zo_IVT_NP_23	Zo_IVT_NP_26	Zo_IVT_NP_28	Zo_IVT_PR_1	Zo_IVT_PR_2	Zo_IVT_PR_3	Zo_IVT_PR_5	Zo_IVT_PR_7	SW_IVT_NP_1	SW_IVT_NP_2	SW_IVT_NP_3	SW_IVT_NP_4	SW_IVT_NP_5	SW_IVT_NP_6	SW_IVT_PR_1	SW_IVT_PR_2	SW_IVT_PR_3	SW_IVT_PR_4
nonPR_Hols_1	65305.000061127	65641.2399796242	66090.1448815846	67041.7203028153	66275.2740445296	65959.3151397518	65488.5873044825	65554.3087127139	65344.3123962354	65918.9631168976	64092.6325509816	67332.4336477571	67671.7143817333	65883.4960980809	65535.8482561503	65645.3332922021	66092.5600036976	66022.8545062599	66630.509899398	67167.1858011589	66955.2069819204	67076.0816855592	67016.3869798206	67287.691577695	66377.8702279563	66302.5626019256	66490.6262067429	66499.4787915744	67127.7710939228	65822.63446025	62151.6751826289	62463.2925797323	62857.2562983743	62084.5735532003	62205.681794974	62516.0544775794	61873.7360122687	62172.3668046333	62704.2082832097	63701.9487486127	63066.4469213199	62162.2841620577	61955.887636187	62590.1969546433	62308.04225688	61910.2665254178	63163.8423815249	61280.0410536022	61931.8132671862	61636.0519443196	63113.0708988462	63371.7861475123	63277.6893256062	61264.4416411766	57185.6338988471	62913.643023071	62593.4824953965	58697.8797304902	55566.9702200259	62914.22983494	60230.5670810834	64615.9079713544	61151.7157319735	61734.7116189514	66516.4830113416	57889.2686150515	55392.4669550727	58442.6448018563	61169.7491049612	61017.213198896	64312.7786171602	65417.0761903184	65330.9023961411	62152.9949436248	63312.9073948261	63768.8777325497	66247.2614684704	63966.2547581548	62442.2165981869	66731.0715894383
nonPR_Hols_2	66517.1971677466	66869.9539943126	67320.3560649497	68307.3658280741	67529.4197942722	67195.2540965825	66711.7476823126	66779.7834539324	66565.5376053164	67154.9524059328	65291.0388918581	68601.7194867272	68942.0409727475	67112.6916285829	66772.3205033108	66873.3563220125	67332.2909982024	67257.5121790301	67880.7338814462	68444.108991527	68235.4910156168	68350.3959945442	68288.0782175002	68566.6627696402	67636.9769759541	67570.0702068913	67766.4981210153	67765.7856121496	68409.6470311079	67082.5413846563	63308.7174614741	63621.9753889336	64026.1462221946	63226.6885272001	63359.1345050719	63669.7910334648	63024.9466944535	63326.9230990463	63873.7613812928	64880.9016920672	64239.6728815145	63319.8542464627	63110.4429010861	63756.7282330732	63463.3323876831	63057.9385440807	64337.166241197	62412.573669791	63079.9970556786	62780.3811622166	64283.7919948771	64548.7955834834	64450.7868085723	62398.2901284914	58332.1852399717	64127.4915536686	63828.3020066094	59839.8762005357	56638.7611575427	64141.283897376	61390.3746887156	65862.6424898407	62336.1050025849	62938.4663399571	67791.3063557321	59026.8858610191	56481.9333698184	59593.0034200584	62363.4068240651	62210.0355420184	65560.8347196276	66685.7623613417	66586.5135202275	63292.3734313213	64526.20443076	65010.6394893493	67531.0812728172	65232.3539005797	63657.7512795361	68018.9781788192
nonPR_Hols_3	66850.1337154066	67189.4693961132	67661.7340257849	68638.1356380784	67860.5180410705	67535.7473978135	67050.8091061405	67135.3823783632	66906.2174871171	67492.0506170726	65642.2212188428	68955.1771866503	69302.9390930974	67440.5349367775	67113.7720013448	67206.6770626854	67665.9129835463	67612.2713603641	68228.6783457718	68779.4231341979	68565.8749738608	68679.1696736798	68616.5573117223	68895.9971186791	67962.5710863272	67879.653557745	68092.3043134134	68085.0758391565	68725.1512929151	67395.2656553108	63688.8603083647	63991.9028991779	64401.9087170994	63605.9778818266	63736.914746704	64064.7229019101	63391.5425580229	63702.0533388501	64232.8965576652	65266.872113203	64622.9921151724	63697.1953674047	63468.9991548412	64138.1919708568	63835.3014940362	63423.3476946153	64721.0172101968	62783.4337532181	63447.8678835205	63177.6444787676	64676.2020051651	64912.7992268533	64838.261126355	62764.5605679554	58452.8561323625	64380.9553065339	64076.974927088	59966.1411979324	56696.6047261527	64398.8849908035	61545.6437443489	66064.3203748094	62507.3189636972	63064.4371220668	68078.4110873147	59142.1718625574	56625.3804734328	59721.3492406405	62471.7609586746	62431.3754206668	65834.4621791131	66972.473376007	66845.6013422437	63555.5606818992	64791.6523946825	65222.9396655874	67747.9220129435	65454.6443938772	63928.6936188182	68285.3361200667
nonPR_Hols_4	67715.0509504824	68090.299982175	68521.0566109722	69576.2191494885	68780.507188655	68425.6941159669	67916.0828990079	67998.8844488356	67773.4732298251	68361.0496461448	66473.0630396906	69864.0400444189	70228.8044009385	68325.9724773219	68017.9445392937	68087.5842155603	68542.0761147697	68482.0703818024	69135.8988722733	69763.9699736286	69570.8874852385	69647.6628953889	69596.1226380078	69882.3371585997	68959.6778621061	68838.1346707716	69061.6531722044	69064.568944985	69691.5815039324	68374.8871339743	64571.0031452386	64885.1604376864	65320.0520252283	64474.1073687241	64630.9506250884	64955.3158479246	64263.8106868017	64583.0030125494	65101.1966002319	66163.3266880898	65496.337151374	64585.0738188242	64344.3174357168	64977.8509446611	64726.4659398184	64293.2516990175	65645.2521133002	63664.5010891278	64336.3287811294	64023.2226165224	65599.5867361825	65884.9394685773	65773.2920894027	63653.4420813652	59242.4070085458	65231.3000412093	64914.4481551686	60881.9178301297	57579.0019842725	65281.5498642583	62456.3288465712	67009.5056274056	63441.0324047274	64073.2730490524	69029.6751856561	60025.989616314	57319.0023372807	60548.2135915886	63389.6815699593	63318.1479765162	66796.6381365029	67857.0182921978	67739.1079111391	64489.1173445899	65567.607755073	66059.1866722472	68680.1165501587	66271.0361631276	64820.2509388126	69171.5553778954
nonPR_Hols_5	65222.7380822093	65596.4978902097	65993.602614673	67026.2294557367	66234.2124177037	65881.0997655894	65394.6893261041	65472.9345735279	65259.9940311101	65828.4399346449	64000.5505698149	67275.1154442263	67609.05451092	65805.9290818898	65468.9912324915	65562.9063194977	66009.8559634583	65922.216356994	66572.4587937058	67198.2076486771	67005.5083950176	67078.3847059633	67039.1211041699	67321.9162168059	66450.1172717276	66335.6024654828	66517.4545128579	66538.8371207766	67147.7518396715	65884.1857967837	62159.5258184877	62477.6056294636	62881.4925107935	62078.4622607354	62206.9317000313	62512.3285335483	61850.2812034096	62168.6275397212	62681.2977583675	63684.8939321362	63044.1736979184	62158.4089551853	61958.3162648103	62539.5678842295	62319.7834127861	61918.5565660766	63191.9644073719	61287.0025475622	61934.1026941466	61641.030930327	63111.4627755003	63413.722520257	63271.1290396683	61274.9980571782	57271.536911145	63014.9560477925	62707.5383454496	58976.6734795814	55921.569747175	63034.6840301824	60375.617808659	64776.8851156227	61281.8259241601	61970.5018472904	66568.9198979918	58172.9468388077	55418.2116646003	58640.6642157986	61477.8861276668	61215.993712388	64516.1956781337	65493.8741283791	65387.2771176697	62205.4361544403	63324.6721064656	63813.6457894289	66414.061881108	63991.1178646479	62562.2356208092	66801.5801140445
nonPR_Hols_6	67867.9914487272	68220.5054143566	68685.4898103468	69708.1272185713	68930.6774822752	68569.4760396751	68069.5103922273	68156.8901533013	67917.7624484212	68522.1013430175	66634.7378360672	70011.5051154521	70360.4616128316	68466.8146109617	68141.5473935818	68233.3650078314	68693.0731290946	68639.3083514928	69267.0685040562	69843.8857700637	69631.349715103	69738.2795794339	69682.760704579	69959.9683472927	69017.7895848026	68931.0891106627	69146.4018428276	69145.0249361139	69800.8207375862	68446.6181084597	64650.3107927027	64958.2519179615	65386.5620243301	64558.7339203236	64687.2214073823	65023.9422605344	64336.8870768242	64650.4718286585	65198.904709961	66254.7416159683	65580.422724039	64652.1861533174	64422.839958775	65093.3249089933	64795.4582488041	64368.8958480068	65699.3682399571	63729.4900670077	64404.2392243361	64114.7700768338	65651.511896379	65910.1589937612	65817.8836680263	63711.3387662507	59410.5453637807	65407.4156134298	65082.7213915514	60917.0029039567	57622.9806202997	65406.2234405804	62558.6646831937	67114.1060149831	63519.9027932352	64144.431819735	69153.5151065522	60075.5182730047	57525.7983594027	60686.5166824178	63500.1651394537	63460.3196168796	66860.0543153866	68045.9529123215	67884.1022432665	64597.7435238827	65774.2834491924	66242.3784661659	68833.7096026272	66465.5429735601	64928.6980196575	69372.7636205936
nonPR_Hols_7	67213.6223713902	67559.2299504258	68028.3670625502	69015.0868854932	68232.6370927117	67902.5677046953	67411.7087035125	67498.0348781886	67269.9784511956	67863.8870475801	65990.0552592789	69339.3525672527	69675.8573598879	67812.01766648	67481.7387007879	67581.0739500652	68044.9154637263	67976.204489812	68603.9679619787	69150.9583355077	68936.0723448408	69048.0018079714	68981.521523884	69274.324000544	68335.5350617919	68241.816997894	68454.9938340665	68452.6862310804	69099.8250887343	67761.6241492382	64008.7570164854	64316.6853500377	64733.5278858798	63927.5281886122	64061.9305695392	64387.8031608981	63719.005481865	64028.9895995631	64558.1631737187	65594.2194792073	64953.4184622069	64015.6416938887	63793.0905739847	64462.7254354071	64156.530132393	63752.0574228906	65042.7947334816	63099.7134012709	63773.4645946956	63488.8208823888	65005.4994983696	65245.4118999001	65169.2512956416	63083.3219382504	58782.3715304754	64758.3724395733	64444.0645423313	60311.2220950574	57061.3498621423	64729.5767300451	61905.6732336232	66428.0926912945	62854.315742307	63463.6878166469	68469.8393155089	59458.8528704886	56947.2422334243	60050.527094042	62859.8897394235	62800.6759799876	66228.8778339185	67338.7787782539	67205.8714741367	63934.8346449229	65163.8331466027	65602.4007619997	68135.4121958381	65838.4514058809	64314.0147618227	68668.3596345538
nonPR_Hols_8	67295.4416967801	67635.6710723097	68100.9527694853	69110.8665154729	68333.3242576852	67977.6717510097	67484.3306703896	67576.5761044283	67344.3497398501	67933.6913104003	66075.3250356563	69406.951349193	69749.1244030398	67880.9458567405	67546.5689842282	67650.7366379794	68105.1408574326	68047.8340730376	68673.2846972997	69223.7136525446	69014.3074847125	69117.4487973178	69056.4504257646	69345.1728721669	68414.987407917	68321.7492602839	68532.8026462695	68539.1152514984	69174.565490039	67839.5010660256	64080.4388844359	64384.3554417353	64804.1452830946	63997.4713671868	64127.7068520943	64457.4881622299	63783.0693872148	64089.5757885346	64623.8978083521	65661.5167616636	65009.4332900582	64084.1633821785	63853.2528899912	64517.7590268386	64226.0894032829	63816.0017138308	65122.46038376	63175.4027829253	63838.4721235409	63561.4565413452	65074.7862090719	65325.0820181592	65236.8495431438	63154.3684975918	58833.0199018011	64864.6503229868	64548.2675099976	60366.2752954565	57108.5931617551	64834.9049599584	62002.4962622769	66538.3994820575	62932.1947148198	63555.9142737922	68556.0186047318	59529.2913702482	57031.9541529045	60161.312040337	62923.3550202613	62909.431782694	66320.1043770752	67451.7787022484	67310.8538493788	64018.8524140618	65224.5859772509	65674.1933022088	68254.1920906365	65887.1901716461	64380.1433146305	68766.3718262071
nonPR_Hols_9	66123.3144643773	66470.1615512023	66931.4688661148	67914.9148585408	67155.1258384457	66808.2703373286	66335.7270206924	66405.9843327716	66182.5656157805	66773.3523243506	64921.7801129806	68217.5582473442	68555.828627725	66721.3011295111	66393.8497607129	66482.7620296412	66931.7400613758	66877.1472948382	67489.2025532869	68037.7171109085	67831.8728934055	67942.4683805299	67890.9191518601	68154.5656994789	67230.5994071597	67161.345037751	67368.6473008958	67358.0547947096	68002.8351009158	66680.6827935655	62958.769518644	63270.1502095575	63674.5946828155	62877.1572305355	63001.0763655483	63329.0682705071	62662.9426989329	62966.6858403655	63514.4629698496	64538.73530171	63880.1753536543	62966.2381116017	62753.9912301839	63412.8754923535	63108.0400447996	62689.3414498574	63978.5175638463	62059.9130540152	62724.4973556094	62437.2345442456	63940.4525285464	64184.7471508468	64111.3232905294	62042.217163179	57961.6186374009	63743.3444907616	63400.7018534149	59390.0581235319	56161.6050147829	63726.6261116089	60982.3438808247	65439.5630216741	61922.2882747475	62512.2312361676	67384.0593528902	58604.769587242	56111.4849298999	59113.2563701814	61912.6913599576	61825.7893413532	65141.383550845	66276.1672495137	66163.1940994542	62923.0514543163	64100.644344375	64565.723698221	67063.1918619211	64790.0773980957	63287.3196758004	67604.3995895127
nonPR_Hols_10	67166.9020114087	67517.7409812645	67981.2220015316	68965.691237603	68194.0281337076	67857.082887636	67366.7897340368	67460.1487964294	67222.1867759908	67814.8498991603	65946.8935624456	69287.4602576923	69631.4542542652	67758.5261468723	67431.135699379	67525.9067847809	67983.7670802193	67928.0898720926	68553.4137528386	69112.1611473839	68898.0685880027	69005.2651549034	68944.3192048149	69226.8016921867	68295.3180091573	68209.2021451655	68420.4679312441	68418.5587709592	69064.8429074581	67731.5358592625	63998.1521083299	64307.3718581106	64717.7728807744	63913.3981084126	64040.7967737731	64375.5522739758	63699.6630620711	64006.4886236944	64545.8394513745	65582.9228578719	64929.3037150639	64009.273724938	63779.9904737301	64446.9456244532	64147.5278074603	63726.6757667203	65039.172977205	63086.8257593039	63757.8051009478	63475.9696726914	64992.8567348842	65242.3521978716	65155.3864007986	63068.7662274184	58728.0173944919	64699.5219023075	64395.3640684169	60234.2036218907	57003.6223864054	64703.0318289122	61874.9440460897	66390.3652795752	62818.7585844342	63423.2093496216	68412.3343224363	59392.2247570806	56907.4745915632	59997.1995567296	62766.8789186624	62750.3095148613	66176.1649024289	67325.1726084852	67157.1277605726	63890.6175331883	65061.2069872846	65531.8077399	68084.2678420934	65766.3859055333	64253.863245942	68628.8534795808
nonPR_Hols_11	65431.9645991376	65763.1839520534	66217.0806238295	67166.8582032433	66403.2195972265	66080.4761982504	65615.3150841083	65705.8533747779	65470.4235786014	66052.602699606	64247.8566878197	67470.3667967231	67790.1988892997	65996.0841333479	65649.260507304	65768.2739712139	66209.8155601734	66141.4667721179	66754.6832394607	67321.9240222144	67111.2334268565	67216.5265107853	67159.5758249403	67440.331297035	66547.0858048961	66457.1113156719	66648.6134063116	66654.2730155258	67272.9714276928	65983.2478331305	62306.2736243144	62608.9043145891	63000.5413901689	62223.3144770276	62346.187252596	62665.9657679797	62024.0461090033	62311.7927221668	62825.8369368825	63815.2976692695	63209.9999005539	62297.2735851999	62084.0687173437	62725.9255487331	62445.4860180042	62056.7549143703	63316.2400164039	61417.598801421	62078.1553250457	61800.8974543198	63265.8445198423	63505.6150727344	63414.2922456747	61396.9181495652	57273.3064456706	63058.8355779891	62749.2850636095	58743.471597129	55652.7693608894	63001.7566026067	60345.9538997681	64711.6899589787	61229.3529835168	61842.8727805675	66664.9087612527	57937.5512927046	55508.8835820255	58523.4932639942	61243.3455905003	61168.3223944742	64540.2583423675	65535.9343043405	65460.4006962082	62299.2538974488	63487.4041806558	63908.1157620108	66395.2034540332	64083.9990696698	62629.5629076176	66848.6228351458
PR_Hols_1	69142.2837003999	69522.915093364	69993.1820882588	71049.4875927561	70245.6892993786	69887.2296132191	69372.1442080669	69463.3060837477	69221.6540930077	69832.3405580683	67902.6346274162	71362.633012138	71724.3505747878	69776.1035919628	69461.1521589713	69532.5548155387	70003.4502393418	69961.4238587427	70605.8508650913	71208.8970891302	70998.7268391945	71097.791421144	71045.5183341874	71321.3654461953	70356.7416847612	70281.4615442938	70498.0378136593	70486.0202736146	71148.4452739682	69785.7964813954	65888.4509502666	66209.1048230783	66640.2416491007	65798.4755959832	65940.5443098361	66278.8843489164	65559.6076450093	65906.2576645138	66446.8195769496	67543.1306054018	66846.2704915737	65924.4582682559	65673.3909055692	66341.4797293346	66049.0675044388	65604.7815485573	66963.3692378644	64960.7965049515	65637.0582472744	65342.6030750948	66927.615508827	67194.6239055712	67107.4878360484	64939.2398048173	60541.2739613425	66661.3331994061	66347.5380986573	62108.101330065	58766.3224272802	66703.3344305452	63773.6886962872	68433.5466274278	64745.8981328179	65364.1458712704	70488.7435139777	61229.9926088616	58547.5541934247	61841.278081429	64716.2991021269	64669.075846236	68145.5806609652	69369.020067456	69162.3094312691	65803.3941677323	66983.8242982617	67519.4571234102	70146.8632401098	67755.0966494814	66149.4987599194	70705.0988084813
PR_Hols_2	67835.9480619904	68186.499242351	68668.3872421909	69680.8757152895	68872.4282888972	68558.0200443593	68060.5781209444	68134.1223755711	67904.0218394766	68513.5611454651	66604.403785658	69999.3335552599	70357.5467145757	68454.0722881979	68138.6566458695	68223.2613294084	68689.2422474071	68635.6232067316	69261.601094358	69835.3168422546	69627.8241018054	69744.2511274892	69686.4308244447	69953.510116545	69004.8847293162	68936.3108996323	69149.188564145	69138.655156802	69810.9301607336	68453.2032085334	64639.4741280315	64947.9469249852	65377.1063739123	64535.1628800583	64668.7223994375	65005.2234061937	64322.5871764921	64644.5829141816	65192.8484892269	66248.9210107205	65582.9031566714	64644.4707887894	64405.3101853132	65094.9622470567	64779.9329723112	64357.6964976707	65675.5392879227	63704.4441011458	64397.2469745035	64092.5459407564	65643.6246786834	65907.1048508398	65815.1656781052	63693.642651752	59468.7868321011	65422.4791793166	65051.7001784653	60928.3254120019	57647.9449183046	65414.5219943508	62557.3592980579	67127.9680847149	63568.4529779133	64177.7230835639	69129.9669063359	60040.2416545979	57521.6945652416	60661.2403434094	63501.3660123705	63456.860838452	66854.6227480046	67985.827270385	67881.8235773097	64589.8095901956	65755.8245770256	66270.4771621862	68849.6944507692	66467.5973160177	64947.1857998289	69333.5556908355
PR_Hols_3	67166.1087362582	67513.2041360074	67987.6947863844	68974.580047181	68205.9994967517	67865.999975536	67379.2104071894	67456.6900309626	67230.6991917871	67826.6303163117	65953.6817733185	69293.4126480957	69639.5681510542	67771.5100883685	67450.7000181437	67535.9783578997	67989.6340152366	67941.4887870316	68557.6731445526	69110.4401616692	68890.6702818701	69006.227433878	68950.3120894327	69220.253825159	68281.1790052496	68208.9513122304	68421.4409921264	68409.2377949386	69064.7083524376	67719.7029923633	63986.24061175	64297.5755479799	64714.5977918531	63908.1844726378	64036.8613878467	64367.5603761257	63693.5999795182	64001.4566445133	64540.167634255	65590.7382161654	64927.3468006436	64001.542550688	63775.6986279737	64435.1977466927	64142.9868535543	63720.4835995447	65032.6932344177	63084.4059166241	63745.5101660227	63457.1245643436	64987.199421497	65231.962266553	65162.471277157	63065.2204359764	58779.3371071765	64698.5256091398	64393.5306817719	60261.0046621576	56964.1192976248	64681.9038145553	61885.0366395659	66378.1159303807	62836.7707624285	63409.1410059425	68426.0373783847	59453.8791618305	56952.1074296097	60003.7958136997	62787.2615045741	62745.1206639901	66126.7511859248	67283.1518656803	67158.2990611418	63909.4575598043	65106.0493415215	65539.0394788816	68059.1574715632	65761.6606395969	64249.1070256488	68614.1507497132
PR_Hols_4	67394.4552482457	67745.7521782733	68215.9032021223	69229.5381922529	68454.9000480505	68098.0458054894	67604.8512637246	67676.7492004752	67452.2775441373	68058.0489978783	66159.185677756	69547.2429354236	69885.5965958686	68006.7460243456	67686.8375637068	67768.2821860057	68228.130567162	68168.1032239159	68795.9848926625	69373.5260987293	69156.8611664225	69269.2257575418	69215.1851575716	69482.6331312865	68546.6891135072	68462.9496248131	68685.2684827808	68672.4526130266	69336.580870813	67990.4346040286	64199.3567952305	64508.4912879303	64933.229156547	64096.4114855435	64221.4276917721	64562.5905260468	63879.7921769244	64197.4970527203	64748.7566527597	65793.2132169572	65119.5050116211	64199.6411598353	63974.3716334454	64652.8591963786	64340.3493064245	63917.6389159225	65228.6811330751	63271.705900972	63950.672013904	63649.6805257641	65193.7249748555	65455.2698865553	65367.7974101532	63256.751027297	59087.9651486111	64995.3335844494	64626.753524308	60583.8712307396	57328.5534953465	64997.3284958108	62185.4539119612	66704.2968576973	63143.0650476211	63794.2371916972	68666.4940588398	59707.2545262493	57153.2867836915	60282.2243417483	63134.0323286933	63049.8635007553	66439.2581006312	67591.4559285969	67426.8967598283	64182.7153340441	65313.5347304066	65813.239784727	68392.4367749705	66034.9118680343	64520.5411424866	68924.1712794669
PR_Hols_5	67115.1574070881	67469.8659091313	67933.4016018491	68939.0398630926	68154.2960734244	67812.9757260744	67326.3069251495	67398.2505489467	67177.0399330941	67773.1062112994	65886.7489178189	69248.9166743397	69594.7020375259	67720.5273564011	67400.0245369994	67487.7831991618	67948.3221676136	67887.6120503237	68514.4990502205	69101.6513640789	68885.9212786489	68999.143067174	68936.1465933081	69213.4474215234	68268.496990321	68191.8903311611	68413.5741571165	68403.7274521265	69059.3987920768	67719.7827701314	63901.9655687464	64209.3637346083	64627.0474037872	63801.5172690792	63935.2587424311	64266.8528992423	63589.8280954133	63913.9610656612	64455.8664738048	65486.4460315539	64831.7111538305	63912.7000671399	63687.6368990734	64351.6300266059	64050.7523694108	63631.2033361882	64930.9788596187	62984.348677298	63658.2127638984	63355.1510698775	64888.4158496861	65152.2811498178	65059.3039371971	62970.9108083813	58877.0226521944	64754.660359263	64451.606788955	60395.3591161335	57152.1891708553	64745.1558768653	61990.0702604797	66456.5973269248	62917.7286200357	63536.0397044256	68430.1140687044	59545.1770837237	56995.8021864272	60125.8169011337	62943.1500445733	62886.1952507364	66163.86858711	67299.862179917	67193.2512883314	63948.4571668284	65104.0334727341	65589.0211309498	68153.9100602431	65785.1440742193	64230.5449989737	68644.1420091129
PR_Hols_6	67470.9931057669	67821.9104134269	68292.6895206407	69294.0384399328	68524.9109932619	68174.2091541832	67682.3125918904	67755.6913835652	67539.9278094605	68130.138508043	66234.973394609	69623.5696788994	69977.278837828	68080.16551434	67765.6853202983	67848.5848952521	68313.1886141433	68255.2674876808	68882.3011044525	69465.5639970336	69244.3134429678	69353.6511716399	69289.6908306687	69572.6963995709	68623.4598878773	68536.1332157522	68762.8511316581	68756.5207003771	69415.1883158198	68059.4148986678	64297.3358428232	64607.2333047927	65028.7950312629	64204.8505347704	64332.8801943955	64673.9367179422	63987.0670288518	64313.1105175847	64851.4980593162	65891.7067130753	65233.0899736416	64312.3435466941	64082.0339950496	64760.8885592848	64451.3731272665	64020.6564733931	65338.3685624381	63373.8817704854	64049.6181312664	63767.2342559163	65296.5190992766	65544.1246245541	65464.6969981342	63363.0408698823	59098.0370062149	65063.0432499096	64732.4876326618	60622.1448481035	57336.9706833417	65032.292328152	62241.6939635736	66767.4771408632	63189.2602539923	63809.7290758966	68788.561045545	59757.5490540293	57197.6888380256	60316.0359956582	63168.5512287812	63110.7821656426	66501.4185481855	67667.244413726	67519.4321686575	64243.5909129274	65397.647040276	65881.4309712098	68444.4292899245	66119.9721702847	64576.6216768838	69007.6686701291
PR_Hols_7	67988.167017482	68337.0387071133	68817.5140670354	69828.31726938	69027.1306060643	68705.6749532869	68202.568720731	68291.0835574336	68050.825423624	68655.9024819192	66756.939216646	70151.4772698155	70510.0352863504	68590.7895851576	68278.233974877	68361.0369812196	68829.4439588517	68789.3194449389	69411.2044369017	69986.0759706073	69768.5452422453	69880.2554180155	69818.5578440978	70090.7372050687	69144.8610693901	69059.2449082368	69284.0091341286	69275.8403277652	69940.0150578701	68583.1025870526	64785.8289993354	65086.3980821817	65517.6026680394	64682.3268641864	64812.0370569314	65152.5527368221	64464.8133418403	64782.7137072041	65328.2597612949	66390.7084815418	65723.0695241255	64789.3235134034	64547.5685638242	65237.5819648662	64926.0556346046	64498.134253759	65821.5246795564	63853.0073733574	64533.0871448508	64249.3037945645	65784.8109054873	66040.1509437935	65954.8152132088	63829.4026260619	59482.063899389	65558.8799793007	65202.6076528953	61000.2821632864	57685.2604465705	65544.163060538	62667.4337282971	67232.222878123	63616.2465486751	64256.7964230972	69295.983219579	60117.1137097202	57611.037968509	60768.9427990788	63536.1778614745	63583.8728265903	67003.3351890115	68150.5201571402	68006.0508726004	64720.9821360981	65893.2846157719	66380.7982069182	68956.1164014964	66601.8145921782	65058.1935252954	69482.290855142
PR_Hols_8	67790.5786130716	68145.022266202	68625.1781581115	69629.1599609182	68844.3931235347	68515.729707864	68017.4336025608	68097.9718381427	67863.984725819	68468.012021771	66566.4320940551	69962.1081626849	70319.5075993939	68405.7118799288	68100.903966751	68176.2410524167	68641.7483132133	68598.408973298	69214.9440806808	69776.7502788006	69564.6713141345	69684.0324557716	69614.4719705291	69887.2303988046	68938.6849197853	68848.9752476951	69083.6570303618	69068.9815093689	69733.5414414695	68374.2333995947	64590.3462298381	64899.8265525401	65330.2571721713	64488.9053487495	64623.1880176844	64966.1989889764	64275.8283740505	64594.0132108997	65150.4941530166	66201.6013826511	65542.1214731389	64599.33745854	64365.7946930129	65046.5190406276	64737.4639313569	64305.4902892902	65632.0654511862	63660.1783988454	64343.9113171029	64046.3155073539	65603.5680120723	65856.4713506548	65778.4559577738	63642.9854084539	59386.0822317928	65368.630075279	65009.6790641804	60877.1141814629	57602.7217007757	65374.0712298235	62512.4290684764	67067.3862076284	63472.1060130651	64101.9023005372	69092.2394537625	60021.9017647135	57470.047640154	60605.0072735906	63434.3715733071	63421.3274328358	66776.9090753558	67971.6185301472	67824.6519951983	64539.1959790412	65716.1344770561	66169.8338453759	68756.1989122155	66420.1868260464	64874.5855882705	69291.2137749943
PR_Jap_1	69308.0136278636	69674.9595416402	70137.077839101	71186.8814591061	70342.84604228	70004.4740518197	69501.1593131961	69581.8057013015	69348.3930293763	69977.8927293632	68017.8593270552	71461.4373152124	71839.2472150789	69904.291339494	69545.0163991817	69665.2375022772	70119.7462926679	70070.4410385552	70737.9305728367	71427.8406698169	71214.8673943226	71319.3575185103	71291.8414365345	71541.0783526688	70563.9805881151	70526.8139398192	70741.0245191931	70730.3536294687	71417.2058190511	70067.2012689888	65894.0544437687	66226.031446735	66646.4893887467	65795.4582018031	65919.8425289423	66243.2964550983	65564.1874931723	65886.6338233293	66490.0110278989	67570.3114361665	66842.5944111149	65883.2708522514	65680.1979551231	66310.3381641377	66054.7686370997	65621.1495607276	66959.5538775573	64949.9797327845	65681.5328177451	65308.1630739384	66874.7435297491	67228.2739511303	67068.9016555187	64939.7004947145	60925.7412474411	67054.5037416492	66654.0443079538	62657.6612669049	59386.4393624212	67032.9330749011	64252.5091055076	68909.994859588	65120.6048270049	65801.5796858948	70778.6527311553	61770.276038398	59092.4180119186	62366.1993881353	65398.4623808753	65209.1548512238	68494.3942333439	69579.692252539	69522.5452123178	66241.4933618516	67449.0771768872	67906.3981505224	70614.574628282	67844.4484979597	66455.2832964673	71013.5135013716
PR_Jap_2	69351.4523795942	69716.1467817434	70182.4646227171	71205.2610932185	70361.5540509979	70035.0020832267	69550.5563061323	69621.2804967409	69391.6358762164	70026.7655732633	68061.4117615329	71499.8830642982	71861.9768366848	69948.8981640886	69554.0946661639	69694.0659828788	70145.2086895785	70085.4486881347	70772.219326608	71461.5977320216	71255.4705159462	71356.3154368854	71347.323784194	71581.2965918719	70604.9962019001	70588.2371850453	70774.2904027131	70768.6757622119	71443.5249339456	70103.0150822996	65913.6686946407	66262.7935846496	66665.7658070687	65837.9702658078	65966.593821089	66277.8565425639	65597.9703893432	65919.4215776456	66516.8607544263	67611.2454182286	66869.8895664941	65914.9595354333	65712.1262941778	66336.477786991	66082.5388931295	65644.0417002744	66992.5361939577	64983.3165169044	65714.8903391167	65347.2600621559	66898.1728338203	67254.1920718707	67105.9299753252	64971.2754414305	60960.6359960966	67044.5415014842	66657.8885858329	62671.734332477	59341.9482229301	67073.845757726	64254.8938864031	68929.880354354	65077.0127386882	65821.1768504167	70829.972214909	61768.9168093873	59098.9691531749	62373.4432904475	65382.1105227376	65148.6352155541	68537.5544728146	69623.7222404767	69548.9888114126	66273.4521596732	67472.533529083	67983.4418116855	70604.6592875367	67902.3344528748	66516.875849585	71039.1547102679
PR_Jap_3	69609.5415661096	69970.3690006027	70450.9285209794	71472.1733542589	70629.1555464741	70310.815981762	69809.9853323764	69889.7345000991	69664.4477669524	70295.4417654594	68313.4115808891	71773.668201238	72153.3652280345	70208.1612822266	69849.8149437442	69969.6349016404	70430.2849184615	70379.2156757588	71052.2301704069	71734.5783681717	71505.1788001168	71624.9569379996	71590.8089350927	71832.0914839835	70866.0124166487	70818.448022076	71034.4744974178	71012.8848452475	71714.4536874627	70348.1099359679	66213.8089510301	66550.6878223557	66969.9726533638	66127.2896128726	66252.71866595	66574.9161024065	65887.3483590185	66216.9901433943	66817.660167295	67899.9310747093	67180.7751995368	66215.4980518609	65996.2262025068	66652.3012885901	66379.6363332787	65938.7969378746	67290.8204612966	65268.8641399018	66005.4678019344	65632.8273693205	67205.9048191538	67543.1200791053	67409.0463275667	65254.000589265	61160.4066135702	67319.0808627045	66895.3933427743	62874.1646446904	59481.0990925953	67322.7033786474	64439.2865021505	69163.8784660892	65356.7714678466	66020.1922145749	71066.9173363237	61897.3469424732	59315.7593799424	62550.4508734573	65516.6896554503	65445.8097586055	68740.6246049592	69837.9303180594	69770.0284906421	66546.0997654105	67733.6135184657	68162.2765794188	70857.4521741256	68148.4644905398	66731.2442763631	71280.7507926066
PR_Jap_4	70735.4323990287	71109.2591108386	71592.8330813784	72637.5033873803	71775.9171292663	71441.932318994	70938.8989958199	71028.3939284923	70784.6976221391	71427.0924177301	69438.6100750696	72928.4718913206	73311.2609033581	71341.1285820022	70954.9799121336	71092.43048543	71556.2601841528	71507.4075074122	72192.7425704586	72886.3744615791	72677.4511408472	72771.512656709	72756.6198195925	73001.7671879391	72012.0959774321	71979.9272552119	72185.1766587957	72176.5528429175	72868.9022962013	71495.683233499	67239.7474304626	67579.4148451459	68002.7167230188	67158.6379773447	67296.5794191926	67603.3311292439	66918.9538835834	67239.9675819345	67854.0545403818	68955.0710284365	68215.107460958	67244.0507446299	67021.9318397018	67669.7183590148	67406.506416442	66964.4843894799	68340.2619904499	66289.0249451025	67035.5433296574	66665.0836684628	68236.5151517886	68589.791994461	68438.9324732793	66273.0594775898	62103.8511805912	68429.9879224165	68074.2628685487	63897.1995359885	60593.7016840194	68424.8260555667	65567.7935733289	70324.4818401703	66351.5558340034	67105.9689025826	72278.2481175855	62942.6608101338	60316.8156809364	63658.9767483507	66657.7322584148	66497.9233187191	69970.332468299	71059.814283897	70987.6702631994	67593.0324144851	68879.6210734379	69355.4291743064	72107.6148514511	69285.4045203887	67836.2358206454	72499.0975944332
PR_Jap_5	69342.4748515157	69713.5249661686	70176.146980445	71206.3196053908	70366.8778046888	70034.2414374988	69546.8321038344	69612.0740814875	69387.4607517127	70018.2981320586	68050.1919275137	71499.9121652637	71862.6907740814	69944.8546516399	69567.8722411404	69696.2555461162	70153.2003091539	70088.7848349116	70770.4872866068	71461.2746577187	71251.3197778638	71357.8094193377	71332.1498518861	71582.5755177345	70585.3124550265	70573.846135481	70778.0371778666	70765.1186188865	71447.041398523	70097.5035903076	65922.2677061915	66265.0132580046	66670.4300225806	65837.5535825352	65971.5949478412	66285.2441338592	65609.0785272483	65929.1961380659	66532.1773914561	67617.2928456939	66886.2799339742	65928.9536939073	65719.6057911771	66357.9713483686	66090.0175826356	65654.2406618332	66997.6787379763	64989.1807274774	65718.2260889441	65340.9941528644	66905.6058466694	67261.6907522923	67110.2459234966	64979.4831682495	60990.3633666694	67035.6645923418	66678.7177232687	62684.797792502	59353.2699705071	67084.2727933565	64250.3156030673	68921.8053750015	65091.1674148976	65786.1735344176	70807.5825215319	61750.227550976	59114.0097416065	62387.1336143243	65370.252903209	65187.2301877154	68507.7872010813	69594.3836890267	69537.1749738765	66253.8195489451	67452.0686401156	67969.0131463856	70615.3824227936	67899.805540961	66456.5253299014	71020.6708473639
PR_Jap_6	68626.0305273565	69004.4652060438	69440.2753239347	70475.5649663561	69638.6989678161	69305.775486579	68801.8142379737	68883.0265937792	68663.8777756773	69274.0722211435	67345.1616712333	70739.5592345838	71102.6706116155	69209.4514751781	68821.4025902507	68963.4480705913	69416.0000126114	69346.8940799228	70022.2525310586	70700.3016789882	70509.5546039043	70590.8130823091	70572.1268809024	70827.1047008274	69865.0172048058	69824.8939602934	70024.2646266436	70026.3615707	70684.7066193808	69367.9573321515	65266.6748703996	65606.8799252102	66002.6771927067	65182.0411630202	65307.3375805631	65617.0877488786	64943.5226697142	65265.3302694606	65858.666221816	66915.2983587759	66198.8435978542	65265.515799789	65054.8757817291	65676.5408681852	65419.6972169036	64996.8283760919	66329.4129846037	64337.1131576916	65063.1714863642	64695.7699043622	66234.5210618885	66587.1782433527	66415.2876965963	64325.8485430455	60254.8079426164	66352.1940202061	66007.1162379694	61980.7153300328	58868.8924956524	66420.1764665828	63553.6355322243	68216.4836753865	64425.9762501262	65114.7978145528	70011.3431402563	61101.6587138392	58471.32454343	61704.1836788944	64710.722939624	64531.0982371742	67884.1198086002	68877.6719901529	68782.4618659776	65553.3073756659	66760.6502007192	67213.8329684207	69936.9639969143	67145.5887962106	65793.5218282378	70290.9312234334
nonPR_Jap_1	68069.1887961239	68422.723064398	68872.4064026831	69841.4568180054	68986.6248032746	68709.7740497811	68231.9075500694	68318.3659194821	68084.2204894204	68699.4865952126	66808.941921814	70147.3207922194	70487.5263601968	68627.5289029002	68215.6268106463	68388.8756508404	68825.8673676446	68757.6425633833	69434.6486071803	70088.4195438337	69890.1142572727	69982.1404833646	69964.2707816355	70227.4086325013	69281.3893843692	69244.6805412724	69412.4379026803	69416.9428351188	70063.5078847274	68754.6708009521	64664.865529573	65001.4052831868	65384.3382555917	64599.8015558198	64734.6191820536	65025.088322784	64377.2286764322	64679.4362458497	65244.2677546546	66281.4935210797	65603.6964596378	64653.5203723358	64456.1903047348	65076.3250764589	64818.7693640869	64415.4435391475	65726.213446556	63757.2464557206	64471.4079698291	64123.5262932335	65627.4792549274	65960.7514001053	65806.6991581474	63745.0773599415	59775.3410586319	65770.2754753203	65460.0841873714	61473.4033965998	58341.6909093118	65812.9281765995	63033.6863011212	67575.9773262137	63857.9811252138	64581.5071281301	69473.2476797523	60541.2535651934	57992.1683596157	61232.1317281062	64146.2486139153	63963.3724754358	67336.5660441698	68279.0324873297	68236.1958407805	65016.6358312205	66233.9550708345	66681.1992189133	69343.9278756239	66620.9048192396	65262.2688141364	69705.3320662735
nonPR_Jap_2	67915.1696838219	68277.7807197786	68720.5156246686	69712.2794810327	68870.0724668391	68564.4789187706	68087.2426036785	68163.6731146907	67930.9035534233	68554.6354685237	66632.9646206915	70000.2341645003	70326.4375103408	68483.7753691152	68075.4226962825	68235.051600615	68671.7815804825	68597.1385756586	69284.8457283463	69945.3542929721	69753.2822734654	69847.6260155938	69829.7698751879	70077.3116479559	69129.9202836783	69083.9355414639	69277.6711387959	69276.7793794946	69928.1664158559	68633.109198306	64509.9302291714	64859.6708078849	65243.449552561	64421.9854848433	64555.4796584218	64868.7868321895	64213.0532772789	64513.402679878	65095.6897272062	66136.8850542042	65439.5948957104	64492.2771798328	64314.498356886	64927.4914846128	64663.50990303	64244.8087033164	65567.7523791013	63591.24694808	64316.6018645645	63946.1631961713	65470.1328046292	65822.880887187	65662.3977903176	63582.0286761481	59740.5792979939	65607.0101092927	65208.7820563551	61392.6176868904	58276.1501296052	65675.3257896271	62916.574009104	67512.8231295539	63750.6480393204	64534.8522106096	69295.1352409047	60468.1202573107	57848.5402036171	61061.3956937315	64078.9715611291	63818.4068495856	67174.2744678346	68133.2132175395	68079.7995474648	64856.905954229	66043.3972120338	66481.2756913519	69158.8345057348	66444.0607032219	65115.3099449411	69537.3708233628
nonPR_Jap_3	68643.6012961565	69007.1667451844	69455.5503622566	70456.5242285619	69620.6839367909	69301.5554710464	68817.3163233343	68887.3807284877	68662.2156594645	69290.1918674217	67346.0322522443	70743.9779279888	71090.8425636859	69217.8530814123	68812.7922752203	68966.8977757073	69416.594570916	69338.3265261085	70029.322494249	70699.5513025034	70491.2126870949	70603.4188088542	70589.7785659848	70825.5296392019	69867.1410696838	69840.1625761348	70024.0689203357	70021.3000526555	70688.4449960763	69371.0414726228	65198.2033952744	65551.6110996035	65940.3146620895	65124.5207625573	65256.1336324585	65557.94195343	64896.2688441026	65204.8092861425	65803.5036839798	66863.9746152899	66139.1339006828	65187.3193946912	65009.0350265353	65618.9239918974	65368.3474171657	64943.0483701248	66265.9230233546	64281.9687216213	65014.3915628488	64626.1030777747	66170.2965784074	66524.0896394222	66356.8666427152	64269.2257932713	60424.5791882143	66358.3879572071	66004.6483980979	62049.5068581806	58889.9795604477	66375.4948243266	63631.2556636967	68235.8995386451	64481.015274814	65218.9074194701	70085.5101812796	61158.4732912628	58570.2373005814	61811.8256459696	64795.6803717865	64576.1238447772	67869.1573139136	68923.1863087273	68825.5175463652	65604.69936115	66792.9414463152	67281.353738859	69921.7555203222	67196.0802650609	65810.9380836583	70346.9220857075
nonPR_Jap_4	68959.0726071374	69333.6481697861	69782.3582227732	70805.4997625459	69943.7876290316	69636.7382955717	69140.558284774	69223.0345349642	68987.4394998775	69622.7036488831	67658.7286905959	71090.2359161476	71449.5137637467	69548.09038894	69161.3787695155	69299.8752828235	69758.7344407303	69691.5216009476	70373.6167485937	71063.3318350467	70862.4260832032	70951.1235265996	70936.465603856	71187.5621106671	70213.3735826027	70180.5504256571	70382.1310501402	70378.4315416914	71049.1095414148	69723.5711993781	65523.7538070378	65862.1760070033	66266.9105345263	65430.7673831006	65562.6048805373	65874.9653064885	65208.7608371085	65521.5048749507	66117.2056289465	67186.3605934888	66466.2894400145	65503.4902549275	65309.1209864633	65940.2054678114	65675.0968802285	65255.7642909582	66591.8987121787	64583.8367681375	65324.4469570097	64946.3126644875	66488.6985173534	66857.8473516289	66674.5304794823	64582.3631274847	60618.9240175467	66692.2963644752	66343.4957241161	62384.6689994405	59121.7328943806	66750.1450056757	63921.2285386329	68577.1311927406	64761.0851430439	65467.4113491525	70406.7571115881	61415.8868723578	58739.7326984548	62016.592703125	65060.7051490163	64868.5154735297	68216.2404525994	69227.2255021298	69165.1753710572	65884.9202214667	67076.8673483761	67579.0199780152	70294.6973842853	67486.7119246039	66124.659167319	70644.9632015642
nonPR_Jap_5	68526.6191953444	68896.9978877621	69330.1102113071	70357.5592079868	69512.6566211345	69185.5453935333	68691.2825314356	68773.6896777192	68541.8363473842	69172.3946263052	67231.0330058759	70630.1847911092	70967.3537229068	69097.9163392108	68696.6101577509	68854.4551040341	69300.0447016082	69221.0219985319	69913.9476972432	70612.0700062542	70417.7247604669	70512.0855041908	70496.8298317789	70739.8940270603	69795.0484280596	69745.5855030892	69940.7675950305	69936.4281294792	70588.2087832674	69294.0931470126	65081.6405069259	65427.1082476282	65820.6500094687	64987.4222961123	65119.6947131884	65431.7073638414	64772.168588844	65081.8827001677	65665.2595885849	66717.9057821766	66009.9241159849	65064.804128316	64877.4631532021	65483.6475976861	65237.3509874778	64821.6148650122	66140.0250007369	64158.678346439	64887.3843841815	64499.8929651717	66043.8475964307	66413.9242975397	66230.9229971786	64138.2139815883	60278.6678297585	66270.9435282624	65902.1625016325	61973.1217950205	58907.0818926233	66323.3896762499	63550.276643161	68161.4787525732	64373.9644834351	65137.8185269124	69934.2566619065	61068.0179065926	58455.1433144372	61698.6389680069	64743.0444188759	64512.4405221573	67838.7169223076	68803.9189103911	68714.5619430197	65461.571950521	66652.1460603749	67138.8116467351	69868.3261044154	67071.2571005644	65728.5413916422	70226.5059108543
nonPR_Sim_1	63105.8994371996	63442.0442016123	63907.8272987582	64788.6441367777	64069.5707137373	63787.5280165606	63329.3635316311	63420.1390841372	63177.7285734574	63747.5845869053	61991.2788249361	65129.0160214834	65442.9828437223	63699.345358552	63392.3161202242	63450.6016918382	63879.4934430951	63851.826666468	64440.399197638	64899.2470123389	64678.1284453854	64792.8718480393	64772.6797248248	64973.4991213645	64138.9825181507	64033.4065520535	64212.3107835728	64225.4138949795	64846.5309140474	63577.1511185406	60199.4953502121	60517.4347170555	60906.06942632	60110.4552577065	60239.7226401047	60568.0869716543	59885.0477645912	60218.5339541874	60717.5543379953	61718.9159045184	61067.1248539765	60212.3823362142	60022.271070586	60645.7303852791	60365.8997452312	59941.9720802545	61190.202401393	59371.1453351528	59984.104612619	59684.5964450544	61160.4864144923	61362.1726553254	61304.4777805647	59299.110926949	55202.0646358351	60545.8153366025	60252.3790326434	56706.4493973466	53427.3650686109	60733.2717326421	58115.83880392	62355.2132745984	58978.9953161252	59685.3294848535	64149.2862072283	55963.9359187387	53368.0644724797	56350.8270567798	59116.951235903	58926.9980110506	62019.2772113016	63095.6807725998	62992.5496822983	59908.4094142559	60954.1776592211	61513.4605984783	63763.8969952433	61783.2457289242	60249.6096090372	64385.5124852262
nonPR_Sim_2	63582.6281009568	63933.863308161	64379.8998502469	65264.0991995155	64553.5612718284	64261.3456291646	63798.4051743545	63889.1764820642	63644.693050417	64220.2057309401	62455.1455595553	65618.6310943047	65928.2942294597	64179.4548128896	63857.2776440962	63926.3304853432	64362.1011529599	64325.4455770157	64911.5098229014	65375.7872257353	65158.4972931293	65264.8159541512	65242.4563860568	65461.8202783157	64593.0740543868	64505.3264473067	64685.1622862199	64702.8148393709	65329.3085599544	64038.0838102869	60563.5469511687	60890.8004576772	61269.0570148199	60494.0597731914	60629.8550093663	60942.2078883023	60274.1446213925	60591.8747361487	61102.4363466404	62102.0435802081	61448.1383092834	60586.2166053997	60391.4962276168	61036.8119501247	60730.094514085	60321.4278832991	61562.0695992994	59736.7961628252	60353.0352357657	60069.8079459037	61532.7705511629	61752.402593459	61670.3499914298	59668.5826675061	55642.9203115528	61041.9042180942	60773.0446873036	57088.1369887984	53905.9798295439	61223.5412313218	58616.2098894607	62813.3443791004	59450.2577126159	60110.4352472793	64681.3207212665	56332.5478740898	53792.1297203114	56862.003859148	59579.1522723012	59435.4131986219	62519.6123505239	63624.089006138	63525.6109607189	60323.0002587137	61430.1611643527	62025.2398827943	64293.4869219701	62312.3896975627	60716.0618788494	64910.3073352416
nonPR_Sim_3	63372.9308228837	63700.7605094739	64181.8564741151	65060.0525783668	64328.8281411191	64063.919873682	63606.9494319389	63690.9540346133	63449.9741746981	64025.7272742807	62254.3721399032	65410.8248022255	65730.9515933542	63976.4963896759	63672.0829395592	63728.5641483504	64158.1514211125	64135.3771960797	64721.3511420337	65197.6704275918	64963.0165946545	65084.5473668729	65057.4664514516	65256.526533331	64415.6838436382	64303.5296085118	64478.640329611	64497.2855254083	65136.4284443265	63836.2171203491	60488.9964344802	60805.3679942078	61199.6852626282	60398.0444960861	60531.2441578907	60858.1727344333	60168.1016449616	60508.8070594955	61008.2974579185	62014.6010315556	61368.1164559922	60501.3416331631	60303.9722594053	60943.3657456038	60652.6690040005	60225.1322117291	61483.1957342952	59653.2165722086	60272.5588205794	59976.2205425878	61458.1830394594	61652.3249763732	61594.7313443061	59576.9800605615	55426.3067563243	60830.2932213525	60481.1562946595	56928.6290489174	53575.9861708078	61043.5436785788	58328.4327461819	62636.9585807135	59230.8675968626	59931.8844710966	64429.1068092214	56138.0987584141	53592.9845877782	56573.6334795403	59318.4692429162	59181.7918408053	62283.2798295225	63360.6128591066	63249.9824179252	60167.2805818556	61207.6195580342	61771.0017588835	64014.0580385999	62055.5037700005	60550.9764383991	64655.268003785
PR_Sim_1	61818.6772389866	62157.6337095448	62602.5652027393	63470.0455560596	62758.8950921768	62480.1931717817	62032.7350211751	62108.6664226504	61888.2815974534	62439.5845977535	60708.0145375517	63798.5010295192	64092.989644836	62403.4744407506	62090.5804573669	62159.5176022873	62596.9941504427	62542.0937403899	63122.1291270029	63577.77707055	63366.4526463119	63484.754677839	63437.9119696376	63674.04212132	62812.362102373	62736.7617518864	62920.9275468473	62940.6070938429	63539.0193247427	62290.0420848592	58909.2479475991	59214.8550597854	59589.2602650691	58823.9483740289	58954.9340992683	59269.7494615757	58622.6253091879	58933.2562089564	59434.6860537908	60394.694288586	59770.7426218814	58916.0435000452	58741.6990729067	59366.5622801658	59060.2821503749	58663.7223124817	59875.1027664418	58093.8549677524	58692.9060075985	58415.1572487256	59846.489673876	60037.7171607942	59985.3305575986	58039.8250189372	54088.4193124517	59327.3823035438	59036.4411733317	55539.2862667577	52380.957914917	59496.0664620775	56910.4135167183	61078.5989192482	57787.7895866483	58390.7931470636	62831.131056987	54770.373151528	52230.4527403431	55223.532836998	57891.0188259743	57693.3831005254	60755.5644286618	61783.6512114578	61720.8162058179	58670.5113928701	59752.5015641496	60276.4398321208	62487.1444311546	60530.4435160711	59028.0635391993	63051.4868298962
PR_Sim_2	62174.1843591311	62507.4289428703	62966.1280924485	63826.4933229099	63125.247811232	62827.4576123684	62386.6102817919	62461.5338009823	62233.4247767004	62801.1696863076	61061.2639439994	64170.8423870414	64450.8201407966	62759.3972695404	62437.059605708	62519.1717529336	62951.8716334159	62891.1972237889	63470.139598665	63894.3960136476	63688.8899417807	63809.8774602793	63756.4949388713	64001.692285263	63142.9893951497	63067.4649490704	63247.5774000361	63266.3108312485	63867.8299102046	62607.6605968702	59241.7110477537	59551.7266524345	59930.5082051487	59160.866731122	59292.0930778222	59607.8562353773	58971.8925298761	59265.0028105447	59772.2044615724	60722.0011780098	60111.3036652386	59242.8001463427	59074.3542722687	59710.0502709799	59390.1997870757	59002.4023052297	60205.6666611195	58418.097614164	59031.3691013311	58743.7630493126	60180.3079564419	60384.5646380145	60333.7142623957	58372.8218720112	54468.3622764337	59675.987373299	59348.8251187679	55865.5630849096	52740.8807762699	59801.7893807931	57289.7925137637	61424.8043885311	58097.8203517926	58789.4032240645	63192.4867767882	55110.6722305374	52588.5968825921	55557.6780217737	58310.7251245193	57994.775594965	61122.5699066098	62152.2271114984	62098.544998472	59002.671453041	60108.4012231678	60648.6938854784	62868.167460121	60926.2149196978	59364.3374459774	63439.6571737151
PR_Sim_3	62779.7759165797	63121.2321209916	63579.2339451191	64457.6213291594	63746.2566051794	63453.1926332067	62998.2392241039	63087.9603732653	62847.7422897322	63419.6468170011	61652.9312735622	64809.5715836688	65102.2482080671	63375.7784041299	63071.7284404134	63136.0404751484	63571.9506838276	63523.3964357668	64109.0766116868	64552.3679526999	64338.8282153864	64453.7422569509	64408.1546867794	64644.8650858224	63783.5240745087	63690.5971764785	63881.9213765811	63898.3628089366	64511.1118218488	63240.0188968888	59830.0778788515	60138.7932343526	60535.8868353291	59741.0253311922	59866.8869284902	60195.0417126814	59534.5048872214	59845.3273083041	60354.1281903162	61332.5072383103	60702.6788499455	59835.9081655037	59651.8764045374	60291.0980001523	59978.9691214716	59579.7861767147	60805.6204485951	58999.0705928949	59614.847292111	59322.2904503758	60783.1351172549	60978.0232807139	60926.5464587593	58944.2134844378	55004.3932732618	60301.2307248225	59995.1495132381	56454.640392809	53295.1770877502	60449.3855836095	57857.109539536	62067.4288142043	58713.2845455925	59398.8455407149	63818.9676790547	55677.6606477321	53168.7636459573	56135.3073321856	58896.6685841583	58681.6044190632	61760.8634964041	62800.2414608084	62702.4469664955	59588.367716878	60676.9070492083	61241.3056611934	63503.3597608488	61506.1523574392	59946.9363307186	64090.511211591
PR_Cont_1	61880.0972020816	62206.0812550622	62656.9300130393	63496.3664208438	62798.4756217233	62518.4424054077	62072.888254158	62156.1359179732	61930.8774674465	62485.993390617	60761.6093578314	63839.201646325	64130.9669995055	62445.3247413306	62117.6118509443	62200.7981026201	62625.2697408929	62572.8771289618	63159.7685807326	63621.6982296127	63395.6413132406	63517.7495587581	63476.8953871653	63703.6916850888	62867.8620115787	62777.2530543693	62945.6349025692	62971.6862734705	63573.345890477	62318.5413785758	58958.0756920576	59270.1432564211	59634.9729154356	58883.660607751	59017.1949301289	59324.8195276164	58679.2795770995	58990.5676239239	59470.3501885491	60429.2128187768	59809.1494615002	58965.3267503155	58790.3018339529	59411.9785923497	59117.3884923075	58721.6290151816	59928.7457653139	58155.9974311243	58755.2909320818	58476.6146895559	59887.4576451834	60094.2557820733	60031.0250470939	58085.8392198741	54085.7716156077	59339.0776582015	59101.7748886908	55552.0377019764	52456.521230076	59471.7106322277	57009.5734088486	61068.9618920121	57818.0443894549	58446.0042875321	62904.5314918303	54803.6005753299	52351.2775756565	55298.6037378845	57944.7217265862	57766.5339305047	60797.6388009344	61832.076097394	61732.5081645916	58762.3559757958	59785.0779541929	60313.3785178707	62521.2221480293	60584.7894690172	59063.9584286463	63106.2983707504
PR_Cont_2	63073.8516792317	63407.2889589303	63875.081012197	64765.228654679	64045.4454623889	63749.3028929633	63291.4770862647	63382.0406746588	63141.197065435	63718.5090738395	61944.5064846704	65116.6592228369	65412.6566467773	63667.119974333	63364.2878970336	63429.0555638753	63869.0350380414	63826.4478517039	64415.453580833	64882.3816620099	64657.5394308153	64775.9953394293	64733.2000687821	64967.9239437035	64106.380833508	64006.0056264455	64199.4978711929	64213.9145777681	64829.8574349796	63554.6622858125	60106.1784562733	60411.9825366917	60804.822238243	60010.8895989643	60140.9867759316	60471.4109709988	59798.666985682	60123.4985037485	60627.1883878487	61613.3300324286	60971.5767969919	60113.254942042	59925.5758337049	60567.0841480964	60262.5289474112	59850.614651874	61083.071851372	59266.5967903976	59884.8852322364	59601.2204738332	61058.2921918104	61251.7916020893	61205.1575932402	59208.7526932812	55228.0052554544	60591.2734345164	60273.7041782434	56681.4096477843	53402.5250426467	60739.4961655648	58114.6167018505	62343.4158107116	59003.1715791289	59676.167581061	64157.8176900134	55865.2330921631	53355.3679434247	56335.7820871295	59094.1606116073	58923.2451319705	62036.3984796105	63112.7526883273	62986.4885262839	59888.4641115224	60957.8571877595	61534.7239146775	63799.134252095	61804.1983167356	60275.6687595096	64388.1211356177
PR_Cont_3	63088.827004882	63426.004606483	63895.2532801534	64765.919483293	64040.6662722445	63767.2077114805	63318.5018495384	63396.3731956386	63161.5795687974	63731.8821491662	61961.6315758876	65107.8298775007	65414.0227256037	63693.8929627769	63382.1780724698	63445.5148500124	63886.2758448638	63832.7363452339	64430.9894832993	64866.1403067643	64631.7902765546	64767.2757134795	64724.4961802992	64945.2158531931	64078.1912783826	63986.4871810994	64176.0778473052	64191.4501467984	64819.0140744627	63539.388691006	60136.5453012962	60457.2237053721	60843.1931878279	60057.7236944468	60190.296818926	60514.0211966359	59845.1352845726	60172.8150529484	60672.0891695768	61667.1216469393	61029.8098925843	60164.8255455031	59975.3022055339	60611.0478970438	60301.6303746107	59894.65919263	61129.9374046738	59315.6481311329	59933.8482075561	59619.7398427346	61106.3193882455	61300.422781342	61257.7766386399	59247.1122090226	55237.2701716934	60506.8105634674	60193.590207197	56671.688294133	53361.2156222451	60673.9335571385	58000.3177326572	62280.1045695361	58926.2095028574	59546.0220672455	64083.0767471229	55852.853938594	53359.685484554	56344.955087277	59018.6818687388	58861.5170166542	61933.136487184	63004.9654527277	62926.6851785217	59873.6679749488	60936.3469135485	61473.6946309739	63687.3615174228	61721.4053202576	60193.1399212046	64304.8026642128
PR_Cont_4	64108.9719955262	64450.5357639869	64921.0843810547	65830.3879360151	65097.7409397082	64808.068306643	64339.3383363687	64424.4080275728	64182.3522181302	64763.2161303255	62970.1614912952	66181.7043856435	66492.4527417364	64718.9885456352	64414.9066301941	64470.5575206289	64919.2317904776	64878.8834234041	65468.3571121203	65933.4506062424	65707.7981570433	65832.4536806962	65786.0139532172	66017.2369168115	65134.247531215	65044.0780099104	65229.5923903691	65249.4468330379	65879.7621166528	64574.3087848343	61139.457863184	61455.2630724922	61861.7309930807	61044.6460069164	61181.7065894304	61517.3920780138	60832.8137362131	61158.8081842776	61677.4612087753	62685.9350884655	62029.8939664061	61149.5030708539	60960.0852815668	61615.3376189632	61299.2905366696	60875.0243385014	62138.5707088995	60292.7844921775	60917.094214889	60627.1677561949	62119.1002634449	62315.6090184495	62261.522063922	60226.6476695229	56093.8518534967	61528.5731464728	61222.4803479541	57588.5328444116	54225.8045380479	61717.4162814735	59016.9773064165	63361.5402695116	59926.4099364693	60590.9870547895	65191.7688980256	56790.956671133	54179.4159738191	57237.8083774307	60038.281929689	59867.9443201039	63018.496554536	64128.9876737294	64043.1484959857	60837.9072304987	61920.3178786269	62517.5074521464	64781.323396831	62806.7269316397	61237.7746364938	65423.0695424292
PR_Cont_5	64198.5175363117	64544.8882290049	65017.6697709688	65903.5742338173	65166.9896559796	64895.8934952305	64427.9586954713	64526.7227151545	64279.2483160163	64858.0323257312	63072.7952163555	66263.1462610638	66579.5828560106	64808.9693438774	64505.3877566025	64565.2277423075	65010.2075279983	64979.7205154304	65562.6393510344	66003.646938494	65768.8821853102	65892.7786936428	65848.3037376152	66079.1668749927	65198.8370914896	65099.6643901742	65296.7247427969	65314.2736286487	65944.256978927	64637.1064333141	61223.3011565124	61532.5450715597	61937.2150146579	61134.6053654572	61271.3490436843	61597.9528690541	60925.2895048459	61240.082727207	61758.5367882101	62766.6422910454	62119.1739199817	61235.2317128765	61035.0361254038	61695.9306836441	61380.9804234476	60969.5159627493	62224.8168960588	60377.6201522096	61003.9211756418	60712.8834407098	62202.9631274124	62394.0785991692	62335.4556299779	60310.1816853779	56059.7781134919	61570.3622908973	61299.1516250769	57556.5218473772	54255.5906631079	61735.3439615415	59040.1311063705	63344.9434285977	59924.367624166	60569.2627277911	65196.9296904771	56764.1916375169	54242.2859446758	57270.1641869012	60009.2188527278	59899.3135034582	63048.609798437	64159.3232346576	64068.0851671148	60865.157986433	61974.9289828455	62528.0055706881	64808.0662700736	62827.0506083695	61227.069414468	65445.4888461229
PR_Cont_6	63181.7092289955	63511.1665766142	63994.7018383129	64858.5058620405	64143.2328433496	63863.9736537432	63414.4091428697	63499.4084594892	63250.1707913319	63835.2729827188	62073.4267553782	65212.8855109031	65518.0356704394	63777.4032478847	63467.8895669634	63525.7914286828	63959.1087505187	63933.2462778951	64511.6868079326	64949.2730570427	64736.1404422446	64862.8095602451	64838.1665145255	65037.3865487992	64194.4689008654	64107.755477521	64285.6542704267	64288.127043636	64917.8014594612	63640.6522487777	60260.8586805289	60581.1700197236	60967.0735029188	60177.3905749161	60308.6590850851	60638.3170072728	59970.2856029293	60280.9214193229	60789.2296377521	61793.0593740342	61143.4993468728	60266.9822476645	60093.9028019315	60720.9860978741	60426.83390939	60011.2652208208	61246.7214032703	59436.355787822	60041.5155140001	59751.9949550858	61223.7335417542	61428.5937593622	61383.4314001507	59362.4985272127	55327.2878634065	60628.0573329326	60286.0685475882	56771.3276588844	53511.5232861729	60790.3237949846	58198.2253657701	62452.8326782287	59050.5263188087	59758.0909207682	64243.3065017172	56016.0240028293	53436.6423011796	56424.0487501248	59224.2593896303	58944.8824388868	62088.6164699994	63166.0568212867	63093.4968230945	59974.3478342413	61078.108057377	61643.2612825556	63831.1870992714	61920.3125950164	60363.1607270713	64469.0024705727
nonPR_Cont_1	62501.4835978124	62838.5318427403	63294.7445513949	64157.0598031488	63450.7749604477	63159.8554596057	62714.7249830691	62795.9258478721	62562.2613847498	63129.8173713389	61392.215989719	64499.0648496342	64786.8695921961	63084.9207561064	62765.80100597	62834.1646605567	63266.6247788859	63222.2756028901	63801.9933574958	64246.9184353831	64033.2648663774	64146.4109256687	64113.2637277049	64335.8087641272	63489.8886581169	63403.1661809413	63581.5445674736	63601.0963272977	64209.1085764926	62943.3622137004	59549.9856302999	59864.8569485623	60240.3747077328	59476.8162342141	59599.9322406661	59916.8371068039	59265.8567896445	59574.9897778837	60086.332411921	61050.0898335671	60418.756466316	59571.9357310208	59388.0291340524	60013.7434596827	59713.9367001715	59309.7476726398	60531.1486312692	58740.4142811822	59338.4650292289	59047.7629937963	60501.3241939549	60699.2152230662	60641.9954739407	58673.2163467882	54708.8328592708	59949.8347606611	59683.2886133918	56204.3056305962	53006.2492393703	60167.1186538701	57557.6586064516	61763.9151660307	58423.6578843703	59088.2551405812	63523.7393030519	55428.3985040771	52854.2128889623	55859.0370134156	58572.4931972685	58327.9093135865	61454.10147022	62481.3866183692	62377.3174358035	59311.5115773122	60409.7997112044	60959.3132042227	63163.1800628776	61235.6560271998	59715.6742796293	63764.9498509112
nonPR_Cont_2	63364.6837714217	63716.7387308806	64190.6609280627	65049.1111634131	64345.9421521628	64064.9214145361	63609.306485611	63699.1167634428	63454.8790640014	64025.90687371	62261.4815227441	65410.0134842082	65737.0166214263	63974.2490363717	63678.9999549857	63738.7547417336	64176.6271392715	64143.3884356902	64728.1320750639	65199.8751544861	64965.2911779719	65097.1869767452	65056.338896463	65265.9133706349	64407.0701487928	64305.1577436581	64497.0429086276	64503.2354035427	65140.6914271734	63842.2076597153	60454.4849606086	60773.9385225831	61162.2507803354	60371.5286949739	60500.3637166212	60822.4913212465	60142.0551916152	60481.9375003265	60984.7426024492	61976.3672721263	61355.4775431357	60467.0792901511	60270.3737192883	60935.2058834535	60613.9396510612	60195.7880113507	61441.0060065193	59609.1052042423	60248.1937953887	59944.4805381036	61422.9509907365	61613.6167968322	61559.5483853806	59544.348833826	55459.3298662	60827.2140453326	60459.9099288622	56834.3528721597	53558.2563161831	60966.0661770786	58292.3957400497	62586.7478277232	59191.7341269331	59832.7361034984	64424.9642769446	56065.8342843032	53583.5608026554	56528.0908120978	59291.7185467207	59155.1144864717	62227.0020955684	63348.1961880155	63242.5164220428	60143.8798519807	61197.1866918848	61761.2296546637	63995.1258728184	62051.8620025244	60469.012585047	64633.656881492
nonPR_Cont_3	62275.8803047247	62618.8006950506	63068.8425542383	63954.8321752489	63228.5620586521	62951.1227772137	62498.8116274637	62581.7839345939	62348.9754249202	62913.3211211956	61174.3962610244	64276.5923796566	64573.2291227739	62869.4159342137	62551.2194727569	62618.6817132793	63053.9743321772	63005.7010513221	63593.0007532189	64061.1079092792	63857.9332869787	63954.2962424678	63929.5598471112	64155.1431111386	63302.6623796595	63221.6623742339	63396.1383677861	63420.4162458604	64019.2129774814	62770.6398264776	59377.5182255654	59685.1595886097	60070.1571286311	59286.0093892166	59412.0241862153	59732.1257318021	59068.1150520828	59390.2897220046	59892.2744035423	60869.8512554587	60230.5786053916	59379.1459574628	59196.7701757843	59814.8089611724	59522.1101691153	59117.9154525686	60353.2005847053	58551.0784968599	59160.2121058565	58882.7197473022	60314.1257278528	60517.0868775151	60449.1213951255	58496.3053926624	54482.7739591251	59837.7861537006	59525.7838411099	55978.7990373463	52832.4084970743	59979.1588080906	57381.9111371826	61588.9093445555	58206.5789380032	58884.3552166381	63343.8254007663	55235.0164068757	52655.7518412325	55645.8380413758	58392.0975883708	58167.1473273749	61287.1115628773	62325.0470366782	62212.1268951136	59102.2197267735	60222.0460508664	60759.8299548039	63032.8832231429	61002.8357534592	59487.5388973884	63588.3730156471
nonPR_Cont_4	62004.9228343076	62343.1050184513	62792.115690018	63665.453783137	62978.1822706989	62671.2272134915	62224.3055609386	62303.8920620242	62077.206502312	62634.8428930902	60909.2755526376	64007.3311861957	64304.5849169867	62592.5384484624	62290.5948064466	62347.4915066657	62770.891071105	62739.9681861345	63308.229133985	63762.030282369	63548.636917058	63662.3353520022	63626.7249307821	63844.8771416288	63002.5178515789	62922.3216397202	63099.7882025349	63107.5324280592	63722.6370624113	62451.3760984358	59132.0959850767	59440.0786727296	59816.2261758839	59049.0489905922	59177.1373142719	59497.0611959351	58843.2092600032	59155.6614965776	59644.5254840458	60611.2477053519	59988.5759212391	59148.1492363069	58957.8452123226	59597.2040717114	59285.6367147414	58879.9520502677	60105.0501634593	58318.0901166499	58905.6364714782	58631.8376718377	60083.070622054	60268.697071699	60222.1122200992	58255.3225805221	54258.5958293073	59514.716665661	59234.8951650872	55667.0037310361	52513.5973980858	59674.1065604877	57138.6100439508	61265.8736941413	58002.5381122661	58610.3866031886	63043.8620289639	54930.59261702	52426.2661942383	55330.9621624569	58073.9889468284	57897.1269060594	60920.5122516757	62023.5659134341	61937.6280290773	58871.5537729077	59880.2345661553	60461.9165893727	62673.784567018	60764.8135912481	59185.991295894	63296.5159404721
nonPR_Cont_5	62801.0689705208	63136.1120358145	63603.7081587879	64475.4246868607	63756.8153672344	63471.3739841697	63026.0647313611	63111.9609569035	62866.6347561024	63443.4779925476	61687.5303882963	64810.4226299282	65123.5124962427	63396.6824685062	63078.6869624293	63144.7739727563	63572.6509162832	63537.7054509297	64117.7149329203	64571.3636058675	64370.2826066004	64468.0663027856	64452.4466717264	64661.2394631354	63812.537768872	63734.9265607311	63910.7218211402	63924.551521535	64535.7579106766	63273.0125276678	59838.8277096018	60160.9577432065	60535.5501963597	59759.5117792733	59894.0695757883	60211.5599688959	59550.6263136614	59860.1835934561	60380.9305128808	61355.2403062035	60714.1261413911	59848.3808442609	59667.8112159948	60303.7642886513	60003.5031659238	59588.5445300795	60819.007164533	59015.7743154282	59625.5219474136	59335.8810621065	60788.615852187	61005.8541641333	60937.5692770866	58955.9399526365	55006.6532615426	60346.4026573753	60060.4750876708	56495.0437343743	53336.5298237967	60521.2051833252	57925.0948388718	62143.1887150063	58728.0715555178	59423.3014014991	63865.1886190782	55731.8907996532	53189.6960231359	56179.731102154	58938.4714745704	58714.3217027118	61799.8761488186	62844.2163067911	62788.3439873128	59576.8305662445	60703.2221803088	61288.4609909498	63573.2538377206	61565.5319505636	60000.7485385253	64137.5137072384
nonPR_Cont_6	61473.3239007034	61807.2174276296	62250.8202546936	63129.4480950949	62443.4765860503	62123.9155101045	61678.2777345281	61758.6674259436	61527.2984209039	62089.9534912328	60375.8932768027	63443.9801477949	63728.7519248999	62048.8837901884	61732.4703627362	61804.4319292008	62223.7270574812	62180.0698083903	62751.3998193408	63181.4710800774	62986.6300026921	63083.5763915656	63064.4530645989	63281.0173904627	62453.4342868653	62378.1202675856	62543.4958168481	62560.8842168772	63164.3639178491	61922.8733982552	58595.5674468216	58903.977615903	59275.9859707307	58512.6721978007	58634.4408856434	58952.3431149986	58301.5817576795	58610.819385485	59105.8377771468	60069.0423219275	59436.2552715366	58594.0308511599	58423.2022264403	59036.4786820957	58742.2412532685	58347.006776593	59559.0707911856	57789.872613176	58379.0508545357	58097.2844428456	59520.2235729708	59732.9965621727	59661.7969644942	57728.8384324648	53848.9994264912	59034.3635105806	58734.0534145922	55307.0494909044	52244.9176909878	59194.6000954083	56706.1347644867	60797.8953331117	57527.0630997226	58185.2564476271	62513.7396413587	54579.0584374325	52040.2294111977	54995.0672980055	57682.6457335256	57431.9572424237	60504.4969833727	61518.0666224183	61409.0693429601	58377.4237783885	59462.6298038501	59994.4548650486	62229.054040829	60256.4938446442	58749.4706230503	62788.0054970117
nonPR_Sim2_1	63286.7351848342	63617.7473055897	64070.6637935867	64988.8982394621	64304.0679305186	63950.4005387852	63499.7000935903	63585.3442858702	63340.7584931034	63919.244394442	62136.7109094964	65324.8209623703	65622.1951566274	63870.8235609181	63565.2072661582	63640.1178212587	64070.9696575062	64024.5037923811	64610.5060975873	65080.6342587947	64869.2653916248	64990.4610648629	64944.7666593148	65174.5928872056	64303.9706180178	64197.6724346002	64392.7135477695	64417.0728108134	65034.2792568967	63738.8174600193	60328.263121438	60635.2471927712	61045.9656202223	60238.3988122411	60370.5423213197	60700.343416358	60032.0242448235	60333.4063934009	60846.6617460656	61848.4971699474	61201.9563448483	60326.376037932	60139.4505741124	60760.2201788584	60483.1420418186	60076.771164557	61317.8023819106	59480.3050290604	60116.5929982401	59819.4473230538	61286.9941491282	61498.9186584924	61434.958666663	59443.5489595149	55409.6007716964	60752.6245446783	60493.6497068041	56867.6706163648	53616.7326192643	60955.000678504	58334.7120637687	62541.4207938434	59116.9414943539	59818.1035436804	64328.9673186895	56113.3907761074	53575.6104458962	56580.568390888	59321.4303054414	59147.4368546586	62196.3946928061	63322.9161040767	63189.7477454717	60009.4738938171	61114.1832222475	61718.8896650525	63996.506966646	61982.4754661599	60369.7823804996	64608.4125000702
nonPR_Sim2_2	61139.4932107454	61467.0952870695	61920.8633348378	62771.6190766251	62074.5291376437	61786.8880505789	61349.292006794	61429.6264901788	61208.5677453904	61753.5938809789	60057.6965204858	63091.0648555615	63383.0858345657	61714.2277026227	61401.2767260954	61472.0353609945	61899.6698065938	61847.1801874914	62423.7285043401	62842.723575357	62637.8076723695	62753.6562478195	62721.5152613551	62939.3876279253	62119.8138772944	62037.2762025031	62204.5993724355	62222.2161320005	62817.5735520608	61582.5378433972	58299.2167152464	58610.3408502876	58971.5698978884	58222.3715294025	58357.6219600611	58669.3252755941	58021.0480199317	58328.612081545	58821.4525460566	59769.4717873553	59158.2508075543	58315.2261081307	58138.547056582	58762.5661357058	58462.6460315887	58062.5181085472	59261.9295940545	57504.5502698525	58096.3639221634	57814.8058118967	59229.7015011247	59418.5809246861	59367.6842093213	57442.0227311736	53492.4378931616	58648.4899870988	58343.9593925912	54949.5169698893	51789.329826618	58808.054438035	56288.7127946898	60449.5828731694	57148.6395205138	57781.1456526734	62137.5445475609	54189.2991935332	51672.0168628069	54607.4031142207	57248.0974397704	57029.6597616892	60101.1422841146	61078.571474754	61040.4493436157	58051.2966833356	59080.5157759398	59647.3459854586	61794.4780594714	59889.0528471558	58437.5434794512	62341.7909178907
nonPR_Sim2_3	63690.2759531125	64030.6735173591	64492.9049025309	65399.815075355	64683.5288924308	64374.3642963054	63913.7773841383	63998.6976244715	63763.7374688075	64333.8091647776	62549.2594881425	65743.6546760144	66049.3856783845	64298.3985407376	63980.3227632789	64046.4068684485	64476.6349690517	64436.5212192661	65037.136336895	65474.2424528036	65267.9226157756	65371.0603144371	65333.3987869049	65563.3580143511	64687.0643543093	64590.7542024345	64790.2854026681	64813.9379117489	65436.7656577378	64138.4557831405	60733.0425127993	61047.2125497412	61443.8720585778	60643.4200524116	60773.8896943316	61106.6637523482	60417.6066830475	60746.9536749683	61266.3716080466	62262.9438284568	61611.6271872822	60742.171294175	60548.7108813937	61197.742189377	60879.6044693363	60459.8308321256	61728.0604867964	59892.2912189733	60516.7019730643	60227.1608493648	61707.7304521478	61902.8207949718	61848.2513020411	59832.7410604362	55686.8075703516	61102.3115933394	60779.334259768	57100.3876144484	53926.8718158899	61290.0607927691	58602.9014940843	62882.1116733677	59485.5596130206	60149.1949406562	64713.5773762212	56298.8395629467	53789.465196386	56858.5991829078	59548.7724126405	59412.9453279339	62560.6716687006	63720.3747763588	63573.833541284	60408.8356632628	61504.3550376154	62053.8097725437	64338.2559994364	62330.5173223629	60756.6368560562	64985.7415984943
PR_Sim2_1	63983.5062087883	64331.3336401254	64744.2838673533	65702.6096957004	64986.2746471996	64644.4639803822	64162.5879704185	64257.0197899806	64020.1950076951	64597.7077429162	62770.0718081484	66036.1420213674	66326.4546759623	64567.0850036341	64255.913972209	64346.0580400966	64776.6427043664	64715.7370958168	65316.275463769	65841.5598728403	65622.9507162621	65746.8239873643	65659.9271102404	65939.1872248553	65042.6037324235	64892.3516798976	65114.6333281564	65152.8344313354	65761.298026339	64459.8698709294	60904.7280058407	61207.82121476	61638.3141274447	60797.6304237521	60934.175665102	61263.4292029825	60611.9878959876	60901.1046981033	61398.373891656	62412.0241156502	61767.740816424	60883.1591507899	60696.3121647846	61304.4037768915	61036.1540593352	60659.1560881458	61902.2206822971	60035.0223203782	60695.2396395514	60369.7046603125	61880.0442298536	62123.1580607199	62025.8361859739	60012.0941159883	56006.2232849076	61470.5710891793	61179.3434583056	57502.4315831884	54413.7708315105	61598.9466145693	59011.8253595872	63198.5839099196	59835.7297454521	60533.0809552306	65032.5960793947	56719.5829581999	54213.2728787629	57247.4346921467	60088.8942410734	59872.6063419376	62931.4038376807	63997.9180676875	63891.6543661348	60645.9276497759	61740.1497209723	62334.2145532074	64771.1618945393	62578.3939901719	60953.4559292742	65297.4916252097
PR_Sim2_2	64017.2288962568	64358.4144050336	64829.6270785254	65740.3573120176	65010.1694369496	64721.492250451	64250.0830690825	64342.0769185607	64090.4567435603	64679.5029946338	62869.7876340872	66082.6798770557	66390.4455556832	64622.3107225271	64328.7580229637	64377.0939718236	64822.2255899678	64789.5901849241	65379.7670391409	65850.9545251999	65624.5176177958	65756.6374492218	65711.8612938895	65931.9459201679	65057.0995704747	64929.3097143666	65140.3919957653	65149.5795083071	65789.8252956659	64489.3395404215	61064.0229505478	61376.1459970206	61795.230992909	60972.5303132918	61099.563749351	61446.0254701043	60753.6357484897	61073.2168328025	61588.1414468907	62622.6071200222	61960.7931853096	61052.9730552311	60880.8349408388	61498.1793862213	61216.9122984646	60799.9211441385	62076.1043986072	60212.8911004753	60849.4533580335	60535.3242382356	62070.6691686833	62279.2126008041	62220.4259605851	60157.5263481934	55966.0326813311	61423.4004549182	61068.3970495141	57447.7905540171	54101.6389848466	61625.4926663824	58862.6376806371	63181.5658514656	59786.4864154905	60470.582742489	65040.7617409084	56656.5861608272	54071.5928892675	57114.5037919476	59888.3196134355	59759.9788585538	62869.4055428368	63956.4287854175	63825.4001682248	60743.94168326	61850.6581070496	62296.6529091257	64621.8105206571	62575.779192502	61071.0150126931	65239.2985727285
PR_Sim2_3	61759.378347169	62091.4977757501	62541.9625056763	63405.6642451983	62698.0279026145	62412.4486897967	61969.3004737072	62050.6601478276	61818.8775401146	62378.6297225339	60661.8545628961	63735.916345266	64027.5748718304	62342.1536778416	62016.0493421057	62094.8412417837	62522.9002844065	62473.1625821185	63053.5813961164	63498.0890396104	63293.2965009682	63401.7572400368	63371.1652443848	63598.2601487651	62752.1077975163	62673.7211039402	62840.0677282547	62865.0546687563	63462.353585271	62209.5889139529	58871.151132136	59175.7150317675	59555.7644391786	58785.666574164	58909.2849020691	59222.0031016919	58575.6737283925	58887.0684583204	59382.7344915598	60338.3368556331	59723.6744999593	58873.261738665	58691.6111062791	59317.7738902532	59017.7710905579	58621.3821840926	59836.2617984723	58051.984485102	58656.0158342335	58375.4991921929	59802.8637591369	59992.4768668541	59940.0264239832	57998.2425797771	54018.2913541862	59247.9411486977	58963.63472258	55488.416877754	52300.0494673795	59444.1606210485	56841.9765349522	61009.2251112569	57721.7216826707	58378.496115988	62740.6995832904	54731.2895473418	52205.828466211	55149.4333483914	57843.8037664509	57618.1209626039	60708.5635189112	61729.7082627227	61661.1975744375	58603.8444143066	59659.6284865034	60226.6669335066	62424.9558018067	60493.4533226733	58979.1634253341	63001.7363484761
Zo_IVT_NP_3	59934.3717890894	60299.8525442984	60706.5659542784	61551.6820890365	60844.6015181662	60538.6785686863	60135.1281919677	60186.5142044461	59981.4056953569	60553.7333406425	58893.5014496703	61820.6079342482	62099.2921627327	60478.1628866486	60134.4934778984	60255.9982254269	60623.1081689038	60588.2544724468	61198.4235586951	61839.6727560691	61657.3167651892	61808.8568821874	61809.5402028615	61926.8709846435	61201.8456515155	61096.127867647	61250.7220676978	61200.0301526087	61860.1449954821	60699.323078337	56832.6745144024	57124.620480202	57468.1714024067	56791.7082861113	56880.2357592729	57123.4215615629	56559.7357457635	56834.5980196545	57306.0414898792	58256.5645657939	57670.2637398805	56823.5996301112	56677.1963368405	57127.8237826315	56999.2124713549	56623.9047048061	57779.959611837	56056.9170688609	56665.4321673524	56308.1624143941	57662.7931427964	58016.1411866356	57832.6106009196	56009.0353501526	52851.1912831312	57907.4461358005	57602.9706545593	54212.1410386816	51890.5559389889	58087.6624320848	55742.879351826	59746.9230051453	56321.5862949781	57156.5970383743	61350.1339437942	53454.4338404458	51264.6523355567	54075.866505252	57026.6581478302	56460.461974772	59342.7370414706	60291.3624229487	60221.6954059354	57398.057910503	58340.0767427174	58797.7178856713	61119.8521395127	58930.1019936689	57564.9527564316	61558.428997361
Zo_IVT_NP_6	62621.534059247	62981.8025464609	63422.798420179	64341.3422583699	63554.1865392284	63257.2135087847	62832.600701266	62852.0242003061	62681.1514596484	63256.7998604129	61474.915744613	64615.1549102808	64917.1381619285	63189.5267395663	62856.845884128	62967.2546968353	63369.7698221187	63315.5708976591	63936.2006434914	64640.6602561556	64466.1322893306	64590.2509498619	64538.7629465603	64779.6555144245	63887.6781404492	63875.9058275769	64073.1164307761	64045.1651126104	64651.4552452082	63448.8929402604	59381.5667736115	59681.1357150671	60052.0151948457	59357.6416127395	59488.959825451	59711.6124811722	59100.9891025332	59408.5139691002	59948.0201933706	60877.1815163556	60269.3103775672	59398.6751969803	59236.6573926248	59769.1859466646	59571.1066745667	59170.7857829707	60371.4288701627	58553.1008771002	59208.8023852301	58864.1932399376	60277.0207306432	60651.8545101837	60518.3525970625	58565.5601556733	55307.9714639324	60673.8630307109	60315.7386889247	56798.3045476688	54420.2363488575	60841.4562902096	58279.3661337684	62368.7548427475	59027.1620561728	59737.5869109942	64171.7327682631	55786.9436037539	53546.0659809928	56499.4907306178	59402.6660409499	59096.7225592193	62135.9424303373	63006.3182189244	62878.538916449	60042.177478237	61091.9495938373	61578.9437381363	64002.0304101078	61583.9446087029	60238.0001538066	64320.6213095142
Zo_IVT_NP_10	62419.2153016266	62790.954508429	63206.0742650579	64111.300442104	63340.8065087931	63055.1895847813	62625.8576559587	62659.5069156041	62483.454875293	63058.692702588	61284.7375217071	64401.9992630954	64688.4137196555	63006.7962120886	62668.714368731	62782.1702691417	63167.9580723228	63096.7292186378	63729.4727635172	64421.1939421476	64217.9409691038	64363.1288177353	64298.2841741679	64521.4340856432	63681.2159355821	63610.489748788	63801.754031865	63746.3608622698	64421.910921827	63212.0560653923	59211.6379667182	59498.84321242	59885.6397009389	59181.5007725701	59296.9989476505	59527.4335887478	58934.8749779212	59237.7661811018	59740.5929302765	60672.4112800504	60095.7337515003	59229.2092687198	59064.6107309093	59564.1488049916	59397.7402623219	59003.8560028526	60200.188482442	58389.445813618	59047.7034254429	58676.3351375599	60118.1860606449	60473.5646453863	60321.0023438788	58370.0561676402	55245.4857306547	60393.6222938062	60003.5543504823	56438.8202799306	54151.7202021574	60544.564587179	57946.510838074	62054.5435158346	58759.3929028199	59390.2485061342	63874.3003555252	55492.4206146319	53386.8010918197	56370.3232916848	59124.9731495933	58938.3290582505	61804.8840940341	62839.0711234481	62681.4476957758	59736.92585247	60815.360553279	61197.9819543169	63667.694636499	61275.7037379522	59924.7526657018	64080.6574981078
Zo_IVT_NP_13	61247.3355745123	61598.709182422	62032.3949201615	62853.1672682808	62108.4634061217	61864.1497780761	61462.8737182311	61502.4973477153	61316.5421783944	61882.0191868194	60144.0396320634	63188.0040462353	63460.5204568953	61823.3935956508	61457.9332396722	61584.8537087781	61963.6302059231	61910.6231571016	62541.3846293378	63242.3521109038	63040.3896601175	63174.5327113121	63160.4791211806	63349.0479888636	62543.0304006779	62475.9019790739	62660.2776276343	62601.3198533407	63241.2676881135	62066.8138547502	58007.3224533861	58328.9561098409	58669.9614909189	58010.198361083	58105.4810913945	58347.8270584569	57747.3268572107	58066.5374353705	58558.0689049124	59477.6219848502	58896.6986777393	58034.4540397338	57875.9661231582	58360.3649934422	58207.7551886299	57825.0947330251	59009.945850948	57212.2859020007	57850.6006552221	57509.2047307127	58914.3941528182	59297.8222402034	59113.995897024	57199.2998865001	54353.5634937065	59286.8234131902	58900.4350890643	55500.6990008618	53052.4789332397	59435.8370575573	56991.4766038915	60900.7350941484	57781.782887083	58414.3915151903	62744.6074861446	54655.0391721912	52437.1870707585	55478.2944141225	58144.6622590917	57907.7048728419	60737.6217114853	61694.9281178834	61555.92221592	58699.1138551569	59756.2721687548	60091.6895198336	62450.5642395721	60135.9057632531	58895.7826808262	62847.8161109941
Zo_IVT_NP_15	62089.0674665733	62439.2060975249	62866.8665387831	63722.043712647	63023.7439416412	62691.0940266458	62271.7564261228	62319.1080249717	62129.886736644	62699.2877300937	60969.1254159439	64016.8669016864	64315.6946755706	62631.5658603657	62286.8948349809	62426.8853090641	62787.1260260429	62739.7838977381	63373.5431735761	64025.3986571029	63840.6431548697	63959.7014353167	63913.8445657285	64144.6098852604	63296.6227697143	63251.8146438514	63464.2569914541	63424.1754727213	64047.202728185	62869.6081875268	58913.3834749627	59216.2990939441	59556.1255748197	58891.1066577878	59029.6664013951	59249.2010315276	58671.9885654967	58969.2031387979	59461.4701565136	60374.5094057178	59770.6274004824	58949.8851092661	58751.082067988	59292.2804981827	59094.9854701123	58708.5734210049	59884.1812328646	58097.5275041982	58742.0672829615	58393.3042304729	59817.7530567716	60179.0569165951	60006.6913648569	58118.5031350817	54708.1245348514	59893.6684805747	59534.7452713227	55985.0110144251	53648.5226286473	60151.0265573407	57544.9027201915	61603.0413296627	58414.5627645063	59051.667367468	63458.9545722171	54989.6557712211	52841.9228382611	55892.7753263316	58610.1891150673	58473.5675843496	61373.6076715178	62359.2898257394	62208.3446965925	59387.6182589758	60408.5881448522	60832.6481000588	63172.3262491871	60874.8461732169	59472.5632792637	63620.9498058425
Zo_IVT_NP_18	63594.5450063273	63954.3990939979	64371.026807224	65293.6140589024	64531.7647007281	64256.4121702789	63800.7280774004	63805.1814378647	63650.4067853149	64222.0525285873	62405.9758299021	65571.9029192066	65930.2931094341	64159.7842299419	63839.1102105044	63963.2220645311	64375.9176842916	64312.6915225013	64931.4719884962	65608.5561790601	65397.5091895504	65573.7542138316	65496.3004668142	65707.9168542753	64803.9169369287	64753.3285880846	64999.3840934469	64981.9156036946	65638.9085839985	64397.3949330922	60281.0353109023	60561.5514441053	60970.7788125122	60231.9935092868	60369.5861789335	60619.2102622255	60011.8230990533	60292.0994237345	60855.0294698532	61796.2626475627	61169.170498054	60304.7523942237	60127.3800107693	60678.3013003164	60442.6573144695	60040.345875988	61274.0037689785	59435.9788195798	60106.8686040455	59716.0677804498	61224.8951150578	61575.3636658928	61399.7082244106	59444.9867165064	56183.3292873252	61516.8118823743	61057.2535036012	57302.6684118383	54832.6278794158	61669.4320653086	58997.7343540554	63212.2889681649	59872.1763783159	60387.1506167523	64988.3581557143	56430.6335682709	54283.1456850737	57249.5181484544	60143.1889265679	60025.6078146181	62910.2323653591	63805.7017802443	63704.9024718011	60847.8262921863	61753.5874593156	62256.7136726083	64715.9829738946	62260.7182110665	61036.8079794126	65168.3934263605
Zo_IVT_NP_20	62493.0622087919	62862.9269899498	63266.778794556	64132.6569443558	63368.5357263963	63097.4400061547	62684.2251034589	62700.0032580229	62535.0207471158	63080.8174922014	61326.6404421153	64437.8136163132	64748.6333114896	63053.478968652	62682.2652365595	62816.5618221545	63205.6792812742	63125.8152644325	63754.4262124902	64474.5667805798	64291.1394767742	64416.1855551846	64370.1458853922	64602.3460851417	63706.0408379843	63676.6935958265	63862.9939627938	63860.0153101021	64467.3663863082	63256.6194269782	59267.7802226317	59574.4704334677	59931.4307433828	59251.1326266199	59377.0806188473	59585.0977910923	58990.725559073	59292.0567515983	59834.7705796256	60764.8611883587	60133.358973841	59308.1320515914	59137.3374425706	59640.6257709265	59458.2033926634	59058.2866836526	60258.6263781678	58431.1592838234	59084.5615651947	58738.2658736594	60215.9541385737	60546.7141577453	60407.1841591544	58448.1305674833	55144.4026811437	60466.7782102922	59993.987274181	56501.291581595	54158.9766240624	60544.0570931044	58012.6962874754	62084.6633753081	58764.930847322	59409.9009120625	63832.5004520423	55541.2811724293	53347.2960160725	56413.9383501816	59243.278856133	58897.7276041489	61824.2023741189	62682.8979231413	62670.0054130034	59777.8424753058	60805.3644742845	61233.9816663781	63657.9068029342	61244.7363675121	59898.0120595211	64011.1497203227
Zo_IVT_NP_21	64842.2219142076	65223.3750993959	65657.5623632227	66526.736717075	65755.7257487121	65464.4957775118	65042.047165249	65085.0813304501	64881.0454861029	65460.9380632519	63687.7107262271	66828.7883786412	67141.0603986467	65414.9744694479	65017.9512872547	65187.2782398025	65620.7549553765	65532.1916681447	66173.9081777718	66884.6650904184	66684.4048211032	66815.9099248682	66763.8900409911	67024.7964751509	66092.3263747664	66058.2490326285	66251.291767765	66247.5384000651	66862.7626064269	65641.2757830607	61553.7992598521	61835.9641364625	62231.4554467511	61515.3426006949	61626.7282717025	61860.7303316398	61291.3677072416	61590.2503192155	62072.2664128312	63046.3029450494	62463.6180556059	61587.6916371767	61370.0564197242	61890.6794717919	61694.0286755912	61329.0733437892	62574.26275381	60693.7423354971	61373.3646034218	61014.3943467817	62481.5462325451	62825.7523878811	62658.576032088	60702.094007588	57030.0811700183	62875.6774352088	62308.1540930949	58665.0679100416	56099.2650857524	62881.6038152956	60011.1449988793	64521.4150716584	60923.7013653244	61516.120323798	66297.5357623138	57495.3070978546	55185.2885588811	58359.0939997962	61341.2572611022	60999.973239742	64246.2787752933	65173.3533250021	65108.2066695722	62117.9625382716	63183.2841977784	63659.5001247777	66115.6734702008	63694.1006673719	62332.225502215	66524.8107543497
Zo_IVT_NP_23	64094.6700088806	64486.4385204377	64921.3508639845	65865.3147356134	65047.6819748367	64756.8515183212	64325.0681019998	64357.9083419667	64144.86939634	64740.2624550371	62971.6469236892	66122.6672665226	66472.3983990909	64696.636941983	64339.5999997911	64459.354931091	64905.1450299291	64842.2057703492	65441.7843230177	66142.3551192597	65943.4475567136	66077.0714504684	66045.9762234087	66266.7755394343	65328.6299886827	65366.4695609442	65545.4075577322	65525.3927164691	66133.3830574109	64915.6265198794	60872.6321267572	61131.2596413971	61547.0590214558	60797.321768407	60910.9998929974	61155.0548435683	60569.5057607228	60875.552634414	61398.652753575	62335.4881619087	61764.608909284	60868.6767743043	60668.389394224	61212.5803963464	61005.700067377	60610.8511849041	61865.5287546618	59965.9614792223	60666.7431075236	60272.117789058	61772.7769552411	62139.3120196605	61979.6947189904	59991.7677517194	56538.2535920068	62184.1455068267	61769.170911245	58048.4563521901	55439.220112957	62200.3570339459	59543.7517966065	63675.7498566053	60365.4163857421	60878.1192590405	65367.2544390068	57060.0215603954	54802.906480814	57835.2478946356	60770.3909932066	60500.4416108587	63451.131109191	64316.8777425352	64305.6527367504	61285.6358525562	62282.9871980638	62839.3287478277	65414.723001457	62929.2191575312	61483.3985282698	65688.1593161521
Zo_IVT_NP_26	62112.9682496621	62478.8283287635	62882.0420424606	63798.5111907603	63016.8001022634	62721.5363082454	62284.5549844697	62331.7516605216	62147.2536645743	62704.9315701062	60949.2359901769	64055.1213688446	64328.8869215553	62672.0390888936	62292.7592568865	62450.0097639812	62865.2032638286	62761.3870482004	63387.3327085074	64076.2570507944	63911.7785140741	64015.1371059526	63963.8023726978	64234.3477619774	63305.1863075943	63274.4391820012	63500.1517323915	63503.4605648898	64091.589340941	62909.5956055113	58928.4646043276	59221.2082053468	59603.1547875346	58885.0747276755	58997.6141175756	59222.0608335914	58647.8233032547	58945.1195623956	59477.1437897119	60395.6749781086	59775.3885912589	58958.589522282	58771.9425549544	59277.2552789054	59069.8678306259	58722.5634745736	59905.8382479449	58092.0528670824	58759.788478535	58364.6040407453	59826.3726063991	60188.0249932541	60028.5525515834	58120.6629790255	54787.5537471044	60227.8527641004	59676.07482057	56232.1724299882	53911.8922600577	60121.6544947359	57658.722180664	61735.4931716878	58407.1345024183	59109.464918236	63415.0862886478	55269.3359367086	53044.34046286	56086.5476138303	59041.1132656681	58588.5733233213	61566.0700471449	62167.3627867046	62253.9271755094	59499.3515186089	60470.6062120092	60923.605884221	63390.6555200281	60819.9636516161	59649.900148879	63592.0749194937
Zo_IVT_NP_28	64284.698384852	64628.0246280395	65083.5965031669	65947.5878348728	65157.8481191729	64916.0601824834	64472.6164348088	64511.393004473	64317.6905157116	64907.0255809459	63119.6660950237	66261.2122279153	66589.2130999131	64844.5920925646	64498.6917192793	64597.8177521099	65000.0145765024	64959.3862573886	65599.7186593515	66251.331085924	66056.2655188418	66175.5183178991	66133.5069987802	66372.3043887271	65495.6840244964	65455.960105388	65636.386301661	65612.0534500364	66263.8126145917	65018.8711609712	60977.9727114801	61273.3717099003	61649.4568720175	60935.1048970476	61086.9049993576	61306.60609752	60714.1507452046	61020.6754710539	61506.7300189361	62476.8322440933	61884.7577295142	60993.7602624147	60819.2582719455	61321.0735968429	61148.3708691845	60777.0192724251	61981.3970860371	60152.3670069269	60813.3791695512	60419.8828657124	61947.0921326174	62301.253538168	62119.1253298769	60131.2702390558	56691.9819411671	62214.9109879146	61704.8231881165	58003.5033104893	55622.5218035853	62230.8260220079	59550.1251488491	63868.3267069043	60507.8925475916	61107.2381338107	65699.1842392846	57061.9135742722	54855.317859197	57989.8946984934	60681.3941322754	60467.8702822106	63659.2307033905	64582.5121713299	64433.5912929919	61552.8154314245	62634.6547950004	63080.3896619162	65499.2729952332	63042.6385185538	61758.5555485395	65866.8767240972
Zo_IVT_PR_1	60603.6613774033	60951.3976421662	61338.2930674291	62183.0334771221	61507.9028139652	61182.261096589	60748.3334459012	60795.9612831262	60629.438080882	61163.1191816597	59483.1288616062	62462.8771969191	62746.8656051371	61127.1022693291	60776.2839310747	60921.9293094005	61282.1004611231	61206.9991323901	61830.9286764096	62471.0391843579	62280.0333063614	62424.1756034408	62382.1868395715	62581.0586905003	61805.8659504416	61708.7125850002	61911.645488125	61867.9556701338	62504.8638127771	61338.2666499265	57450.9186522942	57760.7852423924	58085.1896378096	57433.3341062536	57540.0645737443	57774.6347584979	57186.752386187	57487.0034004353	57993.3097168241	58874.8076205816	58273.2562861857	57473.9306810743	57305.5042711591	57816.0803197633	57613.0066379226	57250.2946558043	58412.2329698594	56661.4367869409	57288.4335390121	56919.5568947188	58352.8782016198	58705.6680730147	58518.0768991758	56657.986108647	53525.1316030265	58505.1697058655	58034.4825684343	54751.3988342577	52438.4548563102	58619.5172238093	56225.6395154666	60210.0780287964	57080.3956007851	57681.5320529629	61862.2351966346	53945.2274789134	51682.1544106876	54723.1702295939	57359.68176769	57108.0809218725	59969.7634136641	60914.7827707556	60818.5587247716	58082.7157334903	58991.7051075998	59298.3851029073	61679.6838842586	59360.1250727357	58174.5380863459	62135.5357415418
Zo_IVT_PR_2	60249.6094915084	60605.0620191795	61001.0609403681	61801.2963783254	61088.2908177127	60844.6244464893	60430.1853933449	60486.0640467613	60288.8711966189	60843.4613844739	59175.745294885	62105.9113081537	62408.3586369907	60777.1694955969	60453.8958323998	60563.6642463644	60930.6879075239	60881.7169942439	61480.4034810789	62154.5079617411	61958.2741941296	62121.3426767945	62087.5435762198	62264.1220422989	61445.8454119688	61400.5128737927	61583.2794549783	61552.809135045	62161.5418606309	61023.116848796	57068.7827140074	57378.8181116239	57703.3164935932	57058.051586532	57174.811229221	57399.8553729954	56811.8234424413	57108.0994176143	57601.2312042574	58508.1207950676	57925.9833414197	57073.7355342872	56947.8156539375	57403.97765069	57244.6477959529	56882.9436969677	58031.2162145192	56284.1705695595	56922.0497831581	56534.6114626044	57972.4532399742	58343.9796762933	58158.7512579727	56263.9722328254	53268.6130823511	58327.0658503572	57856.9812903628	54414.2825973878	52260.8700361924	58382.4603291759	56032.957044485	59920.325621476	56757.501948508	57489.1131322722	61642.6546222024	53561.5731057884	51450.7571663873	54422.3359530569	57276.6195578712	56856.6563932187	59679.450636462	60467.6538771541	60562.1441325378	57784.3025119934	58751.5026181816	59047.863207597	61397.1314703227	59077.9390870863	57899.1857781035	61758.0549363359
Zo_IVT_PR_3	61783.0545568986	62168.4137285316	62578.8673726744	63503.599929765	62745.1950122507	62445.4509019567	62016.9254422323	62042.5589643244	61879.8939511649	62432.3253523307	60701.8397096035	63759.5251100597	64082.7805629209	62384.0805797456	62066.573286919	62166.3424077926	62565.8502616276	62516.0064390542	63122.2662617416	63805.5098061763	63591.8229458515	63737.2319728536	63679.3880069201	63895.1283820326	63047.0600944383	62960.4688435071	63175.442915356	63125.7601149885	63757.3894627455	62573.6932990206	58689.7255451434	58963.0265448009	59332.3669007677	58669.4313325886	58787.9990949054	59027.561762797	58388.1160591318	58727.7106053316	59225.2187182421	60154.1510261998	59587.9843570664	58731.2301531981	58527.0298407526	59029.0177457855	58841.1041769738	58464.696934202	59681.5594282849	57851.4625711492	58503.3533707695	58181.3206026017	59608.9645307758	59978.9654182651	59790.9173514892	57876.4824563644	54420.6840303155	59741.6471072696	59421.934862272	55684.7199786051	53256.4685337888	60085.7425849368	57295.1601150481	61545.4730838064	58169.0656574903	58604.6053123377	63155.902240438	54893.797816656	52690.1553874336	55563.4668763487	58277.8447098411	58250.5262924579	61219.0363562083	62182.5869829495	62079.1377256017	59148.8075408715	60248.7709880042	60647.0195746041	62992.2620074683	60675.2048925037	59456.7873497803	63399.1603573132
Zo_IVT_PR_5	62396.3774790899	62808.0885294355	63225.4270200612	64113.2311256571	63375.6291918263	63057.4409570626	62635.30518421	62648.1897007472	62488.5288084007	63044.1457828146	61296.8062380916	64391.5650342303	64731.579002996	62989.2603749586	62652.4492997726	62760.6475830745	63136.7827285863	63094.3403637231	63741.425094787	64404.5137396947	64190.2098201185	64317.7049120036	64308.3138732683	64496.6416947926	63670.1925107175	63619.8262410148	63808.8258618591	63743.391073688	64445.4124348024	63197.2838414024	59137.2716480834	59441.229332035	59775.8816397893	59138.1305397856	59241.0679713765	59458.4480785639	58854.8851715355	59203.2301955596	59730.2098124567	60641.3534939946	60044.7063368403	59202.3557086334	59033.5061358065	59519.7162368763	59341.8723304279	58930.881738534	60148.7270031645	58326.2426804029	58981.9577072364	58595.8933585303	60069.7066999255	60481.0512698531	60259.5477152254	58321.7080941521	55138.792796578	60274.8867836397	60107.3676866718	56383.8365547199	54037.1047485529	60654.8933181868	58029.6693279921	62107.9401661841	58891.1741826928	59411.4024956365	63874.6015647701	55388.8627679392	53295.9328564729	56347.9849954587	59007.6166004326	58992.8666533306	61775.9860869378	62771.8828474471	62694.4640727344	59820.9517331982	60745.7223130311	61199.1839754174	63646.4776777389	61222.9590321806	59839.5795716154	64103.1155275793
Zo_IVT_PR_7	65062.8780156843	65470.2926393327	65876.0758576823	66803.2181551526	65979.1520707842	65738.5111551123	65268.9042995777	65306.2773469155	65136.2852567099	65711.7711906352	63874.039868066	67126.1637717282	67482.0393626389	65667.0747219695	65335.3602660256	65439.7930900889	65850.5185774639	65794.260870344	66451.9022863013	67150.4071831902	66957.4577888761	67095.3574490747	67056.8482605601	67258.2747545105	66332.4644590354	66304.0047597602	66548.7124047026	66484.899355836	67153.4238875841	65911.2101698222	61595.0488062249	61913.2176278008	62285.8461144576	61568.7291859496	61703.5593647217	61926.7429605226	61272.2828205828	61626.3405190793	62166.7272334173	63162.6238980503	62509.1833809057	61647.2683185007	61434.0393009607	61955.3661123456	61792.4093756277	61363.9558527568	62619.9884269871	60734.3302223425	61418.6763168885	60997.3511463108	62557.9417295606	62950.3425751691	62767.250512108	60708.7083949464	57506.5678738308	62951.8432324874	62705.2383315123	59018.38857368	56239.5504143998	63137.8671521015	60400.2132241784	64638.6707394505	61348.1247403937	61883.504197712	66582.8706437572	57860.4462155369	55594.4362732868	58974.0091407896	61639.1909640086	61539.6114215821	64366.4141133719	65413.5262946195	65246.013677529	62360.8167842153	63367.6858002312	63736.6034665478	66303.5187671795	63733.9168597331	62410.2544202874	66768.5893237117
SW_IVT_NP_1	64464.5253405063	64821.8071517312	65290.6220151923	66219.2037343487	65399.2723341509	65152.0335960074	64702.0525324479	64722.6271291665	64548.4714459906	65119.6838609514	63331.3832554291	66507.1187530455	66821.0120891141	65100.9661953604	64731.5849936626	64850.2353959027	65276.1236888751	65191.3386242816	65827.4345829311	66468.6398831274	66267.620931484	66396.978198321	66343.3564113596	66602.3475031398	65696.1551454929	65666.19916814	65841.5286303678	65809.8580603215	66453.6392067542	65219.3801683533	61294.2285973826	61570.4835422305	61987.6416314778	61283.7358529136	61417.5894158071	61625.0167766778	61006.6007798965	61349.599912452	61860.8042563676	62817.9750323796	62235.8298396575	61348.5614096358	61141.9145796646	61652.3162839534	61471.0438629083	61082.1460517528	62302.2937183708	60460.291387442	61103.3156236092	60730.1688531412	62289.094657855	62586.2295625977	62461.2893319258	60463.7494196209	56876.2069734013	62505.7654690581	61987.2744955974	58260.4675077209	55818.9280225625	62646.8450360881	59761.9672177595	64213.945723981	60645.7246855905	61279.3316049659	65887.8613129115	57217.1838144682	55092.8304427355	58179.740153166	60985.4048445375	60669.5402996372	63952.4919944841	64733.6991123004	64657.933989181	61660.8811026725	62779.7935213201	63240.6664074053	65791.9817334484	63331.4415118235	62045.8570381558	66158.0124603619
SW_IVT_NP_2	62861.0859164846	63267.9525511492	63614.3765494403	64555.7017186106	63771.4130752819	63474.2641942279	63023.7820021476	63045.6398242378	62910.2046754558	63438.4602310502	61708.0620398874	64810.6580038	65145.7310396991	63448.0240928307	63117.4829597931	63233.7190383338	63657.9330532814	63525.8540443599	64175.0443861192	64775.7028006132	64586.771553097	64739.7335055001	64613.3104003671	64913.2176276194	63988.1069133079	63942.1785477952	64211.9551590682	64170.6821865548	64770.8209951777	63553.7141858513	59706.4696569817	59973.2477035018	60358.4808118849	59656.3704741783	59783.2012119393	60036.8446054344	59412.7950621826	59726.3741310096	60227.2962168891	61127.0417073382	60574.0077599683	59730.4069702057	59525.4891778089	60084.1727430064	59868.7607178639	59476.6706033917	60679.6097395992	58859.3385994026	59517.6076357264	59143.7930327525	60640.9891322844	60903.2312411809	60820.8373302289	58874.4640683703	55022.9650958208	60337.0256674445	59894.5615922375	56231.5820029084	53907.6597846646	60408.8021910473	57821.2747661863	61965.1384668591	58765.2540798812	59378.5016786916	63659.1967248009	55189.1542422505	53186.7963595006	56247.8574925287	58881.2568279584	58803.8109073366	61791.7877170073	62636.7965132832	62669.6945595671	59781.6804907778	60746.6612822125	61207.0198984068	63597.297629776	61257.8931791535	59895.7373734588	64006.9621382954
SW_IVT_NP_3	63044.6758441677	63417.2389007317	63860.4057383809	64775.7178340883	64000.0477888359	63707.5202092798	63272.9132840525	63304.9738484337	63109.572468789	63671.9967200045	61912.7781153713	65011.9945506162	65352.9378835622	63632.782129171	63308.0673039538	63431.0328178961	63842.7026143376	63774.9627484303	64394.3441694279	65098.9185814091	64884.0680812386	65053.6962348609	64935.7256198525	65186.3294304283	64282.9334666444	64247.8947257626	64490.9235828733	64496.7804395675	65100.1746162302	63896.5056745689	60055.4153584302	60323.6242237466	60707.3333506767	59973.5792183722	60066.2079156745	60353.9587570376	59755.6393416141	60051.2158466963	60585.26004362	61492.1728984895	60916.4562349769	60073.4862569575	59862.9565478191	60423.4543936848	60179.6079925696	59776.1339743803	61030.5703983772	59200.5326463976	59856.6812840733	59488.6960209108	60967.9030624708	61275.6965632071	61172.103855094	59184.0374571238	55383.7252827048	61008.5455865086	60424.3742718828	56846.6376007317	54363.2827507275	60962.6300124164	58285.3241588336	62501.7951883741	59232.4449871459	59738.2621200756	64369.7458473885	55868.3870577148	53621.2594674043	56572.8896504807	59472.7169762155	59205.1678471673	62279.4360669236	63150.7812980088	63088.9000503299	60391.3723662345	61343.0339757831	61649.4050006983	64156.9523307797	61716.9596181258	60399.2813169183	64484.2151497521
SW_IVT_NP_4	61764.0878035767	62079.8938634195	62539.5116511421	63456.760026091	62734.0213881653	62389.5058650385	61942.3604967743	62000.2065231806	61812.8357434971	62363.2035936333	60647.1170858531	63704.7494649703	63965.9895759205	62312.1345807584	61988.8743749013	62123.7467301395	62514.1678965567	62428.8439625065	63045.3123811631	63700.6598173291	63505.8012799902	63627.5913877861	63571.4952920218	63811.6130932534	62948.5788618636	62886.2440729642	63084.3182078538	63099.4120512851	63676.4460458046	62511.2387775924	58617.5770062504	58881.0361751241	59267.9978678975	58532.5324254818	58628.8104973386	58917.3451172316	58314.3909808096	58637.0748882528	59116.8309569713	60048.2136752323	59470.0159332659	58653.316104102	58436.0943593575	58949.1064143409	58741.7323260931	58365.1406430075	59554.9310021075	57775.474457933	58421.5349136812	58083.0857114539	59515.9166610944	59811.4878643147	59712.6796751293	57774.2145963609	54364.1304679538	59817.7220194833	59061.566240034	55747.7282676854	53089.8400496455	59788.6305813636	57001.5187547749	61343.808133182	57994.2507415924	58578.1232057444	63016.0071207815	54681.7678049514	52475.6908837497	55519.8768862142	58156.3377345993	57945.7610875359	61079.5289544807	61871.3127386607	61761.9682529954	59169.5251337966	60167.4946005977	60432.9242333668	62772.8630011726	60412.2495468867	59338.2701703106	63086.9771536175
SW_IVT_NP_5	62766.2184754981	63105.5801647926	63572.8716755785	64471.0519270862	63728.7757798147	63419.4037766305	62985.0310745359	63034.5830741485	62833.8732331218	63397.5636053745	61636.4596249356	64743.7639341853	65043.0563245589	63364.7321742174	63010.1147662274	63142.2718555836	63552.7764300638	63470.3743315028	64096.531179855	64756.8009720505	64569.520217794	64675.973221328	64641.111302542	64878.2621347623	63991.454405815	63959.3626056693	64138.046463374	64155.3516940505	64749.9530311617	63555.1913714302	59612.7393403345	59881.0462528252	60276.0932169687	59539.4243325991	59645.277909636	59904.1233233841	59314.9634436859	59622.2102385403	60146.5435144723	61069.829803304	60487.2772872044	59634.7824013406	59425.3540920551	59968.0394890609	59744.2767996738	59352.6678692414	60591.2807548314	58773.0541761132	59432.243050137	59051.6529162291	60516.4949406684	60839.9248199491	60723.0566225484	58759.1212803759	55281.4308767273	60880.3604478163	60215.3859787368	56829.3010000201	54170.0001869698	60782.4405510234	58039.7125225395	62390.4521079131	58935.387552549	59525.2029888862	64101.3634334849	55771.3005112899	53450.0068279744	56478.5947727357	59293.5819137224	59001.977459109	62134.4473901176	62987.1809620891	62898.5306512074	60122.7748654478	61105.7224654556	61524.4307761304	63943.464977043	61537.5997859358	60313.7667104881	64243.7864395201
SW_IVT_NP_6	63377.7205559867	63733.8255453914	64157.1876846829	65012.0713373797	64255.2190003106	64013.6152963312	63578.5065328478	63615.0356347923	63415.8648920618	63990.7175602528	62233.5601061994	65326.8144944364	65642.5837462729	63907.7636580819	63600.6459002588	63735.3303166824	64140.2598086213	64061.895756568	64676.3592112268	65412.3156250567	65197.6198531411	65367.121767157	65270.1168998116	65519.4217547661	64641.209454699	64602.9262160974	64808.9910088163	64779.2896932447	65396.1068630818	64206.6825393487	60220.267733989	60469.9827028051	60881.4680558841	60117.4480312943	60231.736924579	60502.6651869671	59962.4663136881	60222.8427636906	60711.8687508518	61651.170778607	61089.8359831745	60188.8508386827	59996.2978963971	60561.0509633771	60347.8471676561	59967.668122776	61165.8173394656	59328.3828654507	60022.1949227736	59651.6416671218	61108.6142212916	61436.891622286	61277.9144096553	59347.6898111885	55598.1137312312	61228.7726234474	60663.9894315516	57038.5416290343	54537.9986007158	61311.1448462926	58521.6913156835	62891.0163773482	59354.6747917156	59908.2727829352	64576.1789066766	55983.7152628592	53777.9073450741	56713.46382929	59507.5442029268	59340.9808635089	62591.873394808	63616.9715043551	63471.602147363	60705.1476927626	61603.5869193728	62010.6029948809	64473.1136721507	62037.278628224	60741.06980205	64865.3618316546
SW_IVT_PR_1	65794.5711499819	66168.6422372915	66616.2121253033	67511.074616293	66683.022192433	66456.3126374138	66004.6969439088	66030.992718487	65855.4754495394	66435.8157543129	64597.7040022418	67834.0944143045	68189.8025732706	66393.6115190749	66055.4424071963	66169.3414658711	66606.7349252721	66519.45608625	67169.7308982378	67876.9097378979	67666.8279207702	67813.3608193652	67733.4680630395	68000.1955738092	67061.8293139562	67000.5394254393	67228.2718504373	67197.8343535254	67850.6740052279	66556.1021944243	62447.9512758475	62729.3204082525	63124.3385124802	62398.6685336682	62528.2768268639	62800.5829510097	62156.8931572194	62464.6600343645	62990.4032075272	63973.3362321798	63370.6286322445	62474.5208092621	62246.3176754715	62824.9768482227	62602.9924267221	62195.2048134129	63467.027220564	61566.3214562221	62260.2197704519	61882.501970472	63406.6803907838	63727.4439799957	63599.6332725705	61576.0693166593	57846.0061120609	63445.6435505964	63026.0009952824	59217.1965053899	56451.8931022911	63635.0974891422	60692.7317117793	65144.4828559597	61706.50233302	62202.0020025898	67030.0165214046	58042.9424160615	55868.3098456244	59010.2195619288	61752.4211561702	61739.9350083545	64886.3357533558	65962.3798645042	65856.4808485021	62803.6266470562	63787.2399237687	64288.4276310836	66827.1729668734	64366.286820299	62945.1693116031	67293.9296076134
SW_IVT_PR_2	63187.2722256419	63544.4323627216	64004.6235812971	64794.7694418486	64037.8289442749	63827.6907622527	63400.0370400738	63471.8003362119	63239.1626417982	63812.8858094238	62048.010582902	65172.6217057699	65501.7093073293	63745.0244154791	63425.0861586481	63550.4755150873	63965.7879625632	63914.4636749882	64518.2518149981	65188.8924660404	64987.1510370477	65152.5710575466	65056.9278155001	65306.2159146529	64446.8964245147	64379.0633092043	64595.5841295298	64577.2036878699	65189.4444828148	63981.0562034901	60087.7271093641	60341.0464207794	60746.5091366675	60001.0512814198	60120.7030765644	60391.0091715323	59811.9284889349	60093.5548817587	60584.8032469139	61507.1917872427	60961.1647930237	60070.5923350844	59869.4710138904	60447.066620167	60226.7988627712	59839.2431592406	61052.553287118	59193.6531078356	59893.3097983703	59542.2027982098	60981.0099660275	61250.9488084423	61126.5720519638	59225.0126602502	55547.0610305404	61098.0554858071	60502.4785928962	57004.5359777689	54413.9056399757	61041.0830012602	58543.8035647465	62707.9538304138	59237.3003213639	59947.5900097615	64428.9450046603	56043.6178049247	53763.940525822	56704.963290402	59493.6375875952	59360.4810981115	62396.5089419197	63504.4135254675	63400.7289636731	60419.7952375553	61389.3696092393	61911.4148671592	64315.004190192	61987.4189187105	60441.7040710864	64776.9850255083
SW_IVT_PR_3	63465.3280038044	63825.2718091011	64221.9368307116	65197.4315376273	64398.570891573	64113.7000772376	63651.7142794216	63684.6618471072	63505.7678990214	64072.8857290652	62270.0989452913	65481.9468479663	65771.0355341203	64058.4310195391	63693.3473957525	63828.2046118988	64237.4599638162	64143.9048013641	64787.5304961196	65427.749903815	65264.2677716881	65350.0099973306	65311.1359034074	65570.2399528989	64654.4507316463	64592.1050301148	64808.368119825	64799.8657389271	65442.6844752644	64224.100272923	60235.1742139457	60531.7450164865	60925.7247990838	60190.2377594627	60313.6960792015	60541.9987422231	59943.0765671341	60276.4915340586	60792.0706505678	61754.6678269412	61136.8138071064	60295.2442265598	60086.1717359555	60588.7178791418	60372.0648209204	60013.1663147967	61203.0664704781	59397.4278027974	60048.3367994706	59665.0974855916	61180.4731584022	61521.9152902219	61347.3670666728	59407.910519482	56074.4896627641	61539.0534974618	61061.4336530729	57492.2556774022	54987.9179102834	61824.5640698647	58834.5025295165	63185.0666860685	59707.9575547432	60427.7540219528	64790.8808578077	56388.7954684795	54226.4134490891	57192.1761525627	60169.309014885	59842.6355264413	62983.0390927754	63686.1766468892	63612.2591320238	60703.123029825	61798.2538014439	62206.4582875398	64778.0774490219	62189.3839138465	61081.9256044865	65108.6936082855
SW_IVT_PR_4	63174.9970907713	63571.3905647491	63958.3124667221	64828.533928681	64072.4927859226	63772.636196859	63357.2004522596	63379.0111736893	63215.2534360993	63777.4250446223	62020.4773317252	65089.6537021143	65422.4669543282	63754.4767994914	63394.8764522752	63537.9946206713	63949.7766854702	63828.7509367251	64472.8428703834	65103.9360288913	64888.296517027	65063.4340272163	64948.6008890023	65220.2101427785	64317.8103645109	64264.5463180181	64493.3307869021	64466.8881986809	65081.3753930499	63855.3891578556	59849.1680519781	60121.8849214193	60498.1160923836	59818.8403749074	59925.0681366116	60178.6832450245	59585.9260163976	59879.2642658673	60394.8560430995	61271.5566019668	60747.1657893536	59888.4394445827	59685.9488034613	60212.0788451868	60010.5623627148	59614.7562070001	60833.3810750052	59017.1023291045	59676.2658610503	59270.4070995993	60761.5113795818	61077.4910922053	60982.8672439691	59038.1652779829	55465.1928673045	60892.3122091753	60414.1931878807	56803.5643690238	54496.2102017382	60984.2988818506	58175.7383164825	62471.7184261142	59142.3332551063	59663.43803178	64154.3976384448	55751.1446370646	53700.0772728198	56800.9676514974	59471.4342039694	59332.5645068332	62164.8513254946	63099.1302230628	63158.1655843045	60270.8848286794	61275.6246016602	61677.6516106438	64142.3252250956	61757.4078766297	60284.2442165652	64492.9468378647
