"ENSBTAG00000017745-ENSBTAG00000016933","ENSBTAG00000012210-ENSBTAG00000039292","ENSBTAG00000047567-ENSBTAG00000019866","ENSBTAG00000014906-ENSBTAG00000011515","ENSBTAG00000005710-ENSBTAG00000014064","ENSBTAG00000025868-ENSBTAG00000013755","ENSBTAG00000005198-ENSBTAG00000019866","ENSBTAG00000010452-ENSBTAG00000011515","ENSBTAG00000017468-ENSBTAG00000013557","ENSBTAG00000005198-ENSBTAG00000014064","ENSBTAG00000014583-ENSBTAG00000012100","ENSBTAG00000005691-ENSBTAG00000014064","ENSBTAG00000034077-ENSBTAG00000017846","ENSBTAG00000005339-ENSBTAG00000000570","ENSBTAG00000034077-ENSBTAG00000018999","ENSBTAG00000000575-ENSBTAG00000015910","ENSBTAG00000025644-ENSBTAG00000011515","ENSBTAG00000015801-ENSBTAG00000015510","ENSBTAG00000000575-ENSBTAG00000020679","ENSBTAG00000013760-ENSBTAG00000019289","ENSBTAG00000000442-ENSBTAG00000007348","ENSBTAG00000021316-ENSBTAG00000003585","ENSBTAG00000032436-ENSBTAG00000014064","ENSBTAG00000007708-ENSBTAG00000025324","ENSBTAG00000039355-ENSBTAG00000011515","ENSBTAG00000031998-ENSBTAG00000039292","ENSBTAG00000013103-ENSBTAG00000017866","ENSBTAG00000024394-ENSBTAG00000019866","ENSBTAG00000007740-ENSBTAG00000013320","ENSBTAG00000034077-ENSBTAG00000003848","ENSBTAG00000021302-ENSBTAG00000019289","ENSBTAG00000011851-ENSBTAG00000019866","ENSBTAG00000005111-ENSBTAG00000002081","ENSBTAG00000003835-ENSBTAG00000002081","ENSBTAG00000019269-ENSBTAG00000019289","ENSBTAG00000000575-ENSBTAG00000013745","ENSBTAG00000017745-ENSBTAG00000015361","ENSBTAG00000007773-ENSBTAG00000018993","ENSBTAG00000005339-ENSBTAG00000007213","ENSBTAG00000015362-ENSBTAG00000008997","ENSBTAG00000015362-ENSBTAG00000000231","ENSBTAG00000026236-ENSBTAG00000019929","ENSBTAG00000017246-ENSBTAG00000014064","ENSBTAG00000005198-ENSBTAG00000027464","ENSBTAG00000011082-ENSBTAG00000012687","ENSBTAG00000010562-ENSBTAG00000011515","ENSBTAG00000005947-ENSBTAG00000018517","ENSBTAG00000014583-ENSBTAG00000011515","ENSBTAG00000013103-ENSBTAG00000011578","ENSBTAG00000007148-ENSBTAG00000034848","ENSBTAG00000000073-ENSBTAG00000000736","ENSBTAG00000005947-ENSBTAG00000019712","ENSBTAG00000012529-ENSBTAG00000012899","ENSBTAG00000003832-ENSBTAG00000022799","ENSBTAG00000000575-ENSBTAG00000026676","ENSBTAG00000012210-ENSBTAG00000037735","ENSBTAG00000021316-ENSBTAG00000019929","ENSBTAG00000007740-ENSBTAG00000007909","ENSBTAG00000011966-ENSBTAG00000015910","ENSBTAG00000008096-ENSBTAG00000013674","ENSBTAG00000010963-ENSBTAG00000003255","ENSBTAG00000047330-ENSBTAG00000017851","ENSBTAG00000007897-ENSBTAG00000023731","ENSBTAG00000011034-ENSBTAG00000020148","ENSBTAG00000014113-ENSBTAG00000014162","ENSBTAG00000001601-ENSBTAG00000011578","ENSBTAG00000005339-ENSBTAG00000015996","ENSBTAG00000015991-ENSBTAG00000018993","ENSBTAG00000021048-ENSBTAG00000017489","ENSBTAG00000034077-ENSBTAG00000023731","ENSBTAG00000008300-ENSBTAG00000001882","ENSBTAG00000025644-ENSBTAG00000010986","ENSBTAG00000002317-ENSBTAG00000026676","ENSBTAG00000005339-ENSBTAG00000019866","ENSBTAG00000017746-ENSBTAG00000009851","ENSBTAG00000011412-ENSBTAG00000015910","ENSBTAG00000019716-ENSBTAG00000003220","ENSBTAG00000000575-ENSBTAG00000012897","ENSBTAG00000002006-ENSBTAG00000014269","ENSBTAG00000010738-ENSBTAG00000003220","ENSBTAG00000008300-ENSBTAG00000014357","ENSBTAG00000017122-ENSBTAG00000019289","ENSBTAG00000012004-ENSBTAG00000013843","ENSBTAG00000013472-ENSBTAG00000015910","ENSBTAG00000047567-ENSBTAG00000000570","ENSBTAG00000032436-ENSBTAG00000007909","ENSBTAG00000008300-ENSBTAG00000013125","ENSBTAG00000003837-ENSBTAG00000011761","ENSBTAG00000044040-ENSBTAG00000002804","ENSBTAG00000013155-ENSBTAG00000019289","ENSBTAG00000011851-ENSBTAG00000015510","ENSBTAG00000013760-ENSBTAG00000003585","ENSBTAG00000018773-ENSBTAG00000019866","ENSBTAG00000007737-ENSBTAG00000007909","ENSBTAG00000021316-ENSBTAG00000019289","ENSBTAG00000019267-ENSBTAG00000011578","ENSBTAG00000002880-ENSBTAG00000013755","ENSBTAG00000005691-ENSBTAG00000027464","ENSBTAG00000010312-ENSBTAG00000014064","ENSBTAG00000023907-ENSBTAG00000019929","ENSBTAG00000007737-ENSBTAG00000002081","ENSBTAG00000020645-ENSBTAG00000006208","ENSBTAG00000000277-ENSBTAG00000027676","ENSBTAG00000012413-ENSBTAG00000014064","ENSBTAG00000006655-ENSBTAG00000003255","ENSBTAG00000014583-ENSBTAG00000014600","ENSBTAG00000000793-ENSBTAG00000015910","ENSBTAG00000007725-ENSBTAG00000012687","ENSBTAG00000006276-ENSBTAG00000047138","ENSBTAG00000025644-ENSBTAG00000010785","ENSBTAG00000012228-ENSBTAG00000014966","ENSBTAG00000025644-ENSBTAG00000014600","ENSBTAG00000003300-ENSBTAG00000019929","ENSBTAG00000007737-ENSBTAG00000006378","ENSBTAG00000006538-ENSBTAG00000016948","ENSBTAG00000003658-ENSBTAG00000000736","ENSBTAG00000014583-ENSBTAG00000012687","ENSBTAG00000010303-ENSBTAG00000007626","ENSBTAG00000000793-ENSBTAG00000019289","ENSBTAG00000012817-ENSBTAG00000007909","ENSBTAG00000001725-ENSBTAG00000001338","ENSBTAG00000010673-ENSBTAG00000006359","ENSBTAG00000016542-ENSBTAG00000019289","ENSBTAG00000001141-ENSBTAG00000013745","ENSBTAG00000004086-ENSBTAG00000019712","ENSBTAG00000005339-ENSBTAG00000015910","ENSBTAG00000005339-ENSBTAG00000003166","ENSBTAG00000020645-ENSBTAG00000020199","ENSBTAG00000014575-ENSBTAG00000019289","ENSBTAG00000010123-ENSBTAG00000000736","ENSBTAG00000017122-ENSBTAG00000011154","ENSBTAG00000012413-ENSBTAG00000010543","ENSBTAG00000006354-ENSBTAG00000025101","ENSBTAG00000008452-ENSBTAG00000013909","ENSBTAG00000000575-ENSBTAG00000019289","ENSBTAG00000025471-ENSBTAG00000024928","ENSBTAG00000006989-ENSBTAG00000011971","ENSBTAG00000005898-ENSBTAG00000017851","ENSBTAG00000000575-ENSBTAG00000015296","ENSBTAG00000005691-ENSBTAG00000026676","ENSBTAG00000011585-ENSBTAG00000015046","ENSBTAG00000025644-ENSBTAG00000004337","ENSBTAG00000023652-ENSBTAG00000003166","ENSBTAG00000016800-ENSBTAG00000000782","ENSBTAG00000013472-ENSBTAG00000017866","ENSBTAG00000010361-ENSBTAG00000007909","ENSBTAG00000017455-ENSBTAG00000019929","ENSBTAG00000032436-ENSBTAG00000006161","ENSBTAG00000008300-ENSBTAG00000011741","ENSBTAG00000005077-ENSBTAG00000015127","ENSBTAG00000017753-ENSBTAG00000014420","ENSBTAG00000011851-ENSBTAG00000011425","ENSBTAG00000015509-ENSBTAG00000012687","ENSBTAG00000020645-ENSBTAG00000014798","ENSBTAG00000007446-ENSBTAG00000003060","ENSBTAG00000001725-ENSBTAG00000014798","ENSBTAG00000022635-ENSBTAG00000015910","ENSBTAG00000006655-ENSBTAG00000008218","ENSBTAG00000018463-ENSBTAG00000011578","ENSBTAG00000009812-ENSBTAG00000003220","ENSBTAG00000013066-ENSBTAG00000012687","ENSBTAG00000013103-ENSBTAG00000010682","ENSBTAG00000013472-ENSBTAG00000019289","ENSBTAG00000014737-ENSBTAG00000000802","ENSBTAG00000000310-ENSBTAG00000022799","ENSBTAG00000005947-ENSBTAG00000019929","ENSBTAG00000015742-ENSBTAG00000017060","ENSBTAG00000011412-ENSBTAG00000019289","ENSBTAG00000032436-ENSBTAG00000010444","ENSBTAG00000009476-ENSBTAG00000011971","ENSBTAG00000020342-ENSBTAG00000007047","ENSBTAG00000008611-ENSBTAG00000011761","ENSBTAG00000016267-ENSBTAG00000020755","ENSBTAG00000021879-ENSBTAG00000013755","ENSBTAG00000017745-ENSBTAG00000018474","ENSBTAG00000038221-ENSBTAG00000006359","ENSBTAG00000011291-ENSBTAG00000006732","ENSBTAG00000017246-ENSBTAG00000010444","ENSBTAG00000006538-ENSBTAG00000020704","ENSBTAG00000000793-ENSBTAG00000019569","ENSBTAG00000010963-ENSBTAG00000000973","ENSBTAG00000017549-ENSBTAG00000002699","ENSBTAG00000013363-ENSBTAG00000009851","ENSBTAG00000017564-ENSBTAG00000019832","ENSBTAG00000012228-ENSBTAG00000010146","ENSBTAG00000017246-ENSBTAG00000006161","ENSBTAG00000025471-ENSBTAG00000006378","ENSBTAG00000014906-ENSBTAG00000011578","ENSBTAG00000003300-ENSBTAG00000002804","ENSBTAG00000005260-ENSBTAG00000011578","ENSBTAG00000032808-ENSBTAG00000010785","ENSBTAG00000014575-ENSBTAG00000003585","ENSBTAG00000017473-ENSBTAG00000015910","ENSBTAG00000005947-ENSBTAG00000015910","ENSBTAG00000018134-ENSBTAG00000010444","ENSBTAG00000015362-ENSBTAG00000002081","ENSBTAG00000021105-ENSBTAG00000014031","ENSBTAG00000025410-ENSBTAG00000018343","ENSBTAG00000019866-ENSBTAG00000009851","ENSBTAG00000007244-ENSBTAG00000011741"
20.7578520230757,10.7645433766645,18.3509238927553,40.8304550824181,11.9109665149304,87.9051068905142,10.542306482666,34.6660347877965,105.459082398767,10.542306482666,72.8315361470401,14.0484549096661,81.085191528205,15.0157146746148,77.6274676686874,65.0471941565048,57.6919735234025,50.5012932810246,44.6989780447809,10.5446787823057,18.6509993645543,15.7947623424675,25.6187325792651,11.6980620095929,19.3837790914872,21.6593652701907,20.2252810620089,9.39903635453192,19.6383427403475,74.9028309987502,8.44064671929524,17.6656831825179,43.128161770372,69.26817887445,15.5979725891155,66.9280184971756,20.7578520230757,15.4907698238961,63.7532718566178,7.47330879530768,37.9268946000558,107.523462710737,26.8533674385577,44.4482589651456,60.3860381644767,34.7382429688007,14.6270978643946,40.9021112523435,20.2252810620089,48.3047432058312,86.8947880558675,75.4179013280993,9.10073878713734,77.636448583193,11.8222174459486,10.7645433766645,75.9413552904718,71.6448894396512,89.365384151785,67.1709985884724,10.2097387097836,14.2561460881891,14.4883514459097,47.3535656025234,7.69294669713861,19.56460174377,72.941130804356,21.0189024060739,57.8842073348732,14.5529980793475,16.4219828103248,25.1352185328936,20.1298023312919,15.0157146746148,27.0750557732479,125.006897147602,15.0844341271313,63.5057105894949,14.3416758550794,23.248170792064,66.8530114436678,16.1381328499172,12.3975770063677,136.379961693083,18.3509238927553,93.46263518736,16.4219828103248,45.5977021555635,67.3182067212705,12.6871390067768,72.621160930532,10.5446787823057,8.66073669594265,99.337904145236,15.7947623424675,17.739785347897,66.3784538321209,59.2308109152127,12.8633801795616,89.5916644306014,113.092976610373,79.9357435274102,72.7967017858211,13.9134889176521,22.0798508901095,17.8202173022794,67.9150533992397,67.0705412839191,11.0743209032697,128.640922989776,75.0217180691251,25.1352185328936,72.2444913640849,131.114729645074,10.898326758618,86.9790548548451,70.3410832715092,13.9751546299364,12.3434460094806,53.4597591330789,29.4131385781127,85.3659990792469,13.3081579277016,105.109444572471,62.6893724922162,82.6181815978243,15.0157146746148,100.222043617789,17.5829586686592,106.77088109969,83.725813588406,63.6699735640098,8.92214592504564,17.3536102799983,11.8222174459486,38.0697435072877,59.9296837187902,17.8219321826375,11.8222174459486,14.0484549096661,13.386608964563,25.1352185328936,13.4743887782697,38.7067401906231,24.7868272154293,56.8877510282155,72.8367937536021,138.676129040307,16.4219828103248,80.7457392968018,24.1490150306906,97.2494841190916,75.6129422321698,21.9413466680103,11.5998063900271,12.411742329795,101.336343137019,112.641091195053,25.2053082076772,17.3868729957647,67.296541683842,103.340073149928,24.7868272154293,11.9316977835818,75.4651274563459,70.3272142817793,16.0395077889833,22.7197919831334,141.291345526075,42.6836884465989,67.2942056226553,111.364900869213,17.735139950253,95.4449124128281,95.1073288441808,47.9229624118259,16.2331912743173,148.100551249391,10.898326758618,70.8866334613297,10.2097387097836,82.1262588273633,52.5452823864899,17.2655355923252,13.793598529158,145.359300525672,38.9551744971376,17.788998167618,59.3900799328524,15.0049662842387,53.7924534536315,17.5829586686592,82.0712090376641,80.4799674072593,58.9643455707837,31.0394452682377,18.2648402769639,10.6339809797492,38.5274807325502,18.1438823758215
20.7256889916547,13.5215867535272,18.5385165233218,44.3535945473507,12.2520533771417,93.4864560731271,11.1180864128008,32.1420706788337,107.879109912581,11.1180864128008,78.9698918530677,14.3629558104429,78.7380591783467,13.3434318706133,75.3804243162723,84.2157211263988,59.4735547091663,53.2075440598183,57.8711613693463,11.4169321232158,18.7070250942339,14.6319611171755,26.0834568722361,10.9465560458806,19.0782450470371,18.7940232935432,22.6770741290173,11.4700424725234,20.6900486005608,72.7346563367716,9.33554179220517,17.5265405953206,47.2087177309309,66.6935945365067,17.5051223155759,86.6507989220771,20.7256889916547,16.2107100466289,56.6531435886713,10.3202307365715,52.3749672487728,107.298934421539,27.1775699522712,46.8758506390972,65.5137502654393,35.6757497701737,16.0506928675096,44.349405120861,22.6770741290173,47.7048712573053,93.5159379038597,82.7580140744185,7.80264060953758,90.8246163160169,15.3060647801069,13.5215867535272,70.3505968436244,75.4817381531227,88.9165720361137,62.6699704133458,10.0205054079684,15.9388622314979,15.7207780928598,48.1385575472258,8.58899424652685,21.1484184635771,64.8177612950273,19.7508370990059,62.8240124203025,14.1317397467754,18.2855270339821,25.9114171911021,23.970984731936,13.3434318706133,30.7458302592947,126.832465019881,15.6121808170501,82.2199832335715,16.1598607649468,23.1551673590339,74.4394000514804,18.2201324249012,14.3695978071803,150.533685395845,18.5385165233218,95.1580491553332,18.2855270339821,59.5120642200677,68.2225557363133,12.0215966240318,72.0491651513285,11.4169321232158,9.17125766326407,102.918446518562,14.6319611171755,18.7608541654991,63.3417767314497,60.556803240088,12.4207110790272,93.4821038915112,117.169307778856,80.1783902310145,74.5482393190547,12.7537087141358,22.5446832874268,19.3221330704606,69.8565328125815,71.7964332971277,12.4604545612652,132.6134729672,72.0745089270914,25.9114171911021,82.474415547403,135.840638141946,10.7749494449359,80.249423697919,76.269539716477,14.9023622744505,12.6963066069129,51.5560748736105,30.5991143490974,88.4311915061393,14.814606457136,103.032676488196,66.3526274601815,73.4170901161459,13.3434318706133,100.526269830484,17.0655112040082,114.434169798666,94.5273796634522,58.3626652867698,10.7064687247732,17.6092772529072,15.3060647801069,37.427050877634,61.6729644459547,16.5566330423577,15.3060647801069,14.3629558104429,12.762355012086,25.9114171911021,15.1829790196392,37.3000971265014,27.3592425433115,50.6035111689911,71.9308157340729,141.191716640936,18.2855270339821,91.0029836478698,24.5560407277335,96.4835049783967,71.2581351472242,22.0079501073066,9.99188242021896,12.9121998256773,100.536055040801,115.012449077732,26.6748822831297,17.9337302737052,70.5043023696264,115.867388548727,27.3592425433115,13.0146575247725,100.51122005663,77.1718714901133,16.3955062846088,23.0515858541571,143.854373203161,41.4527452562572,73.9747145195061,114.231659397333,17.6566672320117,100.459412311376,94.9599658124672,47.390758085313,16.0950609776015,149.888579179492,10.7749494449359,72.9130610743251,10.0205054079684,82.6389892124854,53.5223726969096,16.3926776048062,13.2517205139249,147.114233151157,38.2975340396602,19.3239583183055,67.7998009161788,17.6116074827233,51.362028278221,17.0655112040082,85.5785304294203,88.3127501310776,65.2097060042374,42.8637763910582,18.3697793540792,10.5146429896714,39.7954346252978,19.5079603495602
20.7949180774583,14.6036932446149,17.6658200122273,45.0245464105869,12.4538687818617,94.3790472395435,9.71687811571372,32.723269100957,112.31472621046,9.71687811571372,77.8398292326261,14.1779029288643,99.6032489428256,13.2772024316262,95.3558577254628,73.6182910493272,60.1490417554482,50.5706702141058,50.5888442688361,13.8158100415936,18.5249921451265,11.2068911823213,25.7112119955283,12.3133393006257,20.2720657913246,18.1907603203326,22.4464253509276,11.6740676265234,20.2740926430447,92.0089745350826,8.91884011642304,18.1072582467038,45.1549217182385,69.4729048667937,16.9634240202162,75.7469466434642,20.7949180774583,16.0064646802139,56.3719486192572,10.8656897913648,55.1431611835366,114.578552297692,27.362558908774,40.9681046107075,63.3758347001227,33.0558891257556,15.0332989060579,43.7147631859428,22.4464253509276,46.5473585846683,93.1501770317016,77.5122901373865,8.83212642346941,83.596774722124,13.3799997996876,14.6036932446149,53.8828306830579,73.964241540398,89.1212203713914,60.9182729373648,9.41835222663744,15.227528296247,15.6698830219652,44.6219548993229,8.03795693254167,20.165450791308,64.4960416648304,18.9124169795729,59.363627277185,17.8765797211875,17.9867716685998,26.2057131474979,22.5301275280643,13.2772024316262,30.8130234560287,127.44393646339,15.3661565783225,71.8736902659198,15.4754944799697,23.5448627842378,73.2231829788255,17.4904129930962,13.9705843059291,149.467210024114,17.6658200122273,93.8000199474298,17.9867716685998,75.3110093359132,70.2959084017614,11.2241538941098,74.4364144629225,13.8158100415936,9.1938729983612,100.90695251469,11.2068911823213,18.5463164930105,71.2635268604953,59.7765870306488,12.9552129370275,90.2018442800986,114.879287204241,81.9752422460351,73.5599169936164,11.6850237282484,23.2902415198403,19.0456324976758,66.8200543675478,70.3323768716572,11.471803320763,134.119666494555,71.5376412445729,26.2057131474979,78.2117241600766,133.18569494811,10.505711989547,77.8510262835081,75.1781192536981,14.5122303338844,12.1444317887501,49.3437659105358,35.6699377192189,90.2860448858316,12.9438168235247,104.967736883836,64.7056181091849,73.0526881588677,13.2772024316262,102.779131605171,19.6946658732102,110.66369716661,90.7415418786642,53.4722208265468,9.62001715364242,18.7966705589986,13.3799997996876,35.0203473447048,58.4097935854762,16.9881690973871,13.3799997996876,14.1779029288643,12.0176958888031,26.2057131474979,14.9366847435002,32.8560658064482,27.1654124495028,50.3545853206625,72.1877370405011,139.176727086039,17.9867716685998,96.8411539461302,24.6042144796782,99.6803523028047,76.4942951316531,22.5011631711115,8.88511168719181,15.0519834772147,99.9637987976949,118.815939113352,26.2856317301512,20.0272883153275,70.6078072223718,114.688900026038,27.1654124495028,12.2591862025764,94.6583548521578,72.2802324377647,18.9622353027455,23.162719754103,141.801384073722,42.5913262538555,72.0320007781592,119.296804304987,17.5711222552029,101.13547668661,95.2771563108768,48.0437439054555,17.2785734260366,150.908822413262,10.505711989547,69.7437234419006,9.41835222663744,77.2426911622335,53.342673748033,15.2350396751684,13.1530112672356,148.115592305972,35.8348550864861,19.6162783877629,64.2955672030981,19.5936979699662,52.7472905403601,19.6946658732102,84.6517571340032,82.714932052805,54.8261172168888,45.1292717614554,18.4334817276558,11.1031824294933,39.0090831899762,17.986618457057
20.6928901291614,14.4852841258109,17.8056642171882,42.2521003730683,12.8376330018053,94.3393064425785,10.4001559991397,31.8138989768252,107.710125994422,10.4001559991397,78.097424375979,14.4191289593317,82.8654124897577,12.6176445610172,79.3317744913207,85.5733554151876,59.6942123892974,50.1370586269217,58.804097310002,12.7237934558304,18.302389173732,13.0370367190181,25.418086974231,11.3553926242446,16.2260591606743,17.6917163997251,22.4163979518936,11.1065369475098,20.1186009765967,76.5473185717644,9.01230982959114,17.1014803787079,41.739690293238,64.7255656027145,17.276214511202,88.0476888874433,20.6928901291614,15.9279238314514,53.571617556681,9.89182455307884,50.2008143250314,110.010543224004,27.3669350503254,43.8489269770097,63.3690359351313,34.2243663466366,16.001490900489,43.8594283374537,22.4163979518936,48.4145698714271,94.7347176971717,82.5043267655407,9.07905562965093,83.1759390588604,15.5528125143061,14.4852841258109,62.6821864075738,73.3969745668684,89.7963597294647,67.0144292459139,10.4675637620528,15.5758803238235,15.6388075717548,50.7310519078307,8.76612705058812,20.1579127465198,61.2921384237503,19.5487817187751,63.0956925010447,14.8725083591657,17.5651071426399,26.0075532508056,23.7532786588069,12.6176445610172,28.2923468868072,127.289212870532,19.3805601474951,83.5454444060051,15.0457533874304,21.6229329637922,71.5066093040766,18.1962524207256,13.9362040345785,149.775391180071,17.8056642171882,92.7306369541442,17.5651071426399,66.6950496041083,68.0581026591728,9.79946834733699,70.301801855108,12.7237934558304,9.66429241349343,100.636552783652,13.0370367190181,18.5992708162584,66.9447936528234,60.7936393321524,11.6211718010405,96.8305532837764,114.571445895116,78.5380937468428,73.3628596082803,12.5723756422104,24.9894046165054,19.108660159502,69.5680579483757,71.4305983516887,11.1164197788341,133.105493016147,73.0026327960677,26.0075532508056,74.6538135870609,132.828798072378,10.4933396209853,76.6431250413464,75.4269060071773,14.6990573178681,12.6438767885855,52.6760103441782,31.2265128267039,90.490342727242,13.8933609354199,103.125892222841,64.4082334686457,69.4237252284273,12.6176445610172,98.4696946548696,18.9875937717001,114.18134846545,94.403488455176,57.5328610612368,9.07905562965093,18.5731172664454,15.5528125143061,36.2703204752573,61.6391847046754,16.8043340275029,15.5528125143061,14.4191289593317,12.9009219117918,26.0075532508056,14.2672160577762,36.5939892927499,27.2214238530031,52.713412428968,70.3432815184174,137.590019267742,17.5651071426399,93.4811523450599,24.7056838472274,94.143550935406,71.6781916645929,21.5577095489612,9.01255918426348,13.1769491390318,103.034276277911,127.484275973021,26.0515963485521,20.2409553948308,67.7152734090689,114.535476515969,27.2214238530031,11.4849515680694,93.7383830169534,76.9353080029593,17.2620324601305,23.13459900297,140.184753409488,38.8924507792765,68.4983956515836,113.59422841161,17.4797317015721,100.191938328833,94.8096895605028,46.7122810112454,16.2093463680322,150.932957523228,10.4933396209853,72.6119641755042,10.4675637620528,82.7539902678345,53.1401307222061,16.6608496339395,13.422366672977,148.139280689798,37.113900252842,18.4083800828901,61.37071315076,17.7113640370954,55.7864683578773,18.9875937717001,86.1974736894493,88.0420352743847,63.0118113846834,41.0844453545238,18.2161135291184,11.3560035492435,39.3217246513692,17.8462396552592
20.7796824153388,12.560410256638,17.2037982971736,41.0908116298572,12.4133706171693,97.1480784320562,9.09048213033055,30.5829187423069,109.638442055096,9.09048213033055,79.3719665209072,14.3735691501148,95.9618287710101,13.4043682503073,91.8697189949722,75.7698474938038,60.6400325567144,51.8286381439585,52.0673457710281,12.0160378474447,16.1653708916963,9.4810134191486,25.909287802524,10.7974694514803,30.5165688661871,16.9420599213632,20.9350054413121,9.62252808505083,19.8528679482725,88.6451953469917,7.53067594680677,17.0888456894843,43.3739107741646,63.2906547265152,17.1100544462149,77.9607148371727,20.7796824153388,14.1971367592424,56.9118654453908,11.7898315777918,59.8331625054855,115.623213691218,27.1048288296408,38.3271065502908,51.7809231485865,33.1169895918803,14.4840720641842,44.575209815719,20.9350054413121,51.9736410101938,93.6490383759014,74.6804545845523,10.3655618302665,77.4881823827176,13.7710415419745,12.560410256638,45.5847953242969,72.4275234432947,91.1025056545598,56.3128513706979,9.26859495879022,14.4224407255086,15.0105033842426,40.8933575125372,7.32982639976314,20.4300486759674,65.1137690800923,19.8734574747777,56.170674029686,17.2230253573417,17.7055978719162,26.4196278453971,20.0434920863712,13.4043682503073,28.997039105577,122.099868728456,15.5980078889457,73.9742592858709,15.6108819156345,24.0832372153967,72.0785395295872,18.815851245918,13.2667659339121,138.731879455281,17.2037982971736,94.5226430058265,17.7055978719162,88.9091883656096,68.7619528192184,11.006047504458,70.2498624090115,12.0160378474447,9.31417673660855,102.591158844621,9.4810134191486,16.7814555744575,74.8171171359691,60.6015509877462,13.8695405990031,91.6990829205064,116.796701394895,81.2623233152782,67.4943639305366,11.9447144306089,23.2419437946689,19.4205115797121,67.9399408361179,70.4548428436883,10.3922660455987,135.214472340099,74.9518294896421,26.4196278453971,75.0022167688955,135.408655654957,8.56456346924643,82.9352269710388,76.6578655597596,12.7786690663097,12.3479692590114,49.975082881038,29.5780296403457,93.3581119806792,12.2440952738677,91.7290099926175,68.3826914045359,73.7523690550818,13.4043682503073,101.885286261133,19.9389275955225,99.6962344492367,97.6180124784998,54.6605999780284,10.8124157812601,19.9545107592263,13.7710415419745,30.3419304813808,60.2668075279307,16.7518495153309,13.7710415419745,14.3735691501148,13.2076827505038,26.4196278453971,13.1414296357625,33.6118569945196,25.2142842881016,49.6390960566623,70.4101395069421,140.248926348266,17.7055978719162,101.704013070276,24.2672049149563,94.0739970440388,74.0448870262588,22.3054759764267,10.5790950007048,12.4813229823828,98.1114473930732,118.569546667469,25.3935918972462,18.1748050084045,65.5202481526078,106.966374759711,25.2142842881016,11.8388336103676,78.0113056705121,69.6395449852125,19.0518877548127,22.1914444880823,142.893803349344,39.7141331647847,61.137768956417,109.79468660563,17.1581428750705,104.956683072586,95.2073502863542,47.9386639075208,16.7527929145071,149.48740043032,8.56456346924643,70.9126098322147,9.26859495879022,50.3813000325713,54.3516048847766,17.085101678828,13.780748716704,146.720479975537,31.047627002161,17.9024302157295,61.6571252000018,15.4487439471027,54.8196437091894,19.9389275955225,76.7110608115423,79.6930230765352,57.3446807390844,48.9675780840717,17.917337897293,11.3656478190395,37.0028175987994,16.1560404414978
19.1475330914834,10.6152752372774,17.3383466187186,44.2790285147682,12.0110706919207,95.0301447085047,10.379704599135,31.5350466452158,105.338657291334,10.379704599135,77.0211188525449,15.1224408393364,81.0062964077222,14.327721168946,77.5519368806473,87.698096710931,58.4336212035091,51.2894497602785,60.2641720412927,12.5813712993771,18.525739644319,11.5308366432264,26.2768335694621,12.3907734448319,9.20862429571395,18.1469065656098,22.8996049565623,10.1934426913814,20.7853027078521,74.829951256287,7.91075962393097,18.0055889620003,44.6448466934823,61.2817908704032,16.7164122728026,90.2338665786914,19.1475330914834,16.9558262750093,60.8322096259509,10.7924002874886,54.7712183982276,112.296634955982,27.4571041228234,43.7627001987323,60.0119559922923,33.1207779742781,15.1340539665027,43.2549763295744,22.8996049565623,47.4196088901461,92.7153666432993,78.0317872568682,4.22151272743051,87.2262668792783,15.9389806486953,10.6152752372774,55.4403632883562,75.8292455816156,90.3045521819066,60.5376820138627,10.5806339843218,13.9040809001356,15.8889280789466,49.3364292289224,9.18327233073956,19.8966897462208,69.5990971165177,19.2367923641817,65.6799817754765,14.5388381505711,18.2167904982458,25.4583393307344,19.9318719954371,14.327721168946,28.2869140814911,131.919318255123,20.6054522625897,85.6198337406223,15.3001626612727,23.094397882214,74.1595773002783,17.969349672444,14.2816928377594,153.279251100384,17.3383466187186,95.8635288526852,18.2167904982458,52.9304710215881,69.4544140476473,11.4024016599245,74.0184662064152,12.5813712993771,9.87472261264476,102.869855158911,11.5308366432264,19.1614742929108,60.1770322177699,63.7589286288649,12.173990460249,102.006036085867,117.113988094514,80.8409671587037,80.6398621713717,6.34074687431694,21.6789822033907,18.8453127234062,74.5344049703586,70.170933981,11.7054958019847,130.294640764979,72.2390188804903,25.4583393307344,72.9549974813794,135.776503076499,10.9681072764885,68.6933739782873,74.3874044333451,15.4952667610557,13.5465019543176,52.3604666743652,32.4745894695325,83.4680320271567,15.8614745700473,22.5472811451204,67.1538977343439,78.8327625471042,14.327721168946,101.356997247491,19.0582497695544,112.674716560081,93.2263004011429,29.0161000057752,4.90564939777715,14.807491671506,15.9389806486953,40.7430178773053,59.9369740974973,16.9494247859474,15.9389806486953,15.1224408393364,13.5666625801345,25.4583393307344,14.2090759073692,38.5261295634617,27.8582444632576,52.4142870969614,74.4384404695077,142.238479268046,18.2167904982458,95.0315972281893,25.4528870447091,99.1206634763937,70.6401357087508,22.189819061333,8.51777548169122,13.703611931494,103.507952089099,110.596046302193,26.920526077339,22.7841293664173,67.0547074254485,117.004398804659,27.8582444632576,13.8529925113124,83.6867205799502,72.7646636483551,17.5604338745542,23.9761128201929,144.920876148219,36.5710248854288,61.6966879401884,112.498892201287,18.1093092572295,97.8318445021864,87.7292469501243,47.702623439266,17.2674580053633,151.430254161096,10.9681072764885,77.7956105597535,10.5806339843218,19.5326922302171,52.9879666537579,16.9577621765957,13.2819675451798,148.627372670715,41.6906242262074,19.2914714157153,59.9741661974542,15.9880863150502,20.7692605100819,19.0582497695544,82.2613443506914,83.2692979328918,63.46507210865,44.8248730531178,18.8002025279845,11.4657013289616,42.9906943096724,20.0807817267467
20.8588344888031,11.3937228616492,18.462075799846,40.9037574698156,12.2169590868624,94.8088454801704,10.2938785164449,32.8857508748097,108.01320859528,10.2938785164449,77.0915044758563,14.4359691535343,81.0062964077222,13.4992380578865,77.5519368806473,82.8141393687069,58.9274526235197,51.2894497602785,56.9080257102693,13.6899057758501,16.8477784361947,13.3945371081146,25.6821408790496,11.3641249002625,9.20862429571395,18.942206335795,21.7410718299529,10.5621889160675,20.9277321340201,74.829951256287,10.0097456961259,16.8882624572191,44.6448466934823,66.5600707484138,16.9627403673315,85.2086907570668,20.8588344888031,16.6032682198951,57.3146608343983,10.9926754060371,55.7876106710815,110.311136733169,27.1987614972222,43.400842008056,62.0199289278971,36.158720117333,15.9855581065423,43.2945048188464,21.7410718299529,48.620076992224,93.6695873474959,82.4221766430154,4.32001173835092,84.7717250895369,15.0513296678153,11.3937228616492,64.4010514006776,76.3488586989582,90.9540448235033,66.6118354116494,10.2459368670483,14.952163424267,14.8026567118246,45.5029727968326,9.18327233073956,20.2271816966416,65.5746136814967,19.5163428454839,69.9211950970571,14.5388381505711,18.684673547574,25.6734916283992,24.1103857763184,13.4992380578865,31.0866536503866,126.153820956986,20.3429483338571,80.8516160560828,15.4560435379483,25.067497057935,76.064304105337,18.6118178135879,13.8788657621363,149.801211231739,18.462075799846,93.6939622747666,18.684673547574,56.4544912212148,69.200594498498,11.7777019742826,69.4252927028869,13.6899057758501,9.87472261264476,101.799092964581,13.3945371081146,18.4166878240916,64.8051400826375,60.8646406177032,13.0215643454589,94.6935298300279,115.894960122859,80.2513779849774,75.6975004117965,4.50008332650101,23.2479960819094,18.862534481572,69.6909627896268,69.4536641834113,12.0174749455491,131.395780590708,72.8641069075446,25.6734916283992,76.7140763015824,134.363218823808,10.3458160920924,80.5536512250999,74.4553832410483,13.6227893759555,12.6662145354672,50.839142915415,35.0327047086354,88.2096391806778,14.6948783077716,22.5472811451204,64.2060221226235,74.2743535999791,13.4992380578865,100.617780605745,18.6184280994609,106.016293853365,96.5594721083133,20.5929790960376,4.8486578853469,17.9742002915981,15.0513296678153,36.3412457887459,61.9059277722607,16.902638070208,15.0513296678153,14.4359691535343,13.2758014437214,25.6734916283992,16.3321535009304,36.1887778371509,27.2261166036936,50.7355662767028,69.7796926934164,139.019362942919,18.684673547574,93.8763016484878,24.9653472785519,92.9697875063043,74.3854943945559,22.0279843190565,9.33680234997566,14.7830841922779,104.217996850574,118.600422611441,26.5453047673355,18.2474268726961,68.274092880982,111.084931100682,27.2261166036936,12.5416683461829,112.745092672826,76.8587029905104,16.8394537079907,22.9282434443271,141.641052287186,36.5710248854288,84.3523072725068,116.307333112834,19.0236621384294,101.241555745977,95.5700054527605,47.702623439266,16.0912335227622,150.005453887897,10.3458160920924,72.7402466400879,10.2459368670483,19.5326922302171,53.1984872895893,16.9600931268513,13.3968971084114,147.228944580112,37.1864751563919,17.8209345257229,63.0643947725388,16.3886476200188,20.7692605100819,18.6184280994609,82.0459105454365,87.9543712176169,68.2637565256412,45.6566904918242,18.1250820751869,11.4087727349131,38.5501662795517,17.7536938586624
20.7578520230757,10.7645433766645,18.3509238927553,17.788998167618,22.6910256432421,89.6591125340235,10.542306482666,15.1032857232159,107.443281780864,20.0836553807144,17.8202173022794,26.7630548875761,77.098835641261,15.0157146746148,79.482666027922,65.9284940996778,25.1352185328936,53.8837000303649,49.406999613715,10.5446787823057,18.6509993645543,73.6610850108858,48.805050133823,11.6980620095929,8.44511798959742,21.6593652701907,95.9789833502638,9.39903635453192,19.6383427403475,73.7539412006551,8.44064671929524,17.6656831825179,43.909529219413,70.5231338274345,15.5979725891155,67.8852876858514,20.7578520230757,15.4907698238961,53.8009189171631,7.47330879530768,36.8136735198941,103.221414549302,51.1570953030486,45.1023684791937,53.0572856976138,15.134745357868,14.6270978643946,17.8202173022794,20.2252810620089,48.7971490005984,88.5373989022093,77.1734248990481,9.10073878713734,76.734107532575,54.5817038708984,10.7645433766645,72.9029173563886,81.563015926875,90.5761620953364,15.7072871392144,34.0191035476271,14.2561460881891,14.4883514459097,33.5201435071457,7.69294669713861,19.56460174377,76.8436042535715,21.0189024060739,15.0560943068394,14.5529980793475,16.4219828103248,58.5405416743139,92.9367874385378,15.0157146746148,12.2018899154262,126.700568531603,9.31729265659451,60.1665331801582,14.3416758550794,14.3598367147597,73.940342739566,16.1381328499172,12.3975770063677,138.22772244662,18.3509238927553,106.401091019556,16.4219828103248,44.4259132954509,17.0317046945061,12.6871390067768,77.4850820089382,49.1765854626058,8.66073669594265,113.08970006528,15.7947623424675,17.739785347897,67.7029295849799,60.1024634353891,24.5054244042521,86.0070732583426,115.141920201083,83.9160823027426,64.0571697784517,26.5059374838863,73.5706128333152,17.8202173022794,68.8352088875354,58.9305239913536,11.0743209032697,117.296347254916,75.1836671462075,25.1352185328936,69.3539661390667,112.925669748131,10.898326758618,88.6232586339863,61.8041365994365,13.9751546299364,12.3434460094806,60.8604356810553,12.411742329795,85.0289791840177,13.3081579277016,106.612821409069,64.148610539418,83.737544234313,15.0157146746148,101.186525551388,17.5829586686592,108.789218577595,83.5690502104303,67.6379426602628,8.92214592504564,17.3536102799983,11.8222174459486,33.1939241012522,48.2622450177382,17.8219321826375,11.8222174459486,64.8599646579703,9.13568686086099,69.2225309026547,13.4743887782697,14.6362449079907,117.625780789978,64.7629800178115,69.9225703203826,134.085246062634,16.4219828103248,82.2217226750932,24.1490150306906,97.19880334074,66.4361763148328,21.9413466680103,11.5998063900271,12.411742329795,102.709311096761,113.156078931079,25.2053082076772,10.739453844888,59.129095849203,109.716319430775,24.7868272154293,11.9316977835818,74.5880229051117,67.5133999265466,62.2446087443867,22.7197919831334,140.479631064453,34.3737944577984,80.0728589393057,108.502998973348,17.735139950253,97.3493628018694,95.935036693603,47.7337654019472,16.2331912743173,147.249718109006,10.898326758618,70.3865389287521,10.2097387097836,73.9394867994567,23.680532982999,17.2655355923252,51.2270963693452,140.547170687264,33.5510676958471,17.788998167618,15.0258652519906,15.0049662842387,49.0486087424337,82.0005888757587,83.1831609488719,81.5703601847238,58.6255972076646,31.6017973642538,74.0834573801233,10.6339809797492,17.3631434983702,18.1438823758215
20.7256889916547,13.5215867535272,18.5385165233218,19.3239583183055,23.3408142835936,95.3518286020313,11.1180864128008,14.0036459367173,109.908841808221,21.1805468162814,19.3221330704606,27.3621958553056,74.8670943348713,13.3434318706133,77.1819211795581,85.3567282244821,25.9114171911021,56.771206383123,63.9665731184291,11.4169321232158,18.7070250942339,68.238198736953,49.6903746652643,10.9465560458806,8.31200302563495,18.7940232935432,107.613956690571,11.4700424725234,20.6900486005608,71.6190228751383,9.33554179220517,17.5265405953206,48.0640139882189,67.9019048769247,17.5051223155759,87.8901623732114,20.7256889916547,16.2107100466289,47.8091727036611,10.3202307365715,50.8376698183096,103.005869708826,51.7747183601746,47.5656850802205,57.5626729391952,15.5431979880944,16.0506928675096,19.3221330704606,22.6770741290173,48.1911621158577,95.2837112921548,84.6843955015614,7.80264060953758,89.768993844817,70.6661926221701,13.5215867535272,67.5358469446075,85.931016982826,90.1212691932889,14.6547653150034,33.3885734751048,15.9388622314979,15.7207780928598,34.0758153410103,8.58899424652685,21.1484184635771,68.2856207825625,19.7508370990059,16.3409727676147,14.1317397467754,18.2855270339821,60.3483274247715,110.67104763673,13.3434318706133,13.8561943999013,128.550870335651,9.6432691113346,77.8967954751623,16.1598607649468,14.3023907279692,82.3309920417274,18.2201324249012,14.3695978071803,152.573209622913,18.5385165233218,108.331208820755,18.2855270339821,57.9826982520752,17.2605076605261,12.0215966240318,76.8747758765047,53.2444610091123,9.17125766326407,117.165913133742,14.6319611171755,18.7608541654991,64.6056604554664,61.4479693298721,23.6621161891626,89.7418549910875,119.292103635831,84.1708114120448,65.5984283023581,24.2964944210144,75.1194459529596,19.3221330704606,70.802992674476,63.0828580464198,12.4604545612652,120.918566303177,72.2300958758087,25.9114171911021,79.1745877812002,116.995970496356,10.7749494449359,81.7664142646505,67.0130858351814,14.9023622744505,12.6963066069129,58.6932157887622,12.9121998256773,88.0820704132235,14.814606457136,104.506349381009,67.8971361172704,74.4117906283865,13.3434318706133,101.493679470158,17.0655112040082,116.597369832972,94.3503920569766,61.9998782345661,10.7064687247732,17.6092772529072,15.3060647801069,32.6335449548817,49.6661343154676,16.5566330423577,15.3060647801069,66.3119761026771,8.70966495743633,71.3601863017563,15.1829790196392,14.1043485952756,129.833166544856,57.6087843768514,69.0528407714193,136.517554959318,18.2855270339821,92.6664632618894,24.5560407277335,96.4332233838496,62.6098904599036,22.0079501073066,9.99188242021896,12.9121998256773,101.898180198438,115.538278507622,26.6748822831297,11.0772344508436,61.9475466091564,123.01659004226,27.3592425433115,13.0146575247725,99.3430136077273,74.0842002089929,63.6261341231779,23.0515858541571,143.027934225871,33.3824980222298,88.0219452178459,111.296086339346,17.6566672320117,102.463919016057,95.78639117883,47.2036621865123,16.0950609776015,149.027473873298,10.7749494449359,72.3986703998595,10.0205054079684,74.4011055567668,24.1208773540326,16.3926776048062,49.2146528979698,142.244006145103,32.9846592586323,19.3239583183055,17.153549445128,17.6116074827233,46.8325177138059,79.5874001961264,86.7380017176486,89.5092663326022,64.8350782363111,43.6403538810349,74.5090975460978,10.5146429896714,17.9345710864319,19.5079603495602
20.7949180774583,14.6036932446149,17.6658200122273,19.6162783877629,23.7252833791924,96.2622299958466,9.71687811571372,14.2568622588304,114.427913669313,18.5111703755979,19.0456324976758,27.0096602591394,94.7064978801625,13.2772024316262,97.6347421990709,74.6157175572587,26.2057131474979,53.9577235970558,55.9172293993981,13.8158100415936,18.5249921451265,52.2649056813697,48.9812283476792,12.3133393006257,8.83212642346941,18.1907603203326,106.519413916893,11.6740676265234,20.2740926430447,90.597703815845,8.91884011642304,18.1072582467038,45.9730086606517,70.7315689096124,16.9634240202162,76.8303526636367,20.7949180774583,16.0064646802139,47.5718743296517,10.8656897913648,53.5246123910874,109.99422774354,52.1271321756663,41.570999473685,55.6842255299212,14.4017780330903,15.0332989060579,19.0456324976758,22.4464253509276,47.0218500647395,94.9110362794687,79.3165653820982,8.83212642346941,82.6251589036826,61.7737907628743,14.6036932446149,51.7269613794754,84.2034464420562,90.3286902318106,14.2451478340301,31.3821840845909,15.227528296247,15.6698830219652,31.5865196794174,8.03795693254167,20.165450791308,67.9466886098523,18.9124169795729,15.4409019633044,17.8765797211875,17.9867716685998,61.0337499396952,104.018789582644,13.2772024316262,13.8864762946638,129.170626375528,9.4913058481773,68.0945182728216,15.4754944799697,14.5430962322632,80.9858393663899,17.4904129930962,13.9705843059291,151.492284977901,17.6658200122273,106.785181479801,17.9867716685998,73.3756354549535,17.7850719952787,11.2241538941098,79.421915116837,64.4319639575589,9.1938729983612,114.875958905914,11.2068911823213,18.5463164930105,72.6854764230546,60.6562713018534,24.6803706986552,86.5928396167423,116.9605939863,86.0571362890582,64.7287579815419,22.2605925998715,77.6036645436818,19.0456324976758,67.7253741262334,61.7964868519388,11.471803320763,122.291931752614,71.6920692592117,26.2057131474979,75.082448040773,114.709337719712,10.505711989547,79.3226788766408,66.0541256339482,14.5122303338844,12.1444317887501,56.174646877543,15.0519834772147,89.9296009419162,12.9438168235247,106.469086880149,66.2117888692185,74.0424515261874,13.2772024316262,103.768221549917,19.6946658732102,112.755622278911,90.5716426562147,56.8046569478599,9.62001715364242,18.7966705589986,13.3799997996876,30.5350823164094,47.0382554108809,16.9881690973871,13.3799997996876,65.4576100221207,8.20147258501369,72.1706789938917,14.9366847435002,12.4239195418666,128.913346677364,57.3253985960841,69.2994825741366,134.569271774953,17.9867716685998,98.6113517894325,24.6042144796782,99.6284046972537,67.2105638058773,22.5011631711115,8.88511168719181,15.0519834772147,101.318170670951,119.359157852079,26.2856317301512,12.3703749692723,62.0384895938284,121.765386910119,27.1654124495028,12.2591862025764,93.5581741905509,69.3882772009478,73.5868539650001,23.162719754103,140.986739456233,34.2994138420508,85.7103250429589,116.231065030348,17.5711222552029,103.153473173302,96.1063421486827,47.854070057412,17.2785734260366,150.041855840872,10.505711989547,69.2516919675335,9.41835222663744,69.5427385234983,24.0398925977878,15.2350396751684,48.8480634193788,143.21221523487,30.8636186180069,19.6162783877629,16.2669679883634,19.5936979699662,48.0956165750596,91.8488310043724,85.7986719197846,83.8356055247815,54.5111428491821,45.9468939949528,74.7674787860272,11.1031824294933,17.5801868248079,17.986618457057
20.6928901291614,14.4852841258109,17.8056642171882,18.4083800828901,24.4563746592144,96.221696234916,10.4001559991397,13.8606682061505,109.736678478879,19.812851138015,19.108660159502,27.4692086959765,78.7915363765381,12.6176445610172,81.2277036294399,86.7327565890964,26.0075532508056,53.4950701643309,64.9977726598015,12.7237934558304,18.302389173732,60.8000455611541,48.4228095689347,11.3553926242446,7.06936369174073,17.6917163997251,106.376919025321,11.1065369475098,20.1186009765967,75.3732049607569,9.01230982959114,17.1014803787079,42.4959023363535,65.8982204993457,17.276214511202,89.307032008585,20.6928901291614,15.9279238314514,45.2086954675893,9.89182455307884,48.7273321078022,105.608986175116,52.1354689584149,44.4942166010409,55.6782518971494,14.9108597736489,16.001490900489,19.108660159502,22.4163979518936,48.9080952102177,96.5255302222504,84.4248030422812,9.07905562965093,82.2092144648562,71.8053961447287,14.4852841258109,60.1742520647699,83.5576501325267,91.0129767988546,15.6706749155993,34.8781830402208,15.5758803238235,15.6388075717548,35.9109629566802,8.76612705058812,20.1579127465198,64.5713711448044,19.5487817187751,16.4116386902433,14.8725083591657,17.5651071426399,60.5722306704151,109.665925842215,12.6176445610172,12.7504853564503,129.013806490965,11.9709065133679,79.152562915129,15.0457533874304,13.3559663438228,79.0872854627173,18.1962524207256,13.9362040345785,151.804641564309,17.8056642171882,105.56775895608,17.5651071426399,64.9810922673083,17.2189005473486,9.79946834733699,75.0103800644277,59.3391917579465,9.66429241349343,114.568126515609,13.0370367190181,18.5992708162584,68.2805698099114,61.6882907494767,22.1389512774961,92.9563318513258,116.647175412378,82.4488376279458,64.5553581148046,23.9510452603715,83.2653182816333,19.108660159502,70.5106093729467,62.7614226648592,11.1164197788341,121.367196126225,73.1602232819989,26.0075532508056,71.6668906086747,114.401951823161,10.4933396209853,78.0919441397888,66.2727183791979,14.6990573178681,12.6438767885855,59.9681889981203,13.1769491390318,90.1330922275801,13.8933609354199,104.600898377159,65.9074819232729,70.3643211433174,12.6176445610172,99.4173129439542,18.9875937717001,116.339769305589,94.2267328154437,61.1183598753756,9.07905562965093,18.5731172664454,15.5528125143061,31.6249639232088,49.6389309990292,16.8043340275029,15.5528125143061,66.5713205270344,8.80422989231595,71.6249455420618,14.2672160577762,13.8373468499636,129.179148549164,60.010768822882,67.5288243079036,133.035092030262,17.5651071426399,95.1899313871053,24.7056838472274,94.0944887888927,62.9789668114681,21.5577095489612,9.01255918426348,13.1769491390318,104.430248894502,128.067125783562,26.0515963485521,12.5023519923436,59.4970081920447,121.602496926342,27.2214238530031,11.4849515680694,92.6488948634077,73.8571017026841,66.9888671616048,23.13459900297,139.379396285754,31.3206556813722,81.5057154152879,110.675036322244,17.4797317015721,102.191108018505,95.6348070903946,46.5278636996444,16.2093463680322,150.065852295369,10.4933396209853,72.099697694353,10.4675637620528,74.5046427096253,23.9486127228736,16.6608496339395,49.8484039250382,143.235119413088,31.9652265947754,18.4083800828901,15.5269712932611,17.7113640370954,50.8667756150275,88.5513012885805,87.3653308068738,89.2348836622408,62.64981045417,41.8287861041446,73.88581831553,11.3560035492435,17.7210846581075,17.8462396552592
20.7796824153388,12.560410256638,17.2037982971736,17.9024302157295,23.6481322183369,99.0865127716918,9.09048213033055,13.3243551748111,111.7012755639,17.3178526587412,19.4205115797121,27.3824148326953,91.2440992592019,13.4043682503073,94.0652891592631,76.7964246299344,26.4196278453971,55.2999459873382,57.551457436435,12.0160378474447,16.1653708916963,44.2160331579987,49.3585733104251,10.7974694514803,13.2954478843502,16.9420599213632,99.346977306717,9.62252808505083,19.8528679482725,87.2855196281127,7.53067594680677,17.0888456894843,44.1597305407706,64.4373128589692,17.1100544462149,79.0757843090698,20.7796824153388,14.1971367592424,48.0275061825572,11.7898315777918,58.0769539232583,110.997091900315,51.6361426470402,38.8911359549102,45.4965306002956,14.4283982624691,14.4840720641842,19.4205115797121,20.9350054413121,52.5034465802083,95.4193278216485,76.4188124015114,10.3655618302665,76.5875645778372,63.579181729184,12.560410256638,43.7609330716286,82.4539934997814,92.3368192033211,13.1682146267698,30.8831891399874,14.4224407255086,15.0105033842426,28.947159413825,7.32982639976314,20.4300486759674,68.5974654830857,19.8734574747777,14.6103920984365,17.2230253573417,17.7055978719162,61.5319625281686,92.5383037995063,13.4043682503073,13.068068335769,123.754153878911,9.63451483405538,70.0846378142444,15.6108819156345,14.8756371875061,79.7198480950379,18.815851245918,13.2667659339121,140.611505457074,17.2037982971736,107.607840520552,17.7055978719162,86.6243627809115,17.3969767121626,11.006047504458,74.9549618889439,56.0384744121683,9.31417673660855,116.793317544983,9.4810134191486,16.7814555744575,76.3099729020287,61.4933755943801,26.4222135959723,88.0301732598795,118.912746616373,85.3087181092978,59.3913985568655,22.7553172201771,77.4427353210616,19.4205115797121,68.8604335149256,61.9040897393578,10.3922660455987,123.290188945201,75.1136276985327,26.4196278453971,72.0013540676799,116.623915336766,8.56456346924643,84.5029884722104,67.3542825064168,12.7786690663097,12.3479692590114,56.8933599151751,12.4813229823828,92.9895396982964,12.2440952738677,93.0410069252231,69.9744544275259,74.7516121354326,13.4043682503073,102.865774328939,19.9389275955225,101.580836733328,97.4352381496335,58.0670969396993,10.8124157812601,19.9545107592263,13.7710415419745,26.45585824059,48.5337357193144,16.7518495153309,13.7710415419745,66.3609765685965,9.01357872524794,72.7598012554102,13.1414296357625,12.7097081376883,119.654276469973,56.5108609131931,67.5930072869061,135.605975805408,17.7055978719162,103.563101043271,24.2672049149563,94.0249711449708,65.058428153527,22.3054759764267,10.5790950007048,12.4813229823828,99.4407224545631,119.111638915973,25.3935918972462,11.2261405242418,57.5683822101858,113.566369596639,25.2142842881016,11.8388336103676,77.1046077882232,66.8532444986591,73.9347687436401,22.1914444880823,142.072882816505,31.9823684446539,72.7473621869003,106.973136733992,17.1581428750705,107.050925613723,96.0359286105737,47.7494049090694,16.7527929145071,148.628599883778,8.56456346924643,70.4123320402492,9.26859495879022,45.3590303745409,24.4945866440677,17.085101678828,51.1793743351338,141.863288195978,26.7405049211487,17.9024302157295,15.5994343858066,15.4487439471027,49.9852132234383,92.9879797362135,77.7503900925454,80.7727538415495,57.0152373009199,49.8547402074422,72.673963656474,11.3656478190395,16.6760249981558,16.1560404414978
19.1475330914834,10.6152752372774,17.3383466187186,19.2914714157153,22.8817294324127,96.9263190721833,10.379704599135,13.7391779213613,107.320590890169,19.7738901316712,18.8453127234062,28.8090552889779,77.023819207158,14.327721168946,79.4053301495158,88.8862852046848,25.4583393307344,54.7246445794238,66.6116330843644,12.5813712993771,18.525739644319,53.7756706816422,50.0587675736029,12.3907734448319,4.0120101623182,18.1469065656098,108.669975765232,10.1934426913814,20.7853027078521,73.682179317043,7.91075962393097,18.0055889620003,45.4536924346814,62.3920537390137,16.7164122728026,91.5244785255326,19.1475330914834,16.9558262750093,51.3358559071023,10.7924002874886,53.1635867808751,107.803610645116,52.307245844339,44.4067208921608,52.7286040141108,14.4300487835666,15.1340539665027,18.8453127234062,22.8996049565623,47.9029918594667,94.4680064768061,79.8481549812463,4.22151272743051,86.2124667540317,73.58828627105,10.6152752372774,53.2221766066678,86.3266314383238,91.5280545594987,14.1561503344597,35.254935835651,13.9040809001356,15.8889280789466,34.9237521365338,9.18327233073956,19.8966897462208,73.3227661300279,19.2367923641817,17.0838307236748,14.5388381505711,18.2167904982458,59.2930979533487,92.0229677572399,14.327721168946,12.7480369591892,133.706643430163,12.7274929529324,81.1178793185086,15.3001626612727,14.2648548817222,82.0215042612458,17.969349672444,14.2816928377594,155.355973963469,17.3383466187186,109.134351267359,18.2167904982458,51.5702415939734,17.5721714437131,11.4024016599245,78.9759740919896,58.6749860961918,9.87472261264476,117.11059505213,11.5308366432264,19.1614742929108,61.3777685327951,64.6972178395707,23.1921002689268,97.9247419298274,119.235781706114,84.8663808474726,70.9587277349509,12.0794605326177,72.2349083897312,18.8453127234062,75.5442435608867,61.6546374802327,11.7054958019847,118.804227095278,72.3949609561736,25.4583393307344,70.0360446791744,116.940732650543,10.9681072764885,69.9919153947875,65.359375930142,15.4952667610557,13.5465019543176,59.6089631891634,13.703611931494,83.1385051931455,15.8614745700473,22.8697741460082,68.7170577835854,79.9008379660958,14.327721168946,102.33240135182,19.0582497695544,114.80465686687,93.0517488603372,30.8244090354774,4.90564939777715,14.807491671506,15.9389806486953,35.5248162577282,48.2681160656331,16.9494247859474,15.9389806486953,69.8184237831547,9.25856439126331,70.112407367606,14.2090759073692,14.5679503071253,132.201177986547,59.6702342165841,71.460134638496,137.529664436244,18.2167904982458,96.7687174668896,25.4528870447091,99.0690075481262,62.0668945329521,22.189819061333,8.51777548169122,13.703611931494,104.910342360916,111.101684226101,26.920526077339,14.073209471663,58.9166118093641,124.223755632853,27.8582444632576,13.8529925113124,82.7140593525375,69.8533261637355,68.1468752210751,23.9761128201929,144.088310144106,29.4511776810358,73.4124155972486,109.607848520911,18.1093092572295,99.783922298821,88.4927442242775,47.5142963145669,17.2674580053633,150.560291979251,10.9681072764885,77.2467742333579,10.5806339843218,17.5855720196619,23.880037085289,16.9577621765957,49.3269852658945,143.707053074745,35.9070386348388,19.2914714157153,15.1736407983001,15.9880863150502,18.9376625757885,88.8808154244456,83.375872333669,84.3974822994572,63.1004672091309,45.636980392577,76.2549237551365,11.4657013289616,19.3745757625612,20.0807817267467
20.8588344888031,11.3937228616492,18.462075799846,17.8209345257229,23.2739577913299,96.7006041721192,10.2938785164449,14.3276522603501,110.045463540782,19.6103868726588,18.862534481572,27.5012901629178,77.023819207158,13.4992380578865,79.4053301495158,83.9361569632547,25.6734916283992,54.7246445794238,62.9019930045772,13.6899057758501,16.8477784361947,62.4672986658027,48.9258463223272,11.3641249002625,4.0120101623182,18.942206335795,103.172161849635,10.5621889160675,20.9277321340201,73.682179317043,10.0097456961259,16.8882624572191,45.4536924346814,67.7659619933406,16.9627403673315,86.4274277838111,20.8588344888031,16.6032682198951,48.3674222595381,10.9926754060371,54.1501461524121,105.897552841759,51.8150893820643,44.0395375236088,54.4928792829615,15.7536183373971,15.9855581065423,18.862534481572,21.7410718299529,49.1156972163288,95.4402652395973,84.3407406883902,4.32001173835092,83.7864532375146,69.4901123708816,11.3937228616492,61.8243447192891,86.9181769525552,92.1863469323605,15.5765322485532,34.1397167087688,14.952163424267,14.8026567118246,32.2101653538483,9.18327233073956,20.2271816966416,69.0829660474751,19.5163428454839,18.1870004945887,14.5388381505711,18.684673547574,59.7941929420907,111.314644877143,13.4992380578865,14.0097929569471,127.86303157986,12.5653505810745,76.6003780597396,15.4560435379483,15.4835908519109,84.1281580940346,18.6118178135879,13.8788657621363,151.830811442136,18.462075799846,106.664441763231,18.684673547574,55.0037000455837,17.5079543497447,11.7777019742826,74.075165277564,63.8447917911737,9.87472261264476,115.891602398319,13.3945371081146,18.4166878240916,66.0982228790094,61.7603369042186,24.8067736658951,90.9048113900253,117.994668193657,84.2474335349945,66.6097160548462,8.57289843190841,77.4629016928156,18.862534481572,70.6351794056178,61.0244191428535,12.0174749455491,119.808259687497,73.0213983582047,25.6734916283992,73.6447215524958,115.723508077746,10.3458160920924,82.0763927401573,65.4191044887843,13.6227893759555,12.6662145354672,57.8770356929851,14.7830841922779,87.8613927631869,14.6948783077716,22.8697741460082,65.7005636472248,75.2806688524,13.4992380578865,101.586070894887,18.6184280994609,108.020367032766,96.3786797293027,21.8763517767363,4.8486578853469,17.9742002915981,15.0513296678153,31.6868054082282,49.8537430668684,16.902638070208,15.0513296678153,66.6490696039142,9.06006630490713,70.7049379857259,16.3321535009304,13.6841235592792,129.201417977165,57.7591204711318,66.9877848521964,134.417117182828,18.684673547574,95.5923037812978,24.9653472785519,92.9213370570635,65.3576977032403,22.0279843190565,9.33680234997566,14.7830841922779,105.63000725153,119.142656022751,26.5453047673355,11.2709973055549,59.9880065300037,117.939047390702,27.2261166036936,12.5416683461829,111.434696238793,73.7835616813046,65.3489634041656,22.9282434443271,140.82732877091,29.4511776810358,100.370163210047,113.318418521786,19.0236621384294,103.261668870431,96.4017399220586,47.5142963145669,16.0912335227622,149.143677140075,10.3458160920924,72.227075145452,10.2459368670483,17.5855720196619,23.9749122221993,16.9600931268513,49.753814261889,142.354920044158,32.0277334512702,17.8209345257229,15.9554777350338,16.3886476200188,18.9376625757885,86.8296455031814,83.1575196968981,89.1460318781736,67.8715833308134,46.4838681482983,73.5165884325791,11.4087727349131,17.3733671724968,17.7536938586624
20.7578520230757,10.7645433766645,18.3509238927553,17.788998167618,54.0253943487883,82.5408219505483,10.542306482666,15.1032857232159,106.365570697024,47.8174684109709,69.6486698088903,63.7205482472399,78.9730655118936,15.0157146746148,79.4588187699431,64.9541680912439,25.1352185328936,50.7779998280393,11.8222174459486,19.5636992895129,18.6509993645543,69.2692776453818,116.200656644952,11.6980620095929,8.44511798959742,21.6593652701907,34.9919796565429,9.39903635453192,19.6383427403475,74.7582246087166,15.6600573269619,17.6656831825179,10.3838863065568,16.6775690075586,28.9391504055656,66.9084776109631,20.7578520230757,15.4907698238961,15.0157146746148,24.2888930694461,37.3312083575459,106.418921486392,121.800675339189,34.3911415994853,68.382191892505,15.134745357868,51.9782536050526,17.8202173022794,20.2252810620089,48.6324980687527,75.2366005221425,76.7463479401186,37.1892068736106,36.0375769958665,11.8222174459486,43.5272065517721,75.1612431601867,86.9310508925626,89.2375798680497,55.3654241008761,10.2097387097836,14.2561460881891,66.5807711659428,43.8804276406893,12.5594777350558,19.56460174377,77.8306028894108,21.0189024060739,15.0560943068394,66.8778527713717,16.4219828103248,75.0938602307376,20.1298023312919,15.0157146746148,37.0610776537878,124.828120800322,9.31729265659451,62.2784646124341,58.8945636049086,14.3598367147597,65.0873536841779,29.9413177668135,12.3975770063677,136.184920363765,18.3509238927553,113.403833261117,56.2237973837204,42.5434798674424,17.0317046945061,23.5386375912495,73.0190665954317,46.24458832717,8.66073669594265,120.532650246938,29.304257360203,17.739785347897,62.3278024783451,45.8289087731144,58.3453228575602,88.6713286803712,27.2291830438957,89.0541449859956,77.9599773924604,63.1083736656816,22.0798508901095,17.8202173022794,67.8179259170841,75.9518386008173,11.0743209032697,133.412812694981,73.6530533625313,25.1352185328936,71.5023554903724,72.0741247350069,10.898326758618,75.3095617161772,79.6554567977708,13.9751546299364,22.900978864433,64.8659391932819,56.5499824637889,81.4344352336335,24.6908232265728,105.078755905118,63.7936127724462,82.5000267034785,63.9440797064611,100.413313180493,32.6219245853943,92.4460293697913,73.4191328625801,72.4196557705598,8.92214592504564,75.7473691394354,21.9339357625457,38.5689309273193,14.4395133373315,17.8219321826375,11.8222174459486,14.0484549096661,36.5248642273543,115.668786709707,57.3803784038421,14.6362449079907,42.8839604756719,69.0253278143842,72.0885734180428,133.643095249746,16.4219828103248,77.9219408834404,24.1490150306906,93.8986945853526,85.6254008781591,21.9413466680103,11.5998063900271,12.411742329795,101.191418803353,109.527009721571,25.2053082076772,10.739453844888,76.2077653545019,106.192292253152,45.9873689843913,11.9316977835818,35.0296850363618,69.6047737519713,16.0395077889833,42.1523677918161,137.928551696411,10.2842473106182,66.1667840481947,103.905464400491,17.735139950253,89.6205214944463,107.588089151512,45.7158519881769,16.2331912743173,144.575695441296,10.898326758618,69.4178922019005,10.2097387097836,92.1026745044401,71.925421213354,17.2655355923252,50.3702123013683,140.083711450746,21.4137657407444,17.788998167618,15.0258652519906,15.0049662842387,55.7878655580167,77.1115651782798,81.9538363862073,80.3648704411672,57.560969187628,7.47330879530768,18.2648402769639,10.6339809797492,52.7374705039275,18.1438823758215
20.7256889916547,13.5215867535272,18.5385165233218,19.3239583183055,55.5724856125456,87.7815771856188,11.1180864128008,14.0036459367173,108.806399895936,50.4290732496427,75.5187685649496,65.1470517275592,76.6870718139448,13.3434318706133,77.1587642161891,84.0952815398634,25.9114171911021,53.4990786886445,15.3060647801069,21.1820038787881,18.7070250942339,64.1697136776114,118.308538751727,10.9465560458806,8.31200302563495,18.7940232935432,39.2338536191235,11.4700424725234,20.6900486005608,72.5942357953455,17.3203694581816,17.5265405953206,11.366354082197,16.0576911840106,32.4775136424958,86.6254996014043,20.7256889916547,16.2107100466289,13.3434318706133,33.5416329872499,51.5523571255081,106.196699677521,123.271183096077,36.2694524928336,74.1889015809677,15.5431979880944,57.0370822796674,19.3221330704606,22.6770741290173,48.028555899888,80.9694277406214,84.2157529066927,31.8846659129092,42.1593100063191,15.3060647801069,54.675510045727,69.6279161150465,91.5865300675121,88.7894096128875,51.655469819377,10.0205054079684,15.9388622314979,72.2443497218427,44.6078445054967,14.0223618143487,21.1484184635771,69.1626985200594,19.7508370990059,16.3409727676147,64.9419731271318,18.2855270339821,77.4128276777291,23.970984731936,13.3434318706133,42.0857342755976,126.65107786981,9.6432691113346,80.6310844916984,66.3609997384335,14.3023907279692,72.4733778563034,33.8040825268202,14.3695978071803,150.318402375214,18.5385165233218,115.460980938873,62.6039972692443,55.5258310468936,17.2605076605261,22.3038469153782,72.4439367385307,50.0699297624228,9.17125766326407,124.877137532954,27.1468949620934,18.7608541654991,59.4764343069829,46.8548744884504,56.3374780120209,92.5218033684114,28.2106336243023,89.3244707973236,79.8357468043039,57.8478784091176,22.5446832874268,19.3221330704606,69.7566287588465,81.3035202864126,12.4604545612652,137.532723013889,70.7596118659137,25.9114171911021,81.6271921635087,74.6719695340756,10.7749494449359,69.4828075190269,86.3689432023919,14.9023622744505,23.5556463760567,62.5560846518409,58.8301508611041,84.3584590470803,27.4857595763112,103.002594172111,67.5213940473685,73.3120939959447,56.8227013886118,100.718119996144,31.6618966124663,99.0811775004257,82.8910218869893,66.3830043163298,10.7064687247732,76.8633386847475,28.3975695083563,37.9178110258715,14.8595410055688,16.5566330423577,15.3060647801069,14.3629558104429,34.8216105566174,119.240745191914,64.656371118629,14.1043485952756,47.3345243291708,61.4002818509387,71.1919021120967,136.067383522331,18.2855270339821,87.8204741671969,24.5560407277335,93.1591077171818,80.6939421703286,22.0079501073066,9.99188242021896,12.9121998256773,100.392275224645,111.832808920726,26.6748822831297,11.0772344508436,79.8402889216729,119.065365567573,50.7600093806895,13.0146575247725,46.655673950076,76.3791188083107,16.3955062846088,42.7679498927808,140.430578229898,9.98766272162155,72.7353702350738,106.580201897345,17.6566672320117,94.3290186220655,107.421387939457,45.2081585361475,16.0950609776015,146.321167549819,10.7749494449359,71.4023330862402,10.0205054079684,92.6776896146341,73.262889182857,16.3926776048062,48.3914313029914,141.774951534008,21.0522589863826,19.3239583183055,17.153549445128,17.6116074827233,53.2672846172069,74.8422551805322,85.4561418458712,88.1864512528002,63.6576873992141,10.3202307365715,18.3697793540792,10.5146429896714,54.4730805087266,19.5079603495602
20.7949180774583,14.6036932446149,17.6658200122273,19.6162783877629,56.4878736972985,88.6196992373168,9.71687811571372,14.2568622588304,113.28014315432,44.0735158966746,74.4380916703197,64.3076945779834,97.0087602398162,13.2772024316262,97.6054487568491,73.5130071852596,26.2057131474979,50.847756891021,13.3799997996876,25.6326777396314,18.5249921451265,49.1487772983179,116.620121927345,12.3133393006257,8.83212642346941,18.1907603203326,38.8348056491113,11.6740676265234,20.2740926430447,91.8313432562538,16.5472566449096,18.1072582467038,10.871865483165,16.7268604992714,31.4724927428699,75.7248309063105,20.7949180774583,16.0064646802139,13.2772024316262,35.3144215897966,54.2770733365899,113.401537242113,124.110250296267,31.6984268795365,71.7678890939544,14.4017780330903,53.4217129265089,19.0456324976758,22.4464253509276,46.8631893317084,80.6527389582344,78.8776283052426,36.0915508486542,38.8042634694502,13.3799997996876,59.0510855904076,53.3293160707736,89.7452602113951,88.9937652740593,50.2116402546522,9.41835222663744,15.227528296247,72.0104629969548,41.3491663876205,13.1227402325748,20.165450791308,68.8194130170317,18.9124169795729,15.4409019633044,82.1512694587581,17.9867716685998,78.2920648877473,22.5301275280643,13.2772024316262,42.1777101630278,127.261674828522,9.4913058481773,70.4847333293454,63.5506270799717,14.5430962322632,71.2892823450439,32.4502232178479,13.9705843059291,149.253452203898,17.6658200122273,113.813202470525,61.5811511656669,70.2665322596364,17.7850719952787,20.824339564715,74.844266259976,60.5904135128311,9.1938729983612,122.436470948243,20.7923117989268,18.5463164930105,66.9147708276663,46.2511944622411,58.7618550449364,89.275240420741,27.6592696822662,91.3262926707781,78.777325416281,53.0005700294975,23.2902415198403,19.0456324976758,66.7244928784024,79.6455975203043,11.471803320763,139.094788259359,70.2325385718482,26.2057131474979,77.408289529309,73.2125400143344,10.505711989547,67.4061896665804,85.1329998322064,14.5122303338844,22.531744822402,59.8717572062508,68.5793645295401,86.1278864425966,24.0148557601302,104.937089590692,65.8453734940743,72.9482131815182,56.5406648277635,102.975281262948,36.539806352135,95.816568085471,79.5712222289778,60.820503116006,9.62001715364242,82.0462324814275,24.8241125195845,35.4795497251009,14.0733096050668,16.9881690973871,13.3799997996876,14.1779029288643,32.7898358595625,120.595054332506,63.6075325407823,12.4239195418666,46.9991767669498,61.0982451563639,71.4461841789841,134.125524870262,17.9867716685998,93.454474980247,24.6042144796782,96.2458057420576,86.6234601138606,22.5011631711115,8.88511168719181,15.0519834772147,99.8208373834284,115.531147472737,26.2856317301512,12.3703749692723,79.9574996034361,117.854350384366,50.4003935263977,12.2591862025764,43.9388690948593,71.5377294117276,18.9622353027455,42.9741382693354,138.426451110734,10.2619934786066,70.8252039822473,111.306073601785,17.5711222552029,94.9638271240657,107.780202765145,45.8310708437691,17.2785734260366,147.317128562774,10.505711989547,68.298662797834,9.41835222663744,86.6258678228237,73.0169123415018,15.2350396751684,48.0309738269139,142.739967920262,19.6985176444768,19.6162783877629,16.2669679883634,19.5936979699662,54.7039326947933,86.3726372657338,84.5306939584779,82.5966387925503,53.5212324201951,10.8656897913648,18.4334817276558,11.1031824294933,53.3967011338624,17.986618457057
20.6928901291614,14.4852841258109,17.8056642171882,18.4083800828901,58.228539603245,88.5823835663337,10.4001559991397,13.8606682061505,108.635963452865,47.1727066345231,74.6844294524522,65.401840162799,80.706914861851,12.6176445610172,81.2033328062115,85.4509742325912,26.0075532508056,50.4117694604231,15.5528125143061,23.6066431354401,18.302389173732,57.1750366724173,115.290574501514,11.3553926242446,7.06936369174073,17.6917163997251,38.7828549180972,11.1065369475098,20.1186009765967,76.3995373563175,16.7206723931604,17.1014803787079,10.0495866432598,15.5838525630808,32.0528175903687,88.0219817186304,20.6928901291614,15.9279238314514,12.6176445610172,32.1492762325448,49.4123518165251,108.880453315811,124.130099464069,33.9274178958134,71.7601900551302,14.9108597736489,56.8622401925101,19.108660159502,22.4163979518936,48.7430699245999,82.0246906681852,83.957597029477,37.1006009430047,38.6089183977187,15.5528125143061,58.5722897890948,62.0382798854646,89.0569610943017,89.6679390938216,55.2363724530801,10.4675637620528,15.5758803238235,71.8676567262027,47.0101928767744,14.3115482075916,20.1579127465198,65.4007421230824,19.5487817187751,16.4116386902433,68.3461523846965,17.5651071426399,77.7000433158608,23.7532786588069,12.6176445610172,38.7273390592938,127.107172510805,11.9709065133679,81.9309311662149,61.7858811490258,13.3559663438228,69.6180451714206,33.7597776001014,13.9362040345785,149.561192620162,17.8056642171882,112.51565580474,60.1375020554899,62.2276861761608,17.2189005473486,18.1810992921001,70.6869992941515,55.8012816200888,9.66429241349343,122.108378700993,24.1878080179354,18.5992708162584,62.8595822117153,47.0381226913652,52.7109524285234,95.8358556133178,27.5851513098804,87.4970630010683,78.5662912769731,57.0253934573742,24.9894046165054,19.108660159502,69.468566451737,80.8892424798134,11.1164197788341,138.042994373164,71.6708034329446,26.0075532508056,73.8869278062034,73.0163528276722,10.4933396209853,66.3603457758249,85.4147302459552,14.6990573178681,23.4583725547543,63.9149696769942,60.0363931943468,86.3227752685243,25.776559065727,103.095782690679,65.5427505797137,69.324440146611,53.7319526243714,98.6576199331458,35.2279649717073,98.8622757909416,82.782381735391,65.4391663813314,9.07905562965093,81.0704370417383,28.8553642474756,36.7459130596491,14.8514020835111,16.8043340275029,15.5528125143061,14.4191289593317,35.199685184147,119.68314999418,60.7566153564482,13.8373468499636,47.0960827078762,63.9603518746887,69.6206759369567,132.596404137215,17.5651071426399,90.2119776248821,24.7056838472274,90.899778199737,81.1696214208561,21.5577095489612,9.01255918426348,13.1769491390318,102.886923675951,123.95983904014,26.0515963485521,12.5023519923436,76.6819443875419,117.6966923363,50.5043123159109,11.4849515680694,43.5118331285028,76.1449854337772,17.2620324601305,42.9219654217485,136.8482969406,9.37078300603132,67.3507995345187,105.985467272003,17.4797317015721,94.0778668613724,107.251391210601,44.5609289840822,16.2093463680322,147.340689246908,10.4933396209853,71.1074747886449,10.4675637620528,92.8066606029601,72.7396659021493,16.6608496339395,49.0145814723761,142.762796571147,20.4016122632979,18.4083800828901,15.5269712932611,17.7113640370954,57.855847742444,83.2717122468676,86.0741999354198,87.9161235540509,61.5121036019357,9.89182455307884,18.2161135291184,11.3560035492435,53.824653326298,17.8462396552592
20.7796824153388,12.560410256638,17.2037982971736,17.9024302157295,56.3041833716509,91.219754213888,9.09048213033055,13.3243551748111,110.580854624042,41.2323283166068,75.903271862015,65.1951913861178,93.4621926315361,13.4043682503073,94.0370666633461,75.6614866203001,26.4196278453971,52.1126174752894,13.7710415419745,22.2935336345459,16.1653708916963,41.5797931397045,117.518548060143,10.7974694514803,13.2954478843502,16.9420599213632,36.2198815564566,9.62252808505083,19.8528679482725,88.4740581346591,13.9717750262167,17.0888456894843,10.443054831497,15.2383717731081,31.7445383518594,77.9379527490087,20.7796824153388,14.1971367592424,13.4043682503073,38.3179614737134,58.8934127019168,114.435467288773,122.941246156824,29.6549961496404,58.637611122511,14.4283982624691,51.470003001664,19.4205115797121,20.9350054413121,52.3262898900821,81.0846708670316,75.9959114605704,42.3577725153279,35.9687542365437,13.7710415419745,50.7889236436044,45.1165227782904,87.8806677728886,90.9722170580054,46.4156401421038,9.26859495879022,14.4224407255086,68.9803042563558,37.8940422433174,11.9666488140221,20.4300486759674,69.478548632575,19.8734574747777,14.6103920984365,79.1478805841734,17.7055978719162,78.9311554293441,20.0434920863712,13.4043682503073,39.6919410627236,121.925249815159,9.63451483405538,72.5447089151731,64.1066000375001,14.8756371875061,70.1748701231558,34.9093285107027,13.2667659339121,138.533474573421,17.2037982971736,114.690004463758,60.6184989234294,82.9538789555308,17.3969767121626,20.4196835378829,70.634775261585,52.6973590235123,9.31417673660855,124.480019725077,17.5902651300585,16.7814555744575,70.251508277726,46.8894973547179,62.9090342381881,90.7570985873497,28.1209218867896,90.5320499075127,72.2815588764489,54.1784671032698,23.2419437946689,19.4205115797121,67.8427777616456,79.7842801008193,10.3922660455987,140.230205541933,73.584439800931,26.4196278453971,74.2317519954411,74.4345075819757,8.56456346924643,71.8082715941664,86.8086900899066,12.7786690663097,22.9093709165246,60.6377720346818,56.8670036022487,89.0584683085278,22.71665196782,91.702227993286,69.5872164989416,73.6468934417855,57.082197576746,102.079730052595,36.9929887564464,86.3205484775056,85.601196581653,62.1721922130446,10.8124157812601,87.1001289119709,25.5496180768126,30.739787377708,14.5207402592231,16.7518495153309,13.7710415419745,14.3735691501148,36.0366707130353,121.579460079088,55.9624794620442,12.7097081376883,43.6235086255907,60.230099024681,69.6868471227814,135.158810332729,17.7055978719162,98.147272699311,24.2672049149563,90.8326208295785,83.8497080980401,22.3054759764267,10.5790950007048,12.4813229823828,97.9711350855804,115.291566805245,25.3935918972462,11.2261405242418,74.1962599005521,109.918680948324,46.7804364453907,11.8388336103676,36.2115795602964,68.924168579528,19.0518877548127,41.1721168304599,139.492870345194,9.56875991877909,60.1134899847273,102.440426125483,17.1581428750705,98.5518497896202,107.70123622407,45.7308303454623,16.7527929145071,145.929537024689,8.56456346924643,69.4433303532957,9.26859495879022,56.5014472139134,74.3979649058746,17.085101678828,50.3232885214735,141.395489015704,17.0669653008265,17.9024302157295,15.5994343858066,15.4487439471027,56.8531590741223,87.4438678859945,76.6013538788786,79.5790515446084,55.9798530644987,11.7898315777918,17.917337897293,11.3656478190395,50.6504698613789,16.1560404414978
19.1475330914834,10.6152752372774,17.3383466187186,19.2914714157153,54.4794437855892,89.2310644032213,10.379704599135,13.7391779213613,106.244110458731,47.0799438055068,73.6551603750597,68.5919004840847,78.8962254699447,14.327721168946,79.3815060946922,87.5726768680973,25.4583393307344,51.5704747721029,15.9389806486953,23.3424051914934,18.525739644319,50.5694677517009,119.185650807445,12.3907734448319,4.0120101623182,18.1469065656098,39.6188566342379,10.1934426913814,20.7853027078521,74.6854855668962,14.6769499222588,18.0055889620003,10.7490556798378,14.7547014048165,31.0142081761094,90.2075211144312,19.1475330914834,16.9558262750093,14.327721168946,35.0762244308784,53.910972347783,111.143061033258,124.539085560509,33.8607012816997,67.9585747839905,14.4300487835666,53.7797519669489,18.8453127234062,22.8996049565623,47.7413579851647,80.276264646863,79.4062760928837,17.2507654391624,40.4890147100893,15.9389806486953,42.9236300778469,54.8708488288995,92.0081817189855,90.1754047640423,49.8979397241936,10.5806339843218,13.9040809001356,73.0170777845898,45.7178585241394,14.9925781255935,19.8966897462208,74.2645422329225,19.2367923641817,17.0838307236748,66.8127812564306,18.2167904982458,76.0592144009809,19.9318719954371,14.327721168946,38.7199024866276,131.730656234135,12.7274929529324,83.9652329883528,62.8306211997275,14.2648548817222,72.2009455158139,33.3388015583471,14.2816928377594,153.060041558744,17.3383466187186,116.316981861672,62.3686645994483,49.3850856913505,17.5721714437131,21.1550452942511,74.424027982533,55.1766771034581,9.87472261264476,124.818178715489,21.3933326279335,19.1614742929108,56.5048138555344,49.3324686671355,55.2184102431072,100.958172957688,28.1973144080608,90.0626289626076,86.3594321938874,28.7601639985654,21.6789822033907,18.8453127234062,74.4278109425782,79.4627768043875,11.7054958019847,135.127874548284,70.9211205688361,25.4583393307344,72.2055628909318,74.6367143135566,10.9681072764885,59.477168333729,84.2375807217434,15.4952667610557,25.1330264420933,63.5321015752512,62.4359573237573,79.6238797824459,29.4280295476967,22.540698044871,68.3367782754103,78.720021301175,61.014274997373,101.550432821549,35.3590540948147,97.557780258652,81.7501059958183,33.0035628507027,4.90564939777715,64.6337286347537,29.5718277275257,41.2772584606332,14.4412698879095,16.9494247859474,15.9389806486953,15.1224408393364,37.016133814731,117.1557437695,60.5090268471877,14.5679503071253,48.1978530007376,63.5974051291036,73.6737671219271,137.076155532675,18.2167904982458,91.7082011479854,25.4528870447091,95.7054013311751,79.9941089394079,22.189819061333,8.51777548169122,13.703611931494,103.359922068267,107.538502246324,26.920526077339,14.073209471663,75.9339080661897,120.233757670583,51.6858150603368,13.8529925113124,38.846014874055,72.0171842736312,17.5604338745542,44.4832385157896,141.471697953432,8.81145650744461,60.6630450520241,104.96349879971,18.1093092572295,91.8617944257353,99.2417951042315,45.5056608115502,17.2674580053633,147.826150014297,10.9681072764885,76.1837181979314,10.5806339843218,21.9054565538749,72.5313795590257,16.9577621765957,48.5018846689188,143.233174014963,22.9174499226286,19.2914714157153,15.1736407983001,15.9880863150502,21.5396889096095,83.5815801528581,82.1436997806642,83.1502118563257,61.9545765288146,10.7924002874886,18.8002025279845,11.4657013289616,58.8468394504766,20.0807817267467
20.8588344888031,11.3937228616492,18.462075799846,17.8209345257229,55.4133060136985,89.0232696476051,10.2938785164449,14.3276522603501,108.941651242624,46.690656508214,73.7224700227295,65.4782233959787,78.8962254699447,13.4992380578865,79.3815060946922,82.6957042289083,25.6734916283992,51.5704747721029,15.0513296678153,25.3990856838538,16.8477784361947,58.7428851258302,116.488262054349,11.3641249002625,4.0120101623182,18.942206335795,37.6144658189282,10.5621889160675,20.9277321340201,74.6854855668962,18.5712299830422,16.8882624572191,10.7490556798378,16.0255429129538,31.4712243515106,85.1838124868328,20.8588344888031,16.6032682198951,13.4992380578865,35.727135703533,54.9114009911249,109.177958960111,123.3673030517,33.5807191954668,70.2324379942824,15.7536183373971,56.8056220709883,18.862534481572,21.7410718299529,48.9499714417591,81.1024628980796,83.8739998758089,17.6532712334329,39.3496563242843,15.0513296678153,46.0713391213371,63.7394877347591,92.6386595479199,90.8239685455145,54.904536112355,10.2459368670483,14.952163424267,68.0251512987863,42.1655662006003,14.9925781255935,20.2271816966416,69.9702850886746,19.5163428454839,18.1870004945887,66.8127812564306,18.684673547574,76.7020023897949,24.1103857763184,13.4992380578865,42.5522626650226,125.973404357417,12.5653505810745,79.2891609694043,63.470751146808,15.4835908519109,74.0553664993331,34.5307822507815,13.8788657621363,149.586975745753,18.462075799846,113.684516321214,63.9705516595278,52.6730602016402,17.5079543497447,21.8513455462495,69.8056875753983,60.0382496149878,9.87472261264476,123.518958582174,24.8510838040035,18.4166878240916,60.8504979773654,47.093058819843,59.0628097157107,93.7207848612639,27.903811338545,89.405784384172,81.0665219165032,20.4113390808272,23.2479960819094,18.862534481572,69.5912955228579,78.6505281053784,12.0174749455491,136.269860767806,71.5348047525346,25.6734916283992,75.9260263483312,73.8598281026009,10.3458160920924,69.7462185410509,84.3145610969142,13.6227893759555,23.4998161085903,61.6861880125712,67.3542142288287,84.1471103989856,27.2636261610588,22.540698044871,65.3369773873287,74.1681314799507,57.4861984963853,100.809805415877,34.5430464124224,91.7926808723611,84.6729629491776,23.422916234229,4.8486578853469,78.4562037815894,27.9249556679314,36.8177683774139,14.9156714045392,16.902638070208,15.0513296678153,14.4359691535343,36.22253003168,118.145844778414,69.5501045319671,13.6841235592792,47.104201687098,61.5605122508862,69.0628766119876,133.973872013253,18.684673547574,90.593307970359,24.9653472785519,89.7664574963622,84.2354177608508,22.0279843190565,9.33680234997566,14.7830841922779,104.068951372101,115.321589151262,26.5453047673355,11.2709973055549,77.3147612028718,114.15091076286,50.513018846024,12.5416683461829,52.3344386850619,76.0691673509166,16.8394537079907,42.5391108863612,138.269935288583,8.81145650744461,82.939100738681,108.516842972492,19.0236621384294,95.0634328587219,108.11148196274,45.5056608115502,16.0912335227622,146.435260590693,10.3458160920924,71.2330992944654,10.2459368670483,21.9054565538749,72.8195459693784,16.9600931268513,48.9215740260828,141.885499690581,20.4415068858567,17.8209345257229,15.9554777350338,16.3886476200188,21.5396889096095,81.6527046991106,81.9285740741596,87.8285848684442,66.6390502254826,10.9926754060371,18.1250820751869,11.4087727349131,52.7685231017904,17.7536938586624
20.7578520230757,10.7645433766645,18.3509238927553,17.788998167618,11.9109665149304,86.4395226012079,10.542306482666,15.1032857232159,116.198840532429,10.542306482666,56.5862270404861,14.0484549096661,76.3933779108213,15.0157146746148,76.6743865474359,64.8775429645623,25.1352185328936,41.7903253948979,43.4044201461223,10.5446787823057,64.2087253643386,67.9382337705625,25.6187325792651,11.6980620095929,8.44511798959742,21.6593652701907,93.4140321224997,9.39903635453192,19.6383427403475,71.4996452294002,8.44064671929524,17.6656831825179,32.6954246081572,52.512150464288,15.5979725891155,66.4466495148948,20.7578520230757,57.4898272551746,68.3226271918766,21.5323169645146,38.0569866837832,102.876673022936,26.8533674385577,10.542306482666,15.2982051465018,15.134745357868,14.6270978643946,17.8202173022794,83.953962204938,47.257395394006,85.4166099067638,75.3388902213208,9.10073878713734,63.9204199655613,51.6591030169601,44.4683362498112,72.6594343241545,90.8326503146492,89.1323080885305,55.1354304728076,10.2097387097836,14.2561460881891,14.4883514459097,53.2074470738162,28.6220396570777,81.2115208839516,67.0614453370329,78.0060050052855,15.0560943068394,14.5529980793475,16.4219828103248,25.1352185328936,87.9604471071219,15.0157146746148,42.4848301938879,124.680863574946,9.31729265659451,60.623001236426,45.6347170764866,14.3598367147597,47.7880370204294,16.1381328499172,12.3975770063677,136.024265750186,18.3509238927553,118.493571919181,16.4219828103248,45.4856981760182,17.0317046945061,12.6871390067768,60.0947371576026,45.355975393287,8.66073669594265,125.942341188409,15.7947623424675,73.6368144430191,65.2717693341888,14.0484549096661,12.8633801795616,85.7198246303055,85.7356942353317,89.685456828566,52.5552376933216,13.9134889176521,22.0798508901095,17.8202173022794,67.7379224728496,16.9916578572944,11.0743209032697,128.341464387718,73.1647833633997,25.1352185328936,69.1223359850846,108.904376421854,10.898326758618,85.4994432326445,17.8202173022794,13.9751546299364,12.3434460094806,67.7772224260406,12.411742329795,85.352261167795,13.3081579277016,104.353461839109,62.6236963514507,82.4027030800197,15.0157146746148,108.017674491662,17.5829586686592,104.95458823641,84.3815362192425,61.0562339606878,8.92214592504564,17.3536102799983,11.8222174459486,8.0899955310956,53.8619150013397,17.8219321826375,45.2484058737323,61.3870099011134,9.13568686086099,87.4381758734299,13.4743887782697,58.212561504368,114.48233854541,72.123290813161,69.6890411275797,134.143756437584,16.4219828103248,79.7262352289512,24.1490150306906,96.7037154512583,19.1557905959593,21.9413466680103,31.6400544730581,12.411742329795,101.072045320284,112.907784913627,104.625764464949,10.739453844888,17.0489128219568,105.769919149644,24.7868272154293,11.9316977835818,62.1327060651832,67.2879169427835,16.0395077889833,22.7197919831334,140.318763217959,38.3620445894919,71.8614684586222,111.091349539006,17.735139950253,93.8536218829084,85.1889671438844,47.9152501912554,49.6362613783287,147.081097613141,10.898326758618,70.0942373926542,48.5903216299205,70.6531927808385,82.4514423303851,62.3581626109299,13.793598529158,140.608500832799,32.3563111368141,73.8410939877231,15.0258652519906,62.2847399969937,53.6672319258458,75.6298278194217,81.8571570924887,80.2700656186397,58.5584631078613,23.5309783906409,82.7530460445609,10.6339809797492,60.4554055374463,18.1438823758215
20.7256889916547,13.5215867535272,18.5385165233218,19.3239583183055,12.2520533771417,91.9278176034152,11.1180864128008,14.0036459367173,118.865319177658,11.1180864128008,61.3554027027332,14.3629558104429,74.1820571353494,13.3434318706133,74.4549315559727,83.9960760263348,25.9114171911021,44.0297749871419,56.1951147944073,11.4169321232158,64.4016019292894,62.9366604793847,26.0834568722361,10.9465560458806,8.31200302563495,18.7940232935432,104.738071359188,11.4700424725234,20.6900486005608,69.4299808781365,9.33554179220517,17.5265405953206,35.7888907864322,50.5603601569071,17.5051223155759,86.027577021481,20.7256889916547,60.1616918241719,60.7136150966792,29.7349521414544,52.5546173017602,102.661848064644,27.1775699522712,11.1180864128008,16.5972602598553,15.5431979880944,16.0506928675096,19.3221330704606,94.131212244177,46.6705299233324,91.9251265434183,82.6713131430524,7.80264060953758,74.7786345727768,66.8823408869691,55.8576843761257,67.3102889917181,95.6970745635628,88.6846665308112,51.4408877204176,10.0205054079684,15.9388622314979,15.7207780928598,54.0894802812353,31.9558348207381,87.7858517239814,59.5928896086669,73.2999215581502,16.3409727676147,14.1317397467754,18.2855270339821,25.9114171911021,104.745118701012,13.3434318706133,48.2448268500663,126.501670138615,9.6432691113346,78.4877784841644,51.4201186427301,14.3023907279692,53.2109583191504,18.2201324249012,14.3695978071803,150.141074776954,18.5385165233218,120.643047552348,18.2855270339821,59.3658816777795,17.2605076605261,12.0215966240318,59.6214049281802,49.1078109763126,9.17125766326407,130.481815753542,14.6319611171755,77.8752115589251,62.2857207624833,14.3629558104429,12.4207110790272,89.4421328432792,88.8259576021461,89.9576990008458,53.8197520068779,12.7537087141358,22.5446832874268,19.3221330704606,69.6743382658327,18.1889158281081,12.4604545612652,132.30476680818,70.2905234296983,25.9114171911021,78.9101584633086,112.829733391828,10.7749494449359,78.884290676222,19.3221330704606,14.9023622744505,12.6963066069129,65.3636980560234,12.9121998256773,88.4169603146626,14.814606457136,102.291630574445,66.2831135325731,73.2256091920466,13.3434318706133,108.345564512944,17.0655112040082,112.487515769216,95.2676978451745,55.9667979559612,10.7064687247732,17.6092772529072,15.3060647801069,7.95342039234346,55.4286918058128,16.5566330423577,58.5824981367821,62.7612727673173,8.70966495743633,90.1383471371227,15.1829790196392,56.0970566728679,126.363492994362,64.1560210456903,68.8222163236594,136.577126713575,18.2855270339821,89.8539705504168,24.5560407277335,95.9420350214408,18.052543319205,22.0079501073066,27.254222478741,12.9121998256773,100.273844475195,115.284757321565,110.725880750584,11.0772344508436,17.861567245457,118.591790631878,27.3592425433115,13.0146575247725,82.7539063740943,73.8367718980058,16.3955062846088,23.0515858541571,142.864148233603,37.2557321016642,78.995384000631,113.951066300801,17.6566672320117,98.7845183080058,85.0569720114436,47.3831315121429,49.2139000942047,148.856817610829,10.7749494449359,72.0980128751197,47.6897200318125,71.0942945582952,83.9846438229298,59.2056499054362,13.2517205139249,142.306076733616,31.8100725553425,80.2126240585198,17.153549445128,73.1047555996679,51.2424644502444,73.4041237502364,85.3553309527894,88.0824194685834,64.7608334555262,32.494994265615,83.2284965904577,10.5146429896714,62.4450156892485,19.5079603495602
20.7949180774583,14.6036932446149,17.6658200122273,19.6162783877629,12.4538687818617,92.8055271817584,9.71687811571372,14.2568622588304,123.752650445262,9.71687811571372,60.4774041955869,14.1779029288643,93.8399292673328,13.2772024316262,94.1851140373296,73.4262853681099,26.2057131474979,41.8477355010555,49.1237058966205,13.8158100415936,63.774927539996,48.2043589183156,25.7112119955283,12.3133393006257,8.83212642346941,18.1907603203326,103.672779247824,11.6740676265234,20.2740926430447,87.8285766967752,8.91884011642304,18.1072582467038,34.2319096878395,52.6673530737487,16.9634240202162,75.2021489423612,20.7949180774583,59.4036900614221,60.4122661854152,31.3065448028397,55.3323063486584,109.626866202049,27.362558908774,9.71687811571372,16.05564050969,14.4017780330903,15.0332989060579,19.0456324976758,93.173802617137,45.5381145451718,91.5655876753771,77.4310848568781,8.83212642346941,68.8277354969244,58.4660865171143,60.3278670508599,51.554202347853,93.7731656810821,88.8887811177166,50.0030559712121,9.41835222663744,15.227528296247,15.6698830219652,50.138152711977,29.9056695883077,83.7056102403973,59.2971033608204,70.1883507078033,15.4409019633044,17.8765797211875,17.9867716685998,26.2057131474979,98.4490586710011,13.2772024316262,48.3502630706724,127.111546788366,9.4913058481773,68.6111339186892,49.242488768286,14.5430962322632,52.3415789862256,17.4904129930962,13.9705843059291,149.077380905953,17.6658200122273,118.921314249061,17.9867716685998,75.1260190326646,17.7850719952787,11.2241538941098,61.5968776150895,59.4261383605495,9.1938729983612,127.931608294326,11.2068911823213,76.9846781916791,70.0753967385744,14.1779029288643,12.9552129370275,86.3036346312054,87.0898948539325,91.9737119471091,53.1062373357896,11.6850237282484,23.2902415198403,19.0456324976758,66.6457793351484,17.8180116220415,11.471803320763,133.807454121513,69.7669442755915,26.2057131474979,74.8316857560875,110.624527815438,10.505711989547,76.5266927013422,19.0456324976758,14.5122303338844,12.1444317887501,62.5588938612985,15.0519834772147,90.2715151936431,12.9438168235247,104.212773360178,64.637829660931,72.8621576405038,13.2772024316262,110.773661976022,19.6946658732102,108.78118312048,91.4522101901044,51.2771129377173,9.62001715364242,18.7966705589986,13.3799997996876,7.44198482613478,52.4959109096767,16.9881690973871,51.2106687509963,61.9526540867049,8.20147258501369,91.1621178897224,14.9366847435002,49.4135063332657,125.468254478079,63.8404284791813,69.0680343857613,134.627993362745,17.9867716685998,95.6184275057849,24.6042144796782,99.1209414886678,19.3790726305586,22.5011631711115,24.2353543093315,15.0519834772147,99.7030807477152,119.097252657919,109.110124405205,12.3703749692723,17.8877891755436,117.385592184711,27.1654124495028,12.2591862025764,77.9350666577104,69.1565324540016,18.9622353027455,23.162719754103,140.825290903239,38.2790338965233,76.9208181304168,119.003769432668,17.5711222552029,99.4493111045807,85.3410839855233,48.036012247574,52.8327284713443,149.870037976245,10.505711989547,68.9641032290109,44.8239447575333,66.4518611649908,83.7026691746417,55.0245937270793,13.1530112672356,143.274708317866,29.7645623640111,81.4260276195249,16.2669679883634,81.3322976220793,52.624502009926,84.7129437667905,84.4309747976697,82.4992011977517,54.4487203464063,34.212464476317,83.5171147975591,11.1031824294933,61.2111121478431,17.986618457057
20.6928901291614,14.4852841258109,17.8056642171882,18.4083800828901,12.8376330018053,92.76644895708,10.4001559991397,13.8606682061505,118.679126249443,10.4001559991397,60.677541911162,14.4191289593317,78.070590360068,12.6176445610172,78.357768525987,85.350169435639,26.0075532508056,41.488917574897,57.1010313345365,12.7237934558304,63.0085850627816,56.0763896972751,25.418086974231,11.3553926242446,7.06936369174073,17.6917163997251,103.534092402913,11.1065369475098,20.1186009765967,73.0694160442929,9.01230982959114,17.1014803787079,31.6428255026605,49.0683990115638,17.276214511202,87.4144200809911,20.6928901291614,59.1122068182286,57.4112284405207,28.5006156534031,50.3730068709602,105.256270575829,27.3669350503254,10.4001559991397,16.0539181098648,14.9108597736489,16.001490900489,19.108660159502,93.0491606348632,47.3648407879036,93.1231735206507,82.4178916081448,9.07905562965093,68.4812488553637,67.9605452660105,59.8387188979122,59.9732805551727,93.0539746397579,89.5621596281729,55.0069149187409,10.4675637620528,15.5758803238235,15.6388075717548,57.0024606392276,32.6148673530052,83.6743202560798,56.3514624076642,72.5500473403092,16.4116386902433,14.8725083591657,17.5651071426399,26.0075532508056,103.793816586108,12.6176445610172,44.3949428336998,126.957226733929,11.9709065133679,79.7530731096302,47.8750674590654,13.3559663438228,51.1145334942464,18.1962524207256,13.9362040345785,149.384758287033,17.8056642171882,117.56553169093,17.5651071426399,66.5312231256128,17.2189005473486,9.79946834733699,58.1754443202844,54.7290320365473,9.66429241349343,127.588790761817,13.0370367190181,77.2044884993291,65.8286669418846,14.4191289593317,11.6211718010405,92.6458739112974,86.8565206060952,88.1173365669017,52.9639726799535,12.5723756422104,24.9894046165054,19.108660159502,69.3866157800376,18.0962351652396,11.1164197788341,132.795641501259,71.195674412051,26.0075532508056,71.4275356902578,110.3280879585,10.4933396209853,75.3393392188607,19.108660159502,14.6990573178681,12.6438767885855,66.7835719335417,13.1769491390318,90.4757801574947,13.8933609354199,102.384175869948,64.3407565736063,69.2426594978171,12.6176445610172,106.129021526309,18.9875937717001,112.23899521144,95.1428363475032,55.1710583302053,9.07905562965093,18.5731172664454,15.5528125143061,7.70760986346195,55.3983322003443,16.8043340275029,59.5269014753705,63.0067304827166,8.80422989231595,90.4727767616406,14.2672160577762,55.0351138303928,125.726953036075,66.830990954149,67.3032898093963,133.09314415266,17.5651071426399,92.3008496329522,24.7056838472274,93.6152129103302,18.1589604807073,21.5577095489612,24.5829847450661,13.1769491390318,102.765550039859,127.786113031399,108.138657184495,12.5023519923436,17.154994360481,117.228561211526,27.2214238530031,11.4849515680694,77.1776262140025,73.61043186111,17.2620324601305,23.13459900297,139.219788354297,34.9546626659465,73.1473869560819,113.315201069573,17.4797317015721,98.5215037440393,84.9223674668026,46.7047636250826,49.5633507607609,149.894006951613,10.4933396209853,71.8002817448121,49.8173659814084,71.1932299274402,83.3848487375841,60.1742103599309,13.422366672977,143.297622490712,30.8269419809652,76.4121121973464,15.5269712932611,73.5188392393352,55.6566050341388,81.6716045757679,85.9726599316312,87.8124106699874,62.578068095405,31.1460848437919,82.5322783429596,11.3560035492435,61.7016935712052,17.8462396552592
20.7796824153388,12.560410256638,17.2037982971736,17.9024302157295,12.4133706171693,95.5283921302848,9.09048213033055,13.3243551748111,120.803818455499,9.09048213033055,61.6677933187387,14.3735691501148,90.4092117457391,13.4043682503073,90.7417768191115,75.5722302851399,26.4196278453971,42.8887165474686,50.5593874981893,12.0160378474447,55.6515948400179,40.7808165824754,25.909287802524,10.7974694514803,13.2954478843502,16.9420599213632,96.6920194969684,9.62252808505083,19.8528679482725,84.6176297222537,7.53067594680677,17.0888456894843,32.8817267294674,47.9805942351398,17.1100544462149,77.3999949652608,20.7796824153388,52.6888559500688,60.9908801914462,33.9692092812557,60.0383947257456,110.626380967404,27.1048288296408,9.09048213033055,13.1181844194627,14.4283982624691,14.4840720641842,19.4205115797121,86.8999867142271,50.8467438242867,92.0559628266196,74.6022160593806,10.3655618302665,63.7983479494652,60.1748070461598,51.8870635923645,43.6147791855559,91.8248874628018,90.8648989618551,46.2228248309457,9.26859495879022,14.4224407255086,15.0105033842426,45.9486234633832,27.2710302245496,84.8039406289885,59.8650366082893,73.7549941143386,14.6103920984365,17.2230253573417,17.7055978719162,26.4196278453971,87.5833004462555,13.4043682503073,45.500710796068,121.781417048343,9.63451483405538,70.6163519866649,49.6732869110346,14.8756371875061,51.5233620899908,18.815851245918,13.2667659339121,138.370049417641,17.2037982971736,119.837468465866,17.7055978719162,88.6907961562584,17.3969767121626,11.006047504458,58.1324639090477,51.684752867772,9.31417673660855,130.066874686959,9.4810134191486,69.6588434406612,73.5697403301797,14.3735691501148,13.8695405990031,87.7361678305957,88.543485003379,91.1738387343863,48.7272397280476,11.9447144306089,23.2419437946689,19.4205115797121,67.7627450001896,17.8490371640467,10.3922660455987,134.899711407699,73.0966246633718,26.4196278453971,71.7608820996287,112.470927150164,8.56456346924643,81.524405412665,19.4205115797121,12.7786690663097,12.3479692590114,63.3592886147531,12.4813229823828,93.3430879021287,12.2440952738677,91.0692638776532,68.3110506927523,73.5600136817098,13.4043682503073,109.810290127544,19.9389275955225,98.0002892883367,98.3825358341532,52.4167074976854,10.8124157812601,19.9545107592263,13.7710415419745,6.44779973240941,54.1649056534856,16.7518495153309,52.7073435964275,62.807649482174,9.01357872524794,91.9062654272639,13.1414296357625,50.550169891173,116.456624519245,62.9333186123211,67.3672584284402,135.665149776615,17.7055978719162,100.419887666943,24.2672049149563,93.5460493586649,18.7585393281127,22.3054759764267,28.8559249045515,12.4813229823828,97.8555605064937,118.850276843064,105.407319080157,11.2261405242418,16.5989064352618,109.481486370257,25.2142842881016,11.8388336103676,64.2290510645589,66.629966318917,19.0518877548127,22.1914444880823,141.910190485021,35.6931512422255,65.2871939692382,109.524992273429,17.1581428750705,103.206809018506,85.2785577511966,47.9309491601157,51.2250483512188,148.458400385035,8.56456346924643,70.1199233904017,44.1112180151592,43.3430154322885,85.2858337073711,61.7064870658406,13.780748716704,141.925192651745,25.7882731192871,74.3119438043848,15.5994343858066,64.1268351956341,54.6920310219591,85.7635901539816,76.5109888012025,79.4851737368403,56.9499472772173,37.1222813997066,81.178606849395,11.3656478190395,58.0629800191844,16.1560404414978
19.1475330914834,10.6152752372774,17.3383466187186,19.2914714157153,12.0110706919207,93.4457693289405,10.379704599135,13.7391779213613,116.06615155452,10.379704599135,59.8413098071046,15.1224408393364,76.3190478803832,14.327721168946,76.599783098266,87.4693691411868,25.4583393307344,42.4425327660405,58.5188198356112,12.5813712993771,63.7775009125762,49.5977500928513,26.2768335694621,12.3907734448319,4.0120101623182,18.1469065656098,105.765869282431,10.1934426913814,20.7853027078521,71.4300767543366,7.91075962393097,18.0055889620003,33.8452222235044,46.4576761681638,16.7164122728026,89.5848740416708,19.1475330914834,62.9269903691505,65.1922051762196,31.0953809300684,54.959087771791,107.443565382766,27.4571041228234,10.379704599135,15.2034351303576,14.4300487835666,15.1340539665027,18.8453127234062,95.054924731923,46.3914526406227,91.1381739010816,77.9500377283543,4.22151272743051,71.8160054034028,69.6479697722407,43.8517094611599,53.0444238169002,96.1376505904212,90.0690266513413,49.6906585848059,10.5806339843218,13.9040809001356,15.8889280789466,55.435433712495,34.1668797640229,82.5899988156548,63.9888084447884,71.3921827341645,17.0838307236748,14.5388381505711,18.2167904982458,25.4583393307344,87.0955582944393,14.327721168946,44.3864179459484,131.57525622643,12.7274929529324,81.7332998645157,48.6845889787779,14.2648548817222,53.0109347195424,17.969349672444,14.2816928377594,152.87947970384,17.3383466187186,121.537467114649,18.2167904982458,52.8004551849699,17.5721714437131,11.4024016599245,61.2510212517588,54.1164296086391,9.87472261264476,130.420210773564,11.5308366432264,79.5381623447333,59.1737399618912,15.1224408393364,12.173990460249,97.597690366455,88.7840197941223,90.7010900274582,58.2175705767839,6.34074687431694,21.6789822033907,18.8453127234062,74.3400099498213,17.7771116634452,11.7054958019847,129.991332532479,70.450961439002,25.4583393307344,69.8021365017992,112.776462570707,10.9681072764885,67.5248223692123,18.8453127234062,15.4952667610557,13.5465019543176,66.3835201218451,13.703611931494,83.4545995546803,15.8614745700473,22.3851134607673,67.083544360794,78.6271568741207,14.327721168946,109.240908895101,19.0582497695544,110.757992810568,93.9564288088846,27.8249493664114,4.90564939777715,14.807491671506,15.9389806486953,8.65807862581609,53.8684672427981,16.9494247859474,61.0049230529832,66.0799661957567,9.25856439126331,88.5622199358676,14.2090759073692,57.9409342066363,128.668221479277,66.45175459975,71.2214702489684,137.589677841665,18.2167904982458,93.8317184383951,25.4528870447091,98.5643936622112,17.8959792776225,22.189819061333,23.2333946936988,13.703611931494,103.237990445478,110.857898087673,111.745533815068,14.073209471663,16.9876465059538,119.755535529444,27.8582444632576,13.8529925113124,68.9017906232386,69.620028234342,17.5604338745542,23.9761128201929,143.923309880494,32.8682768147706,65.8840468267997,112.222555389883,18.1093092572295,96.2007582164392,78.5803158054852,47.6949466777462,52.7987408273531,150.387880436349,10.9681072764885,76.9259834811677,50.3554912579694,16.8039685403337,83.1460804534566,61.2465733061701,13.2819675451798,143.769762088639,34.6283857373116,80.0777728204158,15.1736407983001,66.3656139120019,20.7209124916318,81.9755182146968,82.046796508915,83.0521212225092,63.0282087884918,33.9817000613562,85.178627453291,11.4657013289616,67.4588581815015,20.0807817267467
20.8588344888031,11.3937228616492,18.462075799846,17.8209345257229,12.2169590868624,93.2281596777395,10.2938785164449,14.3276522603501,119.013074222478,10.2938785164449,59.8959956900585,14.4359691535343,76.3190478803832,13.4992380578865,76.599783098266,82.5981497686053,25.6734916283992,42.4425327660405,55.2598731707082,13.6899057758501,58.0008801386127,57.6141111571419,25.6821408790496,11.3641249002625,4.0120101623182,18.942206335795,100.414979454385,10.5621889160675,20.9277321340201,71.4300767543366,10.0097456961259,16.8882624572191,33.8452222235044,50.4591358809867,16.9627403673315,84.5958409869374,20.8588344888031,61.6185659385796,61.4225449263897,31.6724194883304,55.9789663461217,105.543873480122,27.1987614972222,10.2938785164449,15.7121352012886,15.7536183373971,15.9855581065423,18.862534481572,90.2459212858727,47.5658920847173,92.0761622370784,82.3358275496969,4.32001173835092,69.7951074245989,65.7692343595286,47.0674771442068,61.6178621879447,96.7964252351396,90.7168253351549,54.6764570600769,10.2459368670483,14.952163424267,14.8026567118246,51.1280826688108,34.1668797640229,83.9618516284586,60.2887331524084,72.4296591838094,18.1870004945887,14.5388381505711,18.684673547574,25.6734916283992,105.35425424985,13.4992380578865,48.7796299551056,125.824796064045,12.5653505810745,77.1815254823044,49.1805965427896,15.4835908519109,54.3724763032098,18.6118178135879,13.8788657621363,149.410510996788,18.462075799846,118.786852467216,18.684673547574,56.3158191526441,17.5079543497447,11.7777019742826,57.4501242283989,58.8845845686449,9.87472261264476,129.062679640102,13.3945371081146,76.4465971465889,63.7246864146873,14.4359691535343,13.0215643454589,90.6012051706238,87.8598756732879,90.0395890261109,54.6494556667833,4.50008332650101,23.2479960819094,18.862534481572,69.5092000701398,17.5953984588297,12.0174749455491,131.089909054204,71.0605773110398,25.6734916283992,73.3987610235916,111.602583475179,10.3458160920924,79.1833429507428,18.862534481572,13.6227893759555,12.6662145354672,64.4547591161004,14.7830841922779,88.1954436435162,14.6948783077716,22.3851134607673,64.138757073074,74.0806368258369,13.4992380578865,108.444193325306,18.6184280994609,104.212837368469,97.3157052026168,19.7476091044892,4.8486578853469,17.9742002915981,15.0513296678153,7.72268181867632,55.6380680297688,16.902638070208,57.6075238729472,63.0803164517714,9.06006630490713,89.3106727260497,16.3321535009304,54.4257006722409,125.748627333821,64.3234428327131,66.7640573311326,134.475772375379,18.684673547574,92.6910097403462,24.9653472785519,92.4480366966657,18.8448288339821,22.0279843190565,25.4674022155569,14.7830841922779,103.946183321692,118.881225890201,110.188012039131,11.2709973055549,17.2965657432219,113.696882759281,27.2261166036936,12.5416683461829,92.8264211490903,73.5371374505791,16.8394537079907,22.9282434443271,140.666062764336,32.8682768147706,90.0773047603155,116.021641432264,19.0236621384294,99.5536215772481,85.6033930654778,47.6949466777462,49.2021968778988,148.972887809423,10.3458160920924,71.9271302222581,48.7625963720951,16.8039685403337,83.4764189591466,61.2549920299507,13.3968971084114,142.417039031834,30.8872229626397,73.9736599477746,15.9554777350338,68.0283205292791,20.7209124916318,80.0837070691863,81.8319245818829,87.7249752520088,67.7938613481614,34.6123001898704,82.1198394721859,11.4087727349131,60.4910025689091,17.7536938586624
20.7578520230757,10.7645433766645,18.3509238927553,67.4244859260725,11.9109665149304,80.5221924088876,10.542306482666,57.245004248532,111.761534292177,10.542306482666,38.8846375674194,14.0484549096661,81.3879655736016,49.3947302976274,75.5902789845359,65.3815452795873,95.268388486588,31.8516723269859,11.8222174459486,50.1735472311249,18.6509993645543,68.0676672022661,25.6187325792651,44.8019119486688,32.0089829493685,21.6593652701907,20.2252810620089,9.39903635453192,19.6383427403475,74.4330685577236,40.1621704724131,17.6656831825179,38.2239810808884,61.3915699190193,74.2180611251064,65.6622171649276,20.7578520230757,15.4907698238961,71.4424713097824,7.47330879530768,37.5419617151266,109.787240579556,26.8533674385577,17.9453095478936,63.2520590358713,57.3642436612214,14.6270978643946,67.5428137872462,20.2252810620089,48.5825508692138,46.8146155719617,69.6737233469901,9.10073878713734,76.2724042701055,47.2976300210607,49.2097985287928,77.5402096716521,93.5635597159944,89.8247339660746,61.0515936361119,10.2097387097836,14.2561460881891,49.4674731942175,54.1752393122298,25.5797578249417,19.56460174377,75.4802369640495,21.0189024060739,58.7076137359974,49.6881957255986,73.8012658569418,25.1352185328936,80.5341254646613,15.0157146746148,49.7858283523147,125.649449020844,31.3078069962781,60.7177291905061,64.221298914458,48.2516770626033,73.2938591515111,76.7882443347827,12.3975770063677,137.080972612145,60.3660202685751,122.056114776096,67.6569867561038,44.1131844974908,32.5564578258143,60.3677723452828,45.8028947712858,45.4423859344153,8.66073669594265,129.728833406652,75.1544234542254,17.739785347897,60.8035052836193,23.9135404039052,12.8633801795616,91.4779097398166,100.232971239362,48.1656392143519,15.7465698206727,13.9134889176521,22.0798508901095,62.7239784209526,68.2641456955748,70.2538196876432,11.0743209032697,116.108445698303,74.1648272703346,88.4714747368139,73.7655126981366,130.054270884851,37.257058447479,46.8600143569508,73.6795869869466,13.9751546299364,58.7324169979217,69.8149638469852,54.3061903349193,81.2062148201262,63.3226961323145,103.121522653383,57.9146584418641,83.0428499046202,15.0157146746148,114.492877100466,83.6629949036709,57.5228717946575,80.1918506523773,75.8829335565248,8.92214592504564,17.3536102799983,56.2523143328248,36.4026903412333,49.1280927161724,17.8219321826375,46.065275626856,56.2042295130216,40.2064010083279,122.807696262227,13.4743887782697,72.2876804446575,24.7868272154293,74.2916980131637,74.3702853058483,121.206499709014,16.4219828103248,81.0550671281176,24.1490150306906,92.7772375913274,79.2016570604997,21.9413466680103,44.175778956702,12.411742329795,101.857225253094,109.955528586017,25.2053082076772,36.0865286315997,70.4905464389349,105.472072149949,117.940344289097,46.0379175069608,74.1392324698829,71.8078696406484,16.0395077889833,108.105005347334,129.93883716037,34.9904767278999,80.5184411444718,107.739210230991,17.735139950253,87.4287498600892,104.995398680923,45.5877330835065,51.8339410475057,136.200935312094,10.898326758618,66.2552727216921,10.2097387097836,95.5042113072406,96.6206840542318,63.5692730859322,43.7866649353869,127.047763294189,38.6401042059253,17.788998167618,28.7222540049439,15.0049662842387,48.5518761498302,75.7739149940586,82.4930658336461,80.8936450122228,54.2266652558412,27.5098942313245,18.2648402769639,10.6339809797492,70.8446386468055,18.1438823758215
20.7256889916547,13.5215867535272,18.5385165233218,73.2423458247544,12.2520533771417,85.6347790228064,11.1180864128008,53.0771108905187,114.326187632801,11.1180864128008,42.161895600353,14.3629558104429,79.0320689753861,43.8936962226621,73.4022051106806,84.6486009962371,98.2103639150573,33.5585318436545,15.3060647801069,54.3238912198953,18.7070250942339,63.0565650970602,26.0834568722361,41.9237511056567,31.5044459355542,18.7940232935432,22.6770741290173,11.4700424725234,20.6900486005608,72.2784918733942,44.4202480425797,17.5265405953206,41.8405296986191,59.109746187494,83.2926350265853,85.0119830841251,20.7256889916547,16.2107100466289,63.4860057777959,10.3202307365715,51.8433959863813,109.557985115849,27.1775699522712,18.92541281986,68.6231408022494,58.912375172545,16.0506928675096,73.2354277062366,22.6770741290173,47.9792289691244,50.3817637486604,76.4547789825466,7.80264060953758,89.2288606672837,61.2356008809476,61.8135425393999,71.8317444943588,98.5742342600108,89.3736148971691,56.9606176365429,10.0205054079684,15.9388622314979,53.6753385507039,55.0733158545412,28.5591986316106,21.1484184635771,67.074090133734,19.7508370990059,63.7176878518742,48.2498964579317,82.1761329040459,25.9114171911021,95.901701374994,13.3434318706133,56.5356777344516,127.484400551807,32.4031474891101,78.6104214830999,72.3630389564345,48.0586480429691,81.6111463773554,86.6947864084903,14.3695978071803,151.307448314084,60.9831129340555,124.27021500399,75.3346093864311,57.5745387302605,32.9938194550384,57.2009976274976,45.4421312947898,49.2013693770149,9.17125766326407,134.404788562456,69.6215984718751,18.7608541654991,58.0218705591606,24.4488896680164,12.4207110790272,95.4502577491451,103.845775473707,48.311847069144,16.1254428655222,12.7537087141358,22.5446832874268,68.0104533631765,70.2156045681493,75.2040103228101,12.4604545612652,119.69398125431,71.2512808657176,91.2035552194473,84.2108156962925,134.741956131909,36.835280326052,43.2344218145069,79.8894177433099,14.9023622744505,60.4113934956203,67.3288761820556,56.4958861329606,84.1220440421584,70.490659045482,101.084032226909,61.2989028810872,73.7944636039973,13.3434318706133,114.840422741361,81.2008834118673,61.6514728590723,90.5374959961191,69.5575952718951,10.7064687247732,17.6092772529072,72.8291093566557,35.7881408689629,50.5571684576084,16.5566330423577,59.6400883405985,57.4624661606082,38.3314672733719,126.600110835097,15.1829790196392,69.6606711998035,27.3592425433115,66.0848900197834,73.4452330030088,123.405187903541,18.2855270339821,91.3516058268258,24.5560407277335,92.046483805125,74.6401636557402,22.0079501073066,38.0522893499707,12.9121998256773,101.052823570928,112.270349107465,26.6748822831297,37.2215332309088,73.850552732402,118.257837374542,130.180375931232,50.2164688022259,98.7452742847442,78.7966329177162,16.3955062846088,109.683742433829,132.295930121234,33.9813959613934,88.5117617795714,110.512636124894,17.6566672320117,92.0220953430551,104.83271468534,45.0814624449248,51.3928794265434,137.845298377522,10.7749494449359,68.1493041856495,10.0205054079684,96.1004628806537,98.4173655047398,60.3555327720494,42.0665169233428,128.58161949736,37.9877827586468,19.3239583183055,32.7893666013051,17.6116074827233,46.3582282581296,73.5439705950966,86.0184153181056,88.7666892682183,59.9702220841013,37.9896594376252,18.3697793540792,10.5146429896714,73.1761623707698,19.5079603495602
20.7949180774583,14.6036932446149,17.6658200122273,74.3503076235766,12.4538687818617,86.4524038478825,9.71687811571372,54.0368602921261,119.026885493113,9.71687811571372,41.5585570227395,14.1779029288643,99.975169857714,43.6758321151306,92.8534203774488,73.9966987364064,99.3258147899824,31.8954290547048,13.3799997996876,65.7381995193005,18.5249921451265,48.2961960952863,25.7112119955283,47.1583363713007,33.4758359141618,18.1907603203326,22.4464253509276,11.6740676265234,20.2740926430447,91.4319287826374,42.4375037937718,18.1072582467038,40.0202745170712,61.5730161512927,80.7151335617842,74.3143540144286,20.7949180774583,16.0064646802139,63.1708962477313,10.8656897913648,54.5834945843508,116.990866637221,27.362558908774,16.5402500783244,66.3837562414874,54.5861251517877,15.0332989060579,72.1874255195696,22.4464253509276,46.8150592713263,50.1847098746083,71.6085937678,8.83212642346941,82.1280096351947,53.5299137493333,66.7603610480753,55.0172692189318,96.5924825111566,89.5793151517744,55.3685031120561,9.41835222663744,15.227528296247,53.5015678795136,51.050117440819,26.7269487020108,20.165450791308,66.7411713311946,18.9124169795729,60.208078517766,61.0358764048195,80.8335103717103,26.2057131474979,90.1372048874711,13.2772024316262,56.6592331201565,128.099015038863,31.8925231383673,68.7183439249687,69.298481355314,48.86746255048,80.2777547934035,83.2226453283299,13.9705843059291,150.235491118842,58.1123465582087,122.496717300476,74.103766069126,72.8591199221657,33.9965350931745,53.4066164709088,46.9477933857107,59.539354860214,9.1938729983612,131.777908392473,53.3244772703569,18.5463164930105,65.2782941125796,24.1338892221351,12.9552129370275,92.1009361960401,101.816157249193,49.3945482746114,15.9116600138123,11.6850237282484,23.2902415198403,67.0372207888175,67.1635182250121,73.6704673670118,11.471803320763,121.053438146547,70.7205452338794,92.2394243620747,79.8583784415902,132.108486175865,35.9148642077023,41.9422838686471,78.7461966669972,14.5122303338844,57.7854702383633,64.4397447534806,65.8582701696472,85.8865126085171,61.5890932434967,102.982495064728,59.7773374191683,73.4281885727878,13.2772024316262,117.4140743751,93.7108914165203,59.6201286237792,86.9114537372251,63.7290822183456,9.62001715364242,18.7966705589986,63.6645331509355,33.4868255623441,47.8821441518813,16.9881690973871,52.1351752729866,56.7221175105133,36.0948991175023,128.038005969247,14.9366847435002,61.3611162807385,27.1654124495028,65.7598090732273,73.7075634801692,121.644035262567,17.9867716685998,97.2121414978346,24.6042144796782,95.0963165774675,80.1248404208273,22.5011631711115,33.8373518230832,15.0519834772147,100.477625855557,115.983157221282,26.2856317301512,41.5667218240114,73.9589700960071,117.055035569742,129.258096213917,47.301516794474,92.995241804374,73.8020062573629,18.9622353027455,110.212538245729,130.407895017675,34.9147616884236,86.187278109754,115.412875857492,17.5711222552029,92.6413788821927,105.182882682308,45.7026290376776,55.1719339232543,138.783566881676,10.505711989547,65.187034446913,9.41835222663744,89.8251351520223,98.08693364529,56.0932727749435,41.7531723887986,129.456833126026,35.5450220059416,19.6162783877629,31.094647703577,19.5936979699662,47.6085352708854,84.8743357608549,85.0868782862017,83.1400976696494,50.4209361914949,39.9975412629153,18.4334817276558,11.1031824294933,71.7302130840393,17.986618457057
20.6928901291614,14.4852841258109,17.8056642171882,69.7720890252254,12.8376330018053,86.4160007740124,10.4001559991397,52.5351916721621,114.147104887773,10.4001559991397,41.6960866468324,14.4191289593317,83.1748339228224,41.5061929177713,77.249859440618,86.0132137036199,98.5747421865815,31.621945876456,15.5528125143061,60.5421810464663,18.302389173732,56.1832243786207,25.418086974231,43.4895369914074,26.7945506682732,17.6917163997251,22.4163979518936,11.1065369475098,20.1186009765967,76.0672425219431,42.8822501122835,17.1014803787079,36.9933951877103,57.3655053563536,82.2034490237266,86.3824538424258,20.6928901291614,15.9279238314514,60.0328208867374,9.89182455307884,49.6913092762342,112.326683597546,27.3669350503254,17.7033383593823,66.376634795907,56.5156646530055,16.001490900489,72.4263151780942,22.4163979518936,48.6930091640726,51.0383820426609,76.220413678499,9.07905562965093,81.7145679022783,62.2227746572759,66.2190571881318,64.001884850884,95.8516687871373,90.2579248148399,60.9092880566412,10.4675637620528,15.5758803238235,53.3954671953869,58.0392805208617,29.1481815544255,20.1579127465198,63.4257391027685,19.5487817187751,63.9932325984354,50.7790973551726,78.9385275220609,26.0075532508056,95.0307157627538,12.6176445610172,52.0241929541096,127.943496146413,40.2244347692299,79.8776932256455,67.3741224841006,44.8784890582178,78.395800541481,86.5811608972613,13.9362040345785,150.545256366426,58.5723690704512,121.100172755093,72.3665488537696,64.5236687194851,32.914286592667,46.6276970703053,44.3400517334268,54.833299781485,9.66429241349343,131.424783953591,62.0326508829445,18.5992708162584,61.3222797396725,24.5445086434985,11.6211718010405,98.8692047373579,101.543321127901,47.323479097886,15.8690347601847,12.5723756422104,24.9894046165054,67.2590668882928,69.9256469052451,74.820812248062,11.1164197788341,120.138067644613,72.1688037937408,91.5419369592449,76.2255603180606,131.754475889759,35.8725679847272,41.2915264001515,79.0067912497308,14.6990573178681,60.1619226468181,68.7914389705261,57.6542671418506,86.0808552575319,66.1072011280302,101.175484983899,59.5026029753865,69.7805722961555,12.6176445610172,112.491007379931,90.3465105554877,61.5152652246707,90.4188340823625,68.5686207932463,9.07905562965093,18.5731172664454,74.0031810710823,34.6820630558053,50.5294771006961,16.8043340275029,60.6015409985417,57.6872003803441,38.7476500684922,127.06982021934,14.2672160577762,68.3419629543062,27.2214238530031,68.840283657441,71.8242751537315,120.257211862985,17.5651071426399,93.8392681091315,24.7056838472274,89.8141380588639,75.0801567475646,21.5577095489612,34.3227127222154,13.1769491390318,103.563885993383,124.444825616486,26.0515963485521,42.0101887535741,70.9291518617995,116.898446794155,129.524608912598,44.3141673928231,92.0914335414725,78.5550888693592,17.2620324601305,110.078734469979,128.921157752585,31.8825631853683,81.9592710506114,109.895957885678,17.4797317015721,91.7770857839005,104.666814589322,44.4360467569281,51.7578022621137,138.805762778475,10.4933396209853,67.8678793785607,10.4675637620528,96.23419702668,97.7144959150697,61.3429044561089,42.6082193785166,129.477537382102,36.8137222274156,18.4083800828901,29.6801286270978,17.7113640370954,50.3516298040358,81.8272023219307,86.6405400278005,88.4945829015988,57.9489243888849,36.4126593271346,18.2161135291184,11.3560035492435,72.3051006950966,17.8462396552592
20.7796824153388,12.560410256638,17.2037982971736,67.8544200606084,12.4133706171693,88.9888715271429,9.09048213033055,50.5024391757715,116.190661086435,9.09048213033055,42.3765626053496,14.3735691501148,96.3201525358439,44.0941486223994,89.4587688819077,76.1593144636532,100.136601794511,32.6888420486367,13.7710415419745,57.1745479323102,16.1653708916963,40.8585106988071,25.909287802524,41.3527706757724,50.3928737477201,16.9420599213632,20.9350054413121,9.62252808505083,19.8528679482725,88.0892459550098,35.8323599134603,17.0888456894843,38.4417855243429,56.093760771536,81.4128284613869,76.4862534842184,20.7796824153388,14.1971367592424,63.7759317421835,11.7898315777918,59.2258954961365,118.057522126579,27.1048288296408,15.4739872186986,54.2385310823891,54.6870220805626,14.4840720641842,73.6083053888332,20.9350054413121,52.272549042993,50.4534717022729,68.9924439758032,10.3655618302665,76.1267430531304,55.0943704795566,57.4195519995817,46.5445286532674,94.5856287555083,91.5707845015757,51.1826441562628,9.26859495879022,14.4224407255086,51.2502527678095,46.7843846885358,24.3723493202604,20.4300486759674,67.38040205286,19.8734574747777,56.9697053144012,58.8044504834369,79.5699003460075,26.4196278453971,80.188820529276,13.4043682503073,53.3199866225958,122.727478093733,32.3737315167293,70.726695295506,69.9047394427891,49.9848609653226,79.0228324804742,89.5293276040844,13.2667659339121,139.444979540607,56.5925096073039,123.440415953726,72.9453571206999,86.0145850445176,33.2546828861407,52.3688256127401,44.3072930036908,51.7832207636702,9.31417673660855,133.977372174985,45.1124291602712,16.7814555744575,68.5334278587958,24.466955891576,13.8695405990031,93.6296974047603,103.515538830491,48.9649757893547,14.599627291646,11.9447144306089,23.2419437946689,68.3567281244044,68.2891610571479,73.7987457758668,10.3922660455987,122.0415856358,74.0957369514385,92.9923658479924,76.5812987120673,134.313467528588,29.2788470026863,44.6813998271834,80.2961741709723,12.7786690663097,58.7539394623472,65.2642036022735,54.6106326978576,88.8088815040588,58.2596876783633,89.9941505770598,63.1743477177225,74.1314659207242,13.4043682503073,116.392952459924,94.8731342229829,53.7114019624798,93.497677026357,65.1454122581434,10.8124157812601,19.9545107592263,65.5251826530234,29.013274004788,49.4044540904456,16.7518495153309,53.6588695987263,57.5049273837573,39.6689998537557,129.083167809048,13.1414296357625,62.7726118398358,25.2142842881016,64.8254266908687,71.8925407572172,122.581164965167,17.7055978719162,102.093629687488,24.2672049149563,89.747782766975,77.5591793707788,22.3054759764267,40.2885829814266,12.4813229823828,98.6157531213756,115.742639206593,25.3935918972462,37.7218848650527,68.6299470898498,109.17318763561,119.974264721173,45.6796052849005,76.640675254022,71.1057222897539,19.0518877548127,105.591029479062,131.412540347064,32.5561473912839,73.1521801301166,106.220117201397,17.1581428750705,96.1416523785764,105.10581910094,45.6026694638705,53.4930726582072,137.476353627461,8.56456346924643,66.2795519327827,9.26859495879022,58.5881591703653,99.9421642610235,62.9049408003952,43.7458742431527,128.237469105389,30.796513125576,17.9024302157295,29.8186433359128,15.4487439471027,49.4789953062961,85.926983801016,77.1053657414902,80.1026556842595,52.7371376132459,43.3993868838694,17.917337897293,11.3656478190395,68.0410759244336,16.1560404414978
19.1475330914834,10.6152752372774,17.3383466187186,73.1192128250298,12.0110706919207,87.048817384333,10.379704599135,52.0747149258192,111.633912332382,10.379704599135,41.1214488950479,15.1224408393364,81.3087758568511,47.1315510620444,75.5167303617181,88.1488764487464,96.4930922884075,32.3487705256377,15.9389806486953,59.8645098778047,18.525739644319,49.6922419075926,26.2768335694621,47.4548981186826,15.2064618915358,18.1469065656098,22.8996049565623,10.1934426913814,20.7853027078521,74.3606458896495,37.6408688988616,18.0055889620003,39.568201038959,54.313328430391,79.53980562327,88.5272846255141,19.1475330914834,16.9558262750093,68.1691035510602,10.7924002874886,54.2153267722076,114.660906255913,27.4571041228234,17.6685256071277,62.8602223074072,54.6932779436224,15.1340539665027,71.4281664722819,22.8996049565623,47.6923260162502,49.9504555351345,72.0885235715327,4.22151272743051,85.6937329282818,63.7677333445753,48.52742354929,56.6075938098391,99.0280563301102,90.7687294432476,55.0225847411592,10.5806339843218,13.9040809001356,54.2494518278706,56.4437508829395,30.5352281133286,19.8966897462208,72.0218659199195,19.2367923641817,66.6142835463684,49.6398495835415,81.8672272495611,25.4583393307344,79.7422574552964,14.327721168946,52.0142030683932,132.597400880927,42.7667035482535,81.8610142323047,68.5133543414605,47.932520736137,81.3043645455261,85.5015153250432,14.2816928377594,154.067126587024,57.0351111216993,125.191525544182,75.0514214826508,51.2072214899873,33.5895712599903,54.2547525669986,46.6841892272621,54.2195302458951,9.87472261264476,134.341331411277,54.865870158522,19.1614742929108,55.1229244606946,25.7416991649605,12.173990460249,104.15365113802,103.79674628997,48.7110857556508,17.4431147134506,6.34074687431694,21.6789822033907,66.3321310031298,74.9175216033399,73.5013621307491,11.7054958019847,117.601054706695,71.4139118023597,89.608802167077,74.4909776716978,134.678339792254,37.4956103729606,37.0085935771768,77.9179532183829,15.4952667610557,64.4567814395634,68.3793594876144,59.9586212840656,79.4007334596787,75.4718526685684,22.120847206795,62.0391446860837,79.2379733026965,14.327721168946,115.789439231406,90.6827049639368,60.7035664446134,89.2913336786894,34.5818706300253,4.90564939777715,14.807491671506,75.8406410383258,38.9589034943448,49.1340690934672,16.9494247859474,62.1062453089028,60.5009690529275,40.7471882898442,124.386426152533,14.2090759073692,71.9503768319828,27.8582444632576,68.4496454544559,76.0056527771847,124.320085333518,18.2167904982458,95.3956525719521,25.4528870447091,94.5623663596796,73.9928329456184,22.189819061333,32.4384178692425,13.703611931494,104.039996560467,107.959241176237,26.920526077339,47.2885571159099,70.2372343281597,119.418305178498,132.554720082981,53.4511465198121,82.2163751768409,74.2966365875301,17.5604338745542,114.082814075033,133.276741451135,29.979545857898,73.8209343695481,108.836282374663,18.1093092572295,89.6152099164502,96.8502361642036,45.3781309687074,55.1364414529098,139.263102515793,10.9681072764885,72.7128535028942,10.5806339843218,22.7144690722526,97.434695413213,62.4360946676621,42.1625336821349,129.904142313696,41.3534295586096,19.2914714157153,29.0047300358173,15.9880863150502,18.7458741750508,82.13169496598,82.68417846716,83.6973130631858,58.3657664196788,39.7277562780951,18.8002025279845,11.4657013289616,79.0516313455937,20.0807817267467
20.8588344888031,11.3937228616492,18.462075799846,67.5455322327436,12.2169590868624,86.846104485456,10.2938785164449,54.3051710433106,114.468300328873,10.2938785164449,41.1590276637683,14.4359691535343,81.3087758568511,44.4062262464294,75.5167303617181,83.2398149241877,97.3085700870542,32.3487705256377,15.0513296678153,65.1391235536597,16.8477784361947,57.7238754490251,25.6821408790496,43.522980365271,15.2064618915358,18.942206335795,21.7410718299529,10.5621889160675,20.9277321340201,74.3606458896495,47.6282358926734,16.8882624572191,39.568201038959,58.9914056290189,80.7118806139224,83.5971493323949,20.8588344888031,16.6032682198951,64.2273077607759,10.9926754060371,55.2214033360129,112.633605743423,27.1987614972222,17.5224308579673,64.9634969471405,59.7099177742382,15.9855581065423,71.4934409852212,21.7410718299529,48.8996981864645,50.4645424721904,76.1445204912191,4.32001173835092,83.282316549744,60.2164716736204,52.0860743364287,65.7569384900078,99.7066372214193,91.4215605623446,60.543371281747,10.2459368670483,14.952163424267,50.540603382596,52.0580532705425,30.5352281133286,20.2271816966416,67.8572888152946,19.5163428454839,70.9158283876901,49.6398495835415,83.9699186061566,25.6734916283992,96.4594088483925,13.4992380578865,57.162386502458,126.802268169277,42.2218755310234,77.3021273636466,69.2113810209913,52.0276964422564,83.39259924367,88.5584985001274,13.8788657621363,150.571209136552,60.7316584411021,122.358212887012,76.9790545606675,54.6165106841807,33.4668189489928,56.0405014207144,43.7872286175356,58.9967693198838,9.87472261264476,132.94298571915,63.7337043742638,18.4166878240916,59.3623299419723,24.5731743342853,13.0215643454589,96.6871888114756,102.716336177114,48.3558261662201,16.3740381946387,4.50008332650101,23.2479960819094,66.3927485124024,70.049183493526,72.7500495266972,12.0174749455491,118.594919106067,72.0318601345016,90.3660997828707,78.3291993991862,133.27648621307,35.3682435264801,43.3983245646031,77.9891584123106,13.6227893759555,60.2682098103574,66.3926097350338,64.6817314242653,83.9112876997109,69.9209701928347,22.120847206795,59.3157929855529,74.6561335347543,13.4992380578865,114.944963933768,88.589951472504,57.1163374944706,92.4838163346854,24.5430550227028,4.8486578853469,17.9742002915981,71.6170322083756,34.7498825887577,50.7481429995054,16.902638070208,58.6475128603047,57.7545736357015,39.8735929290385,125.437634757986,16.3321535009304,67.5852007968473,27.2261166036936,66.2573453903314,71.2488206402846,121.506494958412,18.684673547574,94.2359311850276,24.9653472785519,88.694352904997,77.9159525260055,22.0279843190565,35.5575345748489,14.7830841922779,104.753691045293,115.772779013514,26.5453047673355,37.8726118523423,71.5144938266353,113.376713511948,129.546937895138,48.3914613992093,110.764202185234,78.4768710300216,16.8394537079907,109.096856256169,130.260445605082,29.979545857898,100.928694018719,112.520732437644,19.0236621384294,92.7385486454865,105.506178613117,45.3781309687074,51.3806580422727,137.952782410935,10.3458160920924,67.9877805399135,10.2459368670483,22.7144690722526,97.8218024362937,62.4446768985785,42.5273683020316,128.681880233483,36.885710143581,17.8209345257229,30.4992276045573,16.3886476200188,18.7458741750508,80.2362796112473,82.4676373038451,88.4064682400629,62.7788850768888,40.4649862627431,18.1250820751869,11.4087727349131,70.8863530114427,17.7536938586624
20.7578520230757,10.7645433766645,46.0898771592997,17.788998167618,11.9109665149304,88.4760128995081,26.4778827268521,15.1032857232159,114.449042279668,10.542306482666,79.1020035583403,14.0484549096661,79.1332325100085,15.0157146746148,75.4289636697581,65.4049626769025,25.1352185328936,49.0773851537365,38.3981112457006,10.5446787823057,18.6509993645543,48.7092488516159,25.6187325792651,11.6980620095929,8.44511798959742,21.6593652701907,99.4343543065884,23.6064643681068,19.6383427403475,73.4074240474817,8.44064671929524,44.3688379165908,10.3838863065568,16.6775690075586,15.5979725891155,66.10185084027,20.7578520230757,15.4907698238961,59.029470569865,7.47330879530768,38.1849810399796,106.41781173232,26.8533674385577,45.5628825049456,55.1316166174799,15.134745357868,14.6270978643946,17.8202173022794,72.2863051143626,47.60439732663,79.6056082992406,76.3726197689753,9.10073878713734,42.2219919243506,11.8222174459486,23.5564418053474,75.1604593663416,87.1576697016525,89.8569060641035,70.8146231831998,10.2097387097836,14.2561460881891,55.4514971193461,47.1547884092476,32.98593354765,69.9249996455018,72.6459534320043,21.0189024060739,15.0560943068394,55.6989202041072,16.4219828103248,25.1352185328936,20.1298023312919,37.7132208087522,12.2018899154262,125.694452286789,33.3569613110463,64.5734959500419,59.5622552710301,51.4098392506924,53.546602210908,16.1381328499172,45.0408334587567,137.130070252561,18.3509238927553,113.69946343441,62.4276407473343,44.118942286996,17.0317046945061,12.6871390067768,70.5735725512272,32.5185888670637,21.7521631476344,120.846864389928,15.7947623424675,63.4030020344257,66.8095534519381,60.7161346976202,12.8633801795616,88.6704040011253,27.2291830438957,96.6575638550568,66.1047354016687,13.9134889176521,22.0798508901095,66.1032384642161,68.28859554018,61.2344753984396,45.5816268057671,126.56168682833,72.9605097787982,93.2378834862762,71.5016098520117,125.590544298489,10.898326758618,79.6828063676418,64.220434942599,13.9751546299364,12.3434460094806,65.0350369062343,53.268161703001,81.9966414972493,13.3081579277016,103.811960716068,63.4829599417647,83.072592967469,15.0157146746148,101.225896359696,17.5829586686592,97.8143928853598,84.5573170881647,69.9075736583929,8.92214592504564,45.4951085578756,11.8222174459486,8.0899955310956,14.4395133373315,17.8219321826375,53.8572656568363,14.0484549096661,9.13568686086099,108.184920798047,13.4743887782697,54.6034396436384,121.860465222646,69.2052685539212,72.0878216665048,129.859796454068,73.0175857282147,75.4073619984648,24.1490150306906,95.5247748597858,69.0335691689067,21.9413466680103,11.5998063900271,12.411742329795,101.893706971336,110.141220516375,90.0852054424171,38.4484591832745,61.4408106339126,105.664388736218,24.7868272154293,40.6273790722049,41.0411354483531,69.6040479019061,68.5443439062136,22.7197919831334,131.213314883069,10.2842473106182,17.09910255762,107.753272686491,76.19999335972,96.06478622849,97.777490712183,46.0314646434442,70.5583936553205,137.536833505887,10.898326758618,68.4719553015394,10.2097387097836,89.5762510949824,23.680532982999,83.7870259902529,57.0094948123835,136.118085423937,37.3138973903373,63.5788914517834,15.0258652519906,53.6286031194203,52.9230006245141,54.2238427378324,82.5226119829473,80.9226183045705,54.7585360833408,7.47330879530768,83.5781567800649,10.6339809797492,17.3631434983702,80.6737226631517
20.7256889916547,13.5215867535272,46.5610317098459,19.3239583183055,12.2520533771417,94.0936105539035,27.9240020833375,14.0036459367173,117.075367342873,11.1180864128008,85.7688440588654,14.3629558104429,76.8426025383386,13.3434318706133,73.2455593093701,84.6789191833223,25.9114171911021,51.7073318969689,49.7135144779337,11.4169321232158,18.7070250942339,45.1233022561785,26.0834568722361,10.9465560458806,8.31200302563495,18.7940232935432,111.488202149983,28.8079691060817,20.6900486005608,71.2825361801122,9.33554179220517,44.0193696942261,11.366354082197,16.0576911840106,17.5051223155759,85.5811708481864,20.7256889916547,16.2107100466289,52.4554265964417,10.3202307365715,52.7313705077504,106.195592240815,27.1775699522712,48.0513505976322,59.8131467570311,15.5431979880944,16.0506928675096,19.3221330704606,81.0491530162371,47.0132226160835,85.6713421951674,83.8056513167145,7.80264060953758,49.3942766137461,15.3060647801069,29.589780107711,69.6271900236489,91.825285151679,89.4056254200253,66.0694411722648,10.0205054079684,15.9388622314979,60.1683831583338,47.9364851745158,36.8280198226854,75.5856507040555,64.55545748578,19.7508370990059,16.3409727676147,54.0866315111988,18.2855270339821,25.9114171911021,23.970984731936,33.5131429564069,13.8561943999013,127.530061033621,34.5239938804678,83.6024304753437,67.1133388979201,51.2041761219841,59.6229976376451,18.2201324249012,52.2052544114139,151.361641383685,18.5385165233218,115.761973849094,69.5118443209798,57.582053537424,17.2605076605261,12.0215966240318,70.0177044666998,35.2085188655548,23.0343791716669,125.202677232517,14.6319611171755,67.0523600762573,63.7531544344696,62.0753787694325,12.4207110790272,92.5208385357801,28.2106336243023,96.9509700112128,67.6952597295587,12.7537087141358,22.5446832874268,71.674522724849,70.2407533575036,65.5491493622815,51.286918141781,130.470028081388,70.094274680991,96.1171550534417,81.6263409416806,130.117338671887,10.7749494449359,73.5176911304403,69.6330335795082,14.9023622744505,12.6963066069129,62.7191608514218,55.4160028447032,84.9408521579206,14.814606457136,101.760828511365,67.1925882111604,73.8208942162822,13.3434318706133,101.533169789418,17.0655112040082,104.834845689302,95.4661564115597,64.0803206606207,10.7064687247732,46.1653781155918,15.3060647801069,7.95342039234346,14.8595410055688,16.5566330423577,69.7282722798727,14.3629558104429,8.70966495743633,111.525770620059,15.1829790196392,52.619094041977,134.50733308827,61.5603450114318,71.1911597111951,132.215455615026,81.303521822586,84.9864648046772,24.5560407277335,94.7723802776966,65.0576906057798,22.0079501073066,9.99188242021896,12.9121998256773,101.089017180444,112.459950286376,95.3375467908821,39.6577519488622,64.3694517189197,118.473467380854,27.3592425433115,44.3148522820807,54.6622623649528,76.3783223142575,70.0656925432964,23.0515858541571,133.593526893899,9.98766272162155,18.7965846172921,110.527060576534,75.8628310578899,101.111853155569,97.6259904267706,45.520266182288,69.9580032769468,139.197324960183,10.7749494449359,70.4293548021733,10.0205054079684,90.1354932469751,24.1208773540326,79.5511785417345,54.7698912866555,137.761448237084,36.6839649393391,69.0649263528956,17.153549445128,62.9448870523669,50.5318586553723,52.62809366755,86.0492241250758,88.7984824114067,60.5584273793139,10.3202307365715,84.058347929098,10.5146429896714,17.9345710864319,86.7388660467399
20.7949180774583,14.6036932446149,44.3691815758275,19.6162783877629,12.4538687818617,94.9919987175423,24.4047504824505,14.2568622588304,121.889101974972,9.71687811571372,84.5414881337776,14.1779029288643,97.2055058241208,13.2772024316262,92.6552642264515,74.0232017822875,26.2057131474979,49.1448059709947,43.4577289010974,13.8158100415936,18.5249921451265,34.5607765167164,25.7112119955283,12.3133393006257,8.83212642346941,18.1907603203326,110.354254381809,29.3203953108999,20.2740926430447,90.1720498385896,8.91884011642304,45.4778905497923,10.871865483165,16.7268604992714,16.9634240202162,74.8119170574796,20.7949180774583,16.0064646802139,52.1950667797918,10.8656897913648,55.518401558634,113.400354672172,27.362558908774,41.9954567464996,57.8612594517811,14.4017780330903,15.0332989060579,19.0456324976758,80.2248011619351,45.8724921303831,85.3362632178012,78.4935215358412,8.83212642346941,45.4634699504194,13.3799997996876,31.9577931011608,53.3287599438664,89.9792153261872,89.6113993493131,64.222724593693,9.41835222663744,15.227528296247,59.973591646847,44.4346442535351,34.4652736687115,72.0724683231852,64.2350397870726,18.9124169795729,15.4409019633044,68.4193168984069,17.9867716685998,26.2057131474979,22.5301275280643,33.3468021920353,13.8864762946638,128.144895654227,33.9799482143428,73.0821748819023,64.2711048538244,52.0659290463605,58.6488561534362,17.4904129930962,50.7556243225329,150.289300250629,17.6658200122273,114.10989982018,68.3761353851684,72.8686297202187,17.7850719952787,11.2241538941098,72.3376441417321,42.6063852567917,23.0911794735282,122.755648123149,11.2068911823213,66.2855902299203,71.7263529367713,61.2755971737797,12.9552129370275,89.2743094438038,27.6592696822662,99.1237068960631,66.7977906930235,11.6850237282484,23.2902415198403,70.648857157014,67.1875738631075,64.2124861201005,47.2176544569694,131.951876851451,69.5721573420597,97.2088317403584,77.4074823028937,127.574254750667,10.505711989547,71.3204835718609,68.6365818109966,14.5122303338844,12.1444317887501,60.0278356865739,64.5994308059744,86.7224953091172,12.9438168235247,103.672002284497,65.5247292982959,73.4544879980858,13.2772024316262,103.808596873972,19.6946658732102,101.380659607882,91.6427204568328,58.7107706641594,9.62001715364242,49.2783088827297,13.3799997996876,7.44198482613478,14.0733096050668,16.9881690973871,60.9538952396061,14.1779029288643,8.20147258501369,112.792454842128,14.9366847435002,46.3499172845463,133.554398483111,61.2575209434694,71.4454391263871,130.328568987407,79.9751563166951,90.4386536746235,24.6042144796782,97.9125318547602,69.8382321611479,22.5011631711115,8.88511168719181,15.0519834772147,100.513613449241,116.179028557907,93.9463431704099,44.2873412333034,64.4639502161396,117.268472400815,27.1654124495028,41.7424757149105,51.4792261505549,71.5369834044818,81.0345301689787,23.162719754103,131.686973395597,10.2619934786066,18.3029513067266,115.427939903603,75.4952824124849,101.792308279282,97.9520861271667,46.1474789458534,75.1022004850939,140.144796273387,10.505711989547,67.3679773025458,9.41835222663744,84.2496760182999,24.0398925977878,73.933337219686,54.3619220192326,138.699146000366,34.3250446944603,70.1096949109722,16.2669679883634,70.0289912131862,51.8947307844062,60.7361073416286,85.1173534489807,83.169875563268,50.91547932685,10.8656897913648,84.3498438789839,11.1031824294933,17.5801868248079,79.9744750873281
20.6928901291614,14.4852841258109,44.7204119697717,18.4083800828901,12.8376330018053,94.9519998211267,26.1208599217798,13.8606682061505,116.891978229731,10.4001559991397,84.8212610594094,14.4191289593317,80.8705983176818,12.6176445610172,77.0850024568946,86.0440206475525,26.0075532508056,48.7234202699804,50.5149417051629,12.7237934558304,18.302389173732,40.2047369922691,25.418086974231,11.3553926242446,7.06936369174073,17.6917163997251,110.206629484766,27.8949946371932,20.1186009765967,75.0190800423677,9.01230982959114,42.9517954792453,10.0495866432598,15.5838525630808,17.276214511202,86.9608174327451,20.6928901291614,15.9279238314514,49.6022263618758,9.89182455307884,50.5424228217735,108.879317892478,27.3669350503254,44.9485211420335,57.8550522734934,14.9108597736489,16.001490900489,19.108660159502,80.1174815295548,47.7126316713155,86.7878844987984,83.5487525693356,9.07905562965093,45.2346016765602,15.5528125143061,31.6986741196371,62.0376329400458,89.2891218959616,90.2902520667762,70.6495608910154,10.4675637620528,15.5758803238235,59.8546560837323,50.5180969596265,37.58753254699,72.0455269222793,61.044102066674,19.5487817187751,16.4116386902433,56.9217869620739,17.5651071426399,26.0075532508056,23.7532786588069,31.6902675448714,12.7504853564503,127.989321060314,42.8571989892303,84.9501779590831,62.4863518784454,47.8158698049707,57.2739489391974,18.1962524207256,50.6307195870856,150.599176445359,17.8056642171882,112.808970606076,66.7731912190129,64.5320905486236,17.2189005473486,9.79946834733699,68.3196089146728,39.2387304309246,24.2726771018495,122.426700578815,13.0370367190181,66.4748519937342,67.379571407145,62.3181539711366,11.6211718010405,95.8348562212028,27.5851513098804,94.9675386304102,66.6188481585812,12.5723756422104,24.9894046165054,70.8826552352793,69.9506918418415,65.215147123183,45.754904720655,130.954095560857,70.9968985126126,96.4737671402525,73.8861573011291,127.232394816219,10.4933396209853,70.2139072708074,68.8637206717208,14.6990573178681,12.6438767885855,64.0815883266309,56.5522421300349,86.9187296066299,13.8933609354199,101.852893579565,65.2235800528638,69.8055652720687,12.6176445610172,99.4559953668273,18.9875937717001,104.603232304057,95.3410348064817,63.1692224337591,9.07905562965093,48.6922301850363,15.5528125143061,7.70760986346195,14.8514020835111,16.8043340275029,70.8523556704675,14.4191289593317,8.80422989231595,111.939551466692,14.2672160577762,51.6229906167785,133.829769575547,64.1270888302643,69.6199499210608,128.842736092142,78.1002958915909,87.3007932840461,24.7056838472274,92.4739250708267,65.441196389189,21.5577095489612,9.01255918426348,13.1769491390318,103.600978978192,124.654986944333,93.1098874025044,44.7598338998741,61.8231069004421,117.111598103022,27.2214238530031,39.1062101509079,50.978906466882,76.1441913813055,73.7687655403053,23.13459900297,130.185653781108,9.37078300603132,17.4050808898254,109.910301846563,75.1026179283394,100.842642044101,97.4714951317259,44.8685682931228,70.4547505542257,140.167209873965,10.4933396209853,70.1385144506035,10.4675637620528,90.2609264952105,23.9486127228736,80.8525767320598,55.4751786921626,138.721328395586,35.5502005488775,65.7925976530672,15.5269712932611,63.3014226527569,54.8847860655455,58.555577479784,86.671571658221,88.5262785857431,58.5173042112844,9.89182455307884,83.3551878567641,11.3560035492435,17.7210846581075,79.350304345397
20.7796824153388,12.560410256638,43.208775472233,17.9024302157295,12.4133706171693,97.7790135813434,22.831504678146,13.3243551748111,118.984675428841,9.09048213033055,86.205535545668,14.3735691501148,93.6517453446542,13.4043682503073,89.2678571713586,76.1865920833305,26.4196278453971,50.3673048931685,44.7278175617649,12.0160378474447,16.1653708916963,29.2383659839653,25.909287802524,10.7974694514803,13.2954478843502,16.9420599213632,102.923600521525,24.1677825047813,19.8528679482725,86.8754272414223,7.53067594680677,42.9200624026075,10.443054831497,15.2383717731081,17.1100544462149,76.998358225488,20.7796824153388,14.1971367592424,52.6949784466016,11.7898315777918,60.2403175880005,114.434273936839,27.1048288296408,39.2882307015624,47.2752657717233,14.4283982624691,14.4840720641842,19.4205115797121,74.8229004215981,51.2201016496082,85.793277518089,75.6258376555382,10.3655618302665,42.1413584791922,13.7710415419745,27.4864026191015,45.1160522957468,88.1097621191347,91.603581974226,59.3674864746149,9.26859495879022,14.4224407255086,57.4499375086769,40.72169848905,31.4289408281391,73.0181562157026,64.8502673897698,19.8734574747777,14.6103920984365,65.9179579232723,17.7055978719162,26.4196278453971,20.0434920863712,33.6661897605373,13.068068335769,122.77143481124,34.4926525778736,75.2180628806901,64.8333809145191,53.2564632698966,57.7320422938043,18.815851245918,48.1986274139476,139.494923886149,17.2037982971736,114.988987530904,67.3072622186537,86.0258119346346,17.3969767121626,11.006047504458,68.2691339261104,37.0560927116921,23.393332354224,124.80452418621,9.4810134191486,59.977876905601,75.303022258657,62.1212486508717,13.8695405990031,90.756152157351,28.1209218867896,98.2616518999839,61.2898243914819,11.9447144306089,23.2419437946689,72.0394530703378,68.3136198613863,64.3242958566544,42.7743061352745,133.02898724013,72.8925413755406,98.0023380173229,74.2309778944833,129.703556667262,8.56456346924643,75.9781954726724,69.9875696968836,12.7786690663097,12.3479692590114,60.7958474236627,53.5667848418776,89.6733092976921,12.2440952738677,90.596695859351,69.2483508218753,74.1580172355272,13.4043682503073,102.905798518529,19.9389275955225,91.3332038208396,98.5874831296228,60.0155725733792,10.8124157812601,52.3137617223469,13.7710415419745,6.44779973240941,14.5207402592231,16.7518495153309,62.7353240699882,14.3735691501148,9.01357872524794,113.713168724901,13.1414296357625,47.4161088139236,123.961989442985,60.3871116590872,69.6861204168415,131.332603199457,78.7249643002379,94.9800125316413,24.2672049149563,92.4056047103266,67.60195648036,22.3054759764267,10.5790950007048,12.4813229823828,98.6510738569517,115.938104358508,90.758142060233,40.1908525299422,59.8190792380331,109.372252794094,25.2142842881016,40.3111769661986,42.4258550994753,68.9234498269258,81.4176571693441,22.1914444880823,132.701472577148,9.56875991877909,15.5347844863764,106.233981380169,73.7208940449804,105.638331763655,97.880320281176,46.0465464081673,72.816868680528,138.824761493231,8.56456346924643,68.4970468148373,9.26859495879022,54.95158365482,24.4945866440677,82.9114075700264,56.9563860231951,137.392727913024,29.7395142783208,63.9843040447849,15.5994343858066,55.2146897326236,53.9335883007807,61.4893826843696,77.1329822038571,80.1313456717191,53.2543987225172,11.7898315777918,81.9880192300417,11.3656478190395,16.6760249981558,71.8351176950378
19.1475330914834,10.6152752372774,43.5467048129158,19.2914714157153,12.0110706919207,95.6473247856215,26.0694945235326,13.7391779213613,114.318351419302,10.379704599135,83.652290475394,15.1224408393364,79.0562366270932,14.327721168946,75.3555720052079,88.1804483128537,25.4583393307344,49.8433191839505,51.7692010733071,12.5813712993771,18.525739644319,35.5597874373905,26.2768335694621,12.3907734448319,4.0120101623182,18.1469065656098,112.582239314778,25.6016821944101,20.7853027078521,73.3359993217653,7.91075962393097,45.2225396546416,10.7490556798378,14.7547014048165,16.7164122728026,89.1200086788344,19.1475330914834,16.9558262750093,56.3248445646979,10.7924002874886,55.1439277622752,111.14190201508,27.4571041228234,44.8601320654105,54.7900847745706,14.4300487835666,15.1340539665027,18.8453127234062,81.8444908534693,46.7320961227552,84.9379269511734,79.0195949915934,4.22151272743051,47.437341647869,15.9389806486953,23.2297929066595,54.8702766266344,92.2480359983667,90.8012396476498,63.8214888907691,10.5806339843218,13.9040809001356,60.8119462651453,49.1293285216454,39.3761744071902,71.1119010584603,69.3174442496323,19.2367923641817,17.0838307236748,55.6447256842763,18.2167904982458,25.4583393307344,19.9318719954371,35.9852676905342,12.7480369591892,132.644892661767,45.5658639977457,87.0594460871666,63.5429362180325,51.0697935478624,59.3988707475527,17.969349672444,51.8858925646717,154.122308077475,17.3383466187186,116.620206263492,69.2505445858184,51.2139052151784,17.5721714437131,11.4024016599245,71.9314801362916,38.7995167149947,24.8011901122119,125.143564716496,11.5308366432264,68.4841992025592,60.5678562610116,65.3578034639374,12.173990460249,100.957120149202,28.1973144080608,97.7521519214686,73.2268993085596,6.34074687431694,21.6789822033907,69.9057805949823,74.9443544559707,64.0650909965938,48.1795268425902,128.188675397,70.2542647528341,94.4364845353044,72.2048099194083,130.05590577415,10.9681072764885,62.9310220326792,67.9146701298441,15.4952667610557,13.5465019543176,63.6977221337299,58.8125499938616,80.1735863509098,15.8614745700473,22.2689547453325,68.0040018000187,79.2663535909774,14.327721168946,102.372218010564,19.0582497695544,103.222984397441,94.1521557823062,31.8587402332396,4.90564939777715,38.8200743358558,15.9389806486953,8.65807862581609,14.4412698879095,16.9494247859474,72.6115823043109,15.1224408393364,9.25856439126331,109.575670509528,14.2090759073692,54.3486529726183,136.960596088941,63.7631959261041,73.6729988397277,133.19567032561,80.9978963723127,88.7487329472282,25.4528870447091,97.3627690501681,64.4934656765183,22.189819061333,8.51777548169122,13.703611931494,104.077260071534,108.141561793961,96.2154916858494,50.3836813085673,61.2200193049235,119.63605116871,27.8582444632576,47.1693792660374,45.5123863209138,72.016433266551,75.0439748198825,23.9761128201929,134.583958305198,8.81145650744461,15.6768028509069,108.850488023418,77.8076321371412,98.4672204191604,90.1922673373182,45.8198223510123,75.0538867423269,140.629035331794,10.9681072764885,75.1455854058765,10.5806339843218,21.3045786908776,23.880037085289,82.293448276145,54.8949034774752,139.178389936973,39.9340959088791,68.9488163148865,15.1736407983001,57.1423300383885,20.4335648659943,58.7734725330758,82.7137930663648,83.7272905319934,58.9382347493617,10.7924002874886,86.0279230781235,11.4657013289616,19.3745757625612,89.2858199985716
20.8588344888031,11.3937228616492,46.3690444521168,17.8209345257229,12.2169590868624,95.4245883136081,25.8539351527147,14.3276522603501,117.220897395446,10.2938785164449,83.7287359840318,14.4359691535343,79.0562366270932,13.4992380578865,75.3555720052079,83.2696285330614,25.6734916283992,49.8433191839505,48.8861445513799,13.6899057758501,16.8477784361947,41.307227491302,25.6821408790496,11.3641249002625,4.0120101623182,18.942206335795,106.886496791645,26.527819117982,20.9277321340201,73.3359993217653,10.0097456961259,42.4162808715333,10.7490556798378,16.0255429129538,16.9627403673315,84.1568642429779,20.8588344888031,16.6032682198951,53.0679286947798,10.9926754060371,56.1672364216678,109.176820434341,27.1987614972222,44.4891996012578,56.623336258341,15.7536183373971,15.9855581065423,18.862534481572,77.70382755102,47.9151592489942,85.8121027367276,83.4655625048931,4.32001173835092,46.1024577690245,15.0513296678153,24.9332981572193,63.7388230488642,92.8801574072795,91.4543045881658,70.2251287511275,10.2459368670483,14.952163424267,56.6544426451045,45.3119638811751,39.3761744071902,72.2930980906655,65.3092470502691,19.5163428454839,18.1870004945887,55.6447256842763,18.684673547574,25.6734916283992,24.1103857763184,33.9044632013193,14.0097929569471,126.847684334978,44.9853759714179,82.2110555647486,64.1903233617835,55.4330061359304,60.9244811329109,18.6118178135879,50.4224076259213,150.625138510866,18.462075799846,113.980878201533,71.0291869856183,54.6236394003596,17.5079543497447,11.7777019742826,67.4678133573798,42.2181108352708,24.8011901122119,123.840957672332,13.3945371081146,65.8222899927416,65.22602170369,62.3909357472189,13.0215643454589,93.7198075254557,27.903811338545,97.0392261301652,68.7388729507544,4.50008332650101,23.2479960819094,69.9696638780811,70.074272676635,63.4102336041573,49.4636251649474,129.272017389106,70.8621785981087,95.2345816290383,75.9252345792009,128.70216665556,10.3458160920924,73.7963984948802,67.9767338399056,13.6227893759555,12.6662145354672,61.8469964960898,63.4453808578499,84.7280444030804,14.6948783077716,22.2689547453325,65.0188089047575,74.6828727672628,13.4992380578865,101.625597162858,18.6184280994609,97.1231042810319,97.5184301112491,22.6104256436467,4.8486578853469,47.1220789399528,15.0513296678153,7.72268181867632,14.9156714045392,16.902638070208,68.5678016086525,14.4359691535343,9.06006630490713,110.501711166461,16.3321535009304,51.0513604782097,133.852840732551,61.7209931127879,69.0621564129152,130.181209267057,83.078259691389,87.669817914033,24.9653472785519,91.3209782113217,67.9129262908798,22.0279843190565,9.33680234997566,14.7830841922779,104.791210176922,115.968295065271,94.8744293778809,40.3514448794526,62.3333013397591,113.583443332085,27.2261166036936,42.7043261856141,61.3155609151957,76.0683740890883,71.962888221924,22.9282434443271,131.538077756489,8.81145650744461,21.4334761764227,112.535418992236,81.7361990202507,101.899076276692,98.2531570814095,45.8198223510123,69.9413670493138,139.305863228105,10.3458160920924,70.2624271087739,10.2459368670483,21.3045786908776,23.9749122221993,82.3047600242575,55.3699119623889,137.86886688886,35.6197176936249,63.6930338124819,15.9554777350338,58.5739589299324,20.4335648659943,57.417112575616,82.4971743455306,88.4381323645977,63.394638551638,10.9926754060371,82.9386366571243,11.4087727349131,17.3733671724968,78.9388150194829
20.7578520230757,30.4639197345777,18.3509238927553,17.788998167618,54.6874888859316,85.3278294697522,10.542306482666,15.1032857232159,112.584775066594,48.4034832840976,17.8202173022794,64.5014592874426,79.9336214178155,15.0157146746148,73.1255599442427,65.9108991076855,25.1352185328936,56.533349995074,32.7553706419183,44.7060677127177,18.6509993645543,64.0069816959645,117.624724361707,11.6980620095929,8.44511798959742,61.2965308424855,88.6920992879668,9.39903635453192,19.6383427403475,74.1774498437783,35.7856442630707,17.6656831825179,43.3423732766636,69.6122241647125,66.1304183035185,65.9042106145237,20.7578520230757,15.4907698238961,15.0157146746148,7.47330879530768,36.741054455152,104.872473004366,123.293372666705,50.7238067649341,68.2542194249949,15.134745357868,14.6270978643946,17.8202173022794,20.2252810620089,49.4146990639688,83.8573426765858,73.6043992960687,9.10073878713734,72.950143434182,11.8222174459486,10.7645433766645,74.0690220704706,90.0576371606198,90.5519891353967,57.524026706122,10.2097387097836,40.637476996614,39.2085896569049,42.6412791773331,19.0177393262996,19.56460174377,73.4489213008664,21.0189024060739,59.1003113424631,39.3835373265984,16.4219828103248,25.1352185328936,20.1298023312919,15.0157146746148,46.8447686136591,126.666754692546,9.31729265659451,61.0386206095996,68.5625694883989,14.3598367147597,71.8572111868811,68.4205251615522,12.3975770063677,138.190832241515,18.3509238927553,117.482546956382,74.6574736767503,44.1969363432066,58.2986867820954,53.789414284425,81.2952944608444,42.7314477530419,8.66073669594265,124.867760949561,66.9647439591552,17.739785347897,64.4323133138039,67.5934733405312,59.0603591844116,87.3827829995681,113.654693499669,21.9413466680103,49.4028037309826,63.8817823553488,22.0798508901095,73.5383658983417,68.8168381516995,75.8097000713453,11.0743209032697,129.052627769592,73.391048219863,103.725048132285,70.463304280635,110.02628045239,10.898326758618,83.9386638926935,79.5063872070639,13.9751546299364,52.3322658281539,67.1989255389434,12.411742329795,84.1505101817831,56.4223360170747,103.501569719594,61.1819412007146,83.7151963642399,15.0157146746148,102.199919861835,74.5461248331278,103.038658181676,79.2604990997855,71.7389396925223,8.92214592504564,17.3536102799983,50.1224233155333,35.5290696625045,64.9303909086938,50.8018334427116,11.8222174459486,14.0484549096661,9.13568686086099,104.819182056459,13.4743887782697,14.6362449079907,108.695435859924,71.5079118839053,71.0410034617167,132.982653531285,16.4219828103248,78.6573617471283,95.978744352209,93.3192836537952,85.4651589565613,39.1619668879569,11.5998063900271,22.1530724388013,102.681900042847,108.673772093682,25.2053082076772,10.739453844888,76.0651478760921,101.408062818851,105.088224947722,11.9316977835818,70.9098879802578,68.5932976422056,73.3075896501401,96.3246562352588,133.534022357614,46.2453396094531,69.5570834600525,107.943760363011,73.2237087587414,92.6465764982315,102.404737716117,47.2406084374869,16.2331912743173,139.969382045849,10.898326758618,69.193640787325,42.1094167808082,91.6037136662806,90.9128910296318,17.2655355923252,13.793598529158,139.391441289344,32.689637281,17.788998167618,51.432797107992,15.0049662842387,53.9646118126523,71.2535009558079,83.1609610325721,81.5485906925815,55.7270242592321,31.1936138219722,45.3567084466792,10.6339809797492,66.6595457936896,18.1438823758215
20.7256889916547,38.2664195897568,18.5385165233218,19.3239583183055,56.2535401348319,90.7455398635101,11.1180864128008,14.0036459367173,115.168319765642,51.0470939844148,19.3221330704606,65.9454449198669,77.619822990074,13.3434318706133,71.0088310556277,85.3339482266964,25.9114171911021,59.5628451329633,42.4079346564062,48.4041430857489,18.7070250942339,59.2948248980621,119.758439083768,10.9465560458806,8.31200302563495,53.187543314233,99.4437260992807,11.4700424725234,20.6900486005608,72.0302724260896,39.579713342958,17.5265405953206,47.4431967840628,67.0248522289104,74.2161235743611,85.3252887252042,20.7256889916547,16.2107100466289,13.3434318706133,10.3202307365715,50.7373868613839,104.653480457493,124.781901858965,53.4941445428488,74.0500622642621,15.5431979880944,16.0506928675096,19.3221330704606,22.6770741290173,48.801043140222,90.247047331359,80.7680113821152,7.80264060953758,85.3422446353674,15.3060647801069,13.5215867535272,68.6161037072639,94.8805565897728,90.0972176351357,53.6694276917875,10.0205054079684,45.434098618091,42.5438007651462,43.3481543669858,21.2328591482754,21.1484184635771,65.2689997503095,19.7508370990059,64.143898047054,38.2435218346332,18.2855270339821,25.9114171911021,23.970984731936,13.3434318706133,53.1958758051607,128.516562688176,9.6432691113346,79.0258752565125,77.2546798446225,14.3023907279692,80.0114695600687,77.247537904062,14.3695978071803,152.532490895173,18.5385165233218,119.613682577624,83.1295020201049,57.6838478617553,59.0818680719353,50.9677273043902,80.6549774416055,46.2661830289101,9.17125766326407,129.368503269316,62.0348384221968,18.7608541654991,61.4846681204081,69.1066794823399,57.0279077049054,91.1773037214035,117.751271231045,22.0079501073066,50.5914683663169,58.5568184315216,22.5446832874268,79.7362943206214,70.7840967766377,81.1513664606817,12.4604545612652,133.037891569146,70.507899528737,106.928172985866,80.4410098037348,113.992075409804,10.7749494449359,77.4442699406586,86.2073097935766,14.9023622744505,53.828281978824,64.8059941289229,12.9121998256773,87.1720586824793,62.8091962859362,101.456570266498,64.7571093854193,74.3919316147973,13.3434318706133,102.510149961273,72.3523129712359,110.434073267406,89.4859896799812,65.7590303707794,10.7064687247732,17.6092772529072,64.8928224938378,34.9292686366276,66.8191360522443,47.1950687260145,15.3060647801069,14.3629558104429,8.70966495743633,108.05609477159,15.1829790196392,14.1043485952756,119.976016583175,63.6086214041698,70.1573623195854,135.394961378621,18.2855270339821,88.6493165731905,97.5964424351996,92.5842604775708,80.5429291272122,39.2808438978238,9.99188242021896,23.0463129576774,101.870985619082,110.961608649247,26.6748822831297,11.0772344508436,79.6908734306326,113.701171853812,115.994443734255,13.0146575247725,94.4441438742359,75.2691999077069,74.934659007674,97.7313561993713,135.956332045875,44.9116829375721,76.4622354058159,110.722451792382,72.8997156308537,97.5140569820703,102.24606779241,46.7159819341943,16.0950609776015,141.659241822505,10.7749494449359,71.1716710236122,41.328936084734,92.1756136658345,92.6034348973746,16.3926776048062,13.2517205139249,141.074323548321,32.1377714943937,19.3239583183055,58.7157553656552,17.6116074827233,51.5264082597361,69.156587454964,86.7148530856877,89.4853781057305,61.629495473212,43.076674732401,45.6173015344483,10.5146429896714,68.8533365365784,19.5079603495602
20.7949180774583,41.3288072949541,17.6658200122273,19.6162783877629,57.1801465264123,91.6119612755112,9.71687811571372,14.2568622588304,119.903643189851,44.6136477080132,19.0456324976758,65.095801241333,98.1886857874763,13.2772024316262,89.8258142323853,74.5958041196647,26.2057131474979,56.6110135594037,37.0714592783736,58.57461872257,18.5249921451265,45.4150093063978,118.049330294629,12.3133393006257,8.83212642346941,51.4802944183281,98.4322828335847,11.6740676265234,20.2740926430447,91.1179324299163,37.813031425176,18.1072582467038,45.3791998557869,69.817967002231,71.9194959413931,74.5882343014327,20.7949180774583,16.0064646802139,13.2772024316262,10.8656897913648,53.4190291411457,111.753619440673,125.631252034711,46.7522973943401,71.633580532015,14.4017780330903,15.0332989060579,19.0456324976758,22.4464253509276,47.6169329144961,89.8940717907025,75.6484263438295,8.83212642346941,78.5506913042148,13.3799997996876,14.6036932446149,52.5543501273751,92.97306311173,90.3045833171448,52.1693056970749,9.41835222663744,43.406424641418,42.4060677761504,40.1814987338356,19.8706393891898,20.165450791308,64.945040421208,18.9124169795729,60.6108127939392,48.3778628212988,17.9867716685998,26.2057131474979,22.5301275280643,13.2772024316262,53.3121322509379,129.136153327603,9.4913058481773,69.0815183584302,73.9829624077345,14.5430962322632,78.7042140580111,74.1537607484882,13.9705843059291,151.451854727257,17.6658200122273,117.906639652226,81.7713030081806,72.9974478583647,60.8774259680666,47.5868250107391,83.3273684258688,55.9874394608368,9.1938729983612,126.840054993825,47.5136366303197,18.5463164930105,69.1741615756073,68.2163063346874,59.4819960765128,87.9779188720647,115.449876446712,22.5011631711115,49.9207526241363,53.6501050917585,23.2902415198403,78.5952644472119,67.7072995830226,79.4965463805424,11.471803320763,134.548905546015,69.9827011863172,108.142638744433,76.2834150223431,111.764152389858,10.505711989547,75.1297095584458,84.9736794045695,14.5122303338844,51.4885091418238,62.025121418503,15.0519834772147,89.0005016210855,54.877646187244,103.362029754612,63.1497040906509,74.0226910817926,13.2772024316262,104.807471833004,83.4990884297531,106.795399157795,85.9020604295801,60.248814478372,9.62001715364242,18.7966705589986,56.7269225919642,32.6831821227516,63.2836767201554,48.4251723178961,13.3799997996876,14.1779029288643,8.20147258501369,109.2833712081,14.9366847435002,12.4239195418666,119.126030970002,63.2957215741329,70.4079492342305,133.462699065687,17.9867716685998,94.336490622135,97.7879059883307,95.6519117352266,86.4613503945281,40.1611542071995,8.88511168719181,26.8655013501144,101.291130884497,114.631136393574,26.2856317301512,12.3703749692723,79.8078647608403,112.544715945689,115.172666089106,12.2591862025764,88.9445703625797,70.4981641585642,86.6657370482305,98.2025284141663,134.016058242906,46.1452704465962,74.4541947343265,115.631994959469,72.5465230152225,98.1702999213165,102.58759572922,47.3596701765758,17.2785734260366,142.623470610058,10.505711989547,68.0780270040897,38.8453936553616,86.1565772636979,92.2925230473404,15.2350396751684,13.1530112672356,142.034570985762,30.0711889990507,19.6162783877629,55.6810306812022,19.5936979699662,52.9161039407389,79.8110215729757,85.7757739760959,83.8132314841178,51.8159971862545,45.3534224992805,45.7754923503472,11.1031824294933,67.4928055982431,17.986618457057
20.6928901291614,40.9937066069949,17.8056642171882,18.4083800828901,58.9421447225015,91.5733856333629,10.4001559991397,13.8606682061505,114.987917888601,47.7508197930009,19.108660159502,66.2033558502432,81.6885597203453,12.6176445610172,74.7310276281013,86.7096093569551,26.0075532508056,56.1256098394675,43.0915892690626,53.9448174327987,18.302389173732,52.8315243085476,116.703488937062,11.3553926242446,7.06936369174073,50.0679879776877,98.3006063911997,11.1065369475098,20.1186009765967,75.8060117130622,38.2093131339174,17.1014803787079,41.9470054572246,65.0470483725381,73.2456276480666,86.7008102563951,20.6928901291614,15.9279238314514,12.6176445610172,9.89182455307884,48.6312120266825,107.29823457688,125.651344458962,50.0398564671712,71.625895901401,14.9108597736489,16.001490900489,19.108660159502,22.4163979518936,49.5270493482151,91.4232241431299,80.5204242489524,9.07905562965093,78.1552581982763,15.5528125143061,14.4852841258109,61.1367578401705,92.2600084378393,90.9886872618366,57.3899435566682,10.4675637620528,44.3994102224995,42.3219709359922,45.682662326199,21.6707492866572,20.1579127465198,61.7188327326973,19.5487817187751,64.421285923587,40.2482007425381,17.5651071426399,26.0075532508056,23.7532786588069,12.6176445610172,48.9509035382818,128.97937529512,11.9709065133679,80.299844493073,71.9285195506393,13.3559663438228,76.8591483773394,77.1462943189614,13.9362040345785,151.76412795196,17.8056642171882,116.562425063464,79.8543354525044,64.6461712413313,58.9394489716426,41.5466136550143,78.6989027675556,51.5621316213699,9.66429241349343,126.500162489885,55.2728687488919,18.5992708162584,64.9820486972444,69.3769539193714,53.3569381556287,94.4431971333513,115.140506133154,21.5577095489612,49.78702146472,57.7242537237672,24.9894046165054,78.8553595503452,70.4917915063439,80.7378639458899,11.1164197788341,133.531486288123,71.4158497246962,107.324895910989,72.8132246925884,111.464658688059,10.4933396209853,73.9640310333044,85.2548825796436,14.6990573178681,53.6059963069037,66.2137531894858,13.1769491390318,89.2018905554288,58.9034097253265,101.548360066145,62.8594703737043,70.3455423181074,12.6176445610172,100.412988393312,80.5013287160172,110.190089414636,89.3687059107208,64.8240641385056,9.07905562965093,18.5731172664454,65.9389540205356,33.8497353574262,66.782537631062,47.9011461626239,15.5528125143061,14.4191289593317,8.80422989231595,108.457002491213,14.2672160577762,13.8373468499636,119.371652721575,66.2607676158795,68.6089687413137,131.94113499034,17.5651071426399,91.0633908436457,98.1911896201977,90.3388723703466,81.0177181774442,38.477232975289,9.01255918426348,23.5188502180415,104.402378556826,122.994166743552,26.0515963485521,12.5023519923436,76.5384395163881,112.394160788597,115.410136537402,11.4849515680694,88.080130031288,75.0384688905417,78.8950639111139,98.0833054174075,132.488185502661,42.1377500396147,70.8017663501903,110.10460274808,72.1691955567903,97.2544250314666,102.084261122468,46.0471653966355,16.2093463680322,142.646280629326,10.4933396209853,70.8777652526385,43.1727997812105,92.3038859613942,91.9420867912294,16.6608496339395,13.422366672977,142.057286821291,31.14451296933,18.4083800828901,53.1480584202712,17.7113640370954,55.9650083989323,76.9456697507835,87.3420147533685,89.2110686625975,59.5522719307903,41.28850600917,45.2357062992708,11.3560035492435,68.0337321632942,17.8462396552592
20.7796824153388,35.5462667112362,17.2037982971736,17.9024302157295,56.9942050305029,94.2998076333506,9.09048213033055,13.3243551748111,117.046527019367,41.7376406731605,19.4205115797121,65.9941745418184,94.5989809850174,13.4043682503073,86.5418497496271,76.7759292053861,26.4196278453971,58.0192377184405,38.1549038405829,50.9441598683749,16.1653708916963,38.4210309228263,118.958766861348,10.7974694514803,13.2954478843502,47.9464418993999,91.8043895411038,9.62252808505083,19.8528679482725,87.7867290737399,31.9276590355143,17.0888456894843,43.5893428811522,63.6050104960779,72.5411620811375,76.7681381528526,20.7796824153388,14.1971367592424,13.4043682503073,11.7898315777918,57.9623906734186,112.772524719849,124.447921461117,43.7384228714215,58.5278749532457,14.4283982624691,14.4840720641842,19.4205115797121,20.9350054413121,53.1679015212618,90.375495218098,72.8846852279791,10.3655618302665,72.8108269045299,13.7710415419745,12.560410256638,44.4609027326229,91.0414082248359,92.3121763593329,48.225306072818,9.26859495879022,41.1115037396711,40.6216449078824,36.8239445541915,18.1200693655622,20.4300486759674,65.567068237457,19.8734574747777,57.350777981034,46.6092043948259,17.7055978719162,26.4196278453971,20.0434920863712,13.4043682503073,50.1701491866965,123.721126378795,9.63451483405538,71.1004838070946,74.6302026995539,14.8756371875061,77.4738897347022,79.7731952996011,13.2667659339121,140.573979068123,17.2037982971736,118.81497694894,80.4930331690907,86.1778895154601,59.5489949179855,46.6621236304838,78.6407594865829,48.6940099435049,9.31417673660855,128.957102612306,40.1964665450873,16.7814555744575,72.623564639398,69.1577450619199,63.6799999739894,89.4382431114326,117.376814163645,22.3054759764267,45.8044215247299,54.8424375847861,23.2419437946689,80.1422711214174,68.8420560471429,79.6349694263521,10.3922660455987,135.647215228356,73.3226787364805,109.025396628823,73.1530379980794,113.629572841308,8.56456346924643,80.0361897838959,86.6462337256884,12.7786690663097,52.3514429604287,62.818686948543,12.4813229823828,92.0288269043649,51.9110504639578,90.3258176434781,66.738358326659,74.7316624303028,13.4043682503073,103.895986502711,84.5346800606376,96.2113089038182,92.4117910422599,61.587798233317,10.8124157812601,19.9545107592263,58.3848145932373,28.3169904089709,65.2956453094149,47.7515378363012,13.7710415419745,14.3735691501148,9.01357872524794,110.17544078109,13.1414296357625,12.7097081376883,110.569924773802,62.396351458084,68.674178346919,134.490878205039,17.7055978719162,99.0735785797703,96.4484826281816,90.2721294012038,83.692789260718,39.8118823254596,10.5790950007048,22.2772633216089,99.4141837213615,114.393422108091,25.3935918972462,11.2261405242418,74.0574068132685,104.966568345661,106.900506310644,11.8388336103676,73.3023733311736,67.9225828240441,87.0754880988074,94.0846317283733,135.048500388825,43.0279959942603,63.1936265316615,106.421783233199,70.8414402282241,101.879472896641,102.51243361796,47.2560863664936,16.7527929145071,141.280089002763,8.56456346924643,69.2189967619032,38.2277293461182,56.1953539369183,94.0381573331456,17.085101678828,13.780748716704,140.696736270016,26.0539370760873,17.9024302157295,53.3960960190518,15.4487439471027,54.9950895068274,80.8008722114392,77.7296400737598,80.7511972145334,54.1962839365131,49.2107931488986,44.4937628156058,11.3656478190395,64.0216013952554,16.1560404414978
19.1475330914834,30.0414872673467,17.3383466187186,19.2914714157153,55.1471028106058,92.2439693096849,10.379704599135,13.7391779213613,112.456213037376,47.6569201326281,18.8453127234062,69.4325111478329,79.8558467641021,14.327721168946,73.0544094696191,88.8625632389739,25.4583393307344,57.4156467284388,44.1615307102386,53.3409930108662,18.525739644319,46.7277717739213,120.646300364134,12.3907734448319,4.0120101623182,51.356187225186,100.419570449268,10.1934426913814,20.7853027078521,74.1052758902827,33.5390923429495,18.0055889620003,44.8665913602104,61.5861688960769,70.872245083051,88.8535456613865,19.1475330914834,16.9558262750093,14.327721168946,10.7924002874886,53.058715694096,109.527962744139,126.065342780921,49.9414555277163,67.8313950861351,14.4300487835666,15.1340539665027,18.8453127234062,22.8996049565623,48.5092259584728,89.4744603898882,76.1554316136943,4.22151272743051,81.9610994087783,15.9389806486953,10.6152752372774,54.0734817846395,95.3173734813976,91.5036275585633,51.8433745227928,10.5806339843218,39.633906964971,42.9988507292434,44.4268224703889,22.7019744480205,19.8966897462208,70.0836215500127,19.2367923641817,67.0598691874868,39.3452175191975,18.2167904982458,25.4583393307344,19.9318719954371,14.327721168946,48.9415037974249,133.670959810317,12.7274929529324,82.2936472931199,73.144761898644,14.2648548817222,79.7107010218412,76.184299189636,14.2816928377594,155.314512571773,17.3383466187186,120.500470666841,82.8170125864819,51.3044418417396,60.1486778601065,48.3425385656673,82.8594989213498,50.9849774886551,9.87472261264476,129.307423922683,48.8870618440639,19.1614742929108,58.4127103044084,72.7609056149039,55.895125484382,99.4910784679306,117.695676781621,22.189819061333,54.7254914854083,29.1126269042105,21.6789822033907,77.7686084863431,75.5240823183364,79.3140678007503,11.7054958019847,130.711638133627,70.6688336986453,105.058464838598,71.1562928779782,113.938255806798,10.9681072764885,66.2921670009083,84.0799360080584,15.4952667610557,57.4328385096395,65.8171147474893,13.703611931494,82.279567447389,67.247582481316,22.2023720220493,65.5391122808187,79.8795140359288,14.327721168946,103.357271735888,80.8008875636213,108.736122487474,88.2543003445276,32.6933424329728,4.90564939777715,14.807491671506,67.5761834820403,38.0239367818788,64.9382896178134,48.3147307542965,15.9389806486953,15.1224408393364,9.25856439126331,106.16666418361,14.2090759073692,14.5679503071253,122.164244657388,65.8847670270574,72.6031615967111,136.39874820721,18.2167904982458,92.5737356011941,101.160901824985,95.1148419417689,79.844405585012,39.6054523215133,8.51777548169122,24.4588632059221,104.882343895928,106.700755495119,26.920526077339,14.073209471663,75.7918030924534,114.816924958535,118.110052382222,13.8529925113124,78.635207834137,70.9706517233647,80.2588893306585,101.651055035071,136.964280746339,39.622617614415,63.7713400813182,109.042915371885,74.7685550039561,94.963526462587,94.460549288254,47.0234067746019,17.2674580053633,143.11627417431,10.9681072764885,75.9376100832711,43.6391507085327,21.7867850275463,91.6788152900562,16.9577621765957,13.2819675451798,142.525339738825,34.9851181920217,19.2914714157153,51.938625528745,15.9880863150502,20.8357308340386,77.2319973993616,83.3536209865679,84.3749583051584,59.9806472670336,45.0475118854233,46.6861626967405,11.4657013289616,74.3817166746898,20.0807817267467
20.8588344888031,32.2445129895381,18.462075799846,17.8209345257229,56.0924097507274,92.0291583221889,10.2938785164449,14.3276522603501,115.311479270589,47.2628620234601,18.862534481572,66.2806751787911,79.8558467641021,13.4992380578865,73.0544094696191,83.91375608743,25.6734916283992,57.4156467284388,41.7021497174326,58.0408248777451,16.8477784361947,54.2802653763178,117.915854446356,11.3641249002625,4.0120101623182,53.6069049301629,95.3391597109145,10.5621889160675,20.9277321340201,74.1052758902827,42.4381224043547,16.8882624572191,44.8665913602104,66.8906652469647,71.9165974716734,83.9052407039143,20.8588344888031,16.6032682198951,13.4992380578865,10.9926754060371,54.0433289675661,107.591416956618,124.879199788359,49.5285074085433,70.1010029211934,15.7536183373971,15.9855581065423,18.862534481572,21.7410718299529,49.7372786519175,90.3953258913893,80.4402495117336,4.32001173835092,79.6547191081009,15.0513296678153,11.3937228616492,62.8132442371199,95.9705272506551,92.1617442464017,57.0451694880879,10.2459368670483,42.6214906500334,40.0591671877072,40.9748440638003,22.7019744480205,20.2271816966416,66.0311210768799,19.5163428454839,71.3901872365033,39.3452175191975,18.684673547574,25.6734916283992,24.1103857763184,13.4992380578865,53.7855622319417,127.828907502745,12.5653505810745,77.710666840985,73.8899742118337,15.4835908519109,81.7580038034031,78.9081587603457,13.8788657621363,151.790290845572,18.462075799846,117.773325141205,84.9440983861977,54.7202038006143,59.9288659085449,49.9336919438483,77.7177001991251,55.477222728343,9.87472261264476,127.961475677993,56.7885561332333,18.4166878240916,62.905127328062,69.4579797136812,59.7866390210305,92.3588619676782,116.470594069692,22.0279843190565,51.3714037041489,20.6614850772442,23.2479960819094,77.8396772018321,70.6163282937733,78.5033391681118,12.0174749455491,131.81630206754,71.2803348307965,105.946329903381,74.8226916541558,112.75228371986,10.3458160920924,77.7378630613652,84.1567723198658,13.6227893759555,53.7007012140191,63.9048105460463,14.7830841922779,86.9536609430908,62.3015872005289,22.2023720220493,62.662121410226,75.2605779526498,13.4992380578865,102.603466696399,78.9361842596463,102.31044786308,91.4097053716362,23.2027500996967,4.8486578853469,17.9742002915981,63.8128270369801,33.9159273033554,67.0715385163623,48.181364129625,15.0513296678153,14.4359691535343,9.06006630490713,107.063894809605,16.3321535009304,13.6841235592792,119.39223141756,63.7746146950873,68.0592751921533,133.311795651613,18.684673547574,91.4483201535329,99.2232056283468,89.2125449314405,84.0777770949952,39.3166019189265,9.33680234997566,26.3855570216177,105.601816722426,114.423210573941,26.5453047673355,11.2709973055549,77.1700720595106,109.008125579148,115.430032300417,12.5416683461829,105.939553290738,74.9637525737722,76.9636935620808,97.2084238047914,133.864529157468,39.622617614415,87.1887917052173,112.734360610951,78.5436765571832,98.273268863715,102.902914642383,47.0234067746019,16.0912335227622,141.769699755134,10.3458160920924,71.002983934078,42.2587137740302,21.7867850275463,92.0430542617694,16.9600931268513,13.3968971084114,141.184325394481,31.2054149497056,17.8209345257229,54.6148148771908,16.3886476200188,20.8357308340386,75.449656077804,83.1353266237338,89.1222405912883,64.5158693631907,45.8834608442129,45.0096497308675,11.4087727349131,66.6987959141348,17.7536938586624
20.718002017616,7.62491270901319,63.9220609261414,77.5121963690426,64.6180239085158,78.5628158734663,37.6442106622124,64.4929909680612,90.0243658386968,51.8779457875598,96.0773333682589,65.9207722731164,70.0064139706532,50.2582469921202,67.0788157879059,93.4949142236476,103.56813221688,12.7213375391022,72.0958973542663,62.1936540797703,68.2954034854922,74.9174031397934,124.253895125504,41.0183631214913,29.2378684799031,19.4813130604744,100.379693719252,34.6774001633429,83.0196801017884,58.6645638254457,45.3405082115005,58.7782131211712,49.5040173004148,75.1438373356933,88.7339766799992,94.7774319697899,98.0293273491378,16.7186993473329,74.8130752567349,36.2045087898449,45.9236835277197,112.292364537224,126.582401553514,48.7483674223686,80.9570789616803,62.6997204295164,62.178365116378,82.7381559209232,103.243509079927,43.3951263105586,78.1925253046341,86.3000855315062,8.15324803151877,90.1475170141416,73.45456464832,29.3919393333584,71.2460522936714,101.546437113839,91.2162289820354,65.9588654642916,11.2384586638826,15.8889397615933,14.4444311437114,55.6012431399196,42.7349923912497,93.408812261037,76.4621331103859,20.5790659160599,19.5264581616695,12.8595677175483,19.0221259558812,25.0415242827525,97.9502688904134,54.4463485161163,59.1246815941698,125.093753670927,15.6824710843454,93.2868411249227,76.5169730617505,15.8974694385009,81.6977188965762,94.0437051248698,26.4701472785938,146.124904311944,59.0050722193138,127.259164306604,19.0221259558812,41.0306066251412,71.4792845322524,73.5712859777885,17.1556300455442,60.6740160673916,35.0111774954136,136.857618787363,76.7937802280262,86.4972518925352,53.7495949189848,61.9440492246084,64.1561846760011,93.0680860273881,129.59876410875,82.1066071994189,25.8284908362399,69.6952231749057,20.222837984473,20.005087436213,73.1644836919615,85.0868899762026,12.9672301423711,136.462785008366,73.7400353578994,25.0415242827525,83.9158871000572,128.483270133895,42.8314669300169,61.1934833677718,99.5879664337012,66.7624382887546,68.5967709362793,69.7945712453075,21.8086473158638,78.3785680532712,78.6951634851336,102.516268644435,67.1008265635296,85.4302202073288,27.0114652939368,104.433689084244,89.608348303106,96.9076168401355,85.9597742357943,75.5623612052215,9.55210257596023,65.6337253935787,87.6579576739537,39.0496093980467,63.0742073796216,16.5988811795352,81.2607293810074,58.9673049678176,38.2506327057469,104.941753894477,24.3858478638946,66.5646098886257,119.195232473783,74.555399226498,71.5249190247322,129.511923413917,19.0221259558812,83.6689823259192,25.8149892477426,87.3927178449569,89.0545593716426,90.2864114308692,9.90352435776046,59.6402506229279,103.990795133546,98.7486113120466,120.980509075111,16.6507054002735,90.997566041936,116.753998231872,137.002218608883,12.5674229819288,84.0244331002675,82.0919274392678,15.0006144973843,117.28405823585,133.82607240277,36.8313264191397,82.0060518094557,112.174848961972,19.2894568940088,84.5983142804912,99.0176837547163,44.0820672130179,75.1746029868168,136.333960541894,9.05687885200437,73.6726493062171,47.905592221096,96.7593532806017,107.130856034978,72.2895446969104,47.0354357398679,131.938964802589,38.1228763326815,84.5295720063232,74.8063849686657,95.2168409226472,61.4786705137999,87.4188604152708,88.7661710616999,94.3761666884421,81.2485583513048,41.0372841538998,86.5864883884793,34.6910509754703,80.0031701808104,19.534909397126
20.4867036720746,8.29588904980299,63.5797295737647,74.1624411953821,61.8557584825149,76.4136900818327,35.2929354200613,62.9008979849546,89.6094948950202,48.6376247023738,90.0573785326833,69.3102222286279,72.7334581588445,47.0604745967077,69.6918177168699,88.7370104272276,103.944264103143,12.7802172369709,68.4269775357227,56.0830096863935,69.7921141242827,77.0405020357136,121.61802432251,36.8193717646215,32.4855311261826,20.6588945878654,91.9136341107122,42.0443677670296,82.750456652647,60.9497952600972,48.5974361143305,62.0477761876273,51.3533623381516,71.9675635611951,82.8384213565667,89.9542615639075,96.9349157735855,16.6364602905747,70.0529572424832,36.6038305075906,46.4302039806818,99.1399384928194,126.566041077588,45.7035212853619,77.2715945832421,63.7964564145758,58.507546347644,77.5539991134725,94.5359142499398,45.3733850327907,79.0090598561968,81.2051948389082,8.85197449094688,90.7649856236467,69.7165030124901,31.9783684054317,73.265108062077,101.217133483492,84.5277666540091,74.2365474538862,11.251140441031,16.1534645014726,15.5843783475019,55.4037325837477,44.5489035111769,91.5245780951791,71.5970907902055,19.9003845057128,16.7381445834736,13.3605019522528,17.8040119497454,25.1324684328666,95.2091033015417,50.9821005421839,54.0990166100537,122.653712635579,11.2464178795151,88.5395260519063,70.0069012806568,13.7805538483897,76.4660672984282,87.0829580864513,23.3715698100025,139.811225466049,58.6890735503525,124.559540964652,17.8040119497454,46.7398062745465,71.1344584397302,59.7847100642481,18.1099192523811,54.7126789890087,31.4130762116788,133.802492947139,78.9700541401296,82.6987168994701,53.0052063957451,65.1290279141583,60.2382324856169,94.6613291423764,126.705680504066,83.0515799965419,24.5364702694666,67.6308065754276,19.9907834848594,18.7516208939419,65.1766573294626,85.8023484514456,11.9295525952855,136.958381516974,70.8947276436126,25.1324684328666,74.8303786625944,125.615088134963,55.9285016467608,66.378953623262,93.3480444970692,58.8617288197686,61.1076304733458,69.8396679405947,20.4904224295797,79.0866884796914,69.6849075292083,100.471472221215,60.9435181415184,79.99456703073,25.2928116749569,105.635626402737,86.3909343614867,93.5670578859787,79.5973681274806,73.3241562657474,8.56827795148974,66.5412426743669,83.1970933256997,39.4897215555284,63.2878038585881,17.3378711401853,77.1254163959941,61.9992283253251,39.8451536974406,105.322874409013,24.4423169070532,61.2839642714921,114.045115035932,73.1471297962069,68.9056186172526,126.764510970858,17.8040119497454,89.1149038272308,24.5242589720998,92.2539748885157,90.5025277730776,91.3255263774265,11.9484920041394,56.035292394355,99.858511625853,97.6154835283427,116.880474880139,11.6419134017547,88.2861670366732,106.906923869094,131.082707396577,12.6494525195152,87.775708565008,77.2454734123472,16.3226710648968,114.996350764537,130.987141385199,39.6034930604401,80.3001790518082,106.521334105928,18.2272237972085,84.5580666512442,97.9122380456013,44.1401520685928,75.0550785543463,136.316339700039,11.8262973485471,65.6293433109069,47.9596501718239,94.1122585401642,108.03231635405,64.8700600054808,45.2205425477785,131.921912003535,38.5525436612623,80.8765550048777,66.707155307916,66.8976641551341,62.2269182705098,84.2800606763316,75.7690826221539,88.8044890904114,58.9166124950478,41.4899095132184,90.3350656081349,32.7803648794629,79.9299777295144,18.7314015811158
21.0623576828356,12.752435930027,61.9283254590763,78.7539758575898,63.1381447681168,80.6480522419349,36.4717208194268,62.0367084009127,95.5122153095469,50.2621232366156,92.5666291392139,70.4097588196754,70.2311399508326,47.1834723645214,67.2941439524585,97.130572576707,106.295773370363,12.9921422750499,74.8994300770233,68.6320623814086,67.7714065206643,64.5712264190351,121.215074648401,37.1911366700413,29.2378684799031,18.7448748926392,98.4989945948737,38.6441591368669,81.1912341912248,58.8528815932004,41.8209262285886,61.1246290720603,51.5607625763264,74.5642760534706,87.1136217222031,98.4629625153148,99.658681096745,16.7054900682357,70.2360484127999,45.3508737108457,57.5254088956632,99.7316318489146,126.083341635038,47.2300206527155,82.7847580908271,64.3363706338212,57.1922294083717,79.714870576589,101.309153933682,43.7268299952194,78.5275713580538,79.3796086539421,8.41871559422265,89.215842116347,76.3109307271763,49.1571297288205,61.4068932092159,99.3099533373967,87.8606864812418,65.9502112214478,10.7625210492362,17.162577917833,15.2985217402716,59.7783804661382,40.160317584094,92.5482258220624,71.7842177247427,18.7584199695412,17.8256935491614,12.9008479202626,18.9681014687676,25.701034990511,99.7314667074432,51.1153479141851,60.4789854679549,125.465838317612,10.0450337846268,96.9144083138187,77.6372685291971,14.4282311281932,81.4656902909421,89.6941860631297,24.2323549123596,146.32254277346,57.164698121296,124.146845340641,18.9681014687676,62.4152366920983,75.5173832963316,55.1084528624807,17.8404797857606,66.9551084798263,30.7932595544307,131.996633621827,66.1884737438748,84.5891416859178,54.9733088752122,66.1622340853166,59.9925822137073,91.5385120650784,124.995602988555,83.9287846175075,25.1499653063699,58.9921677573694,21.8681419473739,19.274093531589,61.0564628149229,86.9777860332128,11.5941676408147,140.05676223225,64.8991395366144,25.701034990511,76.0827108085697,123.919729750288,53.4645121003296,66.0427656648669,95.9489822668458,59.3316664067649,57.2446627454966,70.8161041500181,21.2101148253033,79.2372788531956,67.6115862579507,102.623134626089,55.9903659647176,80.2036417004251,25.3589172424084,106.751367483436,93.36295948595,97.591819894225,81.9841367799431,63.9582927681384,8.67997105848539,72.2191135092012,91.0666391907589,35.4938205586788,61.3815877734963,17.4870130912345,84.4206472439518,62.9827833907747,37.2312366008614,107.705571687791,27.6642362970885,63.708630608537,119.356447719583,65.836516485668,72.917994642995,126.344509752545,18.9681014687676,88.5597177268963,24.6505455587483,90.8814198019257,88.9126431767616,92.2901217981726,9.42001615175169,58.0034399016582,96.6228412986631,106.782670708034,122.671069775858,12.0525508828726,90.0342861716402,114.566512555173,137.187518355272,13.6739403853788,100.738696003097,75.5089063196569,15.0839208977277,117.632913363224,130.553149579892,38.6813970833954,85.6836631474416,105.746983215477,17.7452687357752,88.3344924156584,100.663465057801,44.492275202574,78.8037199034924,135.796454424151,11.305277257148,61.4805318900394,45.8768377475663,96.2406167425699,108.642625668662,63.1931179356228,41.3962278758271,131.4187862611,34.6514741783969,85.8837729399848,67.8235403436693,76.005518245096,61.0244533982076,91.0817315329977,80.2881058792436,86.8080620297038,55.1688507471365,51.4045557668667,90.496336692713,36.0822509170329,81.4576791979518,18.9163727494874
20.9176859800251,9.75881138241271,63.6686100372585,80.8224388335638,68.3467736960753,77.7705927871807,39.8090676482819,62.5109179447496,90.0183259744932,54.8613616006549,88.4650397057919,70.9231807937093,72.2786073548449,43.3198165216927,69.2559883183627,85.9663875238761,104.383584725608,12.6787342559972,66.2904918658221,69.5655779792857,69.2733321548713,85.0418118299123,120.695071437576,37.9926875345931,52.7665508883713,20.6447524376144,90.9285872038243,38.8115972022623,78.1716560732695,60.5686355561666,43.3776689438053,60.4536114407371,48.4747157215724,76.6012625666514,83.4698966064422,87.1456326035323,98.9741522652047,18.8982484324191,64.4847142013025,39.2796964997046,49.8244116938078,93.045221079519,129.106058530102,51.551806302274,83.5356676548817,61.478939365816,64.023527262802,76.1827373026008,93.522764124578,42.9779386888822,76.6476886601677,88.8610671648742,11.6180411764044,88.7531498412004,67.5397546742487,37.6175312510146,80.8743111594085,95.6165230677386,79.9412659731026,70.6150698235288,12.1331525439801,15.8694628818292,13.5385943874721,60.0081316277092,45.527655726851,91.7352670000645,65.906110448271,19.6002702416096,16.1192631258127,13.2769498263309,18.7080014299821,25.2386908566942,95.5773011746556,46.9297273413473,57.6431502457753,125.043627262428,11.0814099509589,85.7750691747786,66.76101139696,12.0336183498931,80.3485922387597,86.1049399774185,26.7373289230323,143.562949214728,58.7711171842929,123.614265062336,18.7080014299821,45.095154397164,71.1393583618448,63.4020124295031,17.6446294931821,67.865814583573,33.8325961136259,135.209875588915,87.1717642918483,84.416222223975,52.1483124135494,66.644683470175,58.5069619484705,91.1807333738704,128.03841632556,78.2465916890976,26.1107190067292,76.650078717328,19.6625258958527,18.4200663394671,62.5361314918126,88.9365120348054,12.2030340501759,137.53723636711,67.0316526248058,25.2386908566942,78.2574976648138,126.936352714511,57.5609996278857,64.3315909984439,91.697522151328,67.5904607396828,58.6319546140148,70.138014317232,20.2824754582638,79.2753013766747,73.3750710065581,90.7015437648361,58.5842936191855,73.6361032522587,23.2823823063083,99.5240274453682,93.3009351448368,95.7018738568804,78.7034197686898,83.1026958606943,11.0232718024131,60.1451362784532,80.5994424565678,41.5440738292496,64.8726026235531,17.3601996923379,74.717340621653,63.4420484915324,38.7460415513953,105.768021730459,26.7885147599575,69.1766542997223,117.10542557305,71.2764722447656,72.4051499386811,125.802501665415,18.7080014299821,82.0092641461553,25.3905516234062,89.8837362826541,90.6218565602996,86.0418450021534,9.23688091486236,55.4666184502111,97.7071155811764,96.0125937117925,115.177717104836,12.7693831450348,78.3781901358115,105.761192490926,134.600208260629,13.9265337866953,95.0352240016885,84.5280306844145,15.5263556460216,117.237061256057,129.993086756338,35.9445570661596,79.2824415425708,103.311321366692,18.5914925020201,85.1506669498575,99.9720346339128,42.7907577195314,75.1957897587918,139.052033089458,12.171495342007,62.9704776399588,51.7193572100979,61.8047696063395,107.242245963822,62.6891185388188,42.7564615919791,134.569414888235,40.5581416398878,88.1394991129028,69.7622428756345,68.1060052356066,69.4362277314952,91.0212226929086,77.6916592785492,97.1768085189596,70.0021341868941,44.5229646974097,88.1708132391211,31.3024782630871,84.6888522927673,18.0399126663637
21.5795370786782,10.6152752372774,65.2007206936648,74.2912473712616,57.0282415609714,75.7904328337089,35.4314306283674,65.345777350571,89.6862254416424,48.8284866378999,96.9010104461261,66.6413423299124,72.2663646308325,43.3490540701782,69.2442575728183,76.5765316133365,109.482036419427,12.4624456100927,59.0497762234906,57.6721012460158,63.4360729166955,80.2927525399429,121.200627179255,35.8498335901417,16.5930953026142,19.7684705950617,90.4340820552781,35.7606679555335,81.0223809228154,60.5583762952863,45.0369741608902,54.9313335994407,45.2667991615919,74.516876195574,85.5056706662392,77.6269712179679,102.1057678501,19.3647068366796,64.5282364299134,35.0977045980751,44.5197554776243,101.130648993707,127.350895174159,45.8828693227355,74.7467922998394,59.6806002477172,61.3159643068869,83.4474753837756,93.0141508293752,51.3497716468905,79.8286982974204,85.1031215476154,3.98276934679902,83.4528498088674,60.1625857261148,40.9189636246128,76.3579810099564,99.1034186003201,85.3603602448751,70.5004702817399,10.2459368670483,16.6369897501978,15.3561767102268,52.508075492132,39.0040877700938,95.3127523595929,65.9505920101623,20.9102266840755,14.123011286205,13.2747009446991,17.1386585815038,26.4714349369662,107.682883524197,46.9614013023363,55.8541430657868,115.945390183235,10.0332645295787,76.4061104053522,70.9416835008211,13.8438113457811,73.6084554535919,84.5105908762737,21.2478137532545,131.679002943333,60.1853754015567,124.132048437509,17.1386585815038,50.6156367948729,68.6692817804444,58.2352162067617,16.0328391609601,56.2629427297018,30.5098967529384,133.593163996131,82.3037603285601,79.5466409558774,56.0973482667333,62.6211503192834,60.5228340755643,84.170204846576,126.507454248319,80.3968322842537,22.6943429638489,21.1092399132159,20.3833344575731,20.1765923207083,68.6865737734294,89.4171601654769,11.7054958019847,144.255025927243,72.8886663365294,26.4714349369662,89.4503385369228,125.418568069822,48.9270627391052,72.0082179399832,100.44174039169,61.3573293211231,64.3984202413152,70.4626062837719,18.0463931232107,85.3626745253426,64.1415615503448,21.7047395873261,60.7068620134462,73.6858019655035,23.2980961258994,102.258978570866,85.3626938429651,92.6135887932108,77.2461197973045,22.886274531142,6.02294922516454,73.241627913338,71.7958021858074,35.912870200987,60.9651119540672,17.0624364912396,66.5561850506902,59.6118677182921,37.4911151646632,110.934094067992,24.6454925340884,58.3606124080228,107.411597233556,75.8469262017876,73.0889278330082,126.329450912613,17.1386585815038,74.7022568701106,23.9736507806897,81.6730942161629,91.8241409336134,88.4063015747908,12.2675757453588,49.3515894461397,93.6170425101171,99.5323195062818,110.713203523138,9.67788763490475,82.3705465668993,105.186021845352,123.458185532359,11.0506227053603,103.993429566565,80.9533297205308,14.5940022922614,108.706833837614,130.537589117582,41.3981133221165,82.3776041185456,102.101419051781,16.3264686263004,86.188786815718,103.135223957064,44.0386258842595,75.6506365688636,137.161656790882,10.3458160920924,69.1636379607425,43.6748212682695,21.8029075715878,110.996392101681,68.1525031070745,46.4923859203065,132.73997862063,35.0605788515864,81.0170223303942,79.7400431719438,73.5006064334222,22.1145456548243,83.2769441580144,88.1783563853609,93.0671891623132,72.8015167227487,39.7827376999199,86.5901823155145,32.1906018638244,77.4029938508895,16.4364512697123
20.8935886816948,8.83014027555152,62.4156885599668,75.8355264252216,60.3053651810758,77.9965937063275,36.5195965604003,60.5404919444167,92.5025550744277,50.3281013790993,95.8504568565312,67.0151785063587,68.1748912236683,47.3915035005232,65.3238854895499,87.9292800893875,109.815177354815,12.3313888648931,67.8041196614693,65.3690219526676,67.0007613136726,72.2474712366333,121.672906635612,36.926029245863,16.5930953026142,18.7966334054541,97.9837852923676,35.4830565145484,80.6912058260056,57.1297689831718,44.5852391334008,59.9424790578487,44.573658810006,71.0007235651511,91.3024653722879,89.1354511742702,98.860133454692,18.6018517033015,70.5457179688409,38.6150051463637,48.9812825815852,98.2619409348771,128.256276226889,47.2920186112472,80.6188134356127,64.3711147449907,55.2730535893938,82.5427784729441,100.779245798575,45.0641670284568,80.2014740547708,76.7159001917173,3.98276934679902,87.6218969559128,69.0819072078739,34.0377597998291,68.706961241114,98.6983381290314,88.4924065836301,68.3511954382913,10.5488739436948,12.828499619663,16.1579430645435,48.8745771009039,39.1453402315372,95.3940089718606,72.1007131332388,20.3563584751765,16.5452489054409,12.5231329617136,18.5312579379705,26.5519843940681,96.7715037735192,51.3407146233489,57.911336452663,123.376597245114,10.8191818972333,87.7335933193769,73.4530360005249,15.1274700429513,79.589500423226,90.0938301972116,23.3560908764112,147.641649192378,57.6145724612098,124.615750689857,18.5312579379705,46.7318747309383,72.2601653562718,66.5483842807995,17.4954449977798,63.7717970900815,31.6005845120563,134.842043282567,74.056977359773,84.0001597624228,52.5647160668784,62.9724345308789,65.3124216849586,86.2693624705556,127.690093647405,81.3275709654311,26.1208474084357,38.0150572240775,19.9672265929901,19.9578475275351,76.0074928010176,89.5499905807462,11.8132484162252,144.693976972032,70.0544488444787,26.5519843940681,79.8130684839669,126.5910281502,50.2628692101458,57.7126527405819,99.3527999314427,63.4914377268415,71.2622888868297,70.7895708237155,16.8044697900687,79.3210012448279,70.9531576442931,21.7047395873261,72.8189577441545,80.5572582076104,25.4707242819785,103.442811119356,97.5331609516546,100.607929726449,82.3494277847448,41.2152706361829,3.98276934679902,67.1450526948589,82.4397901894352,36.6597204838664,59.2513107928597,16.58455988192,76.4233808153309,59.9462708368293,37.3329297192826,111.271653443694,25.8223857269522,58.8345009391452,120.432453189019,70.5333222770694,69.7866773732073,126.821715728295,18.5312579379705,74.6109144002139,25.2645462579094,89.1237736069073,92.3420851053858,89.4297643431318,9.2898318549265,45.9552935745854,95.9449378341709,97.5004546505604,119.741087281741,11.4078727273269,86.6704192522875,113.967260417962,138.424271986173,13.6520381701019,90.375244116115,72.9750854033325,16.4518433728645,115.674105153981,131.046251680288,38.8338847119203,76.6295260394668,108.408783012297,16.9784663279049,81.7050809159108,99.8568662569921,43.3558150531955,80.8191428567272,138.136785902065,10.6282775216229,76.5354046008176,44.9661353618222,21.8029075715878,109.40002288602,67.2704235978399,44.6845666797387,133.68367251001,35.789704735613,82.7011088819876,71.1489484633958,81.5078808158384,23.0158495154975,95.1500384121834,86.4806773259969,83.8950800518522,76.3449620649776,43.7695467156875,86.6267738891055,28.9771133423294,75.5926932733181,18.1724341783862
20.726869801577,9.02426020120461,60.3691420748968,69.9047298841579,57.8870205022149,75.6351297054546,36.6055534872184,56.3876687721796,90.7055927214347,50.4465596681986,93.0228468928927,69.6673307123973,74.3985210644471,42.8130578304961,71.287249357848,68.4848790286779,106.100649151528,12.2464730584534,52.8101325058179,60.4446412028835,60.9627484608487,63.945464538299,122.578161418465,36.2772932176932,16.5930953026142,18.9952412733396,93.1297674333442,35.8904966722203,82.0111283446036,62.3450986838671,39.4604536935429,55.3460552593273,48.7705620923737,73.8627491617837,84.6131544433018,69.4243212799065,98.0712861681415,14.0855325256616,63.7303668380242,34.5694822443486,43.8497307482291,105.994951829345,129.391882461443,47.4033308097849,67.8561843565229,63.4652049166193,52.0091407205544,80.1077480047446,95.7867436466575,42.605371232588,79.0997216541821,72.1857720800982,3.98276934679902,88.7663867930507,53.8053541822709,34.7860386714609,60.8117969857774,100.312815911476,81.8280175670309,57.9337234711471,10.5482962837884,15.5517331134457,15.5761515299057,56.5644520396633,33.6104481598531,87.9727636774592,65.1351354775922,20.7956594192946,15.6496385552347,13.6663594869288,18.3126624409916,25.6538563095835,84.0224180159426,46.3807396235945,55.5157016576402,116.917296897417,9.24954237369609,68.3324658079843,71.7117934068568,14.171468299586,78.6506593333465,88.1420765121393,26.9729342459731,135.43245519598,55.7254496544332,125.542900434612,18.3126624409916,51.022915765734,70.4434744087009,59.0052915190106,16.1538842045415,58.9677385224481,30.6304743865187,136.338298297232,65.5470390660783,77.0163801257223,52.3237936115199,65.4645935444499,56.304589648348,84.8346482024337,129.106988098809,81.2992831167807,25.9512321990199,21.1092399132159,22.2268206219729,19.3690865516108,62.7045817532669,88.9728233152037,11.6856424186244,139.799663897512,71.4627221128664,25.6538563095835,72.7066942349094,127.995726982035,48.7325869613119,71.3044984800733,96.4218700619896,55.9904020930266,58.7898884012302,69.2959547042273,19.7915174413064,79.5344159141269,72.775571388468,21.7047395873261,63.5490715390349,72.7747022052287,23.0100231290811,103.406831013837,97.3385048417616,95.1868320601336,80.5654454766261,22.886274531142,3.98554483319233,69.4421786854966,64.2093174484489,35.9090497614402,63.139413089141,17.3531561687395,59.5233576890414,62.3186682248121,38.2769436870487,107.507859541076,25.259597565271,60.3609607983459,110.473317724941,68.2927277749086,71.8072911814314,127.76527800446,18.3126624409916,90.3054088147876,24.5484293325998,82.289711344893,89.7176593577987,89.3986583404743,9.99100619674161,54.1239923463273,98.9053401967466,108.5341074278,114.637986114372,9.75695273691436,84.0836933888327,108.321437328335,126.977306988599,10.9600707701868,95.9833826693279,68.665855048122,15.668924483954,109.618063697786,132.021244794111,38.4900055481631,82.8775100324116,100.229237685547,18.931818247772,81.2632235293924,99.0600656131171,44.2075528326215,77.3212481077087,139.359876107913,10.3046934389271,63.1400978766014,44.9636730010353,21.9576272364565,108.952218946813,67.4159632850699,45.582840548173,134.867333976151,35.0568490794678,76.2333822949891,64.8140077724567,71.6898579997397,22.8374728075459,94.9601385242605,82.0077918223021,78.9410162968854,57.781109952755,39.1840053444517,91.2823742940665,35.5332877873812,69.9161601952142,20.2708861494066
20.718002017616,7.62491270901319,80.668260536498,86.3763239707938,60.3267271816479,84.7040167758389,47.5061809552559,71.8682703194253,101.842874136637,48.4327203614469,86.7291653203621,61.5429597499614,69.3411865584708,70.6568886891281,67.8071405954671,92.9137335109439,115.411960445855,33.0470554731337,80.0755082503292,58.6141464844185,86.9249288761711,70.3162894420643,116.002167492861,11.9437437200521,32.5814480602721,19.4813130604744,97.1908229302484,43.7621301718847,20.9986489117563,67.0843809172389,42.7309703748587,74.1768356844289,50.1050697937348,76.0561954280511,83.62696137126,95.8721951042282,94.4937770010717,61.388653100187,61.244236785552,8.96134903540374,41.0099671036696,100.324995610361,118.176037313179,48.0515920365926,73.8109058177616,69.8699252297423,74.6059162659119,92.1999129858999,83.7592520908216,44.665256244817,77.6232721899542,82.7405100372298,8.15324803151877,85.940675376457,17.3914388283205,26.5793310768193,63.6531247077683,104.376241971605,90.6492129746929,67.2635670920512,43.7486146730821,15.8889397615933,14.4444311437114,49.5765237966296,10.1421031342995,75.7805727778928,70.1490112088754,75.5633624602753,75.9956974489937,12.8595677175483,19.0221259558812,25.0415242827525,23.1911538483829,68.7101160964424,60.4804809360432,124.316149054495,15.6824710843454,95.0418463006841,73.4017176893032,15.8974694385009,71.7772860633533,88.6310925075483,14.8055649300675,145.216566390711,82.9538447798962,130.805508339791,19.0221259558812,40.9317401332867,17.147275508436,69.3369475898315,44.5663088530601,56.947671657095,44.1833499572693,140.671443924651,72.373973679123,70.1733715852434,57.9511635255667,61.0586639065516,59.8955587909038,83.149512085189,131.172286108511,63.200447145612,65.2010130145938,65.0667485636697,78.7226409811991,20.005087436213,72.7096804855007,77.5761737319157,12.9672301423711,123.19790339618,77.1263813502047,25.0415242827525,74.9726932872801,127.331648508778,9.05687885200437,60.7479857851128,90.7972237301155,16.1127982803418,64.6487369090765,71.7395436379309,14.7012077874662,73.4695304985179,74.1659242953734,103.700422184571,64.3331530854537,84.8991710408708,61.6992278059677,111.078720042257,84.4510092127466,96.2021150993038,70.4518912543758,78.9137558429085,9.55210257596023,56.9790767128064,82.612871805796,40.8901463251082,64.1713306906412,16.5988811795352,79.6013002152469,13.9613689377734,35.9629229114319,78.8676919502257,55.7018275840754,68.1478887039712,115.408628022815,76.633042095123,63.9022716883741,131.353656585479,67.8771209323902,84.3552841258592,92.9000782067816,87.5002063011516,81.1936124515297,22.2554278522699,35.1441731912687,14.7012077874662,103.344370192337,93.836265361705,98.1489010592756,16.6507054002735,82.9651077201794,113.7314776169,129.11716201675,43.7695738762834,80.1033324925425,73.3431190440419,15.0006144973843,110.533865093469,136.066844894647,37.4719766701529,81.6458247240472,111.904554791269,89.5007865307333,91.2113059130127,106.523477373381,41.3211016989148,75.0124339951617,138.616724901678,35.9495420767268,76.2880156343508,45.4042635847343,96.062821117738,109.587494112178,77.5078077743563,14.1195768800948,133.815211882341,37.7811732553032,68.5770349526355,17.9454187495267,77.2473877845195,55.5026288699913,82.0499594758452,88.2143850422142,93.7895079565347,82.6089773734687,41.5355378978354,78.7507429997917,11.3467821985583,81.8377381235768,69.7068987255889
20.4867036720746,8.29588904980299,80.2362457622052,82.6434980200831,57.7479043907563,82.3868953096085,44.538922373809,70.0941090165292,101.373538430618,45.4075896894891,81.2949422851062,64.7073156122124,72.0423173417993,66.1612156062358,70.4485138381568,88.1854056753378,115.831105963405,33.2000111380335,76.0005105045359,52.8551954967795,88.829910166057,72.3089964797213,113.54134543115,10.7210797024602,36.2005064023592,20.6588945878654,88.9937138353372,53.0590842032136,20.9305526642112,69.6975996313907,45.8004483145343,78.302953670364,51.9768686343457,72.841356959701,78.070720168718,90.9933128158678,93.4388367483521,61.0866831429715,57.3474608036589,9.06018924646443,41.4622911664982,88.5742671382293,118.160763339942,45.0502668204685,70.4507433237751,71.0920815766594,70.2014132337895,86.4229071869183,76.6949665297314,46.7014165296078,78.4338622495734,77.8557656955153,8.85197449094688,86.5293290752195,16.5063982513696,28.9182565159897,65.457003020752,104.037761603606,84.0023272964231,75.7049860575607,43.7979817792332,16.1534645014726,15.5843783475019,49.4004146624597,10.5725904849541,74.2519338745594,65.6856527546024,73.0713421900506,65.1437634563017,13.3605019522528,17.8040119497454,25.1324684328666,22.5421429409545,64.338309961357,55.3395714703633,121.891275740298,11.2464178795151,90.205219997663,67.1566921493186,13.7805538483897,67.1809061592896,82.07096587425,13.0724355515554,138.942134475003,82.5095896752123,128.030654320483,17.8040119497454,46.627183014585,17.0645546467253,56.3438473761288,47.0453287091734,51.3524549798283,39.6426238356821,137.531180582911,74.4249938316073,67.0917013388976,57.1485866670464,64.1981187176119,56.2377986397318,84.572958008482,128.244076160375,63.9278271379865,61.9394577683575,63.1394303101388,77.8193086657657,18.7516208939419,64.7715078464889,78.2284778764078,11.9295525952855,123.6453253859,74.150409250847,25.1324684328666,66.8554575530179,124.489174607183,11.8262973485471,65.8957050524809,85.1081067772554,14.2059994693882,57.5906281256025,71.7858970473974,13.8125924743204,74.1332996455907,65.6742466430952,101.632006554806,58.4298120150934,79.4973068335803,57.7735021926744,112.357135657753,81.4187710388454,92.8858759069403,65.2373179583882,76.5762804741816,8.56827795148974,57.7669261979628,78.4087490504372,41.3510024206312,64.3886425024824,17.3378711401853,75.5504346506438,14.679220984909,37.4620781266166,79.1541184127238,55.8308134173099,62.7416397917692,110.422119961014,75.1855282778484,61.5621187940471,128.567174375722,63.5304946985149,89.845876252112,88.255143343539,92.3674424357338,82.5137670405559,22.5115677005241,42.4010541296757,13.8125924743204,99.2377736804988,92.7595061244094,94.8226309549552,11.6419134017547,80.4930469791223,104.139323734015,123.538343687967,44.0552647383313,83.6795502037009,69.0131676623925,16.3226710648968,108.377824853977,133.180379055076,40.2923628415997,79.9474453349744,106.264662526418,84.5721512578487,91.1679121544638,105.33423605287,41.3755485607822,74.8931674045144,138.59880901793,46.9422171910123,67.9591736651736,45.4554989693711,93.4347817612231,110.50962598963,69.5527432396549,13.5747637290784,133.797916582791,38.2069893884196,65.6134203424496,16.0024820888176,54.2726449942646,56.1781431125147,79.1039316946621,75.2980887739333,88.2524648793683,59.9031072955236,41.9936588030833,82.1600883460945,10.7218331592069,81.7628672822307,66.8397219797332
21.0623576828356,12.752435930027,78.1522094303877,87.760110683434,58.9451271300731,86.9522546269469,46.0265240927603,69.1310925755036,108.051175164183,46.9242049301677,83.5600468946385,65.7338317441243,69.5637771074265,66.3341352783204,68.0248067387416,96.5267919768295,118.45152875879,33.7505427521828,83.1893374127303,64.6819971824125,86.257996746417,60.6055316417961,113.165155730699,10.8293303593987,32.5814480602721,18.7448748926392,95.3698700182609,48.7680943370805,20.53616948901,67.2997269462852,39.4139552072707,77.1379619452361,52.1867870202805,75.4695974087572,82.0998646881933,99.6002967860271,96.0643660670754,61.3401505321728,57.4973447504121,11.2252595593121,51.3703375952481,89.1029017751218,117.710120070153,46.5549474635895,75.4772536380725,71.6937392215537,68.6232047162317,88.8308912500811,82.1899511074342,45.006668549201,77.9558790586984,76.1054785303204,8.41871559422265,85.0524782014289,18.0677251308744,44.453127472456,54.8625573702142,102.077433875031,87.3145291120221,67.2547416636565,41.8959040893341,17.162577917833,15.2985217402716,53.3010439037418,9.53106716657571,75.0823973949521,65.8573294904499,68.8782130890754,69.3764328668564,12.9008479202626,18.9681014687676,25.701034990511,23.6128783936759,64.5064652674385,61.8658406100671,124.685920758043,10.0450337846268,98.7376589046372,74.4764022767836,14.4282311281932,71.5734323471613,84.5319066469683,13.5538990504037,145.412976297039,80.3665060728699,127.606458065679,18.9681014687676,62.2648422427451,18.1159812319341,51.9367285361318,46.3453880800774,62.8430056325798,38.8604285987431,135.674997192703,62.3790473965009,68.6253625603912,59.2705343541793,65.2165569556771,56.008462054686,81.7829498822569,126.513235757112,64.6030434960145,63.4881544436349,55.0744853354115,85.127413312157,19.274093531589,60.6769251805115,79.3001582501962,11.5941676408147,126.442527626948,67.8794871863981,25.701034990511,67.9743245175303,122.809012063772,11.305277257148,65.561964591998,87.4794568213165,14.3194166802886,53.9499905136956,72.7895437036594,14.297737073128,74.2744581831061,63.7202537719434,103.808522562796,53.6809599730999,79.7050818586203,57.9244996458317,113.543870438735,87.9895266566804,96.8813370542652,67.1934930070963,66.7950156550344,8.67997105848539,62.6960969241926,85.8253692977184,37.166761426149,62.4492693760313,17.4870130912345,82.6966892473142,14.9120919826059,35.0044952739537,80.9448054178431,63.1902786020022,65.2239782589767,115.564721768748,67.6711893650393,65.1468826275336,128.141200501337,67.6843440233514,89.2861361915239,88.7096092998684,90.993199178425,81.0642233600664,22.7493386280959,33.4283702591482,14.297737073128,96.0222168450689,101.470662639771,99.5204168201265,12.0525508828726,82.0868576561399,111.600621440286,129.291796979739,47.6233309516474,96.0376043379166,67.4616722720404,15.0839208977277,110.862642134153,132.739120527511,39.3542277729287,85.307281458997,105.492177495683,82.3359370757819,95.2395385052409,108.294013107532,41.7056173790041,78.6337220679513,138.070218826742,44.8741279513704,63.663080155307,43.4814379062682,95.5478187580625,111.133930423452,67.7547501253776,12.426741941358,133.287636106298,34.3408859830277,69.6756692241264,16.2702934121517,61.6616523374474,55.0925639843582,85.4878723626876,79.7890209933544,86.268447957882,56.0925933403627,52.0286836275247,82.3067650155297,11.8018172086743,83.3256007641968,67.4997591592622
20.9176859800251,9.75881138241271,80.3484109878228,90.0651186241673,63.8078499018535,83.8498661596107,50.2381837230999,69.6595317000188,101.836041351711,51.2180068951363,79.8575354325018,66.2131572555398,71.5917887021001,60.9023123008366,70.007952314327,85.432005447754,116.320666344747,32.9363821217048,73.6275575049196,65.5617850130049,88.1696155709324,79.8188992770016,112.679686043828,11.0627262673836,58.8008198433099,20.6447524376144,88.0399599837554,48.9793975599013,19.7724100926497,69.2617340747173,40.8811008011158,76.2911521846636,49.0632709608497,77.531315971767,78.6658513496261,88.1522417078184,95.4045256243475,69.3916430409403,52.7891293338819,9.72252026347926,44.4933273544882,83.1290839304872,120.53209769259,50.8149605036753,76.1618795635747,68.5095382765259,76.8198698225145,84.8948308328346,75.8730194890672,44.2358579780395,76.089682184065,85.1958601708456,11.6180411764044,84.611378014373,15.9910213547748,34.0177899142073,72.2552681608993,98.2810784096111,79.4443371046345,72.0118736632339,47.231442610737,15.8694628818292,13.5385943874721,53.5059001854668,10.8048733369881,74.4228612796263,60.4645501309087,71.9693658899393,62.7351173196707,13.2769498263309,18.7080014299821,25.2386908566942,22.6293191541366,59.2243024900721,58.964976309942,124.266334240504,11.0814099509589,87.3887553982348,64.0429530224272,12.0336183498931,70.5919818545984,81.1492368400669,14.9550078154138,142.670536853743,82.6249328926525,127.059036318766,18.7080014299821,44.9864940559797,17.0657300965779,59.7529587051327,45.8366148898861,63.6977799747738,42.6960057040957,138.977782899444,82.1546609072705,68.4850766970633,56.2247098757674,65.6921105433216,54.6215021475964,81.4633008502604,129.592993379503,60.2292525662429,65.9134651177317,71.5597306686237,76.5414808777682,18.4200663394671,62.1473959785289,81.0859852869497,12.2030340501759,124.167912579933,70.1099311626706,25.2386908566942,69.9173371409205,125.798596424162,12.171495342007,63.8632475294806,83.6032779102297,16.3126375771886,55.2574378730946,72.0925574727587,13.6724154340018,74.3100992648171,69.1520256193137,91.7492267869086,56.1678972201319,73.1783683762578,53.1813063138413,105.856660614221,87.9310720784859,95.0051501027686,64.5046455762133,86.7885246892622,11.0232718024131,52.2142284833258,75.9606039653552,43.5021830949245,66.0010075221901,17.3601996923379,73.1915343046276,15.0208296892965,36.4287021382162,79.4886634390589,61.189967177721,70.8220621441082,113.385210288391,73.2627409227751,64.688693480648,127.591484751105,66.7562226436429,82.681951969416,91.3726598485423,89.9942885607876,82.6225625404424,21.2091503402793,32.7784868186517,13.6724154340018,97.0997510893083,91.2363536246128,93.4412199682291,12.7693831450348,71.4596584323318,103.023252982139,126.853397513878,48.5030582875921,90.6002916749971,75.5195987039275,15.5263556460216,110.489572988451,132.169680059181,36.5697827027531,78.9341784301446,103.062384566764,86.2623147377387,91.8068356079708,107.550170489513,40.1106700136836,75.0335750623733,141.380308627192,48.3124143630706,65.2059187220558,49.0188977596275,61.3598616115087,109.70143834471,67.214369237247,12.8350707731844,136.483068463476,40.1946107853386,71.5056916521614,16.7353717444553,55.2529462846115,62.6866707706099,85.4310797225907,77.2087143581161,96.5727405083914,71.1742440294854,45.0635397941535,80.1916925227853,10.2384445884185,86.6308685050604,64.3722650404352
21.5795370786782,10.6152752372774,82.2819015513473,82.7870341924325,53.2409838958948,81.7149184740814,44.713700335984,72.8185795133856,101.460342256774,45.5857764432367,87.4726999601415,62.2156765958547,71.5796623130798,60.9434166833515,69.9960941993159,76.1005185211917,122.002165978147,32.3745148764216,65.5854357416415,54.3528281223426,80.7400768580088,75.3615073544879,113.151667721054,10.4387691809873,18.490645894138,19.7684705950617,87.5611643175237,45.1291907332173,20.4934604530732,69.2500023559429,42.4449059914626,69.3221567986834,45.8164055164779,75.421622045996,80.5844580099949,78.5236313675552,98.4231955748024,71.1044110362202,52.8247579411184,8.68739258611534,39.7562557563301,90.352821032665,118.893495108841,45.2270513812676,68.1488082003882,66.5055449754627,73.5711479431984,92.9903486926941,75.4603923942573,52.852725725634,79.247533602079,81.5929166146582,3.98276934679902,79.5584228186675,14.2443690792911,37.0032977124629,68.2202582625324,101.865143613498,84.8297453401425,71.8950072812309,39.8849662010825,16.6369897501978,15.3561767102268,46.8185189241197,9.25666435603623,77.3251986832106,60.5053590575861,76.7793370457232,54.9658357849055,13.2747009446991,17.1386585815038,26.4714349369662,25.4954922220897,59.2642743448631,57.1349450653525,115.22465339171,10.0332645295787,77.8435384241831,68.0534163384748,13.8438113457811,64.6702898824203,79.646649266712,11.8845536760649,130.860463267521,84.6132052940071,127.591248815747,17.1386585815038,50.4936744147256,16.4731796262511,54.8835334376212,41.649561102792,52.8075080026714,38.5028308622817,137.316018240804,77.5668311421157,64.5344895013533,60.4824391263995,61.7260869873485,56.5034997774907,75.1999075498729,128.043443142676,61.8843710971359,57.2892222129918,19.7073707957929,79.347415122213,20.1765923207083,68.2596060369456,81.5242060621987,11.7054958019847,130.232698588912,76.2359151130618,26.4714349369662,79.917319917929,124.294415991268,10.3458160920924,71.4839874948711,91.5756340928784,14.8083008307125,60.6920190369933,72.4261948765372,12.1650724722223,80.0162056445348,60.4499436490603,21.9554485192832,58.2029171213106,73.2277581536228,53.2171996104138,108.765634462242,80.4497101070574,91.9393482097686,63.3102550601632,23.9013425692091,6.02294922516454,63.5837796867341,67.6636503924935,37.605562260667,62.0255493065521,17.0624364912396,65.1970380743319,14.1139785638676,35.2488309122224,83.3711619354992,56.2949044675605,59.748754266449,103.999336325725,77.9605601835672,65.2995989017738,128.125927516141,61.1562978740561,75.3150083572726,86.2736765471596,81.7735478354852,83.7187199090505,21.7919843662218,43.5333716621858,12.1650724722223,93.0351026266589,94.5809872276966,89.8192555281899,9.67788763490475,75.0996050349684,102.462972320289,116.352645274914,38.4868916703693,99.1404518691583,72.3258654524462,14.5940022922614,102.450296202933,132.72329952213,42.1181990282208,82.0157449193793,101.855397607174,75.7528732588154,92.9261045847194,110.953137651693,41.2803812046856,75.4874406627596,139.458280026989,41.0657310314405,71.6189351647551,41.3943968739293,21.6459570975234,113.541671523137,73.0721314169533,13.9565586459399,134.627616572209,34.7463237680061,65.7273784811579,19.1289616043505,59.6294709270225,19.9648985550636,78.1624223992252,87.6302243245463,92.4886672632792,74.0204991908902,40.2657593815852,78.7541026405857,10.5289329068638,79.1779366546815,58.6505942144002
20.8935886816948,8.83014027555152,78.7672511394455,84.5079136683679,56.3004730385908,84.0935334140736,46.0869422440256,67.4637720320189,104.646403070943,46.9858014501604,86.5243635236936,62.5646862322223,67.5270676330535,66.6266013649838,66.0331557080158,87.3826963303219,122.373404192402,32.0340601470798,75.3087144013057,61.6067585185209,85.2771360092702,67.8103335943571,113.592582998153,10.7521362713925,18.490645894138,18.7966334054541,94.8710279294223,44.7788510895194,20.4096944161805,65.3293050227812,42.019170223639,75.6461141550056,45.1148494087724,71.8627780862496,86.0476226860025,90.1650444422986,95.2946190448997,68.3033169932126,57.750849576278,9.55799569410372,43.7404108961313,87.7898406858211,119.738749613077,46.6160592662609,73.5024993731838,71.732456594342,66.3204444203918,91.9821925943517,81.7600479641865,46.3831480378826,79.6175954969455,73.5516386888234,3.98276934679902,83.5329163972002,16.3561484449821,30.7805781909095,61.3846329919519,101.448774723649,87.9423223319443,69.7032186321397,41.0642273286775,12.828499619663,16.1579430645435,43.5787312991483,9.29018716607482,77.3911204358866,66.1476933484148,74.7456128526538,64.3930260995513,12.5231329617136,18.5312579379705,26.5519843940681,22.9120640256935,64.7908731877664,59.2393123458519,122.609666772871,10.8191818972333,89.3841252540735,70.4625234924237,15.1274700429513,69.9250654323554,84.9085495724132,13.0637777094239,146.723882920117,80.9989738380978,128.088430447799,18.5312579379705,46.6192705826584,17.3346022103796,62.7182435612017,45.4490685112025,59.8551999200961,39.8792552616476,138.599700172925,69.7946853804644,68.1475341153239,56.6736635142661,62.0723501858312,60.9750098538991,77.0753509985804,129.2404415453,62.6007945718419,65.9390330866723,35.4904691792877,77.7276073554606,19.9578475275351,75.5350169534945,81.6453113861175,11.8132484162252,130.628981344011,73.2715425295613,26.5519843940681,71.3071256296241,125.456367074002,10.6282775216229,57.2924961181807,90.5828156416281,15.323357786856,67.1608430382648,72.7622709704628,11.3278920312629,74.3529368407062,66.869503604989,21.9554485192832,69.8154314335088,80.0565002238492,58.1798877904464,110.0247933159,91.9197154065943,99.875489162148,67.4928823711947,43.0432791155074,3.98276934679902,58.2911161212266,77.695031909695,38.3876140614571,60.2819380013486,16.58455988192,74.8627353714983,14.1931533763232,35.1001062879346,83.6248505567562,58.9831481603636,60.2339145179859,116.606544603399,72.498881519589,62.3492802024644,128.625192617328,66.1255444844768,75.2229166431547,90.9192059192462,89.2333911708358,84.1909445615685,22.0442659824619,32.9663913404189,11.3278920312629,95.3485273468861,92.6501994703064,97.1433846509036,11.4078727273269,79.0199230834961,111.016882707033,130.457370213204,47.5470503465467,86.1577753210073,65.1978890365968,16.4518433728645,109.016571614416,133.240479087971,39.5093677967646,76.2929163599084,108.147563475366,78.7780650737262,88.0919105002445,107.426272055134,40.6403364523564,80.6447972881074,140.449736617931,42.1869074556686,79.2523982475517,42.6182866695872,21.6459570975234,111.908695660749,72.1263784822778,13.4138690258483,135.584730325135,35.4689143487624,67.0936419031854,17.0680306807895,66.125601478319,20.7785910643511,89.3063208415032,85.9430983346606,83.3735735846636,77.6232756836698,44.300974196114,78.7873828169903,9.47786200166831,77.326123729551,64.8451448183612
20.726869801577,9.02426020120461,76.1845536690302,77.8988840261582,54.0427311447907,81.5474754078581,46.1954180294902,62.8360409584373,102.613533313526,47.0963928990572,83.9718754039626,65.0407084455357,73.691558190179,60.1898721625696,72.0612682721694,68.059165061947,118.234090555124,31.8134687700069,58.6551850570781,56.9657966891567,77.5920823892764,60.0182014396861,114.437719618121,10.5632370498543,18.490645894138,18.9952412733396,90.1712129294277,45.2930317701155,20.7435500697409,71.293163635818,37.1893378409369,69.8455265778355,49.3627093471783,74.7595529358643,79.743309867069,70.2262335705335,94.5342225227679,51.7200442441825,52.1715978612532,8.5566468575233,39.1579219555461,94.6987190164149,120.79893999579,46.7257804453619,61.8664420323598,70.7229488718258,62.4041753172062,89.2686972935791,77.709737682862,43.8523858621902,78.5238640163001,69.2083624547284,3.98276934679902,84.6239972480426,12.7392018505209,31.4572518748511,54.3308825208132,103.108243322132,81.3193603211942,59.0796834991573,41.0619786376948,15.5517331134457,15.5761515299057,50.4353633880233,7.97661617688868,71.370422757349,59.7572309696471,76.358662570505,60.9073692209235,13.6663594869288,18.3126624409916,25.6538563095835,19.8935321464092,58.5314918452747,56.788742792774,116.190518564045,9.24954237369609,69.6180043653995,68.7921725601428,14.171468299586,69.1002264235501,83.0691275591705,15.0867890960375,134.590583405545,78.3431004667199,129.041417168485,18.3126624409916,50.8999720146939,16.898793424722,55.6092876616502,41.9640077761615,55.3461865456201,38.6549972320703,140.137651477773,61.7745299948327,62.4817429740687,56.4139083174408,64.5288880053005,52.5653898608757,75.7935389782829,130.674539205437,62.5790203840576,65.5108592709155,19.7073707957929,86.5236630645284,19.3690865516108,62.3147991237435,81.1190913294598,11.6856424186244,126.210420567105,74.7444875941493,25.6538563095835,64.9581012032488,126.848475305133,10.3046934389271,70.7853912164016,87.910602274653,13.5130183630834,55.406281903497,71.227032099151,13.3414606655709,74.5529848378096,68.5870297374667,21.9554485192832,60.9278954840959,72.3223219485523,52.5591871234188,109.986523825441,91.7362625783569,94.4938578862515,66.030745823156,23.9013425692091,3.98554483319233,60.2853365811296,60.5137999089218,37.6015617511997,64.2376705991763,17.3531561687395,58.30782841007,14.7548530371558,35.9876602745902,80.7962172715307,57.6976349674949,61.7966821323374,106.96379181582,70.1958481432863,64.1545505098068,129.582172885424,65.3455247843586,91.0461464560378,88.342124916887,82.3909233709209,81.7981798501274,22.0365984122601,35.4546158972368,13.3414606655709,98.2905273314366,103.134972432249,93.0033477523932,9.75695273691436,76.6615304446732,105.517218352312,119.669226421086,38.1715191694265,91.5042033850466,61.3479076219904,15.668924483954,103.309080934196,134.231797404424,39.1595071413263,82.513454902014,99.987727410017,87.8413857343368,87.6155134278629,106.569071885019,41.4387278534311,77.1544483064335,141.693306143236,40.9025025534594,65.3815604478081,42.6159528777891,21.7995629969611,111.450623044067,72.2824240369795,13.6835220384171,136.785224130173,34.7426274265919,61.8465135705411,15.5483320146938,58.1604494274485,20.6175534859886,89.1280838107924,81.4980170683028,78.4503051550661,58.7485919942405,39.6597575236663,83.0216692261571,11.6222618221396,71.5194209895748,72.3331027121385
70.7977861079691,31.2864697830448,69.1498042671042,59.3208357623472,65.0572014224245,91.6217048684281,40.7228703418896,49.3571115805314,110.784318590916,52.2305351408016,90.2757938994883,66.3688039387525,68.2927336217184,15.8912862925535,63.7905436657518,97.0819237295977,79.2616962135827,43.1953253942368,17.3914388283205,12.3392919381174,68.5718201532564,15.2359736260208,125.09838886663,11.9437437200521,22.3760243598276,79.9355396790438,90.1256723927603,37.5134249278648,105.730384197622,64.6659058941988,8.99560856686008,63.5852767199644,44.6905210709878,67.837267133824,17.6049222269568,100.178262645869,20.718002017616,16.7186993473329,65.4516535190174,8.96134903540374,48.2137999135611,112.044981933495,127.442721028736,49.7470967460408,70.1032189501545,47.9847042423624,17.5553648392811,63.320313300073,69.5242972543035,45.5491793376775,19.1594123297838,85.1780949194924,8.15324803151877,87.9382158331631,81.5575580602371,7.62491270901319,71.0890956386534,85.9340211192909,94.7158148490572,75.6961395630584,25.9458886429677,15.8889397615933,14.4444311437114,46.9699368884324,41.5371027274057,62.9016011532526,82.44554547259,20.5790659160599,19.5264581616695,12.8595677175483,19.0221259558812,25.0415242827525,108.755456931681,58.8991388637827,55.9810616519719,129.893078717413,15.6824710843454,96.4101792347664,75.6883132875303,15.8974694385009,81.5889192507908,18.6583784093086,53.5989665320142,151.731106800875,18.6569677907174,107.693504803987,83.176707789849,42.6117414484458,72.6079142001994,14.5966270896108,58.2519738889596,12.3392919381174,37.8744995998494,115.81622986954,15.2359736260208,58.2473484856221,62.6839741894743,63.2131243066843,64.592223291601,92.8630549414329,116.997298684435,102.918598880314,62.7995785443845,70.1689079611907,46.6878526746872,20.005087436213,75.9714994604686,73.6793490364543,12.9672301423711,120.275339827587,78.1663848466781,25.0415242827525,83.7310185141066,69.7707881942123,21.1153939698842,14.9941592904331,86.2362761261055,16.1127982803418,13.6096776289952,59.063895591751,14.7012077874662,79.2632046819857,15.6132102338845,108.358091924353,66.2284462292695,88.7078210749661,55.9554674074077,108.891671105886,17.7783985547198,23.7451467605539,82.6724999884664,76.3768847348123,9.55210257596023,63.7124152288825,17.3914388283205,29.7303398958037,43.6032221931036,16.5988811795352,75.7114895552354,65.4721652982866,31.8315739415197,121.380376623399,50.5163825990754,70.8816201440258,107.019159699336,63.0927626195749,71.3673480200359,137.458204954637,19.0221259558812,85.2995793377794,25.8149892477426,87.4570885715068,77.1150757192563,85.9768541844668,39.4892034059236,56.7934980476958,107.98048776841,93.2922387545975,81.4684133644032,16.6507054002735,78.7975848188455,125.54188910935,27.1813965041597,12.5674229819288,81.965194139195,81.9110770774577,64.8864912099682,23.2692909859119,139.439336858563,25.4615091689498,80.4546551311744,116.497562530726,80.2197625618713,98.6604374753772,107.478698729524,44.5796089810633,15.8780129750312,142.052417051057,9.05687885200437,74.0824967273122,11.2384586638826,93.6975482884257,101.434779770789,66.370793990122,50.2943486886677,140.034158919672,20.7020192371331,56.9223105967568,75.9875482382757,64.1191297246301,54.1859671685744,17.7783985547198,92.1717584356127,97.9969861721286,84.6564865411509,37.0470461224691,76.1029333920183,11.3467821985583,75.7494549059319,19.534909397126
70.0073908381528,34.0396135648016,68.7794760006439,56.7572356347658,62.2761622118171,89.1153465255281,38.179300556793,48.1386673769948,110.273776868459,48.968191157477,84.6193483782787,69.7812903493417,70.9530227546095,14.880174292529,66.2754535689812,92.1414790293449,79.5495535946809,43.3952515184147,16.5063982513696,11.1269331176631,70.0745885316058,15.6677488535112,122.444603322265,10.7210797024602,24.8614920858899,84.7673810757643,82.5244406449246,45.4828858691453,105.387512499275,67.1849148369626,9.64178677923645,67.1222347405393,46.3600460486266,64.9698366142963,16.4352373234159,95.0802469931523,20.4867036720746,16.6364602905747,61.2871729932635,9.06018924646443,48.7455794637904,98.9215309793702,127.426249358553,46.6398695020577,66.9118449328023,48.8240469302487,16.5189502821696,59.3528278081529,63.660592923396,47.6256351283672,19.3594867242858,80.149443089708,8.85197449094688,88.5405517560077,77.4071396300611,8.29588904980299,73.103703381807,85.6553467912767,87.7707441466606,85.1958264775065,25.9751666772185,16.1534645014726,15.5843783475019,46.803087051373,43.3001687375035,61.6327557080401,77.199797655753,19.9003845057128,16.7381445834736,13.3605019522528,17.8040119497454,25.1324684328666,105.711905142388,55.1515740033986,51.2226079278726,127.359423495011,11.2464178795151,91.5039192354539,69.2487439635571,13.7805538483897,76.3642348219645,17.2773582540326,47.3247079006621,145.175198458052,18.5570513468089,105.408939280321,77.8503466366284,48.5409479444802,72.257643439885,11.8613546966107,61.4922646746438,11.1269331176631,33.9821344930523,113.23081913591,15.6677488535112,55.6894106710106,61.8158517217976,66.463355060677,60.6476426715851,94.4527881060183,114.385522492402,104.103098880706,59.6581504377841,68.0904605186909,46.1521154898879,18.7516208939419,67.677213550602,74.2988864849762,11.9295525952855,120.712147844415,75.1502835290872,25.1324684328666,74.6655256559997,68.2132677595177,27.5720733157762,16.2647482931761,80.8329362407492,14.2059994693882,12.1238236153498,59.1020588250004,13.8125924743204,79.9793174624679,13.8255651706965,106.196774099157,60.1511892023666,83.0636245805044,52.3951989986058,110.144915765946,17.1400599573367,22.926613963905,76.55340505607,74.114553093126,8.56827795148974,64.5933665610556,16.5063982513696,30.0654183827824,43.7508815156533,17.3378711401853,71.8585742755254,68.8385492180335,33.1585091909013,121.821197839707,50.6333607662944,65.2585012318118,102.395138846212,61.9010097781766,68.7538179902433,134.542223377512,17.8040119497454,90.8516345947554,24.5242589720998,92.3219262640665,78.3689159909236,86.9663700243942,47.6432847641534,53.3606119350782,103.689665795321,92.221722153582,78.7074456419345,11.6419134017547,76.4497012172504,114.953640857258,26.0069587249305,12.6494525195152,85.624534766583,77.0752998977206,70.6051643924529,22.8154072131183,136.481328367617,27.3779089627581,78.7810542031223,110.626186669247,75.8022153349639,98.6134997941405,106.278793199254,44.6383494239,15.8527676073911,142.034057112227,11.8262973485471,65.9944451140514,11.251140441031,91.1342169012584,102.288310045085,59.5587841478635,48.3537081992194,140.01605983593,20.9353432188869,54.4623647643567,67.7604349404352,45.0489636567805,54.8454565173225,17.1400599573367,78.6760259770903,92.2115465671034,61.3878389222781,37.4556607008605,79.3976474723764,10.7218331592069,75.6801540485237,18.7314015811158
71.9745221035806,52.3256746157084,66.9930149629039,60.2711816503987,63.5672642579254,94.0535539437012,39.4544906626506,47.4772947055457,117.537686509631,50.6037306240231,86.9770802454723,70.888299959793,68.5119585560037,14.9190652777633,63.9953162235558,100.857067114341,81.3491864469134,44.1148433813669,18.0677251308744,13.6166794919797,68.045702379596,13.1318687179331,122.038914993747,10.8293303593987,22.3760243598276,76.9137935470753,88.4370910983494,41.8045976876247,103.401752138676,64.8734884321696,8.29731948528296,66.1235898059687,46.5472798373115,67.3140591780349,17.2834419543557,104.073810766403,21.0623576828356,16.7054900682357,61.4473538146084,11.2252595593121,60.3940786406472,99.511920821699,126.940269240917,48.1976429358336,71.6858623928835,49.2372485194944,16.1475852791659,61.0065636996864,68.2217002834973,45.8973481737687,19.241508226571,78.3475914184256,8.41871559422265,87.029374070658,84.7290184512006,12.752435930027,61.2716124428734,84.0413890433639,91.2315341923123,75.6862077249423,24.8471059077249,17.162577917833,15.2985217402716,50.4986327503768,39.0345977316077,62.3220812596584,77.4015678858387,18.7584199695412,17.8256935491614,12.9008479202626,18.9681014687676,25.701034990511,110.733144024031,55.2957187565479,57.26335809078,130.279438698492,10.0450337846268,100.15920105446,76.7964762338908,14.4282311281932,81.3571996455847,17.7954288642573,49.0676975186234,151.936327824994,18.0750551012123,105.059694191299,82.9404787275156,64.8204388656925,76.7097729486862,10.9335799317396,60.5773824620658,13.6166794919797,33.311627317451,111.702604480522,13.1318687179331,56.9624248872181,64.1110966480357,67.5177289827795,60.4003228333659,91.3368506649514,112.841723435121,105.20265315046,61.1498066867252,59.3931090429222,50.4863160300272,19.274093531589,63.3989443748603,75.316733956917,11.5941676408147,123.442993425664,68.7948018008894,25.701034990511,75.9150988861014,67.2926304606133,26.357356339223,16.1823725969045,83.0851680688847,14.3194166802886,11.3574064101423,59.9283713203188,14.297737073128,80.1316075067321,13.4142158646283,108.47104759487,55.26243314068,83.2807205723631,52.5321396600889,111.308284711964,18.5233176977534,23.9127961410992,78.8488988861482,64.6477303868309,8.67997105848539,70.1050278613346,18.0677251308744,27.0231473675886,42.4331136520626,17.4870130912345,78.6556187809772,69.9306031937108,30.9832485624866,124.577133226192,57.3077119522289,67.8404179374904,107.163906429371,55.7143781593977,72.7573546613913,134.096452733187,18.9681014687676,90.2856286568769,24.6505455587483,90.9483601965809,76.9921861312189,87.8849233096801,37.5612681370461,55.234815689189,100.329856307,100.882374730997,82.6068388764047,12.0525508828726,77.9634512196135,123.18975480636,27.2181601852874,13.6739403853788,98.2698302215251,75.3425585013785,65.2468404486315,23.3385042412586,136.029133003534,26.7404636829711,84.0626931402673,109.82199578229,73.7978913767461,103.017651592899,109.265111278691,44.9944468716493,16.6445373489742,141.492365520964,11.305277257148,61.822553490728,10.7625210492362,93.1952263921615,102.866169619917,58.0191427361136,44.2644207804726,139.482064512576,18.8169297294399,57.8342310563864,68.8944472549231,51.182203031753,53.7856300515354,18.5233176977534,83.3684252890745,90.1385249354059,57.4828792724138,46.4062617121112,79.5393924817437,11.8018172086743,77.1266286473626,18.9163727494874
71.4801483573697,40.0422626574309,68.8756253826369,61.8541964303444,68.8112937222217,90.6977966684149,43.0647760108252,47.8402118693551,110.77688591162,55.234227790923,83.1231614347504,71.4052114151281,70.5093062001778,13.6974058525169,65.8609889731214,89.2645588928846,79.8857699285362,43.0506658668144,15.9910213547748,13.8018900518258,69.5537068603702,17.2949775065194,121.515377572131,11.0627262673836,40.3827532391374,84.7093531384775,81.6400185916956,41.9857293545515,99.556144035456,66.7647627734721,8.60617901636885,65.3976942826784,43.761303072002,69.152980414188,16.5605227335626,92.1115701275779,20.9176859800251,18.8982484324191,56.4156887909317,9.72252026347926,52.3090490937242,92.8402403655581,129.983530083489,52.6079709158754,72.3360980270719,47.0504286525344,18.0763257009486,58.3033878428266,62.9783364686647,45.1112833015833,18.780883024864,87.7057811356834,11.6180411764044,86.5780212824298,74.9902676517353,9.75881138241271,80.6961432336385,80.9158109943811,83.0082785838343,81.0397229089811,28.0114412669371,15.8694628818292,13.5385943874721,50.6927182950449,44.2514858912526,61.7746338578819,71.0634794616579,19.6002702416096,16.1192631258127,13.2769498263309,18.7080014299821,25.2386908566942,106.120720027588,50.7677852206982,54.5783023386434,129.841029167903,11.0814099509589,88.6469055366649,66.0380062594428,12.0336183498931,80.2415892710759,17.0833183451916,54.1399782561842,149.070860183058,18.5829929375618,104.608996301897,81.8031576429867,46.8329185894186,72.2626207298343,12.5790316135526,59.9123724275094,13.8018900518258,36.5995301967565,114.421821529482,17.2949775065194,56.8459807235093,60.8165228832448,68.010062521166,58.9046055243752,90.979860168244,115.588670470293,98.080165025488,63.4857901497182,77.1710322992518,45.3942771505479,18.4200663394671,64.9353817610828,77.0128549078471,12.2030340501759,121.2223379582,71.0553219909477,25.2386908566942,78.0850946380057,68.9307593911681,28.3768750304318,15.7630857037578,79.403698293066,16.3126375771886,11.6326466998842,59.3545354707548,13.6724154340018,80.1700591796308,14.5576978154193,95.8701125870952,57.822637045529,76.4612130942245,48.2305039778746,103.772429746994,18.5110119977011,23.4497051324708,75.6936430762504,83.9985003336001,11.0232718024131,58.3844947638068,15.9910213547748,31.6294952661354,44.8464534705132,17.3601996923379,69.6149443545779,70.4405312056652,32.2438453782526,122.336075355328,55.4936153308251,73.6630672231337,105.142831478747,60.3179594014086,72.2456397654912,133.521189415618,18.7080014299821,83.6075154615672,25.3905516234062,89.9499418150166,78.472246449544,81.9348896946343,36.8310367205254,52.8190819750399,101.455729666754,90.7074003066613,77.5608066059583,12.7693831450348,67.8700799791503,113.721672069847,26.7048349101509,13.9265337866953,92.7061367503054,84.3418135323848,67.1606312744115,23.2599667314929,135.445578638428,24.8484851970541,77.7825703289076,107.292474493354,77.3171127822726,99.3046034550879,108.514598447008,43.2737248442104,15.8824879416683,144.884497726825,12.171495342007,63.3207879397635,12.1331525439801,59.8490501259477,101.540247171304,57.5564085983254,45.7189001053074,142.826001843973,22.0244511753048,59.3532396446053,70.863761134067,45.8626619242263,61.1995855590909,18.5110119977011,80.6723638727966,100.905076936658,72.9383370104987,40.1937984119071,77.4954343563577,10.2384445884185,80.1860024207495,18.0399126663637
73.7418332668472,43.5564970543465,70.5330367750583,56.8558122506076,57.4158349882602,88.3884900475642,38.3291223304896,50.0097572712351,110.368201763803,49.1603502894395,91.0497340112133,67.0942713623666,70.4973631646421,13.7066505492837,65.8498332807154,79.5144534148654,83.7876644656397,42.3162573653338,14.2443690792911,11.442210696392,63.6928220827709,16.3291599653618,122.024369332127,10.4387691809873,12.6988567908582,81.1138017617319,81.196028304785,38.6852857019627,103.186707694755,66.7534539976904,8.93538706485868,59.4237875233917,40.8653065360485,67.2712682195711,16.9644226300322,82.0504939778875,21.5795370786782,19.3647068366796,56.453765047223,8.68739258611534,46.7398609587411,100.907855900268,128.216437729527,46.8228919218473,64.7255411586382,45.6741422812666,17.3118756317413,63.86316236551,62.6358356931846,53.8986784127392,19.5603216608167,83.9966927087397,3.98276934679902,81.4076189944699,66.7993010632297,10.6152752372774,76.1897626610456,83.86660831287,88.635280877427,80.9082054420256,23.6544836748521,16.6369897501978,15.3561767102268,44.3569397502872,37.9107777921791,64.1837165961122,71.1114418514634,20.9102266840755,14.123011286205,13.2747009446991,17.1386585815038,26.4714349369662,119.561705486458,50.8020495759305,52.8844154789021,120.393730718245,10.0332645295787,78.9642645198685,70.1734027249317,13.8438113457811,73.5104285565338,16.7669976642253,43.0243491376471,136.730976510172,19.0301709345512,105.047172261211,74.941002916816,52.5661355206479,69.7535426149111,11.5539333471701,54.4395353415022,11.442210696392,33.0050902318834,113.053673792282,16.3291599653618,53.5667991206726,65.4219764102415,63.9040974703967,60.9341785611469,83.984775992912,114.206570658946,100.775438364107,55.1791888464402,21.25270922634,47.0583860141057,20.1765923207083,71.3217908341893,77.4290628735322,11.7054958019847,127.143252016826,77.2639112006057,26.4714349369662,89.2532774300264,68.1065506762228,24.1204488095976,17.6440795749988,86.9755851955344,14.8083008307125,12.7767200604093,59.629222537092,12.1650724722223,86.3261387794845,12.7257590030213,22.9415701380515,59.9176098493908,76.5128185395982,48.2630558631724,106.624128284696,16.9360558651448,22.6929866776538,74.2920731798816,23.1329768418289,6.02294922516454,71.0976099813228,14.2443690792911,27.3421899519085,42.1452037686561,17.0624364912396,62.0111085352797,66.1878316996462,31.1995154091845,128.311388161935,51.0542482321478,62.145557030975,96.4392504576653,64.1857217575331,72.9279112817438,134.080469949122,17.1386585815038,76.1581043472214,23.9736507806897,81.7332520478898,79.5133413821152,84.1864858623124,48.9155957420795,46.9959359591037,97.2087375685184,94.0326430093923,74.5543980470477,9.67788763490475,71.3271839236748,113.103209229181,24.4942448867875,11.0506227053603,101.444798008367,80.774987715094,63.1276539784552,21.5675598778983,136.012919865788,28.6185305935802,80.8191783856347,106.035947991274,67.8974760083811,100.515281953694,111.94808082506,44.5356773423697,15.9785584663538,142.914830585333,10.3458160920924,69.5484013555533,10.2459368670483,21.1129871764706,105.094787859346,62.572475211953,49.7136729374874,140.88431941972,19.0390874895329,54.5569556222301,80.9991069557541,49.4953925490155,19.4912810375637,16.9360558651448,91.5613917643414,96.6377886434649,75.8551381793935,35.9144848114166,76.1061800727458,10.5289329068638,73.2875282197059,16.4364512697123
71.3978028024501,36.2317481463789,67.5202361216918,58.0376639903653,60.7152316355665,90.9613639716466,39.5062818294167,46.3322257378424,113.833987458473,50.6701571880901,90.0626171126716,67.4706483228334,66.5060445458519,14.9848431856256,62.1216418446225,91.3027594508158,84.042620455015,41.8712539420218,16.3561484449821,12.9692885474876,67.2719380874349,14.6929888140151,122.499858643955,10.7521362713925,12.6988567908582,77.1261685878131,87.974511635403,38.3849703409075,102.764936975096,62.9741026595801,8.84576231993348,64.8447599166831,40.2395633100045,64.0970067800373,18.1145133143892,94.2147772229184,20.8935886816948,18.6018517033015,61.7182741639968,9.55799569410372,51.4238749265984,98.045467669788,129.127972220196,48.2609110739111,69.8103044509983,49.2638385247961,15.6057274861888,63.1707890439411,67.8648595384379,47.3010681197809,19.6516624176703,75.7185139286889,3.98276934679902,85.4744927141088,76.7025396582613,8.83014027555152,68.5555982607708,83.5238075729907,91.8874907575198,78.4416407525961,24.3538653153041,12.828499619663,16.1579430645435,41.2874905710534,38.048070855151,64.2384348918726,77.7428300967081,20.3563584751765,16.5452489054409,12.5231329617136,18.5312579379705,26.5519843940681,107.446658698096,55.5395166504394,54.832229263528,128.110042168882,10.8191818972333,90.671003057166,72.6575579021053,15.1274700429513,79.4835083640689,17.87471871649,47.2933648622279,153.306042849774,18.2173020429403,105.4565069533,81.0303238481259,48.5327107548961,73.4011248239767,13.2032753791501,59.4058161944977,12.9692885474876,34.1849778006944,114.110542177095,14.6929888140151,56.5658037854035,61.3021420939014,64.2625785967119,65.7563186853305,86.0793091254509,115.274216758525,101.942096252647,63.5104164185362,38.2734272161157,46.0977304081345,19.9578475275351,78.9235829591251,77.5440848061944,11.8132484162252,127.530133950068,74.2595658114618,26.5519843940681,79.6372384996706,68.7432364007452,24.7789852064395,14.1412559089827,86.0326382353983,15.323357786856,14.1385194319861,59.9059174018195,11.3278920312629,80.2162748492116,14.0771874407196,22.9415701380515,71.872235774386,83.6479038685365,52.7637529802291,107.858495332772,19.3506904271334,24.6518295932401,79.2002204299603,41.6595501316377,3.98276934679902,65.1795011209066,16.3561484449821,27.9108028805283,40.9604524109867,16.58455988192,71.2044802261898,66.5591238294981,31.0678759735746,128.701824595813,53.4922355082424,62.6501793356777,108.129995414484,59.6890661892596,69.63293575395,134.602937967064,18.5312579379705,76.0649817342618,25.2645462579094,89.1894193746716,79.9618451342689,85.1610966348787,37.0421727128441,43.7617523174212,99.6259445169057,92.1130492174551,80.6337853092967,11.4078727273269,75.0505756293493,122.545397897838,27.4635335169081,13.6520381701019,88.1603618856302,72.8143196495003,71.1639106909449,22.9498744573642,136.542918013049,26.8458784352842,75.1798428815442,112.586369357506,70.6089624489267,95.2862843152865,108.389588985901,43.8451598194556,17.0702251548313,143.930860975925,10.6282775216229,76.961177781143,10.5488739436948,21.1129871764706,103.58329653167,61.7626165022906,47.7805965277343,141.885914212242,19.4350276579947,55.6910214347773,72.2723622553006,54.887500288485,20.2856707176785,19.3506904271334,89.7985798474893,87.1137840011235,79.5472114790411,39.5136386183476,76.1383412810305,9.47786200166831,71.5734801181493,18.1724341783862
70.8280891976005,37.0282591911615,65.3063167515132,53.4987678677823,58.2804506353885,88.2073720819737,39.5992685788856,43.154029881058,111.622638920161,50.7894205809942,87.4057497189112,70.1408259270798,72.5773267437181,13.5371724992861,67.7926755199669,71.1123579041821,81.1998559895014,41.5829221625212,12.7392018505209,11.9922857875582,61.2094871713225,13.0046073459222,123.411266006552,10.5632370498543,12.6988567908582,77.9410945147593,83.6163430941192,38.8257322116194,104.44593496053,68.7229567827586,7.8289990408132,59.8724264000328,44.0283829816552,66.6807448725606,16.7873463929581,73.3804213370804,20.726869801577,14.0855325256616,55.7557335346501,8.5566468575233,46.0364235217006,105.761442567395,130.271296622109,48.3745037745998,58.7587522929154,48.5705369456683,14.6841982515611,61.3072366064299,64.5029028716611,44.7202222925502,19.3817014662115,71.2472821806267,3.98276934679902,86.5909338280809,59.7407842341973,9.02426020120461,60.6778272297946,84.8900649405204,84.9674169590008,66.4862742318348,24.3525316893992,15.5517331134457,15.5761515299057,47.7836212356958,32.6683254123106,59.2409598114234,70.2321731742495,20.7956594192946,15.6496385552347,13.6663594869288,18.3126624409916,25.6538563095835,93.2911830395483,50.1738995937702,52.5639687750182,121.40292543522,9.24954237369609,70.6203061081169,70.935172532355,14.171468299586,78.5459175609711,17.4874885582408,54.6170516054995,140.628433054627,17.6199753719765,106.241110608643,80.0744867446094,52.9891091891163,71.5557490439493,11.7067171678472,54.8505440132544,11.9922857875582,33.1355290763178,115.376753121413,13.0046073459222,51.8629185798588,61.0211729629505,66.8057955721741,56.6872647629324,84.6477555651182,116.553340247666,101.906638134869,63.0980127773956,21.25270922634,51.3143866069703,19.3690865516108,65.1102947557684,77.0442979598047,11.6856424186244,123.216392528006,75.7523726664057,25.6538563095835,72.5465197528555,69.5060356708021,24.0245746086879,17.4716481150303,83.4946561219,13.5130183630834,11.6639809434847,58.6419396316067,13.3414606655709,80.4320982692477,14.4387564071059,22.9415701380515,62.7228677035478,75.5667636854757,47.666299670607,107.820979337208,19.3120704328101,23.3235051138309,77.4844611849116,23.1329768418289,3.98554483319233,67.4093828481884,12.7392018505209,27.3392812681079,43.6482989234907,17.3531561687395,55.4585481608993,69.1932274912477,31.8534695256588,124.34845041939,52.3263944738689,64.2756368886626,99.188209014328,57.7929553975771,71.6490981045253,135.604393071163,18.3126624409916,92.0653409386733,24.5484293325998,82.3503233573979,77.6892743453869,85.1314753860954,39.838027522375,51.5405421933777,102.699925158088,102.53703549486,77.1973511388516,9.75695273691436,72.8106503270094,116.474622532686,25.1924425993474,10.9600707701868,93.6310583046714,68.5145826256462,67.7773254539022,21.7483489219537,137.558806701943,26.6081546459921,81.3096270416873,104.0916211854,78.732437779131,94.7709803943231,107.524702097992,44.7065109212025,16.3314168870983,145.205253059318,10.3046934389271,63.4913517886855,10.5482962837884,21.2628109689897,103.159302029664,61.8962400385714,48.7411085001717,143.142199935755,19.0370620963418,51.3356469439129,65.8373953531975,48.2760324800096,20.128453354975,19.3120704328101,85.154088401867,81.9696535037066,60.2047083210752,35.3739698712744,80.2302597097925,11.6222618221396,66.198764523129,20.2708861494066
20.718002017616,7.62491270901319,18.6569677907174,65.480252388527,55.0320108548983,89.5251297272289,10.9872368890512,54.4819721760104,101.923645399848,44.1819093656092,79.8074830597644,56.1414979268551,70.4146771652759,15.8912862925535,68.258949298999,93.7591070844277,87.4916175085728,12.7213375391022,27.2101804895396,46.6841049993347,19.1313621087158,72.9418614420771,105.820965911788,11.9437437200521,24.6993776082862,19.4813130604744,97.0595620430252,10.1213122439975,20.9986489117563,63.8521220977926,34.0337141688766,17.1556300455442,44.9993492875212,68.3060480234038,66.605931837104,95.2813457767216,89.4747833912019,16.7186993473329,63.0659508803146,8.96134903540374,44.9760740610132,116.99272391972,107.804040962231,38.8035066229951,70.4085317994277,52.9670646780245,17.5553648392811,69.8950047302119,22.8906827842231,45.7987809440061,78.7564649324027,90.3817554327465,8.15324803151877,83.150889923789,73.6195626660338,25.920916723937,74.2282857851864,98.5287494359993,91.4739828575745,68.7816659588507,11.2384586638826,15.8889397615933,14.4444311437114,57.9415111707771,44.3352935492402,20.7101783906158,81.0445710550538,20.5790659160599,19.5264581616695,12.8595677175483,19.0221259558812,25.0415242827525,98.1702906178421,15.8912862925535,51.7318418486064,125.447236819422,15.6824710843454,90.7063586644905,77.4747044276006,15.8974694385009,69.5958534450814,70.591546188053,14.8055649300675,146.53781614594,18.6569677907174,123.477363359814,19.0221259558812,40.5603847273213,47.9078625994666,55.2244387364327,17.1556300455442,59.0740667407261,10.2187320211994,132.790577524555,57.6433231413415,19.1777785589043,61.2495797714055,49.3072168656728,54.6386849665524,96.963751179445,117.805793779727,82.7201441488413,74.9210537277432,59.3560131725183,20.222837984473,71.7538341720739,73.3712279241434,74.000236612286,12.9672301423711,132.436458755528,74.8134458485859,89.818421765455,87.428457423932,125.420466246194,9.05687885200437,61.6348226146862,86.6118515072231,16.1127982803418,51.4904439108397,67.7204638357982,58.6058407082322,84.4201429838738,59.0705487471071,103.061328392641,70.2744436282858,85.6716242928992,15.8912862925535,110.696011662069,67.2622569439903,97.6065333306294,94.8564924358258,72.3136190541293,9.55210257596023,15.7657141494127,65.7982451847796,36.203591605126,53.8461201131297,16.5988811795352,82.9352580965592,59.0997608400454,39.5602742413303,88.9504211929364,14.3465926662923,61.4243155049268,115.252763112417,72.3398127819435,74.5188253834204,130.442710662198,19.0221259558812,85.9993599047705,96.7547531593102,91.6717705607317,77.4509265381254,27.0397657135774,9.90352435776046,17.8615849094611,104.284646685678,103.551676356466,26.8232500134056,16.6507054002735,79.1407632847873,114.707157488838,102.837275817168,47.6153200749778,77.503037455076,85.5281500440415,15.0006144973843,88.0363337778456,138.824015737981,31.4427102405672,68.9647381777628,110.889294720757,62.6186209328315,96.4027953486808,102.910644062399,47.4800000762758,70.7367966306513,141.425564869954,9.05687885200437,76.4715111222542,24.7839911913279,94.3128720844454,93.7354139096757,18.2662098670067,14.1195768800948,132.887194917257,37.2140973630897,18.7415134949059,50.1377991692764,21.1110463088659,59.6647460430065,85.1136603325216,89.0170016963715,94.6428497446695,84.2829124455147,37.3030550681616,17.8883872171634,11.3467821985583,69.9997232220011,19.534909397126
20.4867036720746,8.29588904980299,18.5570513468089,62.6504678580157,52.6795244786047,87.0761242638044,10.3009688647675,53.1370141533597,101.453937465157,41.4222863634299,74.8069545613384,59.0281266948274,73.1576249215691,14.880174292529,70.9179223904633,88.9877586613589,87.8093637730004,12.7802172369709,25.8254696512285,42.0973031994581,19.5506306354586,75.0089750766096,103.576123654651,10.7210797024602,27.4429170732071,20.6588945878654,88.8735235387318,12.2715132122681,20.9305526642112,66.3394307398759,36.4784453306116,18.1099192523811,46.6804113072205,65.4188024864594,62.1805812475487,90.4325314795648,88.4758758059789,16.6364602905747,59.0532650250533,9.06018924646443,45.4721427483626,103.289760628948,107.790107544985,36.3798212056016,67.2032587413621,53.8935582167103,16.5189502821696,65.5155662408499,20.9600743339382,47.8866153524528,79.5788884892031,85.0458955468735,8.85197449094688,83.7204348883197,69.8731043735365,28.2019030797264,76.3318556500216,98.2092318260758,84.7666206352456,77.413602750276,11.251140441031,16.1534645014726,15.5843783475019,57.7356873537091,46.2171303643246,20.2924145334375,75.8879627842057,19.9003845057128,16.7381445834736,13.3605019522528,17.8040119497454,25.1324684328666,95.4229676595741,14.880174292529,47.3345766264963,123.000300848377,11.2464178795151,86.0903628979522,70.8831487653599,13.7805538483897,65.1391652680056,65.3666361803769,13.0724355515554,140.206296448591,18.5570513468089,120.857965580919,17.8040119497454,46.20415539785,47.6767483519,44.8758916530998,18.1099192523811,53.2699277161854,9.16855218053468,129.826241827878,59.2768885158673,18.3355846006991,60.4013225091172,51.8424472376614,51.3019566912425,98.6236846277876,115.175969237304,83.6721782014102,71.173272143666,57.5978505138713,19.9907834848594,67.2579262835856,65.3608299948845,74.6224722642067,11.9295525952855,132.917432718999,71.9267198852446,90.1446183635458,77.9626457040085,122.620656409395,11.8262973485471,66.8576914853803,81.1849790491733,14.2059994693882,45.8689086449117,67.7642203782888,55.0634074438362,85.1828467322705,52.3072263255336,101.005660170844,63.825917644855,80.2206113421902,14.880174292529,111.970022650205,64.8471859451995,94.2418816186826,87.8355860612765,70.1716439123174,8.56827795148974,15.9837066212518,62.4498093563497,36.6116274614517,54.0284663072396,17.3378711401853,78.7147292835076,62.1384946843654,41.2093891252648,89.2734654440105,14.3798143268625,56.5514552418044,110.272989569912,70.9733933409543,71.789885702633,127.675552882954,17.8040119497454,91.5969631047241,91.9170874133915,96.7710517288087,78.7102275226046,27.3509689639791,11.9484920041394,16.7819404273844,100.140686395237,102.363434010882,25.9142090189841,11.6419134017547,76.7826542036364,105.032714413302,98.393943341068,47.9261127246243,80.9631648504153,80.4788320401163,16.3226710648968,86.319123599753,135.879060415103,33.8092943665105,67.5301481017877,105.300570680732,59.1703345452815,96.3569317401849,101.761736861309,47.5425622273156,70.6243281221904,141.407285950286,11.8262973485471,68.122635797797,24.811958109438,91.7327069718667,94.5241573143188,16.391445472696,13.5747637290784,132.870019561704,37.6335222160312,17.9315831261044,44.7094182853905,14.8322468194603,60.3909167947199,82.0576294764477,75.983186788812,89.0554280020916,61.116945251333,37.7144933261269,18.6628267638717,10.7218331592069,69.9356826180965,18.7314015811158
21.0623576828356,12.752435930027,18.0750551012123,66.5292748408624,53.7716701636744,91.9013309150753,10.6450216207251,52.4069696606816,108.136870211416,42.8057923198597,76.8912856751697,59.9645482372062,70.6407137017511,14.9190652777633,68.4780657830066,97.4050388837926,89.7958565770291,12.9921422750499,28.2682799680674,51.516934548098,18.9845765980318,62.8685092276042,103.232951123239,10.8293303593987,24.6993776082862,18.7448748926392,95.2410684156452,11.2790924114437,20.53616948901,64.0570923271058,31.391828316129,17.8404797857606,46.8689389514177,67.7792245049407,65.3896530687119,98.9864715960281,90.9619513395809,16.7054900682357,59.2076072802566,11.2252595593121,56.3384043294292,103.906221220369,107.379016035909,37.594908631974,71.9980679553034,54.3496634620838,16.1475852791659,67.3410132725708,22.4618063304942,46.1488576849603,79.0939274028126,83.1339659922872,8.41871559422265,82.2915251909909,76.4823448844878,43.3519493775755,63.9772769377566,96.3587279572571,88.1089584466672,68.7726413457647,10.7625210492362,17.162577917833,15.2985217402716,62.2944650865717,41.6642046597414,20.5193730667894,76.0863043884154,18.7584199695412,17.8256935491614,12.9008479202626,18.9681014687676,25.701034990511,99.9554894674881,14.9190652777633,52.9168060957629,125.820372882733,10.0450337846268,94.2335807951542,78.6090221709588,14.4282311281932,69.3981951866762,67.3266889035068,13.5538990504037,146.736013083508,18.0750551012123,120.457534163655,18.9681014687676,61.6999411246121,50.6143345796847,41.3657765868392,17.8404797857606,65.1895292801549,8.98764594498966,128.074047796877,49.6827160861389,18.7547210142096,62.6440454542131,52.6648752414157,51.092748368045,95.3701519616819,113.621501951099,84.5559376839822,72.9528455191666,50.2407443002863,21.8681419473739,69.1319203423826,61.2289928580181,75.6447526554406,11.5941676408147,135.924395897878,65.8438558888241,92.1839411419686,79.267398254315,120.965712237763,11.305277257148,66.5190788743553,83.4470197752021,14.3194166802886,42.9692689037791,68.7116395231936,56.9974190903093,85.3450449093867,50.7509397661268,103.16876256065,58.6384999742045,80.4302768037541,14.9190652777633,113.152668679124,70.0805615650172,98.2956709895821,90.4693819808346,61.208458084394,8.67997105848539,17.3475738712441,68.3568863869145,32.9069561468215,52.4011396305576,17.4870130912345,86.1602919539156,63.1242590697788,38.5059756162579,91.2930803128037,16.2753221373948,58.7888824622149,115.408646046229,63.8800318447743,75.970212678348,127.252533164352,18.9681014687676,91.0263137681418,92.3904103887079,95.3312915510435,77.3275017425635,27.6398544537444,9.42001615175169,17.3713784905861,96.8958728862244,111.9765069171,27.1980734679078,12.0525508828726,78.3029968751127,112.558021118164,102.976366419655,51.80768158056,92.9200548153258,78.6695753263543,15.0839208977277,88.2981931208416,135.428860509148,33.0221058658775,72.0575038633134,104.535094061836,57.605782393068,100.660303541534,104.621130588279,47.9218277083897,74.1516747288935,140.867984748166,11.305277257148,63.8162088984968,23.7344136645693,93.8072513759746,95.0581546922493,15.9677137157557,12.426741941358,132.363277912617,33.8254470254644,19.0417607867192,45.4576577403733,16.8515989383127,59.2239305760534,88.6799430165446,80.5149796568708,87.0533595460109,57.2292174974437,46.7269463382262,18.6961446597877,11.8018172086743,71.2723631485652,18.9163727494874
20.9176859800251,9.75881138241271,18.5829929375618,68.2766576279305,58.207604696559,88.62236327488,11.6190949123286,52.8075693349271,101.916807195862,46.722738711356,73.4842642919754,60.4018046238791,72.7001215200175,13.6974058525169,70.4744253420095,86.209306681987,88.1804902096911,12.6787342559972,25.0191247297463,52.2176545947753,19.4053059839337,82.7992935594132,102.790089819043,11.0627262673836,44.5757858981603,20.6447524376144,87.9210577776608,11.3279626535442,19.7724100926497,65.924566052114,32.5603581516796,17.6446294931821,44.0637100446,69.6308533746612,62.6545822900322,87.6089695664574,90.3371580192212,18.8982484324191,54.3593456677797,9.72252026347926,48.7963128879785,96.9399291453778,109.953316191171,41.0350328236788,72.6511354893268,51.9357811393456,18.0763257009486,64.3571605489363,20.7354432812054,45.3584853135481,77.2004866270314,93.0638618782878,11.6180411764044,81.8647438916982,67.6914664935411,33.175112531992,84.2595665044856,92.7750565263184,80.1671596693233,73.6371389967637,12.1331525439801,15.8694628818292,13.5385943874721,62.5338865229084,47.2325340034923,20.3391275222817,69.8559173529205,19.6002702416096,16.1192631258127,13.2769498263309,18.7080014299821,25.2386908566942,95.7919926006787,13.6974058525169,50.4355584126132,125.396968766435,11.0814099509589,83.4023758894366,67.596631417882,12.0336183498931,68.4465726276437,64.6325114409818,14.9550078154138,143.96862161488,18.5829929375618,119.940780742392,18.7080014299821,44.5783516777491,47.6800324473824,47.5911288574826,17.6446294931821,66.0762204313416,9.87473881196674,131.191800833327,65.4332963288871,18.7163820950289,59.4248612651349,53.0489030333295,49.8275182415633,94.9973972884914,116.387431417746,78.8312848923015,75.7397168102584,65.2791235147148,19.6625258958527,66.0687132598167,62.7128427024505,77.3482605356443,12.2030340501759,133.479208491644,68.0074112989955,90.5256147580372,81.5332178343493,123.910424481369,12.171495342007,64.7955628850159,79.7495164984458,16.3126375771886,44.0106047154933,68.0537007010291,54.5045966702844,85.3859982841221,55.0771548944573,91.1837868396189,61.3551106638981,73.8441801614302,13.6974058525169,105.491944212192,70.0340045505454,96.3920942955904,86.849115279012,79.5297631650261,11.0232718024131,14.4473137911555,60.4999479481323,38.5162542138664,55.3814007030671,17.3601996923379,76.2570306216527,63.5845557991575,40.0726451070934,89.6507799090932,15.7601208512866,63.8346509713033,113.232078101095,69.1583267132607,75.4359012035407,126.706629727647,18.7080014299821,84.2934146773503,95.1639580913718,94.2847579619046,78.8140080050215,25.768565762563,9.23688091486236,16.6116289710603,97.9832110522328,100.682580727852,25.5366812844062,12.7693831450348,68.1656670835538,103.907069110993,101.034267054192,52.7647048040009,87.6592468831658,88.0662242539305,15.5263556460216,88.0010566748709,134.847881266199,30.6856798936644,66.6742600385344,102.127345559482,60.3528460109814,97.0322209087299,103.902516018149,46.0891538949259,70.7567326771472,144.24514807482,12.171495342007,65.3627584533111,26.7570451399563,60.2420865007984,93.8328758498863,15.8403625366403,12.8350707731844,135.536549744123,39.591310442619,19.5418901675635,46.7570425219979,15.1001547258724,67.3875160142587,88.6210297701583,77.9111961581109,97.4514054770646,72.6164730352832,40.4715525929232,18.2157017547261,10.2384445884185,74.0995163952213,18.0399126663637
21.5795370786782,10.6152752372774,19.0301709345512,62.7592799069691,48.5681644035162,86.3659004082646,10.3413915389288,55.2023835457822,101.540810135155,41.5848341399223,80.4916776781416,56.7551722051564,72.687807398924,13.7066505492837,70.4624882146773,76.7929174255867,92.4875272869589,12.4624456100927,22.2863592502746,43.2901148829107,17.7701341493942,78.175465047061,103.220646920313,10.4387691809873,14.017407830234,19.7684705950617,87.4429087480358,10.4374862223517,20.4934604530732,65.9133995908699,33.8058739543205,16.0328391609601,41.1477010893717,67.7361378449485,64.1826849778175,78.0396992458754,93.1954927002808,19.3647068366796,54.3960340504235,8.68739258611534,43.6011152792485,105.363798743598,108.458529396188,36.5225815301832,65.0074331985165,50.4165918394756,17.3118756317413,70.4942190426349,20.6226758471644,54.1940338265234,80.4044383215175,89.1281795482321,3.98276934679902,76.9758165074593,60.2977265091671,36.0866643236298,79.5541907785162,96.158330878466,85.6015669239504,73.5176350097427,10.2459368670483,16.6369897501978,15.3561767102268,54.7181514454133,40.4646774024351,21.1323113578561,69.903064731063,20.9102266840755,14.123011286205,13.2747009446991,17.1386585815038,26.4714349369662,107.924767230243,13.7066505492837,48.8702453486641,116.273022382067,10.0332645295787,74.2925794357824,71.8296312686989,13.8438113457811,62.7048508484326,63.4357533159813,11.8845536760649,132.051094332273,19.0301709345512,120.443176984787,17.1386585815038,50.0355678475505,46.0245025935757,43.7128029906145,16.0328391609601,54.7793116274417,8.90494068511639,129.623133571698,61.7792513700904,17.636720612255,63.9249284167907,49.8461866445788,51.5443379471206,87.6934204606351,114.995780779745,80.9975930379298,65.8297884801187,17.9777072986235,20.3833344575731,72.3689843472987,68.8806645704858,77.7662811661656,11.7054958019847,139.998790075402,73.9496837162749,94.9471957480971,93.1945711901594,122.42882101969,10.3458160920924,72.5275551459775,87.3543804082355,14.8083008307125,48.3390573655766,68.3686466651529,48.4956276938687,91.9425981859915,48.1462528379013,21.820139611642,63.578068570809,73.894019310605,13.7066505492837,108.390895540428,64.0753630150069,93.2815359222602,85.2409867684223,21.9022978056284,6.02294922516454,17.5931895164419,53.8917164033285,33.2954645684488,52.0455964072837,17.0624364912396,67.9276992361266,59.7457714457572,38.774752013567,94.0296309696423,14.4993458673306,53.8538523039355,103.858880213253,73.592959040492,76.1483008287788,127.237366098275,17.1386585815038,76.7828900947574,89.8534042122824,85.6720941812563,79.8596371039974,26.476693937676,12.2675757453588,14.7802464963185,93.8815804743892,104.373503582278,24.5468295727078,9.67788763490475,71.6378273731554,103.341981912062,92.670787425155,41.8684831329511,95.9221784592279,84.341892642545,14.5940022922614,81.5980556233487,135.412718917111,35.3413522738906,69.2772030160319,100.931309053767,52.9999862463524,98.2151955084854,107.19006868746,47.4332102040406,71.1847283701578,142.284172725903,10.3458160920924,71.7912001180626,22.595198919573,21.2516388664246,97.1176105671629,17.2208571783805,13.9565586459399,133.693965529174,34.2247993987459,17.9627269047168,53.4445057327525,16.2962212473134,21.462057317186,81.0809647360427,88.4275260051822,93.3301733807996,75.5204028767307,36.1626673348294,17.8891503662226,10.5289329068638,67.7246680834171,16.4364512697123
20.8935886816948,8.83014027555152,18.2173020429403,64.0638459875143,51.3591303248783,88.8798993799717,10.6589951401073,51.1430055906562,104.729397804136,42.8619826771894,79.6190260873277,57.0735501943885,68.5724733494389,14.9848431856256,66.4731440957956,88.1777458829127,92.7689559337019,12.3313888648931,25.5903928188466,49.0676151722492,18.7686983432758,70.3423345661029,103.622864236732,10.7521362713925,14.017407830234,18.7966334054541,94.7429000370726,10.356459615297,20.4096944161805,62.1816092485787,33.466790397208,17.4954449977798,40.5176337435842,64.5399410715745,68.5339033894204,89.6093676288554,90.2330890773136,18.6018517033015,59.4686526248489,9.55799569410372,47.9705812723639,102.375011649158,109.229598161648,37.6442587604337,70.1143416019274,54.3790143678118,15.6057274861888,69.7299550321775,22.3443175010888,47.5602697729267,80.7799026097859,80.3442741247277,3.98276934679902,80.8212910351346,69.2370831020305,30.0180919412617,71.5829128807766,95.7652883120166,88.7424636294788,71.2763789891115,10.5488739436948,12.828499619663,16.1579430645435,50.9317183418486,40.611219357686,21.1503272055555,76.4217676246481,20.3563584751765,16.5452489054409,12.5231329617136,18.5312579379705,26.5519843940681,96.9888776885407,14.9848431856256,50.6702111171456,123.725228146058,10.8191818972333,85.3067237199639,74.3724173309631,15.1274700429513,67.7999249187631,67.6266717392785,13.0637777094239,148.058846961843,18.2173020429403,120.912504903892,18.5312579379705,46.1963147518861,48.4312356503929,49.9528738947573,17.4954449977798,62.0901605275504,9.22328033338127,130.834899516288,55.5890107785377,18.6241346122507,59.8993680743512,50.1258074801464,55.6233954819633,89.8804451027675,116.070804713211,81.9352866109318,75.7690964024785,32.3755651328314,19.9672265929901,71.5843950439326,76.2222706542363,77.881804041217,11.8132484162252,140.424789896052,71.074209412045,95.2361088761184,83.1539020913135,123.573331816954,10.6282775216229,58.1288875632489,86.4073267347783,15.323357786856,53.491248039851,68.685894696164,45.158237713656,85.4352207884325,53.2592064336986,21.820139611642,76.2630209363687,80.7848925412979,14.9848431856256,109.645716113585,73.210818598052,101.333533589727,90.8724801013439,39.4432536577725,3.98276934679902,16.1287463264727,61.8813587699868,33.9878828294339,50.5825333422024,16.58455988192,77.9982269518306,60.0809257204947,38.6111505471969,94.3157520561692,15.1917313584559,54.2911459153386,116.449061848966,68.4372611688495,72.7078240167585,127.733168764382,18.5312579379705,76.6890035226388,94.6916891348214,93.4875848591138,80.3100941752786,26.7832095365787,9.2898318549265,13.7630940455188,96.2160538388677,102.242810207007,26.5484510322326,11.4078727273269,75.3774351577439,111.969274605671,103.904704482719,51.7246986975726,83.3609424223607,76.0296931567409,16.4518433728645,86.8278629164682,135.940378276327,33.152283754787,64.4432341685852,107.166388909912,55.1165412717315,93.1058527758434,103.782819703359,46.6977669646313,76.0481205750088,143.295719554162,10.6282775216229,79.4430239619975,23.263261156903,21.2516388664246,95.7208483763165,16.9979722577102,13.4138690258483,134.644441637637,34.9365442681867,18.3361149402189,47.6864600616265,18.0715578228285,22.3367682617334,92.6409702845572,86.7250497363539,84.1321462215826,79.1961837101976,39.7866926407849,17.8967100241954,9.47786200166831,66.1407241085442,18.1724341783862
20.726869801577,9.02426020120461,17.6199753719765,59.0536660085484,49.2995444296739,86.1889269565186,10.6840834365702,47.6348104654873,102.694915784107,42.9628678088794,77.2702469699084,59.332258526265,74.832398136021,13.5371724992861,72.5414228385911,68.6783998876573,89.6310208002742,12.2464730584534,19.9314148223827,45.3712523940666,17.0772900726007,62.259248435219,104.393825464314,10.5632370498543,14.017407830234,18.9952412733396,90.0494323635856,10.4753794027411,20.7435500697409,67.8581172989905,29.6199988697874,16.1538842045415,44.3326355763268,67.1415337607323,63.5127400826071,69.7934373585207,89.5130806675704,14.0855325256616,53.7234456784269,8.5566468575233,42.9449161345567,110.431712675743,110.196738455437,37.7328628278429,59.014657832646,53.6137257167125,14.6841982515611,67.6729057276742,21.2374025572096,44.9652813579802,79.6702041576243,75.5998879686573,3.98276934679902,81.8769534828515,53.9262149732233,30.6780032896713,63.3572710409947,97.3317881461575,82.0592427436356,60.4130769608541,10.5482962837884,15.5517331134457,15.5761515299057,58.945261735919,34.8690616777487,19.5049223427032,69.0387372239978,20.7956594192946,15.6496385552347,13.6663594869288,18.3126624409916,25.6538563095835,84.2111541752613,13.5371724992861,48.574122022006,117.247675457561,9.24954237369609,66.4422664254213,72.6093803225295,14.171468299586,67.0001541567154,66.1616368363623,15.0867890960375,135.815152886842,17.6199753719765,121.812102245631,18.3126624409916,50.4381792907689,47.2136272080106,44.2908406902215,16.1538842045415,57.4127830462985,8.94013374668851,132.286689846135,49.2012392491282,17.0757226517964,59.6248283467413,52.1095561450152,47.9518654593232,88.3856762378869,117.358767424103,81.9067873829422,75.2770912637248,17.9777072986235,22.2268206219729,69.472639343381,62.8817689615228,77.3798405280723,11.6856424186244,135.674883234022,72.5029824712546,92.014721624257,75.7500676096325,124.944545222721,10.3046934389271,71.8187603251079,83.858291226556,13.5130183630834,44.1291537477764,67.2366648406089,53.1852572853376,85.6650858822274,54.6271555571923,21.820139611642,66.5547039315769,72.9803450140132,13.5371724992861,109.607578476056,73.0647048762027,95.8733379177119,88.9038580822641,21.9022978056284,3.98554483319233,16.6805332548606,48.1971121017316,33.2919225705842,53.9017858854431,17.3531561687395,60.749947364714,62.458652128779,39.5874860692722,91.1254961237405,14.8606338892141,55.699728526339,106.819332063436,66.2632511241288,74.8130171381979,128.683512313741,18.3126624409916,92.8206264510105,92.0076780869533,86.3189030383632,78.0276259084617,26.7738936383077,9.99100619674161,16.2095275394651,99.1848215459727,113.813132323314,25.4170145760424,9.75695273691436,73.1277545547707,106.422429717243,95.312327595118,41.5254009129212,88.533816029544,71.5400860553917,15.668924483954,82.2820474405242,136.951784028193,32.8587159158028,69.6976095555808,99.0805833945661,61.4576323709096,92.6023405301431,102.954692197835,47.6151583754446,72.7567181642753,144.564487970787,10.3046934389271,65.5388226499311,23.2619872528509,21.4024465709717,95.3290370051995,17.034747402471,13.6835220384171,135.836609942144,34.2211585375067,16.9021199224454,43.4405660213701,15.8947503135294,22.1636545478068,92.4560779800697,82.2395249952527,79.1640835417889,59.9390355961251,35.6184172342778,18.8585365669081,11.6222618221396,61.1739741231403,20.2708861494066
20.718002017616,7.62491270901319,18.6569677907174,18.7415134949059,56.4560877143559,89.1336836559928,10.9872368890512,15.5936267732635,99.0666074325964,45.3252154842991,70.0538730910528,57.5942852557377,69.7616550934421,42.3167658296186,66.7495902540151,95.1735434948718,25.0415242827525,28.5834854707367,65.9635155882697,50.0044926061162,19.1313621087158,70.3958790240682,108.559321033823,11.9437437200521,7.06936369174073,19.4813130604744,96.4450297320554,10.1213122439975,20.9986489117563,66.0198065320629,36.4543479743376,17.1556300455442,40.9927263137277,62.2242582732682,71.3432511155437,96.9971279025861,84.9686272405881,16.7186993473329,58.2690971696189,8.96134903540374,44.7971493421239,114.687163977495,110.593712604344,47.2295643699717,54.0398905298242,15.1600356021639,74.127592443509,20.005087436213,68.5455487399987,45.7706668696504,87.5970908263104,87.4217110315877,8.15324803151877,83.0390864177067,66.1235400443712,26.1657766447805,72.7654788981207,105.50983929952,92.8539462124472,15.5810697416529,11.2384586638826,15.8889397615933,14.4444311437114,54.0347400582546,10.1421031342995,62.0160855693848,80.6069420834616,20.5790659160599,19.5264581616695,12.8595677175483,19.0221259558812,25.0415242827525,88.1744866141591,15.8912862925535,59.3340042986757,127.339715799488,15.6824710843454,92.6061261901196,68.2004157699037,15.8974694385009,72.0533415804796,75.6123406342503,14.8055649300675,148.748464573694,49.6814746494424,132.2261455646,19.0221259558812,41.2568100801805,17.147275508436,59.1522540383331,38.5468666829158,57.0121295717438,10.2187320211994,142.199231953179,61.7431805933573,57.4273544972763,60.9817677342777,60.0141218031418,56.0525836354058,95.0528995206649,107.316677664114,100.138204072856,16.447460447655,60.8919833018221,20.222837984473,59.5405466021836,74.4780957205853,56.796592451336,12.9672301423711,128.561281108041,75.2529439617397,74.5303437588566,85.7055165221931,139.145869691233,9.05687885200437,68.5534979163454,66.4762473299262,55.3808558248751,55.1526803793692,72.5186841150896,14.7012077874662,78.5519066739517,63.2719170284198,104.917208824245,67.9729230126429,86.964054100626,15.8912862925535,110.74156295766,72.0462570734595,108.563130312451,95.9523155733362,72.7594073861129,9.55210257596023,15.7657141494127,70.4781180850445,39.0478742696205,46.3145286096181,16.5988811795352,17.3914388283205,53.0821599721687,9.18536530542434,78.7073641434127,14.3465926662923,15.1232364100937,114.523040606254,77.4653293101834,73.0502928714023,137.641021210553,19.0221259558812,85.590824063382,25.8149892477426,92.5012382231594,59.4450627585417,22.2554278522699,40.2059459540941,14.7012077874662,105.85786987337,101.83921733898,80.3215180818587,16.6507054002735,60.7420446791847,113.509076665054,110.151534409967,12.5674229819288,77.3988279712395,83.8426582453425,15.0006144973843,94.2978815064911,137.367550781285,27.0447397127429,68.540756654885,112.793273608615,19.2894568940088,95.9812768810685,100.339546447436,44.179557189133,60.9496311863641,139.941805895551,9.05687885200437,75.924105869659,24.5446740389536,94.0164690282698,107.510137917208,18.2662098670067,43.996146443857,140.220401135206,41.2866264760712,56.1209702146514,17.9454187495267,63.2164740282057,57.9189164400299,82.1428301610012,90.3598993866677,96.0706181698371,83.3986626435436,33.9816897641031,61.8031534398886,11.3467821985583,80.2864102676872,19.534909397126
20.4867036720746,8.29588904980299,18.5570513468089,17.9315831261044,54.0427254703877,86.6953863989682,10.3009688647675,15.2086779068171,98.6100659559694,42.4941810399941,65.6644803250311,60.5556120252268,72.4791648942002,39.6242846204291,69.3497674641014,90.330215195433,25.1324684328666,28.7157818572903,62.6066692416129,45.0914564305073,19.5506306354586,72.390841566409,106.256388442319,10.7210797024602,7.85460931969791,20.6588945878654,88.3108211047349,12.2715132122681,20.9305526642112,68.5915555975736,39.0729596260478,18.1099192523811,42.5241110199737,59.5940854380954,66.6031493006317,92.0609984144559,84.0200269418256,16.6364602905747,54.5616198582071,9.06018924646443,45.2912445590829,101.254243149147,110.579418628637,44.279583391564,51.5797823476299,15.4252131255369,69.7513281735593,18.7516208939419,62.764392412147,47.857219638486,88.5118336485609,82.2606030312576,8.85197449094688,83.6078655801641,62.7585501428106,28.4683101605131,74.8275939933467,105.167682803377,86.0453976878985,17.5364572315867,11.251140441031,16.1534645014726,15.5843783475019,53.8427941419618,10.5725904849541,60.7651026649448,75.4781787520721,19.9003845057128,16.7381445834736,13.3605019522528,17.8040119497454,25.1324684328666,85.7068990183192,14.880174292529,54.2905466473003,124.855865704161,11.2464178795151,87.8934523187072,62.397917521519,13.7805538483897,67.4392839945068,70.0158110692049,13.0724355515554,142.321428480425,49.4154080339673,129.421154734058,17.8040119497454,46.9974847866818,17.0645546467253,48.0676708355505,40.691052512013,51.4105797821912,9.16855218053468,139.024863205209,63.4929326276577,54.9054267961734,60.1372194526268,63.0998693673989,52.6295100230938,96.680120882845,104.921005739352,101.290704243418,15.6247078794042,59.0883242362939,19.9907834848594,55.809891421978,66.3468540797594,57.2741701774181,11.9295525952855,129.028181457873,72.3492596749355,74.8010181273304,76.4262462861407,136.039662336313,11.8262973485471,74.3626479236849,62.3110192523438,48.8270500737476,49.1313157490711,72.5655409542651,13.8125924743204,79.2615931486048,56.0275561045642,102.824523085925,61.7355892454022,81.4308079521931,14.880174292529,112.016098200016,69.459415151482,104.820787358596,88.8503006583595,70.604227711903,8.56827795148974,15.9837066212518,66.8915261470142,39.4879668711802,46.4713695854621,17.3378711401853,16.5063982513696,55.8114866859198,9.5682676722569,78.9932083379959,14.3798143268625,13.9234929999023,109.574796484228,76.0020945034923,70.3751320394353,134.721161444896,17.8040119497454,91.1618361173598,24.5242589720998,97.6466588822125,60.4116002733306,22.5115677005241,48.5080266778874,13.8125924743204,101.651394393733,100.670625243312,77.5994186854735,11.6419134017547,58.9321510008761,103.935680158741,105.392171754287,12.6494525195152,80.8543029284071,78.8928464750989,16.3226710648968,92.4585354666602,134.453492304346,29.0803037975421,67.1149861539738,107.108590688077,18.2272237972085,95.93561380989,99.2193432991819,44.2377705026397,60.8527238561303,139.923718748219,11.8262973485471,67.6349942158656,24.5723709051923,91.444412764546,108.414789731048,16.391445472696,42.2985262261826,140.202277980099,41.751951137025,53.6956549851314,16.0024820888176,44.4147737693406,58.623838959257,79.1934678307181,77.1294582211849,90.3989053861116,60.4757399919572,34.3564946484138,64.4787890661795,10.7218331592069,80.2129586887064,18.7314015811158
21.0623576828356,12.752435930027,18.0750551012123,19.0417607867192,55.1631328775552,91.4994949720537,10.6450216207251,14.9997272963304,105.105668348082,43.9134883198149,67.4940765198982,61.5162655778208,69.9855953787763,39.7278470813114,66.9638615792495,98.8744772972141,25.701034990511,29.1919547619236,68.5285835220397,55.1810551522161,18.9845765980318,60.6741298139802,105.904335551036,10.8293303593987,7.06936369174073,18.7448748926392,94.638049891342,11.2790924114437,20.53616948901,66.2317351953478,33.6245590859824,17.8404797857606,42.6958526616532,61.7443417266976,70.0404650241769,100.768973903089,86.3808979861622,16.7054900682357,54.7042227007914,11.2252595593121,56.1142777606308,101.858555234252,110.157689203626,45.7585231785417,55.2598898347582,15.5557578668819,68.1832380858587,19.274093531589,67.2612894568825,46.1205287122313,87.9724343704415,80.4112900561609,8.41871559422265,82.1808771745278,68.6948307150178,43.7614701906724,62.7164853091974,103.186064575806,89.4381575270408,15.5790254014363,10.7625210492362,17.162577917833,15.2985217402716,58.0941911939397,9.53106716657571,61.4447240356341,75.6754493402823,18.7584199695412,17.8256935491614,12.9008479202626,18.9681014687676,25.701034990511,89.777914607303,14.9190652777633,60.6931028967948,127.718480939807,10.0450337846268,96.207222987986,69.1989473846258,14.4282311281932,71.8487038426823,72.1152717293749,13.5538990504037,148.949651481768,48.131904491197,128.992351417992,18.9681014687676,62.7593345095115,18.1159812319341,44.3079002909519,40.0856508350494,62.914136356198,8.98764594498966,137.148520394701,53.2163786628555,56.1605197845223,62.370136155739,64.1008849900427,52.4148879647403,93.4907051492661,103.504944106552,102.360553532581,16.0153786088043,51.540836378488,21.8681419473739,57.3649111902937,62.152684641849,58.0587898679754,11.5941676408147,131.947158921889,66.2306613633972,76.4932258584795,77.7052862526751,134.203609155006,11.305277257148,73.9860251325483,64.0471786365052,49.2168732500607,46.0254403339179,73.5800878991964,14.297737073128,79.4125165612073,54.3605793090582,105.026577616746,56.7180619089122,81.6436363967682,14.9190652777633,113.199230886566,75.0650124418217,109.329625534843,91.5145233250386,61.5857869581198,8.67997105848539,17.3475738712441,73.2187415815362,35.4922434279993,45.071661161419,17.4870130912345,18.0677251308744,56.6968794871361,8.94057129936614,80.7802551082722,16.2753221373948,14.4743683418007,114.677936567762,68.4061447341156,74.4730778712835,134.27479793585,18.9681014687676,90.593897623127,24.6505455587483,96.1938714169649,59.3503318747926,22.7493386280959,38.2430180006816,14.297737073128,98.3576300946055,110.124724447092,81.4439170776274,12.0525508828726,60.0990429873252,111.382387359845,110.30051777387,13.6739403853788,92.7951158288251,77.1192445410933,15.0839208977277,94.5783654866568,134.00801564734,28.4032213214577,71.6145086308224,106.329970768692,17.7452687357752,100.220169241021,102.007298542226,44.5906723767775,63.8920256761941,139.390075596674,11.305277257148,63.3593939691318,23.5052313570213,93.5124373661289,109.027259760828,15.9677137157557,38.7213273396854,139.667572455228,37.5271387910009,57.0200528487973,16.2702934121517,50.4616706832857,57.490999522768,85.5846343517192,81.72961706495,88.3666340131246,56.6288001320402,42.5665026949694,64.5939001160801,11.8018172086743,81.7460687715232,18.9163727494874
20.9176859800251,9.75881138241271,18.5829929375618,19.5418901675635,59.7138571777083,88.2348645241571,11.6190949123286,15.1143854402297,99.059960911397,47.9317944949937,64.5034416264502,61.9648369553915,72.0259043555173,36.4747009942054,68.9160771338638,87.5098478889371,25.2386908566942,28.4877604481205,60.6519102197771,55.9316136216037,19.4053059839337,79.9092446703644,105.450014216115,11.0627262673836,12.7583151023832,20.6447524376144,87.3643858776262,11.3279626535442,19.7724100926497,68.162606871624,34.8762001214623,17.6446294931821,40.1403939129102,63.431106462029,67.1108634706794,89.1865911126495,85.787570696305,18.8982484324191,50.2247242859133,9.72252026347926,48.6021904184523,95.0295469442328,112.798605156194,49.9456593704171,55.7611316181793,14.8648654760236,76.3273515932761,18.4200663394671,62.0917406210774,45.3306415194016,85.8664497537792,90.0159772473235,11.6180411764044,81.754669719311,60.7990489654591,33.4884986485045,82.5990745117076,99.3484780952603,81.3765499150737,16.6809771512481,12.1331525439801,15.8694628818292,13.5385943874721,58.3174693724929,10.8048733369881,60.9049834838699,69.4787054943986,19.6002702416096,16.1192631258127,13.2769498263309,18.7080014299821,25.2386908566942,86.0383494451738,13.6974058525169,57.8472277947845,127.288689409879,11.0814099509589,85.1491677087524,59.5048203333593,12.0336183498931,70.8634786905005,69.2294720121838,14.9550078154138,146.140511543291,49.484487666725,128.438984296751,18.7080014299821,45.3437658745268,17.0657300965779,50.9760281600049,39.6455961650788,63.7698782001351,9.87473881196674,140.487176611638,70.0872123931319,56.0457148973935,59.1650277575281,64.5683031925848,51.1169171675649,93.1252963024996,106.024602533274,95.4304828055757,16.6271820078796,66.96836742492,19.6625258958527,54.8230954649587,63.6589196317127,59.3662646442589,12.2030340501759,129.573519302946,68.4069267685393,75.1171647673424,79.9264536296919,137.470576328631,12.171495342007,72.0690398185383,61.2092743768512,56.067717975959,47.1408407233671,72.8755319214451,13.6724154340018,79.45062317364,58.9944946941802,92.8257820313605,59.3457023388044,74.9581828473311,13.6974058525169,105.53535403935,75.0151440790042,107.212367215776,87.8524337398905,80.0200365177931,11.0232718024131,14.4473137911555,64.8029816548032,41.5422278619134,47.6350656633009,17.3601996923379,15.9910213547748,57.110308311149,9.3043309512432,79.3270732776056,15.7601208512866,15.7166833664985,112.515149555708,74.0584243635371,73.9492960011534,133.69876953128,18.7080014299821,83.8929828470802,25.3905516234062,95.1378685466665,60.4912537722122,21.2091503402793,37.4995326341925,13.6724154340018,99.461371687868,99.0175686359406,76.4689217940026,12.7693831450348,52.3184490990569,102.821791873872,108.220287396485,13.9265337866953,87.541381504322,86.3307149666847,15.5263556460216,94.2600953341978,133.433131717969,26.3935970939931,66.2643599206652,103.88088101399,18.5914925020201,96.6079502958444,101.306637685477,42.8853918919232,60.9668088751925,142.731807589548,12.171495342007,64.8948728737487,26.4986759451236,60.0527598674917,107.621922206589,15.8403625366403,39.9936668180453,143.015957146483,43.9239901479873,58.5176771518432,16.7353717444553,45.217016962779,65.4157130966036,85.5277774291848,79.0865532626539,98.9215433702465,71.8546210769423,36.8680726544062,62.9340027636714,10.2384445884185,84.988681384873,18.0399126663637
21.5795370786782,10.6152752372774,19.0301709345512,17.9627269047168,49.824974720983,85.9882679769396,10.3413915389288,15.7998202272586,98.6945034842929,42.6609351052166,70.654449392018,58.2238397340425,72.0137044349455,36.4993186155262,68.9044039632917,77.9514043379372,26.4714349369662,28.0017829831965,54.0270802825587,46.3691063502508,17.7701341493942,75.4468075163297,105.891712949229,10.4387691809873,4.0120101623182,19.7684705950617,86.8892642470744,10.4374862223517,20.4934604530732,68.1510613256536,36.2103027190133,16.0328391609601,37.4840186780976,61.7050913888861,68.7476518283834,79.4450018261694,88.5019530601263,19.3647068366796,50.2586221167305,8.68739258611534,43.427660448931,103.287408472434,111.265137396233,44.4533436654696,49.8944443789872,14.4300487835666,73.0994583713241,20.1765923207083,61.7540614998733,54.1607662358752,89.4300536791953,86.2091903385843,3.98276934679902,76.8723159174239,54.158147495394,36.4275541873602,77.9864269950101,102.971468696934,86.8929398562808,16.6539059843866,10.2459368670483,16.6369897501978,15.3561767102268,51.0287189629311,9.25666435603623,63.2801516592208,69.5255982835126,20.9102266840755,14.123011286205,13.2747009446991,17.1386585815038,26.4714349369662,96.9357519835007,13.7066505492837,56.0518868839209,118.027100482038,10.0332645295787,75.848574317347,63.2310991480068,13.8438113457811,64.9190118848159,67.9475949618741,11.8845536760649,134.043198157391,50.6752740029845,128.976976985211,17.1386585815038,50.8946829232088,16.4731796262511,46.8218579743136,36.0240755976595,52.8672797500424,8.90494068511639,138.807364053005,66.1732750020827,52.812696927253,63.6454184941685,60.6701271511539,52.8781634382534,85.9652579678167,104.756860785201,98.0529420554205,14.451649949276,18.4429208452914,20.3833344575731,60.0509914877835,69.9197883737485,59.6871034479557,11.7054958019847,135.902333653408,74.3841075834418,78.7861443003755,91.3579982566469,135.826833418218,10.3458160920924,80.6689690933365,67.0461524181369,50.8972035178779,51.7771527730487,73.2127928554663,12.1650724722223,85.5514588911117,51.5706351033043,22.2130665295431,61.4958573434607,75.0087738627453,13.7066505492837,108.435498283093,68.6326966354776,103.752640264052,86.2257274347319,22.0373178603994,6.02294922516454,17.5931895164419,57.7247423820068,35.9112744502762,44.7658486580915,17.0624364912396,14.2443690792911,53.662393086968,9.00297757541214,83.2016791572659,14.4993458673306,13.2593181265709,103.201298040732,78.8072651524133,74.6476564623839,134.25879389505,17.1386585815038,76.4181366518965,23.9736507806897,86.4472753658363,61.2937940411163,21.7919843662218,49.8034305352269,12.1650724722223,95.2978645007872,102.64745380998,73.5048368259319,9.67788763490475,54.9833983197933,102.262606836164,99.2619587474187,11.0506227053603,95.7932028598973,82.6797782595897,14.5940022922614,87.4016834884023,133.992043403978,30.3980689333377,68.8513005213433,102.664308456876,16.3264686263004,97.7857523729701,104.512054839029,44.1360197874277,61.3355869494183,140.791405711737,10.3458160920924,71.2772978888794,22.37701700444,21.1848499905317,111.389359376239,17.2208571783805,43.4881868807763,141.071692329196,37.9701943381269,53.7889142126932,19.1289616043505,48.798606765693,20.8340634432472,78.2508928600035,89.7615309499456,94.7381389590553,74.7280844891608,32.9428391366122,61.8057900676534,10.5289329068638,77.6770283754377,16.4364512697123
20.8935886816948,8.83014027555152,18.2173020429403,18.3361149402189,52.6881631528877,88.4912745599893,10.6589951401073,14.6379602167702,101.79371134355,43.9711327288202,69.8884482421032,58.5504564686881,67.936535780453,39.9030064908475,65.0032732243584,89.5079826806605,26.5519843940681,27.7073124874062,62.0367908351385,52.5575289515661,18.7686983432758,67.8870867357578,106.30433854192,10.7521362713925,4.0120101623182,18.7966334054541,94.1430356642872,10.356459615297,20.4096944161805,64.2925822599312,35.8471019845293,17.4954449977798,36.910050861362,58.7934755177634,73.4083488449311,91.223011412266,85.688742905981,18.6018517033015,54.9454126985224,9.55799569410372,47.7797437448938,100.357521004996,112.056159297494,45.8185895300548,53.81409394436,15.5641585735946,65.8952415669673,19.9578475275351,66.9094722411914,47.5310743897044,89.8476648478748,77.7129618908662,3.98276934679902,80.7126198746443,62.1872892375226,30.3016555086653,70.1722380032608,102.550577756357,90.0812196779661,16.1461955955855,10.5488739436948,12.828499619663,16.1579430645435,47.4975903408961,9.29018716607482,63.3340996422589,76.0091011235186,20.3563584751765,16.5452489054409,12.5231329617136,18.5312579379705,26.5519843940681,87.1133664130791,14.9848431856256,58.1163634776037,125.591729150838,10.8191818972333,87.0934004847147,65.4694951243657,15.1274700429513,70.1939973070014,72.4365907199289,13.0637777094239,150.292441441818,48.5106926152211,129.479558349606,18.5312579379705,46.989509516141,17.3346022103796,53.5057513335693,39.3103945525374,59.9229488070211,9.22328033338127,140.104987648293,59.5427561157339,55.7694822316176,59.6374597992817,61.0104667596572,57.0627757466456,88.1091832082203,105.736167432587,99.1880821272526,16.6336317260425,33.2133555824498,19.9672265929901,59.3999478673323,77.3721488714317,59.7757694570589,11.8132484162252,136.315868439894,71.4917410546018,79.0258812532704,81.5151992790516,137.096593888919,10.6282775216229,64.6540121865644,66.3192706677081,52.6674916164126,57.2957908722631,73.5525189654766,11.3278920312629,79.4964241096273,57.0472454031078,22.2130665295431,73.7653716369354,82.0036018163482,14.9848431856256,109.690835213632,78.4179077081198,112.708496416505,91.9222782089997,39.6864076097679,3.98276934679902,16.1287463264727,66.2826447484497,36.6580915476469,43.5074278834281,16.58455988192,16.3561484449821,53.9634215949364,8.96499150827961,83.4548520624007,15.1917313584559,13.3669838711789,115.711764981125,73.2862689251423,71.2749806661378,134.781956783458,18.5312579379705,76.3246960834432,25.2645462579094,94.3334824348318,61.6395284315133,22.0442659824619,37.7145008169859,11.3278920312629,97.6675553948327,100.55199622434,79.4986397459323,11.4078727273269,57.8536185919519,110.799790122795,111.29488349666,13.6520381701019,83.248856482671,74.5313861758545,16.4518433728645,93.0034586562873,134.514166852411,28.5151909034364,64.0470499549724,109.006445179421,16.9784663279049,92.6987500954091,101.189931837924,43.4516988817275,65.5260786781865,141.792339948942,10.6282775216229,78.8743477587861,23.0386283537346,21.1848499905317,109.787338437598,16.9979722577102,41.7971835170161,142.074619219791,38.7598290908969,54.9070148839447,17.0680306807895,54.1148055402769,21.6831797718393,89.4074048549299,88.0333713688777,85.4013516844445,78.3653010587719,36.2441908199854,61.8319081685182,9.47786200166831,75.8603186806813,18.1724341783862
20.726869801577,9.02426020120461,17.6199753719765,16.9021199224454,50.5752808476873,85.8120683365537,10.6840834365702,13.6338576990983,99.8162582136487,44.074628489838,67.8267233523784,60.8676139507541,74.1384063485365,36.0480170139454,70.9373686622249,69.7144723549929,25.6538563095835,27.516515748294,48.3181724148408,48.5982639037777,17.0772900726007,60.0861348247255,107.095250122518,10.5632370498543,4.0120101623182,18.9952412733396,89.4792846665727,10.4753794027411,20.7435500697409,70.16179930321,31.7267090051006,16.1538842045415,40.3853750269795,61.1634292787618,68.0300573803474,71.0502450929854,85.0049957779207,14.0855325256616,49.637191429395,8.5566468575233,42.774071808823,108.25544970343,113.048326518171,45.9264336882078,45.2948750304313,15.3451205116003,62.0040809927128,19.3690865516108,63.5948444971469,44.9376789363116,88.6133997473875,73.1239565814166,3.98276934679902,81.7668628936214,48.4353900796598,30.9678006582269,62.1086977856097,104.228069318049,83.2971766826347,13.685338270202,10.5482962837884,15.5517331134457,15.5761515299057,54.9708116203323,7.97661617688868,58.4069779706672,68.6659380200778,20.7956594192946,15.6496385552347,13.6663594869288,18.3126624409916,25.6538563095835,75.6366843762806,13.5371724992861,55.7122472710827,119.01645703371,9.24954237369609,67.8338431786134,63.9175065381394,14.171468299586,69.3659859665072,70.8673558171367,15.0867890960375,137.864040758184,46.9200767019703,130.442895157435,18.3126624409916,51.3042072401164,16.898793424722,47.4410083655756,36.2960508702186,55.4088317717494,8.94013374668851,141.659642155486,52.7006569854953,51.132803260291,59.3641204887849,63.4249801223683,49.1927276576626,86.6438715531754,106.909453352179,99.1535819273593,16.5256215652524,18.4429208452914,22.2268206219729,57.6476360898237,63.8303942880441,59.3905028905357,11.6856424186244,131.704947162232,72.9289075657708,76.3528093539602,74.2572711719546,138.617866194693,10.3046934389271,79.8806101395131,64.3628373165146,46.4452237720771,47.2678215064056,72.0006063507021,13.3414606655709,79.7103107574955,58.5124893406805,22.2130665295431,64.375006515874,74.0813160070672,13.5371724992861,109.652681882504,78.2614017084016,106.635379033424,89.9309138187641,22.0373178603994,3.98554483319233,16.6805332548606,51.6251117111816,35.9074541804867,46.3624082711233,17.3531561687395,12.7392018505209,56.0990453568701,9.19168352705115,80.6319690224237,14.8606338892141,13.7137899797076,106.143005799362,70.958223032273,73.3386870286676,135.784743799847,18.3126624409916,92.3796865095114,24.5484293325998,87.0999367010557,59.8876905203358,22.0365984122601,40.5611013475662,13.3414606655709,100.68110950477,111.930977136521,76.1105829769376,9.75695273691436,56.1269458378876,105.310880315654,102.091377366445,10.9600707701868,88.4147747174424,70.1302551603882,15.668924483954,88.1343239399025,135.514961493319,28.2626851323812,69.2691224849253,100.781805676257,18.931818247772,92.1974394426135,100.382494093637,44.3053203272568,62.6900757408809,143.047797147569,10.3046934389271,65.0696767517924,23.0373667506508,21.3351837421227,109.337949110882,17.034747402471,42.6374136124892,143.332575774466,37.9661550388106,50.6129544441462,15.5483320146938,47.5964125926843,21.5151314787264,89.2289660813387,83.480178646382,80.358341525284,59.3101883147681,32.4470476247044,65.1549530400422,11.6222618221396,70.1636886274379,20.2708861494066
58.3708280322459,7.62491270901319,67.3328686525059,72.6357782863762,53.5419904664673,89.5493669127042,39.6528624910063,60.4356322284822,103.40793795386,42.98566113241,88.5923301151078,54.6214375974473,72.3460336221115,15.8912862925535,69.3876100168698,95.7419203571784,97.0524929189584,54.4770845138906,58.428103451627,53.5646863383968,19.1313621087158,70.7163391720495,102.955808083051,11.9437437200521,27.3984667182086,19.4813130604744,62.9639844691983,36.5277463926991,67.6572157395383,63.6198803576024,39.0498055904147,61.9145510387993,43.5349522405378,66.0831897687774,76.4227106245682,96.3265141827168,89.6656848516516,16.7186993473329,61.232218008152,36.2790605097735,45.4682914791099,114.819434074027,104.885190342498,36.9651001314086,79.887965262238,58.7551792501526,75.5133319341349,77.5329642406575,22.8906827842231,46.0173663321946,80.7489200862748,88.0397748328074,8.15324803151877,77.7677339137852,56.7091884569816,7.62491270901319,72.8494002070471,100.638160470743,93.4084704285583,47.0459178473795,11.2384586638826,15.8889397615933,58.0168645513665,10.983629873325,10.1421031342995,20.7101783906158,80.4547138492168,20.5790659160599,19.5264581616695,51.6511720700706,19.0221259558812,25.0415242827525,75.620627315848,57.3515431156095,42.8484159016479,128.100189198453,45.7857899594195,88.4698333880757,68.2004157699037,46.4134888362127,65.8569983935091,80.9957485478065,45.2976654694707,149.636791123938,18.6569677907174,126.120901558596,19.0221259558812,40.4503209021195,71.8977015396769,63.3637453084553,73.4662298683182,57.2716634497575,36.8793336997082,135.633503179693,66.1391392983289,19.1777785589043,61.2661619023639,46.9711726403759,53.1593140816346,95.1625251819789,113.972083753694,70.2371713558114,60.6862660600673,57.7489181667366,20.222837984473,20.005087436213,74.9228792686363,83.9632382723218,33.6778842643883,135.755403270795,76.7931131964723,25.0415242827525,85.8043617333795,121.652797760879,9.05687885200437,63.1941183510048,98.2728144966573,43.2374867584347,59.079412094293,69.1702974580751,14.7012077874662,84.2611272704383,67.776717911179,104.191837659043,68.4534855946544,87.4834038525436,15.8912862925535,107.362701298393,77.1757688332857,100.075875251361,93.8419825655033,76.1746051624465,9.55210257596023,15.7657141494127,75.4959823046811,31.1938808926546,28.0889720792605,16.5988811795352,50.3474368066844,45.5245773524131,37.9027115291668,106.404614075321,14.3465926662923,15.1232364100937,74.7661851536648,73.8885424695424,73.1345426597368,137.221252665008,70.5772784853942,86.9791523066869,91.0243490607948,92.4932331316307,87.878510894559,61.8122158416041,9.90352435776046,40.8311282498416,106.490053584512,103.639621035342,26.8232500134056,48.6126004016107,89.7958583504148,115.896732941667,117.994045791824,12.5674229819288,72.4855211993602,83.9393549994953,15.0006144973843,101.011652794027,138.64122624927,16.4021736048576,59.3539101825778,110.588387812873,73.5056822970511,96.4288945281885,105.228077188414,47.3905656614646,15.8780129750312,141.23934992324,9.05687885200437,77.8724789386168,11.2384586638826,95.993632389973,77.6391069096081,18.2662098670067,14.1195768800948,139.792766166193,36.0961746983058,18.7415134949059,75.2442777643148,21.1110463088659,61.1599837101494,82.5167654520145,90.8995291430663,96.6443523664436,84.171937191045,36.0891156545882,79.3434170557269,11.3467821985583,57.9793246564512,72.4798449923857
57.7191688645201,8.29588904980299,66.9722708924954,69.4967616476369,51.2531988854343,87.0996984287421,37.1761259034832,58.9437003990494,102.931389761569,40.3007563619246,83.0413660388343,57.4299093863942,75.1642158333954,14.880174292529,72.090549189105,90.8696676776979,97.4049617377611,54.7292273618486,55.4547300062529,48.301854380704,19.5506306354586,72.7203832970113,100.771746100522,10.7210797024602,30.4418136361695,20.6588945878654,57.6535792870678,44.2878069232795,67.4378110278077,66.0981422073717,41.8548557860199,65.3585742338453,45.1613080856719,63.2899027869046,71.3451255178098,91.4245118510228,88.6646460188341,16.6364602905747,57.3362067428357,36.6792045041322,45.969789134051,101.371020895244,104.871634179789,34.6562424549249,76.2511511407878,59.7829177942932,71.0552578816146,72.6749511523044,20.9600743339382,48.1151654184174,81.5921500880549,82.8421782532496,8.85197449094688,78.3004067606321,53.8232896325177,8.29588904980299,74.9138935646109,100.311802278999,86.5592612192737,52.9500695350709,11.251140441031,16.1534645014726,62.5955261725833,10.9446130686179,10.5725904849541,20.2924145334375,75.3356363161669,19.9003845057128,16.7381445834736,53.6632024058339,17.8040119497454,25.1324684328666,73.5043629731844,53.7024468501118,39.206251959018,125.601505538338,32.8345019134997,83.967653139652,62.397917521519,40.2330436723506,61.6397341228775,75.0007601955288,39.9951515043522,143.171372740019,18.5570513468089,123.445424852374,17.8040119497454,46.078776752714,71.5508569448338,51.4899677435912,77.5528201039562,51.644613964777,33.0892418655909,132.605703748167,68.013469263549,18.3355846006991,60.4176749909406,49.3862905694656,49.9129294642,96.7916232382822,111.42784061089,71.045537680301,57.6505523450303,56.0383586788054,19.9907834848594,18.7516208939419,66.7430778133834,84.6692484514174,30.982876621984,136.248430757239,73.8300004677962,25.1324684328666,76.5143896024741,118.937095052706,11.8262973485471,68.5491202727233,92.1152965463285,38.1207350369048,52.6293414918051,69.2149907883976,13.8125924743204,85.0223943725987,60.0165767641614,102.11362022301,62.1720544267546,81.9171131313363,14.880174292529,108.598348898667,74.4047502920278,96.6261014145167,86.8961662415418,73.9182651696553,8.56827795148974,15.9837066212518,71.6540340681956,31.5454543509176,28.1840934574462,17.3378711401853,47.7852839589956,47.8653156563049,39.4827290321527,106.791047308619,14.3798143268625,13.9234929999023,71.5357318382926,72.4928692293991,70.4562965323523,134.310297695873,66.0577430960588,92.6405291101921,86.4731992607337,97.638208504068,89.3073575233931,62.5236185470934,11.9484920041394,38.3630884574401,102.258457012955,102.450369535728,25.9142090189841,33.9891716599804,87.120265896702,106.121960642965,112.895828521022,12.6494525195152,75.7216413038494,78.9838345513321,16.3226710648968,99.0413499560925,135.700148547097,17.6367085220844,58.1192425427361,105.014829219378,69.4578664892839,96.3830185030137,104.053297876321,47.4530099690048,15.8527676073911,141.221095071413,11.8262973485471,69.3706511556461,11.251140441031,93.3674858646022,78.2924067774291,16.391445472696,13.5747637290784,139.774698281894,36.5029999026599,17.9315831261044,67.0976377879853,14.8322468194603,61.904352777162,79.5539768657926,77.5900757189198,90.9387680865277,61.0364726103803,36.487164630719,82.7784209603812,10.7218331592069,57.926281147219,69.498611715555
59.3410145057953,12.752435930027,65.2327497516642,73.7994354117818,52.3157741566193,91.9262114107485,38.4178099373675,58.1338783843949,109.711644648096,41.6468031732028,85.3551309018039,58.3409768272486,72.5782699615508,14.9190652777633,69.6103495887022,99.4649561540975,99.6085337402751,55.6367622947556,60.7001481305406,59.1098070793884,18.9845765980318,60.9503340590068,100.437865144333,10.8293303593987,27.3984667182086,18.7448748926392,61.7843005503595,40.7061670673556,66.1671165330923,63.8241050730441,36.0185428716308,64.3861690488617,45.3437005450318,65.5735104716627,75.0271694499028,100.072282589667,91.1560257893637,16.7054900682357,57.4860612758532,45.4442594726864,56.9549709039394,101.976029940803,104.47167318767,35.8137622847862,81.6915081846414,60.2888651336778,69.4578539542525,74.6998786843925,22.4618063304942,46.3691138962305,81.0949199997884,80.9797907982149,8.41871559422265,76.9640041168294,58.9143911294569,12.752435930027,62.7888169919969,98.4216808031058,89.9722826365933,47.0397451093406,10.7625210492362,17.162577917833,61.4473671417575,11.8087936238149,9.53106716657571,20.5193730667894,75.5325343539176,18.7584199695412,17.8256935491614,51.8169763101753,18.9681014687676,25.701034990511,76.9957669435719,53.8428041487855,43.8298973079998,128.481216326023,29.3269985657616,91.9100856351843,69.1989473846258,42.1239711757446,65.6699588076446,77.2496971586059,41.4681903657267,149.839179521201,18.0750551012123,123.036420562167,18.9681014687676,61.5325134342548,75.959438050155,47.46251102061,76.3989888696737,63.2005376871613,32.436352503664,130.815996834427,57.005250580076,18.7547210142096,62.6610051095995,50.1697541312777,49.7093855654375,93.5985291128735,109.923959774036,71.7959324826003,59.0920118275876,48.8804499520613,21.8681419473739,19.274093531589,62.5238607752938,85.8291632841227,30.1118304882554,139.330750405507,67.586175468995,25.701034990511,77.7949047013073,117.331865901174,11.305277257148,68.2019411212552,94.6818865081464,38.4250816233365,49.3023355819707,70.1826933166827,14.297737073128,85.1842870295163,58.2309154259291,104.30045030325,57.1190536136909,82.1312125884123,14.9190652777633,109.745382747837,80.4094519687664,100.782447363237,89.5017931671999,64.4765147722837,8.67997105848539,17.3475738712441,78.4317312806293,28.3534208920426,27.3351941590544,17.4870130912345,52.3052553757618,48.6246504890882,36.892587675931,109.206958754711,16.2753221373948,14.4743683418007,74.8673087361013,65.2476453062714,74.5589685748064,133.865295476938,70.3768328947756,92.0633783544742,86.9184891748401,96.1855467635875,87.7384688353319,63.1840034200998,9.42001615175169,39.7105288596173,98.9450223374939,112.071606661391,27.1980734679078,35.1880491429234,88.8452994888182,113.725308860903,118.153636395412,13.6739403853788,86.9044469007567,77.2081871007152,15.0839208977277,101.312106526032,135.250541419057,17.2260695425453,62.0156724333497,104.251429782081,67.6212966044068,100.687555358475,106.977081966441,47.8315610569386,16.6445373489742,140.682503966825,11.305277257148,64.9853299674676,10.7625210492362,95.479000957964,78.7347057739913,15.9677137157557,12.426741941358,139.241623466811,32.8093204348537,19.0417607867192,68.2205577868241,16.8515989383127,60.7081211184842,85.974237620682,82.2177067335605,88.8943599790668,57.1538638250254,45.2063287445129,82.9262015109135,11.8018172086743,59.0334260168096,70.1849052293404
58.9334169450505,9.75881138241271,67.0658939154001,75.7377680246406,56.6316034490617,88.6463560539187,41.9332337584924,58.5782546361455,103.401000166551,45.4576961987934,81.573080002352,58.7663942692601,74.6941638811129,13.6974058525169,71.6397189235093,88.0324571239996,97.8166439868112,54.2946427975891,53.7232749536793,59.9138034184385,19.4053059839337,80.2730121057194,100.006994540863,11.0627262673836,49.4469215272459,20.6447524376144,57.0357005523489,40.8825394355388,63.7062994362496,65.6847864576664,37.3592975914486,63.6793466877115,42.6297611566692,67.3648824734094,71.8889876560057,88.5699774775676,90.5298994235043,18.8982484324191,52.7787698155352,39.3605805948135,49.3303389372458,95.1391456727372,106.976272823949,39.090902581573,82.4325012878718,57.6111995046043,77.7542133303317,71.3899576476329,20.7354432812054,45.5749692879147,79.1535771776736,90.652382282314,11.6180411764044,76.564852471511,52.1427728078962,9.75881138241271,82.6943370256649,94.761286221771,81.8625310649566,50.3670090490449,12.1331525439801,15.8694628818292,54.3785206200953,11.8541793306653,10.8048733369881,20.3391275222817,69.3474932143932,19.6002702416096,16.1192631258127,53.3276106248659,18.7080014299821,25.2386908566942,73.7886230824894,49.4338436713416,41.7747311108684,128.048858078999,32.3527526841925,81.345943192367,59.5048203333593,35.132774628229,64.7694596796199,74.1584357812658,45.7548863765544,147.013263385418,18.5829929375618,122.508603919506,18.7080014299821,44.4573847801265,71.5557855495347,54.605392772928,75.5602914521993,64.0601750880791,35.6378645695454,134.000498131627,75.0772451136025,18.7163820950289,59.440949389092,50.5355877122285,48.4784122043406,93.2326988356543,112.599878629257,66.9351646101661,61.3493854793378,63.5116572080176,19.6625258958527,18.4200663394671,64.0390910078058,87.7620224828536,31.6931498788889,136.824284999189,69.8069815505166,25.2386908566942,80.0186337775866,120.188118104321,12.171495342007,66.4348220027163,90.4865708868524,43.7737405363876,50.497149665441,69.5106686219216,13.6724154340018,85.2251632635377,63.1947538969622,92.1840079465614,59.7652712301101,75.4058334780262,13.6974058525169,102.315340234803,80.3560331043142,98.8307121949161,85.9202459689968,83.7760353720368,11.0232718024131,14.4473137911555,69.4167904766992,33.1865263392387,28.889855291161,17.3601996923379,46.2932909163798,48.9792173056676,38.3936142211577,107.242399865512,15.7601208512866,15.7166833664985,73.4553366706102,70.6389436737766,74.0345826206958,133.29102380596,69.4117907688849,85.253771211677,89.527770538086,95.1296352801698,89.4251104627363,58.906285125256,9.23688091486236,37.9737608053401,100.055355480893,100.768088732571,25.5366812844062,37.2808782139912,77.3431330674685,104.984641788198,115.925298862744,13.9265337866953,81.9842216113495,86.4302812268162,15.5263556460216,100.971176341586,134.670327151089,16.0072667065959,57.3826298247739,101.850214896508,70.8459729473228,97.0584904929507,106.242284996281,46.002339309814,15.8824879416683,144.055220584785,12.171495342007,66.560212506957,12.1331525439801,61.3156675027855,77.7198326212684,15.8403625366403,12.8350707731844,142.579796474372,38.401975582755,19.5418901675635,70.1706088670718,15.1001547258724,69.0762913618833,85.9171218708119,79.558858541447,99.5123033059458,72.5208589737854,39.1545019456964,80.7952110909837,10.2384445884185,61.3750986463079,66.9329991326492
60.7981139669731,10.6152752372774,68.6797562360801,69.6174644179281,47.2531560281051,86.3892822939241,37.3220110569774,61.2347684355213,103.01952753994,40.4589030726135,89.3518377849445,55.2184963246844,74.6815120043378,13.7066505492837,71.6275844159531,78.4169305018588,102.594343809337,53.3684214151194,47.8552394878731,49.670469751735,17.7701341493942,75.7902607899671,100.425894084116,10.4387691809873,15.5491967450784,19.7684705950617,56.7255181505169,37.6688161096367,66.0295088960224,65.6736606108655,38.7883849285396,57.8624064457458,39.80864679371,65.5318259647829,73.6423112158179,78.8957390866254,93.3943325855481,19.3647068366796,52.8143914308927,35.1699772052943,44.0782851709507,103.406531092747,105.521958160845,34.7922391766703,73.7596912252694,55.9259968192871,74.4659779474954,78.1976592648142,20.6226758471644,54.4526875216066,82.4385854568085,86.8186817252431,3.98276934679902,71.9924323291677,46.4473709474171,10.6152752372774,78.0763696866687,98.2169934048724,87.411864913587,50.2852696105267,10.2459368670483,16.6369897501978,61.6789415491763,10.3725966182961,9.25666435603623,21.1323113578561,69.3942974452975,20.9102266840755,14.123011286205,53.3185778661699,17.1386585815038,26.4714349369662,83.134505862251,49.4672077184965,40.4782146369981,118.731958897263,29.2926376135424,72.4607648397101,63.2310991480068,40.4177272259402,59.3361968734117,72.7852923186356,36.3608237318305,134.843704785437,19.0301709345512,123.021756009139,17.1386585815038,49.8997923604473,69.0712499250975,50.1554561493203,68.658058265065,53.1079452055626,32.1378697886598,132.398247128699,70.8846452536045,17.636720612255,63.9422348462955,47.4846074708573,50.1487481211939,86.0644027419611,111.253515959127,68.7745636827815,53.3223154188381,17.4909514996609,20.3833344575731,20.1765923207083,70.337349688266,88.2363232068783,30.4009667869162,143.507251573324,75.9064947223596,26.4714349369662,91.4633625435409,118.75102245574,10.3458160920924,74.362425479129,99.1153135736053,39.7369656060306,55.4635554375044,69.8323572930813,12.1650724722223,91.769413003772,55.2423342306355,22.0594909804811,61.9306276413702,75.4567266232293,13.7066505492837,105.126997501029,73.519171503163,95.6414599890519,84.3293167265314,23.0717105479841,6.02294922516454,17.5931895164419,61.8345984232377,28.6881690452706,27.1497240889634,17.0624364912396,41.2368107751296,46.0221996671598,37.1501024290116,112.480485879522,14.4993458673306,13.2593181265709,67.3748035029953,75.1685174512916,74.7337485095123,133.84934024421,63.5891005231678,77.6576790745281,84.5317399120714,86.4397941865029,90.6115175500781,60.5250481007661,12.2675757453588,33.7872671050478,95.8669838087428,104.46214622505,24.5468295727078,28.2550962867667,81.2827667100333,104.41369432845,106.329159812133,11.0506227053603,89.7122142370925,82.7751338501577,14.5940022922614,93.6244628733916,135.234421080643,18.4359106130391,59.6228303646285,100.657423930839,62.2147229168673,98.241785360042,109.603869691421,47.3438639237035,15.9785584663538,142.096827250798,10.3458160920924,73.1064240411608,10.2459368670483,21.6303667139035,80.440510529941,17.2208571783805,13.9565586459399,140.641461148217,33.1966761428668,17.9627269047168,80.2068160342385,16.2962212473134,21.9999105495103,78.6071110513698,90.2975872471445,95.303915583367,75.4209652127521,34.9858391340968,79.3468019810054,10.5289329068638,56.0949434843578,60.9837197621666
58.8655252991437,8.83014027555152,65.7461179876517,71.0645903701032,49.9685550918939,88.9039618818956,38.4682402728715,56.7317913336676,106.254549938726,41.7014721473092,88.3831286508528,55.5282540638509,70.4533012463527,14.9848431856256,67.5722765510235,90.0425247863683,102.906526307764,52.8071919561564,54.9499522637177,56.2994924313563,18.7686983432758,68.1961262159513,100.817221156972,10.7521362713925,15.5491967450784,18.7966334054541,61.4611312984975,37.3763916411284,65.7596164446789,61.9554434663734,38.3993252179701,63.140940868149,39.1990834946517,62.4396418313829,78.6348381028749,90.5923184799733,90.4256084423556,18.6018517033015,57.7395163530695,38.6945205201374,48.4955705283502,100.473264550574,106.272149837434,35.8607743359839,79.5541668477881,60.3214234364209,67.1270856816033,77.3498783050455,22.3443175010888,47.7872622783249,82.8235485939257,78.2623856903266,3.98276934679902,75.588952343741,53.333362107247,8.83014027555152,70.2531684960262,97.815536154064,90.6191851577958,48.7522746597408,10.5488739436948,12.828499619663,64.8992808977762,9.65482487038494,9.29018716607482,21.1503272055555,75.865556027383,20.3563584751765,16.5452489054409,50.2998630800912,18.5312579379705,26.5519843940681,74.7105843051717,54.0801961666103,41.9690890984629,126.341763565079,31.5871642431378,83.2033359679151,65.4694951243657,44.1654355540547,64.1575514262278,77.5938932507284,39.968662813214,151.18998862939,18.2173020429403,123.501131812716,18.5312579379705,46.0709573829656,72.6831533917875,57.3152258549734,74.9214328149521,60.1957334828913,33.2867553934347,133.635955881552,63.7820501486869,18.6241346122507,59.9155846617864,47.7509806181609,54.1173630463975,88.2108005973345,112.293555789522,69.5707535932787,61.3731830323819,31.4989798257437,19.9672265929901,19.9578475275351,77.8342157189042,88.3673994726836,30.6808168421504,143.943927228872,72.9549313872717,26.5519843940681,81.6092117465635,119.861151804816,10.6282775216229,59.5994868558105,98.0407535872937,41.1190823515907,61.3751066480729,70.1563973162896,11.3278920312629,85.2742930512124,61.1088653684942,22.0594909804811,74.2868863208087,82.4933277232199,14.9848431856256,106.344032553658,84.0010649200153,103.897164669845,89.9005800696632,41.5492173259093,3.98276934679902,16.1287463264727,71.0018018500168,29.2847731887669,26.3865133413938,16.58455988192,47.3503174960716,46.2803691840649,36.9933558112367,112.822750743279,15.1917313584559,13.3669838711789,75.5422419736528,69.9024407709816,71.3571829653845,134.370907624805,68.7560241797501,77.5627228508434,89.0834722173529,94.3253187802082,91.1226217862119,61.225734954302,9.2898318549265,31.4620825047582,98.2508265082747,102.329643288107,26.5484510322326,33.3058777387812,85.5258555680803,113.130456727676,119.218798449279,13.6520381701019,77.9641876959614,74.6173441270519,16.4518433728645,99.6250703021985,135.761385671134,17.293977185273,55.4625165524136,106.875584402613,64.6992685510904,93.1310593723537,106.119893253748,46.609805982012,17.0702251548313,143.107042176025,10.6282775216229,80.8984302717715,10.5488739436948,21.6303667139035,79.2836012622557,16.9979722577102,13.4138690258483,141.641329378257,33.8870399826047,18.3361149402189,71.5654317884914,18.0715578228285,22.8965423240099,89.8144103584856,88.5591070886958,85.9113689699705,79.091906148053,38.4919291356477,79.380332622312,9.47786200166831,54.7829954118557,67.4246901077281
58.3958120964513,9.02426020120461,63.5903701335629,65.5069098656406,47.9647335587018,86.2122609300624,38.5587837625425,52.840229007592,104.190440186076,41.7996257614557,85.7758065431996,57.7258066899167,76.8849252672789,13.5371724992861,73.7408941931491,70.1308075212529,99.4256851027503,52.443553655564,42.7984947629127,52.0583376998027,17.0772900726007,60.3596623653216,101.567308207325,10.5632370498543,15.5491967450784,18.9952412733396,58.4164088674493,37.8055723374763,66.8352925071592,67.6113050282344,33.9855706525045,58.2992571769004,42.8899351450792,64.9565718595961,72.8736258532846,70.5590215878185,89.7040638382597,14.0855325256616,52.1613595293838,34.6406671449177,43.4149045935638,108.380302025921,107.213104303486,35.9451805793591,66.9600801835724,59.4725058657234,63.1631838419932,75.0680395558683,21.2374025572096,45.1798886745517,81.6857759461771,73.6409365173114,3.98276934679902,76.5762716185204,41.5393922069461,9.02426020120461,62.1803284996903,99.4155733268495,83.7946278248676,41.3218932107304,10.5482962837884,15.5517331134457,62.5624827001602,11.1739049363997,7.97661617688868,19.5049223427032,68.5362606718571,20.7956594192946,15.6496385552347,54.8916962789928,18.3126624409916,25.6538563095835,64.8678970556849,48.855562599741,40.2329418029869,119.727223891049,27.0045200188857,64.8040151443574,63.9175065381394,41.3743387436638,63.4007462548836,75.9129327814075,46.1580715567906,138.687365476731,17.6199753719765,124.419988716464,18.3126624409916,50.3013112855397,70.85582811296,50.8186884865721,69.1764142200817,55.66106702579,32.2648813062277,135.118827723744,56.4528108202466,17.0757226517964,59.6409706078916,49.6407445702923,46.6535436991738,86.7437989805944,113.539604810097,69.5465550721034,60.9746574742413,17.4909514996609,22.2268206219729,19.3690865516108,64.2115897116146,87.7978542389433,30.3494045072526,139.074984790652,74.4215117596023,25.6538563095835,74.342912982995,121.191173547928,10.3046934389271,73.6356988999575,95.1485293791086,36.261172167291,50.6331711599101,68.6761407658187,13.3414606655709,85.5037251658558,62.6784309781995,22.0594909804811,64.8301321449796,74.523729984749,13.5371724992861,106.307043327716,83.833416087919,98.2988318300786,87.9530128715873,23.0717105479841,3.98554483319233,16.6805332548606,55.3006894355711,28.6851171751491,28.1180102777602,17.3531561687395,36.879419033016,48.1119331067985,37.9287831903077,109.006490553175,14.8606338892141,13.7137899797076,69.2952927406666,67.681887145791,73.4232694254798,135.370636407219,67.9449752306621,93.8781336770937,86.5584246044268,87.0923990401679,88.5328540272269,61.2044390480879,9.99100619674161,37.0545671724047,101.28237757794,113.90979188235,25.4170145760424,28.4859309641758,82.9732898311122,107.526088048541,109.360025899346,10.9600707701868,82.8021714941118,70.2111372338319,15.668924483954,94.4092654768807,136.771459705722,17.1408367395868,59.984649645726,98.8117203626954,72.1428407794348,92.6274108105182,105.273117238818,47.5254693733676,16.3314168870983,144.374140006125,10.3046934389271,66.739502222067,10.5482962837884,21.7838619795223,78.9590719977894,17.034747402471,13.6835220384171,142.895449499662,33.1931446541931,16.9021199224454,65.1934083687105,15.8947503135294,22.719090266875,89.6351592857004,83.9787226772279,80.8382419297358,59.8601139080279,34.4593003616575,83.6464860539921,11.6222618221396,50.6691390044828,75.2105195933721
20.718002017616,7.62491270901319,18.6569677907174,74.0738545404508,42.0225662997799,85.4767406590237,10.9872368890512,61.6321644287032,104.424938291366,33.7374045891679,77.9167905772086,42.8697731038887,71.0912848392272,15.8912862925535,69.4266471099422,96.9346527493407,98.9739824212148,43.1374619716525,75.7108686994267,46.1173166212422,19.1313621087158,71.2046449233885,80.805125723278,11.9437437200521,27.9409140535998,19.4813130604744,76.9823790405611,10.1213122439975,20.9986489117563,65.2840256576537,33.6205132805975,17.1556300455442,39.967047309304,60.667345108033,65.7972739849757,95.7571910922683,98.0872343830063,65.9167193894995,71.8263766444917,8.96134903540374,45.1623077715195,116.772640546612,82.3194062572828,44.6871207572948,79.529064286905,59.9184410761691,17.5553648392811,79.0679972149433,72.4704856002207,46.5210652263108,77.2300347754316,88.8949468749155,8.15324803151877,68.200256455398,65.9792969526829,7.62491270901319,74.0886496525426,96.6679523735011,94.5721331999634,61.039193136981,11.2384586638826,15.8889397615933,14.4444311437114,46.3597157095712,32.3598363896944,65.5671435833959,79.5577847972307,81.136964371773,36.981982597407,12.8595677175483,19.0221259558812,25.0415242827525,87.9821411869675,15.8912862925535,13.2334823289944,129.696033991717,15.6824710843454,87.3068955675396,53.4610358837677,15.8974694385009,68.8424979955553,69.7344992772995,14.8055649300675,151.500934303508,18.6569677907174,121.145391053861,19.0221259558812,39.7885590576805,17.147275508436,54.5539627775825,58.1739409409325,57.6671319225135,10.2187320211994,130.282717453261,56.9434796800262,60.7156605156052,58.4798308759364,56.7834648473935,41.722221773682,96.7813457382023,104.63150707404,90.6194794742689,60.8788846591776,45.3243841190795,20.222837984473,20.005087436213,75.8562524941198,83.586028914077,12.9672301423711,138.995896495344,73.3604856497077,25.0415242827525,87.2639895051521,120.342228315686,9.05687885200437,60.4402381188055,97.8313185985481,16.1127982803418,50.8653021159631,66.4415067710024,60.4983079753051,85.3272767705748,58.3533774418441,103.576027780331,69.118406730318,88.5732534102115,48.2513501510532,102.578175634236,66.4456306957058,95.7147577650151,93.1530999869844,77.0617159796762,9.55210257596023,15.7657141494127,64.9993933984993,37.2869021229605,56.3134473401515,16.5988811795352,51.3958343237248,52.9663655839261,36.0247435202119,117.959240009245,43.5611349183345,69.4091138452813,91.4122391306391,70.9736154852473,74.3786426959768,137.641021210553,77.0150484483704,84.3136790533223,25.8149892477426,90.9455065486819,87.4837119637396,22.2554278522699,9.90352435776046,14.7012077874662,107.816683924487,103.023655519428,84.9207501659766,16.6507054002735,89.3924456331546,116.686706571461,101.588735810485,12.5674229819288,63.5678948878727,85.3672569292673,42.7763830174676,86.9674909493096,138.310713815407,32.8834724515661,83.7083090431189,108.779176566573,19.2894568940088,92.0433934240687,102.046899544525,47.9901948087105,33.6730408941911,140.902643717134,9.05687885200437,77.8618868036302,11.2384586638826,95.7333567446344,23.9783835109688,18.2662098670067,14.1195768800948,140.220401135206,35.7073094644711,59.3344723118104,17.9454187495267,66.8362666135379,62.6198778141869,83.0865547202921,92.0319360598774,97.8483270638068,83.971276301232,33.1314339050726,80.9533414340709,11.3467821985583,17.9065748906407,79.0911592712398
20.4867036720746,8.29588904980299,18.5570513468089,70.8726902191807,40.2262024529676,83.1384809378987,10.3009688647675,60.1106946527209,103.943703324713,31.6301503062517,73.0347279328392,45.0740092729941,73.8605893094311,14.880174292529,72.1311069410963,92.0017025867522,99.3334295783871,43.3371202795864,71.8579850147209,41.5862028537873,19.5506306354586,73.2225272402536,79.0909591660757,10.7210797024602,31.0445145413424,20.6588945878654,70.4896573991963,12.2715132122681,20.9305526642112,67.8271129642835,36.0355631362422,18.1099192523811,41.4601152388402,58.1029818273259,61.4256512602511,90.8841612936358,96.9921763261419,65.5924759352351,67.2562927628898,9.06018924646443,45.6604305446075,103.095454879281,82.3087666687789,41.8959420121095,75.9085887482565,60.9665272565654,16.5189502821696,74.1138029686381,66.358298680551,48.6418264932065,78.0365184075543,83.6468635774006,8.85197449094688,68.6673965266525,62.621647501234,8.29588904980299,76.1882623417868,96.3544691183559,87.6375980054246,68.6994678571839,11.251140441031,16.1534645014726,15.5843783475019,46.1950335421109,33.7333680971274,64.2445290558469,74.4957760068199,78.4611310936383,31.7010779207271,13.3605019522528,17.8040119497454,25.1324684328666,85.5199364315443,14.880174292529,12.1086213239872,127.166222264314,11.2464178795151,82.8638965731689,48.9125655618421,13.7805538483897,64.4340522087777,64.5730245281332,13.0724355515554,144.954971118455,18.5570513468089,118.575462772147,17.8040119497454,45.3249341227097,17.0645546467253,44.3310566638486,61.4098911107441,52.0012269105254,9.16855218053468,127.374365692117,58.5572120542374,58.0493265448783,57.6699324011543,59.7031016441741,39.1742886163189,98.4381565671187,102.295777256468,91.6624277328012,57.8335355692683,43.9818471893715,19.9907834848594,18.7516208939419,67.5745488196432,84.2888673045178,11.9295525952855,139.500692590557,70.5298231102901,25.1324684328666,77.8159846000691,117.655781958844,11.8262973485471,65.5618791784624,91.7014636283784,14.2059994693882,45.3120175074229,66.4844369349365,56.8414844228825,86.0981761262633,51.6721680338091,101.51009332976,62.775961045634,82.9376190282273,45.1812702181298,103.758757670922,64.0598809010894,92.4153185514356,86.2582720557268,74.7790992032944,8.56827795148974,15.9837066212518,61.6916106898491,37.7071475285385,56.5041489687573,17.3378711401853,48.780329113847,55.6897384947931,37.5264757975639,118.387636568081,43.662007179224,63.9028105193928,87.462552914093,69.6330020074566,71.6548366186293,134.721161444896,72.083259571787,89.8015631514289,24.5242589720998,96.0043889726631,88.9061394223394,22.5115677005241,11.9484920041394,13.8125924743204,103.532371026763,101.841472145943,82.0427826139716,11.6419134017547,86.7288734222666,106.845307611616,97.1993495160132,12.6494525195152,66.4058870722832,80.3274375582568,46.5464151126552,85.2711292971062,135.376647467474,35.3584977694971,81.9670262861196,103.296800646853,18.2272237972085,91.9996038000712,100.90763529442,48.053429219225,33.6195021864025,140.884432383787,11.8262973485471,69.3612154305843,11.251140441031,93.1143307122028,24.1801513493922,16.391445472696,13.5747637290784,140.202277980099,36.1097519280072,56.7702828692018,16.0024820888176,46.957975857735,63.382015035248,80.1033076838224,78.5566763080351,92.0716638337144,60.8909652915069,33.4968607963792,84.4580435787433,10.7218331592069,17.8901927134394,75.8379901185283
21.0623576828356,12.752435930027,18.0750551012123,75.260550280151,41.0601673353498,87.7454883649032,10.6450216207251,59.2848394126123,110.790640920948,32.6865985420522,75.0696798529284,45.7890628524991,71.3194933384428,14.9190652777633,69.6495119938496,100.704069330932,101.580628904043,44.0557481945263,78.6549737824691,50.8914711322901,18.9845765980318,61.3712042428357,78.8289118552561,10.8293303593987,27.9409140535998,18.7448748926392,75.5400485503024,11.2790924114437,20.53616948901,65.4935924076678,31.0107023749352,17.8404797857606,41.627559732906,60.1994365533662,64.595761970074,99.4808207094614,99.717550608325,65.864639241068,67.4320745405312,11.2252595593121,56.5716863644071,103.710755802633,81.994856275045,43.2952680854082,81.3245046958474,61.4824915720429,16.1475852791659,76.1788209391962,71.1126892794551,46.8766629641645,77.5609566667015,81.7663858707024,8.41871559422265,67.4954065708174,68.5449785631414,12.752435930027,63.856924710379,94.5389135482109,91.0931381144979,61.0311843879421,10.7625210492362,17.162577917833,15.2985217402716,49.8425676745176,30.4102383939009,64.9630657320205,74.6904789765393,73.9587141101309,33.7608327718062,12.9008479202626,18.9681014687676,25.701034990511,89.5820714331537,14.9190652777633,13.5366071137474,130.08180787385,10.0450337846268,90.7019256265064,54.2437662217445,14.4282311281932,68.6469793319498,66.5092803914126,13.5538990504037,151.705844012192,18.0750551012123,118.182593833949,18.9681014687676,60.5258497372781,18.1159812319341,40.8635576534244,60.49623445245,63.636945827086,8.98764594498966,125.655263297054,49.0795217854215,59.3762865008645,59.8112378439064,60.650230981608,39.0145366738501,95.1907443538042,100.915146901759,92.630581561777,59.2795702535019,38.3639444663534,21.8681419473739,19.274093531589,63.3027696769695,85.4435711575292,11.5941676408147,142.656587475578,64.5650950877142,25.701034990511,79.1182826871173,116.067845991827,11.305277257148,65.2298294381991,94.2565230469218,14.3194166802886,42.4475820848899,67.413963284369,58.8379480995774,86.2621171983973,50.1347762381525,103.683998486161,57.6738780417959,83.1543856906052,45.2993564769582,104.854674951465,69.229718482006,96.3905387997741,88.8447713910875,65.2273924905179,8.67997105848539,17.3475738712441,67.5269703208949,33.8916223117863,54.8022552219095,17.4870130912345,53.3944210481805,56.5731998840657,35.0646683364493,121.065895218678,49.4174135948085,66.4310900677346,91.5358770169433,62.6736045198618,75.8272996825498,134.27479793585,76.7963190328411,89.2420991615822,24.6505455587483,94.5760352071084,87.3442990509863,22.7493386280959,9.42001615175169,14.297737073128,100.177658289905,111.405526987161,86.1074180350909,12.0525508828726,88.4461572083055,114.500481661378,101.72613772392,13.6739403853788,76.2129133442001,78.5215843665861,43.0139430513926,87.226171076761,134.928112176075,34.5352388590308,87.4622591434834,102.545890322334,17.7452687357752,96.1083741145515,103.743029699661,48.4367700846784,35.2986351439731,140.347125248345,11.305277257148,64.9764907293113,10.7625210492362,95.2201206763046,24.3167528043578,15.9677137157557,12.426741941358,139.667572455228,32.4558645861524,60.2850366633839,16.2702934121517,53.3511197421075,62.1572292233539,86.5679011953055,83.2419573613375,90.0017869267614,57.017612414471,41.5014462317365,84.6088226831542,11.8018172086743,18.2321279229229,76.5868845127054
20.9176859800251,9.75881138241271,18.5829929375618,77.2372588857893,44.4474568440164,84.6147979379329,11.6190949123286,59.7380136279917,104.417932272042,35.6775875477662,71.7433730778153,46.1229528051562,73.398689802908,13.6974058525169,71.6800230408383,89.1291466700388,99.753262500295,42.9929962266659,69.6143734921787,51.5836837870241,19.4053059839337,80.8273079579575,78.4907419750699,11.0627262673836,50.425894223113,20.6447524376144,69.7342132296726,11.3279626535442,19.7724100926497,67.4029448077605,32.1650451733722,17.6446294931821,39.1360411174734,61.8439967482826,61.8938974899972,88.0464982078533,99.0326174178515,74.5100149834048,61.9103459407411,9.72252026347926,48.9983651701724,96.7575685174657,83.960597618484,47.2570039838774,82.0621688477571,58.7518122980637,18.0763257009486,72.8033685767164,65.6471306640314,46.0738257731813,75.7042138953707,91.5329318183112,11.6180411764044,67.1453610801581,60.6664208153541,9.75881138241271,84.1010598128589,91.0229227212566,82.8823569901241,65.348105292582,12.1331525439801,15.8694628818292,13.5385943874721,50.0341317103715,34.4744998908411,64.392419488705,68.5743902056252,77.2778723173011,30.5289522281116,13.2769498263309,18.7080014299821,25.2386908566942,85.8506638264154,13.6974058525169,12.9018810689081,129.644063400142,11.0814099509589,80.2766490582793,46.6447205517287,12.0336183498931,67.7056578182419,63.8478127446653,14.9550078154138,148.844723216839,18.5829929375618,117.675599729168,18.7080014299821,43.7300679061215,17.0657300965779,47.0133283676348,59.8321152493968,64.5025191388817,9.87473881196674,128.714134984406,64.6388753605505,59.2549078545127,56.7376274185224,61.0924873085462,38.0484041257456,94.818690896066,103.371760955027,86.359254770813,61.5441088237533,49.84728439456,19.6625258958527,18.4200663394671,64.8368763240464,87.3677468824813,12.2030340501759,140.090292523098,66.6866318491869,25.2386908566942,81.3798398720273,118.893327699481,12.171495342007,63.5397180307491,90.0800551064188,16.3126375771886,43.4762751130318,66.7684501819523,56.2646288421126,86.3035106362336,54.4084670981929,91.6391685039702,60.3457996235783,76.3452232438854,41.5899829493713,97.755745838703,69.1837267129154,94.5238565610415,85.2895158951859,84.7516705859597,11.0232718024131,14.4473137911555,59.7654224094572,39.6687659246538,57.9190772810302,17.3601996923379,47.2572679195927,56.9857268469301,36.4913234259463,118.888002130703,47.8530872591909,72.132778690641,89.8095414037089,67.8522144167789,75.2939933392389,133.69876953128,75.7432497210856,82.6411722050559,25.3905516234062,93.537792716511,89.0233633502772,21.2091503402793,9.23688091486236,13.6724154340018,101.301823726423,100.169189709747,80.8475531614334,12.7693831450348,76.9956648874729,105.700236580571,99.8076172478768,13.9265337866953,71.8980052239774,87.9005565863927,44.2756085822651,86.9326421431178,134.349281104397,32.0917535963238,80.9281628843554,100.183958991406,18.5914925020201,92.6443559194531,103.03044656973,46.5844033368339,33.6825311077843,143.711801510574,12.171495342007,66.5511590548875,12.1331525439801,61.1494171533475,24.0033151742817,15.8403625366403,12.8350707731844,143.015957146483,37.9882698829262,61.8684153434512,16.7353717444553,47.8061557157515,70.7251484146569,86.5103910535667,80.5499858064092,100.752006323484,72.3479735611727,35.9455966091248,82.4345932201585,10.2384445884185,18.9553398016043,73.0383528753166
21.5795370786782,10.6152752372774,19.0301709345512,70.9957827179481,37.0867587246035,82.4603739025356,10.3413915389288,62.4471222987055,104.032707923873,31.7542721511274,78.5847761689135,43.3383761522923,73.3862573566419,13.7066505492837,71.6678817064739,79.3938318712336,104.625553402121,42.2595715212114,62.010600026503,42.7645326959485,17.7701341493942,76.3136026466374,78.8195163384427,10.4387691809873,15.8570468313109,19.7684705950617,69.3549713594059,10.4374862223517,20.4934604530732,67.391527935174,33.3954392577821,16.0328391609601,36.5461310473675,60.1611682982565,63.4034475924008,78.4294379193806,102.166082883539,76.3491178407346,61.9521306685295,8.68739258611534,43.7816556587767,105.165591372627,82.8191750860266,42.0603484902641,73.4283218502438,57.0332452016776,17.3118756317413,79.745852174231,65.2901159440305,55.0487181220606,78.8460677228164,87.6619927115002,3.98276934679902,63.1354689226297,54.0400059284179,10.6152752372774,79.4045357054075,94.3423011342784,88.500823254435,65.2420533840868,10.2459368670483,16.6369897501978,15.3561767102268,43.7806659492517,29.5347168244249,66.9035904431134,68.6206726513854,82.4426300198353,26.7481666815892,13.2747009446991,17.1386585815038,26.4714349369662,96.7242945728442,13.7066505492837,12.5014595484113,120.211096278603,10.0332645295787,71.5082665619364,49.5656811232141,13.8438113457811,62.0260885549913,62.6655843744207,11.8845536760649,136.523558855386,19.0301709345512,118.168507802298,17.1386585815038,49.0834384257164,16.4731796262511,43.1820889775841,54.366609444776,53.4746626486499,8.90494068511639,127.175093303626,61.029193900116,55.8367663915412,61.0341983818067,57.4041563696445,39.3593714842122,87.528454100953,102.135739373212,88.7324338622865,53.4915607912116,13.727817412785,20.3833344575731,20.1765923207083,71.2135973657626,87.839916785025,11.7054958019847,146.932782087711,72.513498737216,26.4714349369662,93.0192562227351,117.47171392786,10.3458160920924,71.1218515319158,98.6700327031359,14.8083008307125,47.7521763292335,67.0774481306162,50.0616215760094,92.9305642602437,47.5617126275317,21.9291117418541,62.5321891675064,76.3967504050201,41.618052993075,100.442104037503,63.2974286178608,91.4735859381855,83.7102654707593,23.3403980450242,6.02294922516454,17.5931895164419,53.2374209309552,34.2917559683905,54.4304203610335,17.0624364912396,42.0954954027762,53.5453329676661,35.3094239900193,124.694899234604,44.0249455913227,60.8545351273961,82.3752293438198,72.2030950384927,76.0050528186348,134.25879389505,69.3894375453078,75.2778620608871,23.9736507806897,84.9933622394579,90.2044404400481,21.7919843662218,12.2675757453588,12.1650724722223,97.0612742146696,103.84129216219,77.7137438777527,9.67788763490475,80.9175995142706,105.12539743703,91.5456780265276,11.0506227053603,78.6752514215508,84.1832310813371,41.6168705568982,80.6073794691647,134.912030267588,36.9607573586383,84.0875739245358,99.0106819265383,16.3264686263004,93.7738355792715,106.290406314895,47.9429021574882,33.8862711293821,141.758076869765,10.3458160920924,73.0964801800896,10.2459368670483,21.5717184732317,24.8435806139644,17.2208571783805,13.9565586459399,141.071692329196,32.8390472988487,56.8688821456295,19.1289616043505,51.5928283299356,22.5250503182322,79.1499036346954,91.4224953003983,96.4911914056204,75.2411661194296,32.1185763591152,80.9567950414648,10.5289329068638,17.3245948006596,66.546404633852
20.8935886816948,8.83014027555152,18.2173020429403,72.4715595294872,39.2179465305535,84.8606880799783,10.6589951401073,57.8549932032257,107.299546244498,32.7295056243051,77.7327982760961,43.5814902953712,69.2313794689849,14.9848431856256,67.6102923473335,91.1642553259702,104.943916631979,41.8151642138194,71.2038963291431,48.4718887677108,18.7686983432758,68.6670295607818,79.1266503788602,10.7521362713925,15.8570468313109,18.7966334054541,75.1449284185188,10.356459615297,20.4096944161805,63.5760510418298,33.0604724898717,17.4954449977798,35.986524479365,57.3224039677974,67.7018381726407,90.0568864738894,98.9185312551362,73.3414133107916,67.7293814229338,9.55799569410372,48.1692144241453,102.182426699165,83.4079649160711,43.352100968356,79.1967654797629,61.5156944789075,15.6057274861888,78.8812864605069,70.7407269138118,48.3103341766312,79.2142548940511,79.0225853196209,3.98276934679902,66.2895223455158,62.0516327548644,8.83014027555152,71.4482531481381,93.9566815023255,91.7480996091232,63.2530864521929,10.5488739436948,12.828499619663,16.1579430645435,40.7510942538019,29.6416761635094,66.9606275024089,75.0197880420096,80.2588970304276,31.335744661154,12.5231329617136,18.5312579379705,26.5519843940681,86.9233357327743,14.9848431856256,12.9619073952076,127.915702267424,10.8191818972333,82.1096263667291,51.3203180453399,15.1274700429513,67.0660098881023,66.8056211570418,13.0637777094239,153.073481211701,18.2173020429403,118.628972074821,18.5312579379705,45.3172426768055,17.3346022103796,49.3463996274178,59.3262375869737,60.6113930491233,9.22328033338127,128.363974044426,54.914108576613,58.9628580307764,57.1906766974891,57.7261749481887,42.4741489207573,89.7113645747492,103.09054278899,89.7596722014619,61.567981910384,24.7220537856497,19.9672265929901,19.9578475275351,78.8038577519881,87.970404183665,11.8132484162252,147.379881228948,69.6938693371948,26.5519843940681,82.9974753440237,118.569883818281,10.6282775216229,57.002253869826,97.6003002352855,15.323357786856,52.8418146252212,67.388704669727,46.6164624516519,86.3532620592966,52.6125902196043,21.9291117418541,75.0084700413198,83.5210119784101,45.4990805777036,101.604902978586,72.3219712884033,99.3695226134021,89.2406308474107,42.0330893467573,3.98276934679902,16.1287463264727,61.130061621377,35.0048932782768,52.9003170834402,16.58455988192,48.3363052333333,53.8457048065777,35.1604437066785,125.074331118846,46.1272634375155,61.348674326314,92.3610783881444,67.1447667925645,72.5710481333974,134.781956783458,75.0276667924595,75.185815767545,25.2645462579094,92.7469351690149,90.7132485129458,22.0442659824619,9.2898318549265,11.3278920312629,99.4748143173343,101.721463415471,84.050753591572,11.4078727273269,85.1416260676942,113.90157490567,102.643204900993,13.6520381701019,68.3725412533696,75.8866682679643,46.9147682972424,85.7736920461823,135.437738605851,34.6713817357424,78.2201789502538,105.127114123949,16.9784663279049,88.8955409034999,102.911754884117,47.199556237663,36.2014057184352,142.765883502721,10.6282775216229,80.8874265499776,10.5488739436948,21.5717184732317,24.4862759615519,16.9979722577102,13.4138690258483,142.074619219791,33.5219738270649,58.0510055669895,17.0680306807895,57.2134340997247,23.4430847707849,90.4345908379144,89.6623575274963,86.9816344528773,78.9033557499713,35.3373249220729,80.9910060391118,9.47786200166831,16.9194073212936,73.5748938851143
20.726869801577,9.02426020120461,17.6199753719765,66.803845532581,37.6452421447457,82.2914033142269,10.6840834365702,53.8863839520064,105.215136306421,32.8065417360017,75.4396633019355,45.306245018189,75.5514552541865,13.5371724992861,73.782380420289,71.0044821405528,101.394160145829,41.5272186766598,55.4580933849865,44.8204032655072,17.0772900726007,60.7764538823451,79.7153580927402,10.5632370498543,15.8570468313109,18.9952412733396,71.4223244849174,10.4753794027411,20.7435500697409,69.3798565385585,29.26038458311,16.1538842045415,39.3748925590916,59.6330591157807,62.7416364502221,70.1419933109185,98.1292179875596,55.5349477645713,61.1861137440339,8.5566468575233,43.122739371602,110.223971689727,84.1464754027051,43.4541397015656,66.6592584264107,60.6499696511131,14.6841982515611,76.5542708274546,67.2363026789717,45.6744206692205,78.1260642277453,74.3562458213601,3.98276934679902,67.1553753716303,48.3297322396904,9.02426020120461,63.2380851510143,95.4935966892801,84.8385233987505,53.6126222185284,10.5482962837884,15.5517331134457,15.5761515299057,47.1628288818554,25.4505393023037,61.7513774968975,67.772201484147,81.9909263264503,29.6395104485203,13.6663594869288,18.3126624409916,25.6538563095835,75.4716891386971,13.5371724992861,12.4257084699556,121.218760071081,9.24954237369609,63.9521650023617,50.1037430939588,14.171468299586,66.2748964185819,65.3583731380444,15.0867890960375,140.415103050519,17.6199753719765,119.511579775459,18.3126624409916,49.4783885548507,16.898793424722,43.7531087628444,54.7770675391627,56.0454141154807,8.94013374668851,129.78834611111,48.6038905242345,54.0606815539501,56.9285518486449,60.0107111629282,36.6161514754677,88.2194076263945,104.234471921607,89.7284514482536,61.1681914295565,13.727817412785,22.2268206219729,19.3690865516108,65.0115239798595,87.4034176624819,11.6856424186244,142.394716713361,71.094894036939,25.6538563095835,75.6075687444543,119.885577195009,10.3046934389271,70.4267943234518,94.7210694997191,13.5130183630834,43.5933848499973,65.9668447206565,54.9026860823144,86.5855971606702,53.9639311706798,21.9291117418541,65.45985793201,75.4521306937171,41.1034599901673,101.569562145416,72.1776315227951,94.0151545371769,87.3073605032223,23.3403980450242,3.98554483319233,16.6805332548606,47.6119544126793,34.2881079842585,56.3716638194676,17.3531561687395,37.6473685811243,55.9766698800337,36.0495234071343,120.843657894623,45.1219389075559,62.9403643598736,84.7232991441046,65.0118147286688,74.6722810256219,135.784743799847,74.1426372836929,91.0012413672012,24.5484293325998,85.6350467928373,88.1351154247342,22.0365984122601,9.99100619674161,13.3414606655709,102.544131802649,113.23278724818,80.4686957657386,9.75695273691436,82.6005278694171,108.259005810045,94.1551474463152,10.9600707701868,72.6153257496584,71.4055068873547,44.6821638749712,81.2830669906342,136.445404684043,34.3643620840634,84.5978567366825,97.1951738221219,18.931818247772,88.4147978342019,102.090577977334,48.1268054468045,34.6345899555647,144.029960646989,10.3046934389271,66.7304243831936,10.5482962837884,21.724797554169,24.3860469986793,17.034747402471,13.6835220384171,143.332575774466,32.8355538550143,53.5110660524737,15.5483320146938,50.3217961899178,23.2613969176893,90.2541020125702,85.0249116654566,81.8453074796574,59.7174109583045,31.6351900466187,85.3437222212541,11.6222618221396,15.6488668608026,82.0709148130354
