"ENSBTAG00000034077-ENSBTAG00000003848","ENSBTAG00000034077-ENSBTAG00000017846","ENSBTAG00000034077-ENSBTAG00000018999","ENSBTAG00000017745-ENSBTAG00000015361","ENSBTAG00000006655-ENSBTAG00000008218","ENSBTAG00000017468-ENSBTAG00000013557","ENSBTAG00000010452-ENSBTAG00000011515","ENSBTAG00000034077-ENSBTAG00000023731","ENSBTAG00000014583-ENSBTAG00000011515","ENSBTAG00000010562-ENSBTAG00000011515","ENSBTAG00000005947-ENSBTAG00000018517","ENSBTAG00000005339-ENSBTAG00000019866","ENSBTAG00000040584-ENSBTAG00000021923","ENSBTAG00000012817-ENSBTAG00000007909","ENSBTAG00000047567-ENSBTAG00000019866","ENSBTAG00000025644-ENSBTAG00000011515","ENSBTAG00000005198-ENSBTAG00000019866","ENSBTAG00000014583-ENSBTAG00000012100","ENSBTAG00000014906-ENSBTAG00000011515","ENSBTAG00000021316-ENSBTAG00000019289","ENSBTAG00000011851-ENSBTAG00000015510","ENSBTAG00000005710-ENSBTAG00000014064","ENSBTAG00000019910-ENSBTAG00000015510","ENSBTAG00000002880-ENSBTAG00000013755","ENSBTAG00000005280-ENSBTAG00000048246","ENSBTAG00000014583-ENSBTAG00000012687","ENSBTAG00000005198-ENSBTAG00000014064","ENSBTAG00000025868-ENSBTAG00000013755","ENSBTAG00000000559-ENSBTAG00000020661","ENSBTAG00000010361-ENSBTAG00000007909","ENSBTAG00000005710-ENSBTAG00000009851","ENSBTAG00000004777-ENSBTAG00000017753","ENSBTAG00000026236-ENSBTAG00000019929","ENSBTAG00000008611-ENSBTAG00000011761","ENSBTAG00000010138-ENSBTAG00000019866","ENSBTAG00000012849-ENSBTAG00000003585","ENSBTAG00000002006-ENSBTAG00000003585","ENSBTAG00000020244-ENSBTAG00000015510","ENSBTAG00000010963-ENSBTAG00000003255","ENSBTAG00000000575-ENSBTAG00000019289","ENSBTAG00000007740-ENSBTAG00000007909","ENSBTAG00000015991-ENSBTAG00000021190","ENSBTAG00000012413-ENSBTAG00000014064","ENSBTAG00000009476-ENSBTAG00000013745","ENSBTAG00000021316-ENSBTAG00000003585","ENSBTAG00000015801-ENSBTAG00000015510","ENSBTAG00000000442-ENSBTAG00000007348","ENSBTAG00000003837-ENSBTAG00000011761","ENSBTAG00000009476-ENSBTAG00000015910","ENSBTAG00000008096-ENSBTAG00000019733","ENSBTAG00000003329-ENSBTAG00000002081","ENSBTAG00000016515-ENSBTAG00000015510","ENSBTAG00000013363-ENSBTAG00000009851","ENSBTAG00000032436-ENSBTAG00000007909","ENSBTAG00000007737-ENSBTAG00000007909","ENSBTAG00000003837-ENSBTAG00000002606","ENSBTAG00000015327-ENSBTAG00000011425","ENSBTAG00000010963-ENSBTAG00000009024","ENSBTAG00000006686-ENSBTAG00000015910","ENSBTAG00000025644-ENSBTAG00000012100","ENSBTAG00000013155-ENSBTAG00000019289","ENSBTAG00000010303-ENSBTAG00000007626","ENSBTAG00000010312-ENSBTAG00000014064","ENSBTAG00000007740-ENSBTAG00000013320","ENSBTAG00000015742-ENSBTAG00000017060","ENSBTAG00000011757-ENSBTAG00000007909","ENSBTAG00000005691-ENSBTAG00000014064","ENSBTAG00000005339-ENSBTAG00000000570","ENSBTAG00000005339-ENSBTAG00000003166","ENSBTAG00000012210-ENSBTAG00000039292","ENSBTAG00000017866-ENSBTAG00000006240","ENSBTAG00000032436-ENSBTAG00000014064","ENSBTAG00000017246-ENSBTAG00000014064","ENSBTAG00000005077-ENSBTAG00000015127","ENSBTAG00000007737-ENSBTAG00000014064","ENSBTAG00000011082-ENSBTAG00000012687","ENSBTAG00000000073-ENSBTAG00000000736","ENSBTAG00000021457-ENSBTAG00000011986","ENSBTAG00000013066-ENSBTAG00000012687","ENSBTAG00000019604-ENSBTAG00000009851","ENSBTAG00000017745-ENSBTAG00000018474","ENSBTAG00000025644-ENSBTAG00000012687","ENSBTAG00000021316-ENSBTAG00000019929","ENSBTAG00000015177-ENSBTAG00000010249","ENSBTAG00000007725-ENSBTAG00000012687","ENSBTAG00000017246-ENSBTAG00000007909","ENSBTAG00000005198-ENSBTAG00000010543","ENSBTAG00000025644-ENSBTAG00000014773","ENSBTAG00000000575-ENSBTAG00000015296","ENSBTAG00000024394-ENSBTAG00000019866","ENSBTAG00000017745-ENSBTAG00000016933","ENSBTAG00000010123-ENSBTAG00000018517","ENSBTAG00000025644-ENSBTAG00000011425","ENSBTAG00000015362-ENSBTAG00000011909","ENSBTAG00000003835-ENSBTAG00000002081","ENSBTAG00000008300-ENSBTAG00000019289","ENSBTAG00000010663-ENSBTAG00000013745","ENSBTAG00000021316-ENSBTAG00000015910","ENSBTAG00000047567-ENSBTAG00000000570","ENSBTAG00000010963-ENSBTAG00000002414","ENSBTAG00000039355-ENSBTAG00000011515","ENSBTAG00000000575-ENSBTAG00000012897","ENSBTAG00000005691-ENSBTAG00000019866","ENSBTAG00000011585-ENSBTAG00000015046","ENSBTAG00000010303-ENSBTAG00000020892","ENSBTAG00000011966-ENSBTAG00000015910","ENSBTAG00000012849-ENSBTAG00000019289","ENSBTAG00000000575-ENSBTAG00000015910","ENSBTAG00000019866-ENSBTAG00000009851","ENSBTAG00000018134-ENSBTAG00000010444","ENSBTAG00000011238-ENSBTAG00000002951","ENSBTAG00000013688-ENSBTAG00000019866","ENSBTAG00000005947-ENSBTAG00000015910","ENSBTAG00000007773-ENSBTAG00000018993","ENSBTAG00000007148-ENSBTAG00000034848","ENSBTAG00000007773-ENSBTAG00000010347","ENSBTAG00000017122-ENSBTAG00000011154","ENSBTAG00000010673-ENSBTAG00000006359","ENSBTAG00000005339-ENSBTAG00000015996","ENSBTAG00000015509-ENSBTAG00000012687"
74.9028309987502,81.085191528205,77.6274676686874,20.7578520230757,112.641091195053,105.459082398767,34.6660347877965,14.5529980793475,40.9021112523435,34.7382429688007,14.6270978643946,15.0157146746148,104.928971808432,53.4597591330789,18.3509238927553,57.6919735234025,10.542306482666,72.8315361470401,40.8304550824181,15.7947623424675,72.621160930532,11.9109665149304,95.1283841925516,66.3784538321209,71.4357870122961,70.3410832715092,10.542306482666,87.9051068905142,73.0328690975736,56.8877510282155,26.4295191105865,123.438920608665,107.523462710737,111.364900869213,8.99495372579132,21.0064699835979,14.3416758550794,91.7015743092709,10.2097387097836,11.8222174459486,71.6448894396512,21.0189024060739,13.9134889176521,58.2212514176402,15.7947623424675,50.5012932810246,18.6509993645543,45.5977021555635,56.5851063580754,15.7072871392144,86.4616106167161,63.0055779772379,52.5452823864899,93.46263518736,99.337904145236,40.3031613447654,132.886548808181,42.9261260207846,91.9552937755224,102.728072620531,12.6871390067768,13.9751546299364,12.8633801795616,19.6383427403475,16.0395077889833,83.3215452698231,14.0484549096661,15.0157146746148,15.0157146746148,10.7645433766645,54.1943818771007,25.6187325792651,26.8533674385577,80.7457392968018,27.2291830438957,60.3860381644767,86.8947880558675,65.4083333371351,67.296541683842,39.5722620479565,95.1073288441808,99.2153165070383,75.9413552904718,91.3234610611512,67.0705412839191,97.9668481528779,48.2429949114663,122.550065353072,11.8222174459486,9.39903635453192,20.7578520230757,22.5932533963589,138.369233178795,36.1895081692063,69.26817887445,16.4219828103248,92.4369552504663,86.9045910755453,18.3509238927553,48.1889734832258,19.3837790914872,63.5057105894949,14.0484549096661,13.386608964563,61.224608788205,89.365384151785,21.0064699835979,65.0471941565048,38.5274807325502,58.9643455707837,14.5458585509438,14.7457774342603,80.4799674072593,15.4907698238961,48.3047432058312,95.0560640786095,83.725813588406,85.3659990792469,72.941130804356,75.6129422321698
72.7346563367716,78.7380591783467,75.3804243162723,20.7256889916547,115.012449077732,107.879109912581,32.1420706788337,14.1317397467754,44.349405120861,35.6757497701737,16.0506928675096,13.3434318706133,109.028698395534,51.5560748736105,18.5385165233218,59.4735547091663,11.1180864128008,78.9698918530677,44.3535945473507,14.6319611171755,72.0491651513285,12.2520533771417,97.4543473944989,63.3417767314497,74.2431004161725,76.269539716477,11.1180864128008,93.4864560731271,85.5501298682855,50.6035111689911,27.1863646387711,119.358663020264,107.298934421539,114.231659397333,9.67110167514645,21.9938029043733,16.1598607649468,84.4961341888763,10.0205054079684,15.3060647801069,75.4817381531227,19.7508370990059,12.7537087141358,56.5422247080488,14.6319611171755,53.2075440598183,18.7070250942339,59.5120642200677,54.9532639873446,14.6547653150034,78.4073516574409,64.319649186519,53.5223726969096,95.1580491553332,102.918446518562,52.6018683581577,134.848112118715,42.1305079553323,88.5269243440139,105.900409953665,12.0215966240318,14.9023622744505,12.4207110790272,20.6900486005608,16.3955062846088,79.9858972206021,14.3629558104429,13.3434318706133,13.3434318706133,13.5215867535272,58.900644292909,26.0834568722361,27.1775699522712,91.0029836478698,28.2106336243023,65.5137502654393,93.5159379038597,76.0355813441524,70.5043023696264,42.8852056477558,94.9599658124672,102.279176701678,70.3505968436244,83.8652960950741,71.7964332971277,99.14960850889,50.8778403587401,126.334524046596,15.3060647801069,11.4700424725234,20.7256889916547,24.2148436805467,142.642202319293,49.9757316041526,66.6935945365067,18.2855270339821,94.342913576057,80.5067255809537,18.5385165233218,47.2958107077102,19.0782450470371,82.2199832335715,14.3629558104429,12.762355012086,65.2866694096454,88.9165720361137,21.9938029043733,84.2157211263988,39.7954346252978,65.2097060042374,16.1212056650482,15.4281083508938,88.3127501310776,16.2107100466289,47.7048712573053,99.4738357402406,94.5273796634522,88.4311915061393,64.8177612950273,71.2581351472242
92.0089745350826,99.6032489428256,95.3558577254628,20.7949180774583,118.815939113352,112.31472621046,32.723269100957,17.8765797211875,43.7147631859428,33.0558891257556,15.0332989060579,13.2772024316262,110.229212695887,49.3437659105358,17.6658200122273,60.1490417554482,9.71687811571372,77.8398292326261,45.0245464105869,11.2068911823213,74.4364144629225,12.4538687818617,99.038704682857,71.2635268604953,71.0087122355393,75.1781192536981,9.71687811571372,94.3790472395435,77.9701981799,50.3545853206625,27.6341775084633,131.271206716917,114.578552297692,119.296804304987,8.65932337618368,21.8411887692885,15.4754944799697,82.3168607321356,9.41835222663744,13.3799997996876,73.964241540398,18.9124169795729,11.6850237282484,58.0952678712105,11.2068911823213,50.5706702141058,18.5249921451265,75.3110093359132,56.4626632260487,14.2451478340301,78.5360628150846,63.4633555267458,53.342673748033,93.8000199474298,100.90695251469,66.5663315652871,134.726953420937,39.5987973914901,105.565412534025,107.103202614529,11.2241538941098,14.5122303338844,12.9552129370275,20.2740926430447,18.9622353027455,82.2678138744442,14.1779029288643,13.2772024316262,13.2772024316262,14.6036932446149,49.2472864982845,25.7112119955283,27.362558908774,96.8411539461302,27.6592696822662,63.3758347001227,93.1501770317016,73.320583668472,70.6078072223718,41.7349599179951,95.2771563108768,103.440840222619,53.8828306830579,83.7836667206525,70.3323768716572,99.8244879277612,44.4657250538565,127.769402706682,13.3799997996876,11.6740676265234,20.7949180774583,23.416992780351,144.262299863335,52.6171178307997,69.4729048667937,17.9867716685998,92.3352125474876,61.6615985926645,17.6658200122273,44.4537062706799,20.2720657913246,71.8736902659198,14.1779029288643,12.0176958888031,63.577516554494,89.1212203713914,21.8411887692885,73.6182910493272,39.0090831899762,54.8261172168888,14.7632654630175,15.7115849949295,82.714932052805,16.0064646802139,46.5473585846683,98.2205241967595,90.7415418786642,90.2860448858316,64.4960416648304,76.4942951316531
76.5473185717644,82.8654124897577,79.3317744913207,20.6928901291614,127.484275973021,107.710125994422,31.8138989768252,14.8725083591657,43.8594283374537,34.2243663466366,16.001490900489,12.6176445610172,106.906120364179,52.6760103441782,17.8056642171882,59.6942123892974,10.4001559991397,78.097424375979,42.2521003730683,13.0370367190181,70.301801855108,12.8376330018053,97.6830002658465,66.9447936528234,75.5854262075882,75.4269060071773,10.4001559991397,94.3393064425785,80.9500618212043,52.713412428968,28.4857208128833,124.074388763648,110.010543224004,113.59422841161,9.46092443286487,21.9002345102074,15.0457533874304,81.4127962692788,10.4675637620528,15.5528125143061,73.3969745668684,19.5487817187751,12.5723756422104,53.0499410307845,13.0370367190181,50.1370586269217,18.302389173732,66.6950496041083,51.5591211529173,15.6706749155993,78.1525743754533,61.367784065664,53.1401307222061,92.7306369541442,100.636552783652,58.9508071244668,134.07341027222,44.0101332612846,102.439268326811,106.29331969144,9.79946834733699,14.6990573178681,11.6211718010405,20.1186009765967,17.2620324601305,81.260036619604,14.4191289593317,12.6176445610172,12.6176445610172,14.4852841258109,47.7164981370657,25.418086974231,27.3669350503254,93.4811523450599,27.5851513098804,63.3690359351313,94.7347176971717,73.6769168494262,67.7152734090689,41.1192517386033,94.8096895605028,102.658651006973,62.6821864075738,85.6431369920369,71.4305983516887,99.8404530314242,47.5924954154883,126.80324805566,15.5528125143061,11.1065369475098,20.6928901291614,24.1613454197238,143.171430773965,47.9011740685424,64.7255656027145,17.5651071426399,93.6026451561411,71.7312689065844,17.8056642171882,49.4058826481197,16.2260591606743,83.5454444060051,14.4191289593317,12.9009219117918,64.3959983035959,89.7963597294647,21.9002345102074,85.5733554151876,39.3217246513692,63.0118113846834,15.2313944915189,15.523097688029,88.0420352743847,15.9279238314514,48.4145698714271,97.7385737167231,94.403488455176,90.490342727242,61.2921384237503,71.6781916645929
88.6451953469917,95.9618287710101,91.8697189949722,20.7796824153388,118.569546667469,109.638442055096,30.5829187423069,17.2230253573417,44.575209815719,33.1169895918803,14.4840720641842,13.4043682503073,112.925123255031,49.975082881038,17.2037982971736,60.6400325567144,9.09048213033055,79.3719665209072,41.0908116298572,9.4810134191486,70.2498624090115,12.4133706171693,99.3576948169001,74.8171171359691,78.3234891623706,76.6578655597596,9.09048213033055,97.1480784320562,81.6681595082487,49.6390960566623,27.5443151940711,124.394491350441,115.623213691218,109.79468660563,9.05011950816242,20.6538166806202,15.6108819156345,81.7961870855417,9.26859495879022,13.7710415419745,72.4275234432947,19.8734574747777,11.9447144306089,54.1707292872158,9.4810134191486,51.8286381439585,16.1653708916963,88.9091883656096,52.6484127973053,13.1682146267698,66.7974635104372,60.5215136075563,54.3516048847766,94.5226430058265,102.591158844621,78.5855688847271,137.730695527965,38.9691535254842,103.731273850638,107.97747568248,11.006047504458,12.7786690663097,13.8695405990031,19.8528679482725,19.0518877548127,79.925162401568,14.3735691501148,13.4043682503073,13.4043682503073,12.560410256638,47.2862037660393,25.909287802524,27.1048288296408,101.704013070276,28.1209218867896,51.7809231485865,93.6490383759014,67.5858393425121,65.5202481526078,44.0127963317998,95.2073502863542,104.285217781135,45.5847953242969,80.9417399059986,70.4548428436883,98.8842332805686,41.5992538138968,128.81237196407,13.7710415419745,9.62252808505083,20.7796824153388,21.0962227189203,145.439899042561,57.0922757087139,63.2906547265152,17.7055978719162,92.4660055391563,52.1656215084364,17.2037982971736,43.7468665351738,30.5165688661871,73.9742592858709,14.3735691501148,13.2076827505038,55.9828520782747,91.1025056545598,20.6538166806202,75.7698474938038,37.0028175987994,57.3446807390844,12.0396237048237,14.2304501500102,79.6930230765352,14.1971367592424,51.9736410101938,87.117939060559,97.6180124784998,93.3581119806792,65.1137690800923,74.0448870262588
74.829951256287,81.0062964077222,77.5519368806473,19.1475330914834,110.596046302193,105.338657291334,31.5350466452158,14.5388381505711,43.2549763295744,33.1207779742781,15.1340539665027,14.327721168946,108.67134942514,52.3604666743652,17.3383466187186,58.4336212035091,10.379704599135,77.0211188525449,44.2790285147682,11.5308366432264,74.0184662064152,12.0110706919207,99.5867982503278,60.1770322177699,79.3712891107363,74.3874044333451,10.379704599135,95.0301447085047,78.4116800951539,52.4142870969614,26.6516425844034,108.102932358635,112.296634955982,112.498892201287,9.62975701327053,20.2692122707005,15.3001626612727,78.442235412534,10.5806339843218,15.9389806486953,75.8292455816156,19.2367923641817,6.34074687431694,49.8834780203955,11.5308366432264,51.2894497602785,18.525739644319,52.9304710215881,48.4816427088953,14.1561503344597,76.45225046005,60.742397217006,52.9879666537579,95.8635288526852,102.869855158911,46.784491603536,135.224186074299,44.4855290327422,89.5829043745039,104.048672906633,11.4024016599245,15.4952667610557,12.173990460249,20.7853027078521,17.5604338745542,77.3133586323616,15.1224408393364,14.327721168946,14.327721168946,10.6152752372774,54.0109641753568,26.2768335694621,27.4571041228234,95.0315972281893,28.1973144080608,60.0119559922923,92.7153666432993,71.4605981983844,67.0547074254485,42.5259839753859,87.7292469501243,100.490759256256,55.4403632883562,84.4985802594453,70.170933981,100.169409161553,47.4989070922893,124.125483320515,15.9389806486953,10.1934426913814,19.1475330914834,23.8425345598485,140.148011308886,52.2622133069952,61.2817908704032,18.2167904982458,22.5472811451204,63.4439836137448,17.3383466187186,49.9395630974971,9.20862429571395,85.6198337406223,15.1224408393364,13.5666625801345,67.8841609009678,90.3045521819066,20.2692122707005,87.698096710931,42.9906943096724,63.46507210865,14.878135946369,15.3005148812554,83.2692979328918,16.9558262750093,47.4196088901461,104.046095011803,93.2263004011429,83.4680320271567,69.5990971165177,70.6401357087508
74.829951256287,81.0062964077222,77.5519368806473,20.8588344888031,118.600422611441,108.01320859528,32.8857508748097,14.5388381505711,43.2945048188464,36.158720117333,15.9855581065423,13.4992380578865,110.039922669316,50.839142915415,18.462075799846,58.9274526235197,10.2938785164449,77.0915044758563,40.9037574698156,13.3945371081146,69.4252927028869,12.2169590868624,97.4369752844275,64.8051400826375,76.4347773291339,74.4553832410483,10.2938785164449,94.8088454801704,76.9060279350928,50.7355662767028,27.1084931063103,122.512583884983,110.311136733169,116.307333112834,9.85860772809847,20.6775036934664,15.4560435379483,88.4504590754892,10.2459368670483,15.0513296678153,76.3488586989582,19.5163428454839,4.50008332650101,49.8834780203955,13.3945371081146,51.2894497602785,16.8477784361947,56.4544912212148,48.4816427088953,15.5765322485532,86.004626325966,61.8875791122528,53.1984872895893,93.6939622747666,101.799092964581,49.899323008926,136.138947906766,43.0783186189136,101.799938235148,104.92800406622,11.7777019742826,13.6227893759555,13.0215643454589,20.9277321340201,16.8394537079907,80.1355034571069,14.4359691535343,13.4992380578865,13.4992380578865,11.3937228616492,55.063409410011,25.6821408790496,27.1987614972222,93.8763016484878,27.903811338545,62.0199289278971,93.6695873474959,72.1623193031534,68.274092880982,42.0004548207233,95.5700054527605,101.340021946457,64.4010514006776,87.0292737314214,69.4536641834113,99.2269198133693,47.1061555367074,125.174486658408,15.0513296678153,10.5621889160675,20.8588344888031,22.4335789543174,141.332423467688,53.2320458453414,66.5600707484138,18.684673547574,22.5472811451204,73.698276984968,18.462075799846,48.3598252640745,9.20862429571395,80.8516160560828,14.4359691535343,13.2758014437214,59.6809103178264,90.9540448235033,20.6775036934664,82.8141393687069,38.5501662795517,68.2637565256412,16.1686315912013,15.0983260679472,87.9543712176169,16.6032682198951,48.620076992224,101.882691807227,96.5594721083133,88.2096391806778,65.5746136814967,74.3854943945559
73.7539412006551,77.098835641261,79.482666027922,20.7578520230757,113.156078931079,107.443281780864,15.1032857232159,14.5529980793475,17.8202173022794,15.134745357868,14.6270978643946,15.0157146746148,106.201586108995,60.8604356810553,18.3509238927553,25.1352185328936,10.542306482666,17.8202173022794,17.788998167618,15.7947623424675,77.4850820089382,22.6910256432421,101.499763375976,67.7029295849799,65.9239492069859,61.8041365994365,20.0836553807144,89.6591125340235,74.0289475664721,64.7629800178115,11.9109665149304,129.532671211156,103.221414549302,108.502998973348,8.99495372579132,97.9666130892024,66.8844127853167,97.8434372937055,34.0191035476271,11.8222174459486,81.563015926875,21.0189024060739,26.5059374838863,59.0539880107698,73.6610850108858,53.8837000303649,18.6509993645543,44.4259132954509,57.3517566596676,15.7072871392144,88.0280647699735,67.2254796540206,23.680532982999,106.401091019556,113.08970006528,39.3065708944437,132.817296063171,42.2961929158213,93.2011614294575,25.1352185328936,12.6871390067768,13.9751546299364,24.5054244042521,19.6383427403475,62.2446087443867,94.8561241010619,26.7630548875761,15.0157146746148,15.0157146746148,10.7645433766645,58.9690484580398,48.805050133823,51.1570953030486,82.2217226750932,51.8730440488674,53.0572856976138,88.5373989022093,62.2997241421301,59.129095849203,17.8339941109433,95.935036693603,87.1740480664587,72.9029173563886,93.0500833139077,58.9305239913536,111.528842583106,51.2495410462301,130.393157580684,11.8222174459486,9.39903635453192,20.7578520230757,22.5932533963589,138.29712317738,38.350048153886,70.5231338274345,16.4219828103248,93.7590779001904,88.0820286602023,18.3509238927553,10.2097387097836,8.44511798959742,60.1665331801582,14.0484549096661,9.13568686086099,56.0755948281403,90.5761620953364,21.0064699835979,65.9284940996778,17.3631434983702,58.6255972076646,14.5458585509438,14.7457774342603,81.5703601847238,15.4907698238961,48.7971490005984,95.0722985036581,83.5690502104303,85.0289791840177,76.8436042535715,66.4361763148328
71.6190228751383,74.8670943348713,77.1819211795581,20.7256889916547,115.538278507622,109.908841808221,14.0036459367173,14.1317397467754,19.3221330704606,15.5431979880944,16.0506928675096,13.3434318706133,110.351035576187,58.6932157887622,18.5385165233218,25.9114171911021,11.1180864128008,19.3221330704606,19.3239583183055,14.6319611171755,76.8747758765047,23.3408142835936,103.981511769189,64.6056604554664,68.5146561059437,67.0130858351814,21.1805468162814,95.3518286020313,86.7169283718391,57.6087843768514,12.2520533771417,125.250985483113,103.005869708826,111.296086339346,9.67110167514645,102.571178364347,75.3637726077277,90.1554010314741,33.3885734751048,15.3060647801069,85.931016982826,19.7508370990059,24.2964944210144,57.3509462388451,68.238198736953,56.771206383123,18.7070250942339,57.9826982520752,55.697805071049,14.6547653150034,79.8278840853433,68.6275629326689,24.1208773540326,108.331208820755,117.165913133742,51.3011634524957,134.777837120926,41.5122504010136,89.7263423113123,25.9114171911021,12.0215966240318,14.9023622744505,23.6621161891626,20.6900486005608,63.6261341231779,91.0587071869884,27.3621958553056,13.3434318706133,13.3434318706133,13.5215867535272,64.0899448838613,49.6903746652643,51.7747183601746,92.6664632618894,53.7427596810679,57.5626729391952,95.2837112921548,72.4218994896448,61.9475466091564,19.32703528653,95.78639117883,89.8660628206269,67.5358469446075,85.4509093075957,63.0828580464198,112.875337811302,54.0485923934432,134.41981817332,15.3060647801069,11.4700424725234,20.7256889916547,24.2148436805467,142.567865494735,52.9593191646564,67.9019048769247,18.2855270339821,95.6922970833556,81.5974808948391,18.5385165233218,10.0205054079684,8.31200302563495,77.8967954751623,14.3629558104429,8.70966495743633,59.7960345350432,90.1212691932889,21.9938029043733,85.3567282244821,17.9345710864319,64.8350782363111,16.1212056650482,15.4281083508938,89.5092663326022,16.2107100466289,48.1911621158577,99.4908246672099,94.3503920569766,88.0820704132235,68.2856207825625,62.6098904599036
90.597703815845,94.7064978801625,97.6347421990709,20.7949180774583,119.359157852079,114.427913669313,14.2568622588304,17.8765797211875,19.0456324976758,14.4017780330903,15.0332989060579,13.2772024316262,111.566110122774,56.174646877543,17.6658200122273,26.2057131474979,9.71687811571372,19.0456324976758,19.6162783877629,11.2068911823213,79.421915116837,23.7252833791924,105.671983979312,72.6854764230546,65.5298266380605,66.0541256339482,18.5111703755979,96.2622299958466,79.0336157421895,57.3253985960841,12.4538687818617,137.751610070061,109.99422774354,116.231065030348,8.65932337618368,101.859440983651,72.1721346455191,87.8301671691708,31.3821840845909,13.3799997996876,84.2034464420562,18.9124169795729,22.2605925998715,58.9262025259295,52.2649056813697,53.9577235970558,18.5249921451265,73.3756354549535,57.2276545917452,14.2451478340301,79.9589271464298,67.7139176039372,24.0398925977878,106.785181479801,114.875958905914,64.920322464824,134.656741564019,39.0176922299957,106.99567856277,26.2057131474979,11.2241538941098,14.5122303338844,24.6803706986552,20.2740926430447,73.5868539650001,93.6565198968244,27.0096602591394,13.2772024316262,13.2772024316262,14.6036932446149,53.5861010561944,48.9812283476792,52.1271321756663,98.6113517894325,52.6923820033355,55.6842255299212,94.9110362794687,69.8359353225166,62.0384895938284,18.8086551255518,96.1063421486827,90.8867410301695,51.7269613794754,85.3677365937878,61.7964868519388,113.643643844302,47.2368683884585,135.946527756826,13.3799997996876,11.6740676265234,20.7949180774583,23.416992780351,144.187118738108,55.7583980720376,70.7315689096124,17.9867716685998,93.6558799747665,62.4970283762294,17.6658200122273,9.41835222663744,8.83212642346941,68.0945182728216,14.1779029288643,8.20147258501369,58.2306221150737,90.3286902318106,21.8411887692885,74.6157175572587,17.5801868248079,54.5111428491821,14.7632654630175,15.7115849949295,83.8356055247815,16.0064646802139,47.0218500647395,98.237299073289,90.5716426562147,89.9296009419162,67.9466886098523,67.2105638058773
75.3732049607569,78.7915363765381,81.2277036294399,20.6928901291614,128.067125783562,109.736678478879,13.8606682061505,14.8725083591657,19.108660159502,14.9108597736489,16.001490900489,12.6176445610172,108.202714195686,59.9681889981203,17.8056642171882,26.0075532508056,10.4001559991397,19.108660159502,18.4083800828901,13.0370367190181,75.0103800644277,24.4563746592144,104.225479040725,68.2805698099114,69.753410811303,66.2727183791979,19.812851138015,96.221696234916,82.0541210568942,60.010768822882,12.8376330018053,130.199510220916,105.608986175116,110.675036322244,9.46092443286487,102.134809061185,70.1679769086791,86.8655515096547,34.8781830402208,15.5528125143061,83.5576501325267,19.5487817187751,23.9510452603715,53.8087125460652,60.8000455611541,53.4950701643309,18.302389173732,64.9810922673083,52.2576762732625,15.6706749155993,79.5684909174305,65.4779918154079,23.9486127228736,105.56775895608,114.568126515609,57.4931097762008,134.003539004003,43.3642925468976,103.827179404695,26.0075532508056,9.79946834733699,14.6990573178681,22.1389512774961,20.1186009765967,66.9888671616048,92.5092314729025,27.4692086959765,12.6176445610172,12.6176445610172,14.4852841258109,51.9204462424459,48.4228095689347,52.1354689584149,95.1899313871053,52.5511825560586,55.6782518971494,96.5255302222504,70.1753333432812,59.4970081920447,18.5311744995511,95.6348070903946,90.1994822209214,60.1742520647699,87.262363250088,62.7614226648592,113.661819069563,50.5585018460135,134.918540090764,15.5528125143061,11.1065369475098,20.6928901291614,24.1613454197238,143.096818146298,50.760909033834,65.8982204993457,17.5651071426399,94.9414406292254,72.7031288619731,17.8056642171882,10.4675637620528,7.06936369174073,79.152562915129,14.4191289593317,8.80422989231595,58.9802692234062,91.0129767988546,21.9002345102074,86.7327565890964,17.7210846581075,62.64981045417,15.2313944915189,15.523097688029,89.2348836622408,15.9279238314514,48.9080952102177,97.7552662819448,94.2267328154437,90.1330922275801,64.5713711448044,62.9789668114681
87.2855196281127,91.2440992592019,94.0652891592631,20.7796824153388,119.111638915973,111.7012755639,13.3243551748111,17.2230253573417,19.4205115797121,14.4283982624691,14.4840720641842,13.4043682503073,114.294717603192,56.8933599151751,17.2037982971736,26.4196278453971,9.09048213033055,19.4205115797121,17.9024302157295,9.4810134191486,74.9549618889439,23.6481322183369,106.012338999524,76.3099729020287,72.2802104828112,67.3542825064168,17.3178526587412,99.0865127716918,82.782012712784,56.5108609131931,12.4133706171693,130.535415160172,110.997091900315,106.973136733992,9.05011950816242,96.3219650491261,72.8035329022117,87.2746205531532,30.8831891399874,13.7710415419745,82.4539934997814,19.8734574747777,22.7553172201771,54.9455313990838,44.2160331579987,55.2999459873382,16.1653708916963,86.6243627809115,53.361726320019,13.1682146267698,68.0076556800793,64.5750410086734,24.4945866440677,107.607840520552,116.793317544983,76.6423558743712,137.658918295258,38.3972882733947,105.136689824921,26.4196278453971,11.006047504458,12.7786690663097,26.4222135959723,19.8528679482725,73.9347687436401,90.9895645719193,27.3824148326953,13.4043682503073,13.4043682503073,12.560410256638,51.4522418135474,49.3585733104251,51.6361426470402,103.563101043271,53.5718540426506,45.4965306002956,95.4193278216485,64.3737415728082,57.5683822101858,19.835205519367,96.0359286105737,91.628640693082,43.7609330716286,82.4720784156718,61.9040897393578,112.573225488379,44.1917561241857,137.056246093887,13.7710415419745,9.62252808505083,20.7796824153388,21.0962227189203,145.364104221091,60.5007261333038,64.4373128589692,17.7055978719162,93.7885436941787,52.8723938737494,17.2037982971736,9.26859495879022,13.2954478843502,70.0846378142444,14.3735691501148,9.01357872524794,51.2746719431848,92.3368192033211,20.6538166806202,76.7964246299344,16.6760249981558,57.0152373009199,12.0396237048237,14.2304501500102,80.7727538415495,14.1971367592424,52.5034465802083,87.132817749949,97.4352381496335,92.9895396982964,68.5974654830857,65.058428153527
73.682179317043,77.023819207158,79.4053301495158,19.1475330914834,111.101684226101,107.320590890169,13.7391779213613,14.5388381505711,18.8453127234062,14.4300487835666,15.1340539665027,14.327721168946,109.989352555795,59.6089631891634,17.3383466187186,25.4583393307344,10.379704599135,18.8453127234062,19.2914714157153,11.5308366432264,78.9759740919896,22.8817294324127,106.256787010272,61.3777685327951,73.2471643509509,65.359375930142,19.7738901316712,96.9263190721833,79.4811189275321,59.6702342165841,12.0110706919207,113.439598508527,107.803610645116,109.607848520911,9.62975701327053,94.5283085495608,71.3544501674548,83.696032479002,35.254935835651,15.9389806486953,86.3266314383238,19.2367923641817,12.0794605326177,50.5969597221573,53.7756706816422,54.7246445794238,18.525739644319,51.5702415939734,49.1385022324818,14.1561503344597,77.8373616603249,64.8107186592828,23.880037085289,109.134351267359,117.11059505213,45.6276350195972,135.153715088625,43.8327119717299,90.796629417656,25.4583393307344,11.4024016599245,15.4952667610557,23.1921002689268,20.7853027078521,68.1468752210751,88.0161969794535,28.8090552889779,14.327721168946,14.327721168946,10.6152752372774,58.7694711777467,50.0587675736029,52.307245844339,96.7687174668896,53.7173858646857,52.7286040141108,94.4680064768061,68.0643478842988,58.9166118093641,19.1651451933682,88.4927442242775,88.2946966864573,53.2221766066678,86.0961667646763,61.6546374802327,114.036314086455,50.4590810156932,132.069400858829,15.9389806486953,10.1934426913814,19.1475330914834,23.8425345598485,140.074974311704,55.3823054897815,62.3920537390137,18.2167904982458,22.8697741460082,64.3035622608873,17.3383466187186,10.5806339843218,4.0120101623182,81.1178793185086,15.1224408393364,9.25856439126331,62.1750759584161,91.5280545594987,20.2692122707005,88.8862852046848,19.3745757625612,63.1004672091309,14.878135946369,15.3005148812554,84.3974822994572,16.9558262750093,47.9029918594667,104.063864825306,93.0517488603372,83.1385051931455,73.3227661300279,62.0668945329521
73.682179317043,77.023819207158,79.4053301495158,20.8588344888031,119.142656022751,110.045463540782,14.3276522603501,14.5388381505711,18.862534481572,15.7536183373971,15.9855581065423,13.4992380578865,111.374524322304,57.8770356929851,18.462075799846,25.6734916283992,10.2938785164449,18.862534481572,17.8209345257229,13.3945371081146,74.075165277564,23.2739577913299,103.962976133621,66.0982228790094,70.5372277542875,65.4191044887843,19.6103868726588,96.7006041721192,77.9549315246849,57.7591204711318,12.2169590868624,128.560604462128,105.897552841759,113.318418521786,9.85860772809847,96.4324327490567,72.0814224548122,94.3745732975618,34.1397167087688,15.0513296678153,86.9181769525552,19.5163428454839,8.57289843190841,50.5969597221573,62.4672986658027,54.7246445794238,16.8477784361947,55.0037000455837,49.1385022324818,15.5765322485532,87.5628011407389,66.0326009857474,23.9749122221993,106.664441763231,115.891602398319,48.6654448929435,136.068000200396,42.4461521152074,103.17918727033,25.6734916283992,11.7777019742826,13.6227893759555,24.8067736658951,20.9277321340201,65.3489634041656,91.2290240923007,27.5012901629178,13.4992380578865,13.4992380578865,11.3937228616492,59.9146395862083,48.9258463223272,51.8150893820643,95.5923037812978,53.1582468839485,54.4928792829615,95.4402652395973,68.7327188551121,59.9880065300037,18.9283054636094,96.4017399220586,89.0408885969709,61.8243447192891,88.6747072149957,61.0244191428535,112.963351669763,50.0418528356081,133.185539452035,15.0513296678153,10.5621889160675,20.8588344888031,22.4335789543174,141.258769223735,56.4100377367323,67.7659619933406,18.684673547574,22.8697741460082,74.6967871922266,18.462075799846,10.2459368670483,4.0120101623182,76.6003780597396,14.4359691535343,9.06006630490713,54.6617220133507,92.1863469323605,20.6775036934664,83.9361569632547,17.3733671724968,67.8715833308134,16.1686315912013,15.0983260679472,89.1460318781736,16.6032682198951,49.1156972163288,101.900092137652,96.3786797293027,87.8613927631869,69.0829660474751,65.3576977032403
74.7582246087166,78.9730655118936,79.4588187699431,20.7578520230757,109.527009721571,106.365570697024,15.1032857232159,66.8778527713717,17.8202173022794,15.134745357868,51.9782536050526,15.0157146746148,105.382098749288,64.8659391932819,18.3509238927553,25.1352185328936,10.542306482666,69.6486698088903,17.788998167618,29.304257360203,73.0190665954317,54.0253943487883,95.6496113731414,62.3278024783451,56.357569061469,79.6554567977708,47.8174684109709,82.5408219505483,72.0614526900299,69.0253278143842,36.1774493952302,128.529134503149,106.418921486392,103.905464400491,8.99495372579132,92.1256660969736,62.8966428975319,92.204025322589,10.2097387097836,21.9339357625457,86.9310508925626,87.0494343151372,63.1083736656816,58.2042526348487,69.2692776453818,50.7779998280393,18.6509993645543,42.5434798674424,56.5041821942415,15.7072871392144,20.8171991958753,63.3507979665109,71.925421213354,113.403833261117,120.532650246938,35.6876905724616,128.307862751853,46.2998441694656,91.8237855794999,98.2386750103143,23.5386375912495,13.9751546299364,58.3453228575602,19.6383427403475,16.0395077889833,101.099039288757,63.7205482472399,15.0157146746148,63.9440797064611,10.7645433766645,58.0176757179894,116.200656644952,121.800675339189,77.9219408834404,123.5052881643,68.382191892505,75.2366005221425,64.2734252993771,76.2077653545019,54.1675957744268,107.588089151512,112.353136888703,75.1612431601867,101.818125829445,75.9518386008173,118.869065597978,54.8726642915419,128.663401320329,11.8222174459486,9.39903635453192,20.7578520230757,80.286456389807,133.6016379311,37.3807087952413,16.6775690075586,30.4679488177349,92.4099665532818,86.7803060504078,18.3509238927553,19.83190745309,8.44511798959742,62.2784646124341,14.0484549096661,36.5248642273543,54.2407503201778,89.2375798680497,38.9736160178629,64.9541680912439,52.7374705039275,57.560969187628,60.4523600677548,14.7457774342603,80.3648704411672,15.4907698238961,48.6324980687527,94.3513612393814,73.4191328625801,81.4344352336335,77.8306028894108,85.6254008781591
72.5942357953455,76.6870718139448,77.1587642161891,20.7256889916547,111.832808920726,108.806399895936,14.0036459367173,64.9419731271318,19.3221330704606,15.5431979880944,57.0370822796674,13.3434318706133,109.499529660894,62.5560846518409,18.5385165233218,25.9114171911021,11.1180864128008,75.5187685649496,19.3239583183055,27.1468949620934,72.4439367385307,55.5724856125456,97.9883189862568,59.4764343069829,58.5723323566353,86.3689432023919,50.4290732496427,87.7815771856188,84.4122203099124,61.4002818509387,37.2134402765376,124.280620551463,106.196699677521,106.580201897345,9.67110167514645,96.4556988467373,70.8704479223544,84.9591051745377,10.0205054079684,28.3975695083563,91.5865300675121,81.7977629613075,57.8478784091176,56.5257161484944,64.1697136776114,53.4990786886445,18.7070250942339,55.5258310468936,54.8746735732879,14.6547653150034,18.8779904310321,64.6720692311415,73.262889182857,115.460980938873,124.877137532954,46.5779640817954,130.201839217375,45.441695627689,88.4003191683693,101.272375617588,22.3038469153782,14.9023622744505,56.3374780120209,20.6900486005608,16.3955062846088,97.0516970066427,65.1470517275592,13.3434318706133,56.8227013886118,13.5215867535272,63.0559545437047,118.308538751727,123.271183096077,87.8204741671969,127.956921419573,74.1889015809677,80.9694277406214,74.716278618943,79.8402889216729,58.7024436817798,107.421387939457,115.82270505595,69.6279161150465,93.5028871147806,81.3035202864126,120.304179833011,57.8695965913231,132.636645449267,15.3060647801069,11.4700424725234,20.7256889916547,86.0488729550356,137.727379346909,51.620714522823,16.0576911840106,33.9254101171267,94.3153683987077,80.3915903471446,18.5385165233218,19.4643312167807,8.31200302563495,80.6310844916984,14.3629558104429,34.8216105566174,57.839453853183,88.7894096128875,40.8054294622989,84.0952815398634,54.4730805087266,63.6576873992141,66.9994779735148,15.4281083508938,88.1864512528002,16.2107100466289,48.028555899888,98.7363815319843,82.8910218869893,84.3584590470803,69.1626985200594,80.6939421703286
91.8313432562538,97.0087602398162,97.6054487568491,20.7949180774583,115.531147472737,113.28014315432,14.2568622588304,82.1512694587581,19.0456324976758,14.4017780330903,53.4217129265089,13.2772024316262,110.705228281297,59.8717572062508,17.6658200122273,26.2057131474979,9.71687811571372,74.4380916703197,19.6162783877629,20.7923117989268,74.844266259976,56.4878736972985,99.5813572807044,66.9147708276663,56.0206385504166,85.1329998322064,44.0735158966746,88.6196992373168,76.9331099380264,61.0982451563639,37.826418793628,136.684398253925,113.401537242113,111.306073601785,8.65932337618368,95.7863965383781,67.8691011988424,82.7678910486767,9.41835222663744,24.8241125195845,89.7452602113951,78.3254599977623,53.0005700294975,58.0783058716706,49.1487772983179,50.847756891021,18.5249921451265,70.2665322596364,56.3819141720398,14.2451478340301,18.908979974117,63.8110837695069,73.0169123415018,113.813202470525,122.436470948243,58.943233339049,130.084855115484,42.7110088535942,105.414440073444,102.422604121843,20.824339564715,14.5122303338844,58.7618550449364,20.2740926430447,18.9622353027455,99.8204836475213,64.3076945779834,13.2772024316262,56.5406648277635,14.6036932446149,52.7215736961044,116.620121927345,124.110250296267,93.454474980247,125.456061866248,71.7678890939544,80.6527389582344,72.0483892019113,79.9574996034361,57.1279558333109,107.780202765145,117.138192877608,53.3293160707736,93.4118770958912,79.6455975203043,121.123051598563,50.5763128478649,134.14310216438,13.3799997996876,11.6740676265234,20.7949180774583,83.2136627982523,139.291655454536,54.3490436532552,16.7268604992714,33.3711248467896,92.3082535559874,61.5734143755103,17.6658200122273,18.2946787404353,8.83212642346941,70.4847333293454,14.1779029288643,32.7898358595625,56.3252631525779,88.9937652740593,40.5222821888952,73.5130071852596,53.3967011338624,53.5212324201951,61.3558997855284,15.7115849949295,82.5966387925503,16.0064646802139,46.8631893317084,97.492361475708,79.5712222289778,86.1278864425966,68.8194130170317,86.6234601138606
76.3995373563175,80.706914861851,81.2033328062115,20.6928901291614,123.95983904014,108.635963452865,13.8606682061505,68.3461523846965,19.108660159502,14.9108597736489,56.8622401925101,12.6176445610172,107.367785454806,63.9149696769942,17.8056642171882,26.0075532508056,10.4001559991397,74.6844294524522,18.4083800828901,24.1878080179354,70.6869992941515,58.228539603245,98.2182246917871,62.8595822117153,59.6313284376847,85.4147302459552,47.1727066345231,88.5823835663337,79.8733381594277,63.9603518746887,38.9920345838586,129.190807268607,108.880453315811,105.985467272003,9.46092443286487,96.0453466721508,65.9844349778955,81.8588730383057,10.4675637620528,28.8553642474756,89.0569610943017,80.960953968639,57.0253934573742,53.0344521087375,57.1750366724173,50.4117694604231,18.302389173732,62.2276861761608,51.4853848106913,15.6706749155993,18.8166481845497,61.7040302590488,72.7396659021493,112.51565580474,122.108378700993,52.199829826205,129.453830189485,47.4690474255298,102.292766664684,101.648114508166,18.1810992921001,14.6990573178681,52.7109524285234,20.1186009765967,17.2620324601305,98.5976869272796,65.401840162799,12.6176445610172,53.7319526243714,14.4852841258109,51.0827915999183,115.290574501514,124.130099464069,90.2119776248821,125.119878040056,71.7601900551302,82.0246906681852,72.3985396020094,76.6819443875419,56.2851576193527,107.251391210601,116.252428309069,62.0382798854646,95.48503306116,80.8892424798134,121.142423018491,54.1327715769598,133.128751472328,15.5528125143061,11.1065369475098,20.6928901291614,85.8587637348564,138.238372916502,49.4778716094837,15.5838525630808,32.5888043838111,93.5753161139962,71.628683733018,17.8056642171882,20.3327197384024,7.06936369174073,81.9309311662149,14.4191289593317,35.199685184147,57.0503811251277,89.6679390938216,40.6318306297261,85.4509742325912,53.824653326298,61.5121036019357,63.3014366880099,15.523097688029,87.9161235540509,15.9279238314514,48.7430699245999,97.0139839594266,82.782381735391,86.3227752685243,65.4007421230824,81.1696214208561
88.4740581346591,93.4621926315361,94.0370666633461,20.7796824153388,115.291566805245,110.580854624042,13.3243551748111,79.1478805841734,19.4205115797121,14.4283982624691,51.470003001664,13.4043682503073,113.412780903481,60.6377720346818,17.2037982971736,26.4196278453971,9.09048213033055,75.903271862015,17.9024302157295,17.5902651300585,70.634775261585,56.3041833716509,99.9020952246111,70.251508277726,61.7914582342843,86.8086900899066,41.2323283166068,91.219754213888,80.5818843680209,60.230099024681,37.70341279727,129.524109830148,114.435467288773,102.440426125483,9.05011950816242,90.5790749532219,68.4628543473492,82.2443645284728,9.26859495879022,25.5496180768126,87.8806677728886,82.3055932057337,54.1784671032698,54.1549131300844,41.5797931397045,52.1126174752894,16.1653708916963,82.9538789555308,52.5731186243856,13.1682146267698,16.0826995212965,60.8531229181784,74.3979649058746,114.690004463758,124.480019725077,69.5860416960383,132.985101479523,42.0318790186722,103.582924450238,103.258669917704,20.4196835378829,12.7786690663097,62.9090342381881,19.8528679482725,19.0518877548127,96.9780037999716,65.1951913861178,13.4043682503073,57.082197576746,12.560410256638,50.6221409122123,117.518548060143,122.941246156824,98.147272699311,127.550009689046,58.637611122511,81.0846708670316,66.4131491301949,74.1962599005521,60.2459206833797,107.70123622407,118.094380598997,45.1165227782904,90.2433631275172,79.7842801008193,119.982184116927,47.3159241771299,135.238099313026,13.7710415419745,9.62252808505083,20.7796824153388,74.9666697220867,140.428679744954,58.9715041925056,15.2383717731081,32.8494589222061,92.439008360197,52.0910177907243,17.2037982971736,18.0037827282261,13.2954478843502,72.5447089151731,14.3735691501148,36.0366707130353,49.5969180022615,90.9722170580054,38.3193331027222,75.6614866203001,50.6504698613789,55.9798530644987,50.0364873434751,14.2304501500102,79.5790515446084,14.1971367592424,52.3262898900821,86.4720859043321,85.601196581653,89.0584683085278,69.478548632575,83.8497080980401
74.6854855668962,78.8962254699447,79.3815060946922,19.1475330914834,107.538502246324,106.244110458731,13.7391779213613,66.8127812564306,18.8453127234062,14.4300487835666,53.7797519669489,14.327721168946,109.140637509022,63.5321015752512,17.3383466187186,25.4583393307344,10.379704599135,73.6551603750597,19.2914714157153,21.3933326279335,74.424027982533,54.4794437855892,100.13245396094,56.5048138555344,62.6180951402717,84.2375807217434,47.0799438055068,89.2310644032213,77.3687196647519,63.5974051291036,36.4814980879015,112.560740686941,111.143061033258,104.96349879971,9.62975701327053,88.8923595043459,67.1001685510408,78.8720358926985,10.5806339843218,29.5718277275257,92.0081817189855,79.6688552517314,28.7601639985654,49.8689136064211,50.5694677517009,51.5704747721029,18.525739644319,49.3850856913505,48.4123075666639,14.1561503344597,18.4072643968549,61.0752167924925,72.5313795590257,116.316981861672,124.818178715489,41.4267864908759,130.564955318368,47.9818062551211,89.4547890081662,99.5015627392044,21.1550452942511,15.4952667610557,55.2184102431072,20.7853027078521,17.5604338745542,93.8089452926859,68.5919004840847,14.327721168946,61.014274997373,10.6152752372774,57.8213183028454,119.185650807445,124.539085560509,91.7082011479854,127.896508529573,67.9585747839905,80.276264646863,70.2206765685162,75.9339080661897,58.2107312211991,99.2417951042315,113.797470272314,54.8708488288995,94.2089467185726,79.4627768043875,121.54156526455,54.0263221193767,130.317408061235,15.9389806486953,10.1934426913814,19.1475330914834,84.7258505705178,135.319127189633,53.9824572218391,14.7547014048165,33.7978822006192,22.540698044871,63.3532503509716,17.3383466187186,20.5523529971449,4.0120101623182,83.9652329883528,15.1224408393364,37.016133814731,60.1406508755599,90.1754047640423,37.6057708239247,87.5726768680973,58.8468394504766,61.9545765288146,61.8332997132398,15.3005148812554,83.1502118563257,16.9558262750093,47.7413579851647,103.27474413297,81.7501059958183,79.6238797824459,74.2645422329225,79.9941089394079
74.6854855668962,78.8962254699447,79.3815060946922,20.8588344888031,115.321589151262,108.941651242624,14.3276522603501,66.8127812564306,18.862534481572,15.7536183373971,56.8056220709883,13.4992380578865,110.515120821665,61.6861880125712,18.462075799846,25.6734916283992,10.2938785164449,73.7224700227295,17.8209345257229,24.8510838040035,69.8056875753983,55.4133060136985,97.9708516909678,60.8504979773654,60.3014038507505,84.3145610969142,46.690656508214,89.0232696476051,75.8830943122147,61.5605122508862,37.1068475907931,127.564598708715,109.177958960111,108.516842972492,9.85860772809847,90.6829563687103,67.7837974333199,88.9350965871752,10.2459368670483,27.9249556679314,92.6386595479199,80.8266089150648,20.4113390808272,49.8689136064211,58.7428851258302,51.5704747721029,16.8477784361947,52.6730602016402,48.4123075666639,15.5765322485532,20.707171948614,62.2266733652248,72.8195459693784,113.684516321214,123.518958582174,44.1849110565902,131.448198481076,46.4639981295436,101.654350899359,100.342465579192,21.8513455462495,13.6227893759555,59.0628097157107,20.9277321340201,16.8394537079907,97.2332232461437,65.4782233959787,13.4992380578865,57.4861984963853,11.3937228616492,58.9480112222993,116.488262054349,123.3673030517,90.593307970359,126.565246364299,70.2324379942824,81.1024628980796,70.910222024076,77.3147612028718,57.4913725253798,108.11148196274,114.75919000114,63.7394877347591,97.0304611834359,78.6505281053784,120.397986285876,53.5795976923593,131.418740296847,15.0513296678153,10.5621889160675,20.8588344888031,79.7190438572855,136.462729714315,54.9842124136081,16.0255429129538,34.6659525770329,22.540698044871,73.592878730465,18.462075799846,19.9022205654281,4.0120101623182,79.2891609694043,14.4359691535343,36.22253003168,52.8731407109258,90.8239685455145,38.3632799697589,82.6957042289083,52.7685231017904,66.6390502254826,67.1965793789981,15.0983260679472,87.8285848684442,16.6032682198951,48.9499714417591,101.127379425206,84.6729629491776,84.1471103989856,69.9702850886746,84.2354177608508
71.4996452294002,76.3933779108213,76.6743865474359,20.7578520230757,112.907784913627,116.198840532429,15.1032857232159,14.5529980793475,17.8202173022794,15.134745357868,14.6270978643946,15.0157146746148,105.239640159143,67.7772224260406,18.3509238927553,25.1352185328936,10.542306482666,56.5862270404861,17.788998167618,15.7947623424675,60.0947371576026,11.9109665149304,78.7196895646894,65.2717693341888,68.822982687723,17.8202173022794,10.542306482666,86.4395226012079,72.4045854596622,72.123290813161,41.4718861864299,131.586255210546,102.876673022936,111.091349539006,8.99495372579132,90.3554252666912,61.6880523921705,75.8839701051531,10.2097387097836,11.8222174459486,90.8326503146492,74.5096397961511,13.9134889176521,57.8025044537927,67.9382337705625,41.7903253948979,64.2087253643386,45.4856981760182,56.437525346099,15.7072871392144,65.5464771828206,52.1377460713807,82.4514423303851,118.493571919181,125.942341188409,37.5235454515581,132.140783261217,41.7124189104643,91.7154629050792,79.8142446014181,12.6871390067768,13.9751546299364,12.8633801795616,19.6383427403475,16.0395077889833,105.636519846194,14.0484549096661,15.0157146746148,15.0157146746148,10.7645433766645,48.8272597598452,25.6187325792651,26.8533674385577,79.7262352289512,27.2291830438957,15.2982051465018,85.4166099067638,61.3541437410755,17.0489128219568,62.0948243865349,85.1889671438844,25.1352185328936,72.6594343241545,89.6058399116962,16.9916578572944,124.204092298785,46.2625539072589,126.230661094938,45.2484058737323,9.39903635453192,20.7578520230757,22.5932533963589,137.592698549895,34.9416067935617,52.512150464288,16.4219828103248,91.7721173533764,86.6779330674263,18.3509238927553,45.2993190234428,8.44511798959742,60.623001236426,14.0484549096661,9.13568686086099,52.4346333858912,89.1323080885305,21.0064699835979,64.8775429645623,60.4554055374463,58.5584631078613,14.5458585509438,14.7457774342603,80.2700656186397,57.4898272551746,47.257395394006,94.8272717329368,84.3815362192425,85.352261167795,67.0614453370329,19.1557905959593
69.4299808781365,74.1820571353494,74.4549315559727,20.7256889916547,115.284757321565,118.865319177658,14.0036459367173,14.1317397467754,19.3221330704606,15.5431979880944,16.0506928675096,13.3434318706133,109.351505007731,65.3636980560234,18.5385165233218,25.9114171911021,11.1180864128008,61.3554027027332,19.3239583183055,14.6319611171755,59.6214049281802,12.2520533771417,80.644447382772,62.2857207624833,71.5276170156229,19.3221330704606,11.1180864128008,91.9278176034152,84.8141633441493,64.1560210456903,42.6594905266471,127.23668852846,102.661848064644,113.951066300801,9.67110167514645,94.6022542677621,69.5086367584547,69.9213963237429,10.0205054079684,15.3060647801069,95.6970745635628,70.0144912178728,12.7537087141358,56.1355538731016,62.9366604793847,44.0297749871419,64.4016019292894,59.3658816777795,54.8099390237166,14.6547653150034,59.4405499703498,53.2251531427666,83.9846438229298,120.643047552348,130.481815753542,48.9740390658105,134.091338186416,40.939296406402,88.2960350884707,82.2789818578089,12.0215966240318,14.9023622744505,12.4207110790272,20.6900486005608,16.3955062846088,101.407526610286,14.3629558104429,13.3434318706133,13.3434318706133,13.5215867535272,53.0674390831518,26.0834568722361,27.1775699522712,89.8539705504168,28.2106336243023,16.5972602598553,91.9251265434183,71.3226854929935,17.861567245457,67.2933306226132,85.0569720114436,25.9114171911021,67.3102889917181,82.2879488876379,18.1889158281081,125.703616670502,48.7892353408121,130.128779968997,58.5824981367821,11.4700424725234,20.7256889916547,24.2148436805467,141.841687587088,48.2524480511937,50.5603601569071,18.2855270339821,93.6643673810068,80.2967540036811,18.5385165233218,44.4597148031531,8.31200302563495,78.4877784841644,14.3629558104429,8.70966495743633,55.9135067293421,88.6846665308112,21.9938029043733,83.9960760263348,62.4450156892485,64.7608334555262,16.1212056650482,15.4281083508938,88.0824194685834,60.1616918241719,46.6705299233324,99.2344101714178,95.2676978451745,88.4169603146626,59.5928896086669,18.052543319205
87.8285766967752,93.8399292673328,94.1851140373296,20.7949180774583,119.097252657919,123.752650445262,14.2568622588304,17.8765797211875,19.0456324976758,14.4017780330903,15.0332989060579,13.2772024316262,110.555573729625,62.5588938612985,17.6658200122273,26.2057131474979,9.71687811571372,60.4774041955869,19.6162783877629,11.2068911823213,61.5968776150895,12.4538687818617,81.9555188884822,70.0753967385744,68.4115284125425,19.0456324976758,9.71687811571372,92.8055271817584,77.2994399258912,63.8404284791813,43.3621761974299,139.935495414855,109.626866202049,119.003769432668,8.65932337618368,93.9458129385877,66.5649624159511,68.1180257372736,9.41835222663744,13.3799997996876,93.7731656810821,67.0423864005085,11.6850237282484,57.6774270237084,48.2043589183156,41.8477355010555,63.774927539996,75.1260190326646,56.3154015610259,14.2451478340301,59.5381257950135,52.5165615731136,83.7026691746417,118.921314249061,127.931608294326,61.9754055188514,133.970859436935,38.4791682423115,105.290084777055,83.2134877352193,11.2241538941098,14.5122303338844,12.9552129370275,20.2740926430447,18.9622353027455,104.300580659036,14.1779029288643,13.2772024316262,13.2772024316262,14.6036932446149,44.3700982838463,25.7112119955283,27.362558908774,95.6184275057849,27.6592696822662,16.05564050969,91.5655876753771,68.7759708902563,17.8877891755436,65.4884222627046,85.3410839855233,26.2057131474979,51.554202347853,82.2078548069765,17.8180116220415,126.559240661805,42.6403461498297,131.606752920965,51.2106687509963,11.6740676265234,20.7949180774583,23.416992780351,143.452693067699,50.8027529210446,52.6673530737487,17.9867716685998,91.6711064183851,61.5007774560424,17.6658200122273,41.7880373158583,8.83212642346941,68.6111339186892,14.1779029288643,8.20147258501369,54.449735786022,88.8887811177166,21.8411887692885,73.4262853681099,61.2111121478431,54.4487203464063,14.7632654630175,15.7115849949295,82.4992011977517,59.4036900614221,45.5381145451718,97.9841152486087,91.4522101901044,90.2715151936431,59.2971033608204,19.3790726305586
73.0694160442929,78.070590360068,78.357768525987,20.6928901291614,127.786113031399,118.679126249443,13.8606682061505,14.8725083591657,19.108660159502,14.9108597736489,16.001490900489,12.6176445610172,107.222642555544,66.7835719335417,17.8056642171882,26.0075532508056,10.4001559991397,60.677541911162,18.4083800828901,13.0370367190181,58.1754443202844,12.8376330018053,80.8336599212098,65.8286669418846,72.8208464818005,19.108660159502,10.4001559991397,92.76644895708,80.2536685402252,66.830990954149,44.6983755757068,132.263666147124,105.256270575829,113.315201069573,9.46092443286487,94.1997872158024,64.7165110006835,67.3699033501793,10.4675637620528,15.5528125143061,93.0539746397579,69.2982276704708,12.5723756422104,52.6683878831275,56.0763896972751,41.488917574897,63.0085850627816,66.5312231256128,51.424648536957,15.6706749155993,59.2474035186312,50.7824552253901,83.3848487375841,117.56553169093,127.588790761817,54.8851061984562,133.320984003033,42.7657765811709,102.172093943677,82.5842518109683,9.79946834733699,14.6990573178681,11.6211718010405,20.1186009765967,17.2620324601305,103.022902939105,14.4191289593317,12.6176445610172,12.6176445610172,14.4852841258109,42.9909110256526,25.418086974231,27.3669350503254,92.3008496329522,27.5851513098804,16.0539181098648,93.1231735206507,69.1102175540765,17.154994360481,64.5222836268502,84.9223674668026,26.0075532508056,59.9732805551727,84.0323519681896,18.0962351652396,126.579481500888,45.6387583063732,130.611581356045,59.5269014753705,11.1065369475098,20.6928901291614,24.1613454197238,142.367945986841,46.2494262543517,49.0683990115638,17.5651071426399,92.9294232223481,71.5441848143748,17.8056642171882,46.4432561629684,7.06936369174073,79.7530731096302,14.4191289593317,8.80422989231595,55.1507086676236,89.5621596281729,21.9002345102074,85.350169435639,61.7016935712052,62.578068095405,15.2313944915189,15.523097688029,87.8124106699874,59.1122068182286,47.3648407879036,97.5033247848415,95.1428363475032,90.4757801574947,56.3514624076642,18.1589604807073
84.6176297222537,90.4092117457391,90.7417768191115,20.7796824153388,118.850276843064,120.803818455499,13.3243551748111,17.2230253573417,19.4205115797121,14.4283982624691,14.4840720641842,13.4043682503073,113.259466203321,63.3592886147531,17.2037982971736,26.4196278453971,9.09048213033055,61.6677933187387,17.9024302157295,9.4810134191486,58.1324639090477,12.4133706171693,82.2194864155164,73.5697403301797,75.4587632349602,19.4205115797121,9.09048213033055,95.5283921302848,80.9655886111802,62.9333186123211,43.2211687254692,132.604896453348,110.626380967404,109.524992273429,9.05011950816242,88.8385526466302,67.1473063002309,67.687163086002,9.26859495879022,13.7710415419745,91.8248874628018,70.4491666283161,11.9447144306089,53.7811150507284,40.7808165824754,42.8887165474686,55.6515948400179,88.6907961562584,52.511099172932,13.1682146267698,50.6391031421601,50.0821579553854,85.2858337073711,119.837468465866,130.066874686959,73.1657038180603,136.957744402322,37.8673271297329,103.46072975602,83.8927513747863,11.006047504458,12.7786690663097,13.8695405990031,19.8528679482725,19.0518877548127,101.330525939025,14.3735691501148,13.4043682503073,13.4043682503073,12.560410256638,42.6032307108378,25.909287802524,27.1048288296408,100.419887666943,28.1209218867896,13.1181844194627,92.0559628266196,63.3966818953861,16.5989064352618,69.0626898121575,85.2785577511966,26.4196278453971,43.6147791855559,79.419379247294,17.8490371640467,125.367169290865,39.8915474795645,132.681046096431,52.7073435964275,9.62252808505083,20.7796824153388,21.0962227189203,144.623683505077,55.1235965804298,47.9805942351398,17.7055978719162,91.8009587025489,52.0295670639351,17.2037982971736,41.1235832641802,13.2954478843502,70.6163519866649,14.3735691501148,9.01357872524794,47.9454321182437,90.8648989618551,20.6538166806202,75.5722302851399,58.0629800191844,56.9499472772173,12.0396237048237,14.2304501500102,79.4851737368403,52.6888559500688,50.8467438242867,86.9082531470821,98.3825358341532,93.3430879021287,59.8650366082893,18.7585393281127
71.4300767543366,76.3190478803832,76.599783098266,19.1475330914834,110.857898087673,116.06615155452,13.7391779213613,14.5388381505711,18.8453127234062,14.4300487835666,15.1340539665027,14.327721168946,108.993098016722,66.3835201218451,17.3383466187186,25.4583393307344,10.379704599135,59.8413098071046,19.2914714157153,11.5308366432264,61.2510212517588,12.0110706919207,82.4090717985828,59.1737399618912,76.4682393074245,18.8453127234062,10.379704599135,93.4457693289405,77.7371238818534,66.45175459975,41.8204312880992,115.238046284027,107.443565382766,112.222555389883,9.62975701327053,87.184248280172,65.8108051942229,64.9117345243256,10.5806339843218,15.9389806486953,96.1376505904212,68.1922605756207,6.34074687431694,49.5246991474139,49.5977500928513,42.4425327660405,63.7775009125762,52.8004551849699,48.3551965403933,14.1561503344597,57.958389331532,50.2649413518805,83.1460804534566,121.537467114649,130.420210773564,43.5578733414005,134.465301597316,43.2277308594978,89.3492609913898,80.8402807331877,11.4024016599245,15.4952667610557,12.173990460249,20.7853027078521,17.5604338745542,98.0192352061581,15.1224408393364,14.327721168946,14.327721168946,10.6152752372774,48.6620067676086,26.2768335694621,27.4571041228234,93.8317184383951,28.1973144080608,15.2034351303576,91.1381739010816,67.03127246934,16.9876465059538,66.7296578501391,78.5803158054852,25.4583393307344,53.0444238169002,82.9093221776106,17.7771116634452,126.996537865557,45.5490119119997,127.853394228195,61.0049230529832,10.1934426913814,19.1475330914834,23.8425345598485,139.361494093659,50.4600863597293,46.4576761681638,18.2167904982458,22.3851134607673,63.2785137947737,17.3383466187186,46.9449344346863,4.0120101623182,81.7332998645157,15.1224408393364,9.25856439126331,58.1380781356146,90.0690266513413,20.2692122707005,87.4693691411868,67.4588581815015,63.0282087884918,14.878135946369,15.3005148812554,83.0521212225092,62.9269903691505,46.3914526406227,103.795664380505,93.9564288088846,83.4545995546803,63.9888084447884,17.8959792776225
71.4300767543366,76.3190478803832,76.599783098266,20.8588344888031,118.881225890201,119.013074222478,14.3276522603501,14.5388381505711,18.862534481572,15.7536183373971,15.9855581065423,13.4992380578865,110.365723262793,64.4547591161004,18.462075799846,25.6734916283992,10.2938785164449,59.8959956900585,17.8209345257229,13.3945371081146,57.4501242283989,12.2169590868624,80.6300717879009,63.7246864146873,73.6391321055576,18.862534481572,10.2938785164449,93.2281596777395,76.2444244734539,64.3234428327131,42.5372983930003,130.598777517673,105.543873480122,116.021641432264,9.85860772809847,88.9404379286739,66.4812978050215,73.1936397256914,10.2459368670483,15.0513296678153,96.7964252351396,69.1832355211367,4.50008332650101,49.5246991474139,57.6141111571419,42.4425327660405,58.0008801386127,56.3158191526441,48.3551965403933,15.5765322485532,65.2000377610599,51.2125908263682,83.4764189591466,118.786852467216,129.062679640102,46.4578820234557,135.374929743458,41.8603083660643,101.5344313046,81.5234742407317,11.7777019742826,13.6227893759555,13.0215643454589,20.9277321340201,16.8394537079907,101.597200026933,14.4359691535343,13.4992380578865,13.4992380578865,11.3937228616492,49.6102234475591,25.6821408790496,27.1987614972222,92.6910097403462,27.903811338545,15.7121352012886,92.0761622370784,67.6894989571827,17.2965657432219,65.9050236523459,85.6033930654778,25.6734916283992,61.6178621879447,85.3924181036796,17.5953984588297,125.801633301416,45.1723833456013,128.93390270815,57.6075238729472,10.5621889160675,20.8588344888031,22.4335789543174,140.539259275854,51.3964767370743,50.4591358809867,18.684673547574,22.3851134607673,73.5060626904586,18.462075799846,45.4599256678047,4.0120101623182,77.1815254823044,14.4359691535343,9.06006630490713,51.1125626539627,90.7168253351549,20.6775036934664,82.5981497686053,60.4910025689091,67.7938613481614,16.1686315912013,15.0983260679472,87.7249752520088,61.6185659385796,47.5658920847173,101.63746831446,97.3157052026168,88.1954436435162,60.2887331524084,18.8448288339821
74.4330685577236,81.3879655736016,75.5902789845359,20.7578520230757,109.955528586017,111.761534292177,57.245004248532,49.6881957255986,67.5428137872462,57.3642436612214,14.6270978643946,15.0157146746148,105.476855101823,69.8149638469852,18.3509238927553,95.268388486588,10.542306482666,38.8846375674194,67.4244859260725,75.1544234542254,45.8028947712858,11.9109665149304,59.9984262865457,60.8035052836193,60.523381618592,73.6795869869466,10.542306482666,80.5221924088876,72.3986796078937,74.2916980131637,48.5988103918884,129.490659790022,109.787240579556,107.739210230991,8.99495372579132,90.5275671096011,61.8055782075043,57.837102913662,10.2097387097836,56.2523143328248,93.5635597159944,83.6856912488753,13.9134889176521,57.120120093803,68.0676672022661,31.8516723269859,18.6509993645543,44.1131844974908,56.8759612382267,63.2354850548047,76.6299056758519,39.7382501342276,96.6206840542318,122.056114776096,129.728833406652,39.720186362099,126.775447943459,34.4475896330257,92.4279560655091,54.8463493037447,60.3677723452828,13.9751546299364,12.8633801795616,19.6383427403475,16.0395077889833,108.81251178493,14.0484549096661,49.3947302976274,15.0157146746148,10.7645433766645,57.9605933454192,25.6187325792651,26.8533674385577,81.0550671281176,27.2291830438957,63.2520590358713,46.8146155719617,51.2601598119665,70.4905464389349,72.765790856801,104.995398680923,103.92423890888,77.5402096716521,98.961453097767,70.2538196876432,127.938323571013,57.4968037917308,117.699175156038,46.065275626856,9.39903635453192,20.7578520230757,22.5932533963589,132.005998162808,38.867551986934,61.3915699190193,78.1388553575634,90.6887065538471,87.3512920901535,60.3660202685751,46.5392733384606,32.0089829493685,60.7177291905061,14.0484549096661,40.2064010083279,53.1522953575251,89.8247339660746,99.9526999010958,65.3815452795873,70.8446386468055,54.2266652558412,14.5458585509438,14.7457774342603,80.8936450122228,15.4907698238961,48.5825508692138,93.8344684905756,80.1918506523773,81.2062148201262,75.4802369640495,79.2016570604997
72.2784918733942,79.0320689753861,73.4022051106806,20.7256889916547,112.270349107465,114.326187632801,53.0771108905187,48.2498964579317,73.2354277062366,58.912375172545,16.0506928675096,13.3434318706133,109.597988281079,67.3288761820556,18.5385165233218,98.2103639150573,11.1180864128008,42.161895600353,73.2423458247544,69.6215984718751,45.4421312947898,12.2520533771417,61.4654346132589,58.0218705591606,62.9018547561044,79.8894177433099,11.1180864128008,85.6347790228064,84.807245275723,66.0848900197834,49.9905039814045,125.210362744082,109.557985115849,110.512636124894,9.67110167514645,94.7824870135548,69.6410620643446,53.2925595410913,10.0205054079684,72.8291093566557,98.5742342600108,78.6369537020451,12.7537087141358,55.4728486086095,63.0565650970602,33.5585318436545,18.7070250942339,57.5745387302605,55.2357309833384,58.9981697568255,69.4915109601419,40.5670480293514,98.4173655047398,124.27021500399,134.404788562456,51.8409957052162,128.64680414612,33.8091177473947,88.9819643647448,56.5400549972715,57.2009976274976,14.9023622744505,12.4207110790272,20.6900486005608,16.3955062846088,104.4563726676,14.3629558104429,43.8936962226621,13.3434318706133,13.5215867535272,62.9939151144189,26.0834568722361,27.1775699522712,91.3516058268258,28.2106336243023,68.6231408022494,50.3817637486604,59.5886770422294,73.850552732402,78.8576579532845,104.83271468534,107.133514956783,71.8317444943588,90.8795118976669,75.2040103228101,129.482931568387,60.6370564228425,121.333833900254,59.6400883405985,11.4700424725234,20.7256889916547,24.2148436805467,136.082464755504,53.6739636561926,59.109746187494,87.0059461484043,92.5586177254669,80.9205407264452,60.9831129340555,45.6766870756524,31.5044459355542,78.6104214830999,14.3629558104429,38.3314672733719,56.6787833201981,89.3736148971691,104.650613982319,84.6486009962371,73.1761623707698,59.9702220841013,16.1212056650482,15.4281083508938,88.7666892682183,16.2107100466289,47.9792289691244,98.1954659692748,90.5374959961191,84.1220440421584,67.074090133734,74.6401636557402
91.4319287826374,99.975169857714,92.8534203774488,20.7949180774583,115.983157221282,119.026885493113,54.0368602921261,61.0358764048195,72.1874255195696,54.5861251517877,15.0332989060579,13.2772024316262,110.804771028719,64.4397447534806,17.6658200122273,99.3258147899824,9.71687811571372,41.5585570227395,74.3503076235766,53.3244772703569,46.9477933857107,12.4538687818617,62.464704650104,65.2782941125796,60.1615460348548,78.7461966669972,9.71687811571372,86.4524038478825,77.2931348137067,65.7598090732273,50.8139458553998,137.706932994785,116.990866637221,115.412875857492,8.65932337618368,94.1247950564316,66.6917795414274,51.9180699083459,9.41835222663744,63.6645331509355,96.5924825111566,75.2988266249888,11.6850237282484,56.9965192585979,48.2961960952863,31.8954290547048,18.5249921451265,72.8591199221657,56.7528887324162,57.3491033160901,69.6055861410149,40.0269750273593,98.08693364529,122.496717300476,131.777908392473,65.6034665022098,128.531217216361,31.777456969746,106.108032622364,57.1822240240513,53.4066164709088,14.5122303338844,12.9552129370275,20.2740926430447,18.9622353027455,107.436407207098,14.1779029288643,43.6758321151306,13.2772024316262,14.6036932446149,52.6697020470774,25.7112119955283,27.362558908774,97.2121414978346,27.6592696822662,66.3837562414874,50.1847098746083,57.4609479342706,73.9589700960071,76.7425769375907,105.182882682308,108.35031294254,55.0172692189318,90.7910553125315,73.6704673670118,130.364280137734,52.9949907457131,122.711915864181,52.1351752729866,11.6740676265234,20.7949180774583,23.416992780351,137.62805829902,56.5108139389255,61.5730161512927,85.5844124303061,90.5888880980204,61.97854730979,58.1123465582087,42.9318791727107,33.4758359141618,68.7183439249687,14.1779029288643,36.0948991175023,55.1949780470207,89.5793151517744,103.924447479489,73.9966987364064,71.7302130840393,50.4209361914949,14.7632654630175,15.7115849949295,83.1400976696494,16.0064646802139,46.8150592713263,96.9582611294195,86.9114537372251,85.8865126085171,66.7411713311946,80.1248404208273
76.0672425219431,83.1748339228224,77.249859440618,20.6928901291614,124.444825616486,114.147104887773,52.5351916721621,50.7790973551726,72.4263151780942,56.5156646530055,16.001490900489,12.6176445610172,107.464327275953,68.7914389705261,17.8056642171882,98.5747421865815,10.4001559991397,41.6960866468324,69.7720890252254,62.0326508829445,44.3400517334268,12.8376330018053,61.6096482731797,61.3222797396725,64.0391292165418,79.0067912497308,10.4001559991397,86.4160007740124,80.2471224593759,68.840283657441,52.3797704706275,130.157282523423,112.326683597546,109.895957885678,9.46092443286487,94.379253196126,64.8398065243056,51.3478673815879,10.4675637620528,74.0031810710823,95.8516687871373,77.8324804789198,12.5723756422104,52.0466140604025,56.1832243786207,31.621945876456,18.302389173732,64.5236687194851,51.8241418088606,63.0880890278071,69.2657048602116,38.7052770830169,97.7144959150697,121.100172755093,131.424783953591,58.0980986863477,127.907728788284,35.3174896226472,102.96581962325,56.7498288611543,46.6276970703053,14.6990573178681,11.6211718010405,20.1186009765967,17.2620324601305,106.120315744034,14.4191289593317,41.5061929177713,12.6176445610172,14.4852841258109,51.0325323141757,25.418086974231,27.3669350503254,93.8392681091315,27.5851513098804,66.376634795907,51.0383820426609,57.740204335865,70.9291518617995,75.6104078299427,104.666814589322,107.53099973788,64.001884850884,92.8060455232625,74.820812248062,130.385129523386,56.7215276722548,121.784004441443,60.6015409985417,11.1065369475098,20.6928901291614,24.1613454197238,136.587355393474,51.4458877042285,57.3655053563536,83.5780540152507,91.8323499105769,72.0999770519556,58.5723690704512,47.7145228646367,26.7945506682732,79.8776932256455,14.4191289593317,38.7476500684922,55.9055449993307,90.2579248148399,104.205398121225,86.0132137036199,72.3051006950966,57.9489243888849,15.2313944915189,15.523097688029,88.4945829015988,15.9279238314514,48.6930091640726,96.4825043476575,90.4188340823625,86.0808552575319,63.4257391027685,75.0801567475646
88.0892459550098,96.3201525358439,89.4587688819077,20.7796824153388,115.742639206593,116.190661086435,50.5024391757715,58.8044504834369,73.6083053888332,54.6870220805626,14.4840720641842,13.4043682503073,113.514758199216,65.2642036022735,17.2037982971736,100.136601794511,9.09048213033055,42.3765626053496,67.8544200606084,45.1124291602712,44.3072930036908,12.4133706171693,62.6658949279162,68.5334278587958,66.3589304819706,80.2961741709723,9.09048213033055,88.9888715271429,80.9589844608815,64.8254266908687,50.6487063154653,130.493078518397,118.057522126579,106.220117201397,9.05011950816242,89.0078045994476,67.2752328859211,51.5896758157765,9.26859495879022,65.5251826530234,94.5856287555083,79.1251604936946,11.9447144306089,53.1462049872248,40.8585106988071,32.6888420486367,16.1653708916963,86.0145850445176,52.9190325553988,53.0135109805607,59.2018040339552,38.171525814873,99.9421642610235,123.440415953726,133.977372174985,77.4488486094488,131.396825169464,31.2721769568089,104.264466225197,57.6489969795691,52.3688256127401,12.7786690663097,13.8695405990031,19.8528679482725,19.0518877548127,104.377056949312,14.3735691501148,44.0941486223994,13.4043682503073,12.560410256638,50.5723348510061,25.909287802524,27.1048288296408,102.093629687488,28.1209218867896,54.2385310823891,50.4534717022729,52.9666595824441,68.6299470898498,80.9310806903469,105.10581910094,109.234766051293,46.5445286532674,87.711439144816,73.7987457758668,129.13636880283,49.5786826421001,123.713601346388,53.6588695987263,9.62252808505083,20.7796824153388,21.0962227189203,138.751502807009,61.3171359993499,56.093760771536,84.246535093376,90.7172074180219,52.4337596558817,56.5925096073039,42.2492373714975,50.3928737477201,70.726695295506,14.3735691501148,39.6689998537557,48.6016513215246,91.5707845015757,98.274709749053,76.1593144636532,68.0410759244336,52.7371376132459,12.0396237048237,14.2304501500102,80.1026556842595,14.1971367592424,52.272549042993,85.9983588314957,93.497677026357,88.8088815040588,67.38040205286,77.5591793707788
74.3606458896495,81.3087758568511,75.5167303617181,19.1475330914834,107.959241176237,111.633912332382,52.0747149258192,49.6398495835415,71.4281664722819,54.6932779436224,15.1340539665027,14.327721168946,109.238773424387,68.3793594876144,17.3383466187186,96.4930922884075,10.379704599135,41.1214488950479,73.1192128250298,54.865870158522,46.6841892272621,12.0110706919207,62.8103927618611,55.1229244606946,67.24667035,77.9179532183829,10.379704599135,87.048817384333,77.7307830689388,68.4496454544559,49.0072528059349,113.40280656483,114.660906255913,108.836282374663,9.62975701327053,87.3503485129733,65.936185527015,49.4743048470625,10.5806339843218,75.8406410383258,99.0280563301102,76.5903107263314,6.34074687431694,48.9400379731148,49.6922419075926,32.3487705256377,18.525739644319,51.2072214899873,48.7308447213542,56.9908110149356,67.7587278292914,38.3108393233695,97.434695413213,125.191525544182,134.341331411277,46.1077658264111,129.005583455287,35.6989877909309,90.0433722713134,55.5514156282126,54.2547525669986,15.4952667610557,12.173990460249,20.7853027078521,17.5604338745542,100.966211321133,15.1224408393364,47.1315510620444,14.327721168946,10.6152752372774,57.7644291222118,26.2768335694621,27.4571041228234,95.3956525719521,28.1973144080608,62.8602223074072,49.9504555351345,56.0032873032743,70.2372343281597,78.1971182790243,96.8502361642036,105.260216272566,56.6075938098391,91.5657618536122,73.5013621307491,130.81472480598,56.6099875519524,119.212233470286,62.1062453089028,10.1934426913814,19.1475330914834,23.8425345598485,133.702974991966,56.1296462821319,54.313328430391,86.6788848985105,22.120847206795,63.770094024027,57.0351111216993,48.2299333105059,15.2064618915358,81.8610142323047,15.1224408393364,40.7471882898442,58.9338019747563,90.7687294432476,96.4446902743218,88.1488764487464,79.0516313455937,58.3657664196788,14.878135946369,15.3005148812554,83.6973130631858,16.9558262750093,47.6923260162502,102.708965688696,89.2913336786894,79.4007334596787,72.0218659199195,73.9928329456184
74.3606458896495,81.3087758568511,75.5167303617181,20.8588344888031,115.772779013514,114.468300328873,54.3051710433106,49.6398495835415,71.4934409852212,59.7099177742382,15.9855581065423,13.4992380578865,110.614492630287,66.3926097350338,18.462075799846,97.3085700870542,10.2938785164449,41.1590276637683,67.5455322327436,63.7337043742638,43.7872286175356,12.2169590868624,61.4544778491511,59.3623299419723,64.7587349520906,77.9891584123106,10.2938785164449,86.846104485456,76.2382054161075,66.2573453903314,49.8473131868555,128.518908312078,112.633605743423,112.520732437644,9.85860772809847,89.1098839895946,66.607955535749,55.7865919188753,10.2459368670483,71.6170322083756,99.7066372214193,77.7033267542267,4.50008332650101,48.9400379731148,57.7238754490251,32.3487705256377,16.8477784361947,54.6165106841807,48.7308447213542,62.7090829548773,76.2248858890848,39.0331170337486,97.8218024362937,122.358212887012,132.94298571915,49.1775419873989,129.878277810831,34.5697219718021,102.323203290928,56.0208890905492,56.0405014207144,13.6227893759555,13.0215643454589,20.9277321340201,16.8394537079907,104.65174866933,14.4359691535343,44.4062262464294,13.4992380578865,11.3937228616492,58.8900135121667,25.6821408790496,27.1987614972222,94.2359311850276,27.903811338545,64.9634969471405,50.4645424721904,56.5532223671825,71.5144938266353,77.2307710808028,105.506178613117,106.149786369402,65.7569384900078,94.3081141519344,72.7500495266972,129.583895097118,56.1418997151249,120.219714186434,58.6475128603047,10.5621889160675,20.8588344888031,22.4335789543174,134.832919168624,57.1712469700038,58.9914056290189,88.9051596631344,22.120847206795,74.0770958102641,60.7316584411021,46.7042761836041,15.2064618915358,77.3021273636466,14.4359691535343,39.8735929290385,51.8121297171963,91.4215605623446,98.3874169715623,83.2398149241877,70.8863530114427,62.7788850768888,16.1686315912013,15.0983260679472,88.4064682400629,16.6032682198951,48.8996981864645,100.57336506395,92.4838163346854,83.9112876997109,67.8572888152946,77.9159525260055
73.4074240474817,79.1332325100085,75.4289636697581,20.7578520230757,110.141220516375,114.449042279668,15.1032857232159,55.6989202041072,17.8202173022794,15.134745357868,14.6270978643946,37.7132208087522,105.367549004296,65.0350369062343,46.0898771592997,25.1352185328936,26.4778827268521,79.1020035583403,17.788998167618,15.7947623424675,70.5735725512272,11.9109665149304,92.4461938843984,66.8095534519381,64.6149166725289,64.220434942599,10.542306482666,88.4760128995081,70.7251422298459,69.2052685539212,11.9109665149304,128.991855965527,106.41781173232,107.753272686491,22.5915771161241,64.7815618709218,44.2280955564629,89.1160045453941,10.2097387097836,11.8222174459486,87.1576697016525,94.9551533341935,13.9134889176521,57.5025611598694,48.7092488516159,49.0773851537365,18.6509993645543,44.118942286996,56.8963322309327,66.2979528571839,20.8171991958753,61.2291055600456,23.680532982999,113.69946343441,120.846864389928,36.3056610130874,130.529819996273,44.0850580120451,92.4610605472243,111.572497243021,12.6871390067768,13.9751546299364,12.8633801795616,19.6383427403475,68.5443439062136,101.362592341993,14.0484549096661,15.0157146746148,15.0157146746148,10.7645433766645,61.8635459661848,25.6187325792651,26.8533674385577,75.4073619984648,27.2291830438957,55.1316166174799,79.6056082992406,63.1190333591228,61.4408106339126,17.8339941109433,97.777490712183,90.582210035858,75.1604593663416,102.702016722617,61.2344753984396,119.178942975588,52.9692495770279,131.359913232271,53.8572656568363,23.6064643681068,20.7578520230757,22.5932533963589,135.915269542605,39.5739414627026,16.6775690075586,16.4219828103248,91.2959021542359,87.382578287262,18.3509238927553,36.7598353518269,8.44511798959742,64.5734959500419,35.2838671692215,9.13568686086099,69.8019338652348,89.8569060641035,21.0064699835979,65.4049626769025,17.3631434983702,54.7585360833408,14.5458585509438,37.0352508971899,80.9226183045705,15.4907698238961,47.60439732663,93.8040206663019,84.5573170881647,81.9966414972493,72.6459534320043,69.0335691689067
71.2825361801122,76.8426025383386,73.2455593093701,20.7256889916547,112.459950286376,117.075367342873,14.0036459367173,54.0866315111988,19.3221330704606,15.5431979880944,16.0506928675096,33.5131429564069,109.484411436336,62.7191608514218,46.5610317098459,25.9114171911021,27.9240020833375,85.7688440588654,19.3239583183055,14.6319611171755,70.0177044666998,12.2520533771417,94.7065754409689,63.7531544344696,67.1541806640339,69.6330335795082,11.1180864128008,94.0936105539035,82.8468767211188,61.5603450114318,12.2520533771417,124.728046815625,106.195592240815,110.527060576534,24.289779130879,67.8263841920616,49.8351708205751,82.1137252567632,10.0205054079684,15.3060647801069,91.825285151679,89.2265318608086,12.7537087141358,55.8442605616091,45.1233022561785,51.7073318969689,18.7070250942339,57.582053537424,55.2555145025701,61.8554261710522,18.8779904310321,62.5061259028406,24.1208773540326,115.761973849094,125.202677232517,47.3845112280344,132.456595190088,43.2679596194737,89.0138346119912,115.017958540271,12.0215966240318,14.9023622744505,12.4207110790272,20.6900486005608,70.0656925432964,97.3046991246429,14.3629558104429,13.3434318706133,13.3434318706133,13.5215867535272,67.2358017463048,26.0834568722361,27.1775699522712,84.9864648046772,28.2106336243023,59.8131467570311,85.6713421951674,73.3743263355265,64.3694517189197,19.32703528653,97.6259904267706,93.3794719651857,69.6271900236489,94.3145927883312,65.5491493622815,120.617798381071,55.8622247405654,135.416428128286,69.7282722798727,28.8079691060817,20.7256889916547,24.2148436805467,140.112458029785,54.6494488903095,16.0576911840106,18.2855270339821,93.1783330968356,80.949523651903,18.5385165233218,36.0785069441619,8.31200302563495,83.6024304753437,36.0737624337871,8.70966495743633,74.4330730830485,89.4056254200253,21.9938029043733,84.6789191833223,17.9345710864319,60.5584273793139,16.1212056650482,38.7489819503739,88.7984824114067,16.2107100466289,47.0132226160835,98.1636030692083,95.4661564115597,84.9408521579206,64.55545748578,65.0576906057798
90.1720498385896,97.2055058241208,92.6552642264515,20.7949180774583,116.179028557907,121.889101974972,14.2568622588304,68.4193168984069,19.0456324976758,14.4017780330903,15.0332989060579,33.3468021920353,110.689943590065,60.0278356865739,44.3691815758275,26.2057131474979,24.4047504824505,84.5414881337776,19.6162783877629,11.2068911823213,72.3376441417321,12.4538687818617,96.2462610175182,71.7263529367713,64.2286200799215,68.6365818109966,9.71687811571372,94.9919987175423,75.506459271034,61.2575209434694,12.4538687818617,137.176479717701,113.400354672172,115.427939903603,21.748613477086,67.3557395743751,47.7246631118914,79.995897457847,9.41835222663744,13.3799997996876,89.9792153261872,85.4388787540398,11.6850237282484,57.3781327697658,34.5607765167164,49.1448059709947,18.5249921451265,72.8686297202187,56.7732156448278,60.126496139892,18.908979974117,61.6739758525135,24.0398925977878,114.10989982018,122.755648123149,59.9638983160803,132.337585228931,40.6678972000826,106.146036832078,116.324306234867,11.2241538941098,14.5122303338844,12.9552129370275,20.2740926430447,81.0345301689787,100.080703659758,14.1779029288643,13.2772024316262,13.2772024316262,14.6036932446149,56.2163764300412,25.7112119955283,27.362558908774,90.4386536746235,27.6592696822662,57.8612594517811,85.3362632178012,70.7543539234804,64.4639502161396,18.8086551255518,97.9520861271667,94.4400546730728,53.3287599438664,94.2227927045468,64.2124861201005,121.438804846968,48.8219293251511,136.954456979962,60.9538952396061,29.3203953108999,20.7949180774583,23.416992780351,141.703823316166,57.5378568627247,16.7268604992714,17.9867716685998,91.1954153756431,62.0007458714968,17.6658200122273,33.9104738111404,8.83212642346941,73.0821748819023,35.6089866748238,8.20147258501369,72.4844746857348,89.6113993493131,21.8411887692885,74.0232017822875,17.5801868248079,50.91547932685,14.7632654630175,39.4609572044532,83.169875563268,16.0064646802139,45.8724921303831,96.9267996830635,91.6427204568328,86.7224953091172,64.2350397870726,69.8382321611479
75.0190800423677,80.8705983176818,77.0850024568946,20.6928901291614,124.654986944333,116.891978229731,13.8606682061505,56.9217869620739,19.108660159502,14.9108597736489,16.001490900489,31.6902675448714,107.35296155286,64.0815883266309,44.7204119697717,26.0075532508056,26.1208599217798,84.8212610594094,18.4083800828901,13.0370367190181,68.3196089146728,12.8376330018053,94.9287813352059,67.379571407145,68.3683377803374,68.8637206717208,10.4001559991397,94.9519998211267,78.3921637827277,64.1270888302643,12.8376330018053,129.655910838285,108.879317892478,109.910301846563,23.76190144281,67.5378299170905,46.3993905079486,79.1173235250859,10.4675637620528,15.5528125143061,89.2891218959616,88.3137249386798,12.5723756422104,52.3950860617518,40.2047369922691,48.7234202699804,18.302389173732,64.5320905486236,51.8427034154128,66.1434185029245,18.8166481845497,59.6374900314398,23.9486127228736,112.808970606076,122.426700578815,53.1037255762758,131.695632598459,45.1983315941937,103.002698401469,115.444696037786,9.79946834733699,14.6990573178681,11.6211718010405,20.1186009765967,73.7687655403053,98.8547192553266,14.4191289593317,12.6176445610172,12.6176445610172,14.4852841258109,54.468962899917,25.418086974231,27.3669350503254,87.3007932840461,27.5851513098804,57.8550522734934,86.7878844987984,71.0982153978232,61.8231069004421,18.5311744995511,97.4714951317259,93.725926750955,62.0376329400458,96.3139458944051,65.215147123183,121.458226765861,52.2550221494932,135.918847649509,70.8523556704675,27.8949946371932,20.6928901291614,24.1613454197238,140.632300674091,52.3808792791561,15.5838525630808,17.5651071426399,92.4472026409547,72.1258007580461,17.8056642171882,37.6881261475459,7.06936369174073,84.9501779590831,36.2148459861504,8.80422989231595,73.4176224844957,90.2902520667762,21.9002345102074,86.0440206475525,17.7210846581075,58.5173042112844,15.2313944915189,38.9875555996131,88.5262785857431,15.9279238314514,47.7126316713155,96.451197276971,95.3410348064817,86.9187296066299,61.044102066674,65.441196389189
86.8754272414223,93.6517453446542,89.2678571713586,20.7796824153388,115.938104358508,118.984675428841,13.3243551748111,65.9179579232723,19.4205115797121,14.4283982624691,14.4840720641842,33.6661897605373,113.397122389743,60.7958474236627,43.208775472233,26.4196278453971,22.831504678146,86.205535545668,17.9024302157295,9.4810134191486,68.2691339261104,12.4133706171693,96.5562570721055,75.303022258657,70.8449635314746,69.9875696968836,9.09048213033055,97.7790135813434,79.0875706820963,60.3871116590872,12.4133706171693,129.990413332038,114.434273936839,106.233981380169,22.7301305833904,63.6940192336452,48.1421825498032,79.4899044538442,9.26859495879022,13.7710415419745,88.1097621191347,89.780482602782,11.9447144306089,53.5020391706845,29.2383659839653,50.3673048931685,16.1653708916963,86.0258119346346,52.9379863137657,55.5809329008375,16.0826995212965,58.8150805738113,24.4945866440677,114.988987530904,124.80452418621,70.7909982555275,135.28805628911,40.0212540264974,104.301810133497,117.273850278432,11.006047504458,12.7786690663097,13.8695405990031,19.8528679482725,81.4176571693441,97.2308138086327,14.3735691501148,13.4043682503073,13.4043682503073,12.560410256638,53.9777766426155,25.909287802524,27.1048288296408,94.9800125316413,28.1209218867896,47.2752657717233,85.793277518089,65.2203263776235,59.8190792380331,19.835205519367,97.880320281176,95.210959691046,45.1160522957468,91.0267726254611,64.3242958566544,120.294963260828,45.6746365255759,138.072402945634,62.7353240699882,24.1677825047813,20.7796824153388,21.0962227189203,142.860537899174,62.4315303293241,15.2383717731081,17.7055978719162,91.3245938426046,52.4525396063607,17.2037982971736,33.3712775921884,13.2954478843502,75.2180628806901,36.100418722298,9.01357872524794,63.8258278117046,91.603581974226,20.6538166806202,76.1865920833305,16.6760249981558,53.2543987225172,12.0396237048237,35.7409634069944,80.1313456717191,14.1971367592424,51.2201016496082,85.9704537028191,98.5874831296228,89.6733092976921,64.8502673897698,67.60195648036
73.3359993217653,79.0562366270932,75.3555720052079,19.1475330914834,108.141561793961,114.318351419302,13.7391779213613,55.6447256842763,18.8453127234062,14.4300487835666,15.1340539665027,35.9852676905342,109.125568835473,63.6977221337299,43.5467048129158,25.4583393307344,26.0694945235326,83.652290475394,19.2914714157153,11.5308366432264,71.9314801362916,12.0110706919207,96.7789008246092,60.5678562610116,71.7927168801074,67.9146701298441,10.379704599135,95.6473247856215,75.9339910335686,63.7631959261041,12.0110706919207,112.965973871917,111.14190201508,108.850488023418,24.1859385614238,62.5079430201502,47.1839597443229,76.230519053014,10.5806339843218,15.9389806486953,92.2480359983667,86.9042794580496,6.34074687431694,49.2677102585552,35.5597874373905,49.8433191839505,18.525739644319,51.2139052151784,48.748298416391,59.7508518940947,18.4072643968549,59.029736264207,23.880037085289,116.620206263492,125.143564716496,42.1441355008798,132.825999514062,45.6865622384694,90.0756226779849,113.006795269079,11.4024016599245,15.4952667610557,12.173990460249,20.7853027078521,75.0439748198825,94.0534939464285,15.1224408393364,14.327721168946,14.327721168946,10.6152752372774,61.6541724291164,26.2768335694621,27.4571041228234,88.7487329472282,28.1973144080608,54.7900847745706,84.9379269511734,68.9594681811878,61.2200193049235,19.1651451933682,90.1922673373182,91.7466716035452,54.8702766266344,95.0267817492366,64.0650909965938,121.858409527818,52.1522651946622,133.048584445229,72.6115823043109,25.6016821944101,19.1475330914834,23.8425345598485,137.662501231714,57.1497617611217,14.7547014048165,18.2167904982458,22.2689547453325,63.7929342555052,17.3383466187186,38.0952318406446,4.0120101623182,87.0594460871666,37.9812724801804,9.25856439126331,77.3944628392494,90.8012396476498,20.2692122707005,88.1804483128537,19.3745757625612,58.9382347493617,14.878135946369,38.4285203007953,83.7272905319934,16.9558262750093,46.7320961227552,102.675638228234,94.1521557823062,80.1735863509098,69.3174442496323,64.4934656765183
73.3359993217653,79.0562366270932,75.3555720052079,20.8588344888031,115.968295065271,117.220897395446,14.3276522603501,55.6447256842763,18.862534481572,15.7536183373971,15.9855581065423,33.9044632013193,110.499862377917,61.8469964960898,46.3690444521168,25.6734916283992,25.8539351527147,83.7287359840318,17.8209345257229,13.3945371081146,67.4678133573798,12.2169590868624,94.689693145853,65.22602170369,69.1365907000532,67.9767338399056,10.2938785164449,95.4245883136081,74.4759151769741,61.7209931127879,12.2169590868624,128.023847717824,109.176820434341,112.535418992236,24.7607162345196,63.7670672845284,47.6646786211611,85.956556061182,10.2459368670483,15.0513296678153,92.8801574072795,88.1671788380394,4.50008332650101,49.2677102585552,41.307227491302,49.8433191839505,16.8477784361947,54.6236394003596,48.748298416391,65.7460573261437,20.707171948614,60.1426292079849,23.9749122221993,113.980878201533,123.840957672332,44.9500199363372,133.724538142705,44.2413595500472,102.35985190631,113.961832883199,11.7777019742826,13.6227893759555,13.0215643454589,20.9277321340201,71.962888221924,97.4866985812486,14.4359691535343,13.4992380578865,13.4992380578865,11.3937228616492,62.8555514631752,25.6821408790496,27.1987614972222,87.669817914033,27.903811338545,56.623336258341,85.8121027367276,69.6366289581246,62.3333013397591,18.9283054636094,98.2531570814095,92.5220366790969,63.7388230488642,97.8727899957339,63.4102336041573,120.711849376093,51.7210366772876,134.17299826785,68.5678016086525,26.527819117982,20.8588344888031,22.4335789543174,138.825907966831,58.2102927835852,16.0255429129538,18.684673547574,22.2689547453325,74.103627651583,18.462075799846,36.890165651055,4.0120101623182,82.2110555647486,36.257141539588,9.06006630490713,68.041969356356,91.4543045881658,20.6775036934664,83.2696285330614,17.3733671724968,63.394638551638,16.1686315912013,37.9207062189093,88.4381323645977,16.6032682198951,47.9151592489942,100.540730572645,97.5184301112491,84.7280444030804,65.3092470502691,67.9129262908798
74.1774498437783,79.9336214178155,73.1255599442427,20.7578520230757,108.673772093682,112.584775066594,15.1032857232159,39.3835373265984,17.8202173022794,15.134745357868,14.6270978643946,15.0157146746148,105.375271655321,67.1989255389434,18.3509238927553,25.1352185328936,10.542306482666,17.8202173022794,17.788998167618,66.9647439591552,81.2952944608444,54.6874888859316,106.49086169134,64.4323133138039,59.45666702485,79.5063872070639,48.4034832840976,85.3278294697522,71.7277862870215,71.5079118839053,45.7278728315314,129.789279261793,104.872473004366,107.943760363011,8.99495372579132,85.1270003678271,58.1184676313475,102.654741269234,10.2097387097836,50.1224233155333,90.0576371606198,95.4252391976435,63.8817823553488,57.3306322497986,64.0069816959645,56.533349995074,18.6509993645543,44.1969363432066,57.3364506267762,15.7072871392144,86.8910532612976,70.5311915797506,90.9128910296318,117.482546956382,124.867760949561,38.7669358516032,127.516126736656,44.8848542269831,93.1762879098751,25.1352185328936,53.789414284425,13.9751546299364,59.0603591844116,19.6383427403475,73.3075896501401,104.73519535392,64.5014592874426,15.0157146746148,15.0157146746148,30.4639197345777,59.0784208431452,117.624724361707,123.293372666705,78.6573617471283,125.018875942558,68.2542194249949,83.8573426765858,65.1038659505102,76.0651478760921,68.467207405986,102.404737716117,112.142875887085,74.0690220704706,79.1030377403307,75.8097000713453,123.144343354079,54.3568829828548,124.547814355924,11.8222174459486,9.39903635453192,20.7578520230757,22.5932533963589,132.777236166697,37.9246895321127,69.6122241647125,69.6239582686402,91.0229333571129,88.0585213344229,18.3509238927553,40.0035876818692,8.44511798959742,61.0386206095996,14.0484549096661,9.13568686086099,58.2470655266634,90.5519891353967,89.0607185747341,65.9108991076855,66.6595457936896,55.7270242592321,14.5458585509438,14.7457774342603,81.5485906925815,15.4907698238961,49.4146990639688,93.7635107061007,79.2604990997855,84.1505101817831,73.4489213008664,85.4651589565613
72.0302724260896,77.619822990074,71.0088310556277,20.7256889916547,110.961608649247,115.168319765642,14.0036459367173,38.2435218346332,19.3221330704606,15.5431979880944,16.0506928675096,13.3434318706133,109.492435822499,64.8059941289229,18.5385165233218,25.9114171911021,11.1180864128008,19.3221330704606,19.3239583183055,62.0348384221968,80.6549774416055,56.2535401348319,109.094646331856,61.4846681204081,61.7932199665842,86.2073097935766,51.0470939844148,90.7455398635101,84.0213661032685,63.6086214041698,47.0373531864759,125.499111387757,104.653480457493,110.722451792382,9.67110167514645,89.1280862225968,65.4865131721693,94.5886573785099,10.0205054079684,64.8928224938378,94.8805565897728,89.6682575576207,58.5568184315216,55.6772898622455,59.2948248980621,59.5628451329633,18.7070250942339,57.6838478617553,55.6829404446444,14.6547653150034,78.7967899319564,72.0022201963712,92.6034348973746,119.613682577624,129.368503269316,50.5968561342156,129.398416238125,44.0529319409866,89.7023961512183,25.9114171911021,50.9677273043902,14.9023622744505,57.0279077049054,20.6900486005608,74.934659007674,100.542285237626,65.9454449198669,13.3434318706133,13.3434318706133,38.2664195897568,64.2088152118811,119.758439083768,124.781901858965,88.6493165731905,129.525065061703,74.0500622642621,90.247047331359,75.6816454836706,79.6908734306326,74.1992021121997,102.24606779241,115.605951001284,68.6161037072639,72.6428850267781,81.1513664606817,124.631073305409,57.3256453061352,128.393965375433,15.3060647801069,11.4700424725234,20.7256889916547,24.2148436805467,136.877519298048,52.3719221705368,67.0248522289104,77.5247901449289,92.8997359538839,81.5757041647234,18.5385165233218,39.2621376607983,8.31200302563495,79.0258752565125,14.3629558104429,8.70966495743633,62.1115754986063,90.0972176351357,93.2466945842878,85.3339482266964,68.8533365365784,61.629495473212,16.1212056650482,15.4281083508938,89.4853781057305,16.2107100466289,48.801043140222,98.1212103910982,89.4859896799812,87.1720586824793,65.2689997503095,80.5429291272122
91.1179324299163,98.1886857874763,89.8258142323853,20.7949180774583,114.631136393574,119.903643189851,14.2568622588304,48.3778628212988,19.0456324976758,14.4017780330903,15.0332989060579,13.2772024316262,110.698056332693,62.025121418503,17.6658200122273,26.2057131474979,9.71687811571372,19.0456324976758,19.6162783877629,47.5136366303197,83.3273684258688,57.1801465264123,110.868244972223,69.1741615756073,59.1012087334481,84.9736794045695,44.6136477080132,91.6119612755112,76.5768862829789,63.2957215741329,47.8121508614515,138.024500081528,111.753619440673,115.631994959469,8.65932337618368,88.5096299306237,62.7131748131561,92.1490836357284,9.41835222663744,56.7269225919642,92.97306311173,85.8618532602253,53.6501050917585,57.2065758924718,45.4150093063978,56.6110135594037,18.5249921451265,72.9974478583647,57.2123816792052,14.2451478340301,78.9261403797953,71.0436477317585,92.2925230473404,117.906639652226,126.840054993825,64.0290393994912,129.282153997894,41.4056988888368,106.9671235634,26.2057131474979,47.5868250107391,14.5122303338844,59.4819960765128,20.2740926430447,86.6657370482305,103.410654826159,65.095801241333,13.2772024316262,13.2772024316262,41.3288072949541,53.6854894613708,118.049330294629,125.631252034711,94.336490622135,126.993556857527,71.633580532015,89.8940717907025,72.9792857732896,79.8078647608403,72.2090678901041,102.58759572922,116.918976979911,52.5543501273751,72.5721788641934,79.4965463805424,125.47939683982,50.1009155409173,129.852234699605,13.3799997996876,11.6740676265234,20.7949180774583,23.416992780351,138.432142889409,55.1399551626301,69.817967002231,76.2581628848617,90.9227470274387,62.4803491735745,17.6658200122273,36.9027934824596,8.83212642346941,69.0815183584302,14.1779029288643,8.20147258501369,60.4855440658294,90.3045833171448,92.5996594305506,74.5958041196647,67.4928055982431,51.8159971862545,14.7632654630175,15.7115849949295,83.8132314841178,16.0064646802139,47.6169329144961,96.8849411276445,85.9020604295801,89.0005016210855,64.945040421208,86.4613503945281
75.8060117130622,81.6885597203453,74.7310276281013,20.6928901291614,122.994166743552,114.987917888601,13.8606682061505,40.2482007425381,19.108660159502,14.9108597736489,16.001490900489,12.6176445610172,107.360829719734,66.2137531894858,17.8056642171882,26.0075532508056,10.4001559991397,19.108660159502,18.4083800828901,55.2728687488919,78.6989027675556,58.9421447225015,109.3506103273,64.9820486972444,62.9104501527,85.2548825796436,47.7508197930009,91.5733856333629,79.5035003550946,66.2607676158795,49.2854755849218,130.457439299343,107.29823457688,110.10460274808,9.46092443286487,88.7489079631941,60.9716842071083,91.1370344509208,10.4675637620528,65.9389540205356,92.2600084378393,88.7509316850706,57.7242537237672,52.2384281693388,52.8315243085476,56.1256098394675,18.302389173732,64.6461712413313,52.2437297481959,15.6706749155993,78.5407472070864,68.6977736530537,91.9420867912294,116.562425063464,126.500162489885,56.7037939938491,128.655022871928,46.0183249470587,103.799470014163,26.0075532508056,41.5466136550143,14.6990573178681,53.3569381556287,20.1186009765967,78.8950639111139,102.143878660197,66.2033558502432,12.6176445610172,12.6176445610172,40.9937066069949,52.0167452872798,116.703488937062,125.651344458962,91.0633908436457,126.6532530156,71.625895901401,91.4232241431299,73.3339602690757,76.5384395163881,71.1437808067199,102.084261122468,116.034870057527,61.1367578401705,74.1828246428925,80.7378639458899,125.499464977605,53.6239449667103,128.870330285536,15.5528125143061,11.1065369475098,20.6928901291614,24.1613454197238,137.385359732642,50.1978956519485,65.0470483725381,74.4704400685685,92.1707915304138,72.6837258559191,17.8056642171882,41.0137924851661,7.06936369174073,80.299844493073,14.4191289593317,8.80422989231595,61.2642205002879,90.9886872618366,92.8499944996566,86.7096093569551,68.0337321632942,59.5522719307903,15.2313944915189,15.523097688029,89.2110686625975,15.9279238314514,49.5270493482151,96.4095441139691,89.3687059107208,89.2018905554288,61.7188327326973,81.0177181774442
87.7867290737399,94.5989809850174,86.5418497496271,20.7796824153388,114.393422108091,117.046527019367,13.3243551748111,46.6092043948259,19.4205115797121,14.4283982624691,14.4840720641842,13.4043682503073,113.405433548271,62.818686948543,17.2037982971736,26.4196278453971,9.09048213033055,19.4205115797121,17.9024302157295,40.1964665450873,78.6407594865829,56.9942050305029,111.22533643902,72.623564639398,65.1893653043949,86.6462337256884,41.7376406731605,94.2998076333506,80.2087657796353,62.396351458084,47.6566727209799,130.794009676213,112.772524719849,106.421783233199,9.05011950816242,83.6979017198515,63.2618213156208,91.5662188498247,9.26859495879022,58.3848145932373,91.0414082248359,90.224950693279,54.8424375847861,53.3420715606227,38.4210309228263,58.0192377184405,16.1653708916963,86.1778895154601,53.3474851461515,13.1682146267698,67.1292371054079,67.7504215974842,94.0381573331456,118.81497694894,128.957102612306,75.5901424643862,132.164504112629,40.7473242400995,105.108630952337,26.4196278453971,46.6621236304838,12.7786690663097,63.6799999739894,19.8528679482725,87.0754880988074,100.465941560661,65.9941745418184,13.4043682503073,13.4043682503073,35.5462667112362,51.5476724598494,118.958766861348,124.447921461117,99.0735785797703,129.113166527523,58.5278749532457,90.375495218098,67.2712359452447,74.0574068132685,76.1501389866179,102.51243361796,117.873375263162,44.4609027326229,70.1105436889311,79.6349694263521,124.297496602165,46.8711732322121,130.912205912789,13.7710415419745,9.62252808505083,20.7796824153388,21.0962227189203,139.562151062019,59.8296838081135,63.6050104960779,75.0660758565998,91.0515392592034,52.8582832928917,17.2037982971736,36.3160176436633,13.2954478843502,71.1004838070946,14.3735691501148,9.01357872524794,53.2602317583281,92.3121763593329,87.5655812862953,76.7759292053861,64.0216013952554,54.1962839365131,12.0396237048237,14.2304501500102,80.7511972145334,14.1971367592424,53.1679015212618,85.9333267264567,92.4117910422599,92.0288269043649,65.567068237457,83.692789260718
74.1052758902827,79.8558467641021,73.0544094696191,19.1475330914834,106.700755495119,112.456213037376,13.7391779213613,39.3452175191975,18.8453127234062,14.4300487835666,15.1340539665027,14.327721168946,109.133566921165,65.8171147474893,17.3383466187186,25.4583393307344,10.379704599135,18.8453127234062,19.2914714157153,48.8870618440639,82.8594989213498,55.1471028106058,111.481804813304,58.4127103044084,66.0614589040344,84.0799360080584,47.6569201326281,92.2439693096849,77.0104790044234,65.8847670270574,46.1121868223043,113.664325706431,109.527962744139,109.042915371885,9.62975701327053,82.1393238259805,62.0026569676369,87.8116590855512,10.5806339843218,67.5761834820403,95.3173734813976,87.3345085905619,29.1126269042105,49.1204030159632,46.7277717739213,57.4156467284388,18.525739644319,51.3044418417396,49.1253881523697,14.1561503344597,76.8319780222315,67.9976883423516,91.6788152900562,120.500470666841,129.307423922683,45.0012188703831,129.759291696271,46.5154131280808,90.7723976194123,25.4583393307344,48.3425385656673,15.4952667610557,55.895125484382,20.7853027078521,80.2588893306585,97.1829038168447,69.4325111478329,14.327721168946,14.327721168946,30.0414872673467,58.8784733984399,120.646300364134,126.065342780921,92.5737356011941,129.46391179683,67.8313950861351,89.4744603898882,71.1279582965546,75.7918030924534,73.5776833140812,94.460549288254,113.584506302249,54.0734817846395,73.1914264483638,79.3140678007503,125.912962884303,53.5184960918627,126.148913987954,15.9389806486953,10.1934426913814,19.1475330914834,23.8425345598485,134.484127492473,54.7680340020579,61.5861688960769,77.2333692032003,22.2023720220493,64.2864009305929,17.3383466187186,41.4568218984862,4.0120101623182,82.2936472931199,15.1224408393364,9.25856439126331,64.582742895092,91.5036275585633,85.9349815167384,88.8625632389739,74.3817166746898,59.9806472670336,14.878135946369,15.3005148812554,84.3749583051584,16.9558262750093,48.5092259584728,102.631296994365,88.2543003445276,82.279567447389,70.0836215500127,79.844405585012
74.1052758902827,79.8558467641021,73.0544094696191,20.8588344888031,114.423210573941,115.311479270589,14.3276522603501,39.3452175191975,18.862534481572,15.7536183373971,15.9855581065423,13.4992380578865,110.507961189018,63.9048105460463,18.462075799846,25.6734916283992,10.2938785164449,18.862534481572,17.8209345257229,56.7885561332333,77.7177001991251,56.0924097507274,109.075199234267,62.905127328062,63.6173729561434,84.1567723198658,47.2628620234601,92.0291583221889,75.5317325482878,63.7746146950873,46.9026212786168,128.815286819801,107.591416956618,112.734360610951,9.85860772809847,83.7938914007856,62.6343514625453,99.0153010995949,10.2459368670483,63.8128270369801,95.9705272506551,88.6036600919442,20.6614850772442,49.1204030159632,54.2802653763178,57.4156467284388,16.8477784361947,54.7202038006143,49.1253881523697,15.5765322485532,86.431799193927,69.2796548957971,92.0430542617694,117.773325141205,127.961475677993,47.9973230282767,130.637084722043,45.0439914055428,103.151650815894,25.6734916283992,49.9336919438483,13.6227893759555,59.7866390210305,20.9277321340201,76.9636935620808,100.730340300165,66.2806751787911,13.4992380578865,13.4992380578865,32.2445129895381,60.0257657991221,117.915854446356,124.879199788359,91.4483201535329,128.116334685265,70.1010029211934,90.3953258913893,71.826412979753,77.1700720595106,72.6684223376283,102.902914642383,114.544426240174,62.8132442371199,75.3834758833813,78.5033391681118,124.728253627156,53.0759706975069,127.215017646163,15.0513296678153,10.5621889160675,20.8588344888031,22.4335789543174,135.620673307719,55.7843671819107,66.8906652469647,79.2170437860619,22.2023720220493,74.676852118774,18.462075799846,40.1454185552361,4.0120101623182,77.710666840985,14.4359691535343,9.06006630490713,56.7784419170198,92.1617442464017,87.666006649844,83.91375608743,66.6987959141348,64.5158693631907,16.1686315912013,15.0983260679472,89.1222405912883,16.6032682198951,49.7372786519175,100.497311314439,91.4097053716362,86.9536609430908,66.0311210768799,84.0777770949952
58.6645638254457,70.0064139706532,67.0788157879059,98.0293273491378,98.7486113120466,90.0243658386968,64.4929909680612,12.8595677175483,82.7381559209232,62.6997204295164,62.178365116378,54.4463485161163,101.674024644382,69.7945712453075,63.9220609261414,103.56813221688,37.6442106622124,96.0773333682589,77.5121963690426,76.7937802280262,17.1556300455442,64.6180239085158,23.77574463239,53.7495949189848,70.6904820976919,99.5879664337012,51.8779457875598,78.5628158734663,85.1829223584277,74.555399226498,61.1440304713411,115.826334128906,112.292364537224,112.174848961972,35.2304549693712,112.276462217448,81.9977822931453,20.2054545097362,11.2384586638826,87.6579576739537,101.546437113839,100.625908297233,69.6952231749057,46.7945802422456,74.9174031397934,12.7213375391022,68.2954034854922,41.0306066251412,46.1613611484524,60.1657793828283,94.6559007861653,15.7470847005218,107.130856034978,127.259164306604,136.857618787363,35.3330254918145,127.32722952547,52.020295076684,84.969694314803,120.265551662033,73.5712859777885,66.7624382887546,64.1561846760011,83.0196801017884,15.0006144973843,104.678375315303,65.9207722731164,50.2582469921202,27.0114652939368,7.62491270901319,54.81063873543,124.253895125504,126.582401553514,83.6689823259192,133.625678783817,80.9570789616803,78.1925253046341,70.2761358191501,90.997566041936,86.2931030120542,99.0176837547163,124.660013992499,71.2460522936714,21.1800686189314,85.0868899762026,129.643989199311,56.2451757754888,121.899003894668,81.2607293810074,34.6774001633429,20.718002017616,84.1016076018024,127.564354106519,42.9581108123931,75.1438373356933,95.8770995527958,85.5045383433043,81.9073143596904,59.0050722193138,54.3626851851975,29.2378684799031,93.2868411249227,47.8341114088598,38.2506327057469,77.6103668973623,91.2162289820354,115.088532209511,93.4949142236476,80.0031701808104,81.2485583513048,60.6598031223543,53.268997828652,94.3761666884421,16.7186993473329,43.3951263105586,100.286970305169,85.9597742357943,78.3785680532712,76.4621331103859,89.0545593716426
60.9497952600972,72.7334581588445,69.6918177168699,96.9349157735855,97.6154835283427,89.6094948950202,62.9008979849546,13.3605019522528,77.5539991134725,63.7964564145758,58.507546347644,50.9821005421839,102.480034297807,69.8396679405947,63.5797295737647,103.944264103143,35.2929354200613,90.0573785326833,74.1624411953821,78.9700541401296,18.1099192523811,61.8557584825149,23.2345145458489,53.0052063957451,71.0498947038572,93.3480444970692,48.6376247023738,76.4136900818327,79.8424467425206,73.1471297962069,58.5302699265053,119.902568665753,99.1399384928194,106.521334105928,33.5330937543837,103.73186393883,75.0214027101726,22.2123043811176,11.251140441031,83.1970933256997,101.217133483492,97.3073449747193,67.6308065754276,50.3166465633161,77.0405020357136,12.7802172369709,69.7921141242827,46.7398062745465,49.6357672568965,67.7164427376549,90.7433529351738,15.3165181802918,108.03231635405,124.559540964652,133.802492947139,40.2494357850685,122.231247601408,52.0789961680958,87.7632129449415,120.702324130849,59.7847100642481,58.8617288197686,60.2382324856169,82.750456652647,16.3226710648968,106.976217803667,69.3102222286279,47.0604745967077,25.2928116749569,8.29588904980299,49.4549567443448,121.61802432251,126.566041077588,89.1149038272308,130.642700797007,77.2715945832421,79.0090598561968,69.6876510928039,88.2861670366732,83.7733651198349,97.9122380456013,125.112745978688,73.265108062077,20.4418087458923,85.8023484514456,129.627233020424,52.7320754350931,122.341708627166,77.1254163959941,42.0443677670296,20.4867036720746,81.2024920575965,128.027633882864,43.4319221462326,71.9675635611951,89.7374473339111,89.433478549636,84.2285017126524,58.6890735503525,54.4240294922174,32.4855311261826,88.5395260519063,50.2935990816523,39.8451536974406,68.4259066476421,84.5277666540091,106.329926400383,88.7370104272276,79.9299777295144,58.9166124950478,67.6974183178723,50.3544996154802,88.8044890904114,16.6364602905747,45.3733850327907,99.7936600498865,79.5973681274806,79.0866884796914,71.5970907902055,90.5025277730776
58.8528815932004,70.2311399508326,67.2941439524585,99.658681096745,106.782670708034,95.5122153095469,62.0367084009127,12.9008479202626,79.714870576589,64.3363706338212,57.1922294083717,51.1153479141851,105.468914312358,70.8161041500181,61.9283254590763,106.295773370363,36.4717208194268,92.5666291392139,78.7539758575898,66.1884737438748,17.8404797857606,63.1381447681168,23.3605175867276,54.9733088752122,73.273506892028,95.9489822668458,50.2621232366156,80.6480522419349,77.7559440701687,65.836516485668,59.7437125757866,120.978009766137,99.7316318489146,105.746983215477,31.180387275772,106.413406347273,83.198323038132,18.554379430796,10.7625210492362,91.0666391907589,99.3099533373967,91.7234560283399,58.9921677573694,49.1451141102669,64.5712264190351,12.9921422750499,67.7714065206643,62.4152366920983,48.4800878516668,60.1578852314963,88.0632777363422,14.6486799490242,108.642625668662,124.146845340641,131.996633621827,53.7481487726349,125.349860069747,49.8172870048063,95.0412238238651,123.432947472288,55.1084528624807,59.3316664067649,59.9925822137073,81.1912341912248,15.0839208977277,103.675239600216,70.4097588196754,47.1834723645214,25.3589172424084,12.752435930027,54.0783218167689,121.215074648401,126.083341635038,88.5597177268963,128.879487464267,82.7847580908271,78.5275713580538,73.9951510192683,90.0342861716402,84.1543322262866,100.663465057801,127.943145367772,61.4068932092159,20.6144513484228,86.9777860332128,129.132858758691,54.4933287811606,125.109419419932,84.4206472439518,38.6441591368669,21.0623576828356,84.6953955686442,130.923976169122,53.8106419180533,74.5642760534706,95.6048002766111,89.3187407516201,70.5958231230442,57.164698121296,52.0604792077921,29.2378684799031,96.9144083138187,51.0914561755646,37.2312366008614,68.9722022815417,87.8606864812418,109.078630569985,97.130572576707,81.4576791979518,55.1688507471365,61.651231534938,54.0900774743142,86.8080620297038,16.7054900682357,43.7268299952194,100.207734561225,81.9841367799431,79.2372788531956,71.7842177247427,88.9126431767616
60.5686355561666,72.2786073548449,69.2559883183627,98.9741522652047,96.0125937117925,90.0183259744932,62.5109179447496,13.2769498263309,76.1827373026008,61.478939365816,64.023527262802,46.9297273413473,108.362027279822,70.138014317232,63.6686100372585,104.383584725608,39.8090676482819,88.4650397057919,80.8224388335638,87.1717642918483,17.6446294931821,68.3467736960753,23.7496890834798,52.1483124135494,67.1530264745773,91.697522151328,54.8613616006549,77.7705927871807,71.4842501662724,71.2764722447656,64.6723152569192,123.250977583947,93.045221079519,103.311321366692,34.6022070973002,109.244123954992,71.5430140418689,21.4096699548562,12.1331525439801,80.5994424565678,95.6165230677386,95.8398696995286,76.650078717328,45.6679306295716,85.0418118299123,12.6787342559972,69.2733321548713,45.095154397164,45.0499572339568,64.4130350362915,95.242786333351,15.7426749365399,107.242245963822,123.614265062336,135.209875588915,38.833163117213,120.718506524748,56.1616316280698,82.1374064127237,121.212472724691,63.4020124295031,67.5904607396828,58.5069619484705,78.1716560732695,15.5263556460216,109.07338758835,70.9231807937093,43.3198165216927,23.2823823063083,9.75881138241271,51.0024415657952,120.695071437576,129.106058530102,82.0092641461553,132.016847610916,83.5356676548817,76.6476886601677,72.3333689372083,78.3781901358115,85.074113801258,99.9720346339128,125.641535228542,80.8743111594085,20.028100117701,88.9365120348054,132.228684653024,59.4797438423521,122.858786082582,74.717340621653,38.8115972022623,20.9176859800251,83.0551994189077,128.56874291178,46.6069451378603,76.6012625666514,94.2938197179628,82.3750294670813,92.9763462605983,58.7711171842929,58.6904994518614,52.7665508883713,85.7750691747786,51.4640107294456,38.7460415513953,78.5729309957232,79.9412659731026,111.980246172559,85.9663875238761,84.6888522927673,70.0021341868941,69.643565113633,54.699397247814,97.1768085189596,18.8982484324191,42.9779386888822,113.360976233122,78.7034197686898,79.2753013766747,65.906110448271,90.6218565602996
60.5583762952863,72.2663646308325,69.2442575728183,102.1057678501,99.5323195062818,89.6862254416424,65.345777350571,13.2747009446991,83.4474753837756,59.6806002477172,61.3159643068869,46.9614013023363,102.741586903219,70.4626062837719,65.2007206936648,109.482036419427,35.4314306283674,96.9010104461261,74.2912473712616,82.3037603285601,16.0328391609601,57.0282415609714,23.1275130291559,56.0973482667333,74.6603171420147,100.44174039169,48.8284866378999,75.7904328337089,88.5915061578335,75.8469262017876,53.962289912606,125.665394141171,101.130648993707,102.101419051781,32.9207438837769,107.742502742729,76.0231421401769,22.1962679361013,10.2459368670483,71.7958021858074,99.1034186003201,102.245192341023,21.1092399132159,52.5967301227215,80.2927525399429,12.4624456100927,63.4360729166955,50.6156367948729,51.8849969772936,64.3085006313997,78.6852780951064,15.9266422426115,110.996392101681,124.132048437509,133.593163996131,43.5870617633482,124.550594814447,47.4261351224109,92.8045243939294,127.132904931533,58.2352162067617,61.3573293211231,60.5228340755643,81.0223809228154,14.5940022922614,110.223463132006,66.6413423299124,43.3490540701782,23.2980961258994,10.6152752372774,47.0611990944904,121.200627179255,127.350895174159,74.7022568701106,130.43831522158,74.7467922998394,79.8286982974204,67.2304364680293,82.3705465668993,82.593269065074,103.135223957064,131.778298013455,76.3579810099564,21.4649594779921,89.4171601654769,130.431070005425,52.9390046600179,128.859629870902,66.5561850506902,35.7606679555335,21.5795370786782,80.3750206356886,134.848480542881,41.6448429707092,74.516876195574,86.3838710158568,21.7047395873261,87.7841922900381,60.1853754015567,49.5616576070873,16.5930953026142,76.4061104053522,48.3569788933588,37.4911151646632,71.327006060783,85.3603602448751,110.441015439413,76.5765316133365,77.4029938508895,72.8015167227487,66.4488241662951,51.7289024264754,93.0671891623132,19.3647068366796,51.3497716468905,116.159022849359,77.2461197973045,85.3626745253426,65.9505920101623,91.8241409336134
57.1297689831718,68.1748912236683,65.3238854895499,98.860133454692,97.5004546505604,92.5025550744277,60.5404919444167,12.5231329617136,82.5427784729441,64.3711147449907,55.2730535893938,51.3407146233489,106.942578892202,70.7895708237155,62.4156885599668,109.815177354815,36.5195965604003,95.8504568565312,75.8355264252216,74.056977359773,17.4954449977798,60.3053651810758,24.0316849093009,52.5647160668784,69.2833393283099,99.3527999314427,50.3281013790993,77.9965937063275,81.5441081118734,70.5333222770694,57.0632288514028,127.830865513689,98.2619409348771,108.408783012297,32.6283106431015,108.544457478302,78.7143794865088,19.9695922088725,10.5488739436948,82.4397901894352,98.6983381290314,99.5369308570102,38.0150572240775,49.3388512156798,72.2474712366333,12.3313888648931,67.0007613136726,46.7318747309383,48.6712033279574,62.347993955705,91.179365922731,15.2543310062233,109.40002288602,124.615750689857,134.842043282567,40.2426056293494,123.783389505971,48.8283626509479,84.7253774466551,127.519755379815,66.5483842807995,63.4914377268415,65.3124216849586,80.6912058260056,16.4518433728645,108.464952986246,67.0151785063587,47.3915035005232,25.4707242819785,8.83014027555152,51.695367081618,121.672906635612,128.256276226889,74.6109144002139,131.657701791708,80.6188134356127,80.2014740547708,71.2838461779073,86.6704192522875,86.9547126603278,99.8568662569921,132.179283845468,68.706961241114,20.3357180184025,89.5499905807462,131.358349074086,54.5648611474678,129.251734539695,76.4233808153309,35.4830565145484,20.8935886816948,87.3129368297416,135.258808578539,45.8182620216606,71.0007235651511,93.4029806278314,21.7047395873261,78.9882736222127,57.6145724612098,51.0270251829441,16.5930953026142,87.7335933193769,48.6282457595706,37.3329297192826,73.8078761519888,88.4924065836301,111.263055888433,87.9292800893875,75.5926932733181,76.3449620649776,68.4483699381049,49.559089211997,83.8950800518522,18.6018517033015,45.0641670284568,111.583043072532,82.3494277847448,79.3210012448279,72.1007131332388,92.3420851053858
62.3450986838671,74.3985210644471,71.287249357848,98.0712861681415,108.5341074278,90.7055927214347,56.3876687721796,13.6663594869288,80.1077480047446,63.4652049166193,52.0091407205544,46.3807396235945,103.926455149626,69.2959547042273,60.3691420748968,106.100649151528,36.6055534872184,93.0228468928927,69.9047298841579,65.5470390660783,16.1538842045415,57.8870205022149,24.0213081216113,52.3237936115199,68.6339607759774,96.4218700619896,50.4465596681986,75.6351297054546,82.629355961407,68.2927277749086,54.7748991905666,115.169669103705,105.994951829345,100.229237685547,32.1445858611682,99.122721535333,76.8484139967355,20.4468591419551,10.5482962837884,64.2093174484489,100.312815911476,101.684990282935,21.1092399132159,48.9019491899708,63.945464538299,12.2464730584534,60.9627484608487,51.022915765734,48.240213412227,52.8454757469691,95.3085051499306,15.1191331172266,108.952218946813,125.542900434612,136.338298297232,43.9377852705872,126.188486516949,48.8256887932879,93.5907544393728,123.20636501571,59.0052915190106,55.9904020930266,56.304589648348,82.0111283446036,15.668924483954,107.387972020251,69.6673307123973,42.8130578304961,23.0100231290811,9.02426020120461,45.9212219148019,122.578161418465,129.391882461443,90.3054088147876,133.118622226682,67.8561843565229,79.0997216541821,73.8861024878741,84.0836933888327,83.6230774685701,99.0600656131171,127.708283665339,60.8117969857774,19.2696733375646,88.9728233152037,132.521421670279,54.6932915853215,124.879759510048,59.5233576890414,35.8904966722203,20.726869801577,82.6082186293586,130.683642637817,41.0180858301365,73.8627491617837,92.30119514527,21.7047395873261,69.9116766773362,55.7254496544332,51.02423092578,16.5930953026142,68.3324658079843,50.5527278267906,38.2769436870487,65.0880309430306,81.8280175670309,101.605343674079,68.4848790286779,69.9161601952142,57.781109952755,68.726376569936,51.0018250563969,78.9410162968854,14.0855325256616,42.605371232588,84.4919423925686,80.5654454766261,79.5344159141269,65.1351354775922,89.7176593577987
67.0843809172389,69.3411865584708,67.8071405954671,94.4937770010717,93.836265361705,101.842874136637,71.8682703194253,12.8595677175483,92.1999129858999,69.8699252297423,74.6059162659119,68.7101160964424,101.527624202901,71.7395436379309,80.668260536498,115.411960445855,47.5061809552559,86.7291653203621,86.3763239707938,72.373973679123,44.5663088530601,60.3267271816479,61.7638160583782,57.9511635255667,58.9009121856698,90.7972237301155,48.4327203614469,84.7040167758389,90.4226554967245,76.633042095123,62.5461358871732,110.579363200019,100.324995610361,111.904554791269,44.4600733942599,105.380911296158,76.9618213083739,52.4890385142831,43.7486146730821,82.612871805796,104.376241971605,100.298273310843,65.0667485636697,47.3350990163463,70.3162894420643,33.0470554731337,86.9249288761711,40.9317401332867,45.8744140669517,68.6591421348356,95.8051643869297,40.907237940878,109.587494112178,130.805508339791,140.671443924651,33.6345421438659,127.483835335093,44.957304641064,84.441507857709,108.563909371437,69.3369475898315,16.1127982803418,59.8955587909038,20.9986489117563,15.0006144973843,107.595458212443,61.5429597499614,70.6568886891281,61.6992278059677,7.62491270901319,53.1925253715068,116.002167492861,118.176037313179,84.3552841258592,124.751569002894,73.8109058177616,77.6232721899542,74.3898250396167,82.9651077201794,88.2719066033364,106.523477373381,113.65613322581,63.6531247077683,21.1800686189314,77.5761737319157,133.256791389555,58.7398011085668,109.884325144988,79.6013002152469,43.7621301718847,20.718002017616,100.910943586645,127.721251566931,44.2957298922837,76.0561954280511,90.3589673390278,86.4921913579508,81.3981641911438,82.9538447798962,46.5671732518382,32.5814480602721,95.0418463006841,60.3656156537302,35.9629229114319,62.8243955704504,90.6492129746929,108.464700867274,92.9137335109439,81.8377381235768,82.6089773734687,14.7104918221501,67.2243249529288,93.7895079565347,61.388653100187,44.665256244817,99.6779520718088,70.4518912543758,73.4695304985179,70.1490112088754,81.1936124515297
69.6975996313907,72.0423173417993,70.4485138381568,93.4388367483521,92.7595061244094,101.373538430618,70.0941090165292,13.3605019522528,86.4229071869183,71.0920815766594,70.2014132337895,64.338309961357,102.332473282919,71.7858970473974,80.2362457622052,115.831105963405,44.538922373809,81.2949422851062,82.6434980200831,74.4249938316073,47.0453287091734,57.7479043907563,60.3578270545745,57.1485866670464,59.2003829167494,85.1081067772554,45.4075896894891,82.3868953096085,84.7536789761267,75.1855282778484,59.8724387011419,114.470942975278,88.5742671382293,106.264662526418,42.3180401942765,97.3610865218752,70.4139017936162,57.7023644575607,43.7979817792332,78.4087490504372,104.037761603606,96.9905151325255,63.1394303101388,50.8978483173755,72.3089964797213,33.2000111380335,88.829910166057,46.627183014585,49.3272226603321,77.275702475435,91.8451123783099,39.7887269639326,110.50962598963,128.030654320483,137.531180582911,38.3146171417824,122.381585620723,45.008035665282,87.2176614882441,108.958184590444,56.3438473761288,14.2059994693882,56.2377986397318,20.9305526642112,16.3226710648968,109.957334910384,64.7073156122124,66.1612156062358,57.7735021926744,8.29588904980299,47.994953207321,113.54134543115,118.160763339942,89.845876252112,121.966691219353,70.4507433237751,78.4338622495734,73.7668927266614,80.4930469791223,85.6943881212881,105.33423605287,114.0689020463,65.457003020752,20.4418087458923,78.2284778764078,133.239568264533,55.0708852873594,110.283395762588,75.5504346506438,53.0590842032136,20.4867036720746,97.4323836223973,128.185101153086,44.7842946468027,72.841356959701,84.5726780488131,90.4665142973437,83.7049226381989,82.5095896752123,46.6197208948267,36.2005064023592,90.205219997663,63.4694359858746,37.4620781266166,55.3897165849409,84.0023272964231,100.210189832482,88.1854056753378,81.7628672822307,59.9031072955236,16.4171703053013,63.5462911444608,88.2524648793683,61.0866831429715,46.7014165296078,99.1876375690074,65.2373179583882,74.1332996455907,65.6856527546024,82.5137670405559
67.2997269462852,69.5637771074265,68.0248067387416,96.0643660670754,101.470662639771,108.051175164183,69.1310925755036,12.9008479202626,88.8308912500811,71.6937392215537,68.6232047162317,64.5064652674385,105.317049608743,72.7895437036594,78.1522094303877,118.45152875879,46.0265240927603,83.5600468946385,87.760110683434,62.3790473965009,46.3453880800774,58.9451271300731,60.6851534437143,59.2705343541793,61.0531469996061,87.4794568213165,46.9242049301677,86.9522546269469,82.5388323013296,67.6711893650393,61.1137070350771,115.497666241054,89.1029017751218,105.492177495683,39.3489754233228,99.8779398061701,78.0886298598389,48.1999321560615,41.8959040893341,85.8253692977184,102.077433875031,91.4248071636887,55.0744853354115,49.7127836287113,60.6055316417961,33.7505427521828,86.257996746417,62.2648422427451,48.1787271600876,68.6501335976921,89.1324970752931,38.0538396529133,111.133930423452,127.606458065679,135.674997192703,51.1644375165882,125.50403381872,43.0534072320214,94.450430980673,111.423122728345,51.9367285361318,14.3194166802886,56.008462054686,20.53616948901,15.0839208977277,106.564368012686,65.7338317441243,66.3341352783204,57.9244996458317,12.752435930027,52.4818278285738,113.165155730699,117.710120070153,89.2861361915239,120.320573259481,75.4772536380725,77.9558790586984,78.3265367957728,82.0868576561399,86.0840912570641,108.294013107532,116.649458872383,54.8625573702142,20.6144513484228,79.3001582501962,132.731417225128,56.9102549723749,112.778313874653,82.6966892473142,48.7680943370805,21.0623576828356,101.623411584975,131.085005788343,55.4861844400486,75.4695974087572,90.1023400368047,90.350451176318,70.156987159214,80.3665060728699,44.5950994985637,32.5814480602721,98.7376589046372,64.4763144092248,35.0044952739537,55.8319344789487,87.3145291120221,102.800694462307,96.5267919768295,83.3256007641968,56.0925933403627,14.9509212136887,68.2605097351126,86.268447957882,61.3401505321728,45.006668549201,99.5991975071501,67.1934930070963,74.2744581831061,65.8573294904499,81.0642233600664
69.2617340747173,71.5917887021001,70.007952314327,95.4045256243475,91.2363536246128,101.836041351711,69.6595317000188,13.2769498263309,84.8948308328346,68.5095382765259,76.8198698225145,59.2243024900721,108.205996782465,72.0925574727587,80.3484109878228,116.320666344747,50.2381837230999,79.8575354325018,90.0651186241673,82.1546609072705,45.8366148898861,63.8078499018535,61.6961298447573,56.2247098757674,55.9534239689417,83.6032779102297,51.2180068951363,83.8498661596107,75.8813568173741,73.2627409227751,66.1553284436051,117.667667871147,83.1290839304872,103.062384566764,43.6672381462806,102.53480657265,67.1491412154092,55.6173082024477,47.231442610737,75.9606039653552,98.2810784096111,95.527817913503,71.5597306686237,46.1954356045458,79.8188992770016,32.9363821217048,88.1696155709324,44.9864940559797,44.7699188332597,73.5059659038524,96.3991755986709,40.8957824068602,109.70143834471,127.059036318766,138.977782899444,36.9664256956458,120.866983951935,48.5363564070597,81.6268259517973,109.418696557025,59.7529587051327,16.3126375771886,54.6215021475964,19.7724100926497,15.5263556460216,112.112946738067,66.2131572555398,60.9023123008366,53.1813063138413,9.75881138241271,49.4967533601043,112.679686043828,120.53209769259,82.681951969416,123.249580650753,76.1618795635747,76.089682184065,76.5674805116233,71.4596584323318,87.0249645186271,107.550170489513,114.551014469562,72.2552681608993,20.028100117701,81.0859852869497,135.913514813512,62.1178309982427,110.749508736613,73.1915343046276,48.9793975599013,20.9176859800251,99.655390451292,128.726875717707,48.0581807227788,77.531315971767,88.8668119489344,83.3265338873274,92.3983890569042,82.6249328926525,50.2743866845623,58.8008198433099,87.3887553982348,64.946470211167,36.4287021382162,63.6035763692903,79.4443371046345,105.535309826,85.432005447754,86.6308685050604,71.1742440294854,16.889126609973,69.0294581314342,96.5727405083914,69.3916430409403,44.2358579780395,112.67256276059,64.5046455762133,74.3100992648171,60.4645501309087,82.6225625404424
69.2500023559429,71.5796623130798,69.9960941993159,98.4231955748024,94.5809872276966,101.460342256774,72.8185795133856,13.2747009446991,92.9903486926941,66.5055449754627,73.5711479431984,59.2642743448631,102.593649278701,72.4261948765372,82.2819015513473,122.002165978147,44.713700335984,87.4726999601415,82.7870341924325,77.5668311421157,41.649561102792,53.2409838958948,60.0798621749388,60.4824391263995,62.208668737876,91.5756340928784,45.5857764432367,81.7149184740814,94.0409065509499,77.9605601835672,55.1997094669585,119.972710566363,90.352821032665,101.855397607174,41.5452678808387,101.125408657499,71.3541185757473,57.6607055292903,39.8849662010825,67.6636503924935,101.865143613498,101.912285013597,19.7073707957929,53.204268857773,75.3615073544879,32.3745148764216,80.7400768580088,50.4936744147256,51.5624707760313,73.3866747945696,79.6406345523337,41.3736863812104,113.541671523137,127.591248815747,137.316018240804,41.491801095444,124.703785509105,40.9869110027817,92.2276352649617,114.763080353222,54.8835334376212,14.8083008307125,56.5034997774907,20.4934604530732,14.5940022922614,113.295071553492,62.2156765958547,60.9434166833515,53.2171996104138,10.6152752372774,45.6718637951041,113.151667721054,118.893495108841,75.3150083572726,121.775878933509,68.1488082003882,79.247533602079,71.1658424001015,75.0996050349684,84.4872310589876,110.953137651693,120.14607824598,68.2202582625324,21.4649594779921,81.5242060621987,134.065805856287,55.2869923818443,116.158893956445,65.1970380743319,45.1291907332173,21.5795370786782,96.4395260022307,135.014337096507,42.94156983982,75.421622045996,81.4121142186031,21.9554485192832,87.2385104220682,84.6132052940071,42.4546044511052,18.490645894138,77.8435384241831,61.0254631282094,35.2488309122224,57.7381118368459,84.8297453401425,104.08466832566,76.1005185211917,79.1779366546815,74.0204991908902,16.1143761465581,65.2807578126673,92.4886672632792,71.1044110362202,52.852725725634,115.453617524326,63.3102550601632,80.0162056445348,60.5053590575861,83.7187199090505
65.3293050227812,67.5270676330535,66.0331557080158,95.2946190448997,92.6501994703064,104.646403070943,67.4637720320189,12.5231329617136,91.9821925943517,71.732456594342,66.3204444203918,64.7908731877664,106.788592258765,72.7622709704628,78.7672511394455,122.373404192402,46.0869422440256,86.5243635236936,84.5079136683679,69.7946853804644,45.4490685112025,56.3004730385908,62.428688954242,56.6736635142661,57.7284489313164,90.5828156416281,46.9858014501604,84.0935334140736,86.5600121649042,72.498881519589,58.3717566275512,122.040085375397,87.7898406858211,108.147563475366,41.1762234459981,101.878110685901,73.8800713753773,51.8763234977446,41.0642273286775,77.695031909695,101.448774723649,99.2128415490132,35.4904691792877,49.9087585689796,67.8103335943571,32.0340601470798,85.2771360092702,46.6192705826584,48.3686546292054,71.1494112224262,92.2864192128634,39.6271792505068,111.908695660749,128.088430447799,138.599700172925,38.3081153164452,123.935636578366,42.1987528441937,84.1987097058756,115.11229088298,62.7182435612017,15.323357786856,60.9750098538991,20.4096944161805,16.4518433728645,111.487556827224,62.5646862322223,66.6266013649838,58.1798877904464,8.83014027555152,50.1692224086567,113.592582998153,119.738749613077,75.2229166431547,122.914285781871,73.5024993731838,79.6175954969455,75.4565228084222,79.0199230834961,88.9486877485469,107.426272055134,120.511668603989,61.3846329919519,20.3357180184025,81.6453113861175,135.018925504761,56.9849599921704,116.512351782513,74.8627353714983,44.7788510895194,20.8935886816948,104.764119189341,135.425169814113,47.2449397858494,71.8627780862496,88.0272444127348,21.9554485192832,78.4972687206072,80.9989738380978,43.7098409345513,18.490645894138,89.3841252540735,61.3677960555501,35.1001062879346,59.7463379308539,87.9423223319443,104.859396873256,87.3826963303219,77.326123729551,77.6232756836698,16.599282133887,62.5425003915976,83.3735735846636,68.3033169932126,46.3831480378826,110.905426553075,67.4928823711947,74.3529368407062,66.1476933484148,84.1909445615685
71.293163635818,73.691558190179,72.0612682721694,94.5342225227679,103.134972432249,102.613533313526,62.8360409584373,13.6663594869288,89.2686972935791,70.7229488718258,62.4041753172062,58.5314918452747,103.776811433163,71.227032099151,76.1845536690302,118.234090555124,46.1954180294902,83.9718754039626,77.8988840261582,61.7745299948327,41.9640077761615,54.0427311447907,62.4017324901631,56.4139083174408,57.1873720005729,87.910602274653,47.0963928990572,81.5474754078581,87.71201528607,70.1958481432863,56.0309528431426,109.952445315856,94.6987190164149,99.987727410017,40.5657732168973,93.0350183756095,72.1287056850452,53.1161512096176,41.0619786376948,60.5137999089218,103.108243322132,101.35390695687,19.7073707957929,49.4668099385973,60.0182014396861,31.8134687700069,77.5920823892764,50.8999720146939,47.9403438220498,60.3054604745918,96.4656923395547,39.2759667994738,111.450623044067,129.041417168485,140.137651477773,41.825665077395,126.343691732438,42.1964420262099,93.0089779671527,111.21858637574,55.6092876616502,13.5130183630834,52.5653898608757,20.7435500697409,15.668924483954,110.380563523466,65.0407084455357,60.1898721625696,52.5591871234188,9.02426020120461,44.5655408904174,114.437719618121,120.79893999579,91.0461464560378,124.278186179685,61.8664420323598,78.5238640163001,78.2111049912678,76.6615304446732,85.5406541952496,106.569071885019,116.435328678695,54.3308825208132,19.2696733375646,81.1190913294598,136.214409562904,57.119086666535,112.571289835045,58.30782841007,45.2930317701155,20.726869801577,99.1190718894393,130.844376659409,42.2952968896869,74.7595529358643,86.9888713403562,21.9554485192832,69.4770934872767,78.3431004667199,43.7074473688723,18.490645894138,69.6180043653995,63.7964508665347,35.9876602745902,52.6877576583864,81.3193603211942,95.7575268060875,68.059165061947,71.5194209895748,58.7485919942405,16.6667009858045,64.3632018723565,78.4503051550661,51.7200442441825,43.8523858621902,83.9788434991375,66.030745823156,74.5529848378096,59.7572309696471,81.7981798501274
64.6659058941988,68.2927336217184,63.7905436657518,20.718002017616,93.2922387545975,110.784318590916,49.3571115805314,12.8595677175483,63.320313300073,47.9847042423624,17.5553648392811,58.8991388637827,104.259927728706,59.063895591751,69.1498042671042,79.2616962135827,40.7228703418896,90.2757938994883,59.3208357623472,15.2359736260208,58.2519738889596,65.0572014224245,80.7305853436886,62.6839741894743,57.6699789908656,86.2362761261055,52.2305351408016,91.6217048684281,90.37633794421,63.0927626195749,57.8930430942688,116.877210139112,112.044981933495,116.497562530726,38.1117102620944,22.8336961169885,16.6759123521591,68.6076585582131,25.9458886429677,17.3914388283205,85.9340211192909,90.9837232268072,70.1689079611907,49.4611391391686,15.2359736260208,43.1953253942368,68.5718201532564,42.6117414484458,47.9323798463359,64.8646614644977,85.4520856945081,53.4692555369181,101.434779770789,107.693504803987,115.81622986954,37.0594548353352,127.421014756966,48.9871716891714,88.2296267266965,113.003429367002,14.5966270896108,16.1127982803418,64.592223291601,105.730384197622,64.8864912099682,88.5844345773934,66.3688039387525,15.8912862925535,55.9554674074077,31.2864697830448,57.3672031229357,125.09838886663,127.442721028736,85.2995793377794,134.533868014205,70.1032189501545,19.1594123297838,74.0581588567083,78.7975848188455,81.7049561977536,107.478698729524,107.946931476887,71.0890956386534,92.544321823281,73.6793490364543,109.711671058958,56.8514699458189,120.293355404398,75.7114895552354,37.5134249278648,70.7977861079691,23.7451467605539,127.658313996521,41.0203254028477,67.837267133824,19.0221259558812,90.3769591720907,85.0497560385207,18.6569677907174,37.3448397777581,22.3760243598276,96.4101792347664,51.7461326072607,31.8315739415197,78.7094467797232,94.7158148490572,22.8336961169885,97.0819237295977,75.7494549059319,84.6564865411509,14.7104918221501,57.6255008049916,97.9969861721286,16.7186993473329,45.5491793376775,99.3047478059904,82.6724999884664,79.2632046819857,82.44554547259,77.1150757192563
67.1849148369626,70.9530227546095,66.2754535689812,20.4867036720746,92.221722153582,110.273776868459,48.1386673769948,13.3605019522528,59.3528278081529,48.8240469302487,16.5189502821696,55.1515740033986,105.086436844565,59.1020588250004,68.7794760006439,79.5495535946809,38.179300556793,84.6193483782787,56.7572356347658,15.6677488535112,61.4922646746438,62.2761622118171,78.8928375731076,61.8158517217976,57.9631912710982,80.8329362407492,48.968191157477,89.1153465255281,84.7102652657551,61.9010097781766,55.4182544567876,120.99042777759,98.9215309793702,110.626186669247,36.275533610616,21.0959787300812,15.257124048286,75.4219210479277,25.9751666772185,16.5063982513696,85.6553467912767,87.9831515852142,68.0904605186909,53.1839081321166,15.6677488535112,43.3952515184147,70.0745885316058,48.5409479444802,51.5400844110866,73.00502343383,81.9199723083382,52.0072661126119,102.288310045085,105.408939280321,113.23081913591,42.2160889666816,122.32127929294,49.0424501230806,91.1303210033882,113.413827740828,11.8613546966107,14.2059994693882,60.6476426715851,105.387512499275,70.6051643924529,90.5289916739905,69.7812903493417,14.880174292529,52.3951989986058,34.0396135648016,51.7617129529073,122.444603322265,127.426249358553,90.8516345947554,131.530616166062,66.9118449328023,19.3594867242858,73.4380038803355,76.4497012172504,79.3191910910701,106.278793199254,108.338965996421,73.103703381807,89.3185646027081,74.2988864849762,109.697491085035,53.3005001841475,120.730228849005,71.8585742755254,45.4828858691453,70.0073908381528,22.926613963905,128.121935010175,41.4727637137066,64.9698366142963,17.8040119497454,94.5297874955598,87.4599976589721,18.5570513468089,37.3869806931513,24.8614920858899,91.5039192354539,54.40676476941,33.1585091909013,69.3949207167057,87.7707441466606,21.0959787300812,92.1414790293449,75.6801540485237,61.3878389222781,16.4171703053013,54.4726459367713,92.2115465671034,16.6364602905747,47.6256351283672,98.8162690899426,76.55340505607,79.9793174624679,77.199797655753,78.3689159909236
64.8734884321696,68.5119585560037,63.9953162235558,21.0623576828356,100.882374730997,117.537686509631,47.4772947055457,12.9008479202626,61.0065636996864,49.2372485194944,16.1475852791659,55.2957187565479,108.151333856332,59.9283713203188,66.9930149629039,81.3491864469134,39.4544906626506,86.9770802454723,60.2711816503987,13.1318687179331,60.5773824620658,63.5672642579254,79.320681133951,64.1110966480357,59.7772356002687,83.0851680688847,50.6037306240231,94.0535539437012,82.4965531105826,55.7143781593977,56.5671791685826,122.075626203554,99.511920821699,109.82199578229,33.7304155381257,21.641324773855,16.9200666655894,63.0014300412885,24.8471059077249,18.0677251308744,84.0413890433639,82.9343225607255,59.3931090429222,51.9456166597635,13.1318687179331,44.1148433813669,68.045702379596,64.8204388656925,50.3400664121823,64.8561507885129,79.5004927655291,49.739620149941,102.866169619917,105.059694191299,111.702604480522,56.3743711215387,125.442188833111,46.9126133943633,98.687558773142,115.979564958409,10.9335799317396,14.3194166802886,60.4003228333659,103.401752138676,65.2468404486315,87.7355275337208,70.888299959793,14.9190652777633,52.5321396600889,52.3256746157084,56.6007283218304,122.038914993747,126.940269240917,90.2856286568769,129.755419123498,71.6858623928835,19.241508226571,77.977318828589,77.9634512196135,79.6799024302031,109.265111278691,110.789895682054,61.2716124428734,90.0729102498567,75.316733956917,109.279125168355,55.0807389386785,123.461483473025,78.6556187809772,41.8045976876247,71.9745221035806,23.9127961410992,131.02041065104,51.3833127172311,67.3140591780349,18.9681014687676,94.4085114383154,73.304290109997,18.0750551012123,35.7633227303807,22.3760243598276,100.15920105446,55.2698730778374,30.9832485624866,69.9489527209517,91.2315341923123,21.641324773855,100.857067114341,77.1266286473626,57.4828792724138,14.9509212136887,58.5137308770921,90.1385249354059,16.7054900682357,45.8973481737687,99.2262881063332,78.8488988861482,80.1316075067321,77.4015678858387,76.9921861312189
66.7647627734721,70.5093062001778,65.8609889731214,20.9176859800251,90.7074003066613,110.77688591162,47.8402118693551,13.2769498263309,58.3033878428266,47.0504286525344,18.0763257009486,50.7677852206982,111.118028151692,59.3545354707548,68.8756253826369,79.8857699285362,43.0647760108252,83.1231614347504,61.8541964303444,17.2949775065194,59.9123724275094,68.8112937222217,80.6421136786582,60.8165228832448,54.7840884803976,79.403698293066,55.234227790923,90.6977966684149,75.8424878114822,60.3179594014086,61.2337313277026,124.369216338125,92.8402403655581,107.292474493354,37.4320823409119,22.2170086204165,14.5497231535642,72.6965743531786,28.0114412669371,15.9910213547748,80.9158109943811,86.6562928612587,77.1710322992518,48.2702881268274,17.2949775065194,43.0506658668144,69.5537068603702,46.8329185894186,46.7783360038897,69.443623175641,85.9819057443355,53.4542821750745,101.540247171304,104.608996301897,114.421821529482,40.7306149027334,120.807423978795,52.8870412375144,85.2886757629662,113.893171491338,12.5790316135526,16.3126375771886,58.9046055243752,99.556144035456,67.1606312744115,92.3037288059853,71.4052114151281,13.6974058525169,48.2305039778746,40.0422626574309,53.3813780057143,121.515377572131,129.983530083489,83.6075154615672,132.914102392491,72.3360980270719,18.780883024864,76.2261052767349,67.8700799791503,80.5507798314253,108.514598447008,108.796860834481,80.6961432336385,87.5109035834147,77.0128549078471,111.898978462539,60.1209049987915,121.24049538219,69.6149443545779,41.9857293545515,71.4801483573697,23.4497051324708,128.663442602977,44.5045654809417,69.152980414188,18.7080014299821,87.0691172561504,96.5434604788915,18.5829929375618,40.3178630900883,40.3827532391374,88.6469055366649,55.6728962924589,32.2438453782526,79.6856422378919,83.0082785838343,22.2170086204165,89.2645588928846,80.1860024207495,72.9383370104987,16.889126609973,59.1728827014095,100.905076936658,18.8982484324191,45.1112833015833,112.250705366964,75.6936430762504,80.1700591796308,71.0634794616579,78.472246449544
66.7534539976904,70.4973631646421,65.8498332807154,21.5795370786782,94.0326430093923,110.368201763803,50.0097572712351,13.2747009446991,63.86316236551,45.6741422812666,17.3118756317413,50.8020495759305,105.354641588431,59.629222537092,70.5330367750583,83.7876644656397,38.3291223304896,91.0497340112133,56.8558122506076,16.3291599653618,54.4395353415022,57.4158349882602,78.5295137231568,65.4219764102415,60.9086088149898,86.9755851955344,49.1603502894395,88.3884900475642,93.9927356074651,64.1857217575331,51.0931508978656,126.805538556594,100.907855900268,106.035947991274,35.6131038785025,21.9116234865563,15.4608480816352,75.3674692688977,23.6544836748521,14.2443690792911,83.86660831287,92.4478440855288,21.25270922634,55.5939207788134,16.3291599653618,42.3162573653338,63.6928220827709,52.5661355206479,53.8756076850434,69.3309247471613,71.0343578248633,54.0789435067335,105.094787859346,105.047172261211,113.053673792282,45.7167968024131,124.642334864169,44.6608813035491,96.365046524576,119.456103964205,11.5539333471701,14.8083008307125,60.9341785611469,103.186707694755,63.1276539784552,93.2769841841778,67.0942713623666,13.7066505492837,48.2630558631724,43.5564970543465,49.2563018777119,122.024369332127,128.216437729527,76.1581043472214,131.324841480546,64.7255411586382,19.5603216608167,70.8485503068652,71.3271839236748,78.2018399575744,111.94808082506,114.110872044786,76.1897626610456,93.7891256914736,77.4290628735322,110.377740893977,53.50966000007,127.162296311575,62.0111085352797,38.6852857019627,73.7418332668472,22.6929866776538,134.947805691254,39.7662973930445,67.2712682195711,17.1386585815038,22.9415701380515,91.1521052383649,19.0301709345512,34.046739158513,12.6988567908582,78.9642645198685,52.3117618076789,31.1995154091845,72.3371040742883,88.635280877427,21.9116234865563,79.5144534148654,73.2875282197059,75.8551381793935,16.1143761465581,55.959451649658,96.6377886434649,19.3647068366796,53.8986784127392,115.021347582291,74.2920731798816,86.3261387794845,71.1114418514634,79.5133413821152
62.9741026595801,66.5060445458519,62.1216418446225,20.8935886816948,92.1130492174551,113.833987458473,46.3322257378424,12.5231329617136,63.1707890439411,49.2638385247961,15.6057274861888,55.5395166504394,109.662478547696,59.9059174018195,67.5202361216918,84.042620455015,39.5062818294167,90.0626171126716,58.0376639903653,14.6929888140151,59.4058161944977,60.7152316355665,81.5996310323731,61.3021420939014,56.5220183101723,86.0326382353983,50.6701571880901,90.9613639716466,86.5156731893778,59.6890661892596,54.029214978571,128.99065694577,98.045467669788,112.586369357506,35.2967545452533,22.0747172496657,16.0081657876903,67.806787674729,24.3538653153041,16.3561484449821,83.5238075729907,89.9990938833503,38.2734272161157,52.1503937488545,14.6929888140151,41.8712539420218,67.2719380874349,48.5327107548961,50.5385141913675,67.2173046275137,82.3135898099118,51.7961094468146,103.58329653167,105.4565069533,114.110542177095,42.2089250783967,123.874564456399,45.9813497973643,87.9759364403709,119.819594811782,13.2032753791501,15.323357786856,65.7563186853305,102.764936975096,71.1639106909449,91.7888389345834,67.4706483228334,14.9848431856256,52.7637529802291,36.2317481463789,54.1066240479498,122.499858643955,129.127972220196,76.0649817342618,132.552515632528,69.8103044509983,19.6516624176703,75.1201007657291,75.0505756293493,82.331388501673,108.389588985901,114.458097981518,68.5555982607708,88.8550111268474,77.5440848061944,111.162453990119,55.1530423872356,127.549236194362,71.2044802261898,38.3849703409075,71.3978028024501,24.6518295932401,135.358435961634,43.7514588509148,64.0970067800373,18.5312579379705,22.9415701380515,82.0187238953014,18.2173020429403,35.0533840133334,12.6988567908582,90.671003057166,52.605213715063,31.0678759735746,74.8531070287571,91.8874907575198,22.0747172496657,91.3027594508158,71.5734801181493,79.5472114790411,16.599282133887,53.6121844166643,87.1137840011235,18.6018517033015,47.3010681197809,110.49018549493,79.2002204299603,80.2162748492116,77.7428300967081,79.9618451342689
68.7229567827586,72.5773267437181,67.7926755199669,20.726869801577,102.53703549486,111.622638920161,43.154029881058,13.6663594869288,61.3072366064299,48.5705369456683,14.6841982515611,50.1738995937702,106.569644910769,58.6419396316067,65.3063167515132,81.1998559895014,39.5992685788856,87.4057497189112,53.4987678677823,13.0046073459222,54.8505440132544,58.2804506353885,81.5643966303759,61.0211729629505,55.9922490065993,83.4946561219,50.7894205809942,88.2073720819737,87.6670862154533,57.7929553975771,51.8625542817303,116.214587284657,105.761442567395,104.0916211854,34.7734692583711,20.1586161259981,15.6286838542842,69.427348438174,24.3525316893992,12.7392018505209,84.8900649405204,91.9413217607453,21.25270922634,51.6885951437188,13.0046073459222,41.5829221625212,61.2094871713225,52.9891091891163,50.0909889920067,56.9726500582122,86.0412344274863,51.3370447619985,103.159302029664,106.241110608643,115.376753121413,46.0846572331375,126.28143298617,45.9788318430914,97.1814409342556,115.766664470498,11.7067171678472,13.5130183630834,56.6872647629324,104.44593496053,67.7773254539022,90.8774400937445,70.1408259270798,13.5371724992861,47.666299670607,37.0282591911615,48.0631520817686,123.411266006552,130.271296622109,92.0653409386733,134.023365238434,58.7587522929154,19.3817014662115,77.8624016754623,72.8106503270094,79.1768941341286,107.524702097992,110.586521726868,60.6778272297946,84.1970289551899,77.0442979598047,112.146708168653,55.2828572393913,123.234848633698,55.4585481608993,38.8257322116194,70.8280891976005,23.3235051138309,130.779900097617,39.1678124650845,66.6807448725606,18.3126624409916,22.9415701380515,72.5938958215631,17.6199753719765,35.0514644781643,12.6988567908582,70.6203061081169,54.6870858627332,31.8534695256588,66.0097756564216,84.9674169590008,20.1586161259981,71.1123579041821,66.198764523129,60.2047083210752,16.6667009858045,55.1729116492337,81.9696535037066,14.0855325256616,44.7202222925502,83.6644182728869,77.4844611849116,80.4320982692477,70.2321731742495,77.6892743453869
63.8521220977926,70.4146771652759,68.258949298999,89.4747833912019,103.551676356466,101.923645399848,54.4819721760104,12.8595677175483,69.8950047302119,52.9670646780245,17.5553648392811,15.8912862925535,101.811657879782,67.7204638357982,18.6569677907174,87.4916175085728,10.9872368890512,79.8074830597644,65.480252388527,57.6433231413415,17.1556300455442,55.0320108548983,23.77574463239,61.2495797714055,51.7558746275326,86.6118515072231,44.1819093656092,89.5251297272289,89.5810470425371,72.3398127819435,53.4986951141856,113.269374398698,116.99272391972,110.889294720757,10.2827326605653,109.315777203196,79.8355338535123,20.2054545097362,11.2384586638826,65.7982451847796,98.5287494359993,84.2621720829614,59.3560131725183,47.0433782375443,72.9418614420771,12.7213375391022,19.1313621087158,40.5603847273213,46.2918014206381,15.5810697416529,86.0425915689457,15.7470847005218,93.7354139096757,123.477363359814,132.790577524555,35.0457947212573,133.561615418579,50.3725549608868,85.2097970712689,99.8996395971148,55.2244387364327,16.1127982803418,54.6386849665524,20.9986489117563,15.0006144973843,101.567614836615,56.1414979268551,15.8912862925535,15.8912862925535,7.62491270901319,13.1892094744507,105.820965911788,107.804040962231,85.9993599047705,113.802455731783,70.4085317994277,78.7564649324027,71.0540325339668,79.1407632847873,75.5031746012022,102.910644062399,108.41706089053,74.2282857851864,86.3926576458996,74.000236612286,125.791317654822,53.8269602721227,123.174018873835,82.9352580965592,10.1213122439975,20.718002017616,23.7451467605539,133.810350447357,45.812502599249,68.3060480234038,71.9677376861231,85.9591499162392,82.1387636088735,18.6569677907174,49.1189076382788,24.6993776082862,90.7063586644905,13.9613689377734,39.5602742413303,74.5664777086772,91.4739828575745,86.3883172871124,93.7591070844277,69.9997232220011,84.2829124455147,14.7104918221501,15.5476522867635,94.6428497446695,16.7186993473329,45.7987809440061,101.972034714013,94.8564924358258,84.4201429838738,81.0445710550538,77.4509265381254
66.3394307398759,73.1576249215691,70.9179223904633,88.4758758059789,102.363434010882,101.453937465157,53.1370141533597,13.3605019522528,65.5155662408499,53.8935582167103,16.5189502821696,14.880174292529,102.61875860555,67.7642203782888,18.5570513468089,87.8093637730004,10.3009688647675,74.8069545613384,62.6504678580157,59.2768885158673,18.1099192523811,52.6795244786047,23.2345145458489,60.4013225091172,52.0190177442897,81.1849790491733,41.4222863634299,87.0761242638044,83.9648344950843,70.9733933409543,51.2117543055452,117.255622770999,103.289760628948,105.300570680732,9.78732289031675,100.996496534135,73.0431185857407,22.2123043811176,11.251140441031,62.4498093563497,98.2092318260758,81.4832719122035,57.5978505138713,50.584170723813,75.0089750766096,12.7802172369709,19.5506306354586,46.20415539785,49.7760253175355,17.5364572315867,82.4860699581343,15.3165181802918,94.5241573143188,120.857965580919,129.826241827878,39.92223831771,128.216116419989,50.4293966983096,88.0112094749315,100.262448494739,44.8758916530998,14.2059994693882,51.3019566912425,20.9305526642112,16.3226710648968,103.797171610976,59.0281266948274,14.880174292529,14.880174292529,8.29588904980299,11.9004594564126,103.576123654651,107.790107544985,91.5969631047241,111.261999261272,67.2032587413621,79.5788884892031,70.4590337850437,76.7826542036364,73.2985000283233,101.761736861309,108.810802794945,76.3318556500216,83.3813249815585,74.6224722642067,125.775059424617,50.4649028183549,123.621354121327,78.7147292835076,12.2715132122681,20.4867036720746,22.926613963905,134.296314019722,46.3177967696065,65.4188024864594,67.3591618903002,89.9089795598076,84.466510047239,18.5570513468089,49.1743347265541,27.4429170732071,86.0903628979522,14.679220984909,41.2093891252648,65.7422332442399,84.7666206352456,79.8138897302969,88.9877586613589,69.9356826180965,61.116945251333,16.4171703053013,14.69699605789,89.0554280020916,16.6364602905747,47.8866153524528,101.470435649614,87.8355860612765,85.1828467322705,75.8879627842057,78.7102275226046
64.0570923271058,70.6407137017511,68.4780657830066,90.9619513395809,111.9765069171,108.136870211416,52.4069696606816,12.9008479202626,67.3410132725708,54.3496634620838,16.1475852791659,14.9190652777633,105.611684581969,68.7116395231936,18.0750551012123,89.7958565770291,10.6450216207251,76.8912856751697,66.5292748408624,49.6827160861389,17.8404797857606,53.7716701636744,23.3605175867276,62.6440454542131,53.6470303170739,83.4470197752021,42.8057923198597,91.9013309150753,81.7706024956248,63.8800318447743,52.2734703525905,118.307322641838,103.906221220369,104.535094061836,9.10063713024419,103.607327751052,81.0044168233743,18.554379430796,10.7625210492362,68.3568863869145,96.3587279572571,76.8074322675848,50.2407443002863,49.4064094527204,62.8685092276042,12.9921422750499,18.9845765980318,61.6999411246121,48.6170802560853,15.5790254014363,80.0498709067083,14.6486799490242,95.0581546922493,120.457534163655,128.074047796877,53.3112169794161,131.487427047639,48.239327054041,95.3097861624967,102.530664820323,41.3657765868392,14.3194166802886,51.092748368045,20.53616948901,15.0839208977277,100.594289623724,59.9645482372062,14.9190652777633,14.9190652777633,12.752435930027,13.0129903778529,103.232951123239,107.379016035909,91.0263137681418,109.76035669473,71.9980679553034,79.0939274028126,74.8142140513961,78.3029968751127,73.6318317194054,104.621130588279,111.272406745425,63.9772769377566,84.0855272919414,75.6447526554406,125.295376639614,52.1504325118941,126.418014065489,86.1602919539156,11.2790924114437,21.0623576828356,23.9127961410992,137.334471340818,57.386140268228,67.7792245049407,71.7633430708085,89.7936317224669,70.7953089734231,18.0750551012123,47.0387704562534,24.6993776082862,94.2335807951542,14.9120919826059,38.5059756162579,66.2671030887724,88.1089584466672,81.8771355061636,97.4050388837926,71.2723631485652,57.2292174974437,14.9509212136887,15.7873012636704,87.0533595460109,16.7054900682357,46.1488576849603,101.891467617335,90.4693819808346,85.3450449093867,76.0863043884154,77.3275017425635
65.924566052114,72.7001215200175,70.4744253420095,90.3371580192212,100.682580727852,101.916807195862,52.8075693349271,13.2769498263309,64.3571605489363,51.9357811393456,18.0763257009486,13.6974058525169,108.508713874173,68.0537007010291,18.5829929375618,88.1804902096911,11.6190949123286,73.4842642919754,68.2766576279305,65.4332963288871,17.6446294931821,58.207604696559,23.7496890834798,59.4248612651349,49.1659345917954,79.7495164984458,46.722738711356,88.62236327488,75.1750914344134,69.1583267132607,56.5858097607762,120.53011286211,96.9399291453778,102.127345559482,10.099365601619,106.363400477419,69.6564536233733,21.4096699548562,12.1331525439801,60.4999479481323,92.7750565263184,80.2544367517759,65.2791235147148,45.9107384404603,82.7992935594132,12.6787342559972,19.4053059839337,44.5783516777491,45.1772569612039,16.6809771512481,86.57607287349,15.7426749365399,93.8328758498863,119.940780742392,131.191800833327,38.5174788753438,126.629306256431,54.382714894403,82.3695058435583,100.686207916797,47.5911288574826,16.3126375771886,49.8275182415633,19.7724100926497,15.5263556460216,105.832019136036,60.4018046238791,13.6974058525169,13.6974058525169,9.75881138241271,12.272834271586,102.790089819043,109.953316191171,84.2934146773503,112.432292900804,72.6511354893268,77.2004866270314,73.1340374630459,68.1656670835538,74.4366055243332,103.902516018149,109.270691852098,84.2595665044856,81.6938239387839,77.3482605356443,128.299202893983,56.9224607205079,124.143840000766,76.2570306216527,11.3279626535442,20.9176859800251,23.4497051324708,134.863917636708,49.703787128723,69.6308533746612,70.7792884279742,82.8130020290316,93.2390737801371,18.5829929375618,53.0292646877089,44.5757858981603,83.4023758894366,15.0208296892965,40.0726451070934,75.4912899116464,80.1671596693233,84.0551604101921,86.209306681987,74.0995163952213,72.6164730352832,16.889126609973,15.9651437678658,97.4514054770646,18.8982484324191,45.3584853135481,115.265715660597,86.849115279012,85.3859982841221,69.8559173529205,78.8140080050215
65.9133995908699,72.687807398924,70.4624882146773,93.1954927002808,104.373503582278,101.540810135155,55.2023835457822,13.2747009446991,70.4942190426349,50.4165918394756,17.3118756317413,13.7066505492837,102.880665267286,68.3686466651529,19.0301709345512,92.4875272869589,10.3413915389288,80.4916776781416,62.7592799069691,61.7792513700904,16.0328391609601,48.5681644035162,23.1275130291559,63.9249284167907,54.6623802666089,87.3543804082355,41.5848341399223,86.3659004082646,93.1656212415554,73.592959040492,47.2149459799011,122.891229226807,105.363798743598,100.931309053767,9.6085959899785,104.901376410742,74.0184425510962,22.1962679361013,10.2459368670483,53.8917164033285,96.158330878466,85.6181289439519,17.9777072986235,52.8763770593124,78.175465047061,12.4624456100927,17.7701341493942,50.0355678475505,52.0316107893583,16.6539059843866,71.5252318069501,15.9266422426115,97.1176105671629,120.443176984787,129.623133571698,43.2327319214412,130.649026973722,45.9239147819991,93.0667663885508,105.604067067227,43.7128029906145,14.8083008307125,51.5443379471206,20.4934604530732,14.5940022922614,106.947917520008,56.7551722051564,13.7066505492837,13.7066505492837,10.6152752372774,11.3244440732057,103.220646920313,108.458529396188,76.7828900947574,111.087934062041,65.0074331985165,80.4044383215175,67.9746198960817,71.6378273731554,72.2659609799087,107.19006868746,114.607846591729,79.5541907785162,87.5547161309832,77.7662811661656,126.555008530992,50.662935289862,130.207450222553,67.9276992361266,10.4374862223517,21.5795370786782,22.6929866776538,141.451133156441,44.4119734495058,67.7361378449485,64.841884022135,21.820139611642,88.0322481023243,19.0301709345512,44.7809830237265,14.017407830234,74.2925794357824,14.1139785638676,38.774752013567,68.5295511422047,85.6015669239504,82.8997755043269,76.7929174255867,67.7246680834171,75.5204028767307,16.1143761465581,15.0981437775457,93.3301733807996,19.3647068366796,54.1940338265234,118.110776248369,85.2409867684223,91.9425981859915,69.903064731063,79.8596371039974
62.1816092485787,68.5724733494389,66.4731440957956,90.2330890773136,102.242810207007,104.729397804136,51.1430055906562,12.5231329617136,69.7299550321775,54.3790143678118,15.6057274861888,14.9848431856256,107.087344019642,68.685894696164,18.2173020429403,92.7689559337019,10.6589951401073,79.6190260873277,64.0638459875143,55.5890107785377,17.4954449977798,51.3591303248783,24.0316849093009,59.8993680743512,50.7256382704722,86.4073267347783,42.8619826771894,88.8798993799717,85.7543552459345,68.4372611688495,49.9281493061384,125.008896072504,102.375011649158,107.166388909912,9.52324333593126,105.682183923461,76.6387130543008,19.9695922088725,10.5488739436948,61.8813587699868,95.7652883120166,83.3502836238633,32.3755651328314,49.6011766219395,70.3423345661029,12.3313888648931,18.7686983432758,46.1963147518861,48.8087357761295,16.1461955955855,82.8824075038715,15.2543310062233,95.7208483763165,120.912504903892,130.834899516288,39.9154636859904,129.844256613606,47.2817268271784,84.964789825758,105.92540779886,49.9528738947573,15.323357786856,55.6233954819633,20.4096944161805,16.4518433728645,105.241665577973,57.0735501943885,14.9848431856256,14.9848431856256,8.83014027555152,12.4395745247418,103.622864236732,109.229598161648,76.6890035226388,112.126425970407,70.1143416019274,80.7799026097859,72.072897384479,75.3774351577439,76.0820578148984,103.782819703359,114.956584763444,71.5829128807766,82.9485851229524,77.881804041217,127.454731353477,52.2188894023972,130.603656149849,77.9982269518306,10.356459615297,20.8935886816948,24.6518295932401,141.881552285941,48.8626992264017,64.5399410715745,70.1106024303985,21.820139611642,79.2114744043046,18.2173020429403,46.1050025119,14.017407830234,85.3067237199639,14.1931533763232,38.6111505471969,70.9131211696298,88.7424636294788,83.5168195292125,88.1777458829127,66.1407241085442,79.1961837101976,16.599282133887,14.4648391771015,84.1321462215826,18.6018517033015,47.5602697729267,113.457908909438,90.8724801013439,85.4352207884325,76.4217676246481,80.3100941752786
67.8581172989905,74.832398136021,72.5414228385911,89.5130806675704,113.813132323314,102.694915784107,47.6348104654873,13.6663594869288,67.6729057276742,53.6137257167125,14.6841982515611,13.5371724992861,104.067137436138,67.2366648406089,17.6199753719765,89.6310208002742,10.6840834365702,77.2702469699084,59.0536660085484,49.2012392491282,16.1538842045415,49.2995444296739,24.0213081216113,59.6248283467413,50.250197250083,83.858291226556,42.9628678088794,86.1889269565186,86.8956361032971,66.2632511241288,47.9259481116456,112.627205783473,110.431712675743,99.0805833945661,9.38205831239878,96.508895356404,74.8219523217274,20.4468591419551,10.5482962837884,48.1971121017316,97.3317881461575,85.1490266717974,17.9777072986235,49.1619516702084,62.259248435219,12.2464730584534,17.0772900726007,50.4381792907689,48.3765279924568,13.685338270202,86.6358115400325,15.1191331172266,95.3290370051995,121.812102245631,132.286689846135,43.5806043118615,132.367115574896,47.2791376638194,93.8552181202395,102.342452107387,44.2908406902215,13.5130183630834,47.9518654593232,20.7435500697409,15.668924483954,104.196689596916,59.332258526265,13.5371724992861,13.5371724992861,9.02426020120461,11.0501287547585,104.393825464314,110.196738455437,92.8206264510105,113.370620459385,59.014657832646,79.6702041576243,74.7039584460309,73.1277545547707,73.1670040642453,102.954692197835,111.068147057991,63.3572710409947,78.6002312623541,77.3798405280723,128.583240552453,52.3417980782217,126.185952004514,60.749947364714,10.4753794027411,20.726869801577,23.3235051138309,137.082370240371,43.7435708454671,67.1415337607323,69.2835748193714,21.820139611642,70.1092293037725,17.6199753719765,46.1024777863626,14.017407830234,66.4422664254213,14.7548530371558,39.5874860692722,62.5352694806051,82.0592427436356,76.2675003223046,68.6783998876573,61.1739741231403,59.9390355961251,16.6667009858045,14.8859312975603,79.1640835417889,14.0855325256616,44.9652813579802,85.9116120119276,88.9038580822641,85.6650858822274,69.0387372239978,78.0276259084617
66.0198065320629,69.7616550934421,66.7495902540151,84.9686272405881,101.83921733898,99.0666074325964,15.5936267732635,12.8595677175483,20.005087436213,15.1600356021639,74.127592443509,15.8912862925535,103.517147224594,72.5186841150896,18.6569677907174,25.0415242827525,10.9872368890512,70.0538730910528,18.7415134949059,61.7431805933573,38.5468666829158,56.4560877143559,53.4215564335875,60.9817677342777,58.1062484251038,66.4762473299262,45.3252154842991,89.1336836559928,90.6353935985102,77.4653293101834,61.3605023994354,114.867765314768,114.687163977495,112.793273608615,10.2827326605653,105.500189812527,77.0489328331256,45.3994962112636,11.2384586638826,70.4781180850445,105.50983929952,93.0197907080277,60.8919833018221,47.8905134964166,70.3958790240682,28.5834854707367,19.1313621087158,41.2568100801805,46.9901528818507,52.8077652997838,78.3815869196967,35.3820158737483,107.510137917208,132.2261455646,142.199231953179,37.5041400950234,134.770112213761,35.9216825906601,86.4952598199235,87.6904822187842,59.1522540383331,55.3808558248751,56.0525836354058,20.9986489117563,15.0006144973843,108.764018429035,57.5942852557377,42.3167658296186,15.8912862925535,7.62491270901319,55.0533059246708,108.559321033823,110.593712604344,85.590824063382,116.747349825957,54.0398905298242,87.5970908263104,64.8377020253339,60.7420446791847,86.5986117305058,100.339546447436,83.2121612588029,72.7654788981207,69.784911881294,56.796592451336,134.704051223712,54.1587847769576,126.877686732037,17.3914388283205,10.1213122439975,20.718002017616,100.263969316045,135.021097855369,44.3987021994465,62.2242582732682,77.0864131818728,87.5070622780818,83.3778971882135,49.6814746494424,46.8705979436942,7.06936369174073,92.6061261901196,13.9613689377734,9.18536530542434,67.8447195917009,92.8539462124472,92.5326505263363,95.1735434948718,80.2864102676872,83.3986626435436,64.8327424366667,15.5476522867635,96.0706181698371,16.7186993473329,45.7706668696504,102.037846266412,95.9523155733362,78.5519066739517,80.6069420834616,59.4450627585417
68.5915555975736,72.4791648942002,69.3497674641014,84.0200269418256,100.670625243312,98.6100659559694,15.2086779068171,13.3605019522528,18.7516208939419,15.4252131255369,69.7513281735593,14.880174292529,104.33776802966,72.5655409542651,18.5570513468089,25.1324684328666,10.3009688647675,65.6644803250311,17.9315831261044,63.4929326276577,40.691052512013,54.0427254703877,52.2054702895464,60.1372194526268,58.4016788361185,62.3110192523438,42.4941810399941,86.6953863989682,84.9530796317002,76.0020945034923,58.7374881992492,118.910265283948,101.254243149147,107.108590688077,9.78732289031675,97.4712875612247,70.4936018610612,49.9086733291777,11.251140441031,66.8915261470142,105.167682803377,89.952071162086,59.0883242362939,51.4950669257094,72.390841566409,28.7157818572903,19.5506306354586,46.9974847866818,50.5269392795564,59.4350152480021,75.1417285810945,34.4145789326759,108.414789731048,129.421154734058,139.024863205209,42.7226499122914,129.376245887565,35.9622175774438,89.3389339283701,88.0089507069013,48.0676708355505,48.8270500737476,52.6295100230938,20.9305526642112,16.3226710648968,111.151546722234,60.5556120252268,39.6242846204291,14.880174292529,8.29588904980299,49.6739123271306,106.256388442319,110.579418628637,91.1618361173598,114.141153339482,51.5797823476299,88.5118336485609,64.2947581527299,58.9321510008761,84.0699530570488,99.2193432991819,83.5143656773272,74.8275939933467,67.3524646068087,57.2741701774181,134.68664104378,50.7760014073257,127.33847271527,16.5063982513696,12.2715132122681,20.4867036720746,96.8077115790438,135.511458540017,44.8884026986545,59.5940854380954,72.1500543438864,91.5280186154159,85.7407596747059,49.4154080339673,46.9234879792152,7.85460931969791,87.8934523187072,14.679220984909,9.5682676722569,59.8159322640048,86.0453976878985,85.4906195361542,90.330215195433,80.2129586887064,60.4757399919572,72.354492753249,14.69699605789,90.3989053861116,16.6364602905747,47.857219638486,101.535923475874,88.8503006583595,79.2615931486048,75.4781787520721,60.4116002733306
66.2317351953478,69.9855953787763,66.9638615792495,86.3808979861622,110.124724447092,105.105668348082,14.9997272963304,12.9008479202626,19.274093531589,15.5557578668819,68.1832380858587,14.9190652777633,107.380829751521,73.5800878991964,18.0750551012123,25.701034990511,10.6450216207251,67.4940765198982,19.0417607867192,53.2163786628555,40.0856508350494,55.1631328775552,52.4885856519959,62.370136155739,60.2294462861747,64.0471786365052,43.9134883198149,91.4994949720537,82.7330220694905,68.4061447341156,59.9552268733083,119.976806125959,101.858555234252,106.329970768692,9.10063713024419,99.9909896207103,78.1770167963384,41.6897070177199,10.7625210492362,73.2187415815362,103.186064575806,84.7902575703536,51.540836378488,50.2960970778382,60.6741298139802,29.1919547619236,18.9845765980318,62.7593345095115,49.3505105395218,52.8008365689495,72.9224422460238,32.9140178225279,109.027259760828,128.992351417992,137.148520394701,57.0508206800476,132.677156100375,34.4004348432954,96.7476158945833,89.9999587242391,44.3079002909519,49.2168732500607,52.4148879647403,20.53616948901,15.0839208977277,107.721729884969,61.5162655778208,39.7278470813114,14.9190652777633,12.752435930027,54.3177467652261,105.904335551036,110.157689203626,90.593897623127,112.600652399477,55.2598898347582,87.9724343704415,68.2689151471466,60.0990429873252,84.4522689245069,102.007298542226,85.4036936410271,62.7164853091974,67.9212941522326,58.0587898679754,134.172971136772,52.4719218056923,130.2192242531,18.0677251308744,11.2790924114437,21.0623576828356,100.971869440493,138.577105820517,55.6151706976708,61.7443417266976,76.8674810843125,91.4105936479093,71.8633168268946,48.131904491197,44.8856744546698,7.06936369174073,96.207222987986,14.9120919826059,8.94057129936614,60.2934879769562,89.4381575270408,87.7006128121397,98.8744772972141,81.7460687715232,56.6288001320402,65.8923736851852,15.7873012636704,88.3666340131246,16.7054900682357,46.1205287122313,101.957227172677,91.5145233250386,79.4125165612073,75.6754493402823,59.3503318747926
68.162606871624,72.0259043555173,68.9160771338638,85.787570696305,99.0175686359406,99.059960911397,15.1143854402297,13.2769498263309,18.4200663394671,14.8648654760236,76.3273515932761,13.6974058525169,110.326388384003,72.8755319214451,18.5829929375618,25.2386908566942,11.6190949123286,64.5034416264502,19.5418901675635,70.0872123931319,39.6455961650788,59.7138571777083,53.3630124006653,59.1650277575281,55.1985263509295,61.2092743768512,47.9317944949937,88.2348645241571,76.0598834899383,74.0584243635371,64.9012785861284,122.230963056917,95.0295469442328,103.88088101399,10.099365601619,102.650863640802,67.2251459665651,48.1052395793193,12.1331525439801,64.8029816548032,99.3484780952603,88.5955195018095,66.96836742492,46.7374776490561,79.9092446703644,28.4877604481205,19.4053059839337,45.3437658745268,45.858794564931,56.5355999928099,78.8675684606952,35.3721076055087,107.621922206589,128.438984296751,140.487176611638,41.2193512898649,127.775077893794,38.7814083357887,83.6121203670787,88.3809206981334,50.9760281600049,56.067717975959,51.1169171675649,19.7724100926497,15.5263556460216,113.330569967705,61.9648369553915,36.4747009942054,13.6974058525169,9.75881138241271,51.2282484424298,105.450014216115,112.798605156194,83.8929828470802,115.34173095492,55.7611316181793,85.8664497537792,66.7357327914046,52.3184490990569,85.3753068581027,101.306637685477,83.867339296706,82.5990745117076,65.989361366574,59.3662646442589,137.389628479896,57.2733679098992,127.87666900325,15.9910213547748,11.3279626535442,20.9176859800251,99.0164659575051,136.084197967542,48.1698994315371,63.431106462029,75.8134359631235,84.3042600241018,94.6456650429139,49.484487666725,50.601967021155,12.7583151023832,85.1491677087524,15.0208296892965,9.3043309512432,68.6861650577261,81.3765499150737,90.0335488341751,87.5098478889371,84.988681384873,71.8546210769423,74.4345198462978,15.9651437678658,98.9215433702465,18.8982484324191,45.3306415194016,115.340106798395,87.8524337398905,79.45062317364,69.4787054943986,60.4912537722122
68.1510613256536,72.0137044349455,68.9044039632917,88.5019530601263,102.64745380998,98.6945034842929,15.7998202272586,13.2747009446991,20.1765923207083,14.4300487835666,73.0994583713241,13.7066505492837,104.604061998608,73.2127928554663,19.0301709345512,26.4714349369662,10.3413915389288,70.654449392018,17.9627269047168,66.1732750020827,36.0240755976595,49.824974720983,51.9650493205767,63.6454184941685,61.36937826164,67.0461524181369,42.6609351052166,85.9882679769396,94.2621573408096,78.8072651524133,54.1533358880139,124.625398109646,103.287408472434,102.664308456876,9.6085959899785,101.239870456733,71.4348828555003,49.8726411516085,10.2459368670483,57.7247423820068,102.971468696934,94.5166762059978,18.4429208452914,53.8285502459868,75.4468075163297,28.0017829831965,17.7701341493942,50.8946829232088,52.8165521895388,56.4438496926243,65.1568144520106,35.7854624751537,111.389359376239,128.976976985211,138.807364053005,46.2653635783823,131.831169986118,32.7492677590093,94.4707582467895,92.6977474867431,46.8218579743136,50.8972035178779,52.8781634382534,20.4934604530732,14.5940022922614,114.525533466596,58.2238397340425,36.4993186155262,13.7066505492837,10.6152752372774,47.2695566172277,105.891712949229,111.265137396233,76.4181366518965,113.962583812344,49.8944443789872,89.4300536791953,62.0276991035041,54.9833983197933,82.8856790364858,104.512054839029,87.9637073148895,77.9864269950101,70.7235813376135,59.6871034479557,135.521852140506,50.9752546802019,134.122603374955,14.2443690792911,10.4374862223517,21.5795370786782,95.821219505683,142.731016156947,43.0413941915205,61.7050913888861,69.4537361313384,22.2130665295431,89.3602899414713,50.6752740029845,42.7312322636585,4.0120101623182,75.848574317347,14.1139785638676,9.00297757541214,62.3519887737297,86.8929398562808,88.7959876560529,77.9514043379372,77.6770283754377,74.7280844891608,71.0200046924511,15.0981437775457,94.7381389590553,19.3647068366796,54.1607662358752,118.187003554823,86.2257274347319,85.5514588911117,69.5255982835126,61.2937940411163
64.2925822599312,67.936535780453,65.0032732243584,85.688742905981,100.55199622434,101.79371134355,14.6379602167702,12.5231329617136,19.9578475275351,15.5641585735946,65.8952415669673,14.9848431856256,108.881208573005,73.5525189654766,18.2173020429403,26.5519843940681,10.6589951401073,69.8884482421032,18.3361149402189,59.5427561157339,39.3103945525374,52.6881631528877,53.9966268744097,59.6374597992817,56.9496035006243,66.3192706677081,43.9711327288202,88.4912745599893,86.7636625949579,73.2862689251423,57.2652532694453,126.77294822668,100.357521004996,109.006445179421,9.52324333593126,101.993424453297,73.9636947298778,44.8695388361756,10.5488739436948,66.2826447484497,102.550577756357,92.0131269641729,33.2133555824498,50.4943715235859,67.8870867357578,27.7073124874062,18.7686983432758,46.989509516141,49.5450573471886,54.723104487281,75.5027772806314,34.2748510006884,109.787338437598,129.479558349606,140.104987648293,42.715400062798,131.019117875193,33.7175508517089,86.2465564303297,92.9798158087816,53.5057513335693,52.6674916164126,57.0627757466456,20.4096944161805,16.4518433728645,112.698387894982,58.5504564686881,39.9030064908475,14.9848431856256,8.83014027555152,51.9242417985689,106.30433854192,112.056159297494,76.3246960834432,115.027949030852,53.81409394436,89.8476648478748,65.7674290686234,57.8536185919519,87.2625637156371,101.189931837924,88.2313705105474,70.1722380032608,67.0029127615104,59.7757694570589,136.48532331981,52.540800709136,134.530722651928,16.3561484449821,10.356459615297,20.8935886816948,104.092440903631,143.165329819596,47.3547679896818,58.7934755177634,75.0971899512944,22.2130665295431,80.4064473195385,48.5106926152211,43.9946476790989,4.0120101623182,87.0934004847147,14.1931533763232,8.96499150827961,64.5206930642775,90.0812196779661,89.4569186813019,89.5079826806605,75.8603186806813,78.3653010587719,73.1571042104398,14.4648391771015,85.4013516844445,18.6018517033015,47.5310743897044,113.531133310012,91.9222782089997,79.4964241096273,76.0091011235186,61.6395284315133
70.16179930321,74.1384063485365,70.9373686622249,85.0049957779207,111.930977136521,99.8162582136487,13.6338576990983,13.6663594869288,19.3690865516108,15.3451205116003,62.0040809927128,13.5371724992861,105.810409255284,72.0006063507021,17.6199753719765,25.6538563095835,10.6840834365702,67.8267233523784,16.9021199224454,52.7006569854953,36.2960508702186,50.5752808476873,53.973311341806,59.3641204887849,56.4158265286181,64.3628373165146,44.074628489838,85.8120683365537,87.9183760430424,70.958223032273,54.9688220960007,114.216534793034,108.25544970343,100.781805676257,9.38205831239878,93.140322826157,72.2103467042386,45.9419066124015,10.5482962837884,51.6251117111816,104.228069318049,93.9988187368893,18.4429208452914,50.0472372133621,60.0861348247255,27.516515748294,17.0772900726007,51.3042072401164,49.1063293390266,46.3827030751941,78.9219881544618,33.9710757974966,109.337949110882,130.442895157435,141.659642155486,46.6376380543724,133.564804255574,33.7157044672158,95.2711044479527,89.8347482828031,47.4410083655756,46.4452237720771,49.1927276576626,20.7435500697409,15.668924483954,111.579371887327,60.8676139507541,36.0480170139454,13.5371724992861,9.02426020120461,46.1245323323718,107.095250122518,113.048326518171,92.3796865095114,116.304339846166,45.2948750304313,88.6133997473875,68.1683055148379,56.1269458378876,83.9191333332761,100.382494093637,85.246920436609,62.1086977856097,63.4904673841001,59.3905028905357,137.693791151926,52.6644670742354,129.980184415446,12.7392018505209,10.4753794027411,20.726869801577,98.4835859157774,138.322723650235,42.3936188794917,61.1634292787618,74.2113403444261,22.2130665295431,71.1668870579801,46.9200767019703,43.9922385173062,4.0120101623182,67.8338431786134,14.7548530371558,9.19168352705115,56.8980586568513,83.2971766826347,81.6919946523124,69.7144723549929,70.1636886274379,59.3101883147681,73.4542356126112,14.8859312975603,80.358341525284,14.0855325256616,44.9376789363116,85.9670583563242,89.9309138187641,79.7103107574955,68.6659380200778,59.8876905203358
63.6198803576024,72.3460336221115,69.3876100168698,89.6656848516516,103.639621035342,103.40793795386,60.4356322284822,51.6511720700706,77.5329642406575,58.7551792501526,75.5133319341349,57.3515431156095,103.18806170825,69.1702974580751,67.3328686525059,97.0524929189584,39.6528624910063,88.5923301151078,72.6357782863762,66.1391392983289,73.4662298683182,53.5419904664673,101.815807161642,61.2661619023639,55.736789934421,98.2728144966573,42.98566113241,89.5493669127042,92.6395314559244,73.8885424695424,44.3118639610128,111.502589655833,114.819434074027,110.588387812873,37.1103115677326,105.980453812467,77.399679393291,86.5266132264071,11.2384586638826,75.4959823046811,100.638160470743,86.9180530536604,57.7489181667366,47.5594105442288,70.7163391720495,54.4770845138906,19.1313621087158,40.4503209021195,47.2707783022516,67.2754142771683,83.2425395903428,67.4343606905237,77.6391069096081,126.120901558596,135.633503179693,34.818784766685,134.75844915817,51.3909118815834,87.0118099301282,110.896140440117,63.3637453084553,43.2374867584347,53.1593140816346,67.6572157395383,15.0006144973843,103.742085219476,54.6214375974473,15.8912862925535,15.8912862925535,7.62491270901319,13.1892094744507,102.955808083051,104.885190342498,86.9791523066869,110.721194904499,79.887965262238,80.7489200862748,76.166157425782,89.7958583504148,62.5377197408679,105.228077188414,123.013762294174,72.8494002070471,89.0177417952902,83.9632382723218,128.484395513365,56.7009022567997,122.196772813039,50.3474368066844,36.5277463926991,58.3708280322459,102.138301628591,135.009413079387,43.891441467034,66.0831897687774,82.574771342326,86.9020604824815,83.8758303936963,18.6569677907174,45.0214094908394,27.3984667182086,88.4698333880757,50.3864846335848,37.9027115291668,67.6574089344462,93.4084704285583,99.120741821055,95.7419203571784,57.9793246564512,84.171937191045,14.7104918221501,56.111370348205,96.6443523664436,16.7186993473329,46.0173663321946,102.169693592735,93.8419825655033,84.2611272704383,80.4547138492168,87.878510894559
66.0981422073717,75.1642158333954,72.090549189105,88.6646460188341,102.450369535728,102.931389761569,58.9437003990494,53.6632024058339,72.6749511523044,59.7829177942932,71.0552578816146,53.7024468501118,104.006073724062,69.2149907883976,66.9722708924954,97.4049617377611,37.1761259034832,83.0413660388343,69.4967616476369,68.013469263549,77.5528201039562,51.2531988854343,99.4980762567483,60.4176749909406,56.0201732745138,92.1152965463285,40.3007563619246,87.0996984287421,86.8315696589847,72.4928692293991,42.4176381339517,115.426660207846,101.371020895244,105.014829219378,35.3223811085338,97.9150019329867,70.814506868532,95.1206254294392,11.251140441031,71.6540340681956,100.311802278999,84.0515640170978,56.0383586788054,51.139042998685,72.7203832970113,54.7292273618486,19.5506306354586,46.078776752714,50.8286864054393,75.7183200364573,79.801756536352,65.5905287318699,78.2924067774291,123.445424852374,132.605703748167,39.663641085745,129.365049619171,51.4489027601751,89.8724664741112,111.298885701523,51.4899677435912,38.1207350369048,49.9129294642,67.4378110278077,16.3226710648968,106.019374779338,57.4299093863942,14.880174292529,14.880174292529,8.29588904980299,11.9004594564126,100.771746100522,104.871634179789,92.6405291101921,108.24952261756,76.2511511407878,81.5921500880549,75.5283502984109,87.120265896702,60.711633337392,104.053297876321,123.46051553243,74.9138935646109,85.9149082805169,84.6692484514174,128.467789209219,53.1593370243569,122.640558962983,47.7852839589956,44.2878069232795,57.7191688645201,98.6174326897683,135.499731328039,44.3755470767163,63.2899027869046,77.286956207528,90.8952169401169,86.2528039063922,18.5570513468089,45.0722128526834,30.4418136361695,83.967653139652,52.9772077427151,39.4827290321527,59.6507880692303,86.5592612192737,91.5773359885911,90.8696676776979,57.926281147219,61.0364726103803,16.4171703053013,53.041357859055,90.9387680865277,16.6364602905747,48.1151654184174,101.667122246975,86.8961662415418,85.0223943725987,75.3356363161669,89.3073575233931
63.8241050730441,72.5782699615508,69.6103495887022,91.1560257893637,112.071606661391,109.711644648096,58.1338783843949,51.8169763101753,74.6998786843925,60.2888651336778,69.4578539542525,53.8428041487855,107.039461420268,70.1826933166827,65.2327497516642,99.6085337402751,38.4178099373675,85.3551309018039,73.7994354117818,57.005250580076,76.3989888696737,52.3157741566193,100.037664038761,62.6610051095995,57.7734079639649,94.6818865081464,41.6468031732028,91.9262114107485,84.5624219871675,65.2476453062714,43.2970356022728,116.461955580155,101.976029940803,104.251429782081,32.8441369154171,100.446174324345,78.5328986848611,79.4561494219734,10.7625210492362,78.4317312806293,98.4216808031058,79.2283453858331,48.8804499520613,49.948362526459,60.9503340590068,55.6367622947556,18.9845765980318,61.5325134342548,49.6452320272764,67.2665872943439,77.4448378023807,62.7306187849364,78.7347057739913,123.036420562167,130.815996834427,52.9658923251758,132.665674169984,49.214557565842,97.3253931248781,113.816777029309,47.46251102061,38.4250816233365,49.7093855654375,66.1671165330923,15.0839208977277,102.74792199782,58.3409768272486,14.9190652777633,14.9190652777633,12.752435930027,13.0129903778529,100.437865144333,104.47167318767,92.0633783544742,106.788537806487,81.6915081846414,81.0949199997884,80.1968727447067,88.8452994888182,60.9877250909871,106.977081966441,126.253536858957,62.7888169919969,86.6405081306135,85.8291632841227,127.97783685147,54.9348609239258,125.415030584162,52.3052553757618,40.7061670673556,59.3410145057953,102.859435221517,138.565113306285,54.9797604080949,65.5735104716627,82.3402518316973,90.7786038192697,72.2924849027393,18.0750551012123,43.1147973047797,27.3984667182086,91.9100856351843,53.8176375744432,36.892587675931,60.1270253114885,89.9722826365933,93.9446752109002,99.4649561540975,59.0334260168096,57.1538638250254,14.9509212136887,56.9762618603622,88.8943599790668,16.7054900682357,46.3691138962305,102.08897032773,89.5017931671999,85.1842870295163,75.5325343539176,87.7384688353319
65.6847864576664,74.6941638811129,71.6397189235093,90.5298994235043,100.768088732571,103.401000166551,58.5782546361455,53.3276106248659,71.3899576476329,57.6111995046043,77.7542133303317,49.4338436713416,109.97565599366,69.5106686219216,67.0658939154001,97.8166439868112,41.9332337584924,81.573080002352,75.7377680246406,75.0772451136025,75.5602914521993,56.6316034490617,101.704228458878,59.440949389092,52.9476390456861,90.4865708868524,45.4576961987934,88.6463560539187,77.7417263758195,70.6389436737766,46.8688572476679,118.650074541151,95.1391456727372,101.850214896508,36.4485411110471,103.118156775127,67.5311721221182,91.6834724304875,12.1331525439801,69.4167904766992,94.761286221771,82.7839968867004,63.5116572080176,46.4143464963995,80.2730121057194,54.2946427975891,19.4053059839337,44.4573847801265,46.1326635079885,72.024557171332,83.7586600116884,67.4154765846357,77.7198326212684,122.508603919506,134.000498131627,38.2679810055058,127.764020191073,55.4821432263982,84.1114523545191,111.769290645633,54.605392772928,43.7737405363876,48.4784122043406,63.7062994362496,15.5263556460216,108.097786541719,58.7663942692601,13.6974058525169,13.6974058525169,9.75881138241271,12.272834271586,100.006994540863,106.976272823949,85.253771211677,109.388129946592,82.4325012878718,79.1535771776736,78.3958124815862,77.3431330674685,61.6543026082,106.242284996281,123.982321627278,82.6943370256649,84.1761316738208,87.7620224828536,131.045972297661,59.9616784082383,123.15889950989,46.2932909163798,40.8825394355388,58.9334169450505,100.867477471255,136.072421190482,47.6195522985035,67.3648824734094,81.2111613568127,83.7214015968671,95.2108894125509,18.5829929375618,48.6055646449859,49.4469215272459,81.345943192367,54.2100712112645,38.3936142211577,68.4965312763693,81.8625310649566,96.4437103926429,88.0324571239996,61.3750986463079,72.5208589737854,16.889126609973,57.6180942368847,99.5123033059458,18.8982484324191,45.5749692879147,115.489142526369,85.9202459689968,85.2251632635377,69.3474932143932,89.4251104627363
65.6736606108655,74.6815120043378,71.6275844159531,93.3943325855481,104.46214622505,103.01952753994,61.2347684355213,53.3185778661699,78.1976592648142,55.9259968192871,74.4659779474954,49.4672077184965,104.271521132893,69.8323572930813,68.6797562360801,102.594343809337,37.3220110569774,89.3518377849445,69.6174644179281,70.8846452536045,68.658058265065,47.2531560281051,99.0398594497435,63.9422348462955,58.8668557562093,99.1153135736053,40.4589030726135,86.3892822939241,96.3464905195795,75.1685174512916,39.1071643658313,120.974362024331,103.406531092747,100.657423930839,34.6773569524042,101.70074038716,71.7600728161666,95.0519519296779,10.2459368670483,61.8345984232377,98.2169934048724,88.3167486660404,17.4909514996609,53.4563932028227,75.7902607899671,53.3684214151194,17.7701341493942,49.8997923604473,53.1319728947999,71.9076702055609,69.1976128546479,68.2032870212226,80.440510529941,123.021756009139,132.398247128699,42.9526908897687,131.81976126768,46.8523357540948,95.0349380721937,117.228485505697,50.1554561493203,39.7369656060306,50.1487481211939,66.0295088960224,14.5940022922614,109.237575296555,55.2184963246844,13.7066505492837,13.7066505492837,10.6152752372774,11.3244440732057,100.425894084116,105.521958160845,77.6576790745281,108.080170324359,73.7596912252694,82.4385854568085,72.8651902689359,81.2827667100333,59.8564025742841,109.603869691421,130.038042738656,78.0763696866687,90.2151100091515,88.2363232068783,129.264436317557,53.3679428931228,129.174401865606,41.2368107751296,37.6688161096367,60.7981139669731,97.6124991565114,142.718664161771,42.5496408730662,65.5318259647829,74.3986669399759,22.0594909804811,89.893950025426,19.0301709345512,41.0453544480365,15.5491967450784,72.4607648397101,50.9372517262965,37.1501024290116,62.1798428489086,87.411864913587,95.1180379805088,78.4169305018588,56.0949434843578,75.4209652127521,16.1143761465581,54.4890972248947,95.303915583367,19.3647068366796,54.4526875216066,118.339717875979,84.3293167265314,91.769413003772,69.3942974452975,90.6115175500781
61.9554434663734,70.4533012463527,67.5722765510235,90.4256084423556,102.329643288107,106.254549938726,56.7317913336676,50.2998630800912,77.3498783050455,60.3214234364209,67.1270856816033,54.0801961666103,108.535070472178,70.1563973162896,65.7461179876517,102.906526307764,38.4682402728715,88.3831286508528,71.0645903701032,63.7820501486869,74.9214328149521,49.9685550918939,102.911830284441,59.9155846617864,54.6273107143416,98.0407535872937,41.7014721473092,88.9039618818956,88.6821883932209,69.9024407709816,41.3544546302795,123.058997333539,100.473264550574,106.875584402613,34.369319810004,102.457724755339,74.300396492637,85.5165708107966,10.5488739436948,71.0018018500168,97.815536154064,85.9774225488015,31.4989798257437,50.1452661526114,68.1961262159513,52.8071919561564,18.7686983432758,46.0709573829656,49.84094066942,69.7154955150066,80.1851962171029,65.3242221483838,79.2836012622557,123.501131812716,133.635955881552,39.6569103368607,131.007779432046,48.2375980108881,86.7616212826882,117.585197972809,57.3152258549734,41.1190823515907,54.1173630463975,65.7596164446789,16.4518433728645,107.494794050178,55.5282540638509,14.9848431856256,14.9848431856256,8.83014027555152,12.4395745247418,100.817221156972,106.272149837434,77.5627228508434,109.09054452282,79.5541668477881,82.8235485939257,77.2583265516175,85.5258555680803,63.0171967479214,106.119893253748,130.433733178941,70.2531684960262,85.4690194046842,88.3673994726836,130.18342138848,55.0069728811605,129.567464348486,47.3503174960716,37.3763916411284,58.8655252991437,106.038342575073,143.152940238754,46.8137338354455,62.4396418313829,80.4439204357427,22.0594909804811,80.8866350120264,18.2173020429403,42.2589242609054,15.5491967450784,83.2033359679151,51.2229930808114,36.9933558112367,64.3425596222479,90.6191851577958,95.8260256274917,90.0425247863683,54.7829954118557,79.091906148053,16.599282133887,52.2035052703462,85.9113689699705,18.6018517033015,47.7872622783249,113.677831588436,89.9005800696632,85.2742930512124,75.865556027383,91.1226217862119
67.6113050282344,76.8849252672789,73.7408941931491,89.7040638382597,113.90979188235,104.190440186076,52.840229007592,54.8916962789928,75.0680395558683,59.4725058657234,63.1631838419932,48.855562599741,105.474033359138,68.6761407658187,63.5903701335629,99.4256851027503,38.5587837625425,85.7758065431996,65.5069098656406,56.4528108202466,69.1764142200817,47.9647335587018,102.86739335804,59.6409706078916,54.1153001170839,95.1485293791086,41.7996257614557,86.2122609300624,89.8624349674263,67.681887145791,39.6960727433273,110.870437637925,108.380302025921,98.8117203626954,33.8597840294929,93.564321532469,72.539066775803,87.5603897857513,10.5482962837884,55.3006894355711,99.4155733268495,87.8328606392925,17.4909514996609,49.7012232164266,60.3596623653216,52.443553655564,17.0772900726007,50.3013112855397,49.3995925754702,59.0900892504033,83.8164546250778,64.7452589063241,78.9590719977894,124.419988716464,135.118827723744,43.2983099286478,133.553245507781,48.2349565036996,95.8400639447433,113.607846711536,50.8186884865721,36.261172167291,46.6535436991738,66.8352925071592,15.668924483954,106.427446082487,57.7258066899167,13.5371724992861,13.5371724992861,9.02426020120461,11.0501287547585,101.567308207325,107.213104303486,93.8781336770937,110.301051797267,66.9600801835724,81.6857759461771,80.0786845786613,82.9732898311122,60.6027179468538,105.273117238818,126.021776724253,62.1803284996903,80.9885386353133,87.7978542389433,131.336090944416,55.1364439265104,125.184809672295,36.879419033016,37.8055723374763,58.3958120964513,100.32463578241,138.310753150331,41.9092664750943,64.9565718595961,79.4950005715085,22.0594909804811,71.5918960518748,17.6199753719765,42.2566101479144,15.5491967450784,64.8040151443574,53.2501632999623,37.9287831903077,56.7409703406541,83.7946278248676,87.5082585954264,70.1308075212529,50.6691390044828,59.8601139080279,16.6667009858045,53.7232238417402,80.8382419297358,14.0855325256616,45.1798886745517,86.0781399521325,87.9530128715873,85.5037251658558,68.5362606718571,88.5328540272269
65.2840256576537,71.0912848392272,69.4266471099422,98.0872343830063,103.023655519428,104.424938291366,61.6321644287032,12.8595677175483,79.0679972149433,59.9184410761691,17.5553648392811,15.8912862925535,103.053485511355,66.4415067710024,18.6569677907174,98.9739824212148,10.9872368890512,77.9167905772086,74.0738545404508,56.9434796800262,58.1739409409325,42.0225662997799,80.6224405865284,58.4798308759364,62.0918691666764,97.8313185985481,33.7374045891679,85.4767406590237,89.3353232493586,70.9736154852473,13.6854596921123,114.646268044084,116.772640546612,108.779176566573,10.2827326605653,106.712262977535,77.934134500018,68.5157533832101,11.2384586638826,64.9993933984993,96.6679523735011,83.020647635909,45.3243841190795,47.2783179414217,71.2046449233885,43.1374619716525,19.1313621087158,39.7885590576805,47.8596675607236,15.5810697416529,76.4204012346642,53.3976294037623,23.9783835109688,121.145391053861,130.282717453261,34.0125715415083,132.503481665119,53.6965902789658,88.0957844714489,97.5329505304411,54.5539627775825,16.1127982803418,41.722221773682,20.9986489117563,42.7763830174676,99.6494262833775,42.8697731038887,15.8912862925535,48.2513501510532,7.62491270901319,56.2391363743041,80.805125723278,82.3194062572828,84.3136790533223,86.8998091615432,79.529064286905,77.2300347754316,75.6182617740499,89.3924456331546,19.3144085182984,102.046899544525,122.461116359059,74.0886496525426,84.9774732322681,83.586028914077,123.415644404935,57.3612270938162,117.33342349477,51.3958343237248,10.1213122439975,20.718002017616,23.7451467605539,132.7502461058,44.8143299512665,60.667345108033,71.0939825328716,86.3884391803924,84.9207375718358,18.6569677907174,52.0678834945718,27.9409140535998,87.3068955675396,13.9613689377734,36.0247435202119,68.0777716918851,94.5721331999634,85.3394829088588,96.9346527493407,17.9065748906407,83.971276301232,14.7104918221501,15.5476522867635,97.8483270638068,65.9167193894995,46.5210652263108,102.600205549172,93.1530999869844,85.3272767705748,79.5577847972307,87.4837119637396
67.8271129642835,73.8605893094311,72.1311069410963,96.9921763261419,101.841472145943,103.943703324713,60.1106946527209,13.3605019522528,74.1138029686381,60.9665272565654,16.5189502821696,14.880174292529,103.87043068916,66.4844369349365,18.5570513468089,99.3334295783871,10.3009688647675,73.0347279328392,70.8726902191807,58.5572120542374,61.4098911107441,40.2262024529676,78.7871546188134,57.6699324011543,62.4075637249343,91.7014636283784,31.6301503062517,83.1384809378987,83.7345161598237,69.6330020074566,13.1004391380952,118.680972939447,103.095454879281,103.296800646853,9.78732289031675,98.5911180773748,71.3034904809049,75.320887650219,11.251140441031,61.6916106898491,96.3544691183559,80.2826919650688,43.9818471893715,50.8367935271909,73.2225272402536,43.3371202795864,19.5506306354586,45.3249341227097,51.461899323048,17.5364572315867,73.261607391499,51.9375984254476,24.1801513493922,118.575462772147,127.374365692117,38.7452474020979,127.200332056372,53.7571829466894,90.9920784635856,97.8871642433904,44.3310566638486,14.2059994693882,39.1742886163189,20.9305526642112,46.5464151126552,101.836876030905,45.0740092729941,14.880174292529,45.1812702181298,8.29588904980299,50.7438723740445,79.0909591660757,82.3087666687789,89.8015631514289,84.9599109313067,75.9085887482565,78.0365184075543,74.9850426653414,86.7288734222666,18.750432426228,100.90763529442,122.905862534393,76.1882623417868,82.0154687303769,84.2888673045178,123.399693224878,53.7784176590448,117.759547254618,48.780329113847,12.2715132122681,20.4867036720746,22.926613963905,133.232359661397,45.3086146636939,58.1029818273259,66.5413591259971,90.3579946991336,87.3273229128021,18.5570513468089,52.1266382860263,31.0445145413424,82.8638965731689,14.679220984909,37.5264757975639,60.0214048302191,87.6375980054246,78.8448750065459,92.0017025867522,17.8901927134394,60.8909652915069,16.4171703053013,14.69699605789,92.0716638337144,65.5924759352351,48.6418264932065,102.095516520901,86.2582720557268,86.0981761262633,74.4957760068199,88.9061394223394
65.4935924076678,71.3194933384428,69.6495119938496,99.717550608325,111.405526987161,110.790640920948,59.2848394126123,12.9008479202626,76.1788209391962,61.4824915720429,16.1475852791659,14.9190652777633,106.899862290319,67.413963284369,18.0750551012123,101.580628904043,10.6450216207251,75.0696798529284,75.260550280151,49.0795217854215,60.49623445245,41.0601673353498,79.2144250506773,59.8112378439064,64.3607013039725,94.2565230469218,32.6865985420522,87.7454883649032,81.54630301176,62.6736045198618,13.3720358963955,119.74545719156,103.710755802633,102.545890322334,9.10063713024419,101.139768551603,79.0751788219004,62.9170348356356,10.7625210492362,67.5269703208949,94.5389135482109,75.6757464527255,38.3639444663534,49.6531503893056,61.3712042428357,44.0557481945263,18.9845765980318,60.5258497372781,50.2637017230423,15.5790254014363,71.0978498197817,49.6729901469569,24.3167528043578,118.182593833949,125.655263297054,51.7394910259352,130.445725925062,51.4225927623717,98.5378520825312,100.101645011967,40.8635576534244,14.3194166802886,39.0145366738501,20.53616948901,43.0139430513926,98.6944831235158,45.7890628524991,14.9190652777633,45.2993564769582,12.752435930027,55.4877335078535,78.8289118552561,81.994856275045,89.2420991615822,83.8132533163877,81.3245046958474,77.5609566667015,79.6199824387706,88.4461572083055,18.8357017475203,103.743029699661,125.686336062577,63.856924710379,82.7081356144764,85.4435711575292,122.929069646678,55.574618875604,120.423596772523,53.3944210481805,11.2790924114437,21.0623576828356,23.9127961410992,136.246447366386,56.135798716488,60.1994365533662,70.892069457955,90.2420708022547,73.193089237097,18.0750551012123,49.8628601002401,27.9409140535998,90.7019256265064,14.9120919826059,35.0646683364493,60.500600985677,91.0931381144979,80.8830710630933,100.704069330932,18.2321279229229,57.017612414471,14.9509212136887,15.7873012636704,90.0017869267614,65.864639241068,46.8766629641645,102.519142140926,88.8447713910875,86.2621171983973,74.6904789765393,87.3442990509863
67.4029448077605,73.398689802908,71.6800230408383,99.0326174178515,100.169189709747,104.417932272042,59.7380136279917,13.2769498263309,72.8033685767164,58.7518122980637,18.0763257009486,13.6974058525169,109.832227526357,66.7684501819523,18.5829929375618,99.753262500295,11.6190949123286,71.7433730778153,77.2372588857893,64.6388753605505,59.8321152493968,44.4474568440164,80.53408743602,56.7376274185224,58.984700772637,90.0800551064188,35.6775875477662,84.6147979379329,74.9688836568795,67.8522144167789,14.4751720948293,121.995267475689,96.7575685174657,100.183958991406,10.099365601619,103.830201397492,67.9974838702655,72.5991917645806,12.1331525439801,59.7654224094572,91.0229227212566,79.0719625436146,49.84728439456,46.140021619052,80.8273079579575,42.9929962266659,19.4053059839337,43.7300679061215,46.7073743754688,16.6809771512481,76.8942230315332,53.3826760998753,24.0033151742817,117.675599729168,128.714134984406,37.3819032002583,125.62609329957,57.9713767191284,85.1592948607148,98.300884522213,47.0133283676348,16.3126375771886,38.0484041257456,19.7724100926497,44.2756085822651,103.833293774618,46.1229528051562,13.6974058525169,41.5899829493713,9.75881138241271,52.3316883878444,78.4907419750699,83.960597618484,82.6411722050559,85.8535497661134,82.0621688477571,75.7042138953707,77.8318779701922,76.9956648874729,19.0415703102039,103.03044656973,123.425324387331,84.1010598128589,80.3556103743629,87.3677468824813,125.876166153615,60.6599774466352,118.257258196607,47.2572679195927,11.3279626535442,20.9176859800251,23.4497051324708,133.795466473341,48.6208303374943,61.8439967482826,69.9199621521206,83.2265790913687,96.3970063346398,18.5829929375618,56.2130085606927,50.425894223113,80.2766490582793,15.0208296892965,36.4913234259463,68.9221075911558,82.8823569901241,83.034652722621,89.1291466700388,18.9553398016043,72.3479735611727,16.889126609973,15.9651437678658,100.752006323484,74.5100149834048,46.0738257731813,115.975778582012,85.2895158951859,86.3035106362336,68.5743902056252,89.0233633502772
67.391527935174,73.3862573566419,71.6678817064739,102.166082883539,103.84129216219,104.032707923873,62.4471222987055,13.2747009446991,79.745852174231,57.0332452016776,17.3118756317413,13.7066505492837,104.135531905784,67.0774481306162,19.0301709345512,104.625553402121,10.3413915389288,78.5847761689135,70.9957827179481,61.029193900116,54.366609444776,37.0867587246035,78.4243174687838,61.0341983818067,65.5788234336559,98.6700327031359,31.7542721511274,82.4603739025356,92.910064842059,72.2030950384927,12.0780187010928,124.385085386023,105.165591372627,99.0106819265383,9.6085959899785,102.402997560367,72.2555856874903,75.2665088134871,10.2459368670483,53.2374209309552,94.3423011342784,84.3566257383362,13.727817412785,53.1404473883117,76.3136026466374,42.2595715212114,17.7701341493942,49.0834384257164,53.7938796634828,16.6539059843866,63.5265257986751,54.0065006501865,24.8435806139644,118.168507802298,127.175093303626,41.9581407443715,129.613968024604,48.9543887136539,96.2188630300697,103.102236310558,43.1820889775841,14.8083008307125,39.3593714842122,20.4934604530732,41.6168705568982,104.928117493105,43.3383761522923,13.7066505492837,41.618052993075,10.6152752372774,48.2877276177861,78.8195163384427,82.8191750860266,75.2778620608871,84.8269943567255,73.4283218502438,78.8460677228164,72.3410398816739,80.9175995142706,18.4862994133116,106.290406314895,129.453839846316,79.4045357054075,86.1204962217363,87.839916785025,124.164912346204,53.9894529007274,124.033347607061,42.0954954027762,10.4374862223517,21.5795370786782,22.6929866776538,140.330495179812,43.4443158314967,60.1611682982565,64.0546433482934,21.9291117418541,91.0138296523934,19.0301709345512,47.4695207805214,15.8570468313109,71.5082665619364,14.1139785638676,35.3094239900193,62.5661728992125,88.500823254435,81.8932952622188,79.3938318712336,17.3245948006596,75.2411661194296,16.1143761465581,15.0981437775457,96.4911914056204,76.3491178407346,55.0487181220606,118.83836538754,83.7102654707593,92.9305642602437,68.6206726513854,90.2044404400481
63.5760510418298,69.2313794689849,67.6102923473335,98.9185312551362,101.721463415471,107.299546244498,57.8549932032257,12.5231329617136,78.8812864605069,61.5156944789075,15.6057274861888,14.9848431856256,108.393520793154,67.388704669727,18.2173020429403,104.943916631979,10.6589951401073,77.7327982760961,72.4715595294872,54.914108576613,59.3262375869737,39.2179465305535,81.4903221224378,57.1906766974891,60.8558877142575,97.6003002352855,32.7295056243051,84.8606880799783,85.5191281957014,67.1447667925645,12.7720811390359,126.528494424068,102.182426699165,105.127114123949,9.52324333593126,103.165209006545,74.8134506376749,67.7159553271661,10.5488739436948,61.130061621377,93.9566815023255,82.1221950020095,24.7220537856497,49.8488902467708,68.6670295607818,41.8151642138194,18.7686983432758,45.3172426768055,50.461848461644,16.1461955955855,73.6136222915306,51.7267246200588,24.4862759615519,118.628972074821,128.363974044426,38.7386725006622,128.815573408591,50.401801439144,87.8424790272825,103.415964266015,49.3463996274178,15.323357786856,42.4741489207573,20.4096944161805,46.9147682972424,103.254089532596,43.5814902953712,14.9848431856256,45.4990805777036,8.83014027555152,53.0426732163499,79.1266503788602,83.4079649160711,75.185815767545,85.6199890954816,79.1967654797629,79.2142548940511,76.7025744616032,85.1416260676942,19.4624921840882,102.911754884117,129.847752626043,71.4482531481381,81.589817514715,87.970404183665,125.047643157781,55.6475706310521,124.410766467658,48.3363052333333,10.356459615297,20.8935886816948,24.6518295932401,140.757504340006,47.7980682390695,57.3224039677974,69.2593946233905,21.9291117418541,81.8943034326298,18.2173020429403,48.8730310735931,15.8570468313109,82.1096263667291,14.1931533763232,35.1604437066785,64.7423268644385,91.7480996091232,82.5028477997538,91.1642553259702,16.9194073212936,78.9033557499713,16.599282133887,14.4648391771015,86.9816344528773,73.3414133107916,48.3103341766312,114.156835331715,89.2406308474107,86.3532620592966,75.0197880420096,90.7132485129458
69.3798565385585,75.5514552541865,73.782380420289,98.1292179875596,113.23278724818,105.215136306421,53.8863839520064,13.6663594869288,76.5542708274546,60.6499696511131,14.6841982515611,13.5371724992861,105.336475835082,65.9668447206565,17.6199753719765,101.394160145829,10.6840834365702,75.4396633019355,66.803845532581,48.6038905242345,54.7770675391627,37.6452421447457,81.455134919601,56.9285518486449,60.285497940209,94.7210694997191,32.8065417360017,82.2914033142269,86.657278481692,65.0118147286688,12.2598996048088,113.996293277459,110.223971689727,97.1951738221219,9.38205831239878,94.2103956485694,73.0399587042894,69.3343452262543,10.5482962837884,47.6119544126793,95.4935966892801,83.8944352502557,13.727817412785,49.4074717582665,60.7764538823451,41.5272186766598,17.0772900726007,49.4783885548507,50.0150021474171,13.685338270202,76.947281090143,51.2682748872915,24.3860469986793,119.511579775459,129.78834611111,42.2957571306054,131.318445173607,50.3990414194435,97.0340189887548,99.9178911836841,43.7531087628444,13.5130183630834,36.6161514754677,20.7435500697409,44.6821638749712,102.228848788687,45.306245018189,13.5371724992861,41.1034599901673,9.02426020120461,47.1180398792148,79.7153580927402,84.1464754027051,91.0012413672012,86.5700587838445,66.6592584264107,78.1260642277453,79.5026444506053,82.6005278694171,18.7167945456737,102.090577977334,125.455617122728,63.2380851510143,77.3126933485856,87.4034176624819,126.154839525584,55.7785494645238,120.202538498007,37.6473685811243,10.4753794027411,20.726869801577,23.3235051138309,135.996343521534,42.7904765269797,59.6330591157807,68.442407895407,21.9291117418541,72.4837725999828,17.6199753719765,48.8703547698751,15.8570468313109,63.9521650023617,14.7548530371558,36.0495234071343,57.0935080911799,84.8385233987505,75.3415420585772,71.0044821405528,15.6488668608026,59.7174109583045,16.6667009858045,14.8859312975603,81.8453074796574,55.5349477645713,45.6744206692205,86.4408470048222,87.3073605032223,86.5855971606702,67.772201484147,88.1351154247342
