"dataset","feature","mean_shap","sd_shap"
"vitro","ENSBTAG00000017745.ENSBTAG00000018474",0.0150872999348616,0.0224006831882588
"vitro","ENSBTAG00000013103.ENSBTAG00000010682",0.00986737766870738,0.0184811551917185
"vitro","ENSBTAG00000020645.ENSBTAG00000014600",0.00897147276254418,0.0122072320280131
"vitro","ENSBTAG00000007773.ENSBTAG00000010347",0.00722865558824808,0.0201160405546861
"vitro","ENSBTAG00000003300.ENSBTAG00000019929",0.0072099862916241,0.0206588924149781
"vitro","ENSBTAG00000014113.ENSBTAG00000019428",0.00709347359331368,0.0151131981380501
"vitro","ENSBTAG00000014113.ENSBTAG00000003220",0.00662564781887085,0.0105036788870652
"vitro","ENSBTAG00000025257.ENSBTAG00000019428",0.00660541669895704,0.00830753641227096
"vitro","ENSBTAG00000013155.ENSBTAG00000008165",0.00658797900292298,0.0104257168624962
"vitro","ENSBTAG00000015509.ENSBTAG00000012687",0.00535619033701385,0.0119586995899082
"vitro","ENSBTAG00000000575.ENSBTAG00000026676",0.00532392850065037,0.00683377899592986
"vitro","ENSBTAG00000013155.ENSBTAG00000008373",0.00482432575769064,0.0100640077469194
"vitro","ENSBTAG00000021217.ENSBTAG00000010682",0.00457275656265172,0.0123290748434852
"vitro","ENSBTAG00000012829.ENSBTAG00000017745",0.00452496810595792,0.00643624876338689
"vitro","ENSBTAG00000005250.ENSBTAG00000006240",0.0044180479202001,0.00817167323611866
"vitro","ENSBTAG00000007773.ENSBTAG00000015910",0.00414576995299801,0.0117280405022348
"vitro","ENSBTAG00000014113.ENSBTAG00000001338",0.00387175751331735,0.00792646355131906
"vitro","ENSBTAG00000016800.ENSBTAG00000007338",0.00357771285730037,0.00418117059979465
"vitro","ENSBTAG00000013103.ENSBTAG00000019929",0.00342286850257911,0.010475201901173
"vitro","ENSBTAG00000020638.ENSBTAG00000000782",0.00340474684393539,0.00549087908571122
"vitro","ENSBTAG00000004086.ENSBTAG00000019712",0.00336861310690963,0.00990668160158778
"vitro","ENSBTAG00000025257.ENSBTAG00000001338",0.00336251779444581,0.0064870749442677
"vitro","ENSBTAG00000020457.ENSBTAG00000012599",0.00335748385043142,0.00735391690817675
"vitro","ENSBTAG00000004261.ENSBTAG00000017060",0.00325580908438583,0.00516201595831747
"vitro","ENSBTAG00000000575.ENSBTAG00000015296",0.00320652064450942,0.0070603281516924
"vitro","ENSBTAG00000010303.ENSBTAG00000017060",0.0031314242919999,0.00338533992909637
"vitro","ENSBTAG00000021466.ENSBTAG00000010682",0.00310579493533203,0.00880685630559097
"vitro","ENSBTAG00000021697.ENSBTAG00000007173",0.00307983976921939,0.00523497006748419
"vitro","ENSBTAG00000017280.ENSBTAG00000005397",0.00304327683684731,0.00622817799021868
"vitro","ENSBTAG00000005250.ENSBTAG00000008008",0.00296397112124828,0.00539856876915256
"vitro","ENSBTAG00000008096.ENSBTAG00000019733",0.00290211144788942,0.00383324767475204
"vitro","ENSBTAG00000014737.ENSBTAG00000000782",0.00275380053807815,0.00209578637774059
"vitro","ENSBTAG00000020645.ENSBTAG00000012848",0.00274760727744541,0.00395679798387828
"vitro","ENSBTAG00000007244.ENSBTAG00000019929",0.0026608275022565,0.00346151196100384
"vitro","ENSBTAG00000012817.ENSBTAG00000022799",0.00265994335222703,0.00468639338386973
"vitro","ENSBTAG00000014465.ENSBTAG00000013125",0.00264382147553269,0.00358832456793008
"vitro","ENSBTAG00000015991.ENSBTAG00000024015",0.00263681418014428,0.00683933601438065
"vitro","ENSBTAG00000000575.ENSBTAG00000015127",0.00258116970111692,0.00465089041963439
"vitro","ENSBTAG00000020645.ENSBTAG00000011628",0.0025154611875857,0.00668358514579861
"vitro","ENSBTAG00000017060.ENSBTAG00000010303",0.00248323300795813,0.00193872726444678
"vitro","ENSBTAG00000012004.ENSBTAG00000019832",0.00245052501749287,0.00460933405940227
"vitro","ENSBTAG00000000073.ENSBTAG00000014611",0.00244601877348496,0.00543879556399161
"vitro","ENSBTAG00000000277.ENSBTAG00000011238",0.0024355863316671,0.00619114127356307
"vitro","ENSBTAG00000004148.ENSBTAG00000003255",0.00239077653282602,0.00564459066315355
"vitro","ENSBTAG00000007338.ENSBTAG00000017593",0.00232268469886133,0.00541370549642876
"vitro","ENSBTAG00000031998.ENSBTAG00000015708",0.00231354050981818,0.00178558277345692
"vitro","ENSBTAG00000017549.ENSBTAG00000008197",0.00214137122986215,0.00396129750798566
"vitro","ENSBTAG00000005710.ENSBTAG00000014064",0.00206902473226643,0.00365036952955827
"vitro","ENSBTAG00000000575.ENSBTAG00000015910",0.00203562515429974,0.00403968247871098
"vitro","ENSBTAG00000014113.ENSBTAG00000014162",0.00202775729600828,0.00522891138518089
"vitro","ENSBTAG00000008300.ENSBTAG00000001462",0.00200748987048231,0.00241492220785691
"vitro","ENSBTAG00000010303.ENSBTAG00000007103",0.00196690217093185,0.00226999325432284
"vitro","ENSBTAG00000008026.ENSBTAG00000007175",0.00196557081251972,0.00530924612163015
"vitro","ENSBTAG00000017060.ENSBTAG00000007103",0.00191556566815499,0.00288932304640473
"vitro","ENSBTAG00000012164.ENSBTAG00000010498",0.00186915875259724,0.00281446445065032
"vitro","ENSBTAG00000017246.ENSBTAG00000010444",0.00186453682296194,0.0025198559359376
"vitro","ENSBTAG00000007773.ENSBTAG00000017060",0.00185099588863725,0.002707974657819
"vitro","ENSBTAG00000001725.ENSBTAG00000001338",0.00182177069142551,0.0037847795327041
"vitro","ENSBTAG00000003806.ENSBTAG00000016455",0.00178653152548841,0.00522367125437241
"vitro","ENSBTAG00000000575.ENSBTAG00000012897",0.00175308417910613,0.00101086562755977
"vitro","ENSBTAG00000021945.ENSBTAG00000011741",0.00174636014829033,0.00254855930720973
"vitro","ENSBTAG00000032436.ENSBTAG00000010444",0.00172515999880991,0.00269209398785876
"vitro","ENSBTAG00000020645.ENSBTAG00000014944",0.00171172772738699,0.00260342291753518
"vitro","ENSBTAG00000025644.ENSBTAG00000004588",0.00170301566924617,0.00369061771309761
"vitro","ENSBTAG00000010738.ENSBTAG00000019428",0.00169648782161158,0.00219879638263895
"vitro","ENSBTAG00000000575.ENSBTAG00000012119",0.00169191274264969,0.00410598870706487
"vitro","ENSBTAG00000020645.ENSBTAG00000006208",0.00167984687276273,0.00254982228009523
"vitro","ENSBTAG00000010726.ENSBTAG00000025101",0.00167938955698875,0.00419019733613195
"vitro","ENSBTAG00000025257.ENSBTAG00000014162",0.00167322345101999,0.00455890948174802
"vitro","ENSBTAG00000021326.ENSBTAG00000014798",0.00164628823870399,0.00276511926263961
"vitro","ENSBTAG00000008817.ENSBTAG00000017266",0.00164074777044542,0.00246369856385374
"vitro","ENSBTAG00000017473.ENSBTAG00000018169",0.00163475993987263,0.00308111000009215
"vitro","ENSBTAG00000017745.ENSBTAG00000015361",0.00162133310708581,0.00287189911216919
"vitro","ENSBTAG00000002006.ENSBTAG00000015127",0.00161940745791624,0.00268443549650863
"vitro","ENSBTAG00000005710.ENSBTAG00000015457",0.00158293249026897,0.00431570357703048
"vitro","ENSBTAG00000025644.ENSBTAG00000010986",0.00156474495078319,0.00230413871679179
"vitro","ENSBTAG00000005947.ENSBTAG00000013125",0.0015578556008058,0.00174689469060733
"vitro","ENSBTAG00000011851.ENSBTAG00000012771",0.00154341674440587,0.00279414500270778
"vitro","ENSBTAG00000017745.ENSBTAG00000010423",0.00153965047257844,0.00244539199148271
"vitro","ENSBTAG00000031444.ENSBTAG00000006360",0.00153693444272468,0.00412313344654388
"vitro","ENSBTAG00000009565.ENSBTAG00000002804",0.00153068106741537,0.00403362266882504
"vitro","ENSBTAG00000011585.ENSBTAG00000015046",0.00152837668264262,0.00411772437381217
"vitro","ENSBTAG00000000575.ENSBTAG00000020679",0.00151927472500227,0.00122621900367759
"vitro","ENSBTAG00000015978.ENSBTAG00000011628",0.00150506511305627,0.00279985998354203
"vitro","ENSBTAG00000007773.ENSBTAG00000003418",0.00149940781221637,0.0033723322518601
"vitro","ENSBTAG00000025644.ENSBTAG00000020667",0.00145383221626698,0.00173318190120196
"vitro","ENSBTAG00000019267.ENSBTAG00000011578",0.00145269323701999,0.00151394525086898
"vitro","ENSBTAG00000003253.ENSBTAG00000007665",0.00143904254721335,0.00270134429838777
"vitro","ENSBTAG00000005691.ENSBTAG00000015127",0.00141994437295585,0.00158743426505637
"vitro","ENSBTAG00000020645.ENSBTAG00000017489",0.00140252131314045,0.00380200787225514
"vitro","ENSBTAG00000017745.ENSBTAG00000016933",0.00139643717729176,0.00220348102378829
"vitro","ENSBTAG00000008452.ENSBTAG00000013909",0.00139071092702699,0.00288614205844853
"vitro","ENSBTAG00000012004.ENSBTAG00000008997",0.00138885078704128,0.00230203121086204
"vitro","ENSBTAG00000005077.ENSBTAG00000015910",0.00132593849698077,0.00266447888135751
"vitro","ENSBTAG00000018103.ENSBTAG00000011154",0.00131693155943258,0.00399786376848738
"vitro","ENSBTAG00000013201.ENSBTAG00000020319",0.00129152207773396,0.00280762674883705
"vitro","ENSBTAG00000023652.ENSBTAG00000005828",0.00127169836103288,0.00211050427752442
"vitro","ENSBTAG00000014737.ENSBTAG00000015910",0.00126930077140846,0.00134590623215552
"vitro","ENSBTAG00000005260.ENSBTAG00000015910",0.00126007842659433,0.00280791619519397
"vitro","ENSBTAG00000019269.ENSBTAG00000015910",0.00125935930215999,0.00185114153466801
"vitro","ENSBTAG00000008300.ENSBTAG00000013125",0.00122915899175451,0.00193774939914092
"vitro","ENSBTAG00000000442.ENSBTAG00000007348",0.00116778076661007,0.00187476960861698
"vitro","ENSBTAG00000000476.ENSBTAG00000003781",0.00115092013737744,0.00253569491653071
"vitro","ENSBTAG00000012817.ENSBTAG00000007909",0.00114592669342363,0.00217711573322251
"vitro","ENSBTAG00000016800.ENSBTAG00000000782",0.0011441201894069,0.00195346930951221
"vitro","ENSBTAG00000008300.ENSBTAG00000033669",0.00114099987599877,0.00215154614998696
"vitro","ENSBTAG00000007273.ENSBTAG00000032719",0.00113401799380571,0.00328803749658157
"vitro","ENSBTAG00000010161.ENSBTAG00000014162",0.00112842434113856,0.00175322966208921
"vitro","ENSBTAG00000014075.ENSBTAG00000012887",0.00111029572753865,0.00153624665090349
"vitro","ENSBTAG00000009761.ENSBTAG00000012314",0.00110281676049393,0.00156503976127949
"vitro","ENSBTAG00000005077.ENSBTAG00000015127",0.00108293680721735,0.000964154343807254
"vitro","ENSBTAG00000007737.ENSBTAG00000006378",0.00105891676582006,0.00231938489859332
"vitro","ENSBTAG00000017312.ENSBTAG00000017136",0.00105781513503162,0.00147977414891687
"vitro","ENSBTAG00000020645.ENSBTAG00000020199",0.00105691035042758,0.0013047034379964
"vitro","ENSBTAG00000020645.ENSBTAG00000005990",0.0010538855478677,0.00186152428682992
"vitro","ENSBTAG00000012228.ENSBTAG00000014966",0.0010461166813141,0.00280129657187519
"vitro","ENSBTAG00000008300.ENSBTAG00000011741",0.00103879649777025,0.00208534138412807
"vitro","ENSBTAG00000025644.ENSBTAG00000014600",0.00103480827939386,0.00115238495745575
"vitro","ENSBTAG00000011034.ENSBTAG00000003777",0.00102746090910354,0.00193520814166284
"vitro","ENSBTAG00000008121.ENSBTAG00000015127",0.00102315928616973,0.00285743156854036
"vitro","ENSBTAG00000013155.ENSBTAG00000015910",0.00100957830905167,0.00108006688824221
"vitro","ENSBTAG00000000575.ENSBTAG00000019289",0.0010058375499598,0.00165237683542873
"vitro","ENSBTAG00000002411.ENSBTAG00000007421",0.00100164189017324,0.0019565859587268
"vitro","ENSBTAG00000012066.ENSBTAG00000013569",0.000996890142417823,0.00180739360394831
"vitro","ENSBTAG00000012057.ENSBTAG00000005072",0.000996686508694604,0.00184091072095218
"vitro","ENSBTAG00000019866.ENSBTAG00000000782",0.000986075542071154,0.00149036643390793
"vitro","ENSBTAG00000020342.ENSBTAG00000002107",0.000984934997855689,0.00161430021216787
"vitro","ENSBTAG00000005339.ENSBTAG00000011971",0.000983439211940671,0.00253708808696804
"vitro","ENSBTAG00000020645.ENSBTAG00000013674",0.000968957569480214,0.00218724621675348
"vitro","ENSBTAG00000006354.ENSBTAG00000012071",0.000963779375964612,0.00131756611339486
"vitro","ENSBTAG00000010820.ENSBTAG00000002107",0.000957292846004082,0.00230676062826848
"vitro","ENSBTAG00000015991.ENSBTAG00000010444",0.000951336776233718,0.00175154953406382
"vitro","ENSBTAG00000010738.ENSBTAG00000001338",0.000950208065773493,0.00183018377101906
"vitro","ENSBTAG00000017549.ENSBTAG00000002699",0.000941487746639322,0.00240464117993788
"vitro","ENSBTAG00000007737.ENSBTAG00000019832",0.000933891509600078,0.00202688974818095
"vitro","ENSBTAG00000025775.ENSBTAG00000017981",0.000930781212077097,0.00179191783126985
"vitro","ENSBTAG00000005947.ENSBTAG00000015910",0.00092706991436957,0.00160232710745149
"vitro","ENSBTAG00000005710.ENSBTAG00000011425",0.000920795491567629,0.000895354545532994
"vitro","ENSBTAG00000005481.ENSBTAG00000022799",0.000917124456598528,0.00201124255560884
"vitro","ENSBTAG00000009876.ENSBTAG00000006420",0.000916597311592423,0.00230589646608232
"vitro","ENSBTAG00000013155.ENSBTAG00000019289",0.000915051401759721,0.00197608080342389
"vitro","ENSBTAG00000017582.ENSBTAG00000002699",0.000911203580141771,0.00215212238602929
"vitro","ENSBTAG00000005339.ENSBTAG00000000782",0.000908302793606565,0.000929374341236968
"vitro","ENSBTAG00000020457.ENSBTAG00000008997",0.000907952125255213,0.00168418099031894
"vitro","ENSBTAG00000013155.ENSBTAG00000010682",0.000905161456349312,0.000956750509407619
"vitro","ENSBTAG00000026779.ENSBTAG00000007103",0.000900384706741315,0.000857609210333844
"vitro","ENSBTAG00000007708.ENSBTAG00000046199",0.000895427312214275,0.00221700139886066
"vitro","ENSBTAG00000017122.ENSBTAG00000011741",0.000891482193880728,0.00183838043767162
"vitro","ENSBTAG00000012066.ENSBTAG00000019929",0.000886284114087541,0.00137765055680359
"vitro","ENSBTAG00000011238.ENSBTAG00000002951",0.00086991006464101,0.000655467102558716
"vitro","ENSBTAG00000012228.ENSBTAG00000010146",0.000867609922114614,0.00144080136192051
"vitro","ENSBTAG00000014583.ENSBTAG00000004337",0.000865838686320409,0.00106474337582719
"vitro","ENSBTAG00000011966.ENSBTAG00000012897",0.000861693425065328,0.00218160181552558
"vitro","ENSBTAG00000021807.ENSBTAG00000016247",0.000860001957901448,0.00230554737723144
"vitro","ENSBTAG00000010562.ENSBTAG00000020755",0.000859761267742551,0.00162888724365495
"vitro","ENSBTAG00000022120.ENSBTAG00000013745",0.000855214049679147,0.00250095672924702
"vitro","ENSBTAG00000017746.ENSBTAG00000010462",0.000850625948171733,0.00219912639237527
"vitro","ENSBTAG00000015991.ENSBTAG00000021190",0.000848595580859876,0.00140443928355986
"vitro","ENSBTAG00000014583.ENSBTAG00000014600",0.00084689367711169,0.00089536377415616
"vitro","ENSBTAG00000007740.ENSBTAG00000007909",0.000846282329976634,0.00115768025156423
"vitro","ENSBTAG00000021048.ENSBTAG00000020704",0.000836929706058601,0.00171770981768253
"vitro","ENSBTAG00000014556.ENSBTAG00000026676",0.000833614684615702,0.00164277833889541
"vitro","ENSBTAG00000014583.ENSBTAG00000011050",0.000827770511194606,0.00149827494473864
"vitro","ENSBTAG00000007737.ENSBTAG00000045633",0.000827642261967859,0.00169242177745954
"vitro","ENSBTAG00000014583.ENSBTAG00000010986",0.000824936538260987,0.000906222000228731
"vitro","ENSBTAG00000016177.ENSBTAG00000011628",0.00082435984567717,0.00190099679153462
"vitro","ENSBTAG00000023652.ENSBTAG00000001694",0.000824205178359779,0.000832669458552744
"vitro","ENSBTAG00000014575.ENSBTAG00000019929",0.000823602288849535,0.00178536855034668
"vitro","ENSBTAG00000005339.ENSBTAG00000000570",0.00081796191645671,0.00171771960107709
"vitro","ENSBTAG00000020645.ENSBTAG00000011461",0.000814231601985027,0.0014760277242031
"vitro","ENSBTAG00000019665.ENSBTAG00000005273",0.000814044814237907,0.00112945322606694
"vitro","ENSBTAG00000008300.ENSBTAG00000008165",0.000811516615185648,0.00102279408629245
"vitro","ENSBTAG00000022120.ENSBTAG00000019929",0.000808374375057592,0.00130756030671385
"vitro","ENSBTAG00000013898.ENSBTAG00000016159",0.000808276430190914,0.000971030618547961
"vitro","ENSBTAG00000005260.ENSBTAG00000011578",0.000805217203914262,0.00109514203652088
"vitro","ENSBTAG00000017280.ENSBTAG00000039292",0.000799485520514148,0.00226810529661398
"vitro","ENSBTAG00000007737.ENSBTAG00000011628",0.000797400033053749,0.00228601787201234
"vitro","ENSBTAG00000020645.ENSBTAG00000021527",0.000794601984802084,0.00109146048221021
"vitro","ENSBTAG00000007897.ENSBTAG00000016948",0.000774205662833296,0.001221664980757
"vitro","ENSBTAG00000000793.ENSBTAG00000019289",0.000771477219077506,0.00141292530816915
"vitro","ENSBTAG00000022120.ENSBTAG00000008165",0.000753292722439301,0.000789221251117772
"vitro","ENSBTAG00000020457.ENSBTAG00000013843",0.000751997053462471,0.000931003763344605
"vitro","ENSBTAG00000014583.ENSBTAG00000026813",0.00075077645784483,0.00069288652293775
"vitro","ENSBTAG00000019336.ENSBTAG00000002107",0.000742335052390916,0.0013815577745966
"vitro","ENSBTAG00000014737.ENSBTAG00000001462",0.000736849130475952,0.00111377518459509
"vitro","ENSBTAG00000001321.ENSBTAG00000013205",0.000731665741991228,0.000962184478183096
"vitro","ENSBTAG00000017280.ENSBTAG00000037735",0.000728022960569098,0.00118811847176107
"vitro","ENSBTAG00000000073.ENSBTAG00000000736",0.00072547766971097,0.00132301202409505
"vitro","ENSBTAG00000020645.ENSBTAG00000039292",0.000723819770677827,0.00075972239792572
"vitro","ENSBTAG00000017455.ENSBTAG00000017266",0.000721922735510281,0.00155677415766531
"vitro","ENSBTAG00000002278.ENSBTAG00000019929",0.000721600804929823,0.00128044387517026
"vitro","ENSBTAG00000003658.ENSBTAG00000018517",0.000713999452060209,0.00182200259432559
"vitro","ENSBTAG00000025775.ENSBTAG00000017489",0.000713453054657083,0.00133585574875612
"vitro","ENSBTAG00000014583.ENSBTAG00000012100",0.000711937141173392,0.00169482264594058
"vitro","ENSBTAG00000004237.ENSBTAG00000010444",0.000711190159740125,0.00117497692942793
"vitro","ENSBTAG00000014218.ENSBTAG00000005903",0.000705231305853025,0.00200610946552309
"vitro","ENSBTAG00000000283.ENSBTAG00000012771",0.000704785515512293,0.00127414870834881
"vitro","ENSBTAG00000021457.ENSBTAG00000023147",0.000704558690162194,0.00109344265264297
"vitro","ENSBTAG00000015043.ENSBTAG00000007909",0.000702254402569468,0.00185811578960453
"vitro","ENSBTAG00000016542.ENSBTAG00000019289",0.000697039324864261,0.000911780037151319
"vitro","ENSBTAG00000021466.ENSBTAG00000004885",0.000696933437246539,0.00107293258800626
"vitro","ENSBTAG00000010562.ENSBTAG00000011515",0.000695373071825595,0.00141483993856778
"vitro","ENSBTAG00000000575.ENSBTAG00000019929",0.000694115066682077,0.00138150329145152
"vitro","ENSBTAG00000032436.ENSBTAG00000019832",0.000691016990228489,0.00143541308547805
"vitro","ENSBTAG00000011238.ENSBTAG00000017256",0.000687031987089303,0.000854848747215434
"vitro","ENSBTAG00000010726.ENSBTAG00000012314",0.00068604337322069,0.0010695281855741
"vitro","ENSBTAG00000021302.ENSBTAG00000015910",0.000685659970300705,0.00150853514801486
"vitro","ENSBTAG00000007244.ENSBTAG00000015910",0.000679409833465845,0.000852810006834858
"vitro","ENSBTAG00000005339.ENSBTAG00000015910",0.000678814813123161,0.00125016442192898
"vitro","ENSBTAG00000013898.ENSBTAG00000047704",0.000671633505684138,0.0015746516188682
"vitro","ENSBTAG00000000310.ENSBTAG00000022799",0.000670465714113343,0.000813123570665825
"vitro","ENSBTAG00000014737.ENSBTAG00000011971",0.000669167166687136,0.00106801582945479
"vitro","ENSBTAG00000007737.ENSBTAG00000010444",0.000669110748164651,0.000600956064293089
"vitro","ENSBTAG00000009478.ENSBTAG00000002081",0.000668372786422247,0.00110880419095386
"vitro","ENSBTAG00000009208.ENSBTAG00000044190",0.000667078064268549,0.00127114917235071
"vitro","ENSBTAG00000003837.ENSBTAG00000011761",0.000662412473540184,0.00138058400562294
"vitro","ENSBTAG00000010138.ENSBTAG00000011971",0.000656259946394926,0.000662729755660586
"vitro","ENSBTAG00000005359.ENSBTAG00000008997",0.000655909839239224,0.000966784514515402
"vitro","ENSBTAG00000013191.ENSBTAG00000018052",0.000654697697559594,0.0011339574666695
"vitro","ENSBTAG00000013901.ENSBTAG00000019153",0.000654480766237951,0.001425483339475
"vitro","ENSBTAG00000020221.ENSBTAG00000002107",0.000653212993123428,0.00113597833818811
"vitro","ENSBTAG00000001725.ENSBTAG00000015127",0.000653027286817278,0.000898145380876505
"vitro","ENSBTAG00000010361.ENSBTAG00000007909",0.000650710709318918,0.00131087745595756
"vitro","ENSBTAG00000008300.ENSBTAG00000018993",0.000646261152532156,0.00176657352071474
"vitro","ENSBTAG00000010312.ENSBTAG00000014064",0.000644707043252981,0.00132590190315536
"vitro","ENSBTAG00000016542.ENSBTAG00000019569",0.000637104815242653,0.00151650908804403
"vitro","ENSBTAG00000017455.ENSBTAG00000019929",0.00063701621451672,0.00146607714090747
"vitro","ENSBTAG00000008300.ENSBTAG00000019289",0.000635829116063817,0.00107578853377901
"vitro","ENSBTAG00000017564.ENSBTAG00000017846",0.000635613242937901,0.00147487680656873
"vitro","ENSBTAG00000021457.ENSBTAG00000011986",0.000635189914085461,0.000724276415743741
"vitro","ENSBTAG00000000277.ENSBTAG00000027676",0.000634885200680356,0.00127360604782419
"vitro","ENSBTAG00000013162.ENSBTAG00000012314",0.000633140968802294,0.00117085593497722
"vitro","ENSBTAG00000016208.ENSBTAG00000015127",0.0006322624875043,0.000637024555113089
"vitro","ENSBTAG00000006538.ENSBTAG00000016948",0.000628732859660921,0.000507722225478533
"vitro","ENSBTAG00000012444.ENSBTAG00000015910",0.000627677575109766,0.00114303686034253
"vitro","ENSBTAG00000006295.ENSBTAG00000016948",0.000625850073520497,0.000968411125210953
"vitro","ENSBTAG00000019716.ENSBTAG00000003220",0.000618025910760553,0.000577642337340934
"vitro","ENSBTAG00000021499.ENSBTAG00000008036",0.000608581978140173,0.00120692549120332
"vitro","ENSBTAG00000018255.ENSBTAG00000015127",0.000607029235606858,0.000895112237591889
"vitro","ENSBTAG00000038735.ENSBTAG00000016948",0.000606953480817489,0.000749727460229221
"vitro","ENSBTAG00000017664.ENSBTAG00000015910",0.000603888783269916,0.000560402015120408
"vitro","ENSBTAG00000015089.ENSBTAG00000015910",0.000600447972165476,0.00129040636095609
"vitro","ENSBTAG00000014583.ENSBTAG00000020667",0.000596377617024449,0.00129920851738978
"vitro","ENSBTAG00000007244.ENSBTAG00000011741",0.000595504433011926,0.00116764931325536
"vitro","ENSBTAG00000031998.ENSBTAG00000039292",0.000589758668550337,0.00114832223629985
"vitro","ENSBTAG00000022635.ENSBTAG00000009757",0.000589407271909181,0.000909263621671402
"vitro","ENSBTAG00000025644.ENSBTAG00000004337",0.000589324764450219,0.00074957087905452
"vitro","ENSBTAG00000017753.ENSBTAG00000015228",0.000583494595377648,0.000783830555549962
"vitro","ENSBTAG00000009212.ENSBTAG00000012314",0.000582439966290989,0.00107254571572289
"vitro","ENSBTAG00000006276.ENSBTAG00000047138",0.000581614610275454,0.00158040137212743
"vitro","ENSBTAG00000032436.ENSBTAG00000012314",0.000580921361533797,0.000595540318759795
"vitro","ENSBTAG00000005947.ENSBTAG00000019712",0.000578171290455532,0.0010989929344803
"vitro","ENSBTAG00000010963.ENSBTAG00000009024",0.00057734623603097,0.000727065196334232
"vitro","ENSBTAG00000008300.ENSBTAG00000015910",0.000573529932672021,0.000880872059015901
"vitro","ENSBTAG00000001941.ENSBTAG00000014966",0.000570049456588789,0.000844379126451508
"vitro","ENSBTAG00000013191.ENSBTAG00000015910",0.000565648789918961,0.00077753011874941
"vitro","ENSBTAG00000038735.ENSBTAG00000020704",0.000565257367340351,0.000861651174259342
"vitro","ENSBTAG00000007725.ENSBTAG00000012687",0.000564809284098376,0.00136191978088316
"vitro","ENSBTAG00000019839.ENSBTAG00000015910",0.000563141489056121,0.00119771394806233
"vitro","ENSBTAG00000007319.ENSBTAG00000022799",0.00056228298034265,0.000848897937020029
"vitro","ENSBTAG00000003300.ENSBTAG00000002804",0.000560385960025378,0.000904654783112064
"vitro","ENSBTAG00000006989.ENSBTAG00000011971",0.000559514296419714,0.0012535639511815
"vitro","ENSBTAG00000007244.ENSBTAG00000000253",0.000559486148144488,0.000829866901709557
"vitro","ENSBTAG00000012004.ENSBTAG00000013843",0.000556356804808455,0.00127092957135232
"vitro","ENSBTAG00000026236.ENSBTAG00000019929",0.000554941855951599,0.00101973553840693
"vitro","ENSBTAG00000006505.ENSBTAG00000006240",0.000554544551982267,0.00064822410941915
"vitro","ENSBTAG00000005077.ENSBTAG00000009851",0.000552849527279868,0.000634299731311062
"vitro","ENSBTAG00000005691.ENSBTAG00000015457",0.000549197810445659,0.000701230052588871
"vitro","ENSBTAG00000020194.ENSBTAG00000009155",0.000546978393913982,0.00109217624874243
"vitro","ENSBTAG00000002278.ENSBTAG00000015910",0.000544295581406328,0.00130327936316477
"vitro","ENSBTAG00000012398.ENSBTAG00000012314",0.000542550851601764,0.00101464848175766
"vitro","ENSBTAG00000002880.ENSBTAG00000012687",0.000538886470225115,0.00101536467949801
"vitro","ENSBTAG00000020645.ENSBTAG00000014270",0.00053787083041324,0.000736629766970912
"vitro","ENSBTAG00000010312.ENSBTAG00000014420",0.000533406381578537,0.00140277381321711
"vitro","ENSBTAG00000005947.ENSBTAG00000018517",0.000528399056836538,0.000631574127555401
"vitro","ENSBTAG00000007273.ENSBTAG00000002144",0.000526872399654814,0.000730064957312667
"vitro","ENSBTAG00000008026.ENSBTAG00000047138",0.000526820300205879,0.000913180608209847
"vitro","ENSBTAG00000020406.ENSBTAG00000021527",0.000525385819793137,0.00125442794428609
"vitro","ENSBTAG00000010673.ENSBTAG00000006359",0.000524306532435982,0.000586092322748505
"vitro","ENSBTAG00000016260.ENSBTAG00000011628",0.000523624583605186,0.001027609997822
"vitro","ENSBTAG00000010963.ENSBTAG00000000973",0.000521190427966326,0.000648739510874027
"vitro","ENSBTAG00000010361.ENSBTAG00000022799",0.000517783422964738,0.000850874104377501
"vitro","ENSBTAG00000005691.ENSBTAG00000011578",0.000517692175932122,0.000731378425565195
"vitro","ENSBTAG00000011412.ENSBTAG00000019929",0.00051759651064199,0.00129522956864165
"vitro","ENSBTAG00000007273.ENSBTAG00000012314",0.000516398256460641,0.000903610687661144
"vitro","ENSBTAG00000017246.ENSBTAG00000006378",0.000514533679295054,0.00117131691824775
"vitro","ENSBTAG00000015801.ENSBTAG00000015510",0.000513779222130575,0.00060510170701242
"vitro","ENSBTAG00000010312.ENSBTAG00000020199",0.000513046413044241,0.000714887778604817
"vitro","ENSBTAG00000007446.ENSBTAG00000003060",0.00051242476803494,0.000952091584467414
"vitro","ENSBTAG00000011851.ENSBTAG00000011425",0.00051127605377944,0.000694559330402849
"vitro","ENSBTAG00000010179.ENSBTAG00000026676",0.000508945687504802,0.00078797534462163
"vitro","ENSBTAG00000007737.ENSBTAG00000022799",0.000507813920449656,0.000591720413468693
"vitro","ENSBTAG00000020406.ENSBTAG00000047793",0.000507521388641507,0.00114606758970293
"vitro","ENSBTAG00000005691.ENSBTAG00000014064",0.000506284366893238,0.00104247519741525
"vitro","ENSBTAG00000005339.ENSBTAG00000019866",0.000505934372334118,0.000643804786404581
"vitro","ENSBTAG00000023907.ENSBTAG00000015996",0.000505878288081681,0.000644763682311492
"vitro","ENSBTAG00000009812.ENSBTAG00000039292",0.00050534549906859,0.000603938844533435
"vitro","ENSBTAG00000003329.ENSBTAG00000006420",0.000504760401526597,0.000948023249188498
"vitro","ENSBTAG00000006295.ENSBTAG00000017981",0.000503199201747268,0.000536910943029249
"vitro","ENSBTAG00000013718.ENSBTAG00000005072",0.00050287452492603,0.000961213005776781
"vitro","ENSBTAG00000010161.ENSBTAG00000015133",0.000501854041579583,0.000790195422958322
"vitro","ENSBTAG00000003835.ENSBTAG00000006420",0.000501088189520205,0.00101776525310652
"vitro","ENSBTAG00000014906.ENSBTAG00000008008",0.000496025737979392,0.000801529521568621
"vitro","ENSBTAG00000015177.ENSBTAG00000010249",0.000495937939514056,0.000672751220045623
"vitro","ENSBTAG00000017473.ENSBTAG00000015910",0.00049588742287715,0.000868830192049139
"vitro","ENSBTAG00000006354.ENSBTAG00000025101",0.000495306859528998,0.000992997551830242
"vitro","ENSBTAG00000005359.ENSBTAG00000018035",0.000494071024344907,0.00125362935018588
"vitro","ENSBTAG00000006354.ENSBTAG00000017060",0.00049094406019983,0.000701868007576475
"vitro","ENSBTAG00000002006.ENSBTAG00000003585",0.000487336405784288,0.000569116792939912
"vitro","ENSBTAG00000007897.ENSBTAG00000019903",0.000487173039907611,0.000397488709822341
"vitro","ENSBTAG00000034501.ENSBTAG00000005397",0.000486771952020801,0.000580333622613273
"vitro","ENSBTAG00000001292.ENSBTAG00000032719",0.000486771672360217,0.00095271994943406
"vitro","ENSBTAG00000014737.ENSBTAG00000037649",0.000485178263679454,0.000558717336625421
"vitro","ENSBTAG00000017473.ENSBTAG00000019289",0.000483804234249167,0.000790431976972232
"vitro","ENSBTAG00000011409.ENSBTAG00000001941",0.00048066374391388,0.000542174416948204
"vitro","ENSBTAG00000007737.ENSBTAG00000018035",0.00047996338693675,0.00086503158027045
"vitro","ENSBTAG00000037899.ENSBTAG00000022799",0.00047922417912086,0.00101266910711214
"vitro","ENSBTAG00000019716.ENSBTAG00000039292",0.000477044481909307,0.0011467097134683
"vitro","ENSBTAG00000007773.ENSBTAG00000018993",0.000475930190178595,0.000754190221220117
"vitro","ENSBTAG00000016515.ENSBTAG00000015510",0.000475812556543486,0.000738543375130317
"vitro","ENSBTAG00000014051.ENSBTAG00000013745",0.000475182038148295,0.00133074317632463
"vitro","ENSBTAG00000021333.ENSBTAG00000017801",0.000473267966475038,0.00101931123562214
"vitro","ENSBTAG00000021316.ENSBTAG00000019289",0.000472513979060064,0.000856497988312526
"vitro","ENSBTAG00000002006.ENSBTAG00000014269",0.000469882623478046,0.000665071889136458
"vitro","ENSBTAG00000012413.ENSBTAG00000015457",0.000469735084234026,0.000506376374429998
"vitro","ENSBTAG00000007737.ENSBTAG00000006240",0.000469679798400772,0.000755054223159051
"vitro","ENSBTAG00000007737.ENSBTAG00000006161",0.000467539189508208,0.000575555759580627
"vitro","ENSBTAG00000005339.ENSBTAG00000003166",0.000466632692092062,0.000767273750135239
"vitro","ENSBTAG00000005947.ENSBTAG00000013745",0.000462788725848226,0.000539320769673975
"vitro","ENSBTAG00000021807.ENSBTAG00000021664",0.000462612806714629,0.000662664996139833
"vitro","ENSBTAG00000015362.ENSBTAG00000011909",0.000456275489533466,0.000823369126676201
"vitro","ENSBTAG00000011802.ENSBTAG00000017266",0.000452257196843503,0.000515171456716939
"vitro","ENSBTAG00000005198.ENSBTAG00000015457",0.00045169073005302,0.00111093706441815
"vitro","ENSBTAG00000000575.ENSBTAG00000013745",0.000450760905128198,0.000516233839362799
"vitro","ENSBTAG00000017753.ENSBTAG00000039292",0.000448886328724168,0.00121587499464083
"vitro","ENSBTAG00000001244.ENSBTAG00000017060",0.000448156264371676,0.000442863991181443
"vitro","ENSBTAG00000009476.ENSBTAG00000001462",0.00044758267999066,0.000369553087207742
"vitro","ENSBTAG00000047330.ENSBTAG00000017851",0.000446819045941485,0.000491727280115733
"vitro","ENSBTAG00000005691.ENSBTAG00000027464",0.00044564324231941,0.00104720168715568
"vitro","ENSBTAG00000005947.ENSBTAG00000015739",0.000444553090727634,0.000900229512761335
"vitro","ENSBTAG00000022635.ENSBTAG00000018169",0.00044375000996475,0.000324616008175992
"vitro","ENSBTAG00000017246.ENSBTAG00000018035",0.00043723841037489,0.000424033256122497
"vitro","ENSBTAG00000011741.ENSBTAG00000015910",0.000435527668902445,0.000893733324656857
"vitro","ENSBTAG00000003176.ENSBTAG00000017060",0.000435402138504585,0.00046422607679848
"vitro","ENSBTAG00000007338.ENSBTAG00000004917",0.000433808098134259,0.000520477073341615
"vitro","ENSBTAG00000014575.ENSBTAG00000003585",0.000432912606624772,0.000728689191171039
"vitro","ENSBTAG00000034077.ENSBTAG00000003848",0.000432298893894614,0.00121525612645055
"vitro","ENSBTAG00000010123.ENSBTAG00000018517",0.000431638689450869,0.000666074466763039
"vitro","ENSBTAG00000004129.ENSBTAG00000014798",0.000430334016655574,0.000726381145488387
"vitro","ENSBTAG00000008237.ENSBTAG00000005273",0.000429277757859795,0.000344117690152833
"vitro","ENSBTAG00000003658.ENSBTAG00000015910",0.000428930334833823,0.000466401597751742
"vitro","ENSBTAG00000000575.ENSBTAG00000011154",0.000427831586819645,0.000953794070500245
"vitro","ENSBTAG00000019267.ENSBTAG00000014357",0.000426441377579936,0.000847207302907893
"vitro","ENSBTAG00000009357.ENSBTAG00000012771",0.000426082528115836,0.000479878892938428
"vitro","ENSBTAG00000012109.ENSBTAG00000013674",0.000426063725874445,0.000564595954267907
"vitro","ENSBTAG00000020661.ENSBTAG00000017851",0.000424313340384061,0.00083675871471064
"vitro","ENSBTAG00000025644.ENSBTAG00000014567",0.000423252899060622,0.000753517318613201
"vitro","ENSBTAG00000006295.ENSBTAG00000017489",0.000422654104787077,0.000648954873980221
"vitro","ENSBTAG00000005198.ENSBTAG00000011578",0.000420601443969671,0.000769255947632053
"vitro","ENSBTAG00000001745.ENSBTAG00000015910",0.000419940636526095,0.000626206661177755
"vitro","ENSBTAG00000003253.ENSBTAG00000011434",0.000419617759316974,0.00058327517477874
"vitro","ENSBTAG00000021697.ENSBTAG00000002804",0.000416975141049743,0.000408082304375565
"vitro","ENSBTAG00000045582.ENSBTAG00000002144",0.000416353025023479,0.000714119991718222
"vitro","ENSBTAG00000015978.ENSBTAG00000013290",0.000415209018898646,0.000830674463202496
"vitro","ENSBTAG00000010452.ENSBTAG00000011515",0.000414904878834449,0.000892358991865985
"vitro","ENSBTAG00000000559.ENSBTAG00000020661",0.000413927158525575,0.000927353659421319
"vitro","ENSBTAG00000015362.ENSBTAG00000008997",0.000410883138856983,0.000515700009854834
"vitro","ENSBTAG00000017866.ENSBTAG00000008008",0.000409705004146071,0.000397414499367573
"vitro","ENSBTAG00000013363.ENSBTAG00000009851",0.000406266975764579,0.00047697400473726
"vitro","ENSBTAG00000007708.ENSBTAG00000000244",0.000405624631305458,0.000499961279641167
"vitro","ENSBTAG00000002006.ENSBTAG00000015910",0.000401168834848397,0.000495783787556412
"vitro","ENSBTAG00000007153.ENSBTAG00000012219",0.000400689423432752,0.000830806915851195
"vitro","ENSBTAG00000020457.ENSBTAG00000013222",0.000398705382708032,0.00103488912457395
"vitro","ENSBTAG00000007740.ENSBTAG00000013320",0.000397528987783376,0.000661252279674066
"vitro","ENSBTAG00000025868.ENSBTAG00000008165",0.0003974977228395,0.0003377972695632
"vitro","ENSBTAG00000011034.ENSBTAG00000020148",0.000395704344812932,0.000492510428893756
"vitro","ENSBTAG00000005260.ENSBTAG00000019929",0.000392976398017625,0.000872423857016878
"vitro","ENSBTAG00000001941.ENSBTAG00000011409",0.000392326261130604,0.00052883266672031
"vitro","ENSBTAG00000011291.ENSBTAG00000006732",0.000388563669905077,0.000510741101173873
"vitro","ENSBTAG00000022635.ENSBTAG00000015910",0.000388536068867758,0.000418622567364054
"vitro","ENSBTAG00000020457.ENSBTAG00000001060",0.000385964334648769,0.000578944762417414
"vitro","ENSBTAG00000005260.ENSBTAG00000013755",0.000385496240271525,0.000733181083007458
"vitro","ENSBTAG00000020457.ENSBTAG00000024269",0.00038354649559973,0.000951443632529528
"vitro","ENSBTAG00000014921.ENSBTAG00000017745",0.000381648010409347,0.000575844746308456
"vitro","ENSBTAG00000011851.ENSBTAG00000019866",0.000381080334795883,0.000467715240899565
"vitro","ENSBTAG00000032436.ENSBTAG00000006378",0.000379989214709627,0.000444784435409916
"vitro","ENSBTAG00000010673.ENSBTAG00000000815",0.000378392316921269,0.00058285951876638
"vitro","ENSBTAG00000011757.ENSBTAG00000007909",0.000377765937753438,0.000487896531115738
"vitro","ENSBTAG00000015991.ENSBTAG00000018993",0.000377704152144863,0.000586929483722554
"vitro","ENSBTAG00000015362.ENSBTAG00000006420",0.000374799574763646,0.000432975817435253
"vitro","ENSBTAG00000016515.ENSBTAG00000006359",0.000374324105884991,0.000641105024952981
"vitro","ENSBTAG00000020457.ENSBTAG00000018035",0.000373676249888493,0.000528483615581476
"vitro","ENSBTAG00000005111.ENSBTAG00000006420",0.000373538896873484,0.000401161120499775
"vitro","ENSBTAG00000025775.ENSBTAG00000016948",0.000370600575702873,0.00069321866231776
"vitro","ENSBTAG00000013472.ENSBTAG00000015910",0.000369495113062323,0.000382812937024587
"vitro","ENSBTAG00000005198.ENSBTAG00000011628",0.00036556232714551,0.000518168894911841
"vitro","ENSBTAG00000018134.ENSBTAG00000010444",0.000364187036906117,0.000301215151693776
"vitro","ENSBTAG00000012398.ENSBTAG00000008008",0.000363481159796929,0.000615099555508492
"vitro","ENSBTAG00000017753.ENSBTAG00000020979",0.000362010505382077,0.000565944780090113
"vitro","ENSBTAG00000019839.ENSBTAG00000013755",0.000360451807999449,0.00101103531980642
"vitro","ENSBTAG00000023907.ENSBTAG00000013755",0.000359645608821781,0.00036067731129237
"vitro","ENSBTAG00000021811.ENSBTAG00000003777",0.000359537413761442,0.000316922710895015
"vitro","ENSBTAG00000005339.ENSBTAG00000015996",0.000357666488930694,0.000712256917515877
"vitro","ENSBTAG00000001321.ENSBTAG00000005273",0.000356080263612669,0.000316266125545353
"vitro","ENSBTAG00000008300.ENSBTAG00000001882",0.000355728084922639,0.000271543140727326
"vitro","ENSBTAG00000025868.ENSBTAG00000013755",0.000355294631618857,0.00039109389106962
"vitro","ENSBTAG00000014583.ENSBTAG00000012687",0.000353053882224948,0.00035372464015032
"vitro","ENSBTAG00000000016.ENSBTAG00000016455",0.000352507179149893,0.000668223476260613
"vitro","ENSBTAG00000020221.ENSBTAG00000005092",0.000351653471293189,0.000344538285449125
"vitro","ENSBTAG00000004129.ENSBTAG00000014162",0.000350797382909006,0.000525484257006119
"vitro","ENSBTAG00000009876.ENSBTAG00000020736",0.000347906618456274,0.000234319261698065
"vitro","ENSBTAG00000007897.ENSBTAG00000020704",0.000347021859860372,0.000390620063814325
"vitro","ENSBTAG00000005339.ENSBTAG00000007213",0.000346866267024833,0.000702317870826687
"vitro","ENSBTAG00000017753.ENSBTAG00000004334",0.000346388784243725,0.000519266748142272
"vitro","ENSBTAG00000020457.ENSBTAG00000019832",0.000344634976975426,0.00046996368352247
"vitro","ENSBTAG00000001492.ENSBTAG00000003585",0.000343370907655433,0.000583017947326834
"vitro","ENSBTAG00000008027.ENSBTAG00000012314",0.000341719398291689,0.000724515124163727
"vitro","ENSBTAG00000021105.ENSBTAG00000005273",0.000338197801996346,0.000392132079690152
"vitro","ENSBTAG00000012228.ENSBTAG00000001814",0.000337186320590902,0.000456760384146891
"vitro","ENSBTAG00000011757.ENSBTAG00000004334",0.000336485710433857,0.000598422006920319
"vitro","ENSBTAG00000008027.ENSBTAG00000017981",0.000336423331725488,0.000585474752761021
"vitro","ENSBTAG00000011563.ENSBTAG00000010497",0.000335726850178122,0.00037892537382253
"vitro","ENSBTAG00000001941.ENSBTAG00000006161",0.000334417076170486,0.00043266085758938
"vitro","ENSBTAG00000006538.ENSBTAG00000020704",0.000332992250685104,0.000437404721328403
"vitro","ENSBTAG00000019694.ENSBTAG00000013745",0.00033227505185771,0.000619189019884416
"vitro","ENSBTAG00000007273.ENSBTAG00000034385",0.000332074010815991,0.000498284767484214
"vitro","ENSBTAG00000015327.ENSBTAG00000011425",0.000331973841147909,0.000652372912180103
"vitro","ENSBTAG00000032436.ENSBTAG00000018035",0.0003314560579862,0.000447018255839401
"vitro","ENSBTAG00000011966.ENSBTAG00000019929",0.000330231939519452,0.00050589060441065
"vitro","ENSBTAG00000014906.ENSBTAG00000011515",0.000330217548572202,0.000746528504251292
"vitro","ENSBTAG00000021048.ENSBTAG00000008483",0.000329878893971042,0.000341136021421875
"vitro","ENSBTAG00000012638.ENSBTAG00000017753",0.000328804961774612,0.000331340145827386
"vitro","ENSBTAG00000030710.ENSBTAG00000013755",0.000328225294834581,0.000506490734369684
"vitro","ENSBTAG00000000575.ENSBTAG00000011628",0.000327235986995914,0.0004225657100328
"vitro","ENSBTAG00000017664.ENSBTAG00000011578",0.000326407731923495,0.00041899644897883
"vitro","ENSBTAG00000016267.ENSBTAG00000020755",0.000326304242681167,0.000385511529698343
"vitro","ENSBTAG00000017122.ENSBTAG00000011154",0.0003262385003489,0.000945132194918844
"vitro","ENSBTAG00000001492.ENSBTAG00000007213",0.00032589152165329,0.000485766463355796
"vitro","ENSBTAG00000008027.ENSBTAG00000047138",0.000325859672085357,0.000390752813723657
"vitro","ENSBTAG00000010963.ENSBTAG00000002414",0.000325523470211282,0.000408119451089596
"vitro","ENSBTAG00000012444.ENSBTAG00000015127",0.000324618156833878,0.000685316113516621
"vitro","ENSBTAG00000014583.ENSBTAG00000011628",0.000324306246415358,0.000817727227769715
"vitro","ENSBTAG00000004362.ENSBTAG00000014357",0.000323948843898966,0.000542683409165757
"vitro","ENSBTAG00000021316.ENSBTAG00000019929",0.000323850504939767,0.000604162008970668
"vitro","ENSBTAG00000007740.ENSBTAG00000015127",0.000322321906629332,0.000275280763410615
"vitro","ENSBTAG00000005111.ENSBTAG00000008997",0.000321970348608964,0.000312560464947288
"vitro","ENSBTAG00000014583.ENSBTAG00000011515",0.000321423192758022,0.000606634995730086
"vitro","ENSBTAG00000017246.ENSBTAG00000012314",0.0003208691045142,0.000457199111955806
"vitro","ENSBTAG00000007273.ENSBTAG00000011738",0.000320147238103436,0.000339458313420094
"vitro","ENSBTAG00000004362.ENSBTAG00000015996",0.000319940027867539,0.000466712656210736
"vitro","ENSBTAG00000011412.ENSBTAG00000012897",0.00031793930734459,0.000764476068545319
"vitro","ENSBTAG00000025410.ENSBTAG00000018343",0.00031785263061658,0.000623358159298159
"vitro","ENSBTAG00000019770.ENSBTAG00000012314",0.000317553188388058,0.000593152258209398
"vitro","ENSBTAG00000017753.ENSBTAG00000015996",0.00031737550739816,0.000258974576958761
"vitro","ENSBTAG00000021499.ENSBTAG00000008849",0.000317343818497877,0.000620638203779761
"vitro","ENSBTAG00000004594.ENSBTAG00000019569",0.00031614892377301,0.000818288965654827
"vitro","ENSBTAG00000007708.ENSBTAG00000025324",0.000314877254194175,0.000325457146533076
"vitro","ENSBTAG00000001321.ENSBTAG00000002144",0.000314315929431927,0.000322275698760438
"vitro","ENSBTAG00000013472.ENSBTAG00000011578",0.000312620953639245,0.000472993808697624
"vitro","ENSBTAG00000004129.ENSBTAG00000001338",0.000312258471088191,0.000460669154976483
"vitro","ENSBTAG00000005077.ENSBTAG00000018424",0.000311888411935855,0.000346402558612029
"vitro","ENSBTAG00000010334.ENSBTAG00000046199",0.000310235611578041,0.000628861481742596
"vitro","ENSBTAG00000015742.ENSBTAG00000007103",0.000308299735902555,0.000319557001161619
"vitro","ENSBTAG00000009393.ENSBTAG00000039292",0.000307312207378123,0.000384487317712053
"vitro","ENSBTAG00000011851.ENSBTAG00000010647",0.000306516703178757,0.00046083284653879
"vitro","ENSBTAG00000007897.ENSBTAG00000017981",0.000305272914589221,0.000618485565150235
"vitro","ENSBTAG00000020457.ENSBTAG00000014357",0.000304938495453004,0.000784643067859591
"vitro","ENSBTAG00000012817.ENSBTAG00000005397",0.000304686167898585,0.000248269223840313
"vitro","ENSBTAG00000018773.ENSBTAG00000006161",0.00030379100975139,0.000395926335923086
"vitro","ENSBTAG00000015114.ENSBTAG00000019929",0.000303764289873036,0.000444198545373077
"vitro","ENSBTAG00000008817.ENSBTAG00000019929",0.000303367119454073,0.000430909615185292
"vitro","ENSBTAG00000008237.ENSBTAG00000013205",0.000302273284467913,0.00026647219260614
"vitro","ENSBTAG00000017753.ENSBTAG00000014420",0.000302109115016274,0.00082103570618739
"vitro","ENSBTAG00000013760.ENSBTAG00000019289",0.000299281949446627,0.000341919662317363
"vitro","ENSBTAG00000045582.ENSBTAG00000012314",0.000297394445094201,0.000666685610919507
"vitro","ENSBTAG00000001460.ENSBTAG00000020661",0.000297336493802489,0.000580736598495499
"vitro","ENSBTAG00000014583.ENSBTAG00000014567",0.00029686778005907,0.000401807647612797
"vitro","ENSBTAG00000015089.ENSBTAG00000002135",0.00029683866784276,0.000399089033081765
"vitro","ENSBTAG00000007740.ENSBTAG00000017266",0.000296136270445643,0.000411979190474168
"vitro","ENSBTAG00000005111.ENSBTAG00000002081",0.000295017762458318,0.000430889445466587
"vitro","ENSBTAG00000021302.ENSBTAG00000019289",0.000294363942078308,0.000260787835743098
"vitro","ENSBTAG00000047567.ENSBTAG00000000570",0.000292871282772848,0.000424448233416495
"vitro","ENSBTAG00000014583.ENSBTAG00000020661",0.000291797046545412,0.000429337903555773
"vitro","ENSBTAG00000016542.ENSBTAG00000015910",0.000291400153666657,0.000322785701119849
"vitro","ENSBTAG00000019604.ENSBTAG00000009851",0.000291058487654728,0.000339012424086928
"vitro","ENSBTAG00000006984.ENSBTAG00000021818",0.000290167821975717,0.000376517514424128
"vitro","ENSBTAG00000007446.ENSBTAG00000008733",0.000289976782568642,0.000294771975420411
"vitro","ENSBTAG00000000073.ENSBTAG00000008849",0.000289373233042634,0.000404864213452401
"vitro","ENSBTAG00000017246.ENSBTAG00000022799",0.000289245006477191,0.000324722167608705
"vitro","ENSBTAG00000020676.ENSBTAG00000011578",0.000289121288038066,0.000499720815048771
"vitro","ENSBTAG00000017448.ENSBTAG00000011628",0.000288745915167615,0.000567386211877659
"vitro","ENSBTAG00000018103.ENSBTAG00000017753",0.000287433115154227,0.000267839931501386
"vitro","ENSBTAG00000010738.ENSBTAG00000003220",0.000287120614791603,0.000608758250819311
"vitro","ENSBTAG00000002006.ENSBTAG00000017266",0.000286818764307122,0.000338337255326539
"vitro","ENSBTAG00000015978.ENSBTAG00000039292",0.000286020407612264,0.000256345355301452
"vitro","ENSBTAG00000021105.ENSBTAG00000013205",0.000285914919956858,0.000238574469553582
"vitro","ENSBTAG00000013103.ENSBTAG00000004885",0.000285554792221229,0.000457269303772609
"vitro","ENSBTAG00000018103.ENSBTAG00000006240",0.000285292974186764,0.000264247322982946
"vitro","ENSBTAG00000017564.ENSBTAG00000018035",0.0002844707520486,0.000395864775189843
"vitro","ENSBTAG00000015114.ENSBTAG00000008165",0.000283317448650198,0.0003014208361821
"vitro","ENSBTAG00000000073.ENSBTAG00000012314",0.000282489149076055,0.000438423858492251
"vitro","ENSBTAG00000013103.ENSBTAG00000017866",0.000281873104617639,0.000597873742670554
"vitro","ENSBTAG00000037533.ENSBTAG00000005397",0.000280688230512969,0.000454790331490794
"vitro","ENSBTAG00000017246.ENSBTAG00000006161",0.000279535411932038,0.00052888930896368
"vitro","ENSBTAG00000015150.ENSBTAG00000017745",0.000279365832785979,0.000472295003106852
"vitro","ENSBTAG00000008300.ENSBTAG00000017266",0.000278346607127983,0.000493211876720245
"vitro","ENSBTAG00000015043.ENSBTAG00000022799",0.000277369804473148,0.000307889823638828
"vitro","ENSBTAG00000000470.ENSBTAG00000019929",0.000277251702365537,0.000570764402003284
"vitro","ENSBTAG00000007737.ENSBTAG00000012314",0.000276868343598748,0.000363940182459452
"vitro","ENSBTAG00000017664.ENSBTAG00000011154",0.000276784414863982,0.00069897284623046
"vitro","ENSBTAG00000009812.ENSBTAG00000003220",0.000276690631081408,0.000425848130427944
"vitro","ENSBTAG00000008096.ENSBTAG00000013674",0.000276588000764567,0.000350850225357593
"vitro","ENSBTAG00000014218.ENSBTAG00000011761",0.000276244600843362,0.000563795410240038
"vitro","ENSBTAG00000007740.ENSBTAG00000026676",0.000274859214978849,0.000405422230823963
"vitro","ENSBTAG00000001725.ENSBTAG00000014798",0.000274801391888073,0.000350302216698616
"vitro","ENSBTAG00000021811.ENSBTAG00000020148",0.000272468024253353,0.000291795354932622
"vitro","ENSBTAG00000014575.ENSBTAG00000019289",0.00027229186241963,0.00038892526111135
"vitro","ENSBTAG00000021466.ENSBTAG00000019289",0.000271412390146036,0.000244408320957391
"vitro","ENSBTAG00000001941.ENSBTAG00000023144",0.000271088690714807,0.000319479867409057
"vitro","ENSBTAG00000007148.ENSBTAG00000008165",0.000268982116647678,0.000458423454953956
"vitro","ENSBTAG00000017468.ENSBTAG00000013557",0.000268964471546394,0.000728218815672531
"vitro","ENSBTAG00000020221.ENSBTAG00000006835",0.000267783520036616,0.000184821792681736
"vitro","ENSBTAG00000012088.ENSBTAG00000015910",0.000266535523086291,0.000407464456077564
"vitro","ENSBTAG00000005359.ENSBTAG00000019832",0.000266240481157431,0.000356941866047104
"vitro","ENSBTAG00000023652.ENSBTAG00000003166",0.000265907641078799,0.00060726341262299
"vitro","ENSBTAG00000015362.ENSBTAG00000002081",0.000265838527455764,0.000261787605974902
"vitro","ENSBTAG00000021697.ENSBTAG00000019929",0.000264641149289982,0.000356801198581564
"vitro","ENSBTAG00000003832.ENSBTAG00000022799",0.000264187835396761,0.000361518346794109
"vitro","ENSBTAG00000038221.ENSBTAG00000006359",0.000264163674950862,0.000299830461224034
"vitro","ENSBTAG00000001745.ENSBTAG00000019289",0.000264162488754396,0.000343348714408301
"vitro","ENSBTAG00000000130.ENSBTAG00000010785",0.000264092111384716,0.000248975572995821
"vitro","ENSBTAG00000007375.ENSBTAG00000015228",0.000263088053180048,0.000312744559085834
"vitro","ENSBTAG00000005111.ENSBTAG00000018105",0.000262749944152054,0.000501904006747493
"vitro","ENSBTAG00000013103.ENSBTAG00000015910",0.000261994568522955,0.000471468116274694
"vitro","ENSBTAG00000010123.ENSBTAG00000012314",0.000261844606987207,0.000269941847810262
"vitro","ENSBTAG00000007148.ENSBTAG00000034848",0.000260457938457049,0.000361277264806323
"vitro","ENSBTAG00000019964.ENSBTAG00000005828",0.000259477215739314,0.000251942008398622
"vitro","ENSBTAG00000021217.ENSBTAG00000019289",0.000259136722243691,0.000346859609917586
"vitro","ENSBTAG00000011966.ENSBTAG00000018169",0.000257340170946024,0.000431519473402345
"vitro","ENSBTAG00000020221.ENSBTAG00000012314",0.000257249846600114,0.000244213782631972
"vitro","ENSBTAG00000020238.ENSBTAG00000004739",0.000256757651833236,0.000387334575985158
"vitro","ENSBTAG00000009357.ENSBTAG00000012119",0.000255847917947034,0.000151419132074937
"vitro","ENSBTAG00000007148.ENSBTAG00000020199",0.000254982593899555,0.00026870956716477
"vitro","ENSBTAG00000005163.ENSBTAG00000006240",0.000254953532240229,0.000291044420058048
"vitro","ENSBTAG00000014921.ENSBTAG00000018474",0.000254766959283439,0.000385595292951208
"vitro","ENSBTAG00000008611.ENSBTAG00000011761",0.000254004607960862,0.00038825946011344
"vitro","ENSBTAG00000018773.ENSBTAG00000001941",0.00025398027886441,0.000379995953305593
"vitro","ENSBTAG00000015789.ENSBTAG00000006732",0.000253818454537389,0.000356813149384832
"vitro","ENSBTAG00000004129.ENSBTAG00000003220",0.000253451326857632,0.000460577090582531
"vitro","ENSBTAG00000005898.ENSBTAG00000017851",0.000252023659957232,0.000457617519418291
"vitro","ENSBTAG00000000016.ENSBTAG00000015312",0.000251736533290807,0.000458236998018347
"vitro","ENSBTAG00000025644.ENSBTAG00000012687",0.000251080319229833,0.0004096292241045
"vitro","ENSBTAG00000012529.ENSBTAG00000012899",0.000250769773017445,0.000487558616477887
"vitro","ENSBTAG00000007897.ENSBTAG00000039292",0.00025058990297642,0.000295735033147163
"vitro","ENSBTAG00000017664.ENSBTAG00000019712",0.000250078364356776,0.000401182043610396
"vitro","ENSBTAG00000005691.ENSBTAG00000011154",0.00024970078674601,0.000408081694718302
"vitro","ENSBTAG00000014575.ENSBTAG00000015910",0.000249588567933016,0.000341281544480106
"vitro","ENSBTAG00000017866.ENSBTAG00000014031",0.000249251776128635,0.000531910883872135
"vitro","ENSBTAG00000018347.ENSBTAG00000013205",0.00024911071122544,0.000330086129095592
"vitro","ENSBTAG00000001764.ENSBTAG00000021190",0.000247402775456002,0.000327971384132916
"vitro","ENSBTAG00000014737.ENSBTAG00000000802",0.000246931090758544,0.000208049389898376
"vitro","ENSBTAG00000021697.ENSBTAG00000005990",0.000246890430062223,0.000419947895283799
"vitro","ENSBTAG00000021048.ENSBTAG00000019903",0.000246509493114806,0.000409857448702705
"vitro","ENSBTAG00000018200.ENSBTAG00000020892",0.000246385341697745,0.000577064394110925
"vitro","ENSBTAG00000014465.ENSBTAG00000019929",0.000245950826046168,0.000318571732349324
"vitro","ENSBTAG00000008027.ENSBTAG00000007175",0.000245329653007314,0.000677623484559704
"vitro","ENSBTAG00000005691.ENSBTAG00000019866",0.000245081577783492,0.000378037941336434
"vitro","ENSBTAG00000032436.ENSBTAG00000012599",0.000244556335852856,0.000276904888131733
"vitro","ENSBTAG00000005691.ENSBTAG00000024269",0.000242880735580669,0.000310800186841952
"vitro","ENSBTAG00000005581.ENSBTAG00000039292",0.000241214800791521,0.000294177740677588
"vitro","ENSBTAG00000011810.ENSBTAG00000003777",0.000240734333785187,0.000420852726137586
"vitro","ENSBTAG00000019993.ENSBTAG00000027516",0.000239886238005508,0.000429251915998169
"vitro","ENSBTAG00000020676.ENSBTAG00000017060",0.000239247215899071,0.000387488781118361
"vitro","ENSBTAG00000013103.ENSBTAG00000019289",0.000238143747364374,0.000453561312686808
"vitro","ENSBTAG00000011580.ENSBTAG00000046199",0.000237134201512074,0.000482962303494843
"vitro","ENSBTAG00000012210.ENSBTAG00000039292",0.000236794511826174,0.000671190285751405
"vitro","ENSBTAG00000017060.ENSBTAG00000017846",0.000236565240490435,0.000339557592244683
"vitro","ENSBTAG00000010663.ENSBTAG00000013745",0.000236071229640256,0.000506613044817916
"vitro","ENSBTAG00000013066.ENSBTAG00000012687",0.000235784301756106,0.000543465226501686
"vitro","ENSBTAG00000022514.ENSBTAG00000013730",0.000235294173078652,0.000331733511060811
"vitro","ENSBTAG00000032436.ENSBTAG00000022799",0.000234445336955772,0.000237684088941107
"vitro","ENSBTAG00000038735.ENSBTAG00000017981",0.000234084941831805,0.000283294296616754
"vitro","ENSBTAG00000022120.ENSBTAG00000017060",0.000233866165810401,0.000483962228461374
"vitro","ENSBTAG00000005305.ENSBTAG00000008849",0.000232818308951045,0.000220227349272442
"vitro","ENSBTAG00000011966.ENSBTAG00000019289",0.000232718581061649,0.000323075435431655
"vitro","ENSBTAG00000002317.ENSBTAG00000018052",0.000231021574353046,0.000215621703205855
"vitro","ENSBTAG00000007737.ENSBTAG00000014064",0.000230032431585842,0.00030647351767826
"vitro","ENSBTAG00000021316.ENSBTAG00000015910",0.000229662471063998,0.000595399612080885
"vitro","ENSBTAG00000011851.ENSBTAG00000000782",0.000228751529071682,0.000255289175641632
"vitro","ENSBTAG00000020638.ENSBTAG00000001141",0.00022865272701306,0.000564975079965079
"vitro","ENSBTAG00000020457.ENSBTAG00000015910",0.000228569290270462,0.000427022885944461
"vitro","ENSBTAG00000015089.ENSBTAG00000023144",0.000228265170458744,0.000300938442697286
"vitro","ENSBTAG00000021326.ENSBTAG00000039292",0.000227315937578947,0.000391297034482357
"vitro","ENSBTAG00000010991.ENSBTAG00000007348",0.000226210514289023,0.00020578788187993
"vitro","ENSBTAG00000008817.ENSBTAG00000012897",0.000226045618347909,0.000476442246476805
"vitro","ENSBTAG00000005359.ENSBTAG00000011909",0.000225868539010823,0.000528765603870531
"vitro","ENSBTAG00000014834.ENSBTAG00000011628",0.000225853427683098,0.000393238538183601
"vitro","ENSBTAG00000013191.ENSBTAG00000019929",0.000225503605028388,0.000475759142617305
"vitro","ENSBTAG00000018134.ENSBTAG00000011628",0.000224755556825812,0.000258107052228469
"vitro","ENSBTAG00000004594.ENSBTAG00000011578",0.000224436535016541,0.00040983118209891
"vitro","ENSBTAG00000017122.ENSBTAG00000019289",0.000223459541133565,0.000172577128644627
"vitro","ENSBTAG00000019269.ENSBTAG00000019289",0.000223159457047388,0.000103457343537482
"vitro","ENSBTAG00000005339.ENSBTAG00000001694",0.00022212225155846,0.000266165818646522
"vitro","ENSBTAG00000011802.ENSBTAG00000019289",0.000222032361419342,0.000244896281345432
"vitro","ENSBTAG00000021105.ENSBTAG00000006240",0.000221404271834838,0.000208792314659202
"vitro","ENSBTAG00000015114.ENSBTAG00000017489",0.000220929030517131,0.000254749357936555
"vitro","ENSBTAG00000000130.ENSBTAG00000014357",0.000220662127945079,0.000291290423768782
"vitro","ENSBTAG00000047567.ENSBTAG00000019866",0.000219983918376801,0.000472516709540663
"vitro","ENSBTAG00000003585.ENSBTAG00000007213",0.000219219873278982,0.000188875408953111
"vitro","ENSBTAG00000011851.ENSBTAG00000002699",0.000218310974811222,0.00017223591620417
"vitro","ENSBTAG00000007446.ENSBTAG00000020979",0.000218147434187932,0.000453413712192428
"vitro","ENSBTAG00000016515.ENSBTAG00000000815",0.000218107440306266,0.000304940717434803
"vitro","ENSBTAG00000020244.ENSBTAG00000006359",0.000217611803519986,0.000142269848879524
"vitro","ENSBTAG00000004630.ENSBTAG00000003585",0.000217314507282906,0.00034332489337624
"vitro","ENSBTAG00000009761.ENSBTAG00000002144",0.000215853499945894,0.000367477151900898
"vitro","ENSBTAG00000001725.ENSBTAG00000039292",0.000215410486732855,0.000364735325417502
"vitro","ENSBTAG00000011412.ENSBTAG00000017266",0.000214613937183625,0.000289314731761271
"vitro","ENSBTAG00000010123.ENSBTAG00000014611",0.000214604703177917,0.000627132366977015
"vitro","ENSBTAG00000015991.ENSBTAG00000011628",0.000214062437045079,0.000355910810587255
"vitro","ENSBTAG00000013003.ENSBTAG00000021527",0.000212943132278776,0.000598174327587892
"vitro","ENSBTAG00000005850.ENSBTAG00000022799",0.000211896080050869,0.000333617920577604
"vitro","ENSBTAG00000017564.ENSBTAG00000000561",0.000211393338983218,0.000302139117127923
"vitro","ENSBTAG00000034077.ENSBTAG00000017846",0.000211194214301136,0.000244790676274584
"vitro","ENSBTAG00000015362.ENSBTAG00000018105",0.000210975613310389,0.000435340469041176
"vitro","ENSBTAG00000007740.ENSBTAG00000015910",0.000210195773756256,0.000217089591853874
"vitro","ENSBTAG00000005628.ENSBTAG00000008852",0.000209099682462221,0.000295163515468325
"vitro","ENSBTAG00000017664.ENSBTAG00000014357",0.000208940090597242,0.0002280660774747
"vitro","ENSBTAG00000005339.ENSBTAG00000019929",0.000208757769000186,0.000270254591091745
"vitro","ENSBTAG00000001292.ENSBTAG00000034385",0.000208682351269182,0.000359874578303519
"vitro","ENSBTAG00000016208.ENSBTAG00000038141",0.000208547470822757,0.000426745714829921
"vitro","ENSBTAG00000012849.ENSBTAG00000019289",0.000207582078442269,0.00024693708149629
"vitro","ENSBTAG00000001601.ENSBTAG00000011578",0.000207308739102245,0.000235148364712777
"vitro","ENSBTAG00000040333.ENSBTAG00000013290",0.000206981334776798,0.000452131280563908
"vitro","ENSBTAG00000015742.ENSBTAG00000017060",0.000206763837033746,0.000181799870984574
"vitro","ENSBTAG00000017246.ENSBTAG00000006240",0.000206424555717066,0.000285187426555358
"vitro","ENSBTAG00000002006.ENSBTAG00000008165",0.000206134962811291,0.000255851457734045
"vitro","ENSBTAG00000011966.ENSBTAG00000015910",0.000205994057609185,0.000214518849898011
"vitro","ENSBTAG00000005947.ENSBTAG00000017060",0.000205809658783876,0.000243594232435032
"vitro","ENSBTAG00000000016.ENSBTAG00000013674",0.000205742527696537,0.00027252365330465
"vitro","ENSBTAG00000016648.ENSBTAG00000017266",0.000205360808202961,0.000436054415765007
"vitro","ENSBTAG00000015362.ENSBTAG00000018114",0.000204940039457284,0.000326306376009751
"vitro","ENSBTAG00000034077.ENSBTAG00000018999",0.000204788095109767,0.000177637391955173
"vitro","ENSBTAG00000018343.ENSBTAG00000010497",0.000204057359471655,0.000250645923440861
"vitro","ENSBTAG00000016043.ENSBTAG00000018035",0.000202627519947881,0.000476861912461947
"vitro","ENSBTAG00000017564.ENSBTAG00000019832",0.000202498599938222,0.000506392471858175
"vitro","ENSBTAG00000010303.ENSBTAG00000020892",0.000202277022686635,0.000269868761417024
"vitro","ENSBTAG00000014906.ENSBTAG00000020755",0.000202269757628171,0.000168447124718745
"vitro","ENSBTAG00000016648.ENSBTAG00000015910",0.000201508091601589,0.000398681989979273
"vitro","ENSBTAG00000005260.ENSBTAG00000013745",0.000200901065414166,0.000266357836358841
"vitro","ENSBTAG00000012004.ENSBTAG00000015910",0.00020039185318496,0.000294662262908887
"vitro","ENSBTAG00000002473.ENSBTAG00000003777",0.000200117423457099,0.000260852699697668
"vitro","ENSBTAG00000020645.ENSBTAG00000014798",0.000200000339998259,0.000418931159788881
"vitro","ENSBTAG00000019839.ENSBTAG00000019929",0.000199924188802555,0.0004287736933509
"vitro","ENSBTAG00000007897.ENSBTAG00000017489",0.000198850145715966,0.000248335397259593
"vitro","ENSBTAG00000012623.ENSBTAG00000002606",0.000198589267734215,0.000261978303744051
"vitro","ENSBTAG00000021105.ENSBTAG00000014031",0.000198176495881483,0.000306887355152485
"vitro","ENSBTAG00000008300.ENSBTAG00000004356",0.000197541638218988,0.00024294769563066
"vitro","ENSBTAG00000005691.ENSBTAG00000026676",0.000197505715225376,0.000320043843933774
"vitro","ENSBTAG00000002278.ENSBTAG00000013745",0.000197433498215078,0.000596127171135366
"vitro","ENSBTAG00000009478.ENSBTAG00000006420",0.00019723304483302,0.000261703207913037
"vitro","ENSBTAG00000008300.ENSBTAG00000017489",0.000195574978725536,0.000264579133890255
"vitro","ENSBTAG00000037533.ENSBTAG00000037735",0.000195280026035454,0.000247941357572299
"vitro","ENSBTAG00000010138.ENSBTAG00000019866",0.000194244818565456,0.000224993157411522
"vitro","ENSBTAG00000013472.ENSBTAG00000008165",0.000193522996797612,0.000167885514721804
"vitro","ENSBTAG00000006538.ENSBTAG00000019903",0.000192845588701381,0.000214797201424413
"vitro","ENSBTAG00000016208.ENSBTAG00000015910",0.000191622303682552,0.000312230889251506
"vitro","ENSBTAG00000040584.ENSBTAG00000021923",0.000191290334461897,0.000191006719001741
"vitro","ENSBTAG00000005111.ENSBTAG00000000231",0.000191173499460372,0.000344207557874087
"vitro","ENSBTAG00000005481.ENSBTAG00000003166",0.000191042136289548,0.000198052296294626
"vitro","ENSBTAG00000013472.ENSBTAG00000019289",0.000189676582899317,0.00025962670690569
"vitro","ENSBTAG00000013688.ENSBTAG00000019866",0.000189440726129552,0.00044038087603496
"vitro","ENSBTAG00000002080.ENSBTAG00000022799",0.000189245662343862,0.00014321094050227
"vitro","ENSBTAG00000012849.ENSBTAG00000015910",0.000188814030352021,0.00030287505994312
"vitro","ENSBTAG00000018103.ENSBTAG00000014420",0.000188763969564329,0.000239382948058714
"vitro","ENSBTAG00000019336.ENSBTAG00000011761",0.000188239746779751,0.000169168240911245
"vitro","ENSBTAG00000015991.ENSBTAG00000021527",0.000188047648697768,0.000352820885242902
"vitro","ENSBTAG00000037899.ENSBTAG00000007909",0.00018681352070541,0.00054017742849091
"vitro","ENSBTAG00000007897.ENSBTAG00000002144",0.000186382757637574,0.000225718237416306
"vitro","ENSBTAG00000025471.ENSBTAG00000024928",0.00018610623932133,0.000329186371854799
"vitro","ENSBTAG00000037778.ENSBTAG00000039292",0.000183376209944631,0.000283465198877388
"vitro","ENSBTAG00000013066.ENSBTAG00000002402",0.000183200871733984,0.000226720078321188
"vitro","ENSBTAG00000013901.ENSBTAG00000014269",0.000183108239300036,0.00026831703590617
"vitro","ENSBTAG00000020457.ENSBTAG00000003045",0.000182526748831187,0.000282549451825505
"vitro","ENSBTAG00000006538.ENSBTAG00000017981",0.000182393232990656,0.000356784989041759
"vitro","ENSBTAG00000003658.ENSBTAG00000000736",0.00018196393808723,0.00018819652186951
"vitro","ENSBTAG00000017866.ENSBTAG00000006240",0.000181228950089175,0.000217770018936759
"vitro","ENSBTAG00000008300.ENSBTAG00000019929",0.00018115489891831,0.000417667857640412
"vitro","ENSBTAG00000014906.ENSBTAG00000015910",0.000181025822816697,0.000241112445115532
"vitro","ENSBTAG00000013162.ENSBTAG00000002144",0.000180711590824307,0.000313968375335454
"vitro","ENSBTAG00000019866.ENSBTAG00000009851",0.000178974272675065,0.000327826928965928
"vitro","ENSBTAG00000010161.ENSBTAG00000039292",0.000178026715769906,0.00025980632954798
"vitro","ENSBTAG00000010303.ENSBTAG00000007626",0.000177774309156613,0.00025907716191431
"vitro","ENSBTAG00000020457.ENSBTAG00000013755",0.000177171953362543,0.000253033172765645
"vitro","ENSBTAG00000011757.ENSBTAG00000011578",0.000176989304774599,0.000212470276755193
"vitro","ENSBTAG00000009476.ENSBTAG00000011971",0.000176831859593852,0.00021855430907216
"vitro","ENSBTAG00000005691.ENSBTAG00000020644",0.000176641879117037,0.000324361392594513
"vitro","ENSBTAG00000006295.ENSBTAG00000020704",0.000175673494047287,0.000322980517422665
"vitro","ENSBTAG00000017246.ENSBTAG00000014064",0.0001754479784378,0.000274575916798163
"vitro","ENSBTAG00000011104.ENSBTAG00000020979",0.000175438737242534,0.000280619937689451
"vitro","ENSBTAG00000006396.ENSBTAG00000003798",0.000174527119511518,0.000310348580725706
"vitro","ENSBTAG00000001141.ENSBTAG00000015910",0.000174438103643622,0.000391372935552081
"vitro","ENSBTAG00000013760.ENSBTAG00000019929",0.000174027989839935,0.000169539763639152
"vitro","ENSBTAG00000002880.ENSBTAG00000013755",0.000173684726699956,0.000280945554611538
"vitro","ENSBTAG00000020645.ENSBTAG00000010860",0.000172795163591155,0.000204986978028725
"vitro","ENSBTAG00000021217.ENSBTAG00000015910",0.000171808380788449,0.000222227128709755
"vitro","ENSBTAG00000009476.ENSBTAG00000013745",0.000171505067786987,0.00016590172001904
"vitro","ENSBTAG00000020194.ENSBTAG00000010543",0.000171459359281078,0.000263201950838031
"vitro","ENSBTAG00000012413.ENSBTAG00000014064",0.000171215634232096,0.000224042475702766
"vitro","ENSBTAG00000000793.ENSBTAG00000019569",0.000170201709682216,0.000472978532509233
"vitro","ENSBTAG00000001368.ENSBTAG00000015910",0.000169461461805095,0.000164946384897301
"vitro","ENSBTAG00000013472.ENSBTAG00000019929",0.000168657200168517,0.000336687234084253
"vitro","ENSBTAG00000000793.ENSBTAG00000018169",0.000168569551038071,0.000234005294412063
"vitro","ENSBTAG00000013688.ENSBTAG00000011971",0.000168465597747352,0.000278930914527919
"vitro","ENSBTAG00000005305.ENSBTAG00000020979",0.000167722272450192,0.000281616881135354
"vitro","ENSBTAG00000023907.ENSBTAG00000000782",0.000167364767021369,0.000224000043614677
"vitro","ENSBTAG00000012004.ENSBTAG00000013755",0.00016642369325628,0.000188393019165329
"vitro","ENSBTAG00000038221.ENSBTAG00000000815",0.000166249033983068,0.000226165874947665
"vitro","ENSBTAG00000004777.ENSBTAG00000014420",0.000166042329287351,0.000172498169118684
"vitro","ENSBTAG00000017746.ENSBTAG00000009851",0.000165624946290294,0.000182480152995389
"vitro","ENSBTAG00000004630.ENSBTAG00000013745",0.000165204691154236,0.000216553421108566
"vitro","ENSBTAG00000009972.ENSBTAG00000011909",0.000164297027203022,0.000271741305120012
"vitro","ENSBTAG00000012004.ENSBTAG00000019929",0.000163322204025177,0.000216835323871942
"vitro","ENSBTAG00000018200.ENSBTAG00000007626",0.000163285622206557,0.000236614817614309
"vitro","ENSBTAG00000015991.ENSBTAG00000005903",0.000163087816168918,0.000329387694926538
"vitro","ENSBTAG00000020244.ENSBTAG00000015510",0.00016251434144645,0.000316908367615193
"vitro","ENSBTAG00000021048.ENSBTAG00000002144",0.000162441832149955,0.000278176878600428
"vitro","ENSBTAG00000017246.ENSBTAG00000019832",0.000162031142067583,0.000367636045197793
"vitro","ENSBTAG00000017473.ENSBTAG00000017266",0.000161882564120251,0.000274563439516645
"vitro","ENSBTAG00000012413.ENSBTAG00000010543",0.000161453042619805,0.000198173924120147
"vitro","ENSBTAG00000005077.ENSBTAG00000001060",0.000161340717632621,0.000249290737432417
"vitro","ENSBTAG00000025644.ENSBTAG00000011425",0.000161234422459271,0.000195686563148516
"vitro","ENSBTAG00000011802.ENSBTAG00000015910",0.000160393027651054,0.000155954372310847
"vitro","ENSBTAG00000010663.ENSBTAG00000015910",0.000159740688009258,0.000200664390114211
"vitro","ENSBTAG00000008300.ENSBTAG00000011578",0.00015950242647576,0.00027619727384885
"vitro","ENSBTAG00000004924.ENSBTAG00000031718",0.000159012801628709,0.000285399420691275
"vitro","ENSBTAG00000005339.ENSBTAG00000011628",0.000157486949941715,0.00022613626116764
"vitro","ENSBTAG00000004630.ENSBTAG00000019929",0.000157117967378874,0.0003879167145302
"vitro","ENSBTAG00000011412.ENSBTAG00000019289",0.000156958969228944,0.000226842967567047
"vitro","ENSBTAG00000014127.ENSBTAG00000020319",0.000156514743933153,0.000243710594371885
"vitro","ENSBTAG00000021048.ENSBTAG00000017489",0.000156048943248299,0.00025048621158129
"vitro","ENSBTAG00000005947.ENSBTAG00000019929",0.000155123970486025,0.000186492664911115
"vitro","ENSBTAG00000007268.ENSBTAG00000015910",0.000153658563752576,0.000200605329933295
"vitro","ENSBTAG00000019910.ENSBTAG00000015510",0.000153038520478949,0.000111643191328768
"vitro","ENSBTAG00000021466.ENSBTAG00000015910",0.00015256544935573,0.000242687642481677
"vitro","ENSBTAG00000023907.ENSBTAG00000019929",0.000152564434226854,0.000258397832083261
"vitro","ENSBTAG00000003835.ENSBTAG00000000231",0.000152295629592703,0.000186052483820842
"vitro","ENSBTAG00000047567.ENSBTAG00000001694",0.000151770485017995,0.000173135408002877
"vitro","ENSBTAG00000009972.ENSBTAG00000018105",0.00015167639969143,0.000228041917767307
"vitro","ENSBTAG00000006685.ENSBTAG00000005215",0.000151635566899529,0.00018483188517855
"vitro","ENSBTAG00000038735.ENSBTAG00000002144",0.000150936418711499,0.00022413988932263
"vitro","ENSBTAG00000020221.ENSBTAG00000035084",0.000150918906723072,0.000236443082064971
"vitro","ENSBTAG00000032436.ENSBTAG00000006240",0.000149881392793968,0.000195403094920447
"vitro","ENSBTAG00000013103.ENSBTAG00000011578",0.000149569270262591,0.000137730995136458
"vitro","ENSBTAG00000000793.ENSBTAG00000015910",0.000149325629425507,0.000246490887518125
"vitro","ENSBTAG00000018343.ENSBTAG00000004211",0.000148918066902024,0.000212389055251821
"vitro","ENSBTAG00000008121.ENSBTAG00000011761",0.0001478442551992,0.000376549747215609
"vitro","ENSBTAG00000025775.ENSBTAG00000019903",0.000146396851973917,0.000312857824879908
"vitro","ENSBTAG00000044040.ENSBTAG00000002804",0.000146235405598601,0.000151773001704135
"vitro","ENSBTAG00000008300.ENSBTAG00000014357",0.000145925429335078,0.00025418896445094
"vitro","ENSBTAG00000018343.ENSBTAG00000020736",0.000145036771971421,0.000215511094599234
"vitro","ENSBTAG00000017246.ENSBTAG00000012599",0.000143699070614183,0.000160590607450833
"vitro","ENSBTAG00000005111.ENSBTAG00000018114",0.000143046397707712,0.000281399830113568
"vitro","ENSBTAG00000005359.ENSBTAG00000024269",0.000142980237914206,0.000248256139737151
"vitro","ENSBTAG00000005260.ENSBTAG00000005990",0.000141147264649832,0.000288388580137381
"vitro","ENSBTAG00000020342.ENSBTAG00000007047",0.000141092982552755,0.000207475065522709
"vitro","ENSBTAG00000016542.ENSBTAG00000017266",0.000139726680552788,0.000181279296464421
"vitro","ENSBTAG00000039355.ENSBTAG00000018993",0.000139127923511391,0.000198523899581553
"vitro","ENSBTAG00000006538.ENSBTAG00000017489",0.000138872056287362,0.000209775927523413
"vitro","ENSBTAG00000014127.ENSBTAG00000039652",0.00013867738224579,0.000143182132863907
"vitro","ENSBTAG00000012004.ENSBTAG00000018035",0.000138669829904124,0.000137280474135857
"vitro","ENSBTAG00000012004.ENSBTAG00000024269",0.000137892638407917,0.000137966522209123
"vitro","ENSBTAG00000021048.ENSBTAG00000017981",0.00013777150146309,0.000280595359696542
"vitro","ENSBTAG00000010312.ENSBTAG00000017753",0.000137289528561735,0.000262051490056781
"vitro","ENSBTAG00000014906.ENSBTAG00000011628",0.000136966287620307,0.000268001834995045
"vitro","ENSBTAG00000012849.ENSBTAG00000019929",0.000136526166616812,0.000184651230359401
"vitro","ENSBTAG00000025644.ENSBTAG00000010785",0.000135050374523093,0.000175558469829872
"vitro","ENSBTAG00000020221.ENSBTAG00000016999",0.000134965988092428,0.00023555220823967
"vitro","ENSBTAG00000002317.ENSBTAG00000012119",0.000134724416770344,0.000213156048472264
"vitro","ENSBTAG00000017246.ENSBTAG00000007909",0.000134390512117416,0.000180794346179172
"vitro","ENSBTAG00000021316.ENSBTAG00000003585",0.000133928341219416,0.000323140445389385
"vitro","ENSBTAG00000006686.ENSBTAG00000015910",0.000133813330285454,0.000197217588728054
"vitro","ENSBTAG00000020457.ENSBTAG00000019929",0.000133249116319639,0.000212706366610592
"vitro","ENSBTAG00000004226.ENSBTAG00000021286",0.000132874195184354,0.00016985561933609
"vitro","ENSBTAG00000006538.ENSBTAG00000002144",0.000132709913116796,0.000143933456246671
"vitro","ENSBTAG00000010963.ENSBTAG00000003255",0.000132371567984064,0.000162720289477982
"vitro","ENSBTAG00000008027.ENSBTAG00000017489",0.00013228549376993,0.000238377206992735
"vitro","ENSBTAG00000005111.ENSBTAG00000011909",0.000130957041733476,0.000200082763030943
"vitro","ENSBTAG00000003505.ENSBTAG00000006161",0.000130686746368598,0.0002075141369169
"vitro","ENSBTAG00000024394.ENSBTAG00000019866",0.00013062604007633,0.000122336629409619
"vitro","ENSBTAG00000046421.ENSBTAG00000007213",0.000129367066606173,0.000122374111341066
"vitro","ENSBTAG00000010123.ENSBTAG00000005903",0.000129304386077035,0.00028998091969127
"vitro","ENSBTAG00000025775.ENSBTAG00000020704",0.000129210365844621,0.000249562754569111
"vitro","ENSBTAG00000017312.ENSBTAG00000039292",0.000129101323582172,0.000231937202666366
"vitro","ENSBTAG00000021879.ENSBTAG00000013755",0.000129066275704481,0.000227554697358821
"vitro","ENSBTAG00000012638.ENSBTAG00000014420",0.000128961109083609,0.000234755387982318
"vitro","ENSBTAG00000009476.ENSBTAG00000019289",0.000128529083667236,0.000198012819664054
"vitro","ENSBTAG00000008452.ENSBTAG00000016071",0.000128108057482275,0.00025081923878897
"vitro","ENSBTAG00000011412.ENSBTAG00000015910",0.000127019580426728,0.000140293753989506
"vitro","ENSBTAG00000020221.ENSBTAG00000002144",0.00012678427045025,0.00015698209119349
"vitro","ENSBTAG00000019964.ENSBTAG00000003166",0.000126061532978,0.000137140106427257
"vitro","ENSBTAG00000002006.ENSBTAG00000017866",0.000125691422575388,0.000172723952749271
"vitro","ENSBTAG00000025644.ENSBTAG00000026813",0.000125169891572275,0.000188645346348414
"vitro","ENSBTAG00000025644.ENSBTAG00000011050",0.000124859691398276,0.00016182924359582
"vitro","ENSBTAG00000014906.ENSBTAG00000011578",0.000124374990728313,0.000124743310571194
"vitro","ENSBTAG00000011082.ENSBTAG00000021527",0.00012363545222011,0.000320015456181408
"vitro","ENSBTAG00000045520.ENSBTAG00000039292",0.000122732746414397,0.00017856161292856
"vitro","ENSBTAG00000025775.ENSBTAG00000002144",0.000122597489661664,0.000204928693651197
"vitro","ENSBTAG00000025644.ENSBTAG00000011515",0.00012247894775306,0.000172414640049637
"vitro","ENSBTAG00000013760.ENSBTAG00000015910",0.000122447821038749,0.000119856310882325
"vitro","ENSBTAG00000020556.ENSBTAG00000018517",0.000122397458268247,0.000264781536018358
"vitro","ENSBTAG00000020221.ENSBTAG00000005903",0.000122225501283677,0.000119968722300275
"vitro","ENSBTAG00000007897.ENSBTAG00000023731",0.000122108553848387,0.00016086655445481
"vitro","ENSBTAG00000001141.ENSBTAG00000022799",0.00012147050406162,0.000187846228323712
"vitro","ENSBTAG00000021048.ENSBTAG00000016948",0.000120865812556448,0.000134824019352224
"vitro","ENSBTAG00000009478.ENSBTAG00000018035",0.000120803920160241,0.000269353320815136
"vitro","ENSBTAG00000012210.ENSBTAG00000037735",0.000120423591718513,0.000131046433108975
"vitro","ENSBTAG00000005198.ENSBTAG00000010543",0.000120109888440658,0.000190457524698516
"vitro","ENSBTAG00000011104.ENSBTAG00000018300",0.000119958985007971,0.000185923357475155
"vitro","ENSBTAG00000011412.ENSBTAG00000018169",0.000119907000146559,0.000141021576074882
"vitro","ENSBTAG00000014465.ENSBTAG00000013755",0.000119430064310056,0.000176991076933926
"vitro","ENSBTAG00000025471.ENSBTAG00000006378",0.000119399140642575,0.000216920923863557
"vitro","ENSBTAG00000010738.ENSBTAG00000014162",0.000119167330595007,0.000173531189662511
"vitro","ENSBTAG00000011851.ENSBTAG00000007338",0.000118822230820221,0.000162192738199662
"vitro","ENSBTAG00000005691.ENSBTAG00000014357",0.000118636265396884,0.000238490057856443
"vitro","ENSBTAG00000008300.ENSBTAG00000013745",0.000118445748884644,0.000158311932489391
"vitro","ENSBTAG00000017455.ENSBTAG00000013755",0.000116512534513783,0.000127712569820553
"vitro","ENSBTAG00000007740.ENSBTAG00000011154",0.000115793279885963,0.000141972789570067
"vitro","ENSBTAG00000015352.ENSBTAG00000012599",0.000115545191710555,0.000137788842136593
"vitro","ENSBTAG00000003176.ENSBTAG00000015910",0.000114457541856741,0.000169432606835029
"vitro","ENSBTAG00000016208.ENSBTAG00000014944",0.000113816027922181,0.000166881437235167
"vitro","ENSBTAG00000006295.ENSBTAG00000002144",0.000113370614332442,0.000234785705393887
"vitro","ENSBTAG00000000130.ENSBTAG00000004211",0.000112973979657035,0.000137600959126757
"vitro","ENSBTAG00000002317.ENSBTAG00000026676",0.000112911916691214,0.000201435162175734
"vitro","ENSBTAG00000023907.ENSBTAG00000015910",0.000112834683418969,0.00013167758951017
"vitro","ENSBTAG00000025210.ENSBTAG00000019929",0.00011279864125586,0.000216821454155546
"vitro","ENSBTAG00000002302.ENSBTAG00000017256",0.000112764909094751,0.000138622083182503
"vitro","ENSBTAG00000032436.ENSBTAG00000006161",0.000112362960793783,0.000174713562555826
"vitro","ENSBTAG00000010663.ENSBTAG00000019929",0.000112008172099767,0.00015156163130155
"vitro","ENSBTAG00000006045.ENSBTAG00000034385",0.000111995775655332,0.000283848155581346
"vitro","ENSBTAG00000009476.ENSBTAG00000015910",0.000111925113191787,0.000131543516440919
"vitro","ENSBTAG00000014921.ENSBTAG00000007101",0.000111461781105562,0.000144784904279088
"vitro","ENSBTAG00000020556.ENSBTAG00000017033",0.00011038574215671,0.000175896838709921
"vitro","ENSBTAG00000008452.ENSBTAG00000009903",0.000110335177942375,0.000131421187360074
"vitro","ENSBTAG00000038045.ENSBTAG00000018572",0.000109841540851868,0.000144997381122264
"vitro","ENSBTAG00000012849.ENSBTAG00000003585",0.000109592608041873,0.000160074059818388
"vitro","ENSBTAG00000025644.ENSBTAG00000020661",0.000109443069332352,0.000209121209238229
"vitro","ENSBTAG00000014834.ENSBTAG00000005828",0.000109399965794739,0.000147995965719329
"vitro","ENSBTAG00000020194.ENSBTAG00000011628",0.000109261331095527,0.000154115348639066
"vitro","ENSBTAG00000017280.ENSBTAG00000047793",0.000108179340920186,0.000168652975455232
"vitro","ENSBTAG00000007446.ENSBTAG00000015591",0.000107811556064991,0.000182887665637999
"vitro","ENSBTAG00000032436.ENSBTAG00000007909",0.000107648360585331,0.000146657635801119
"vitro","ENSBTAG00000020194.ENSBTAG00000014064",0.000107494704812224,0.000144992935096991
"vitro","ENSBTAG00000003835.ENSBTAG00000002081",0.000107146048917031,0.000188056238691579
"vitro","ENSBTAG00000000016.ENSBTAG00000024928",0.000106736189298227,0.000155569845555987
"vitro","ENSBTAG00000005198.ENSBTAG00000019866",0.000106140498515039,0.000117390167521796
"vitro","ENSBTAG00000010123.ENSBTAG00000014269",0.000105894329154769,0.000163463604132418
"vitro","ENSBTAG00000009972.ENSBTAG00000024269",0.000105276146047235,0.000207753401086065
"vitro","ENSBTAG00000011966.ENSBTAG00000017266",0.000105223018728424,0.000185839918747146
"vitro","ENSBTAG00000000073.ENSBTAG00000018517",0.000104560928024216,0.000120424590995846
"vitro","ENSBTAG00000046421.ENSBTAG00000006240",0.000104318164556787,0.000124713920365043
"vitro","ENSBTAG00000000016.ENSBTAG00000010497",0.000103603875330624,0.000247404522035868
"vitro","ENSBTAG00000017685.ENSBTAG00000007421",0.000103288191952436,0.00010533480962997
"vitro","ENSBTAG00000009972.ENSBTAG00000018114",0.000102979179320062,0.000223186076296655
"vitro","ENSBTAG00000009476.ENSBTAG00000000782",0.000102924976319503,0.000153400746782038
"vitro","ENSBTAG00000025644.ENSBTAG00000012100",0.000102904029707823,0.000174819359365389
"vitro","ENSBTAG00000005947.ENSBTAG00000013755",0.000100819823185059,0.000135863389176515
"vitro","ENSBTAG00000012398.ENSBTAG00000014357",9.95184268994204e-05,0.000214547031822798
"vitro","ENSBTAG00000010303.ENSBTAG00000011628",9.90177449592625e-05,0.000118366692880299
"vitro","ENSBTAG00000017753.ENSBTAG00000020054",9.90095616770741e-05,0.000168355648072836
"vitro","ENSBTAG00000030710.ENSBTAG00000020979",9.84996624590195e-05,0.000211086425332008
"vitro","ENSBTAG00000007737.ENSBTAG00000011909",9.82662105180382e-05,0.000203200573832076
"vitro","ENSBTAG00000005108.ENSBTAG00000004356",9.78160906414622e-05,0.000160234797958989
"vitro","ENSBTAG00000016542.ENSBTAG00000018169",9.71579340794797e-05,0.000135399574707694
"vitro","ENSBTAG00000001764.ENSBTAG00000026676",9.69762431482327e-05,0.00026304652063866
"vitro","ENSBTAG00000008027.ENSBTAG00000020704",9.65372253332374e-05,0.000112340109881083
"vitro","ENSBTAG00000000793.ENSBTAG00000017266",9.63046591010792e-05,0.00016392279751517
"vitro","ENSBTAG00000004226.ENSBTAG00000026278",9.61682882311328e-05,0.000120490040301962
"vitro","ENSBTAG00000005077.ENSBTAG00000034883",9.43065934464143e-05,0.000236972709082795
"vitro","ENSBTAG00000007737.ENSBTAG00000007909",9.41644728028998e-05,0.000181305175652164
"vitro","ENSBTAG00000005280.ENSBTAG00000048246",9.37429893546725e-05,0.00015777473058931
"vitro","ENSBTAG00000002006.ENSBTAG00000011154",9.35921278481572e-05,0.000117758183907982
"vitro","ENSBTAG00000019964.ENSBTAG00000001694",9.28803178475464e-05,0.000138383831471131
"vitro","ENSBTAG00000025471.ENSBTAG00000010497",9.21727673838069e-05,0.000136541563293001
"vitro","ENSBTAG00000001292.ENSBTAG00000032007",9.19848231338953e-05,0.000186812243893402
"vitro","ENSBTAG00000011082.ENSBTAG00000012687",9.15529176250145e-05,9.134939317124e-05
"vitro","ENSBTAG00000004237.ENSBTAG00000011628",9.08389795190788e-05,0.00014789371229418
"vitro","ENSBTAG00000002441.ENSBTAG00000039292",9.05828647206577e-05,0.000127059381758235
"vitro","ENSBTAG00000015991.ENSBTAG00000000253",8.98889948011747e-05,0.000143967824077212
"vitro","ENSBTAG00000017664.ENSBTAG00000006161",8.95013047170002e-05,0.00011213461692194
"vitro","ENSBTAG00000007319.ENSBTAG00000007909",8.87220583171388e-05,0.000142610057179361
"vitro","ENSBTAG00000022635.ENSBTAG00000012897",8.7042813725874e-05,0.000151399340091866
"vitro","ENSBTAG00000005108.ENSBTAG00000010462",8.68748726895684e-05,0.000150930191060644
"vitro","ENSBTAG00000038735.ENSBTAG00000017489",8.60284376322499e-05,0.000135272325742179
"vitro","ENSBTAG00000025210.ENSBTAG00000013755",8.44261082886911e-05,0.000114755071086622
"vitro","ENSBTAG00000007737.ENSBTAG00000002144",8.43398063591892e-05,0.000211497510834016
"vitro","ENSBTAG00000010123.ENSBTAG00000000736",8.41678319547332e-05,0.000154832230603537
"vitro","ENSBTAG00000011808.ENSBTAG00000018105",8.41313542324651e-05,0.000113499491354769
"vitro","ENSBTAG00000017280.ENSBTAG00000017060",8.39107414695018e-05,8.45718647641099e-05
"vitro","ENSBTAG00000009478.ENSBTAG00000014354",8.28385632169268e-05,0.00012089526677355
"vitro","ENSBTAG00000003505.ENSBTAG00000011628",8.26762547153401e-05,0.000101414415250832
"vitro","ENSBTAG00000009615.ENSBTAG00000013290",8.18815516820573e-05,7.28779345787972e-05
"vitro","ENSBTAG00000013003.ENSBTAG00000012687",8.10721907303816e-05,0.000167771697797255
"vitro","ENSBTAG00000009478.ENSBTAG00000018114",8.02426356371413e-05,0.000116693083777331
"vitro","ENSBTAG00000005691.ENSBTAG00000010543",7.90496516807891e-05,0.000147146231769526
"vitro","ENSBTAG00000018773.ENSBTAG00000019866",7.89674668453574e-05,0.000159419208806969
"vitro","ENSBTAG00000025644.ENSBTAG00000011628",7.88273824008784e-05,0.000129503866676419
"vitro","ENSBTAG00000012519.ENSBTAG00000031753",7.87681585943505e-05,0.00022597937008293
"vitro","ENSBTAG00000011784.ENSBTAG00000000736",7.8160035910064e-05,0.000183124734616118
"vitro","ENSBTAG00000015362.ENSBTAG00000000231",7.78686848415921e-05,0.000119595032348625
"vitro","ENSBTAG00000014051.ENSBTAG00000003777",7.72685123829033e-05,0.000142709289074478
"vitro","ENSBTAG00000009357.ENSBTAG00000011154",7.64670857913673e-05,0.000157397092603762
"vitro","ENSBTAG00000020342.ENSBTAG00000035084",7.62491667818685e-05,0.000140859820389786
"vitro","ENSBTAG00000002317.ENSBTAG00000014966",7.5562681459422e-05,0.000103479872416373
"vitro","ENSBTAG00000008027.ENSBTAG00000019903",7.51229931514128e-05,0.00013609857071355
"vitro","ENSBTAG00000011010.ENSBTAG00000009757",7.47985954281395e-05,0.000125307668593847
"vitro","ENSBTAG00000025471.ENSBTAG00000020054",7.47827334308216e-05,0.000160139621375445
"vitro","ENSBTAG00000005947.ENSBTAG00000002402",7.46282632210965e-05,0.000159696934446914
"vitro","ENSBTAG00000018077.ENSBTAG00000024406",7.444084233963e-05,0.000111466595638337
"vitro","ENSBTAG00000023907.ENSBTAG00000020644",7.36249636659337e-05,0.000113128514874744
"vitro","ENSBTAG00000007740.ENSBTAG00000012119",7.34324796068683e-05,0.000119333345828965
"vitro","ENSBTAG00000023600.ENSBTAG00000005910",7.31397853079618e-05,0.000154242686800162
"vitro","ENSBTAG00000013472.ENSBTAG00000001462",7.2692494242496e-05,0.000102065674724763
"vitro","ENSBTAG00000006685.ENSBTAG00000019404",7.20722683071554e-05,0.000103935242926443
"vitro","ENSBTAG00000007737.ENSBTAG00000012599",7.11843549505973e-05,9.73013194379971e-05
"vitro","ENSBTAG00000025644.ENSBTAG00000019021",7.0476660409922e-05,0.000186437214215309
"vitro","ENSBTAG00000011851.ENSBTAG00000015510",7.03139753509617e-05,0.000222352313449976
"vitro","ENSBTAG00000034077.ENSBTAG00000023731",6.98526124148816e-05,0.00010014369790498
"vitro","ENSBTAG00000005108.ENSBTAG00000001060",6.97880449362937e-05,8.09460516191284e-05
"vitro","ENSBTAG00000005077.ENSBTAG00000039292",6.92318808815727e-05,7.82404673967543e-05
"vitro","ENSBTAG00000008817.ENSBTAG00000015910",6.90891147991994e-05,8.05627085338441e-05
"vitro","ENSBTAG00000025471.ENSBTAG00000012642",6.90877310961725e-05,0.000118406667671687
"vitro","ENSBTAG00000013103.ENSBTAG00000001462",6.83213079881834e-05,0.000109256198419876
"vitro","ENSBTAG00000032436.ENSBTAG00000002144",6.78237763286511e-05,0.000103318045765122
"vitro","ENSBTAG00000032436.ENSBTAG00000014064",6.77182940830262e-05,9.31936957889977e-05
"vitro","ENSBTAG00000005198.ENSBTAG00000027464",6.68337034538009e-05,9.79086460869621e-05
"vitro","ENSBTAG00000022120.ENSBTAG00000015910",6.62805703394649e-05,0.000209597566887709
"vitro","ENSBTAG00000011757.ENSBTAG00000022799",6.60359226878721e-05,0.000104478375327529
"vitro","ENSBTAG00000011082.ENSBTAG00000002402",6.58084058808076e-05,0.000129788501570161
"vitro","ENSBTAG00000017122.ENSBTAG00000018052",6.51531992977624e-05,0.000129774471216263
"vitro","ENSBTAG00000003837.ENSBTAG00000002606",6.4769133742042e-05,0.000120337807086197
"vitro","ENSBTAG00000032808.ENSBTAG00000004211",6.41336296928318e-05,0.000107922645846667
"vitro","ENSBTAG00000018343.ENSBTAG00000015312",6.37020210874708e-05,0.000156500259798314
"vitro","ENSBTAG00000005077.ENSBTAG00000014798",6.3643073586716e-05,8.64006080662859e-05
"vitro","ENSBTAG00000038735.ENSBTAG00000019903",6.28814389459901e-05,0.000123651527205805
"vitro","ENSBTAG00000017455.ENSBTAG00000015910",6.20962568625527e-05,0.000115843192268628
"vitro","ENSBTAG00000008027.ENSBTAG00000016948",6.17399546263503e-05,0.000100307916375505
"vitro","ENSBTAG00000005581.ENSBTAG00000014162",6.1439859364414e-05,9.66556403729482e-05
"vitro","ENSBTAG00000011851.ENSBTAG00000013118",6.12501371341557e-05,8.89622700231313e-05
"vitro","ENSBTAG00000021499.ENSBTAG00000013732",6.03134168767117e-05,0.000101191869789262
"vitro","ENSBTAG00000017122.ENSBTAG00000000782",6.00976661790173e-05,9.76396052814113e-05
"vitro","ENSBTAG00000006655.ENSBTAG00000008218",5.8381103853516e-05,0.000111563276617363
"vitro","ENSBTAG00000002317.ENSBTAG00000011154",5.81596287941081e-05,0.000158453111078375
"vitro","ENSBTAG00000006295.ENSBTAG00000019903",5.70181197478992e-05,0.00010631915693299
"vitro","ENSBTAG00000005710.ENSBTAG00000009851",5.68378991242942e-05,4.79835988569766e-05
"vitro","ENSBTAG00000005108.ENSBTAG00000011154",5.66529747842927e-05,9.14465878936605e-05
"vitro","ENSBTAG00000001141.ENSBTAG00000013745",5.66334795419434e-05,0.000124692546621343
"vitro","ENSBTAG00000006655.ENSBTAG00000003255",5.63961856728464e-05,0.000113995261952324
"vitro","ENSBTAG00000004777.ENSBTAG00000017753",5.46440910864286e-05,9.75118159283352e-05
"vitro","ENSBTAG00000008121.ENSBTAG00000002606",5.3861253315305e-05,8.07863769948598e-05
"vitro","ENSBTAG00000021105.ENSBTAG00000000477",5.38015080676652e-05,0.000119938031968295
"vitro","ENSBTAG00000011851.ENSBTAG00000018572",5.35813585004451e-05,0.000145502212952782
"vitro","ENSBTAG00000012829.ENSBTAG00000016933",5.26083842165899e-05,9.91706458262621e-05
"vitro","ENSBTAG00000032808.ENSBTAG00000007498",5.17326175133646e-05,9.01933676533472e-05
"vitro","ENSBTAG00000017122.ENSBTAG00000015910",5.13219904535429e-05,8.46277380334116e-05
"vitro","ENSBTAG00000018463.ENSBTAG00000011578",4.85532072761809e-05,7.46379367755581e-05
"vitro","ENSBTAG00000020244.ENSBTAG00000000815",4.57800983712878e-05,9.77432550225603e-05
"vitro","ENSBTAG00000013760.ENSBTAG00000003585",4.54271100542639e-05,9.61616573455857e-05
"vitro","ENSBTAG00000015789.ENSBTAG00000011628",4.45342516793889e-05,9.01690940130719e-05
"vitro","ENSBTAG00000008027.ENSBTAG00000002144",4.32059208314388e-05,7.69193137439092e-05
"vitro","ENSBTAG00000020194.ENSBTAG00000015457",4.31149236708601e-05,9.32282733346223e-05
"vitro","ENSBTAG00000014051.ENSBTAG00000015910",4.21047453703704e-05,0.0001331468956718
"vitro","ENSBTAG00000013066.ENSBTAG00000021527",4.15345610348116e-05,9.48505572358612e-05
"vitro","ENSBTAG00000007446.ENSBTAG00000008849",4.09559113463124e-05,8.76240146923558e-05
"vitro","ENSBTAG00000005108.ENSBTAG00000009851",4.02727537894381e-05,8.57469676432048e-05
"vitro","ENSBTAG00000000016.ENSBTAG00000004211",4.0245430377705e-05,7.60108191701475e-05
"vitro","ENSBTAG00000005198.ENSBTAG00000014064",3.91320115886694e-05,7.39441727398029e-05
"vitro","ENSBTAG00000025644.ENSBTAG00000014773",3.85819509206121e-05,8.53499593983653e-05
"vitro","ENSBTAG00000007148.ENSBTAG00000000898",3.66633435513135e-05,4.96508671395647e-05
"vitro","ENSBTAG00000040131.ENSBTAG00000017256",3.63785856168202e-05,8.1804934215046e-05
"vitro","ENSBTAG00000019993.ENSBTAG00000039292",3.57654923689415e-05,5.23542835278039e-05
"vitro","ENSBTAG00000032808.ENSBTAG00000010785",3.48979502381676e-05,7.3779735492371e-05
"vitro","ENSBTAG00000007737.ENSBTAG00000002081",3.43697944139075e-05,5.3028299205265e-05
"vitro","ENSBTAG00000011851.ENSBTAG00000004917",3.39277450966556e-05,9.46508410224246e-05
"vitro","ENSBTAG00000004924.ENSBTAG00000039292",3.30843984335809e-05,5.90964468437354e-05
"vitro","ENSBTAG00000039355.ENSBTAG00000011515",3.25611607712142e-05,8.69980418036196e-05
"vitro","ENSBTAG00000017246.ENSBTAG00000002144",3.11931808719405e-05,4.90055353278817e-05
"vitro","ENSBTAG00000013898.ENSBTAG00000039292",2.94352678571429e-05,6.28591668049452e-05
"vitro","ENSBTAG00000002006.ENSBTAG00000005903",2.88028958772813e-05,4.66070510139999e-05
"vitro","ENSBTAG00000014051.ENSBTAG00000020148",2.83533410804958e-05,5.11278094753834e-05
"vitro","ENSBTAG00000003329.ENSBTAG00000002081",2.75951249607248e-05,7.51795427223444e-05
"vitro","ENSBTAG00000006045.ENSBTAG00000011944",2.25493596205542e-05,7.13073361791814e-05
"vitro","ENSBTAG00000005077.ENSBTAG00000003255",2.16310861013986e-05,5.29684494485266e-05
"vitro","ENSBTAG00000005108.ENSBTAG00000015996",2.13215323487972e-05,4.71586202965061e-05
"vitro","ENSBTAG00000022120.ENSBTAG00000006240",2.12603273502987e-05,4.04607928909942e-05
"vitro","ENSBTAG00000013472.ENSBTAG00000017866",2.09742954409038e-05,3.58399040774269e-05
"vitro","ENSBTAG00000023907.ENSBTAG00000013745",1.96637172222633e-05,4.50154997415993e-05
"vitro","ENSBTAG00000025471.ENSBTAG00000004211",1.8369212962963e-05,5.80885517876532e-05
"vitro","ENSBTAG00000015150.ENSBTAG00000016933",1.7814973522854e-05,3.76182519514637e-05
"vitro","ENSBTAG00000011104.ENSBTAG00000023147",1.72999131944444e-05,4.73704343328132e-05
"vitro","ENSBTAG00000004630.ENSBTAG00000015910",1.69177132584712e-05,4.67991823123845e-05
"vitro","ENSBTAG00000039355.ENSBTAG00000011578",1.37947088068182e-05,3.61995587097001e-05
"vitro","ENSBTAG00000013103.ENSBTAG00000013745",1.17809593966263e-05,3.72546647153021e-05
"vitro","ENSBTAG00000009478.ENSBTAG00000000231",0,0
"vitro","ENSBTAG00000011104.ENSBTAG00000017425",0,0
"vivo","ENSBTAG00000021697.ENSBTAG00000002804",0.0175611532205935,0.0226536623634037
"vivo","ENSBTAG00000014906.ENSBTAG00000011515",0.0171944026506493,0.0190268368358828
"vivo","ENSBTAG00000010562.ENSBTAG00000011515",0.0164117390126978,0.0344943819464684
"vivo","ENSBTAG00000014583.ENSBTAG00000011515",0.0146045800658858,0.0166537274472137
"vivo","ENSBTAG00000010452.ENSBTAG00000011515",0.0128644992033465,0.0163369599758414
"vivo","ENSBTAG00000021697.ENSBTAG00000007173",0.0111287217810671,0.0206627319296498
"vivo","ENSBTAG00000017866.ENSBTAG00000014031",0.0103871279508212,0.0122356932411654
"vivo","ENSBTAG00000007773.ENSBTAG00000018993",0.0101647745061627,0.0247915177664356
"vivo","ENSBTAG00000011851.ENSBTAG00000019866",0.00985850413415201,0.016975262326592
"vivo","ENSBTAG00000005691.ENSBTAG00000011578",0.0096127093743734,0.0219546498141403
"vivo","ENSBTAG00000025644.ENSBTAG00000011515",0.00949974432783971,0.00900243657608458
"vivo","ENSBTAG00000000793.ENSBTAG00000019289",0.00730504524387248,0.0128632961305947
"vivo","ENSBTAG00000000575.ENSBTAG00000015296",0.00726127515036791,0.0145128577653577
"vivo","ENSBTAG00000015089.ENSBTAG00000023144",0.00710051042168014,0.0127562020529559
"vivo","ENSBTAG00000017745.ENSBTAG00000015361",0.00646686773083093,0.0137679013200497
"vivo","ENSBTAG00000021697.ENSBTAG00000005990",0.00628007125075828,0.0125919211354974
"vivo","ENSBTAG00000007773.ENSBTAG00000015910",0.00604449845293338,0.0127856369321099
"vivo","ENSBTAG00000002317.ENSBTAG00000026676",0.00596016647164542,0.00889417752639757
"vivo","ENSBTAG00000007773.ENSBTAG00000010347",0.00558648209426624,0.0114383168031308
"vivo","ENSBTAG00000039355.ENSBTAG00000011515",0.00552717803139306,0.00658450860613089
"vivo","ENSBTAG00000013688.ENSBTAG00000011971",0.00508519739193802,0.00892088411342633
"vivo","ENSBTAG00000002278.ENSBTAG00000015910",0.00502893505989358,0.00684328399052039
"vivo","ENSBTAG00000016800.ENSBTAG00000000782",0.00458547457079505,0.0067347998069486
"vivo","ENSBTAG00000013155.ENSBTAG00000019289",0.00451860629271368,0.00816819977250766
"vivo","ENSBTAG00000009476.ENSBTAG00000019289",0.00449053966959207,0.00570934783862771
"vivo","ENSBTAG00000021217.ENSBTAG00000019289",0.00424243051185676,0.00506904452066402
"vivo","ENSBTAG00000007773.ENSBTAG00000003418",0.00423918045019389,0.010188245004871
"vivo","ENSBTAG00000009476.ENSBTAG00000011971",0.0041371271057173,0.00683434343332968
"vivo","ENSBTAG00000019269.ENSBTAG00000019289",0.00410762529624481,0.00619388489856757
"vivo","ENSBTAG00000002278.ENSBTAG00000019929",0.00377487487479553,0.00509219215880036
"vivo","ENSBTAG00000013688.ENSBTAG00000019866",0.00377484303696745,0.00380595255637559
"vivo","ENSBTAG00000015114.ENSBTAG00000017489",0.00366755750663951,0.00778159839795004
"vivo","ENSBTAG00000015362.ENSBTAG00000018114",0.00366345557192177,0.00691409562074471
"vivo","ENSBTAG00000008027.ENSBTAG00000020704",0.00351900425727395,0.00376491864137633
"vivo","ENSBTAG00000020645.ENSBTAG00000017489",0.00342803109751895,0.00697361525298319
"vivo","ENSBTAG00000009208.ENSBTAG00000044190",0.00320498002487848,0.00969439666127132
"vivo","ENSBTAG00000015362.ENSBTAG00000002081",0.00320091835566747,0.00463484193100265
"vivo","ENSBTAG00000019866.ENSBTAG00000009851",0.00316362011100878,0.00401265268069866
"vivo","ENSBTAG00000005691.ENSBTAG00000014064",0.00301865627139775,0.00335813145801374
"vivo","ENSBTAG00000001745.ENSBTAG00000019289",0.00282747971194378,0.00574138661217471
"vivo","ENSBTAG00000025644.ENSBTAG00000010986",0.00273713588848661,0.00422446990725434
"vivo","ENSBTAG00000005339.ENSBTAG00000011971",0.00272421005348769,0.00359379701692369
"vivo","ENSBTAG00000014906.ENSBTAG00000008008",0.00270806300722167,0.00390663530152447
"vivo","ENSBTAG00000021697.ENSBTAG00000019929",0.0027060032530015,0.00484084749920742
"vivo","ENSBTAG00000017060.ENSBTAG00000010303",0.00269219652964645,0.00393000302518118
"vivo","ENSBTAG00000010138.ENSBTAG00000019866",0.00267308332154953,0.0050368392001254
"vivo","ENSBTAG00000021302.ENSBTAG00000019289",0.00266656642165773,0.00419008141133403
"vivo","ENSBTAG00000005111.ENSBTAG00000002081",0.00264286165417755,0.0057916225948222
"vivo","ENSBTAG00000001941.ENSBTAG00000023144",0.00260447789747954,0.00424355865089342
"vivo","ENSBTAG00000021105.ENSBTAG00000014031",0.00247592915830293,0.00262811458861706
"vivo","ENSBTAG00000002317.ENSBTAG00000018052",0.00240075061211553,0.00387679927677367
"vivo","ENSBTAG00000013155.ENSBTAG00000008373",0.00238795674910111,0.00348857364972996
"vivo","ENSBTAG00000014583.ENSBTAG00000012100",0.00235046818974457,0.00333018682466378
"vivo","ENSBTAG00000011808.ENSBTAG00000018105",0.00233306839124193,0.00191925018723005
"vivo","ENSBTAG00000013066.ENSBTAG00000002402",0.0023157703835735,0.00448053791790914
"vivo","ENSBTAG00000018463.ENSBTAG00000011578",0.00230984712569346,0.00503598085522916
"vivo","ENSBTAG00000015991.ENSBTAG00000021190",0.00227915574724166,0.003019652416147
"vivo","ENSBTAG00000014583.ENSBTAG00000010986",0.00227062486613302,0.00381177633336566
"vivo","ENSBTAG00000021217.ENSBTAG00000015910",0.00226481807082458,0.00512139354275467
"vivo","ENSBTAG00000020645.ENSBTAG00000010860",0.0021924920253158,0.00612811867516612
"vivo","ENSBTAG00000021316.ENSBTAG00000003585",0.00212988509431807,0.00402851372414762
"vivo","ENSBTAG00000008027.ENSBTAG00000016948",0.00206902489257903,0.00311572641860763
"vivo","ENSBTAG00000014906.ENSBTAG00000015910",0.00206861402569962,0.00219589469414802
"vivo","ENSBTAG00000002317.ENSBTAG00000014966",0.00206007397392193,0.00333737826144236
"vivo","ENSBTAG00000021048.ENSBTAG00000017489",0.00202968524519441,0.00407198341594774
"vivo","ENSBTAG00000038735.ENSBTAG00000017489",0.00202949164379029,0.00364855681318934
"vivo","ENSBTAG00000017745.ENSBTAG00000018474",0.00200846121923901,0.00507550122072372
"vivo","ENSBTAG00000002317.ENSBTAG00000011154",0.00200453959468192,0.0031499933657468
"vivo","ENSBTAG00000007773.ENSBTAG00000017060",0.00199770971291935,0.00529099089031775
"vivo","ENSBTAG00000007737.ENSBTAG00000006378",0.00196811182410682,0.00501667361335191
"vivo","ENSBTAG00000008027.ENSBTAG00000019903",0.00196785187934483,0.00321605654207048
"vivo","ENSBTAG00000012849.ENSBTAG00000019289",0.00193545777777214,0.00392704137756792
"vivo","ENSBTAG00000040131.ENSBTAG00000017256",0.00193117581995585,0.00548597959522096
"vivo","ENSBTAG00000013066.ENSBTAG00000012687",0.00187295509715961,0.00508539388636014
"vivo","ENSBTAG00000002278.ENSBTAG00000013745",0.00184861540259258,0.00285655220069462
"vivo","ENSBTAG00000006685.ENSBTAG00000019404",0.00184344070670289,0.00206952869617277
"vivo","ENSBTAG00000032436.ENSBTAG00000014064",0.00182859739936415,0.00184851552133084
"vivo","ENSBTAG00000021316.ENSBTAG00000019289",0.00181758767943094,0.002909379097753
"vivo","ENSBTAG00000032436.ENSBTAG00000006378",0.00180262164503985,0.00492396939656331
"vivo","ENSBTAG00000018200.ENSBTAG00000007626",0.00177325769128457,0.00266556064032318
"vivo","ENSBTAG00000008027.ENSBTAG00000012314",0.00174682812333097,0.00415966039579093
"vivo","ENSBTAG00000013066.ENSBTAG00000021527",0.00173773166935202,0.00355305731017078
"vivo","ENSBTAG00000021326.ENSBTAG00000039292",0.0017276175092557,0.00505503227198486
"vivo","ENSBTAG00000012817.ENSBTAG00000007909",0.00172041613182091,0.00281068279204096
"vivo","ENSBTAG00000011010.ENSBTAG00000009757",0.0016929303767704,0.00328971013977889
"vivo","ENSBTAG00000017246.ENSBTAG00000006378",0.00167766699682487,0.00481168035712571
"vivo","ENSBTAG00000005198.ENSBTAG00000011578",0.00163512642324923,0.00228824013174426
"vivo","ENSBTAG00000001764.ENSBTAG00000021190",0.00162975961056629,0.00460553829392354
"vivo","ENSBTAG00000017745.ENSBTAG00000010423",0.00154050172180838,0.00170913780971424
"vivo","ENSBTAG00000025644.ENSBTAG00000012100",0.00150533750752093,0.00198449543553061
"vivo","ENSBTAG00000012817.ENSBTAG00000022799",0.00148341828080449,0.0021631783448009
"vivo","ENSBTAG00000000073.ENSBTAG00000014611",0.00148218022026097,0.00409806649991743
"vivo","ENSBTAG00000012413.ENSBTAG00000014064",0.00147681883613774,0.00294262648776549
"vivo","ENSBTAG00000012529.ENSBTAG00000012899",0.00143108976101547,0.00223104617998769
"vivo","ENSBTAG00000015362.ENSBTAG00000006420",0.00142355741970422,0.00234414234833713
"vivo","ENSBTAG00000021807.ENSBTAG00000016247",0.00141354150374458,0.00145546421156286
"vivo","ENSBTAG00000014737.ENSBTAG00000037649",0.00140472713431009,0.00180070305235124
"vivo","ENSBTAG00000017866.ENSBTAG00000008008",0.00140401994962559,0.00194665511837725
"vivo","ENSBTAG00000015362.ENSBTAG00000011909",0.00139784440006657,0.00205941717996276
"vivo","ENSBTAG00000009476.ENSBTAG00000000782",0.00138560708175426,0.00174593180049659
"vivo","ENSBTAG00000007446.ENSBTAG00000003060",0.00133606949342859,0.00186142180270924
"vivo","ENSBTAG00000005198.ENSBTAG00000019866",0.00132670366557319,0.00156705786604547
"vivo","ENSBTAG00000019269.ENSBTAG00000015910",0.00132488332735275,0.00286572332734624
"vivo","ENSBTAG00000008300.ENSBTAG00000017489",0.0012969027458574,0.00344138972870609
"vivo","ENSBTAG00000021217.ENSBTAG00000010682",0.00128860883383293,0.00225808265644053
"vivo","ENSBTAG00000005691.ENSBTAG00000019866",0.00128472074445045,0.00210528863272382
"vivo","ENSBTAG00000017246.ENSBTAG00000014064",0.00127757815927908,0.00123852110751909
"vivo","ENSBTAG00000019267.ENSBTAG00000011578",0.00127757303483359,0.00242511018564081
"vivo","ENSBTAG00000008027.ENSBTAG00000007175",0.00127693198873078,0.00217584428586259
"vivo","ENSBTAG00000012817.ENSBTAG00000005397",0.00127152265820348,0.00196703375610741
"vivo","ENSBTAG00000005339.ENSBTAG00000007213",0.00124431177201949,0.00110549260778443
"vivo","ENSBTAG00000000277.ENSBTAG00000027676",0.00120997276885062,0.0014303904736812
"vivo","ENSBTAG00000008027.ENSBTAG00000002144",0.00119298382037428,0.00199399354045857
"vivo","ENSBTAG00000007737.ENSBTAG00000014064",0.0011853389128139,0.00108441933943534
"vivo","ENSBTAG00000003585.ENSBTAG00000007213",0.0011704852112342,0.00123524166441436
"vivo","ENSBTAG00000047330.ENSBTAG00000017851",0.00116784657516326,0.00206023314773639
"vivo","ENSBTAG00000013103.ENSBTAG00000011578",0.00115528484476045,0.00271214676654097
"vivo","ENSBTAG00000006045.ENSBTAG00000011944",0.00114733418274012,0.00209539653168886
"vivo","ENSBTAG00000012519.ENSBTAG00000031753",0.00112873951024221,0.00236212011374213
"vivo","ENSBTAG00000020645.ENSBTAG00000006208",0.00110409670332482,0.000867693129970904
"vivo","ENSBTAG00000000575.ENSBTAG00000019289",0.00109609030575012,0.0012968507795178
"vivo","ENSBTAG00000010312.ENSBTAG00000014064",0.00108241832514577,0.00115863117661259
"vivo","ENSBTAG00000003658.ENSBTAG00000018517",0.00108065493418536,0.00206476653567554
"vivo","ENSBTAG00000005260.ENSBTAG00000011578",0.00107723598206704,0.00283171869894064
"vivo","ENSBTAG00000015362.ENSBTAG00000000231",0.00106910533301949,0.0014584269077788
"vivo","ENSBTAG00000015742.ENSBTAG00000017060",0.00105725847124788,0.00156191313666853
"vivo","ENSBTAG00000013901.ENSBTAG00000014269",0.00103828225472523,0.00193347269122495
"vivo","ENSBTAG00000021499.ENSBTAG00000013732",0.00103175947128528,0.00144671313408164
"vivo","ENSBTAG00000009476.ENSBTAG00000001462",0.000990555424778177,0.00154107821803061
"vivo","ENSBTAG00000006685.ENSBTAG00000005215",0.000990443961179068,0.000922563519743117
"vivo","ENSBTAG00000021811.ENSBTAG00000003777",0.000986108721951552,0.0020101884277736
"vivo","ENSBTAG00000010303.ENSBTAG00000007626",0.000970254255036121,0.00223147943643707
"vivo","ENSBTAG00000016800.ENSBTAG00000007338",0.000963255430230495,0.00208324805243558
"vivo","ENSBTAG00000020645.ENSBTAG00000014798",0.00096056716164524,0.000827494882330916
"vivo","ENSBTAG00000010303.ENSBTAG00000017060",0.000958453481680498,0.00222076503117716
"vivo","ENSBTAG00000026779.ENSBTAG00000007103",0.000956427329605394,0.0024391465346298
"vivo","ENSBTAG00000014575.ENSBTAG00000019289",0.000917078335413883,0.0017051117081183
"vivo","ENSBTAG00000011851.ENSBTAG00000012771",0.000913647609749951,0.000935367075810848
"vivo","ENSBTAG00000034077.ENSBTAG00000003848",0.000907299219238007,0.0026009981576983
"vivo","ENSBTAG00000007897.ENSBTAG00000017489",0.000906869941098018,0.00107464187102342
"vivo","ENSBTAG00000019993.ENSBTAG00000039292",0.000906332062038682,0.00197776976390796
"vivo","ENSBTAG00000015362.ENSBTAG00000018105",0.000905942621050708,0.00124280405629392
"vivo","ENSBTAG00000009476.ENSBTAG00000015910",0.000899525743374999,0.00099201423916241
"vivo","ENSBTAG00000011757.ENSBTAG00000011578",0.000877315297183633,0.00186933216018993
"vivo","ENSBTAG00000013472.ENSBTAG00000011578",0.000876226019309742,0.00200638722762187
"vivo","ENSBTAG00000008817.ENSBTAG00000015910",0.000874980841887054,0.00147667765951008
"vivo","ENSBTAG00000007708.ENSBTAG00000000244",0.000869952695100918,0.00110646847589816
"vivo","ENSBTAG00000008300.ENSBTAG00000033669",0.000867635807210207,0.000809845320518246
"vivo","ENSBTAG00000001492.ENSBTAG00000007213",0.000864692217976595,0.0026442334141442
"vivo","ENSBTAG00000019716.ENSBTAG00000039292",0.000864549079495539,0.00197326743873833
"vivo","ENSBTAG00000007737.ENSBTAG00000002081",0.000862123190075372,0.00219854299878585
"vivo","ENSBTAG00000014906.ENSBTAG00000011628",0.000853921216638895,0.0011415161730213
"vivo","ENSBTAG00000021457.ENSBTAG00000011986",0.000840642386452074,0.00116031614541639
"vivo","ENSBTAG00000001601.ENSBTAG00000011578",0.000840061804950344,0.00192334151322056
"vivo","ENSBTAG00000003329.ENSBTAG00000002081",0.000829157145009351,0.00200675138745158
"vivo","ENSBTAG00000017246.ENSBTAG00000010444",0.000824997481868606,0.00147788749044245
"vivo","ENSBTAG00000010161.ENSBTAG00000015133",0.000824807628632726,0.00201385960172444
"vivo","ENSBTAG00000013162.ENSBTAG00000012314",0.00082412427108422,0.00189635865588197
"vivo","ENSBTAG00000031444.ENSBTAG00000006360",0.000818112806791738,0.00196008260530721
"vivo","ENSBTAG00000008026.ENSBTAG00000007175",0.000815651540037497,0.0015636862728032
"vivo","ENSBTAG00000014834.ENSBTAG00000011628",0.000815572881627934,0.00143227347283489
"vivo","ENSBTAG00000010562.ENSBTAG00000020755",0.00081034494716326,0.00124133218231933
"vivo","ENSBTAG00000008817.ENSBTAG00000017266",0.000805543454675344,0.00130383826706202
"vivo","ENSBTAG00000011034.ENSBTAG00000020148",0.000800132973015864,0.00208460535050502
"vivo","ENSBTAG00000007273.ENSBTAG00000002144",0.000797317359575548,0.00193075046255752
"vivo","ENSBTAG00000005359.ENSBTAG00000024269",0.000787610360044241,0.00076570546842609
"vivo","ENSBTAG00000021466.ENSBTAG00000019289",0.000770823539496143,0.00137761294601419
"vivo","ENSBTAG00000037899.ENSBTAG00000007909",0.00076577737695369,0.000564108456925064
"vivo","ENSBTAG00000011851.ENSBTAG00000000782",0.000762198339946495,0.00141926730576925
"vivo","ENSBTAG00000005359.ENSBTAG00000011909",0.000761671894173705,0.000768736227935167
"vivo","ENSBTAG00000011585.ENSBTAG00000015046",0.000750543754625578,0.00130924764237721
"vivo","ENSBTAG00000047567.ENSBTAG00000019866",0.000746951281812534,0.00159179464963374
"vivo","ENSBTAG00000014737.ENSBTAG00000000802",0.000745655152095637,0.0021306394785125
"vivo","ENSBTAG00000017564.ENSBTAG00000018035",0.000742749979679218,0.00176254688868961
"vivo","ENSBTAG00000008300.ENSBTAG00000013125",0.000740579865312614,0.00198488147908298
"vivo","ENSBTAG00000005481.ENSBTAG00000003166",0.0007371166275087,0.00135217336467297
"vivo","ENSBTAG00000018773.ENSBTAG00000019866",0.000735628842910301,0.00136450108309575
"vivo","ENSBTAG00000010361.ENSBTAG00000007909",0.000731088637240494,0.000972442439471493
"vivo","ENSBTAG00000016208.ENSBTAG00000015910",0.000726900331887389,0.00082640982481256
"vivo","ENSBTAG00000004777.ENSBTAG00000014420",0.000724354124846376,0.00140497251548967
"vivo","ENSBTAG00000005339.ENSBTAG00000003166",0.00072416974713536,0.0013246070151024
"vivo","ENSBTAG00000008452.ENSBTAG00000013909",0.000719823744562258,0.000504656692881864
"vivo","ENSBTAG00000011412.ENSBTAG00000019289",0.000717607953629092,0.001121343737921
"vivo","ENSBTAG00000004237.ENSBTAG00000010444",0.000716128568106384,0.00114298965902965
"vivo","ENSBTAG00000012004.ENSBTAG00000013843",0.000713120481316277,0.000690300665639378
"vivo","ENSBTAG00000034077.ENSBTAG00000017846",0.000709360370504224,0.00188137342376814
"vivo","ENSBTAG00000014834.ENSBTAG00000005828",0.00070642435623799,0.000970330446825968
"vivo","ENSBTAG00000014906.ENSBTAG00000020755",0.000691701719858903,0.00080657160760151
"vivo","ENSBTAG00000037899.ENSBTAG00000022799",0.000686285160390146,0.000547421113617049
"vivo","ENSBTAG00000005111.ENSBTAG00000018114",0.000680535282287306,0.000838601631970653
"vivo","ENSBTAG00000019993.ENSBTAG00000027516",0.000680437703901251,0.000833178174188733
"vivo","ENSBTAG00000032436.ENSBTAG00000022799",0.000676456108249379,0.000967668386263377
"vivo","ENSBTAG00000013898.ENSBTAG00000047704",0.000674720466305907,0.00196263759945073
"vivo","ENSBTAG00000022120.ENSBTAG00000008165",0.000671555977309575,0.00206512753576403
"vivo","ENSBTAG00000000442.ENSBTAG00000007348",0.000669356775510523,0.000868671963382704
"vivo","ENSBTAG00000019267.ENSBTAG00000014357",0.000668571034985052,0.000913402077803431
"vivo","ENSBTAG00000002080.ENSBTAG00000022799",0.000665946398253363,0.000937515285355407
"vivo","ENSBTAG00000019910.ENSBTAG00000015510",0.000663041230460152,0.000894591702630444
"vivo","ENSBTAG00000017549.ENSBTAG00000002699",0.00066265302095978,0.000843662626397659
"vivo","ENSBTAG00000011238.ENSBTAG00000017256",0.000657417951745823,0.00177097594996517
"vivo","ENSBTAG00000020221.ENSBTAG00000006835",0.000655203473455385,0.0011875058096909
"vivo","ENSBTAG00000032436.ENSBTAG00000012599",0.000637014616510175,0.000746593042776069
"vivo","ENSBTAG00000039355.ENSBTAG00000011578",0.000633396419782643,0.000881804052196281
"vivo","ENSBTAG00000021302.ENSBTAG00000015910",0.000627894943561451,0.000836610042847306
"vivo","ENSBTAG00000005947.ENSBTAG00000013125",0.000627416092381308,0.00178112793807081
"vivo","ENSBTAG00000021105.ENSBTAG00000005273",0.000624118569496509,0.000788896216510487
"vivo","ENSBTAG00000017246.ENSBTAG00000012314",0.000622698650132691,0.00133561334246198
"vivo","ENSBTAG00000021316.ENSBTAG00000015910",0.000613476437950641,0.00105599577909835
"vivo","ENSBTAG00000020638.ENSBTAG00000000782",0.00060603501617215,0.000763628324505519
"vivo","ENSBTAG00000001725.ENSBTAG00000039292",0.000603619951839736,0.00114152634058691
"vivo","ENSBTAG00000012004.ENSBTAG00000008997",0.00060089274829471,0.00151910192421805
"vivo","ENSBTAG00000032436.ENSBTAG00000012314",0.000600726437768986,0.00100423429334285
"vivo","ENSBTAG00000005691.ENSBTAG00000026676",0.000599582785433522,0.00119133525993654
"vivo","ENSBTAG00000008300.ENSBTAG00000011578",0.00059745310251694,0.00101098978719425
"vivo","ENSBTAG00000011291.ENSBTAG00000006732",0.000593443711397949,0.000946594255729428
"vivo","ENSBTAG00000020645.ENSBTAG00000005990",0.000584899045469246,0.00102976599180543
"vivo","ENSBTAG00000015352.ENSBTAG00000012599",0.00058436449176381,0.000716028876340949
"vivo","ENSBTAG00000017664.ENSBTAG00000011578",0.000582447923494334,0.00122453597146101
"vivo","ENSBTAG00000008817.ENSBTAG00000019929",0.000579258380104405,0.00120938872570602
"vivo","ENSBTAG00000013155.ENSBTAG00000010682",0.000577122606612246,0.00156028636463269
"vivo","ENSBTAG00000020194.ENSBTAG00000011628",0.000576799735860709,0.0012792978225865
"vivo","ENSBTAG00000038221.ENSBTAG00000006359",0.000575580421529752,0.00115494180994703
"vivo","ENSBTAG00000005339.ENSBTAG00000019866",0.000574458198321279,0.000729435008033956
"vivo","ENSBTAG00000005359.ENSBTAG00000018035",0.000574035601896121,0.000679500947155635
"vivo","ENSBTAG00000007273.ENSBTAG00000012314",0.000567229192886909,0.000808269527248828
"vivo","ENSBTAG00000021457.ENSBTAG00000023147",0.000561265026313555,0.000808530068208761
"vivo","ENSBTAG00000007273.ENSBTAG00000032719",0.000561100852794425,0.00137183245834103
"vivo","ENSBTAG00000003658.ENSBTAG00000015910",0.000560545344372689,0.000663412328716092
"vivo","ENSBTAG00000011851.ENSBTAG00000007338",0.000560029882924967,0.000873182591932935
"vivo","ENSBTAG00000013472.ENSBTAG00000017866",0.000555752314175019,0.000713022659876777
"vivo","ENSBTAG00000001321.ENSBTAG00000005273",0.000550936417450532,0.000719098924906226
"vivo","ENSBTAG00000007273.ENSBTAG00000034385",0.00054941729853756,0.00140990848229644
"vivo","ENSBTAG00000023907.ENSBTAG00000015910",0.000545079564962739,0.000922609453314814
"vivo","ENSBTAG00000005111.ENSBTAG00000006420",0.00054087460485195,0.00085823311693201
"vivo","ENSBTAG00000009761.ENSBTAG00000012314",0.000540312920381423,0.000747620626383474
"vivo","ENSBTAG00000000310.ENSBTAG00000022799",0.000536273531881883,0.000822682928552548
"vivo","ENSBTAG00000034077.ENSBTAG00000018999",0.000535852444828626,0.00140540474060608
"vivo","ENSBTAG00000007740.ENSBTAG00000013320",0.000534501326527789,0.00116486203217726
"vivo","ENSBTAG00000021048.ENSBTAG00000008483",0.000531923219344954,0.00093675052875661
"vivo","ENSBTAG00000021326.ENSBTAG00000014798",0.000522209960028731,0.00152364975599871
"vivo","ENSBTAG00000001292.ENSBTAG00000032007",0.000518904172805029,0.00131704574113846
"vivo","ENSBTAG00000000575.ENSBTAG00000026676",0.000518366231740192,0.00108580036357262
"vivo","ENSBTAG00000047567.ENSBTAG00000000570",0.000504975460601913,0.000411656752349253
"vivo","ENSBTAG00000005691.ENSBTAG00000027464",0.000503910046577166,0.000567641939727268
"vivo","ENSBTAG00000025644.ENSBTAG00000014567",0.000497915253612136,0.000563599737770322
"vivo","ENSBTAG00000012164.ENSBTAG00000010498",0.000494986736013574,0.000641272140111679
"vivo","ENSBTAG00000004237.ENSBTAG00000011628",0.000494699626234548,0.000705470224492598
"vivo","ENSBTAG00000015362.ENSBTAG00000008997",0.000493429444029082,0.000642106244103102
"vivo","ENSBTAG00000010303.ENSBTAG00000007103",0.000489690517752914,0.00122009168452568
"vivo","ENSBTAG00000014127.ENSBTAG00000020319",0.000489662287115565,0.00118839842494053
"vivo","ENSBTAG00000005198.ENSBTAG00000014064",0.000488625001463641,0.000678240785561535
"vivo","ENSBTAG00000007148.ENSBTAG00000034848",0.000482838750288535,0.000896590380765026
"vivo","ENSBTAG00000012228.ENSBTAG00000010146",0.000478583888710199,0.000778861886127409
"vivo","ENSBTAG00000019716.ENSBTAG00000003220",0.000474223848371712,0.000610615946806027
"vivo","ENSBTAG00000007737.ENSBTAG00000022799",0.00047265355156763,0.000622822625836341
"vivo","ENSBTAG00000005077.ENSBTAG00000018424",0.000469887033611432,0.00085051337932287
"vivo","ENSBTAG00000019866.ENSBTAG00000000782",0.000467049123486832,0.000799642519349594
"vivo","ENSBTAG00000007737.ENSBTAG00000012599",0.000465933161969752,0.000416494075413782
"vivo","ENSBTAG00000013363.ENSBTAG00000009851",0.000463075910504529,0.000674379229430272
"vivo","ENSBTAG00000032436.ENSBTAG00000006240",0.00046024622971249,0.000914664341576998
"vivo","ENSBTAG00000005339.ENSBTAG00000015910",0.000456847473095494,0.000711488215958453
"vivo","ENSBTAG00000005947.ENSBTAG00000013745",0.00045067216688435,0.00065359419243214
"vivo","ENSBTAG00000020645.ENSBTAG00000014600",0.00044795022106364,0.000776173307769457
"vivo","ENSBTAG00000020645.ENSBTAG00000013674",0.000446277690684665,0.00090173704501896
"vivo","ENSBTAG00000000575.ENSBTAG00000020679",0.000446125938026237,0.000693066511158491
"vivo","ENSBTAG00000024394.ENSBTAG00000019866",0.000440949835139238,0.000564483401491673
"vivo","ENSBTAG00000018343.ENSBTAG00000004211",0.000440258893851047,0.000881591846529719
"vivo","ENSBTAG00000014906.ENSBTAG00000011578",0.000434553456220185,0.00053601034711169
"vivo","ENSBTAG00000012829.ENSBTAG00000016933",0.000432270679588425,0.00052066538095766
"vivo","ENSBTAG00000001725.ENSBTAG00000014798",0.000432190654326682,0.000556187272225421
"vivo","ENSBTAG00000032436.ENSBTAG00000007909",0.000421017588196817,0.00043233156950589
"vivo","ENSBTAG00000018347.ENSBTAG00000013205",0.000417468732542686,0.000493606490799564
"vivo","ENSBTAG00000014737.ENSBTAG00000011971",0.000417291968751495,0.000879152385315909
"vivo","ENSBTAG00000018103.ENSBTAG00000011154",0.000415921499443517,0.000549096649671858
"vivo","ENSBTAG00000013155.ENSBTAG00000015910",0.000414449100220612,0.000800409488365651
"vivo","ENSBTAG00000008026.ENSBTAG00000047138",0.000413181461198456,0.00114113194797084
"vivo","ENSBTAG00000017280.ENSBTAG00000039292",0.000413042713239253,0.000617985068839914
"vivo","ENSBTAG00000013760.ENSBTAG00000015910",0.000412743916765165,0.000815912795408389
"vivo","ENSBTAG00000007148.ENSBTAG00000000898",0.000412553375907339,0.00102606948740113
"vivo","ENSBTAG00000007737.ENSBTAG00000010444",0.000411865557070573,0.000847219284796613
"vivo","ENSBTAG00000008237.ENSBTAG00000005273",0.000410796149557699,0.000449618167260936
"vivo","ENSBTAG00000023652.ENSBTAG00000003166",0.000410654031250829,0.000793438448574173
"vivo","ENSBTAG00000014575.ENSBTAG00000019929",0.00040942248009913,0.000465849935522457
"vivo","ENSBTAG00000005111.ENSBTAG00000000231",0.000407763946909141,0.000502342730621327
"vivo","ENSBTAG00000011757.ENSBTAG00000007909",0.000405877752877155,0.000602643127275215
"vivo","ENSBTAG00000007244.ENSBTAG00000019929",0.000404782119759305,0.000605798448676107
"vivo","ENSBTAG00000008300.ENSBTAG00000019289",0.000403762618211275,0.00074484328583838
"vivo","ENSBTAG00000012228.ENSBTAG00000014966",0.00039680547709003,0.000549506773487463
"vivo","ENSBTAG00000019964.ENSBTAG00000003166",0.000396242840823977,0.000350272253058997
"vivo","ENSBTAG00000039355.ENSBTAG00000018993",0.000395514653815998,0.000634456818403003
"vivo","ENSBTAG00000016260.ENSBTAG00000011628",0.000389324849562557,0.000477849221331927
"vivo","ENSBTAG00000010161.ENSBTAG00000039292",0.000387860187828389,0.000488466464651941
"vivo","ENSBTAG00000012413.ENSBTAG00000015457",0.000381241104348971,0.000906928084103668
"vivo","ENSBTAG00000009478.ENSBTAG00000002081",0.000380797047548915,0.000797844094521935
"vivo","ENSBTAG00000019604.ENSBTAG00000009851",0.000379398069291383,0.000321209532190303
"vivo","ENSBTAG00000014465.ENSBTAG00000013125",0.000379145726555482,0.00110001541910384
"vivo","ENSBTAG00000017246.ENSBTAG00000012599",0.000378469996250162,0.000528164447008665
"vivo","ENSBTAG00000017246.ENSBTAG00000022799",0.000375653644535812,0.000717196612966168
"vivo","ENSBTAG00000005111.ENSBTAG00000008997",0.000374363726280417,0.000391062593840745
"vivo","ENSBTAG00000007737.ENSBTAG00000011909",0.00037301916596026,0.000545015995466337
"vivo","ENSBTAG00000011784.ENSBTAG00000000736",0.000366041261617149,0.000890270564475277
"vivo","ENSBTAG00000014583.ENSBTAG00000014567",0.000360961948118432,0.00037354288947489
"vivo","ENSBTAG00000005077.ENSBTAG00000039292",0.000360735745107387,0.000543221564675274
"vivo","ENSBTAG00000020221.ENSBTAG00000005092",0.000360676615013309,0.000379071007161182
"vivo","ENSBTAG00000008611.ENSBTAG00000011761",0.000359345686841851,0.000239713204819151
"vivo","ENSBTAG00000017246.ENSBTAG00000007909",0.00035862262431214,0.000461355681947799
"vivo","ENSBTAG00000006295.ENSBTAG00000017489",0.000356170808182342,0.000620623537214973
"vivo","ENSBTAG00000011802.ENSBTAG00000019289",0.000355668272705991,0.000550845610691242
"vivo","ENSBTAG00000017312.ENSBTAG00000039292",0.000355526759415023,0.000232560606525791
"vivo","ENSBTAG00000004594.ENSBTAG00000019569",0.000353742860390525,0.000600240116075633
"vivo","ENSBTAG00000014583.ENSBTAG00000026813",0.00035354124790232,0.000715880287666775
"vivo","ENSBTAG00000005481.ENSBTAG00000022799",0.000352535149580956,0.000531817133907563
"vivo","ENSBTAG00000007737.ENSBTAG00000007909",0.00035182064718528,0.000398578677809792
"vivo","ENSBTAG00000006538.ENSBTAG00000017489",0.000351597781393823,0.0006901600274596
"vivo","ENSBTAG00000006295.ENSBTAG00000020704",0.000346388793101468,0.000547231307370645
"vivo","ENSBTAG00000003253.ENSBTAG00000007665",0.000344498879907923,0.000687831169722318
"vivo","ENSBTAG00000032436.ENSBTAG00000010444",0.000344106640503085,0.00028983072607587
"vivo","ENSBTAG00000010138.ENSBTAG00000011971",0.000342441321159134,0.000406415201609447
"vivo","ENSBTAG00000001745.ENSBTAG00000015910",0.000340087080894133,0.000479096385540804
"vivo","ENSBTAG00000007273.ENSBTAG00000011738",0.000339581234606051,0.000394457632328066
"vivo","ENSBTAG00000016208.ENSBTAG00000014944",0.000337279965038496,0.000456012084104279
"vivo","ENSBTAG00000004594.ENSBTAG00000011578",0.000336591848785458,0.000486653314238337
"vivo","ENSBTAG00000012398.ENSBTAG00000014357",0.000335733636479649,0.000964961714375996
"vivo","ENSBTAG00000014575.ENSBTAG00000015910",0.000335228355424564,0.000302173469378751
"vivo","ENSBTAG00000022635.ENSBTAG00000009757",0.000335024142624158,0.000548876048055636
"vivo","ENSBTAG00000012228.ENSBTAG00000001814",0.000334911552646236,0.000566092146314839
"vivo","ENSBTAG00000001321.ENSBTAG00000013205",0.000327745853967923,0.00060912492887709
"vivo","ENSBTAG00000010334.ENSBTAG00000046199",0.000327572377659923,0.000739663358542806
"vivo","ENSBTAG00000000073.ENSBTAG00000018517",0.000326115865847609,0.000592511600431041
"vivo","ENSBTAG00000011034.ENSBTAG00000003777",0.000324954400120851,0.000548068070810115
"vivo","ENSBTAG00000006989.ENSBTAG00000011971",0.000323205087145429,0.000384761015527183
"vivo","ENSBTAG00000005077.ENSBTAG00000014798",0.000322772398289016,0.000280882048132121
"vivo","ENSBTAG00000000470.ENSBTAG00000019929",0.00032046201732727,0.000500922944569063
"vivo","ENSBTAG00000008817.ENSBTAG00000012897",0.000320448239271355,0.000620866794988207
"vivo","ENSBTAG00000007148.ENSBTAG00000020199",0.000320405361536823,0.000677880105938192
"vivo","ENSBTAG00000013718.ENSBTAG00000005072",0.000319540862714015,0.000508718152786895
"vivo","ENSBTAG00000015991.ENSBTAG00000010444",0.000316241634542645,0.000280884151296999
"vivo","ENSBTAG00000013760.ENSBTAG00000019289",0.000314970395801103,0.000734970195800486
"vivo","ENSBTAG00000011757.ENSBTAG00000022799",0.000313680070204511,0.000469927520547594
"vivo","ENSBTAG00000025644.ENSBTAG00000026813",0.000313576512787322,0.000491827677472419
"vivo","ENSBTAG00000011810.ENSBTAG00000003777",0.000313413664662796,0.000283148558954514
"vivo","ENSBTAG00000013760.ENSBTAG00000003585",0.000312473167517448,0.00056331437945142
"vivo","ENSBTAG00000000793.ENSBTAG00000017266",0.000312282573521685,0.000438921537978702
"vivo","ENSBTAG00000001321.ENSBTAG00000002144",0.000308148720572029,0.00044801993398802
"vivo","ENSBTAG00000017664.ENSBTAG00000019712",0.000307184226037949,0.000792469100338842
"vivo","ENSBTAG00000012849.ENSBTAG00000003585",0.000305733704271408,0.000272805165140779
"vivo","ENSBTAG00000005111.ENSBTAG00000011909",0.000305351511528925,0.000494321749138638
"vivo","ENSBTAG00000000793.ENSBTAG00000018169",0.000303111563780976,0.000293090675221213
"vivo","ENSBTAG00000025644.ENSBTAG00000004588",0.00030172149344281,0.000649967090507522
"vivo","ENSBTAG00000005947.ENSBTAG00000019712",0.000301361811506466,0.000236570528668559
"vivo","ENSBTAG00000018103.ENSBTAG00000006240",0.000301277358730268,0.000389241755623222
"vivo","ENSBTAG00000020194.ENSBTAG00000014064",0.000297877001657227,0.000648132215525598
"vivo","ENSBTAG00000011104.ENSBTAG00000018300",0.0002946356425995,0.00035071401583111
"vivo","ENSBTAG00000040584.ENSBTAG00000021923",0.000294615011971388,0.000474059392595065
"vivo","ENSBTAG00000004261.ENSBTAG00000017060",0.000292926669149681,0.000344416322019998
"vivo","ENSBTAG00000021105.ENSBTAG00000000477",0.000291324261422522,0.000646057655827388
"vivo","ENSBTAG00000025644.ENSBTAG00000020667",0.000290732025429974,0.000537249239374111
"vivo","ENSBTAG00000011104.ENSBTAG00000017425",0.000289914878131573,0.000334083636876273
"vivo","ENSBTAG00000011412.ENSBTAG00000018169",0.000287391333766509,0.00060452788948982
"vivo","ENSBTAG00000020645.ENSBTAG00000011461",0.000286386167150779,0.000271693091245219
"vivo","ENSBTAG00000005339.ENSBTAG00000011628",0.00028600983079553,0.000423694068082642
"vivo","ENSBTAG00000005947.ENSBTAG00000015739",0.000284929900554498,0.000363339184872274
"vivo","ENSBTAG00000002006.ENSBTAG00000017866",0.000280348643067404,0.00037776961803827
"vivo","ENSBTAG00000017280.ENSBTAG00000005397",0.000279369442279053,0.000632004921811381
"vivo","ENSBTAG00000011966.ENSBTAG00000019289",0.000278423997120575,0.0005181137387019
"vivo","ENSBTAG00000009565.ENSBTAG00000002804",0.000278311751175763,0.00043650191847764
"vivo","ENSBTAG00000017664.ENSBTAG00000015910",0.000274533567212229,0.000742370369388413
"vivo","ENSBTAG00000007268.ENSBTAG00000015910",0.000272574523176851,0.000412991733283494
"vivo","ENSBTAG00000005339.ENSBTAG00000015996",0.000272443678917494,0.00080710255852682
"vivo","ENSBTAG00000014113.ENSBTAG00000019428",0.000272059036778269,0.000745450283274731
"vivo","ENSBTAG00000025644.ENSBTAG00000014600",0.000271570122674209,0.000330034780192037
"vivo","ENSBTAG00000009876.ENSBTAG00000020736",0.000270686058369751,0.000391519753562081
"vivo","ENSBTAG00000009393.ENSBTAG00000039292",0.000269403331808173,0.00049637946132215
"vivo","ENSBTAG00000015043.ENSBTAG00000022799",0.000267145821422553,0.000553468363485442
"vivo","ENSBTAG00000000283.ENSBTAG00000012771",0.000265966167015471,0.000450853675411866
"vivo","ENSBTAG00000017473.ENSBTAG00000019289",0.000263130852104588,0.000391774228467075
"vivo","ENSBTAG00000017246.ENSBTAG00000006240",0.000262864269613621,0.000454214601667977
"vivo","ENSBTAG00000026236.ENSBTAG00000019929",0.000261729816753993,0.000218664151858023
"vivo","ENSBTAG00000010123.ENSBTAG00000018517",0.000260768999585189,0.000391098062228171
"vivo","ENSBTAG00000009212.ENSBTAG00000012314",0.000260482326975339,0.000409506329625815
"vivo","ENSBTAG00000018343.ENSBTAG00000020736",0.000259294208944682,0.000348072574825477
"vivo","ENSBTAG00000021499.ENSBTAG00000008036",0.000259024246858436,0.000338550133585247
"vivo","ENSBTAG00000006686.ENSBTAG00000015910",0.000254367768806589,0.000310242767238151
"vivo","ENSBTAG00000008027.ENSBTAG00000047138",0.000253413762198922,0.000550028153620321
"vivo","ENSBTAG00000013162.ENSBTAG00000002144",0.000252428436836167,0.000169306970394203
"vivo","ENSBTAG00000020244.ENSBTAG00000015510",0.000251818448115164,0.000286109189631787
"vivo","ENSBTAG00000017468.ENSBTAG00000013557",0.000251265081349777,0.000392596872573979
"vivo","ENSBTAG00000001764.ENSBTAG00000026676",0.000250601474895402,0.000773530551976673
"vivo","ENSBTAG00000025471.ENSBTAG00000010497",0.000249101440455117,0.000478788898482213
"vivo","ENSBTAG00000034501.ENSBTAG00000005397",0.000249094013285613,0.000362001718463184
"vivo","ENSBTAG00000005710.ENSBTAG00000015457",0.000248116322073598,0.000375084606345154
"vivo","ENSBTAG00000012004.ENSBTAG00000019832",0.000247912317935894,0.000278674378458085
"vivo","ENSBTAG00000006538.ENSBTAG00000019903",0.000247722307306081,0.000309999814051141
"vivo","ENSBTAG00000038735.ENSBTAG00000019903",0.000245671153734202,0.00026025327450729
"vivo","ENSBTAG00000005947.ENSBTAG00000015910",0.000243043576935451,0.000215970879926494
"vivo","ENSBTAG00000013760.ENSBTAG00000019929",0.000242333771183854,0.000657430128531499
"vivo","ENSBTAG00000019665.ENSBTAG00000005273",0.000241925536853944,0.000213444446154763
"vivo","ENSBTAG00000000575.ENSBTAG00000015910",0.000241696043183988,0.000180806031892736
"vivo","ENSBTAG00000021466.ENSBTAG00000004885",0.0002416018094484,0.000345500959284434
"vivo","ENSBTAG00000017664.ENSBTAG00000014357",0.00024041430158751,0.000671581141265145
"vivo","ENSBTAG00000004226.ENSBTAG00000021286",0.000238598763209959,0.000317188144079411
"vivo","ENSBTAG00000013103.ENSBTAG00000019289",0.000238374856887097,0.000344086784416983
"vivo","ENSBTAG00000045582.ENSBTAG00000002144",0.000237771937684259,0.000295927092630022
"vivo","ENSBTAG00000004630.ENSBTAG00000019929",0.000236835909533891,0.000369927911875939
"vivo","ENSBTAG00000011802.ENSBTAG00000017266",0.000235826584876797,0.000285408679225818
"vivo","ENSBTAG00000011412.ENSBTAG00000019929",0.000234993866575382,0.000273305423741347
"vivo","ENSBTAG00000016267.ENSBTAG00000020755",0.000234097978944324,0.000379433500937777
"vivo","ENSBTAG00000040333.ENSBTAG00000013290",0.000233892981671576,0.000344688762768093
"vivo","ENSBTAG00000025644.ENSBTAG00000004337",0.000233186266638483,0.000360110179347228
"vivo","ENSBTAG00000000016.ENSBTAG00000016455",0.000230786183751052,0.000564034180318753
"vivo","ENSBTAG00000030710.ENSBTAG00000013755",0.000230773860228664,0.000309591393710294
"vivo","ENSBTAG00000011563.ENSBTAG00000010497",0.000230309688283248,0.000278360227881438
"vivo","ENSBTAG00000006538.ENSBTAG00000020704",0.000228843612011633,0.000332125968327288
"vivo","ENSBTAG00000005077.ENSBTAG00000015127",0.000228137724936892,0.000464570485855721
"vivo","ENSBTAG00000020676.ENSBTAG00000011578",0.000227207757782222,0.000246243065293824
"vivo","ENSBTAG00000005628.ENSBTAG00000008852",0.000226391336814138,0.000446971455581526
"vivo","ENSBTAG00000014583.ENSBTAG00000004337",0.000225443870673417,0.000248812947411688
"vivo","ENSBTAG00000007319.ENSBTAG00000022799",0.000224868424612328,0.000410720874644194
"vivo","ENSBTAG00000000575.ENSBTAG00000012897",0.000224269017675216,0.000227920872472246
"vivo","ENSBTAG00000007244.ENSBTAG00000015910",0.000224075210561018,0.000328657785421327
"vivo","ENSBTAG00000001244.ENSBTAG00000017060",0.00022334971018067,0.000241539090908336
"vivo","ENSBTAG00000005077.ENSBTAG00000034883",0.000223108903563727,0.000276070546180287
"vivo","ENSBTAG00000002302.ENSBTAG00000017256",0.000221320249801324,0.000280870226471967
"vivo","ENSBTAG00000019964.ENSBTAG00000001694",0.000220698045926805,0.000406843325943197
"vivo","ENSBTAG00000000073.ENSBTAG00000012314",0.00022058227805846,0.000392393566412278
"vivo","ENSBTAG00000007737.ENSBTAG00000006240",0.000220403563528622,0.000267027093459658
"vivo","ENSBTAG00000004362.ENSBTAG00000015996",0.000220384681713424,0.000250170697485955
"vivo","ENSBTAG00000031998.ENSBTAG00000039292",0.000219906568492965,0.000325709237117377
"vivo","ENSBTAG00000020645.ENSBTAG00000012848",0.000219139060615525,0.000180534322976391
"vivo","ENSBTAG00000007153.ENSBTAG00000012219",0.000218048924269456,0.00023949802166838
"vivo","ENSBTAG00000004924.ENSBTAG00000039292",0.000216329461821705,0.000294456068063488
"vivo","ENSBTAG00000014583.ENSBTAG00000014600",0.000216161805667154,0.000352811137124005
"vivo","ENSBTAG00000023907.ENSBTAG00000020644",0.000214548476503191,0.000503447176413624
"vivo","ENSBTAG00000020457.ENSBTAG00000008997",0.000213926774643096,0.000311693639473879
"vivo","ENSBTAG00000020221.ENSBTAG00000035084",0.000213817920484471,0.000216835428724524
"vivo","ENSBTAG00000016542.ENSBTAG00000018169",0.000213613443233324,0.000329185190945071
"vivo","ENSBTAG00000007737.ENSBTAG00000012314",0.000212639963344521,0.000401978106564577
"vivo","ENSBTAG00000010179.ENSBTAG00000026676",0.000211757870350831,0.000316118040710142
"vivo","ENSBTAG00000015177.ENSBTAG00000010249",0.000211236484866296,0.000448086628817165
"vivo","ENSBTAG00000005359.ENSBTAG00000019832",0.000210508359855451,0.000232542365689687
"vivo","ENSBTAG00000020194.ENSBTAG00000015457",0.000210391291967205,0.000331272426363382
"vivo","ENSBTAG00000013898.ENSBTAG00000039292",0.00021031416526436,0.000201926646021393
"vivo","ENSBTAG00000000793.ENSBTAG00000019569",0.000210190693752029,0.000275516695693247
"vivo","ENSBTAG00000014737.ENSBTAG00000000782",0.000209815660839283,0.000322078217312749
"vivo","ENSBTAG00000011104.ENSBTAG00000023147",0.000209398095153256,0.000275908801815063
"vivo","ENSBTAG00000013472.ENSBTAG00000015910",0.00020890800035802,0.000334398279360289
"vivo","ENSBTAG00000007737.ENSBTAG00000002144",0.000208399480496455,0.00020695195764415
"vivo","ENSBTAG00000010738.ENSBTAG00000003220",0.00020817279162278,0.000329964579601364
"vivo","ENSBTAG00000013472.ENSBTAG00000001462",0.000207432108845802,0.000231413118348421
"vivo","ENSBTAG00000005581.ENSBTAG00000039292",0.000205857613362296,0.000217761800069722
"vivo","ENSBTAG00000015991.ENSBTAG00000011628",0.00020580780015418,0.000350576072511476
"vivo","ENSBTAG00000006984.ENSBTAG00000021818",0.000204212746424631,0.000449438343028423
"vivo","ENSBTAG00000012849.ENSBTAG00000019929",0.000204149801135769,0.000345104113269352
"vivo","ENSBTAG00000007725.ENSBTAG00000012687",0.000203909425395287,0.00013858741612144
"vivo","ENSBTAG00000008300.ENSBTAG00000018993",0.00020389534681973,0.000423321577283703
"vivo","ENSBTAG00000032808.ENSBTAG00000010785",0.000203506246754296,0.000354967910899206
"vivo","ENSBTAG00000005359.ENSBTAG00000008997",0.00020315112888065,0.000387677606102315
"vivo","ENSBTAG00000000793.ENSBTAG00000015910",0.000202857762027224,0.000248299726835284
"vivo","ENSBTAG00000017246.ENSBTAG00000019832",0.000201092409385378,0.000192043198775628
"vivo","ENSBTAG00000010123.ENSBTAG00000012314",0.000201077711958394,0.000325278757350628
"vivo","ENSBTAG00000001460.ENSBTAG00000020661",0.000201044090818129,0.00031136622953891
"vivo","ENSBTAG00000007338.ENSBTAG00000004917",0.000199669415013954,0.000437401988584801
"vivo","ENSBTAG00000013103.ENSBTAG00000017866",0.000199420529706658,0.000255174414001585
"vivo","ENSBTAG00000020638.ENSBTAG00000001141",0.000199367879071408,0.000364551065204341
"vivo","ENSBTAG00000007897.ENSBTAG00000020704",0.000198953803565249,0.000386645764888468
"vivo","ENSBTAG00000012398.ENSBTAG00000008008",0.000198915267466962,0.00050337084186789
"vivo","ENSBTAG00000038221.ENSBTAG00000000815",0.00019878729033571,0.00022605866740224
"vivo","ENSBTAG00000007897.ENSBTAG00000016948",0.000197729302003796,0.000244384610275339
"vivo","ENSBTAG00000008237.ENSBTAG00000013205",0.000197218874216296,0.000221113454339911
"vivo","ENSBTAG00000009876.ENSBTAG00000006420",0.000197172412823909,0.000290657851314493
"vivo","ENSBTAG00000007244.ENSBTAG00000000253",0.000197143438603623,0.000305838744664244
"vivo","ENSBTAG00000012057.ENSBTAG00000005072",0.000196289951772669,0.000432957579926098
"vivo","ENSBTAG00000022635.ENSBTAG00000018169",0.000196015043565915,0.000188192675982309
"vivo","ENSBTAG00000019964.ENSBTAG00000005828",0.000195369727981409,0.000330913406164183
"vivo","ENSBTAG00000013103.ENSBTAG00000001462",0.00019530896363644,0.000387645106132198
"vivo","ENSBTAG00000011851.ENSBTAG00000004917",0.000194400808700429,0.000272632575082464
"vivo","ENSBTAG00000017312.ENSBTAG00000017136",0.000193244013907424,0.000246294464452195
"vivo","ENSBTAG00000000130.ENSBTAG00000004211",0.000193135990256073,0.000345978467960466
"vivo","ENSBTAG00000000130.ENSBTAG00000010785",0.000192577261140459,0.000354647817785008
"vivo","ENSBTAG00000019694.ENSBTAG00000013745",0.000192413500709587,0.000200668341112736
"vivo","ENSBTAG00000017753.ENSBTAG00000014420",0.000192172786765932,0.000294664657443437
"vivo","ENSBTAG00000006354.ENSBTAG00000025101",0.000191937120643237,0.000228035818136425
"vivo","ENSBTAG00000007897.ENSBTAG00000023731",0.000191695987250156,0.000330280880568803
"vivo","ENSBTAG00000017122.ENSBTAG00000019289",0.00019088454718276,0.000456330917963785
"vivo","ENSBTAG00000014583.ENSBTAG00000011050",0.000190303893344915,0.00034835920003729
"vivo","ENSBTAG00000014575.ENSBTAG00000003585",0.00018970585373234,0.00026424967717038
"vivo","ENSBTAG00000007897.ENSBTAG00000019903",0.000188678417371541,0.000286381717329367
"vivo","ENSBTAG00000021811.ENSBTAG00000020148",0.000188206429375662,0.000232205922087331
"vivo","ENSBTAG00000009812.ENSBTAG00000003220",0.000187505921541486,0.000388188671319481
"vivo","ENSBTAG00000011966.ENSBTAG00000018169",0.000187505689131317,0.000442291035952099
"vivo","ENSBTAG00000016208.ENSBTAG00000015127",0.000186961346093381,0.000251171900508942
"vivo","ENSBTAG00000010738.ENSBTAG00000019428",0.000185763591844771,0.00023948174044321
"vivo","ENSBTAG00000017122.ENSBTAG00000011154",0.000184774119780298,0.000240009341185476
"vivo","ENSBTAG00000011412.ENSBTAG00000015910",0.000183345493581863,0.000240228301786387
"vivo","ENSBTAG00000002006.ENSBTAG00000014269",0.000182368088514866,0.000193910249541752
"vivo","ENSBTAG00000009972.ENSBTAG00000024269",0.000180698942627341,0.000418707083814233
"vivo","ENSBTAG00000014113.ENSBTAG00000003220",0.00018049344497095,0.000285192909066377
"vivo","ENSBTAG00000010361.ENSBTAG00000022799",0.000179944302406053,0.000232276258989446
"vivo","ENSBTAG00000044040.ENSBTAG00000002804",0.000179796834394726,0.000287116217662339
"vivo","ENSBTAG00000014921.ENSBTAG00000018474",0.00017787506724119,0.000451582005476799
"vivo","ENSBTAG00000017455.ENSBTAG00000013755",0.000176657785746013,0.000442534023145983
"vivo","ENSBTAG00000016542.ENSBTAG00000017266",0.000176590690530288,0.000254333190088678
"vivo","ENSBTAG00000018103.ENSBTAG00000017753",0.000176345410679741,0.000357168222967974
"vivo","ENSBTAG00000000130.ENSBTAG00000014357",0.000175607097655867,0.000254393787880933
"vivo","ENSBTAG00000005691.ENSBTAG00000014357",0.000175282866949468,0.000190745444789842
"vivo","ENSBTAG00000000575.ENSBTAG00000019929",0.000175136430808568,0.000228627435884939
"vivo","ENSBTAG00000004362.ENSBTAG00000014357",0.000175076232745108,0.00019964618398413
"vivo","ENSBTAG00000023907.ENSBTAG00000000782",0.000175060111824438,0.000179131617095666
"vivo","ENSBTAG00000005947.ENSBTAG00000013755",0.000175031377084277,0.000451186789809119
"vivo","ENSBTAG00000025868.ENSBTAG00000008165",0.000174696729080145,0.000294224706841833
"vivo","ENSBTAG00000007148.ENSBTAG00000008165",0.000173482485961649,0.000464523760937333
"vivo","ENSBTAG00000023907.ENSBTAG00000013755",0.000173340112674477,0.000237067185917702
"vivo","ENSBTAG00000012829.ENSBTAG00000017745",0.000172511130287136,0.000132617493619952
"vivo","ENSBTAG00000008452.ENSBTAG00000009903",0.000172475560069463,0.000219166189594582
"vivo","ENSBTAG00000015978.ENSBTAG00000011628",0.000172211735933173,0.000367545845358368
"vivo","ENSBTAG00000018134.ENSBTAG00000010444",0.000171219927615366,0.000197215619763557
"vivo","ENSBTAG00000047567.ENSBTAG00000001694",0.000171158328741141,0.000185323888158366
"vivo","ENSBTAG00000008027.ENSBTAG00000017981",0.000169977342807383,0.000344723649291811
"vivo","ENSBTAG00000009357.ENSBTAG00000012771",0.000169942913490386,0.000195201406171907
"vivo","ENSBTAG00000014921.ENSBTAG00000017745",0.000169809230492925,0.000387384057681157
"vivo","ENSBTAG00000045582.ENSBTAG00000012314",0.000169044611175422,0.00012896574265945
"vivo","ENSBTAG00000001941.ENSBTAG00000011409",0.000168861507652651,0.000295080500735691
"vivo","ENSBTAG00000003832.ENSBTAG00000022799",0.000168012587843333,0.000301379739298276
"vivo","ENSBTAG00000025868.ENSBTAG00000013755",0.000167209189993412,0.000314954718045488
"vivo","ENSBTAG00000004630.ENSBTAG00000015910",0.000166798847050967,0.000313628745286286
"vivo","ENSBTAG00000018134.ENSBTAG00000011628",0.000166769153901102,0.000286067719930126
"vivo","ENSBTAG00000008096.ENSBTAG00000019733",0.000166410344303611,0.000242475997192792
"vivo","ENSBTAG00000015150.ENSBTAG00000016933",0.000166054713196548,0.00017979399998343
"vivo","ENSBTAG00000003806.ENSBTAG00000016455",0.000165918465756601,0.000281246770488254
"vivo","ENSBTAG00000002006.ENSBTAG00000003585",0.000165814286195124,0.000135479948538397
"vivo","ENSBTAG00000010738.ENSBTAG00000001338",0.000164414729676667,0.000164533407973911
"vivo","ENSBTAG00000021807.ENSBTAG00000021664",0.000164290045180632,0.000176022549881977
"vivo","ENSBTAG00000011851.ENSBTAG00000011425",0.000163821468690418,0.000190597908817201
"vivo","ENSBTAG00000023907.ENSBTAG00000019929",0.000163527419206603,0.000207098007508067
"vivo","ENSBTAG00000022120.ENSBTAG00000019929",0.00016271884107757,0.000372107229901326
"vivo","ENSBTAG00000002317.ENSBTAG00000012119",0.000162709945061408,0.00029143872344587
"vivo","ENSBTAG00000032436.ENSBTAG00000002144",0.000162529820963181,0.000134869388642456
"vivo","ENSBTAG00000017280.ENSBTAG00000017060",0.000162500798684415,0.000247540309784266
"vivo","ENSBTAG00000021316.ENSBTAG00000019929",0.000162005437437771,0.00012734206387067
"vivo","ENSBTAG00000001292.ENSBTAG00000034385",0.000161360337713549,0.000171376253905578
"vivo","ENSBTAG00000021048.ENSBTAG00000019903",0.00016104265957569,0.000240421799181249
"vivo","ENSBTAG00000010726.ENSBTAG00000012314",0.000160730446267881,0.000341780212133909
"vivo","ENSBTAG00000007737.ENSBTAG00000019832",0.000160705910157895,0.000201267286985603
"vivo","ENSBTAG00000014737.ENSBTAG00000015910",0.000160056366852318,0.000214947487462117
"vivo","ENSBTAG00000025471.ENSBTAG00000004211",0.000158899328792435,0.000140268238309098
"vivo","ENSBTAG00000021105.ENSBTAG00000006240",0.000158423864529633,0.000265929147387417
"vivo","ENSBTAG00000018255.ENSBTAG00000015127",0.000157905265822691,0.000279474199070504
"vivo","ENSBTAG00000006655.ENSBTAG00000003255",0.000157240900243234,0.000194588403051417
"vivo","ENSBTAG00000017549.ENSBTAG00000008197",0.000157169962647917,0.000227484751857188
"vivo","ENSBTAG00000001941.ENSBTAG00000014966",0.000155675496865657,0.000278265290535233
"vivo","ENSBTAG00000014583.ENSBTAG00000020667",0.000155346046077891,0.000330122059564186
"vivo","ENSBTAG00000020244.ENSBTAG00000006359",0.000154911962557635,0.000258523641067335
"vivo","ENSBTAG00000015801.ENSBTAG00000015510",0.000154208481082302,0.000198752647540678
"vivo","ENSBTAG00000005339.ENSBTAG00000000570",0.000154124314838296,0.000153770654432133
"vivo","ENSBTAG00000010303.ENSBTAG00000011628",0.000153831506221039,0.000363510097095404
"vivo","ENSBTAG00000005691.ENSBTAG00000024269",0.000151591796904046,0.000147426754513105
"vivo","ENSBTAG00000009357.ENSBTAG00000012119",0.000151004597179948,0.000199091221066178
"vivo","ENSBTAG00000010663.ENSBTAG00000015910",0.000150708204278797,0.000299433959061032
"vivo","ENSBTAG00000000016.ENSBTAG00000010497",0.000146156805448868,0.00037004207593528
"vivo","ENSBTAG00000020457.ENSBTAG00000012599",0.000145997495416489,0.00033469581625962
"vivo","ENSBTAG00000020645.ENSBTAG00000014944",0.000145980867834714,0.000217205015743236
"vivo","ENSBTAG00000022120.ENSBTAG00000013745",0.000145873936429936,0.00013824921543427
"vivo","ENSBTAG00000021105.ENSBTAG00000013205",0.000145541446079011,0.000141081257171699
"vivo","ENSBTAG00000017753.ENSBTAG00000039292",0.000145479046482877,0.000131828161065264
"vivo","ENSBTAG00000015742.ENSBTAG00000007103",0.000145116210798212,0.000270819131371137
"vivo","ENSBTAG00000005710.ENSBTAG00000014064",0.000145100060612374,0.000175311759840535
"vivo","ENSBTAG00000020406.ENSBTAG00000047793",0.000144666415440003,0.000148262126436848
"vivo","ENSBTAG00000018343.ENSBTAG00000010497",0.000143846303009648,0.000186976388506586
"vivo","ENSBTAG00000007740.ENSBTAG00000026676",0.000143645183343655,0.000243458981691333
"vivo","ENSBTAG00000007897.ENSBTAG00000039292",0.000143445886397657,0.000183820192756251
"vivo","ENSBTAG00000005280.ENSBTAG00000048246",0.0001431997889969,0.000143574148819329
"vivo","ENSBTAG00000011966.ENSBTAG00000015910",0.000142895702004622,0.000416994188094131
"vivo","ENSBTAG00000025775.ENSBTAG00000017489",0.000142375336501301,0.000228488601982309
"vivo","ENSBTAG00000010991.ENSBTAG00000007348",0.000142299158254885,0.000115845845817965
"vivo","ENSBTAG00000015089.ENSBTAG00000015910",0.000142299098479213,0.000107222707835166
"vivo","ENSBTAG00000017866.ENSBTAG00000006240",0.000142256898317287,0.000154377987108761
"vivo","ENSBTAG00000014113.ENSBTAG00000014162",0.000141820990465546,0.000155845077202178
"vivo","ENSBTAG00000007740.ENSBTAG00000007909",0.000141638696754746,0.000212492562891448
"vivo","ENSBTAG00000032808.ENSBTAG00000004211",0.000141262829889888,0.000157215160520799
"vivo","ENSBTAG00000016648.ENSBTAG00000017266",0.000141066708153067,0.000120984841597222
"vivo","ENSBTAG00000017746.ENSBTAG00000009851",0.000140750157485089,0.000201764258202393
"vivo","ENSBTAG00000037778.ENSBTAG00000039292",0.000140220904760312,0.000239861677204351
"vivo","ENSBTAG00000013103.ENSBTAG00000019929",0.00014010645499414,0.000166489982110187
"vivo","ENSBTAG00000021048.ENSBTAG00000002144",0.000139593464911369,0.000152713025018968
"vivo","ENSBTAG00000020556.ENSBTAG00000018517",0.000139455679848003,0.000143163049458372
"vivo","ENSBTAG00000022635.ENSBTAG00000015910",0.000139228264302015,0.000150427096821962
"vivo","ENSBTAG00000019839.ENSBTAG00000015910",0.000138768055589817,0.000310788118239858
"vivo","ENSBTAG00000006354.ENSBTAG00000012071",0.000138549785377842,0.000204759497517943
"vivo","ENSBTAG00000006276.ENSBTAG00000047138",0.000137001742873061,0.000216352998481877
"vivo","ENSBTAG00000015327.ENSBTAG00000011425",0.000136944613463822,0.000219817173814004
"vivo","ENSBTAG00000012109.ENSBTAG00000013674",0.000135908929244635,0.000194863999941276
"vivo","ENSBTAG00000006505.ENSBTAG00000006240",0.000135895535335908,0.000125447106023037
"vivo","ENSBTAG00000046421.ENSBTAG00000006240",0.000134516773738728,0.000179779661667986
"vivo","ENSBTAG00000011851.ENSBTAG00000010647",0.000134295770536248,0.000155423501881358
"vivo","ENSBTAG00000013472.ENSBTAG00000019289",0.000132427036483348,0.000304600667062788
"vivo","ENSBTAG00000016515.ENSBTAG00000015510",0.000131988144135644,0.000217994475325934
"vivo","ENSBTAG00000025644.ENSBTAG00000019021",0.000131099369385209,0.000197633087944094
"vivo","ENSBTAG00000007897.ENSBTAG00000002144",0.000131056904179398,0.000306231091116522
"vivo","ENSBTAG00000013103.ENSBTAG00000004885",0.000130849241563839,0.000170990340239843
"vivo","ENSBTAG00000004129.ENSBTAG00000003220",0.000130832222850496,0.000260783742822153
"vivo","ENSBTAG00000007446.ENSBTAG00000008733",0.000130810781971994,0.000171478606497711
"vivo","ENSBTAG00000005305.ENSBTAG00000008849",0.000130636124103819,0.000190792637284154
"vivo","ENSBTAG00000003835.ENSBTAG00000002081",0.000130600372378436,0.000264710463976176
"vivo","ENSBTAG00000013201.ENSBTAG00000020319",0.000129650112940743,0.000295260560221105
"vivo","ENSBTAG00000020406.ENSBTAG00000021527",0.00012945946370947,0.000302601337765803
"vivo","ENSBTAG00000021333.ENSBTAG00000017801",0.000128674960232419,0.000190298110621892
"vivo","ENSBTAG00000020457.ENSBTAG00000013222",0.000128473297172492,0.000176283686477711
"vivo","ENSBTAG00000022120.ENSBTAG00000015910",0.000128157777885551,0.000106909651705743
"vivo","ENSBTAG00000016177.ENSBTAG00000011628",0.000127792957269512,0.000137396723464957
"vivo","ENSBTAG00000000559.ENSBTAG00000020661",0.000127625282096314,0.000149078010016711
"vivo","ENSBTAG00000017745.ENSBTAG00000016933",0.000127376329174484,0.00024661623796469
"vivo","ENSBTAG00000016542.ENSBTAG00000019289",0.000127338326650227,0.00022272082025099
"vivo","ENSBTAG00000010963.ENSBTAG00000000973",0.000127135334699929,0.000163428758050556
"vivo","ENSBTAG00000007446.ENSBTAG00000008849",0.000126741196086673,0.000198970924123507
"vivo","ENSBTAG00000005710.ENSBTAG00000009851",0.000126544670864052,0.000158008861139261
"vivo","ENSBTAG00000006295.ENSBTAG00000019903",0.000126239428291631,0.000222502712441781
"vivo","ENSBTAG00000017448.ENSBTAG00000011628",0.000125938704455155,0.000220683532896126
"vivo","ENSBTAG00000012210.ENSBTAG00000039292",0.000125452838348835,0.000238600095726006
"vivo","ENSBTAG00000025775.ENSBTAG00000020704",0.000124943431927338,0.000121909068874596
"vivo","ENSBTAG00000046421.ENSBTAG00000007213",0.000124590529421033,0.000108659840340127
"vivo","ENSBTAG00000009476.ENSBTAG00000013745",0.000124529359711228,7.59891807321892e-05
"vivo","ENSBTAG00000020221.ENSBTAG00000002107",0.000123795984031435,0.000217629664523265
"vivo","ENSBTAG00000014113.ENSBTAG00000001338",0.000123729766762103,0.000167831933144414
"vivo","ENSBTAG00000005850.ENSBTAG00000022799",0.000123151203075362,0.000185964597157639
"vivo","ENSBTAG00000010123.ENSBTAG00000014269",0.000122973011522317,0.000145963335897538
"vivo","ENSBTAG00000009972.ENSBTAG00000011909",0.000122621935679043,0.000251614862332275
"vivo","ENSBTAG00000038735.ENSBTAG00000017981",0.000122609069565584,0.000172199948947146
"vivo","ENSBTAG00000020221.ENSBTAG00000016999",0.000122230023393202,0.000137218420817786
"vivo","ENSBTAG00000018103.ENSBTAG00000014420",0.00012215422313031,0.000301191184355257
"vivo","ENSBTAG00000025644.ENSBTAG00000011050",0.000122113049437885,0.000197169826925014
"vivo","ENSBTAG00000003835.ENSBTAG00000006420",0.000121970998690943,0.000177380541320816
"vivo","ENSBTAG00000005691.ENSBTAG00000020644",0.000120090203640141,0.00011068607123552
"vivo","ENSBTAG00000009615.ENSBTAG00000013290",0.000119667577836159,0.000159507621372527
"vivo","ENSBTAG00000020244.ENSBTAG00000000815",0.000119585579009774,0.000255326091224307
"vivo","ENSBTAG00000001725.ENSBTAG00000001338",0.00011875889306381,0.000255778291203724
"vivo","ENSBTAG00000014051.ENSBTAG00000015910",0.000118626527219449,0.000256844359682988
"vivo","ENSBTAG00000006538.ENSBTAG00000016948",0.000118240026505558,0.000144657144725566
"vivo","ENSBTAG00000025471.ENSBTAG00000024928",0.000118187134473403,0.000130650943529588
"vivo","ENSBTAG00000006295.ENSBTAG00000016948",0.000116984179363436,0.000222088512122
"vivo","ENSBTAG00000008300.ENSBTAG00000001462",0.000116743492823525,0.000105378843776118
"vivo","ENSBTAG00000008300.ENSBTAG00000001882",0.000116310930489335,0.000155568795097277
"vivo","ENSBTAG00000012638.ENSBTAG00000014420",0.000116013511719933,0.000228467258164526
"vivo","ENSBTAG00000017122.ENSBTAG00000018052",0.000115994103988468,0.000310891369049
"vivo","ENSBTAG00000016542.ENSBTAG00000015910",0.000115440867643817,0.0001382807453698
"vivo","ENSBTAG00000025210.ENSBTAG00000019929",0.000114904060219161,0.000213791796531935
"vivo","ENSBTAG00000011238.ENSBTAG00000002951",0.000114071068811572,0.000214165928246823
"vivo","ENSBTAG00000007708.ENSBTAG00000046199",0.000113993989378389,0.00011598758080916
"vivo","ENSBTAG00000013191.ENSBTAG00000015910",0.000113841000526923,0.000320915354416904
"vivo","ENSBTAG00000016208.ENSBTAG00000038141",0.000113811835997926,0.000123074078404171
"vivo","ENSBTAG00000001492.ENSBTAG00000003585",0.000113068276879067,0.000220781715903567
"vivo","ENSBTAG00000011409.ENSBTAG00000001941",0.000112674238144883,0.000113727701949209
"vivo","ENSBTAG00000002473.ENSBTAG00000003777",0.000112665893803981,0.000137263420916794
"vivo","ENSBTAG00000005077.ENSBTAG00000015910",0.000112628603927566,0.000160821319666466
"vivo","ENSBTAG00000011966.ENSBTAG00000012897",0.000112515927031672,0.000200960702498857
"vivo","ENSBTAG00000008300.ENSBTAG00000004356",0.000112094939817169,0.000180011611163414
"vivo","ENSBTAG00000011741.ENSBTAG00000015910",0.000112072166398811,0.000101917620202584
"vivo","ENSBTAG00000004226.ENSBTAG00000026278",0.000111456627450389,0.000172165366275024
"vivo","ENSBTAG00000032808.ENSBTAG00000007498",0.000111449285795561,9.55511437722696e-05
"vivo","ENSBTAG00000017582.ENSBTAG00000002699",0.000111286639649552,0.000146045937361449
"vivo","ENSBTAG00000005339.ENSBTAG00000000782",0.000110387665316605,0.000143446988891153
"vivo","ENSBTAG00000005339.ENSBTAG00000001694",0.000109979699780446,0.000205820072831864
"vivo","ENSBTAG00000025775.ENSBTAG00000017981",0.000109743964592599,0.000204446265793071
"vivo","ENSBTAG00000025775.ENSBTAG00000019903",0.000109577427365703,0.000114099859436765
"vivo","ENSBTAG00000025257.ENSBTAG00000019428",0.000109117806217338,0.000186108886972021
"vivo","ENSBTAG00000000575.ENSBTAG00000015127",0.000109046399661338,0.000110434033328441
"vivo","ENSBTAG00000007319.ENSBTAG00000007909",0.000108118672772091,0.000135080672315692
"vivo","ENSBTAG00000020457.ENSBTAG00000015910",0.000107967737414164,0.000138281286105776
"vivo","ENSBTAG00000013472.ENSBTAG00000008165",0.000107960182614504,0.000205242782068736
"vivo","ENSBTAG00000020238.ENSBTAG00000004739",0.000107954673545585,0.000144408332930851
"vivo","ENSBTAG00000014218.ENSBTAG00000011761",0.000107848018570532,0.000141754779177304
"vivo","ENSBTAG00000007737.ENSBTAG00000045633",0.000107658645401908,0.000111830931159782
"vivo","ENSBTAG00000014583.ENSBTAG00000020661",0.000107562204260258,0.000177073189916362
"vivo","ENSBTAG00000015978.ENSBTAG00000039292",0.000107294702247491,0.000179400522612144
"vivo","ENSBTAG00000010123.ENSBTAG00000014611",0.000107211493718111,0.000115322293162924
"vivo","ENSBTAG00000018773.ENSBTAG00000001941",0.000107007526317749,7.56882866932049e-05
"vivo","ENSBTAG00000012444.ENSBTAG00000015910",0.000106540901744945,0.000136345382392563
"vivo","ENSBTAG00000000575.ENSBTAG00000011628",0.00010534140106505,0.000100332870490099
"vivo","ENSBTAG00000005198.ENSBTAG00000015457",0.000104777812679184,0.000128831047255664
"vivo","ENSBTAG00000025644.ENSBTAG00000011425",0.000104643904597275,0.000123601235511632
"vivo","ENSBTAG00000017122.ENSBTAG00000000782",0.000104508186637221,0.000170022807700077
"vivo","ENSBTAG00000032436.ENSBTAG00000018035",0.000103921051114134,0.000170999011447618
"vivo","ENSBTAG00000009761.ENSBTAG00000002144",0.000103840589775539,0.000150786370999268
"vivo","ENSBTAG00000008300.ENSBTAG00000011741",0.0001035710657533,0.00010964688196857
"vivo","ENSBTAG00000025257.ENSBTAG00000001338",0.000103465900894379,0.000105158389893877
"vivo","ENSBTAG00000012004.ENSBTAG00000015910",0.000102381851844127,0.000159739706394228
"vivo","ENSBTAG00000020457.ENSBTAG00000018035",0.000101806232723918,0.000116618205914719
"vivo","ENSBTAG00000005108.ENSBTAG00000015996",0.000101679397009425,0.000153076719167924
"vivo","ENSBTAG00000010663.ENSBTAG00000019929",0.000101379344762889,0.000117952934934174
"vivo","ENSBTAG00000032436.ENSBTAG00000006161",0.000101195671207519,0.000157966800690345
"vivo","ENSBTAG00000004777.ENSBTAG00000017753",0.000101119548985446,0.000116941265590565
"vivo","ENSBTAG00000034077.ENSBTAG00000023731",0.000101028060288352,0.000181619521365423
"vivo","ENSBTAG00000000575.ENSBTAG00000013745",0.00010082812051086,7.28475371437695e-05
"vivo","ENSBTAG00000021499.ENSBTAG00000008849",0.000100782075779619,0.000138667397898627
"vivo","ENSBTAG00000002006.ENSBTAG00000017266",0.000100345950729254,8.79385405345429e-05
"vivo","ENSBTAG00000017664.ENSBTAG00000011154",0.000100246706189969,0.000176683984276383
"vivo","ENSBTAG00000037533.ENSBTAG00000037735",0.000100040982237648,0.00010133389991092
"vivo","ENSBTAG00000000073.ENSBTAG00000000736",9.97223310769837e-05,0.000162558031829037
"vivo","ENSBTAG00000019336.ENSBTAG00000002107",9.94329699596749e-05,0.000115412700355593
"vivo","ENSBTAG00000017664.ENSBTAG00000006161",9.90022294322899e-05,0.000198371412239232
"vivo","ENSBTAG00000015089.ENSBTAG00000002135",9.85424693715387e-05,0.000138327799234213
"vivo","ENSBTAG00000000575.ENSBTAG00000011154",9.83501715484076e-05,0.000131447385180782
"vivo","ENSBTAG00000001941.ENSBTAG00000006161",9.81097793066111e-05,0.000128332069436854
"vivo","ENSBTAG00000000016.ENSBTAG00000013674",9.8050414222968e-05,0.00018752805956968
"vivo","ENSBTAG00000045520.ENSBTAG00000039292",9.75808663389973e-05,0.000114751496411075
"vivo","ENSBTAG00000017246.ENSBTAG00000002144",9.75507193195814e-05,0.00012333744062231
"vivo","ENSBTAG00000020645.ENSBTAG00000039292",9.72883685906479e-05,0.000100938280953521
"vivo","ENSBTAG00000001368.ENSBTAG00000015910",9.70841205095568e-05,0.000223158588812513
"vivo","ENSBTAG00000014051.ENSBTAG00000013745",9.67144392300873e-05,0.000167857818745215
"vivo","ENSBTAG00000011082.ENSBTAG00000021527",9.6571982902236e-05,0.000179122721681822
"vivo","ENSBTAG00000007338.ENSBTAG00000017593",9.64843389025111e-05,0.000112700587332703
"vivo","ENSBTAG00000007740.ENSBTAG00000015910",9.61735306814735e-05,0.000114560944174033
"vivo","ENSBTAG00000008300.ENSBTAG00000013745",9.56853587077009e-05,0.000150269066703972
"vivo","ENSBTAG00000010738.ENSBTAG00000014162",9.5670666494952e-05,9.22940336502106e-05
"vivo","ENSBTAG00000004630.ENSBTAG00000003585",9.54030975779522e-05,0.000189943148119228
"vivo","ENSBTAG00000018077.ENSBTAG00000024406",9.47175911786675e-05,0.000170798117473588
"vivo","ENSBTAG00000005111.ENSBTAG00000018105",9.40799219601781e-05,0.000120619045269122
"vivo","ENSBTAG00000015978.ENSBTAG00000013290",9.40763864530841e-05,0.000204407419719955
"vivo","ENSBTAG00000015509.ENSBTAG00000012687",9.3014233267102e-05,0.000101697504955206
"vivo","ENSBTAG00000013191.ENSBTAG00000018052",9.27787768812363e-05,0.000168341269469067
"vivo","ENSBTAG00000003253.ENSBTAG00000011434",9.23923414452141e-05,0.000105880982994031
"vivo","ENSBTAG00000020221.ENSBTAG00000002144",9.21774862851846e-05,0.00019432706372986
"vivo","ENSBTAG00000010963.ENSBTAG00000003255",9.20039521008108e-05,0.000111024522121238
"vivo","ENSBTAG00000005339.ENSBTAG00000019929",9.17380504517227e-05,0.00014247384117209
"vivo","ENSBTAG00000003658.ENSBTAG00000000736",9.14361848455476e-05,0.000122916022727686
"vivo","ENSBTAG00000014583.ENSBTAG00000012687",9.06123216727592e-05,0.00010516341355497
"vivo","ENSBTAG00000020457.ENSBTAG00000014357",9.04627536416346e-05,8.52168824347285e-05
"vivo","ENSBTAG00000021048.ENSBTAG00000016948",8.9856209630469e-05,0.000247831898325541
"vivo","ENSBTAG00000018343.ENSBTAG00000015312",8.96898651224152e-05,0.000123112708919863
"vivo","ENSBTAG00000007446.ENSBTAG00000015591",8.93807113997518e-05,0.000133144240643814
"vivo","ENSBTAG00000017246.ENSBTAG00000006161",8.93325110686509e-05,7.58719611946576e-05
"vivo","ENSBTAG00000003837.ENSBTAG00000002606",8.92646700017787e-05,0.000204534920704035
"vivo","ENSBTAG00000011757.ENSBTAG00000004334",8.91368674478851e-05,0.000137415002638889
"vivo","ENSBTAG00000021879.ENSBTAG00000013755",8.90713385231093e-05,0.000224992586477543
"vivo","ENSBTAG00000038735.ENSBTAG00000020704",8.89340807527983e-05,0.000116375724099614
"vivo","ENSBTAG00000025644.ENSBTAG00000011628",8.88369837918243e-05,0.000115219110640189
"vivo","ENSBTAG00000038735.ENSBTAG00000002144",8.78731433694271e-05,0.000136431839773861
"vivo","ENSBTAG00000020556.ENSBTAG00000017033",8.73881440090735e-05,0.000102245542793985
"vivo","ENSBTAG00000006655.ENSBTAG00000008218",8.73385432751502e-05,0.00013793193107426
"vivo","ENSBTAG00000003835.ENSBTAG00000000231",8.71715146547391e-05,9.89549133333424e-05
"vivo","ENSBTAG00000020457.ENSBTAG00000003045",8.71652364760617e-05,8.23217125297216e-05
"vivo","ENSBTAG00000017473.ENSBTAG00000018169",8.65540269413199e-05,8.46917898625023e-05
"vivo","ENSBTAG00000025471.ENSBTAG00000012642",8.65388861376023e-05,0.000108690430558487
"vivo","ENSBTAG00000007740.ENSBTAG00000017266",8.64368998356939e-05,8.71738557258343e-05
"vivo","ENSBTAG00000015789.ENSBTAG00000011628",8.59754822764561e-05,9.53227883403418e-05
"vivo","ENSBTAG00000019770.ENSBTAG00000012314",8.56021659656751e-05,0.000142928436500321
"vivo","ENSBTAG00000023600.ENSBTAG00000005910",8.51397166169147e-05,0.000103725254868988
"vivo","ENSBTAG00000012413.ENSBTAG00000010543",8.51243876001255e-05,0.000125732406119867
"vivo","ENSBTAG00000002441.ENSBTAG00000039292",8.50081212500016e-05,0.000127335687355072
"vivo","ENSBTAG00000005260.ENSBTAG00000015910",8.48965468782437e-05,0.000148175373581034
"vivo","ENSBTAG00000020457.ENSBTAG00000013843",8.48332611581274e-05,0.00010201127657937
"vivo","ENSBTAG00000017753.ENSBTAG00000015228",8.45274183578139e-05,0.00020176911791252
"vivo","ENSBTAG00000017564.ENSBTAG00000000561",8.4478084748274e-05,0.000102498693821298
"vivo","ENSBTAG00000017060.ENSBTAG00000007103",8.44256123957277e-05,7.50643070424149e-05
"vivo","ENSBTAG00000011412.ENSBTAG00000017266",8.42063693378472e-05,0.000115285081174784
"vivo","ENSBTAG00000001292.ENSBTAG00000032719",8.36525200564235e-05,0.000106396495324178
"vivo","ENSBTAG00000020645.ENSBTAG00000014270",8.36455563935876e-05,9.9908836675562e-05
"vivo","ENSBTAG00000005691.ENSBTAG00000015127",8.34147120064182e-05,0.000111959686987832
"vivo","ENSBTAG00000020645.ENSBTAG00000011628",8.30541919071329e-05,0.000137606578810805
"vivo","ENSBTAG00000005947.ENSBTAG00000018517",8.29035986608315e-05,0.000144355865829022
"vivo","ENSBTAG00000025644.ENSBTAG00000010785",8.28270492630282e-05,8.11338929286204e-05
"vivo","ENSBTAG00000018773.ENSBTAG00000006161",8.26864383053729e-05,9.98460929945412e-05
"vivo","ENSBTAG00000008452.ENSBTAG00000016071",8.26438631717988e-05,0.000115207657389935
"vivo","ENSBTAG00000025471.ENSBTAG00000020054",8.26268602263509e-05,0.00011550367284677
"vivo","ENSBTAG00000005077.ENSBTAG00000003255",8.25373066539927e-05,0.000120771563268433
"vivo","ENSBTAG00000020221.ENSBTAG00000012314",8.19610767017762e-05,0.000106642221773459
"vivo","ENSBTAG00000005077.ENSBTAG00000009851",8.18300259033657e-05,0.00010344022023005
"vivo","ENSBTAG00000020457.ENSBTAG00000019832",8.15160650204353e-05,8.07994822747679e-05
"vivo","ENSBTAG00000005691.ENSBTAG00000015457",8.14373595244125e-05,0.000233628416714269
"vivo","ENSBTAG00000008300.ENSBTAG00000014357",8.10847271295636e-05,0.000156157206618637
"vivo","ENSBTAG00000010963.ENSBTAG00000009024",8.04191218712176e-05,0.000105302019013849
"vivo","ENSBTAG00000008300.ENSBTAG00000008165",8.03000752546162e-05,0.000138703760325228
"vivo","ENSBTAG00000025644.ENSBTAG00000012687",8.0136299607881e-05,9.2804579852087e-05
"vivo","ENSBTAG00000013103.ENSBTAG00000015910",8.00760628809334e-05,0.000119298943541731
"vivo","ENSBTAG00000023907.ENSBTAG00000015996",7.97220726145384e-05,8.30961740657874e-05
"vivo","ENSBTAG00000002411.ENSBTAG00000007421",7.9395446015087e-05,0.00012266287901755
"vivo","ENSBTAG00000020457.ENSBTAG00000001060",7.93640440273134e-05,0.000108509421313245
"vivo","ENSBTAG00000000016.ENSBTAG00000004211",7.81983547882305e-05,8.3886179034051e-05
"vivo","ENSBTAG00000014737.ENSBTAG00000001462",7.81034912174528e-05,0.000127220821302407
"vivo","ENSBTAG00000012398.ENSBTAG00000012314",7.79054612891547e-05,0.000136070991972587
"vivo","ENSBTAG00000005710.ENSBTAG00000011425",7.78288200741599e-05,0.000151914579789592
"vivo","ENSBTAG00000025644.ENSBTAG00000014773",7.69224989511581e-05,0.000142559326366738
"vivo","ENSBTAG00000004630.ENSBTAG00000013745",7.61117259809696e-05,9.52754743238644e-05
"vivo","ENSBTAG00000032436.ENSBTAG00000019832",7.54449888941239e-05,0.000131840797013911
"vivo","ENSBTAG00000005947.ENSBTAG00000017060",7.51398488060281e-05,9.12724543548051e-05
"vivo","ENSBTAG00000011851.ENSBTAG00000002699",7.48973623160608e-05,0.000117082421890433
"vivo","ENSBTAG00000007737.ENSBTAG00000006161",7.48612210016956e-05,0.000133262922776643
"vivo","ENSBTAG00000004129.ENSBTAG00000014162",7.47436591625908e-05,0.000168828631685024
"vivo","ENSBTAG00000013898.ENSBTAG00000016159",7.44831359015401e-05,0.000200054134544105
"vivo","ENSBTAG00000005691.ENSBTAG00000011154",7.41302114781053e-05,7.66097566831428e-05
"vivo","ENSBTAG00000005163.ENSBTAG00000006240",7.33850398043834e-05,0.000123273355601589
"vivo","ENSBTAG00000017280.ENSBTAG00000047793",7.32247664803809e-05,0.000136390709606965
"vivo","ENSBTAG00000014218.ENSBTAG00000005903",7.3080338572708e-05,0.00012590652949684
"vivo","ENSBTAG00000011851.ENSBTAG00000015510",7.30786439986946e-05,9.54213875252035e-05
"vivo","ENSBTAG00000000277.ENSBTAG00000011238",7.26920481354164e-05,0.000122511907182269
"vivo","ENSBTAG00000021466.ENSBTAG00000015910",7.21502172222319e-05,8.86034781263554e-05
"vivo","ENSBTAG00000005260.ENSBTAG00000019929",7.20883175239739e-05,0.000155644822689267
"vivo","ENSBTAG00000011851.ENSBTAG00000013118",7.19931147431343e-05,0.000129268005022122
"vivo","ENSBTAG00000011802.ENSBTAG00000015910",7.18483022152565e-05,6.00464794691544e-05
"vivo","ENSBTAG00000004129.ENSBTAG00000014798",7.155974322389e-05,0.00012717354774313
"vivo","ENSBTAG00000015114.ENSBTAG00000008165",7.12628089173685e-05,8.35435494266762e-05
"vivo","ENSBTAG00000023907.ENSBTAG00000013745",7.11374995373464e-05,9.63773425424663e-05
"vivo","ENSBTAG00000010312.ENSBTAG00000017753",7.09033250266647e-05,0.000141117594665345
"vivo","ENSBTAG00000002006.ENSBTAG00000015910",7.0300972099857e-05,0.000126315768736852
"vivo","ENSBTAG00000006538.ENSBTAG00000002144",7.02135101948718e-05,0.000117727563528356
"vivo","ENSBTAG00000017455.ENSBTAG00000019929",7.01720431117862e-05,9.1651507097285e-05
"vivo","ENSBTAG00000002880.ENSBTAG00000012687",6.96285123988777e-05,9.16265385696445e-05
"vivo","ENSBTAG00000008300.ENSBTAG00000019929",6.9609668241474e-05,7.16939299623278e-05
"vivo","ENSBTAG00000007244.ENSBTAG00000011741",6.95081899032151e-05,0.000159319497702435
"vivo","ENSBTAG00000021048.ENSBTAG00000017981",6.93631235764828e-05,0.000133283763685952
"vivo","ENSBTAG00000007740.ENSBTAG00000011154",6.93455391660599e-05,0.000124554922654211
"vivo","ENSBTAG00000010820.ENSBTAG00000002107",6.92474914922027e-05,0.000118923040569699
"vivo","ENSBTAG00000002006.ENSBTAG00000008165",6.92364280823576e-05,9.30726577676455e-05
"vivo","ENSBTAG00000031998.ENSBTAG00000015708",6.91858067753259e-05,6.83455862794146e-05
"vivo","ENSBTAG00000013901.ENSBTAG00000019153",6.86102922836966e-05,0.000102883082088995
"vivo","ENSBTAG00000020457.ENSBTAG00000024269",6.82777561116827e-05,0.000122900374328536
"vivo","ENSBTAG00000020194.ENSBTAG00000010543",6.76930603898023e-05,0.000177618202220507
"vivo","ENSBTAG00000014127.ENSBTAG00000039652",6.73418154344979e-05,6.98099905759952e-05
"vivo","ENSBTAG00000012066.ENSBTAG00000019929",6.71544476959933e-05,5.19384762562401e-05
"vivo","ENSBTAG00000009478.ENSBTAG00000006420",6.69055965989682e-05,0.000102015976461777
"vivo","ENSBTAG00000000575.ENSBTAG00000012119",6.67134388442471e-05,0.000113884963077586
"vivo","ENSBTAG00000006396.ENSBTAG00000003798",6.66273322393195e-05,0.000106489554666108
"vivo","ENSBTAG00000006045.ENSBTAG00000034385",6.57623051062378e-05,8.4666973792016e-05
"vivo","ENSBTAG00000013003.ENSBTAG00000021527",6.57040317573283e-05,8.2365200660512e-05
"vivo","ENSBTAG00000015114.ENSBTAG00000019929",6.56193554771927e-05,0.000129504511548307
"vivo","ENSBTAG00000016043.ENSBTAG00000018035",6.50767931950633e-05,0.000102682548162098
"vivo","ENSBTAG00000005250.ENSBTAG00000008008",6.49430367566273e-05,0.000125153741635988
"vivo","ENSBTAG00000003300.ENSBTAG00000002804",6.39577410883897e-05,8.69779337928566e-05
"vivo","ENSBTAG00000017473.ENSBTAG00000015910",6.39342220640196e-05,9.7456824046297e-05
"vivo","ENSBTAG00000017753.ENSBTAG00000020979",6.34091137001269e-05,0.000158076198885678
"vivo","ENSBTAG00000017746.ENSBTAG00000010462",6.30816352327171e-05,0.00011909525713235
"vivo","ENSBTAG00000009357.ENSBTAG00000011154",6.29976790480709e-05,0.000114103255759919
"vivo","ENSBTAG00000009478.ENSBTAG00000018035",6.27837347328438e-05,0.000107686128284459
"vivo","ENSBTAG00000007897.ENSBTAG00000017981",6.27008623771622e-05,5.03514758296669e-05
"vivo","ENSBTAG00000006354.ENSBTAG00000017060",6.26600369678614e-05,8.93150549973201e-05
"vivo","ENSBTAG00000005108.ENSBTAG00000010462",6.25098006662743e-05,9.54336799424013e-05
"vivo","ENSBTAG00000021945.ENSBTAG00000011741",6.21294587804749e-05,0.000110935463966325
"vivo","ENSBTAG00000007737.ENSBTAG00000011628",6.14430538866289e-05,0.000111261277615768
"vivo","ENSBTAG00000020457.ENSBTAG00000019929",6.12425003371614e-05,6.33097071737381e-05
"vivo","ENSBTAG00000008300.ENSBTAG00000017266",6.12094254293511e-05,9.86322968425457e-05
"vivo","ENSBTAG00000003329.ENSBTAG00000006420",6.07790275900919e-05,8.99052958761375e-05
"vivo","ENSBTAG00000025257.ENSBTAG00000014162",6.07023957961301e-05,7.9878712262924e-05
"vivo","ENSBTAG00000013191.ENSBTAG00000019929",6.04959096618922e-05,6.81504827136822e-05
"vivo","ENSBTAG00000008300.ENSBTAG00000015910",6.0398052606338e-05,0.000103941513718193
"vivo","ENSBTAG00000010673.ENSBTAG00000006359",5.98084664034995e-05,8.5905900137001e-05
"vivo","ENSBTAG00000017753.ENSBTAG00000015996",5.97269533297878e-05,0.000104282089922133
"vivo","ENSBTAG00000005898.ENSBTAG00000017851",5.91672061470891e-05,0.000128742645603183
"vivo","ENSBTAG00000005198.ENSBTAG00000027464",5.90228293819364e-05,0.000105840385591293
"vivo","ENSBTAG00000011580.ENSBTAG00000046199",5.88590488106781e-05,0.000104998053135789
"vivo","ENSBTAG00000005108.ENSBTAG00000004356",5.85676785689437e-05,8.88864083824972e-05
"vivo","ENSBTAG00000002006.ENSBTAG00000011154",5.82002219183833e-05,0.000128893013917779
"vivo","ENSBTAG00000002006.ENSBTAG00000015127",5.81199239520562e-05,9.46749262736828e-05
"vivo","ENSBTAG00000012004.ENSBTAG00000013755",5.76979863066881e-05,8.69621073972212e-05
"vivo","ENSBTAG00000014921.ENSBTAG00000007101",5.75168681397509e-05,0.000161557702729666
"vivo","ENSBTAG00000017246.ENSBTAG00000018035",5.73608565964769e-05,7.80754047160241e-05
"vivo","ENSBTAG00000003505.ENSBTAG00000011628",5.73240613812327e-05,0.000142107492651298
"vivo","ENSBTAG00000019336.ENSBTAG00000011761",5.73049217257748e-05,0.00010612569943429
"vivo","ENSBTAG00000025471.ENSBTAG00000006378",5.71774326429193e-05,8.03730058966013e-05
"vivo","ENSBTAG00000019839.ENSBTAG00000013755",5.67212499239214e-05,9.91204784719009e-05
"vivo","ENSBTAG00000015043.ENSBTAG00000007909",5.61489782398424e-05,7.97745682850109e-05
"vivo","ENSBTAG00000012088.ENSBTAG00000015910",5.60653548320841e-05,0.000106533473949493
"vivo","ENSBTAG00000013003.ENSBTAG00000012687",5.59154850873328e-05,6.85137990182526e-05
"vivo","ENSBTAG00000017122.ENSBTAG00000011741",5.57951832884027e-05,6.66012147528468e-05
"vivo","ENSBTAG00000005581.ENSBTAG00000014162",5.52095677671549e-05,6.85871358806174e-05
"vivo","ENSBTAG00000030710.ENSBTAG00000020979",5.50691851470773e-05,9.55569766877937e-05
"vivo","ENSBTAG00000020457.ENSBTAG00000013755",5.49855385850297e-05,7.23762054898317e-05
"vivo","ENSBTAG00000000073.ENSBTAG00000008849",5.4773558553746e-05,8.12046532182214e-05
"vivo","ENSBTAG00000022514.ENSBTAG00000013730",5.46730816926889e-05,9.06613326534712e-05
"vivo","ENSBTAG00000003176.ENSBTAG00000015910",5.41551112201574e-05,7.98744086590632e-05
"vivo","ENSBTAG00000016515.ENSBTAG00000000815",5.41001987248805e-05,8.52183128024727e-05
"vivo","ENSBTAG00000004086.ENSBTAG00000019712",5.40087683737213e-05,0.000100478104159525
"vivo","ENSBTAG00000025210.ENSBTAG00000013755",5.39332319111736e-05,6.98048009680857e-05
"vivo","ENSBTAG00000015991.ENSBTAG00000024015",5.33137875376764e-05,8.8121723485671e-05
"vivo","ENSBTAG00000007708.ENSBTAG00000025324",5.31714616208314e-05,9.83701971698231e-05
"vivo","ENSBTAG00000020676.ENSBTAG00000017060",5.29187567931954e-05,6.89022124121338e-05
"vivo","ENSBTAG00000007740.ENSBTAG00000015127",5.25782806257058e-05,9.53730438975397e-05
"vivo","ENSBTAG00000020645.ENSBTAG00000021527",5.24635099815056e-05,6.93454469731039e-05
"vivo","ENSBTAG00000009972.ENSBTAG00000018105",5.15963865437473e-05,9.10825540555103e-05
"vivo","ENSBTAG00000020221.ENSBTAG00000005903",5.08267381028554e-05,8.8033156318712e-05
"vivo","ENSBTAG00000007375.ENSBTAG00000015228",5.06723587765074e-05,7.23220569050012e-05
"vivo","ENSBTAG00000009478.ENSBTAG00000000231",5.05814470506399e-05,6.85204302660953e-05
"vivo","ENSBTAG00000025775.ENSBTAG00000016948",4.99900660943034e-05,0.000103721359508626
"vivo","ENSBTAG00000015991.ENSBTAG00000021527",4.99763683351643e-05,6.41714247392561e-05
"vivo","ENSBTAG00000014465.ENSBTAG00000013755",4.97858752082111e-05,8.92604082184192e-05
"vivo","ENSBTAG00000020342.ENSBTAG00000007047",4.97285905614056e-05,6.55985899819125e-05
"vivo","ENSBTAG00000005250.ENSBTAG00000006240",4.9689138544553e-05,7.4151509323738e-05
"vivo","ENSBTAG00000020661.ENSBTAG00000017851",4.96340274662131e-05,7.6810631707213e-05
"vivo","ENSBTAG00000013155.ENSBTAG00000008165",4.94092659127647e-05,0.000114935117826849
"vivo","ENSBTAG00000015991.ENSBTAG00000005903",4.93258109594452e-05,9.16832331635974e-05
"vivo","ENSBTAG00000015789.ENSBTAG00000006732",4.90674412160759e-05,9.43935543400496e-05
"vivo","ENSBTAG00000020194.ENSBTAG00000009155",4.87231145780313e-05,0.000107704901670113
"vivo","ENSBTAG00000001141.ENSBTAG00000013745",4.85665951090866e-05,8.90853340298184e-05
"vivo","ENSBTAG00000010726.ENSBTAG00000025101",4.83530425379365e-05,0.000114657369771039
"vivo","ENSBTAG00000011966.ENSBTAG00000019929",4.83527999980729e-05,7.52633391580516e-05
"vivo","ENSBTAG00000012849.ENSBTAG00000015910",4.81461455226776e-05,9.39566520888648e-05
"vivo","ENSBTAG00000014583.ENSBTAG00000011628",4.74703868538225e-05,6.46040852586651e-05
"vivo","ENSBTAG00000020342.ENSBTAG00000035084",4.73951271030664e-05,7.84720492400966e-05
"vivo","ENSBTAG00000014556.ENSBTAG00000026676",4.73371045465868e-05,9.41881176123514e-05
"vivo","ENSBTAG00000014051.ENSBTAG00000020148",4.71685886984715e-05,0.000149160174302847
"vivo","ENSBTAG00000021466.ENSBTAG00000010682",4.67480481647118e-05,9.887877304102e-05
"vivo","ENSBTAG00000000016.ENSBTAG00000024928",4.6517271826468e-05,6.12866272677334e-05
"vivo","ENSBTAG00000005198.ENSBTAG00000011628",4.57012890056774e-05,7.7515243330313e-05
"vivo","ENSBTAG00000012004.ENSBTAG00000018035",4.52631480928977e-05,7.84189728974222e-05
"vivo","ENSBTAG00000017685.ENSBTAG00000007421",4.4937229031136e-05,7.64314818275787e-05
"vivo","ENSBTAG00000025644.ENSBTAG00000020661",4.45696456047357e-05,6.52323954184873e-05
"vivo","ENSBTAG00000001141.ENSBTAG00000022799",4.44806920156297e-05,6.5050943837198e-05
"vivo","ENSBTAG00000017564.ENSBTAG00000017846",4.3888484101533e-05,9.12898728264033e-05
"vivo","ENSBTAG00000011966.ENSBTAG00000017266",4.38235140221158e-05,6.77220117040542e-05
"vivo","ENSBTAG00000006295.ENSBTAG00000002144",4.24444961266206e-05,7.34241919515622e-05
"vivo","ENSBTAG00000008121.ENSBTAG00000002606",4.15530068413369e-05,0.000111384586033797
"vivo","ENSBTAG00000005260.ENSBTAG00000005990",4.12382677641492e-05,9.21292431334183e-05
"vivo","ENSBTAG00000004924.ENSBTAG00000031718",4.11438396152613e-05,9.75655395770344e-05
"vivo","ENSBTAG00000005947.ENSBTAG00000002402",4.10778153640751e-05,0.000103283231622503
"vivo","ENSBTAG00000015150.ENSBTAG00000017745",4.05699585200614e-05,6.83472708487402e-05
"vivo","ENSBTAG00000012066.ENSBTAG00000013569",4.0492795942834e-05,5.38207005714102e-05
"vivo","ENSBTAG00000017455.ENSBTAG00000017266",4.03000596536929e-05,9.06506319063514e-05
"vivo","ENSBTAG00000005691.ENSBTAG00000010543",4.00201347826098e-05,8.90522274691181e-05
"vivo","ENSBTAG00000002880.ENSBTAG00000013755",3.98600942904142e-05,8.69535727858799e-05
"vivo","ENSBTAG00000010303.ENSBTAG00000020892",3.97598919203329e-05,7.07765922342238e-05
"vivo","ENSBTAG00000002006.ENSBTAG00000005903",3.96998253302427e-05,5.76338141200274e-05
"vivo","ENSBTAG00000022120.ENSBTAG00000006240",3.96785932207233e-05,6.55981449794733e-05
"vivo","ENSBTAG00000020342.ENSBTAG00000002107",3.95259812252571e-05,6.59215765034367e-05
"vivo","ENSBTAG00000000016.ENSBTAG00000015312",3.94991470619263e-05,5.27365666763766e-05
"vivo","ENSBTAG00000007737.ENSBTAG00000018035",3.92881890209927e-05,6.04553370164692e-05
"vivo","ENSBTAG00000010663.ENSBTAG00000013745",3.91705004137841e-05,5.96964181676433e-05
"vivo","ENSBTAG00000020645.ENSBTAG00000020199",3.88388135232823e-05,8.07040439854464e-05
"vivo","ENSBTAG00000010123.ENSBTAG00000000736",3.86738790898449e-05,6.92539556450926e-05
"vivo","ENSBTAG00000009478.ENSBTAG00000018114",3.86564281161058e-05,5.9431421062081e-05
"vivo","ENSBTAG00000008096.ENSBTAG00000013674",3.77722802258851e-05,5.64425901291719e-05
"vivo","ENSBTAG00000000476.ENSBTAG00000003781",3.75021408082618e-05,4.41968666882972e-05
"vivo","ENSBTAG00000010312.ENSBTAG00000020199",3.69967015750024e-05,8.97887555748984e-05
"vivo","ENSBTAG00000013472.ENSBTAG00000019929",3.68098039500984e-05,7.79913869584508e-05
"vivo","ENSBTAG00000012623.ENSBTAG00000002606",3.66333290878028e-05,6.95013364373435e-05
"vivo","ENSBTAG00000011104.ENSBTAG00000020979",3.62837595959464e-05,6.53780014366169e-05
"vivo","ENSBTAG00000011082.ENSBTAG00000012687",3.61622551443284e-05,4.99414471806173e-05
"vivo","ENSBTAG00000013103.ENSBTAG00000010682",3.61264831010296e-05,4.91442543446248e-05
"vivo","ENSBTAG00000017473.ENSBTAG00000017266",3.58485897246954e-05,4.76099816404466e-05
"vivo","ENSBTAG00000012004.ENSBTAG00000019929",3.54276689222154e-05,6.96124377617829e-05
"vivo","ENSBTAG00000015991.ENSBTAG00000000253",3.54005897580071e-05,7.77244624607713e-05
"vivo","ENSBTAG00000017455.ENSBTAG00000015910",3.52550558645235e-05,8.04164792133449e-05
"vivo","ENSBTAG00000003837.ENSBTAG00000011761",3.48449805388815e-05,6.15311342003087e-05
"vivo","ENSBTAG00000017753.ENSBTAG00000004334",3.43091545979222e-05,5.82739658288791e-05
"vivo","ENSBTAG00000008027.ENSBTAG00000017489",3.39629414384664e-05,5.12485532523421e-05
"vivo","ENSBTAG00000010123.ENSBTAG00000005903",3.38434104738664e-05,5.06894641561302e-05
"vivo","ENSBTAG00000014051.ENSBTAG00000003777",3.3399491670362e-05,7.83971233116308e-05
"vivo","ENSBTAG00000012004.ENSBTAG00000024269",3.24441445786379e-05,5.61207817651932e-05
"vivo","ENSBTAG00000009812.ENSBTAG00000039292",3.24361240827251e-05,9.55915817042829e-05
"vivo","ENSBTAG00000006295.ENSBTAG00000017981",3.24109046110899e-05,7.48467246328916e-05
"vivo","ENSBTAG00000025775.ENSBTAG00000002144",3.17712250784107e-05,5.37761255102158e-05
"vivo","ENSBTAG00000011412.ENSBTAG00000012897",3.14536324522862e-05,5.48573090979814e-05
"vivo","ENSBTAG00000001141.ENSBTAG00000015910",3.10081614306396e-05,8.22876781898057e-05
"vivo","ENSBTAG00000004148.ENSBTAG00000003255",3.06998229325319e-05,5.05986907987981e-05
"vivo","ENSBTAG00000012638.ENSBTAG00000017753",3.06311570337339e-05,6.39077420638731e-05
"vivo","ENSBTAG00000005077.ENSBTAG00000001060",2.91413986556881e-05,6.14674092892947e-05
"vivo","ENSBTAG00000017564.ENSBTAG00000019832",2.91333222579949e-05,6.8795505570729e-05
"vivo","ENSBTAG00000007446.ENSBTAG00000020979",2.89719648792504e-05,3.91666725316815e-05
"vivo","ENSBTAG00000009478.ENSBTAG00000014354",2.83354804305268e-05,5.835300860528e-05
"vivo","ENSBTAG00000022635.ENSBTAG00000012897",2.82407198809357e-05,4.66956891357165e-05
"vivo","ENSBTAG00000010963.ENSBTAG00000002414",2.7239407037503e-05,6.53712115229054e-05
"vivo","ENSBTAG00000023652.ENSBTAG00000001694",2.64558284615919e-05,4.64988110615769e-05
"vivo","ENSBTAG00000001725.ENSBTAG00000015127",2.62134771453788e-05,5.52112060919699e-05
"vivo","ENSBTAG00000005108.ENSBTAG00000011154",2.5449413485892e-05,4.79772769625787e-05
"vivo","ENSBTAG00000005260.ENSBTAG00000013755",2.41094026559298e-05,4.24647746105153e-05
"vivo","ENSBTAG00000008121.ENSBTAG00000011761",2.40795847652546e-05,3.45235058434817e-05
"vivo","ENSBTAG00000017753.ENSBTAG00000020054",2.34961283375514e-05,3.5530938239493e-05
"vivo","ENSBTAG00000014465.ENSBTAG00000019929",2.33769443827335e-05,4.39252383384892e-05
"vivo","ENSBTAG00000016542.ENSBTAG00000019569",2.32221300876673e-05,6.05024187603892e-05
"vivo","ENSBTAG00000009972.ENSBTAG00000018114",2.29225026317127e-05,7.2487317987416e-05
"vivo","ENSBTAG00000008121.ENSBTAG00000015127",2.27213833670372e-05,3.78787968784191e-05
"vivo","ENSBTAG00000037533.ENSBTAG00000005397",2.26046294045293e-05,5.59119604845155e-05
"vivo","ENSBTAG00000010312.ENSBTAG00000014420",2.2168687348199e-05,7.01035447564669e-05
"vivo","ENSBTAG00000016648.ENSBTAG00000015910",2.17313393099498e-05,4.11442238858102e-05
"vivo","ENSBTAG00000017280.ENSBTAG00000037735",2.14780448038523e-05,3.11698146813476e-05
"vivo","ENSBTAG00000005108.ENSBTAG00000001060",2.13931258255256e-05,4.10351432095498e-05
"vivo","ENSBTAG00000019839.ENSBTAG00000019929",2.13000472166872e-05,3.22219271985576e-05
"vivo","ENSBTAG00000015991.ENSBTAG00000018993",2.11471171734277e-05,4.4691798287365e-05
"vivo","ENSBTAG00000010673.ENSBTAG00000000815",2.06811521087751e-05,3.37178974424631e-05
"vivo","ENSBTAG00000012444.ENSBTAG00000015127",2.06764856100034e-05,5.09817037387655e-05
"vivo","ENSBTAG00000005305.ENSBTAG00000020979",1.95661110648439e-05,4.48650686707264e-05
"vivo","ENSBTAG00000038045.ENSBTAG00000018572",1.93912221318125e-05,6.13204285507933e-05
"vivo","ENSBTAG00000038735.ENSBTAG00000016948",1.91167882574133e-05,3.22526623235952e-05
"vivo","ENSBTAG00000003176.ENSBTAG00000017060",1.85935275889358e-05,4.08848716822052e-05
"vivo","ENSBTAG00000003300.ENSBTAG00000019929",1.79673156275029e-05,2.54473657910879e-05
"vivo","ENSBTAG00000013103.ENSBTAG00000013745",1.77601485285903e-05,3.82165352341034e-05
"vivo","ENSBTAG00000007740.ENSBTAG00000012119",1.74973681092347e-05,4.37105992210283e-05
"vivo","ENSBTAG00000022120.ENSBTAG00000017060",1.69047861149245e-05,3.95626576411733e-05
"vivo","ENSBTAG00000014075.ENSBTAG00000012887",1.63399943310658e-05,5.16715990404072e-05
"vivo","ENSBTAG00000021048.ENSBTAG00000020704",1.53297245056398e-05,3.13975644046963e-05
"vivo","ENSBTAG00000016515.ENSBTAG00000006359",1.52061303043696e-05,2.9707745021575e-05
"vivo","ENSBTAG00000010161.ENSBTAG00000014162",1.4787896586369e-05,4.32195337672804e-05
"vivo","ENSBTAG00000017060.ENSBTAG00000017846",1.46782011425276e-05,3.11026180952777e-05
"vivo","ENSBTAG00000023652.ENSBTAG00000005828",1.3370148920962e-05,3.38905437874728e-05
"vivo","ENSBTAG00000011082.ENSBTAG00000002402",1.32328442162207e-05,3.81590743282962e-05
"vivo","ENSBTAG00000004129.ENSBTAG00000001338",1.20237247844939e-05,1.84799160758406e-05
"vivo","ENSBTAG00000005947.ENSBTAG00000019929",9.61147609094694e-06,2.32087526808324e-05
"vivo","ENSBTAG00000017122.ENSBTAG00000015910",8.05785863673418e-06,1.74762200532712e-05
"vivo","ENSBTAG00000005108.ENSBTAG00000009851",7.73685047965061e-06,1.70367402046326e-05
"vivo","ENSBTAG00000006538.ENSBTAG00000017981",7.36950859442339e-06,2.3304432394564e-05
"vivo","ENSBTAG00000018200.ENSBTAG00000020892",3.76771735910987e-06,1.19145684345417e-05
"vivo","ENSBTAG00000012210.ENSBTAG00000037735",3.47739084707309e-06,1.09964753913732e-05
"vivo","ENSBTAG00000025410.ENSBTAG00000018343",2.84527958389361e-06,8.99756406507994e-06
"vivo","ENSBTAG00000005198.ENSBTAG00000010543",1.03516473078593e-06,3.27347830275857e-06
"vivo","ENSBTAG00000003505.ENSBTAG00000006161",0,0
"vivo","ENSBTAG00000005260.ENSBTAG00000013745",0,0
"vivo","ENSBTAG00000011851.ENSBTAG00000018572",0,0
