"Sample","ENSBTAG00000007773-ENSBTAG00000015910","ENSBTAG00000007773-ENSBTAG00000017060","ENSBTAG00000007773-ENSBTAG00000018993","ENSBTAG00000007773-ENSBTAG00000003418","ENSBTAG00000007773-ENSBTAG00000010347","ENSBTAG00000020645-ENSBTAG00000011461","ENSBTAG00000025644-ENSBTAG00000010986","ENSBTAG00000021697-ENSBTAG00000002804","ENSBTAG00000003658-ENSBTAG00000018517","ENSBTAG00000014583-ENSBTAG00000010986","ENSBTAG00000005339-ENSBTAG00000011628","ENSBTAG00000016043-ENSBTAG00000018035","ENSBTAG00000011585-ENSBTAG00000015046","ENSBTAG00000012004-ENSBTAG00000013755","ENSBTAG00000012004-ENSBTAG00000018035","ENSBTAG00000003658-ENSBTAG00000015910","ENSBTAG00000005339-ENSBTAG00000015910","ENSBTAG00000002278-ENSBTAG00000019929","ENSBTAG00000002278-ENSBTAG00000015910","ENSBTAG00000002278-ENSBTAG00000013745","ENSBTAG00000025257-ENSBTAG00000019428","ENSBTAG00000019866-ENSBTAG00000000782","ENSBTAG00000016800-ENSBTAG00000000782","ENSBTAG00000017564-ENSBTAG00000000561","ENSBTAG00000011010-ENSBTAG00000009757","ENSBTAG00000012817-ENSBTAG00000007909","ENSBTAG00000005250-ENSBTAG00000008008","ENSBTAG00000016800-ENSBTAG00000007338","ENSBTAG00000021217-ENSBTAG00000015910","ENSBTAG00000021697-ENSBTAG00000019929","ENSBTAG00000012004-ENSBTAG00000019832","ENSBTAG00000005339-ENSBTAG00000011971","ENSBTAG00000014113-ENSBTAG00000019428","ENSBTAG00000012004-ENSBTAG00000015910","ENSBTAG00000012817-ENSBTAG00000022799","ENSBTAG00000008300-ENSBTAG00000001462","ENSBTAG00000006984-ENSBTAG00000021818","ENSBTAG00000013103-ENSBTAG00000011578","ENSBTAG00000012817-ENSBTAG00000005397","ENSBTAG00000021697-ENSBTAG00000007173","ENSBTAG00000021217-ENSBTAG00000019289","ENSBTAG00000020645-ENSBTAG00000012848","ENSBTAG00000014575-ENSBTAG00000015910","ENSBTAG00000021217-ENSBTAG00000010682","ENSBTAG00000014575-ENSBTAG00000003585","ENSBTAG00000003585-ENSBTAG00000007213","ENSBTAG00000014575-ENSBTAG00000019929","ENSBTAG00000005947-ENSBTAG00000019712","ENSBTAG00000005339-ENSBTAG00000019929","ENSBTAG00000010138-ENSBTAG00000019866","ENSBTAG00000012004-ENSBTAG00000019929","ENSBTAG00000012413-ENSBTAG00000010543","ENSBTAG00000005339-ENSBTAG00000001694","ENSBTAG00000009972-ENSBTAG00000018114","ENSBTAG00000012398-ENSBTAG00000008008","ENSBTAG00000001745-ENSBTAG00000015910","ENSBTAG00000014575-ENSBTAG00000019289","ENSBTAG00000000130-ENSBTAG00000010785","ENSBTAG00000011802-ENSBTAG00000015910","ENSBTAG00000001745-ENSBTAG00000019289","ENSBTAG00000013103-ENSBTAG00000019929","ENSBTAG00000021697-ENSBTAG00000005990","ENSBTAG00000021499-ENSBTAG00000013732","ENSBTAG00000013103-ENSBTAG00000004885","ENSBTAG00000014906-ENSBTAG00000008008","ENSBTAG00000047330-ENSBTAG00000017851","ENSBTAG00000017664-ENSBTAG00000014357","ENSBTAG00000012004-ENSBTAG00000024269","ENSBTAG00000011409-ENSBTAG00000001941","ENSBTAG00000013103-ENSBTAG00000015910","ENSBTAG00000015991-ENSBTAG00000010444","ENSBTAG00000010303-ENSBTAG00000011628","ENSBTAG00000014906-ENSBTAG00000011578","ENSBTAG00000000470-ENSBTAG00000019929","ENSBTAG00000032436-ENSBTAG00000010444","ENSBTAG00000010312-ENSBTAG00000017753","ENSBTAG00000002317-ENSBTAG00000014966","ENSBTAG00000002317-ENSBTAG00000011154","ENSBTAG00000014906-ENSBTAG00000015910","ENSBTAG00000005691-ENSBTAG00000011578","ENSBTAG00000017246-ENSBTAG00000018035","ENSBTAG00000013103-ENSBTAG00000013745","ENSBTAG00000016208-ENSBTAG00000014944","ENSBTAG00000005691-ENSBTAG00000014357","ENSBTAG00000012398-ENSBTAG00000014357","ENSBTAG00000034077-ENSBTAG00000017846","ENSBTAG00000040584-ENSBTAG00000021923","ENSBTAG00000022120-ENSBTAG00000019929","ENSBTAG00000019964-ENSBTAG00000001694","ENSBTAG00000005691-ENSBTAG00000020644","ENSBTAG00000017664-ENSBTAG00000011578","ENSBTAG00000002317-ENSBTAG00000012119","ENSBTAG00000005111-ENSBTAG00000018114","ENSBTAG00000013472-ENSBTAG00000001462","ENSBTAG00000007273-ENSBTAG00000011738","ENSBTAG00000017664-ENSBTAG00000015910","ENSBTAG00000014737-ENSBTAG00000015910","ENSBTAG00000005691-ENSBTAG00000024269","ENSBTAG00000008817-ENSBTAG00000019929","ENSBTAG00000005691-ENSBTAG00000019866","ENSBTAG00000019964-ENSBTAG00000005828","ENSBTAG00000012004-ENSBTAG00000008997","ENSBTAG00000022120-ENSBTAG00000013745","ENSBTAG00000004086-ENSBTAG00000019712","ENSBTAG00000002317-ENSBTAG00000018052","ENSBTAG00000012413-ENSBTAG00000014064","ENSBTAG00000025257-ENSBTAG00000001338","ENSBTAG00000008027-ENSBTAG00000007175","ENSBTAG00000020645-ENSBTAG00000011628","ENSBTAG00000005947-ENSBTAG00000015910","ENSBTAG00000011802-ENSBTAG00000019289","ENSBTAG00000008817-ENSBTAG00000015910","ENSBTAG00000015978-ENSBTAG00000011628","ENSBTAG00000013103-ENSBTAG00000019289","ENSBTAG00000007375-ENSBTAG00000015228","ENSBTAG00000015362-ENSBTAG00000018114","ENSBTAG00000022120-ENSBTAG00000006240","ENSBTAG00000000130-ENSBTAG00000004211","ENSBTAG00000022120-ENSBTAG00000017060","ENSBTAG00000023652-ENSBTAG00000003166","ENSBTAG00000003658-ENSBTAG00000000736","ENSBTAG00000022120-ENSBTAG00000015910","ENSBTAG00000012413-ENSBTAG00000015457","ENSBTAG00000002317-ENSBTAG00000026676","ENSBTAG00000026236-ENSBTAG00000019929","ENSBTAG00000013688-ENSBTAG00000019866","ENSBTAG00000014737-ENSBTAG00000000782","ENSBTAG00000019866-ENSBTAG00000009851","ENSBTAG00000008027-ENSBTAG00000017981","ENSBTAG00000025210-ENSBTAG00000013755","ENSBTAG00000015991-ENSBTAG00000000253","ENSBTAG00000031998-ENSBTAG00000039292","ENSBTAG00000008027-ENSBTAG00000016948","ENSBTAG00000005691-ENSBTAG00000014064","ENSBTAG00000012638-ENSBTAG00000014420","ENSBTAG00000005691-ENSBTAG00000011154","ENSBTAG00000012004-ENSBTAG00000013843","ENSBTAG00000046421-ENSBTAG00000007213","ENSBTAG00000020638-ENSBTAG00000000782","ENSBTAG00000022120-ENSBTAG00000008165","ENSBTAG00000021105-ENSBTAG00000005273","ENSBTAG00000008817-ENSBTAG00000012897","ENSBTAG00000007737-ENSBTAG00000010444","ENSBTAG00000015362-ENSBTAG00000008997","ENSBTAG00000013103-ENSBTAG00000010682","ENSBTAG00000020661-ENSBTAG00000017851","ENSBTAG00000019269-ENSBTAG00000015910","ENSBTAG00000025257-ENSBTAG00000014162","ENSBTAG00000008027-ENSBTAG00000047138","ENSBTAG00000020645-ENSBTAG00000039292","ENSBTAG00000017455-ENSBTAG00000015910","ENSBTAG00000025644-ENSBTAG00000014567","ENSBTAG00000005339-ENSBTAG00000000782","ENSBTAG00000005691-ENSBTAG00000015127","ENSBTAG00000017664-ENSBTAG00000011154","ENSBTAG00000017745-ENSBTAG00000018474","ENSBTAG00000006396-ENSBTAG00000003798","ENSBTAG00000019910-ENSBTAG00000015510","ENSBTAG00000000130-ENSBTAG00000014357","ENSBTAG00000008027-ENSBTAG00000012314","ENSBTAG00000015362-ENSBTAG00000000231","ENSBTAG00000001141-ENSBTAG00000015910","ENSBTAG00000017455-ENSBTAG00000017266","ENSBTAG00000018103-ENSBTAG00000017753","ENSBTAG00000015362-ENSBTAG00000006420","ENSBTAG00000015978-ENSBTAG00000039292","ENSBTAG00000005339-ENSBTAG00000003166","ENSBTAG00000015362-ENSBTAG00000018105","ENSBTAG00000017473-ENSBTAG00000015910","ENSBTAG00000014737-ENSBTAG00000000802","ENSBTAG00000020556-ENSBTAG00000017033","ENSBTAG00000005691-ENSBTAG00000015457","ENSBTAG00000012529-ENSBTAG00000012899","ENSBTAG00000001321-ENSBTAG00000005273","ENSBTAG00000017753-ENSBTAG00000014420","ENSBTAG00000019964-ENSBTAG00000003166","ENSBTAG00000011966-ENSBTAG00000015910","ENSBTAG00000014113-ENSBTAG00000001338","ENSBTAG00000015362-ENSBTAG00000011909","ENSBTAG00000008817-ENSBTAG00000017266","ENSBTAG00000015991-ENSBTAG00000011628","ENSBTAG00000016208-ENSBTAG00000015910","ENSBTAG00000031998-ENSBTAG00000015708","ENSBTAG00000011810-ENSBTAG00000003777","ENSBTAG00000019269-ENSBTAG00000019289","ENSBTAG00000016208-ENSBTAG00000038141","ENSBTAG00000013103-ENSBTAG00000017866","ENSBTAG00000007273-ENSBTAG00000034385","ENSBTAG00000037899-ENSBTAG00000007909","ENSBTAG00000018347-ENSBTAG00000013205","ENSBTAG00000012444-ENSBTAG00000015910","ENSBTAG00000015991-ENSBTAG00000021190","ENSBTAG00000021499-ENSBTAG00000008036","ENSBTAG00000025210-ENSBTAG00000019929","ENSBTAG00000017745-ENSBTAG00000015361","ENSBTAG00000014583-ENSBTAG00000014567","ENSBTAG00000010303-ENSBTAG00000007626","ENSBTAG00000021333-ENSBTAG00000017801","ENSBTAG00000020645-ENSBTAG00000021527","ENSBTAG00000005111-ENSBTAG00000008997"
"Zo_NP_1.NP_Hols_7",25.7951590260315,13.3449308400607,12.2704019372437,21.1914815330829,26.1538347036022,64.2270398122442,69.0277383493799,15.7440179433263,55.3059011483244,60.522526429815,63.5580468299599,14.0848402832171,9.66447919175265,16.8302312583952,14.0848402832171,107.286020945382,134.719443567289,43.3117222078627,60.5017424617732,29.8580357693255,9.89566128717871,15.4238218185662,71.319866592276,104.876181456226,122.477646192455,102.597674146597,14.2070058330542,63.7439953495185,72.5767565089169,18.4661253805875,17.5764065366614,71.35468908204,9.89566128717871,25.7951590260315,78.2637554152557,51.1680914885287,63.7120590804885,15.8886644115431,91.7808020168786,16.9371329932588,40.3997567493828,94.0092344760066,25.7951590260315,55.0192704015034,19.7619279671016,52.1836000830892,18.4661253805875,126.720695050845,96.4423647710797,17.8280620333536,18.4661253805875,9.0150132931688,75.7891698404518,11.8007731055063,14.2070058330542,25.7951590260315,14.3588415918708,76.6604421883926,25.7951590260315,14.3588415918708,18.4661253805875,13.4927549766514,53.6289509274077,17.3466663941413,58.6441839854964,67.9131374537522,19.1600676127221,21.0028054057174,15.2481382832337,25.7951590260315,87.4385236091327,12.1696607553451,65.5857940781903,18.4661253805875,92.5018011831518,133.457220907411,19.0089714052096,17.1096044251312,106.478174897217,15.8886644115431,84.3370639222173,12.730092548348,32.0150879849201,19.1600676127221,19.1600676127221,19.6895793591145,131.103182910667,18.4661253805875,14.5115926604083,10.2920909293338,15.8886644115431,12.1353162658223,44.0868575934666,42.7792613018324,7.49262099605358,25.7951590260315,25.7951590260315,21.0028054057174,18.4661253805875,17.8280620333536,12.99076541145,13.6172729650525,12.730092548348,116.104524411191,19.7062352283945,12.7272082775136,8.75948590108755,7.87703885633351,67.6503085891087,151.116441837037,14.3588415918708,25.7951590260315,67.6212353357612,14.3588415918708,101.351200360329,52.4614755557134,13.448414008877,87.9350486901083,13.3449308400607,100.215020596782,66.5863678261712,25.7951590260315,10.1554273686422,16.3117408586487,18.4661253805875,17.8280620333536,15.4238218185662,17.5313244383796,7.06936369174073,16.8302312583952,131.330834492616,40.0621516889375,12.9831318152532,12.7272082775136,9.2009034022763,17.1096044251312,15.2688721550731,14.259557957031,57.8631144968578,12.0406545096394,64.8755782032458,12.8203944948624,89.6481059921187,60.5369009644161,19.5548946766261,81.0198943456495,25.7951590260315,9.63356090301455,8.42325677789366,54.373202031271,142.188169932801,143.453404010252,80.5534360529171,18.0880819707953,17.1096044251312,92.6299195268638,128.710189013104,54.3900473522765,83.8702531954874,15.2414017802052,78.3437987156122,130.22467353678,137.28959807153,147.025759042829,65.3992685251062,54.3498347191191,101.756069720827,63.2998568895751,25.7951590260315,8.38578740996004,17.8819630525088,10.1554273686422,15.8431644256999,45.8984306055663,50.1838249444942,19.4835573159241,140.428426352689,8.75948590108755,79.986211691489,24.9064814361754,69.8505618948765,103.430219204083,55.2859406063397,11.1233565928571,14.3588415918708,63.5354734534681,11.7378508910455,10.1919118016619,23.4986875249056,44.8058817400127,89.6828980026988,71.5862710940744,100.985900247753,18.4661253805875,57.4277552158583,125.777877752755,10.6229119188764,23.1295200006567,64.2723606176451,50.8731731941791
"Zo_NP_4.NP_Hols_7",29.0681327599327,15.0381790994015,13.8273104720769,23.8803256828801,29.4723183748717,64.7950392392621,68.4814048974638,15.7440179433263,51.8122924569383,62.0840438274324,61.0541052717725,14.0848402832171,9.66447919175265,16.8302312583952,14.0848402832171,100.50888925678,129.41201783178,67.0921440644708,93.7203928746085,46.2516735701183,9.89566128717871,15.4238218185662,56.2069611476562,107.23212921968,81.8557150407933,112.278436742836,14.2070058330542,50.2364409974203,25.7951590260315,18.4661253805875,17.5764065366614,68.5435899329101,9.89566128717871,25.7951590260315,85.6484533859194,52.3269460464207,61.9186296065442,15.8886644115431,100.440921874452,16.9371329932588,14.3588415918708,94.8406162658705,25.7951590260315,19.5548946766261,19.7619279671016,14.259557957031,18.4661253805875,126.495256438806,92.6429080985637,17.8280620333536,18.4661253805875,9.0150132931688,72.8033692772007,11.8007731055063,14.2070058330542,101.048608529383,14.3588415918708,84.4130384949123,25.7951590260315,56.2485760017273,18.4661253805875,13.4927549766514,53.9439726737393,17.3466663941413,54.8484178105338,73.2503268939491,19.1600676127221,21.0028054057174,15.2481382832337,25.7951590260315,87.9054442650715,51.0875132128998,61.3407296608625,18.4661253805875,91.747897199689,132.254248972694,19.0089714052096,17.1096044251312,99.5863362325921,71.3450912521938,84.08939369471,12.730092548348,7.98445843157224,86.0347186409673,19.1600676127221,19.6895793591145,127.342324680364,57.4539709088251,33.8367415866592,46.2147193439202,15.8886644115431,12.1353162658223,11.8007731055063,46.7121582941229,7.49262099605358,25.7951590260315,25.7951590260315,94.3091898356387,18.4661253805875,80.0535954233708,30.290622299467,13.6172729650525,39.6073541073383,113.258906121664,19.7062352283945,12.7272082775136,8.75948590108755,7.87703885633351,68.2485820986543,150.847602711034,14.3588415918708,25.7951590260315,69.4439175763342,14.3588415918708,100.386448821868,33.8581603022857,41.8422799212724,96.8278350376385,41.5203109728228,98.5580134862826,62.3801853296332,80.2569183153125,10.1554273686422,16.3117408586487,18.4661253805875,17.8280620333536,15.4238218185662,17.5313244383796,7.06936369174073,72.3278904579139,132.032139556508,32.7106910647891,12.9831318152532,57.1491607114064,9.2009034022763,76.8274952118125,15.2688721550731,14.259557957031,63.8665067453235,37.4622937764342,73.7182219258408,12.8203944948624,88.5723826045958,39.0699665868162,19.5548946766261,79.8859330966548,25.7951590260315,9.63356090301455,8.42325677789366,54.8540578777987,138.534768709298,142.318014161532,77.3799418024201,81.2211665724406,17.1096044251312,99.0671666467032,128.995241833728,54.2432696459976,92.351970709617,15.2414017802052,50.5623768204194,134.529365064005,133.762061386826,148.42462890296,42.2080944906652,55.814795807581,97.747273596971,40.853153270592,25.7951590260315,8.38578740996004,17.8819630525088,45.6010570526259,15.8431644256999,15.4181345789736,48.6596641043939,45.4298924670367,139.875979634338,8.75948590108755,51.622375252235,24.9064814361754,70.2235630485036,25.7951590260315,45.1408935157026,11.1233565928571,14.3588415918708,15.8455396704962,11.7378508910455,10.1919118016619,23.4986875249056,53.2436600666561,25.7951590260315,71.9685409137809,101.579101384467,79.3581426899888,61.4186542013089,129.02302226228,44.5943534438054,23.1295200006567,64.8407608445687,13.6172729650525
"Zo_NP_10.NP_Hols_7",25.7951590260315,13.3449308400607,12.2704019372437,21.1914815330829,26.1538347036022,62.3685163006196,66.4096557872757,15.7440179433263,53.594073029823,61.2987692590995,60.504529405423,14.0848402832171,9.66447919175265,16.8302312583952,14.0848402832171,103.965304284715,128.247121196257,18.4661253805875,25.7951590260315,12.730092548348,9.89566128717871,15.4238218185662,57.2328652989697,100.177306329066,67.4554950600889,95.0785812485961,14.2070058330542,51.1533696538385,85.4459861798903,18.4661253805875,17.5764065366614,67.9265977969612,9.89566128717871,25.7951590260315,72.5280264875914,52.1911320366567,60.187580535168,66.5270611727785,85.0544470350702,16.9371329932588,47.5633966427609,91.2889102466127,90.3460040141144,64.7752261810833,69.2149725318861,64.0572195392982,64.6765013573312,117.312552815893,91.8089870009936,17.8280620333536,18.4661253805875,9.0150132931688,72.1480329232312,11.8007731055063,14.2070058330542,72.7958372667822,50.2909851723747,61.5511369847739,77.5021148148737,40.5217077672013,77.3190886910568,13.4927549766514,53.9204017610247,72.6318277267168,57.2818572305181,49.0367726976314,19.1600676127221,21.0028054057174,15.2481382832337,108.006316833,87.5330606112048,36.6689055785792,64.0622110739266,18.4661253805875,90.1875375056554,129.006778795295,91.6552176507774,82.497073832955,104.004646294285,74.7424898197147,84.3968822886921,53.3018776004739,33.586795623391,90.1316260068108,19.1600676127221,19.6895793591145,125.012782350822,71.6992077620436,55.5103551624755,48.4154288607448,15.8886644115431,58.5126375275698,43.4841586969028,44.219527148853,23.8833352584421,25.7951590260315,25.7951590260315,98.8001211783302,68.1387081328346,83.8656862854439,49.6928227450469,13.6172729650525,49.4276699438833,109.947113532333,95.0172021638642,12.7272082775136,8.75948590108755,12.6243387817841,65.6927267131719,139.897082771241,43.1414510195003,95.1823285009502,66.4731254456864,60.121575244464,96.6981028488168,11.8007731055063,52.2167271270727,70.6035873676078,51.8149286410386,103.284926910901,64.525386730356,100.155957362158,10.1554273686422,78.650029335769,18.4661253805875,17.8280620333536,15.4238218185662,17.5313244383796,11.3298974200719,91.2697413375715,131.472827093361,36.4086616454808,20.8077499011611,59.8705599461433,9.2009034022763,80.4859616542506,15.2688721550731,14.259557957031,60.798348156598,46.750759646914,71.7960426343873,47.3063569443519,88.8610042683077,13.6172729650525,81.877849558835,77.391877917356,59.0731357020784,9.63356090301455,13.4997489728755,52.7998168235322,142.082502600695,138.012506416117,76.6834096304256,85.0888562778218,17.1096044251312,104.992531226123,125.261021873951,52.5130086476826,67.3399382525967,24.4270243034143,17.6227866843846,132.464983294419,137.187571119774,145.841416335951,14.7110221539853,53.4270538433318,96.867405775942,14.2387769473164,25.7951590260315,8.38578740996004,74.733979590326,47.7725444414414,15.8431644256999,57.9909456010828,52.6710420171294,74.5293236755561,136.369654307637,8.75948590108755,17.9922338390548,91.9031704929011,69.9260831004279,108.507889633986,50.244108726796,41.9037193103091,32.882983858531,66.6546024400171,49.1472853878279,32.4875429588356,23.4986875249056,12.4179476979385,25.7951590260315,71.6636689180474,101.534716219384,100.141136572481,65.0922014565559,127.391065130208,32.0083330138643,23.1295200006567,62.412525667993,50.1777005063417
"Zo_NP_11.NP_Hols_7",25.7951590260315,13.3449308400607,12.2704019372437,21.1914815330829,26.1538347036022,65.3303712396745,68.9328737326317,15.7440179433263,13.2973942236639,63.985978060167,63.8207050442639,14.0848402832171,9.66447919175265,16.8302312583952,14.0848402832171,25.7951590260315,135.276181387979,51.7295426536009,72.2605176555485,35.6610740960486,9.89566128717871,15.4238218185662,15.4238218185662,106.532450680935,28.7321501619055,96.8054308974343,14.2070058330542,13.7854439898934,25.7951590260315,18.4661253805875,17.5764065366614,71.6495674829866,9.89566128717871,25.7951590260315,73.845305262961,52.9965545124503,14.9769021846245,15.8886644115431,86.5992349364653,16.9371329932588,14.3588415918708,95.6241826842574,25.7951590260315,19.5548946766261,19.7619279671016,58.8294488937922,18.4661253805875,125.823478663136,96.8409198019131,17.8280620333536,18.4661253805875,9.0150132931688,76.1023740530849,11.8007731055063,14.2070058330542,25.7951590260315,14.3588415918708,72.3019140435859,25.7951590260315,14.3588415918708,18.4661253805875,13.4927549766514,54.6446867690986,17.3466663941413,14.2070058330542,67.5056324312317,19.1600676127221,21.0028054057174,15.2481382832337,25.7951590260315,88.8553685534411,40.3605761401562,15.8886644115431,18.4661253805875,92.3918894100289,134.954601175792,19.0089714052096,17.1096044251312,25.7951590260315,15.8886644115431,85.2310048557013,12.730092548348,35.605003380042,19.1600676127221,19.1600676127221,19.6895793591145,129.60582194117,18.4661253805875,64.1827688143996,10.2920909293338,15.8886644115431,12.1353162658223,54.0936377471637,44.1440777215431,7.49262099605358,25.7951590260315,25.7951590260315,21.0028054057174,18.4661253805875,17.8280620333536,57.4563600727293,13.6172729650525,12.730092548348,113.892007592003,19.7062352283945,12.7272082775136,8.75948590108755,7.87703885633351,68.8124470242587,150.046497042195,14.3588415918708,25.7951590260315,68.9725747031682,14.3588415918708,103.275739269999,38.9861039148404,13.448414008877,82.9355029832246,13.3449308400607,102.332334269403,16.0095968878958,25.7951590260315,10.1554273686422,16.3117408586487,18.4661253805875,17.8280620333536,15.4238218185662,17.5313244383796,7.06936369174073,88.9628962686482,133.458905978755,35.4618827269385,12.9831318152532,12.7272082775136,9.2009034022763,17.1096044251312,15.2688721550731,14.259557957031,15.4238218185662,12.0406545096394,68.774524252342,12.8203944948624,90.4254127395041,44.9872575386244,19.5548946766261,81.4731876598032,25.7951590260315,9.63356090301455,8.42325677789366,55.3072581980582,139.221174138539,143.25625642121,80.88632893942,18.0880819707953,17.1096044251312,102.456320987651,131.145504747998,55.0028760126432,79.1018113677419,15.2414017802052,58.2202358103052,127.736694135422,134.424819234679,149.226743269652,48.6006665208384,55.4359590838003,102.176584020755,47.0405144413201,25.7951590260315,8.38578740996004,17.8819630525088,10.1554273686422,15.8431644256999,15.4181345789736,49.3721015787955,86.1730813532135,142.764940866433,8.75948590108755,59.4407749253481,24.9064814361754,70.9824132962138,115.028055087478,48.9375497714936,11.1233565928571,14.3588415918708,70.6598322681119,11.7378508910455,10.1919118016619,23.4986875249056,12.4179476979385,25.7951590260315,72.7462477507587,102.898579810065,97.6100667599325,63.5198276329049,132.97562083227,35.2307968111331,23.1295200006567,65.3764705936285,62.4203028301673
"Zo_NP_13.NP_Hols_7",25.7951590260315,13.3449308400607,12.2704019372437,21.1914815330829,26.1538347036022,63.7619376645955,67.362563691746,15.7440179433263,30.5194882858032,63.2247662001235,54.9579925901417,14.0848402832171,9.66447919175265,16.8302312583952,14.0848402832171,59.2037086728171,116.490524026441,77.3292804338974,108.020553583911,53.308903537259,9.89566128717871,15.4238218185662,65.8547945993757,106.504949626399,28.7321501619055,84.8108026252852,14.2070058330542,58.8594443773221,40.8156268340274,18.4661253805875,17.5764065366614,61.6996693484625,9.89566128717871,25.7951590260315,64.6955398204513,53.3353227526231,14.9769021846245,15.8886644115431,75.869200246408,16.9371329932588,22.7199653854151,93.3284636202826,102.150752129702,30.9416694463648,78.2587075092358,61.4516904037808,73.1272326968321,121.157810253762,83.3927257495003,17.8280620333536,18.4661253805875,36.9864210799294,65.5341194742496,43.49513164093,14.2070058330542,25.7951590260315,56.862082797809,46.0583236564749,25.7951590260315,14.3588415918708,18.4661253805875,13.4927549766514,53.861567737037,17.3466663941413,54.866593705819,66.6596476982458,19.1600676127221,21.0028054057174,15.2481382832337,25.7951590260315,87.2573109300708,12.1696607553451,61.3610570052698,58.8976007052281,90.7539199435203,130.958246888208,80.5543470012665,72.505396664372,99.6193375641063,72.547855160224,83.8743698964145,12.730092548348,35.8872783106953,87.48512612665,19.1600676127221,19.6895793591145,120.774732047351,74.7688782092394,14.5115926604083,46.9938254529885,15.8886644115431,51.425848174997,56.4123512172041,38.2409803635464,7.49262099605358,25.7951590260315,25.7951590260315,95.8990916458266,37.4885651343623,81.4031707563525,12.99076541145,13.6172729650525,51.5438252325727,109.399637120331,83.509142964023,52.2166600553747,8.75948590108755,7.87703885633351,67.1604167319428,144.482613348745,14.3588415918708,52.3674284327777,67.4419294091578,14.3588415918708,100.334797977426,50.5221460020216,54.4522907980582,52.8322146037677,54.0332900447075,100.799826027162,36.7443949139337,104.443951497959,41.665264452562,69.1242890166176,18.4661253805875,17.8280620333536,15.4238218185662,17.5313244383796,7.06936369174073,81.8377195119417,131.058656837053,40.2457047377687,12.9831318152532,58.1126039794923,9.2009034022763,78.1226836650517,15.2688721550731,14.259557957031,54.5858813850835,48.7523079171315,56.1617738869162,26.0270188880077,89.6488512113518,58.299049285911,19.5548946766261,79.1922342214883,63.7266706072883,9.63356090301455,8.42325677789366,53.9794567627172,136.197682384198,139.992839045772,69.6537317068695,82.5904252839633,17.1096044251312,107.573688593957,125.111529747537,52.3756065203539,50.3900467640813,15.2414017802052,75.4476841365184,123.542302530543,131.50549079883,148.627161589115,62.9816709852528,54.2057195247328,87.9874320348538,60.9598677468745,25.7951590260315,8.38578740996004,17.8819630525088,46.3698177988565,35.1455305758128,15.4181345789736,51.0452617291965,19.4835573159241,138.892391427221,8.75948590108755,77.0293824643654,50.5633007652709,69.705799530046,115.939992545437,55.5392445984614,30.973543480123,35.4733679875344,71.220020369783,11.7378508910455,10.1919118016619,23.4986875249056,49.1274449435168,25.7951590260315,71.437911544604,101.423928915608,89.7923246666646,66.6924411442367,131.393670805985,10.6229119188764,23.1295200006567,63.8069302779454,65.0959372116597
"Zo_NP_15.NP_Hols_7",25.7951590260315,13.3449308400607,12.2704019372437,21.1914815330829,26.1538347036022,63.723099327428,67.7498669597276,60.2035940587748,45.3070406595485,61.0851803523551,60.0921984901078,14.0848402832171,9.66447919175265,16.8302312583952,14.0848402832171,87.8895743898545,127.373132862011,18.4661253805875,25.7951590260315,12.730092548348,9.89566128717871,15.4238218185662,63.2848191483555,101.245963806915,86.509638755215,99.5401700231069,14.2070058330542,56.5624616286759,85.47815640823,70.6126682688756,17.5764065366614,67.4636863997632,9.89566128717871,25.7951590260315,75.9314242304373,52.7029761152314,53.1442998794957,15.8886644115431,89.0456505335921,64.7659500209007,47.5813041583625,93.2716158758417,25.7951590260315,64.7996139131485,19.7619279671016,57.7856915703132,18.4661253805875,126.680910160087,91.1833200630586,17.8280620333536,18.4661253805875,35.6366966665681,71.6563529656185,11.8007731055063,14.2070058330542,27.4997000923971,14.3588415918708,17.5129941735982,25.7951590260315,15.3076721508948,18.4661253805875,51.5949833309967,53.4557733635611,17.3466663941413,58.9907693306412,68.7983456116466,19.1600676127221,21.0028054057174,15.2481382832337,25.7951590260315,86.6577087877755,36.6871110851348,65.9734041280259,18.4661253805875,90.986621596875,126.627418840884,75.1914071852396,67.6783191307154,107.107457674965,70.5830051873167,84.0894654380589,12.730092548348,38.7720505605319,85.1157225471767,19.1600676127221,19.6895793591145,125.791923844953,64.3600574330202,53.3743445193385,45.7210680921514,15.8886644115431,48.0021505222023,51.5324411410741,42.7066655846501,7.49262099605358,25.7951590260315,25.7951590260315,93.3018084152474,18.4661253805875,79.1984878266925,47.7806678334045,13.6172729650525,44.3682402590333,113.806863407015,77.9494863535981,50.3111471994911,8.75948590108755,12.7081833512024,67.1195083310239,151.068997722816,14.3588415918708,25.7951590260315,67.5865452620377,14.3588415918708,100.653112309463,11.8007731055063,46.8718087934276,20.0886656977583,46.5111385092665,99.3763893121057,54.5480900199272,89.9039664354568,40.1447976710032,64.5223101585934,18.4661253805875,17.8280620333536,15.4238218185662,17.5313244383796,11.4051449547871,82.8285926519419,130.158066954461,9.78123288278601,20.9459446106965,56.5387111593323,9.2009034022763,76.0068478137544,15.2688721550731,14.259557957031,50.2598163037339,41.9653392252063,66.0638377346114,12.8203944948624,89.6588772269813,13.6172729650525,19.5548946766261,78.4583873987024,25.7951590260315,9.63356090301455,13.5894075807005,53.9465770790273,135.437057636695,140.797732462605,76.1608216391937,80.3535873440517,17.1096044251312,104.853591007563,127.822502588067,55.3474334523077,19.1600676127221,24.5892564306006,17.6227866843846,128.357767094828,130.771070587097,146.431965548006,14.7110221539853,54.3219529484903,96.2072663371213,14.2387769473164,25.7951590260315,8.38578740996004,17.8819630525088,45.1139607505043,15.8431644256999,33.2695694773738,51.162977625607,71.6614726569338,140.030257962755,8.75948590108755,17.9922338390548,24.9064814361754,69.2268053198976,125.259742854884,13.4981431954342,11.1233565928571,14.3588415918708,76.9449888841635,11.7378508910455,10.1919118016619,72.4928481485277,40.9224090714955,25.7951590260315,70.9470148581639,100.659798545495,90.8795104194077,65.0060627132442,126.947184793637,32.0242246230445,23.1295200006567,63.7680645351131,59.464859742628
"SW_NP_5.NP_Hols_7",25.7951590260315,13.3449308400607,12.2704019372437,21.1914815330829,26.1538347036022,63.6471309095967,67.4075025628325,15.7440179433263,55.5994678636299,60.2846343982218,57.9621896061293,14.0848402832171,9.66447919175265,16.8302312583952,14.0848402832171,107.855500948658,122.858305456904,31.1069495296356,43.4530088686183,21.4443657371319,9.89566128717871,15.4238218185662,60.5304114200756,100.958180016193,28.7321501619055,87.4163088756109,14.2070058330542,54.1006377104415,108.598651703374,18.4661253805875,17.5764065366614,65.0723901085968,9.89566128717871,25.7951590260315,66.6830771170283,52.6121240763843,53.1109263183947,15.8886644115431,78.20000798941,16.9371329932588,60.4512976766637,93.1604207650979,25.7951590260315,82.3268890856613,19.7619279671016,65.4967630616994,18.4661253805875,122.917142873547,87.951265209267,17.8280620333536,18.4661253805875,9.0150132931688,69.1164447538165,11.8007731055063,14.2070058330542,25.7951590260315,14.3588415918708,65.0839853338436,25.7951590260315,14.3588415918708,18.4661253805875,13.4927549766514,53.9824972343108,17.3466663941413,65.8053600062452,66.4314310428203,80.9998276216982,21.0028054057174,15.2481382832337,25.7951590260315,86.6244590682927,12.1696607553451,73.594626053253,18.4661253805875,90.253955707146,130.557402995671,35.8307167631116,32.2505293430946,119.480469429879,67.3100551350124,84.4235417953737,12.730092548348,30.5379787883351,81.1688870756153,19.1600676127221,19.6895793591145,123.808731652847,54.885040333987,51.4575963682593,43.6009717345865,67.1698610092305,22.8743086978549,52.9272246692157,43.4661309500461,7.49262099605358,109.049898821625,25.7951590260315,88.9753822745303,56.7145058173789,75.5260358789909,46.0647965182294,13.6172729650525,37.8363965678456,110.889521224711,37.1450152606544,12.7272082775136,8.75948590108755,31.8571571669098,67.0394908348987,146.580645445263,14.3588415918708,79.2239663974129,68.6994351828113,14.3588415918708,103.135990645467,24.1742795713844,39.9713924872034,74.6560188788527,39.663819686883,103.512540108219,66.939811868868,76.6684030562076,10.1554273686422,30.7466066501284,18.4661253805875,17.8280620333536,15.4238218185662,17.5313244383796,28.5906714826918,82.5443227640192,130.108126570908,9.78123288278601,52.5077606319877,53.9169982249643,33.0559391193669,72.4823929415465,15.2688721550731,14.259557957031,43.553306949599,35.7872479899807,72.4016747637265,39.3749269635271,89.9697663527521,27.8954404693565,19.5548946766261,77.2999560375358,106.895656839652,9.63356090301455,34.0662296993543,53.8822638841048,132.272111138721,140.086230980433,73.4612494687849,76.6275731682227,72.3314258134905,100.488624747689,126.656176797055,52.0842900917931,71.2050462154438,61.6408958761972,36.1008696910206,128.503140771565,127.715160711965,146.107810588737,30.1360223734267,55.2164261558236,92.7971342875328,29.168612225787,25.7951590260315,8.38578740996004,58.6391647895488,43.0220160988681,52.5178571485092,15.4181345789736,49.1081551872929,69.0880078873754,137.277796440677,8.75948590108755,36.8576945807123,76.4945952217655,69.2002436684326,98.6581652255611,13.4981431954342,11.1233565928571,59.5033278093222,60.6040795996793,11.7378508910455,10.1919118016619,23.4986875249056,42.7704256692837,25.7951590260315,70.9197931790407,101.651644989436,90.5676095719557,62.2999153347523,125.283490676849,10.6229119188764,23.1295200006567,63.6920425113568,61.0743431095272
"Zo_NP_1.NP_Hols_8",25.8704896002895,14.436649588456,11.7365660150803,21.4478367639257,26.8068679687653,63.4765948428975,76.4163388293898,15.3249902047501,58.7409665961609,67.0007448753822,67.7575077224809,14.2193200688736,8.96529301700717,16.8324910100179,14.2193200688736,107.59933235236,135.112869831396,43.0159653458965,60.6784279785657,28.7349138866,10.4416135433166,15.1175713811701,69.9037622962171,102.58474385603,119.977292569266,101.512557217769,13.9878169936422,66.3968056257563,72.7887051439335,18.3400282637602,17.5746134972644,74.1846089374416,10.4416135433166,25.8704896002895,72.264376830653,52.0164305672719,65.0040553741503,16.1116071325931,90.3402050993875,17.3514752393322,40.6440171467092,88.4024641873272,25.8704896002895,52.7729652195115,20.3552342245566,56.751989637245,18.3400282637602,121.995338212616,95.7838019222416,17.5801868248079,18.3400282637602,9.4079556393497,74.2506222507242,12.3063453067616,13.9878169936422,25.8704896002895,14.4456563807354,79.3172348583388,25.8704896002895,14.4456563807354,18.3400282637602,13.9173724534221,52.4346882715395,17.2756726715468,57.7394084981701,67.4515098975399,19.1810297293963,21.4127888622646,14.8039643786527,25.8704896002895,89.8034439154943,12.9737448480179,66.5060649716577,18.3400282637602,95.0036662531862,131.765561201769,18.2591086045061,16.4784369575094,106.78912712096,16.1116071325931,85.1423006200497,12.2512450574873,34.7536808883986,19.1810297293963,19.1810297293963,19.6086277430861,135.345716961595,18.3400282637602,14.2170020750017,9.28550758693925,16.1116071325931,15.2966665855426,45.9756397470324,43.4885181466035,7.77582044955637,25.8704896002895,25.8704896002895,21.4127888622646,18.3400282637602,17.5801868248079,13.5683236110119,13.865190938886,12.2512450574873,111.775039727134,19.5591056550239,12.7101252529386,9.00396670616563,8.01565786845745,72.1201568531215,151.557752872644,14.4456563807354,25.8704896002895,72.0891626472504,14.4456563807354,102.418049247533,54.7090455615659,15.1268517963661,90.7001738264265,14.436649588456,98.888861627333,63.419017680069,25.8704896002895,9.91944524812565,16.2150786591073,18.3400282637602,17.5801868248079,15.1175713811701,18.6001918299389,8.01565786845745,16.8324910100179,128.617549415992,41.3969686896771,12.5490175877966,12.7101252529386,9.04544658973003,16.4784369575094,15.5038290191186,15.5079044780463,56.7142031354445,11.0089179370908,65.5440229925004,11.2480595978027,92.0727881291977,61.6390442399292,18.7565151102513,80.4691759245365,25.8704896002895,7.06936369174073,7.06936369174073,56.184843977503,142.603407399758,147.492241571411,78.9539929761518,18.4592190036918,16.4784369575094,90.1289303812647,132.825225765251,50.5086006124074,83.9620116416743,14.4380887633472,79.0603867925607,130.604973554709,137.010522035704,145.162109023946,67.4011979179831,56.160698097945,100.409517839157,63.4233271560846,25.8704896002895,10.4272139387322,18.0972804422436,9.91944524812565,15.5864668074326,46.371344568308,49.3359280450092,19.2257287575162,140.838524774204,9.00396670616563,77.8481769496881,24.8558526762168,74.465787151608,103.73227036804,51.5675688726921,10.9458150152742,14.4456563807354,63.9817895422162,12.8211811840417,10.0281648400858,23.2501553447115,45.9328856787599,89.9448023468765,70.5685766585536,93.83615615591,18.3400282637602,58.1464116823547,129.319072334616,10.2694047836806,23.1425676784532,65.2426501775956,51.7993772919563
"Zo_NP_4.NP_Hols_8",29.1530215226345,16.2684186758599,13.2257397106094,24.1692080997832,30.2082106261757,64.0379576210235,75.8115268628707,15.3249902047501,55.0303688628306,68.7294041853592,65.0881236251466,14.2193200688736,8.96529301700717,16.8324910100179,14.2193200688736,100.802409150885,129.789944620652,66.6340010726992,93.9940880670983,44.5118984857626,10.4416135433166,15.1175713811701,55.090933833631,104.889216563715,80.1846490132885,111.090931923985,13.9878169936422,52.327112380487,25.8704896002895,18.3400282637602,17.5746134972644,71.2620218763052,10.4416135433166,25.8704896002895,79.0829941344244,53.1944983023499,63.1742575224337,16.1116071325931,98.8643952015244,17.3514752393322,14.4456563807354,89.1842618406545,25.8704896002895,18.7565151102513,20.3552342245566,15.5079044780463,18.3400282637602,121.77830610345,92.0102900823334,17.5801868248079,18.3400282637602,9.4079556393497,71.3254345200146,12.3063453067616,13.9878169936422,101.343704586004,14.4456563807354,87.3385100356325,25.8704896002895,56.588659720757,18.3400282637602,13.9173724534221,52.7426948012592,17.2756726715468,54.0022042462718,72.7524207352353,19.1810297293963,21.4127888622646,14.8039643786527,25.8704896002895,90.2829932171961,54.4630104871897,62.2014356854575,18.3400282637602,94.229371682532,130.577837742445,18.2591086045061,16.4784369575094,99.877161960361,72.3461740597434,84.8922656771152,12.2512450574873,8.66745456168197,86.1288451256248,19.1810297293963,19.6086277430861,131.463156353451,57.0616427981593,33.1498434807427,41.6948441325144,16.1116071325931,15.2966665855426,12.3063453067616,47.4866204282486,7.77582044955637,25.8704896002895,25.8704896002895,96.1501442646339,18.3400282637602,78.9405579197277,31.6373171803912,13.865190938886,38.1175077404012,109.035533243875,19.5591056550239,12.7101252529386,9.00396670616563,8.01565786845745,72.7579599947386,151.288128645617,14.4456563807354,25.8704896002895,74.0322746865751,14.4456563807354,101.443142485438,35.3087215902149,47.0644320418275,99.8725946021825,44.9169941382507,97.2537819168274,59.412912964913,80.4912956160601,9.91944524812565,16.2150786591073,18.3400282637602,17.5801868248079,15.1175713811701,18.6001918299389,8.01565786845745,72.3376017367027,129.304365570471,33.8005672870709,12.5490175877966,57.0724525680663,9.04544658973003,73.9933551351814,15.5038290191186,15.5079044780463,62.5983939613587,34.2522341779494,74.4777767950871,11.2480595978027,90.9679700134227,39.7812798562795,18.7565151102513,79.3429225768381,25.8704896002895,7.06936369174073,7.06936369174073,56.6817212939666,138.939337011088,146.324885557794,75.8435106051826,82.8876883639031,16.4784369575094,96.3923731271341,133.119392105498,50.3722974300029,92.453008598639,14.4380887633472,51.0248562631537,134.922236234701,133.490155966751,146.543247271208,43.5001215558571,57.6744697191383,96.4537706585104,40.9328398602612,25.8704896002895,10.4272139387322,18.0972804422436,44.5414232479174,15.5864668074326,15.5769951549372,47.8375191529134,44.8287125339538,140.284464724899,9.00396670616563,50.2425070298311,24.8558526762168,74.8634335521495,25.8704896002895,42.104848173261,10.9458150152742,14.4456563807354,15.9568494460505,12.8211811840417,10.0281648400858,23.2501553447115,54.5828997440856,25.8704896002895,70.9454120023132,94.3873589907612,78.8162405430177,62.1872531625493,132.655581783348,43.110351481611,23.1425676784532,65.8196312750638,13.865190938886
"Zo_NP_10.NP_Hols_8",25.8704896002895,14.436649588456,11.7365660150803,21.4478367639257,26.8068679687653,61.6397867898054,73.518021588624,15.3249902047501,56.922816340231,67.8600752905879,64.502235718492,14.2193200688736,8.96529301700717,16.8324910100179,14.2193200688736,104.268918077783,128.621646093619,18.3400282637602,25.8704896002895,12.2512450574873,10.4416135433166,15.1175713811701,56.096467962601,97.9885343579519,66.0784062873959,94.0729894655472,13.9878169936422,53.2822005176372,85.6955173109247,18.3400282637602,17.5746134972644,70.6205598937546,10.4416135433166,25.8704896002895,66.9683253643261,53.0564325703002,61.4081050653463,67.4605395103625,83.7194273847178,17.3514752393322,47.8509690218281,85.8443818180011,90.6098448517474,62.1306086648306,71.2929922666565,69.6650797127175,64.234853736103,112.938021304396,91.1820634682512,17.5801868248079,18.3400282637602,9.4079556393497,70.6834017313168,12.3063453067616,13.9878169936422,73.0084256915859,50.5950487858351,63.6842920371037,77.7284471592228,40.7667054908501,76.7911103545777,13.9173724534221,52.719648789001,72.3345715443473,56.3981000227528,48.7034538966798,19.1810297293963,21.4127888622646,14.8039643786527,108.321731747183,89.9005378280297,39.0917244446271,64.96110372364,18.3400282637602,92.6268094652474,127.371531425698,88.0396175879639,79.4537849360547,104.308374979305,75.7912434233436,85.2026901226497,51.2969062893689,36.459833491915,90.2302347225304,19.1810297293963,19.6086277430861,129.058229411295,71.2096051415014,54.383474853324,43.6803206557427,16.1116071325931,73.7556638569644,45.3471198466153,44.9526628166613,24.7860564152412,25.8704896002895,25.8704896002895,100.728740446352,67.6734186114648,82.6996467888942,51.9021226844082,13.865190938886,47.5684284936088,105.847235887525,94.3077901297946,12.7101252529386,9.00396670616563,12.8465001044037,70.0332319759138,140.305629490086,43.402287935738,95.460293039101,70.8651938718864,60.4850754493836,97.7159720309499,12.3063453067616,58.733668670606,72.8237232184721,56.053791301486,101.918143454528,61.4560723983109,100.448446575961,9.91944524812565,78.1839549360179,18.3400282637602,17.5801868248079,15.1175713811701,18.6001918299389,12.8465001044037,91.2819958896883,128.756608460378,37.6217492728232,20.1120055767571,59.7901990198054,9.04544658973003,77.5168619992168,15.5038290191186,15.5079044780463,59.5911557411937,42.7447923231663,72.5357923509556,41.504551398807,91.2643979300902,13.865190938886,78.5349728465089,76.8658202970907,59.2456492047543,7.06936369174073,11.3298974200719,54.5590356912359,142.497431483364,141.898159033906,75.1608085516141,86.834736559794,16.4784369575094,102.157754057939,129.265784143163,48.7655133587723,67.4136116691534,23.1395740498868,17.7839772192791,132.851825773295,136.908702479684,143.992778654515,15.1613395399973,55.2071714047458,95.585546247779,14.2665505580454,25.8704896002895,10.4272139387322,75.6338542496482,46.6624516870416,15.5864668074326,58.58845465587,51.7811215443802,73.5430670197101,136.76789974431,9.00396670616563,17.5113006854898,91.7163539178566,74.5462982579679,108.824769310107,46.864835956485,41.234887706212,33.0817972017001,67.1228293979838,53.6832727311142,31.9655862786653,23.2501553447115,12.7302967785333,25.8704896002895,70.6448741691064,94.3461162700297,99.4573164241092,65.9067715423865,130.977677956539,30.9431661187101,23.1425676784532,63.3547381755754,51.0912427312118
"Zo_NP_11.NP_Hols_8",25.8704896002895,14.436649588456,11.7365660150803,21.4478367639257,26.8068679687653,64.5670346670146,76.3113200808446,15.3249902047501,14.1232992084044,70.8349179141192,68.0375205119187,14.2193200688736,8.96529301700717,16.8324910100179,14.2193200688736,25.8704896002895,135.671233514508,51.3763041669679,72.4715427663331,34.3196686202097,10.4416135433166,15.1175713811701,15.1175713811701,104.20482528743,28.1455897731923,95.7815752131511,13.9878169936422,14.3591477133323,25.8704896002895,18.3400282637602,17.5746134972644,74.4911821863723,10.4416135433166,25.8704896002895,68.184626950025,53.8752085119207,15.2806139527314,16.1116071325931,85.2399682034984,17.3514752393322,14.4456563807354,89.9210958615455,25.8704896002895,18.7565151102513,20.3552342245566,63.9796462618392,18.3400282637602,121.131578614198,96.1796353945862,17.5801868248079,18.3400282637602,9.4079556393497,74.557468304435,12.3063453067616,13.9878169936422,25.8704896002895,14.4456563807354,74.8076548111908,25.8704896002895,14.4456563807354,18.3400282637602,13.9173724534221,53.4278047003391,17.2756726715468,13.9878169936422,67.0467748184316,19.1810297293963,21.4127888622646,14.8039643786527,25.8704896002895,91.2586097879413,43.027314178121,16.1116071325931,18.3400282637602,94.8907817333444,133.243961171843,18.2591086045061,16.4784369575094,25.8704896002895,16.1116071325931,86.0447767575337,12.2512450574873,38.6506801444113,19.1810297293963,19.1810297293963,19.6086277430861,133.799900990788,18.3400282637602,62.8798353679809,9.28550758693925,16.1116071325931,15.2966665855426,56.4111333269222,44.8759624789541,7.77582044955637,25.8704896002895,25.8704896002895,21.4127888622646,18.3400282637602,17.5801868248079,60.010820170033,13.865190938886,12.2512450574873,109.645026649557,19.5591056550239,12.7101252529386,9.00396670616563,8.01565786845745,73.3590810794266,150.484683477727,14.4456563807354,25.8704896002895,73.5297888494328,14.4456563807354,104.362846350366,40.6563580751716,15.1268517963661,85.5434169766571,14.436649588456,100.978156600747,15.2480596439018,25.8704896002895,9.91944524812565,16.2150786591073,18.3400282637602,17.5801868248079,15.1175713811701,18.6001918299389,8.01565786845745,88.9748410866438,130.701655106683,36.6434249543676,12.5490175877966,12.7101252529386,9.04544658973003,16.4784369575094,15.5038290191186,15.5079044780463,15.1175713811701,11.0089179370908,69.4831417882956,11.2480595978027,92.8711184304503,45.8063018337579,18.7565151102513,80.9193880574533,25.8704896002895,7.06936369174073,7.06936369174073,57.1500216392302,139.627746975953,147.289543419848,79.2802760487385,18.4592190036918,16.4784369575094,99.690020984402,135.338401798766,51.07769587077,79.1883528890219,14.4380887633472,58.7527594752635,128.109728413417,134.151566590665,147.335194300799,50.0883758640113,57.2830106653506,100.824467416279,47.1322698597399,25.8704896002895,10.4272139387322,18.0972804422436,9.91944524812565,15.5864668074326,15.5769951549372,48.5379194116128,85.0327412716459,143.181862699268,9.00396670616563,57.8519205567959,24.8558526762168,75.6724231936498,115.363975848299,45.6461523603509,10.9458150152742,14.4456563807354,71.156194666239,12.8211811840417,10.0281648400858,23.2501553447115,12.7302967785333,25.8704896002895,71.7120626981014,95.6134190970232,96.9435301834676,64.3147208810832,136.719463202838,34.0583934111538,23.1425676784532,66.363428381919,63.5567355831455
"Zo_NP_13.NP_Hols_8",25.8704896002895,14.436649588456,11.7365660150803,21.4478367639257,26.8068679687653,63.0169270663168,74.5729269794489,15.3249902047501,32.415062492524,69.9922273550917,58.5892234432737,14.2193200688736,8.96529301700717,16.8324910100179,14.2193200688736,59.3766034926563,116.830715690376,76.8012325024513,108.336010074214,51.3036679427493,10.4416135433166,15.1175713811701,64.5472030122884,104.177925102887,28.1455897731923,83.9138072650917,13.9878169936422,61.3089761024933,40.9348222460428,18.3400282637602,17.5746134972644,64.1466720837722,10.4416135433166,25.8704896002895,59.7362450094785,54.2195933449429,15.2806139527314,16.1116071325931,74.6783527749793,17.3514752393322,22.8573322464759,87.7622949366322,102.449066817782,29.6783951079441,80.6082445049617,66.8314507131279,72.6278787167966,116.639890848746,82.8232731943673,17.5801868248079,18.3400282637602,38.59856857249,64.2037531201348,45.3585628967463,13.9878169936422,25.8704896002895,57.2058758315929,47.6545499915619,25.8704896002895,14.4456563807354,18.3400282637602,13.9173724534221,52.6621249393972,17.2756726715468,54.0200997198101,66.2065405172403,19.1810297293963,21.4127888622646,14.8039643786527,25.8704896002895,89.6173300381186,12.9737448480179,62.222048254183,58.4954146762746,93.2085106582009,129.29826335284,77.3766522715742,69.8306973279951,99.9102596669063,73.5658146196742,84.6751888662384,12.2512450574873,38.9571010690498,87.5808394330011,19.1810297293963,19.6086277430861,124.683034666913,74.2583141479497,14.2170020750017,42.3977523886166,16.1116071325931,64.8227072274296,58.8291858031995,38.8749949829724,7.77582044955637,25.8704896002895,25.8704896002895,97.7710816163658,37.2325720724715,80.2713692240402,13.5683236110119,13.865190938886,49.6049837600351,105.320174620864,82.8856517474393,52.1465725336262,9.00396670616563,8.01565786845745,71.5978964478591,144.904551365211,14.4456563807354,52.5203590060018,71.8980094681884,14.4456563807354,101.390947950879,52.6866306792558,61.2482432747203,54.4935281162337,58.4536318573609,99.4659282480791,34.9965542012084,104.748963102508,40.6970868367427,68.714663466777,18.3400282637602,17.5801868248079,15.1175713811701,18.6001918299389,8.01565786845745,81.8487076508821,128.350994930143,41.586637479171,12.5490175877966,58.0346026597802,9.04544658973003,75.240764528437,15.5038290191186,15.5079044780463,53.502041708609,44.5748324290684,56.7404360915504,22.8349806024116,92.0735535041245,59.3604499211539,18.7565151102513,78.6539389972461,63.9127740031835,7.06936369174073,7.06936369174073,55.7779796462862,136.595425604787,143.934246644513,68.2707096483662,84.2850419622293,16.4784369575094,104.66922069741,129.111512553685,48.6379166841897,50.445176112309,14.4380887633472,76.1377822907049,123.903087768789,131.238172432567,146.743212719847,64.909595581374,56.0117811791525,86.8230824044595,61.0787737205519,25.8704896002895,10.4272139387322,18.0972804422436,45.2923202662634,34.576087896993,15.5769951549372,50.1828101484042,19.2257287575162,139.298004108102,9.00396670616563,74.9703838899174,50.4605179926935,74.3114599256759,116.278576471557,51.8038363742704,30.479170066227,35.6878430155127,71.7203179075874,12.8211811840417,10.0281648400858,23.2501553447115,50.3631493153937,25.8704896002895,70.4223262381892,94.2431726441201,89.179172041502,67.5270367838291,135.092974399448,10.2694047836806,23.1425676784532,64.7701934552462,66.2810829379535
"Zo_NP_15.NP_Hols_8",25.8704896002895,14.436649588456,11.7365660150803,21.4478367639257,26.8068679687653,62.9785425260988,75.0016864674972,58.6012727222887,48.1210740028612,67.6236242252877,64.0626609270665,14.2193200688736,8.96529301700717,16.8324910100179,14.2193200688736,88.1462416235554,127.745105418329,18.3400282637602,25.8704896002895,12.2512450574873,10.4416135433166,15.1175713811701,62.0282561659312,99.0338427598482,84.7435639209348,98.4873905669557,13.9878169936422,58.9164006724261,85.7277814871936,70.1304851526736,17.5746134972644,70.1392894766929,10.4416135433166,25.8704896002895,70.1108325911857,53.5767627448274,54.2219959933007,16.1116071325931,87.6479847161688,66.3503544895565,47.8689848078062,87.7088376276765,25.8704896002895,62.1540007041409,20.3552342245566,62.8445136778174,18.3400282637602,121.957036882263,90.5606689369712,17.5801868248079,18.3400282637602,37.1900129782489,70.2017030548726,12.3063453067616,13.9878169936422,27.5800085021182,14.4456563807354,18.1199355532851,25.8704896002895,15.4002236507693,18.3400282637602,53.2186792829313,52.2653671974016,17.2756726715468,58.0806466476811,68.3307010093371,19.1810297293963,21.4127888622646,14.8039643786527,25.8704896002895,89.0015106585745,39.1111328407715,66.8991137945065,18.3400282637602,93.4475061148202,125.022331453136,72.2252688298889,65.1816890370416,107.4202476169,71.573394739815,84.892338105458,12.2512450574873,42.0886387444655,85.2088436020137,19.1810297293963,19.6086277430861,129.862584132489,63.9205706693445,52.2908259996557,41.2494727813405,16.1116071325931,60.5071080013918,53.7402091805764,43.414718831983,7.77582044955637,25.8704896002895,25.8704896002895,95.123098341867,18.3400282637602,78.0973394433284,49.904955018469,13.865190938886,42.6993112672563,109.563057452337,77.3675043291914,50.243617341783,9.00396670616563,12.9318201586579,71.5542851125613,151.510170205589,14.4456563807354,25.8704896002895,72.0521805017087,14.4456563807354,101.712612941711,12.3063453067616,52.7216744351994,20.7203555109034,50.3161100395308,98.0613280642716,51.9533712128397,90.1665163741033,39.2119512098722,64.1399556034624,18.3400282637602,17.5801868248079,15.1175713811701,18.6001918299389,12.9318201586579,82.8397138328561,127.469011166197,10.1071304042549,20.2455794990725,56.4628223885108,9.04544658973003,73.2029811395453,15.5038290191186,15.5079044780463,49.2618735819151,38.3694238018885,66.7445257425628,11.2480595978027,92.0838506900229,13.865190938886,18.7565151102513,77.9250803686174,25.8704896002895,7.06936369174073,11.4051449547871,55.744004455767,135.832579576192,144.761801313528,74.6485968991896,82.002307868296,16.4784369575094,102.022565197259,131.909158818894,51.3976645958445,19.1810297293963,23.293255573828,17.7839772192791,128.732615115574,130.505245116758,144.575842259575,15.1613395399973,56.1318873442268,94.934142523751,14.2665505580454,25.8704896002895,10.4272139387322,18.0972804422436,44.06564562438,15.5864668074326,33.6123621117334,50.2985371381561,70.7131666628623,140.439193598127,9.00396670616563,17.5113006854898,24.8558526762168,73.8008172059589,125.625543598782,12.5902973025333,10.9458150152742,14.4456563807354,77.4855024684796,12.8211811840417,10.0281648400858,71.7261327487957,41.9517318839381,25.8704896002895,69.9384083036601,93.5331422680232,90.2589338768801,65.8195548505347,130.521300456945,30.9585288901029,23.1425676784532,64.7307409745978,60.5474852859009
"SW_NP_5.NP_Hols_8",25.8704896002895,14.436649588456,11.7365660150803,21.4478367639257,26.8068679687653,62.9034617424657,74.6226760235531,15.3249902047501,59.0527668246982,66.7373893240381,61.7919162990693,14.2193200688736,8.96529301700717,16.8324910100179,14.2193200688736,108.170475429535,123.217093192739,30.8945337375765,43.5799063267038,20.6377273967329,10.4416135433166,15.1175713811701,59.3285390701985,98.752346751439,28.1455897731923,86.4917565657701,13.9878169936422,56.3521239387888,108.915796435384,18.3400282637602,17.5746134972644,67.6531546130153,10.4416135433166,25.8704896002895,61.5714258464157,53.4844044286756,54.1879456605199,16.1116071325931,76.9725760212669,17.3514752393322,60.8167914117126,87.6042742637673,25.8704896002895,78.9656791637402,20.3552342245566,71.2306474185789,18.3400282637602,118.333618758721,87.3506843762211,17.5801868248079,18.3400282637602,9.4079556393497,67.7133558994276,12.3063453067616,13.9878169936422,25.8704896002895,14.4456563807354,67.3395770083724,25.8704896002895,14.4456563807354,18.3400282637602,13.9173724534221,52.7803614587163,17.2756726715468,64.7901003057596,65.9798751242196,81.0884456720891,21.4127888622646,14.8039643786527,25.8704896002895,88.9673616451245,12.9737448480179,74.6272733395187,18.3400282637602,92.6950240574698,128.90250042525,34.4172724977456,31.0608183229469,119.829392743966,68.2545200980284,85.2296041700056,12.2512450574873,33.1502187433121,81.2576900858962,19.1810297293963,19.6086277430861,127.815215310816,54.5102543298618,50.4129885300652,39.3367253184219,68.1123588301969,28.8332554225487,55.1947484359312,44.1867757193543,7.77582044955637,109.368361347587,25.8704896002895,90.7122185717703,56.3272271913291,74.4759479973631,48.1127975480071,13.865190938886,36.4131654726346,106.754501627503,36.8676852590178,12.7101252529386,9.00396670616563,32.417774898534,71.4689806329232,147.008710423864,14.4456563807354,79.4553271297773,73.2386022242456,14.4456563807354,104.221626695751,25.2099611854106,44.960047322249,77.0035837856153,42.9086274797531,102.142744615512,63.7556492568389,76.8923006807132,9.91944524812565,30.5644044772892,18.3400282637602,17.5801868248079,15.1175713811701,18.6001918299389,32.417774898534,82.5554057767508,127.42010254718,10.1071304042549,50.752069765825,53.8446284337578,32.497431904744,69.8085422046533,15.5038290191186,15.5079044780463,42.6885265170795,32.7207192931752,73.1476646041176,34.545857798866,92.4031483292979,28.4033087553272,18.7565151102513,76.7745232400122,107.207828251633,7.06936369174073,28.5906714826918,55.6775484317069,132.658390365779,144.030267968531,72.0026265641556,78.1998421456429,69.6631442024253,97.7754521460735,130.705544033655,48.3673895223597,71.2829482623849,58.3920520531542,36.4310739089953,128.878413332533,127.455547155898,144.255796181634,31.0585126448676,57.05616319554,91.569137214422,29.2255073990497,25.8704896002895,10.4272139387322,59.3452411784578,42.0223115842893,51.6669407227062,15.5769951549372,48.278432610969,68.1737569018883,137.678693959019,9.00396670616563,35.872486882413,76.3391004960439,73.7725005506489,98.9462803805865,12.5902973025333,10.9458150152742,59.8630900371769,61.0298035976113,12.8211811840417,10.0281648400858,23.2501553447115,43.8462317090103,25.8704896002895,69.9115736170558,94.4547665499081,89.9491628642901,63.0795424827961,128.810766111195,10.2694047836806,23.1425676784532,64.6535712821505,62.1862711318108
"Zo_PR_1.PR_Hols_6",116.173676965024,65.1409196264403,56.3672320301099,96.8732947152186,112.863247655753,52.8901500653797,60.152935242909,58.4918325269536,70.9526455504328,56.3750989736283,43.6566795006556,40.700224447704,45.4938682315418,51.6910518074868,41.6606508062031,124.962875253055,100.448587859944,92.7365080908616,123.912162185283,63.7611836194173,21.8989763328059,55.7508521814188,82.2758968029254,91.1956993703894,119.728145407138,106.840819246736,15.1158187613099,72.8759815217585,112.127443303261,68.1026158911365,54.0433732388329,41.9745300161078,26.4851674286906,72.331066256578,81.1919530887322,49.8553206792928,71.2297910735989,15.2508047700146,95.3315709241696,62.2059843888768,51.8752942995446,86.1870629262936,102.960018905047,83.1079632845282,84.7626515900021,71.2717345424321,77.055814843631,102.058359035425,75.1762467582513,75.2786266381005,54.1329470233429,35.9889870400483,63.6440699232718,12.3360833023726,15.1158187613099,105.684265591056,47.6340236113332,17.2191440943181,107.190648003271,48.8943849860153,19.2236359864756,49.1102161534766,50.7035131398269,17.5349043578964,70.0317455234773,56.872865368459,84.9769648206716,60.2971346944167,39.6238894453713,25.6861332088666,84.5004034176533,11.1636341436096,70.657137105641,66.8401005945311,88.6754042501126,125.714056981208,95.6044336891052,83.7341750527014,119.004122288749,76.0079016852171,87.9638697911583,13.2172518590582,39.7852313868238,99.2260622775222,19.9094734934134,20.3600080102805,102.519367077354,76.1056850281629,37.1245733428478,54.9511871014652,65.0929870575032,60.6401093805301,56.8549027325975,40.5038931665729,35.9415613559097,109.632715239358,103.329954562873,106.717715577294,88.4737709979239,94.5173659319894,33.0773653394843,39.9998647785067,52.3266258074732,90.4854979277936,98.3939755077874,54.0179579563839,20.3593158516656,19.0936171152597,57.5628056746542,132.292714714342,49.5913065304581,118.216401358319,58.9941651303931,11.8835824698458,92.0490695204658,47.2563263572269,52.9704601009514,20.7170446592044,57.0198992837894,109.926752549954,84.3009282259214,101.690479624184,45.0657834073482,77.7727918553233,78.6067419291498,18.964684766257,65.9545318301306,59.5519029879353,19.0936171152597,99.0232551245415,123.324816658509,10.4350440996383,33.0541238434139,62.208584834155,35.0969666169335,84.9944680439509,43.485751913377,14.8833249703581,16.3952156708474,49.8681435341819,77.1300722277896,54.674456677864,86.2016604095584,54.4145510288219,19.0383562913353,79.4614561811747,114.998787072962,19.3879463000492,16.9353973631094,53.8059925636103,120.092574761508,115.868454028269,64.1153827399506,93.7397690457075,72.7890612117806,97.9016314681328,121.535717462381,44.4995881381491,19.9094734934134,37.5177418221666,67.9727700609331,124.965528596605,108.802964145055,142.341532422632,56.1947866182523,55.1439349263686,82.0765731571893,54.5750532516713,25.6861332088666,37.7688084097155,16.8500556166895,51.899011296897,16.5634230116018,56.2353265452722,53.8710772929492,47.8765384359795,133.706425748237,24.6230636934922,66.4229017376805,107.103165236401,62.7692600516393,113.358706432659,13.5137680408849,56.9164271508365,53.203709526899,72.6860120587252,12.0747006718954,47.6467559503257,23.6815913950557,55.8491082560994,78.5353395571451,79.321359270145,98.7806961767853,103.701132716347,65.6347243480596,108.591468352909,11.020142172944,22.386999928794,57.2471597057607,65.4670865144071
"Zo_PR_2.PR_Hols_6",122.120393252803,68.4753631756452,59.2525666908298,101.832060027495,118.640509171958,53.7157732371909,62.3922775120658,67.83739398132,73.6351955839479,57.959817541912,46.6200115799829,14.7944870932812,10.2889605179478,52.6881272586447,42.4642485420904,129.687423049655,107.266846283011,90.6365830848549,121.106295830403,62.3173757097663,47.7764188256386,56.1728994102977,75.536472748062,95.3941441075192,120.09257762132,104.25554295675,15.1158187613099,66.9065279882899,122.645678179184,78.9837450081023,55.0858229253838,44.823680999053,10.755261090247,73.7262696428257,79.2273141732144,49.7825959242715,72.3162306171924,65.1602429363712,93.0247891928521,72.1449762928783,56.7415118251195,87.5324558997364,103.287038956834,90.9039947656172,85.0318734394862,73.183380611829,77.300558355031,98.7515558741533,80.2790669033061,90.6798628779278,55.1771245103251,20.6311445968655,67.9641079156195,12.3360833023726,15.1158187613099,117.435866396498,47.78531807528,17.2191440943181,69.7794323170609,54.33121411824,82.1344715829,56.9568252144602,50.4492941701492,74.9192350867313,74.0125568113902,73.7694499254719,87.9211269214097,61.4602140026666,57.1389637982372,109.745990800205,83.2725618198501,11.1636341436096,74.6734974984781,73.4003586859237,87.9517879335143,126.523682833426,95.7392011481012,83.8522097668621,125.768668135409,76.8596983632594,86.9177862350448,56.4717308414286,43.6057225146252,100.338057587868,19.9094734934134,20.3600080102805,109.115251660394,82.2735661343743,16.2746942772651,55.5670077936528,67.3482371234824,60.7255898665192,57.8729233246087,37.946417279112,8.47996242185729,113.431115027935,25.6861332088666,107.913667492839,67.9913749697205,95.5765923615205,14.500476636487,40.771427395743,56.5673655964953,100.738706590572,98.5326752055736,30.9664815012827,44.4173821803482,19.8660294786973,58.4613697010506,128.006285152224,32.2831635223542,90.8483450141747,61.6881120768936,50.7735252248469,94.4014347348656,55.2510047393445,57.2633785593174,20.7170446592044,61.6409989998017,110.278338560504,87.488144940442,109.931845400256,25.8345335703223,77.882423188651,19.2236359864756,18.964684766257,16.3952156708474,60.0027250766943,19.8660294786973,94.5829153574534,121.532833025173,10.4350440996383,34.391293944036,62.9057369029873,10.2509813497438,85.9469743482513,44.3245542629491,14.8833249703581,16.3952156708474,53.9096389913544,69.9193827411677,42.0168762258096,86.3856815864318,63.6202356073107,81.3428497551616,78.1873035209146,25.6861332088666,42.2981708607317,17.6205011977589,54.6459121741219,132.218670595251,120.181944728591,68.4674125467247,94.7902811911982,75.3109540073196,97.8957664507414,120.460434276358,46.4448415479798,19.9094734934134,39.0354829320238,79.4721919853309,118.127770632142,119.78911522757,144.388951705873,65.7016459193446,57.6620625205902,87.6477742879188,63.8078910972507,25.6861332088666,9.38870677003749,16.8500556166895,52.4806272136139,75.7083578158999,15.9271794810598,56.986187615591,20.9881476321238,132.6478073005,9.99908645389237,77.6601217573985,82.3079132481304,61.8571850148634,124.244301843032,13.5137680408849,12.2659048483115,11.8835824698458,79.6658951587037,51.5900925249283,11.2416568657425,105.984085307827,60.7432638790228,25.6861332088666,78.1687722934321,98.2854262191227,99.0510304457913,65.6307923523001,111.644002528265,11.020142172944,79.5151415666578,58.140796451261,66.6393133403698
"SW_PR_1.PR_Hols_6",96.7321645518702,54.2396721958112,46.934249707114,80.661675948292,93.9757312440204,56.4760556337839,63.8851893708857,16.5107563339046,58.9329400856074,59.275946488793,51.9332961422308,14.7944870932812,10.2889605179478,18.3564726907753,14.7944870932812,103.793587724349,119.492052993196,88.8660114642687,118.740503087853,61.1000154216162,10.755261090247,16.3952156708474,74.8682545480825,100.07961207548,114.664415839812,102.403389116215,15.1158187613099,66.3146528573405,114.603975473191,19.2236359864756,19.1918266370491,49.9322376939992,10.755261090247,25.6861332088666,77.8197998093777,50.1687232422725,68.5085225769644,47.7216755848253,91.372155522909,17.5591669192811,53.021051585831,92.0304698459138,35.6455079275133,84.9435491017735,29.3454469156121,65.5941194279033,26.6772839406988,111.66268745988,89.4284753309983,18.964684766257,19.2236359864756,24.8112894761209,75.7099799807834,12.3360833023726,15.1158187613099,113.969041764729,16.4912456729736,59.4296062794653,119.680905697283,52.7273021520006,60.15316135389,13.862564692973,51.1756139185669,54.8689088738281,15.1158187613099,62.7939679910764,67.9112156890143,21.4126559171649,60.626365757927,80.3751234447786,84.3613966200804,34.4409013366802,15.2508047700146,19.2236359864756,87.4957636754301,123.137468770778,83.1809368849678,72.8531811905636,25.6861332088666,71.2808281732256,89.8465484452217,41.3584341844737,31.8811172057853,93.0550079490678,19.9094734934134,20.3600080102805,111.715645450814,66.0542536936472,16.2746942772651,51.5336700375736,52.0204962984153,52.7601170410388,58.486095436866,40.210999633062,8.47996242185729,87.6154024435243,25.6861332088666,100.080741323552,78.848300614739,88.6391542327548,14.500476636487,14.2047104821151,45.4157427889959,105.132610491646,85.6079864788427,37.2407033927724,9.99908645389237,7.97027200983453,61.4655131758911,144.742284669099,55.369872193474,105.35509277786,62.1847927190517,37.185215859986,96.5954869142108,12.3360833023726,45.9745445886557,71.5021490398518,49.4891661704888,108.84502152724,70.0199620994825,88.2600128602598,31.0689544094037,67.6664610735789,57.863455348539,41.9941080565292,16.3952156708474,17.5130290371058,7.97027200983453,96.3477025794829,123.121942031506,10.4350440996383,13.7978234552643,58.3397166366633,10.2509813497438,79.7085031686107,15.442615105002,14.8833249703581,16.3952156708474,43.281957228545,73.2272232588853,48.7261698858174,87.6468240972089,14.2047104821151,59.5733980143627,83.2585096780767,104.40613650182,9.52201697886402,7.06936369174073,57.4539914463674,133.667623456004,123.057637965893,76.2706462605869,87.9099175506445,58.1709837034755,94.296307982532,125.486579858677,48.894754945146,68.7149236027033,15.6610769825498,17.7440317181248,122.071174317544,121.101855557016,146.740294282498,14.6694341756805,58.1263275025561,97.6369945874552,14.2466089736804,25.6861332088666,9.38870677003749,16.8500556166895,48.6713147527122,16.5634230116018,58.307132061594,54.1310833244041,20.9881476321238,135.375466573193,9.99908645389237,17.3394445185438,95.4509169677867,62.6660019194541,90.8377827676205,13.5137680408849,44.9790642642131,48.3030638900943,58.2455144506913,37.7832486178704,11.2416568657425,23.6815913950557,57.9860782518874,25.6861332088666,79.1908722229202,99.7004439556215,100.899186555158,63.2176613265919,114.179171024385,33.9982145967956,22.386999928794,61.1284666884493,67.3453666408243
"SW_PR_2.PR_Hols_6",82.686821796195,46.3641657344921,40.1194779383774,68.949740304244,80.3306178305837,52.3718592984931,61.6946128844252,69.3377396288485,66.8069724259798,58.4108718494333,50.7486572197975,45.7831924348951,10.2889605179478,18.3564726907753,14.7944870932812,117.661452882232,116.766346222929,76.8558999722469,102.692897741266,52.842437689854,10.755261090247,60.7668924164691,73.946897001707,103.454852563061,124.085780897286,112.007375459185,46.3955425402763,65.4985592244091,116.338808656707,80.7306122017483,19.1918266370491,48.7932444728776,27.6340987650619,25.6861332088666,85.1181939448856,48.073868155682,64.2064665917875,16.9682758264599,99.94156852128,73.7405918497181,53.8236649274385,85.3424830019683,103.368408219891,86.2293935683286,85.098861330204,14.8833249703581,77.3614555356535,112.288817482437,87.3885421759598,78.2629518476702,19.2236359864756,33.1323194282391,73.9829763864756,50.8693814554801,42.3737451793056,93.5719554958528,47.8229632256884,61.9813486498004,79.1948884795558,43.2906752043107,21.3885078672912,58.2165275672818,50.9742614627181,19.5095995406343,70.9428522240329,15.3572034114192,72.9743545316466,21.4126559171649,15.0610683574497,28.5787799251215,86.5139196013162,11.1636341436096,71.5763800943431,77.4906182116503,90.199075793772,133.355688054864,76.565687254409,67.0592817948115,120.552355199417,72.5772777254192,86.4351354190982,14.7057141307878,42.6706144681175,94.7474844041922,55.811661265971,20.3600080102805,110.281252942428,51.4862683115105,16.2746942772651,52.4709599815225,55.8988983082931,48.5641875668777,58.0684324185904,34.9366398065004,27.4789891429444,94.1475921978071,25.6861332088666,101.901001211061,95.7338345311001,90.2513155215184,14.500476636487,14.2047104821151,35.3994934171163,104.558026429193,78.7997173953841,49.7302198553266,9.99908645389237,7.97027200983453,56.9987257720564,145.553903053238,36.639185072519,127.917113499831,59.0192093425936,13.2218534166334,89.0213266147554,56.6034376675228,35.8350538508723,74.5722528937629,38.5745405554672,107.323349025966,79.3753318679359,68.7946415135676,41.4886345501903,62.2850534051699,19.2236359864756,72.1995853227811,16.3952156708474,64.9099330408078,7.97027200983453,90.9126789793063,126.263459601571,41.5348827416429,13.7978234552643,59.4007943688819,10.2509813497438,81.1582345464203,15.442615105002,14.8833249703581,71.9122226490161,33.7363052083126,66.5151051676142,59.1609844323156,84.5606581219902,65.177530392079,21.1823628789057,82.9542115991233,79.0121055054968,9.52201697886402,7.06936369174073,53.2787271065371,135.887282459209,118.838081432336,74.5308534318787,89.5088155455576,62.5079369462495,92.7022524373845,117.434908700221,45.3381474269729,71.6653517311822,15.6610769825498,81.417510623834,130.662279684724,123.112849820562,142.109337897942,67.3098894218118,55.1673446382411,95.4098187166817,65.3697793091421,25.6861332088666,9.38870677003749,16.8500556166895,49.5565444257245,72.4046075968459,68.0692531275654,57.5032152667609,20.9881476321238,139.880628052957,25.6912166342312,79.5610845790981,115.891937043571,64.2649561174419,121.579930295302,53.7892092852172,51.8455769358633,36.554621291406,77.9574904975917,13.4344944160259,36.4281528142417,23.6815913950557,55.3182612215618,25.6861332088666,81.2114667032559,99.3081686568506,95.2074113961861,62.1489825443051,112.512837358755,11.020142172944,22.386999928794,56.6861729384836,66.864437474875
"SW_PR_5.PR_Hols_6",101.400510633755,56.8573078328413,49.1993217412348,84.5544516410096,98.5110503778132,56.8154750592656,63.9380740759653,40.4107260450724,54.0481945837579,57.2684034529149,51.3461894867439,14.7944870932812,22.7606009596597,18.3564726907753,14.7944870932812,95.1904998753324,118.141193625481,86.1161538009136,115.066213255479,59.2093449293796,46.1947132500993,59.1702207817459,70.5265899167133,101.868610090605,117.604096847528,105.692503991033,44.3099203240048,62.4690178202991,102.890623179101,47.0506057826335,19.1918266370491,49.3677530328829,10.755261090247,25.6861332088666,80.3193094771475,50.8466283820439,73.5683719822915,62.124853586336,94.3069560062553,42.9767522216811,47.6019179679642,92.5835702501712,95.9081950728222,76.2617061584443,78.9571817297432,69.0795535911253,71.7781931288668,111.803731827849,88.4174851386353,18.964684766257,19.2236359864756,25.0962549295113,74.8540775745167,12.3360833023726,15.1158187613099,25.6861332088666,44.3715267072006,61.9813486498004,25.6861332088666,11.8835824698458,78.3083639890877,33.9291727623326,51.0247134482167,71.4292381492258,63.8631629906218,65.1252809201246,19.9094734934134,21.4126559171649,15.0610683574497,104.63364319878,84.8304443861527,11.1636341436096,64.4334684177698,19.2236359864756,87.1756688212743,126.660729729977,87.4586777454047,76.5997972021465,108.521922472066,60.0851205002546,90.5419560151419,53.8410824176418,38.8046572208704,78.439343496181,19.9094734934134,46.9801949910912,113.822725976153,78.3723711877116,16.2746942772651,43.4395454343366,15.2508047700146,55.4734082940574,55.0625419014041,41.5510118096311,36.5289951626482,25.6861332088666,25.6861332088666,84.3615815962026,19.2236359864756,74.7170648771479,14.500476636487,14.2047104821151,53.8850907033584,99.9401223726806,90.0105430675802,37.6684245693406,42.9468822397412,30.4570138168277,61.8349190937615,144.925112832418,11.8835824698458,25.6861332088666,62.0027722568618,48.4083189151998,96.9835675270746,44.2542387267394,54.5481005719796,74.5722528937629,58.7181458271009,109.74544058331,64.2162520791054,104.719167988749,31.4257911102194,71.1463399527493,19.2236359864756,18.964684766257,16.3952156708474,63.2044015453392,30.4570138168277,94.1696488568637,123.80649769533,10.4350440996383,52.7259921744954,49.1766018142492,10.2509813497438,67.1891045673885,15.442615105002,14.8833249703581,46.3715471835945,51.3533864658958,77.0814574255601,11.8796999503757,89.2735908147505,50.9577175600651,77.5536186424195,85.0315411051762,70.9600669202404,40.8978303929855,27.0143487411539,57.7992882371845,130.818602824159,123.159506129011,75.40840551401,74.1023655948764,17.0539379450025,96.3231128978749,124.974900662506,48.3008948716679,71.6653517311822,59.8460927626265,63.6546135739616,127.057812403167,118.520664419506,148.024653136329,52.624858805217,57.9561865318333,96.5332069675237,51.1080234393765,70.5825482697244,9.38870677003749,16.8500556166895,41.026765355695,16.5634230116018,15.9271794810598,54.858919101073,20.9881476321238,137.494457726942,9.99908645389237,62.2032048831178,23.2714423526972,63.0144237022438,110.564789817395,13.5137680408849,12.2659048483115,32.8293792006562,70.8945426323448,49.1868476878822,48.4255010624114,23.6815913950557,35.9032563121873,102.54795271886,79.6311719713555,99.4064593263218,98.6182411563363,64.5764617871247,110.312179213876,11.020142172944,22.386999928794,61.49584696689,63.4032250713113
"SW_PR_6.PR_Hols_6",95.637492871322,53.6258677452436,46.4031172317871,79.7488663076186,92.9122528019922,57.0139161628207,64.0932466915403,16.5107563339046,62.6966689932756,55.6451937061287,53.3059028131889,45.0667561219983,10.2889605179478,63.982577153873,51.5670645359625,110.422324148856,122.650250166273,85.4869595181343,114.225499866342,58.7767410603913,10.755261090247,16.3952156708474,73.2111403691707,99.2683369558339,125.211742034845,104.463284610962,15.1158187613099,64.8468618398682,25.6861332088666,19.2236359864756,66.894253008958,51.2519560181924,10.755261090247,89.5305447569381,79.3851840843801,50.6984467263152,62.9148512046967,59.0061244433983,93.2101522252778,17.5591669192811,11.8835824698458,92.9069396461388,86.1265051706897,19.0383562913353,70.9043279914339,69.5565571197781,64.4575254175326,111.341139141941,91.7920865579223,18.964684766257,67.0051263879661,30.8752687453172,77.7110088254599,12.3360833023726,15.1158187613099,111.357468087882,39.8460686438466,17.2191440943181,25.6861332088666,51.5190684753891,74.3772066050442,13.862564692973,50.6701590567148,67.843419691493,64.031934470666,58.8151314309344,19.9094734934134,74.6350855291401,15.0610683574497,99.3809307409184,85.7224152933426,11.1636341436096,64.6037470466383,30.4574462322796,88.4467194690129,128.734358250414,78.3916655443036,68.6585463881846,108.808713865025,72.8719381383792,90.5990167720466,51.138206786879,44.0721348170696,95.1321548376449,19.9094734934134,20.3600080102805,113.530588447154,76.7529972108808,16.2746942772651,52.6839896682387,15.2508047700146,49.7223715438442,55.7026385850427,41.3470051267833,8.47996242185729,25.6861332088666,85.9436288704953,102.314714594077,19.2236359864756,90.6177317158865,14.500476636487,49.5113630859531,52.7716866771463,99.3778283691264,80.6789739967871,46.3424815797305,9.99908645389237,38.1732869096784,62.0508917591386,144.325479026777,11.8835824698458,25.6861332088666,62.2952953913668,45.9781733897597,97.4623788936356,44.3220194168525,53.4209970632668,20.7170446592044,57.5048784998636,108.103493028351,74.4917592825999,102.555401690162,38.6623322399092,63.7704597194221,19.2236359864756,18.964684766257,54.8570047273849,17.5130290371058,38.1732869096784,98.0443533166694,125.108292055414,33.5517655850709,66.0841026299967,59.6419588648155,10.2509813497438,81.4877332498164,53.8261532625428,14.8833249703581,16.3952156708474,50.2922939353939,69.5492806285753,11.8796999503757,89.5259805075697,51.0357654343973,73.6603502218466,81.9986898858203,25.6861332088666,9.52201697886402,33.8584239208775,58.0011655343562,134.987147375944,123.45840444547,78.2864936192614,89.8722172241379,17.0539379450025,99.2251306182269,124.115392264924,44.9087155815543,19.9094734934134,75.0080780469934,63.7521082718949,122.646571474871,122.29733424531,147.897319425755,52.7054601069126,58.2296182628858,100.217558504215,51.1863015252437,25.6861332088666,31.4138186412377,16.8500556166895,49.7577417191887,53.7860375449549,53.2165477556412,56.4055988590335,20.9881476321238,137.312179586699,9.99908645389237,62.2984765740458,23.2714423526972,63.6770046079843,125.573234550632,43.450777318182,22.9712215591406,11.8835824698458,80.5180116114193,46.7176192474441,11.2416568657425,77.7553125846494,49.8068105336461,49.0495303876244,80.4684738294073,98.7157156784702,102.67598739905,66.5220180589882,107.185502133792,11.020142172944,22.386999928794,61.7106353449409,64.1402813839822
"SW_PR_7.PR_Hols_6",72.5471041932404,40.6786219291796,35.1997075585727,60.4945732014947,70.4798367510954,55.8809709009224,62.8494615251461,73.1312990132053,65.4928293561715,57.9419076856959,53.880735920927,14.7944870932812,27.3608315096423,18.3564726907753,14.7944870932812,115.346964180322,123.972869627668,19.2236359864756,25.6861332088666,13.2172518590582,10.755261090247,16.3952156708474,61.8917694137452,101.087065977805,50.1448852849439,109.46718320917,15.1158187613099,54.8207144426369,86.1425825637424,85.1474907034436,19.1918266370491,51.8046400475548,10.755261090247,25.6861332088666,83.1878159165845,48.1003520884981,15.6321603436662,15.2508047700146,97.6750142272316,77.7750370986823,39.8535067827322,91.060750432106,25.6861332088666,63.8481925390847,21.1463127438375,68.6746737901906,19.2236359864756,111.229856652561,92.7819418571894,18.964684766257,19.2236359864756,27.5184506851181,78.5490184707547,12.3360833023726,15.1158187613099,25.6861332088666,11.8835824698458,17.2191440943181,25.6861332088666,11.8835824698458,19.2236359864756,61.4016307399506,49.9368817331199,17.5349043578964,66.3084776125148,67.5333233476367,19.9094734934134,21.4126559171649,15.0610683574497,25.6861332088666,85.2123423499746,11.1636341436096,66.9006199818786,19.2236359864756,90.7305246045565,128.723378506592,69.0266527764549,60.4562947957127,112.677216876382,61.640320751102,88.7416651602945,13.2172518590582,44.447763654055,80.4696113173306,19.9094734934134,20.3600080102805,108.676479084537,73.8474789549497,37.3588478639842,44.5639035348732,15.2508047700146,43.7823185914975,12.3360833023726,42.5244336461544,8.47996242185729,25.6861332088666,25.6861332088666,86.5451363892689,58.2909035557128,76.6509879028832,33.286099965302,14.2047104821151,50.7739914130064,98.8233291870565,71.0407093122609,41.3040386626991,9.99908645389237,33.2338146482965,60.8178548350599,144.181229572257,11.8835824698458,77.8868219649294,58.2331658574931,11.8835824698458,96.801323970335,62.389284891617,51.3987218706655,20.7170446592044,55.3280061905335,113.536004458092,77.81395977607,98.6731221351833,34.4588897959618,56.1521604354701,19.2236359864756,18.964684766257,16.3952156708474,17.5130290371058,33.2338146482965,80.6752480229948,124.36386185533,10.4350440996383,57.5330812670335,50.4494537756099,35.367352340028,68.9281792568863,15.442615105002,14.8833249703581,16.3952156708474,48.3884571671637,74.7316470350959,36.0222407751237,88.4348548347271,71.8397977177382,19.0383562913353,81.1927988641135,66.8308828669514,9.52201697886402,29.4772778548603,56.8486022638545,137.778040126393,121.062586788503,79.1307091009649,76.0203781843834,17.0539379450025,97.9966163800347,124.201124316546,45.7027340345233,19.9094734934134,65.3023295802886,89.7397839211298,126.664429953937,124.825861962055,142.24256722043,74.1901206041085,54.4326019616413,101.29827128769,72.0516977886704,25.6861332088666,9.38870677003749,16.8500556166895,42.0886727837139,53.0287244131505,15.9271794810598,58.2275246678593,48.1786632041802,133.585269086654,9.99908645389237,87.6935991281574,70.5648714289924,63.298108177522,126.643501018243,13.5137680408849,12.2659048483115,30.9190294087501,81.204270336655,12.0747006718954,11.2416568657425,87.4868815301298,30.3587772763279,25.6861332088666,79.9896633437947,97.2871431786594,84.4863622351614,65.6984036597975,111.609504006401,11.020142172944,111.710684595377,60.4843597857752,14.2047104821151
"Zo_PR_1.PR_Hols_7",118.229667778251,68.2690861856943,53.7426244739855,103.293146090283,115.039902908945,54.6620058387723,62.6777562071723,57.30443074566,72.5865906981985,58.741351446201,47.1901597725315,40.2223081403575,41.8974046605799,48.6999838057544,41.1714568357735,127.174413445068,102.226282938871,92.30811606598,126.105105317975,65.8447216499115,22.3975961580954,54.9107587294883,81.0361051324605,85.8565531922773,117.799775481257,107.82025815078,14.3689823827966,77.8649044993043,114.111825646703,67.7880189958905,51.6906385855184,48.5246680800857,27.0882106648382,73.6111497627513,78.1057282581943,50.1797417531653,70.5611216047295,16.4946699192056,91.8965385047259,60.1682900329315,55.8912779993392,78.3906757099935,104.78216018979,78.8679050469121,83.3523187810876,75.4577832812106,76.6998590584787,97.2828565526726,74.8289735512397,72.370807511117,53.8828823695669,38.4671745759264,57.6420484663281,12.0238938596407,14.3689823827966,107.554619399546,51.3216646158186,16.2559457675842,109.087661107409,52.6795982704254,19.1348332860573,48.5006743271596,52.4948469081525,17.9228174236156,66.571644814835,51.3391189610316,91.038121293768,60.259478975602,39.4627917981048,26.1407151355508,80.0806700927659,12.0671953273751,76.4199772778603,66.5313358305082,84.0373004847972,124.451391910479,92.4907293756931,82.6104936615713,121.110205082663,82.2071535538962,86.9309671867878,13.6491548656169,39.8828785957378,106.303564880051,21.3295575643755,19.0302518005214,109.883617835783,75.7541183239014,33.6235011133018,49.0204496993076,70.4020116813551,66.7689355827142,55.4160748675771,40.7674621565638,34.4400560021502,111.572946979024,105.158642806737,106.651070083927,88.0650704905727,90.8664039423342,31.8250764194573,40.2203314877527,54.0365143115522,86.2515113725395,99.8108852920394,53.9185434137804,18.4569220631293,16.9353973631094,62.2218186956092,134.633973192296,53.4304727726356,120.308543412484,63.7690293900742,12.8035632456365,92.8154173408561,46.0604098066161,58.5947074203834,21.0884196868835,59.7580820293578,107.811528184463,69.1621162821734,103.490153159205,44.4905237561302,82.6854890095406,78.2436217078085,18.2321279229229,64.9606820834876,62.244023793243,16.9353973631094,93.293340961961,120.944944910514,9.79994725324109,30.5271431134756,62.0940962781032,33.6150730560784,83.8538739910462,44.0430871125801,15.7574768921681,16.1481609122359,50.4737727489453,77.1887582580068,56.5327083954195,81.6929440512509,54.7144669677096,18.0670445633919,71.7298332917222,117.033985199861,17.6734417866973,16.9353973631094,50.5312564083884,122.21792051019,129.672071594756,63.1492465985231,97.4215805394619,71.8122591651845,101.291318874544,121.078704037581,51.06334032537,21.3295575643755,35.7297694008374,65.8612680059293,127.177113746329,114.253973171614,140.911861903518,58.823171660324,51.7877690266114,80.4972454380411,53.3320185712595,26.1407151355508,39.0557835232058,16.5583171685951,51.2365262610251,16.4686430591563,56.2781143707933,51.5964874850016,46.9552920761443,136.072703464406,22.3222612614988,67.4085419546952,112.469014641922,67.8496725935364,115.364879131273,13.268947538023,51.6952970171924,57.3225339714383,69.9041542138898,13.0129903778529,46.1200880509738,23.8986869965825,56.4712555966615,79.9252235727105,79.2503838686988,94.6903677419658,103.22209011337,67.073358472519,121.528165512614,10.9090113199768,22.6084583773622,58.6874833097303,65.8279205624141
"Zo_PR_2.PR_Hols_7",124.281626444303,71.7636548124105,56.4936103139503,108.580531755591,120.928583393587,55.5152879448427,65.0110912014471,66.4602744934904,75.3309162945118,60.3925859816192,50.3933377485482,14.6207650380185,9.47557899810135,49.6393641554782,41.9656184452575,131.982574217689,109.165207910904,90.2178915667526,123.249581970224,64.3537341159542,48.8642445415882,55.3264462508558,74.3982355076505,89.8091956566352,118.158338063704,105.211281928558,14.3689823827966,71.4867958331756,124.816207633067,78.6188832384139,52.6877060659838,51.8184299329143,11.0001486285622,75.0310448469777,76.2157681399396,50.1065437599259,71.6373622000793,70.4747529916522,89.6728758278291,69.7817083139845,61.134219175859,79.6143659101556,105.114967699113,86.2661933251153,83.6170611528763,77.481707291774,76.943471988508,94.1307849279046,79.9082214538245,87.1771337304325,54.9222363267742,22.0517971240944,61.5546806979169,12.0238938596407,14.3689823827966,119.514194885035,51.4846717092411,16.2559457675842,71.0143581242148,58.5373255868128,81.7550551770169,56.2498935415484,52.2316464893261,76.5766236627197,70.3557737574012,66.591660906785,94.1922818006905,61.4218319377725,56.9066556436369,111.688227241095,78.9170498738912,12.0671953273751,80.7639145293996,73.0612891120112,83.3515324034682,125.252885925188,92.6211076447511,82.7269443939022,127.994466896655,83.1284233002777,85.8971671106084,58.3170698420069,43.7127465772687,107.494875538828,21.3295575643755,19.0302518005214,116.953303120367,81.8935071876216,14.7398919873564,49.5698064804347,72.8412013493479,66.8630554832369,56.4083323973976,38.1933441321653,8.1257009903626,115.43856918213,26.1407151355508,107.846275124363,67.6772919467839,91.8847151877135,13.9514974163884,40.9961467161452,58.4158296747134,96.0249531265798,99.9515823169776,30.9094908501927,40.2669798496125,17.6205011977589,63.1931106137419,130.271684278633,34.7824005914481,92.4561392032338,66.681018764396,54.7042142442996,95.1873670004241,53.8527667445803,63.3434353069852,21.0884196868835,64.6010940192757,108.156348932883,71.7769706813492,111.877371014394,25.5047586580189,82.8020454580197,19.1348332860573,18.2321279229229,16.1481609122359,62.7152258776654,17.6205011977589,89.1099384737587,119.18754224261,9.79994725324109,31.7620868446156,62.7899653096517,9.81815581754227,84.7935980160872,44.8926399736191,15.7574768921681,16.1481609122359,54.564350597134,69.972582367329,43.4449275894099,81.867340131734,63.9708903923574,77.1928452725015,70.5796560573624,26.1407151355508,38.5576816039055,17.6205011977589,51.3200568965687,134.558618672841,134.499436209278,67.4356969280298,98.5133535898063,74.300309100231,101.285250790305,120.007464262514,53.2955213643697,21.3295575643755,37.1751799514619,77.0034725769229,120.218344138564,125.790528456704,142.938717020141,68.774692971681,54.1526385340779,85.9612448175735,62.354563673967,26.1407151355508,9.70862769075651,16.5583171685951,51.8107179160496,75.275136099079,15.9392980090127,54.5800690069108,20.5842910619243,134.995350051399,9.06476232927469,78.8125095221584,86.4315249677034,66.8637761121207,126.443123037802,13.268947538023,11.1407132537968,12.8035632456365,76.6169014233751,55.5990078646023,10.8814586459445,106.955670298393,61.4199310857058,26.1407151355508,78.0988282071843,94.215606009788,98.5934687759286,67.0693402921471,124.944353580813,10.9090113199768,80.3017275292717,59.6036037226219,67.0066083349885
"SW_PR_1.PR_Hols_7",98.4440880000888,56.8443441857191,44.7488667818619,86.0071736189752,95.788126096495,58.368041667279,66.5666655910933,16.1755830176582,60.2900873878599,61.7639572860566,56.1366684433538,14.6207650380185,9.47557899810135,17.2942877250962,14.6207650380185,105.630481144684,121.606770970846,88.4554990201617,120.841920464701,63.0965938815548,11.0001486285622,16.1481609122359,73.7400864942806,94.2203480749978,112.817603544154,103.342148889057,14.3689823827966,70.8544022847865,116.632186397453,19.1348332860573,18.3563259478186,57.7241784402933,11.0001486285622,26.1407151355508,74.8617554547023,50.4951837052143,67.8653990086637,51.6138852102263,88.0797906388213,16.9839776400175,57.1257353623727,83.7054944464113,36.2763465025361,80.6098417063912,28.8571794322217,69.4467011374025,26.554049457096,106.437780394596,89.0153646109829,18.2321279229229,19.1348332860573,26.5197851406519,68.5700700897713,12.0238938596407,14.3689823827966,115.986015910525,17.7679338287949,56.1052542086952,121.798965907311,56.8092449888712,59.8752865974868,13.6905065416917,52.9836268086071,56.0827373738008,14.3689823827966,56.6840965694855,72.755122569402,21.3992836573655,60.3798789787989,81.797567149166,79.9489339465836,37.2284758112106,16.4946699192056,19.1348332860573,82.9193601689117,121.900682810254,80.4718486975453,71.8755186777731,26.1407151355508,77.0945369779223,88.7915387679178,42.7099127112744,31.9593648872411,99.6923474324771,21.3295575643755,19.0302518005214,119.740490416144,65.7491191131631,14.7398919873564,45.9717762827045,56.2633204224536,58.0925214686475,57.0059869539338,40.4726626913815,8.1257009903626,89.1659814320441,26.1407151355508,100.01824063802,78.4840645241831,85.215252395162,13.9514974163884,14.2830023911784,46.8998028693235,100.213258003852,86.840773273217,37.1721656761669,9.06476232927469,7.06936369174073,66.4404031742126,147.303870179168,59.6563925340566,107.219621030187,67.217899698252,40.0639507719219,97.399685601301,12.0238938596407,50.855986219936,72.7839009989561,51.8657115976591,106.750611965817,57.4457347352043,89.8219998813869,30.6723627044352,71.940768615097,57.5961577834946,40.3719840077679,16.1481609122359,18.3047281679346,7.06936369174073,90.7726074682594,120.745985274883,9.79994725324109,12.7429827899447,58.2323483379629,9.81815581754227,78.638844792338,15.6405354027332,15.7574768921681,16.1481609122359,43.8075997712994,73.2829397247561,50.3822538120594,83.0625194830838,14.2830023911784,56.53404213304,75.1574323746226,106.253870541924,8.67997105848539,7.06936369174073,53.9572310654712,136.033214466213,137.717715960047,75.1213459720547,91.3627503039997,57.390350803585,97.5611668295826,125.014709919329,56.1068004525897,73.6161566000429,14.9147214618514,17.1928321803792,124.231536453901,127.169036841657,145.266442841312,15.3555640408038,54.588647456642,95.758251286721,13.9221195233287,26.1407151355508,9.70862769075651,16.5583171685951,48.0500308998191,16.4686430591563,58.3514962637166,51.8455153237255,20.5842910619243,137.771282242301,9.06476232927469,17.5967421284204,100.232990820951,67.738056964236,92.4453900306699,13.268947538023,40.8529874957147,52.0424993931032,56.0163270635745,40.7192744622456,10.8814586459445,23.8986869965825,58.6320309895499,26.1407151355508,79.1200135790617,95.5720304430667,100.43308741333,64.6033163400975,127.781541264818,33.6553650647106,22.6084583773622,62.6664429635759,67.7165531797911
"SW_PR_2.PR_Hols_7",84.1501769247331,48.5906438626805,38.2514088288532,73.5190809713883,81.8798560894934,54.1263519809043,64.2841432433958,67.9301626734124,68.345448230307,60.8625725551563,54.856147325811,45.2455901350568,9.47557899810135,17.2942877250962,14.6207650380185,119.743773701514,118.832825836901,76.5008676846288,104.510311632739,54.5691814907219,11.0001486285622,59.8512137063551,72.8326126180431,97.3979816307395,122.087225859972,113.034177591909,44.1032499746478,69.9824407487113,118.397721898232,80.3576808595723,18.3563259478186,56.4074449836189,28.2633021254777,26.1407151355508,81.8827269596763,48.3866968712488,63.6037285622803,18.3522189862262,96.3404264799542,71.3250559604878,57.9904839099709,77.6224955596202,105.197776999722,81.8300840909407,83.6829344581216,15.7574768921681,77.0040878574114,107.034612616312,86.9848548331332,75.2398559374471,19.1348332860573,35.4137979525005,67.0059333995089,49.5820292660175,40.2801599826665,95.2279509493931,51.525231200907,58.5142581265324,80.5964449028539,46.6420710531655,21.2897046409988,57.4939608324034,52.7751606552812,19.9411974789118,67.4377359168691,13.8629430351308,78.1794001845824,21.3992836573655,14.9998350279692,29.0845546454738,81.9888707487247,12.0671953273751,77.4141942980662,77.1326538723796,85.4812774752316,132.016270862123,74.0720486074957,66.1593712504256,122.685837940757,78.4967257642073,85.4201837497882,15.1862559419304,42.7753434406587,101.505543245408,59.7925425868134,19.0302518005214,118.203061511622,51.2484298680578,14.7398919873564,46.8079069829598,60.4580473192727,53.4725142220935,56.5988937398439,35.1639812827779,26.3310187221422,95.8137750173833,26.1407151355508,101.837363768453,95.2915964948752,86.7651400527423,13.9514974163884,14.2830023911784,36.5562503436349,99.6655598098636,79.934462586821,49.6386964574137,9.06476232927469,7.06936369174073,61.6120833462301,148.129852229719,39.4756484027383,130.180934505422,63.7961006283963,14.2454379286684,89.7624671822252,55.1709736326265,39.6399142424635,75.9090397249969,40.4269489724221,105.258219677743,65.121061512799,70.0121389247385,40.9590368013811,66.2194319624301,19.1348332860573,69.4107016178331,16.1481609122359,67.8442705252991,7.06936369174073,85.6520778590291,123.826879126921,39.0069899227128,12.7429827899447,59.2914732648292,9.81815581754227,80.0691213158977,15.6405354027332,15.7574768921681,70.8285981841449,34.1460195185781,66.5657145779131,61.1717223090788,80.1377732177733,65.5367684975551,20.101666773896,74.8827425876075,80.4104271158382,8.67997105848539,7.06936369174073,50.0360813407572,138.292156021527,132.995476058718,73.407769577821,93.0244481230956,61.6691037517954,95.9119196607054,116.993315636579,52.02558829529,76.777030071999,14.9147214618514,78.8883619538386,132.974683438183,129.280781557814,140.681999527858,70.4581584550521,51.8097539784116,93.5739310135051,63.8808773678574,26.1407151355508,9.70862769075651,16.5583171685951,48.9239607157238,71.9902907457906,68.1210450438767,55.0752662829542,20.5842910619243,142.356174095215,23.2906049780737,80.7416804672477,121.69810234333,69.4664271686367,123.731598610278,52.814743745635,47.0896124878732,39.3845380223023,74.9738812671226,14.478449720412,35.2609444613337,23.8986869965825,55.9344950376094,26.1407151355508,81.1388000658667,95.1959985488369,94.7676051473699,63.5112134057395,125.916694269125,10.9090113199768,22.6084583773622,58.1123822617347,67.232973283116
"SW_PR_5.PR_Hols_7",103.195052424683,59.5876826883371,46.9084710652735,90.1579258929289,100.41091237679,58.7188318729135,66.6217700450768,39.5903761600321,55.2928526877726,59.6721509183365,55.5020426038983,14.6207650380185,20.961288758112,17.2942877250962,14.6207650380185,96.8751396178541,120.232004686155,85.7183441975409,117.102604661403,61.1441415394514,47.246524964949,58.2786018542671,69.4638451503515,95.9046073581316,115.709937351864,106.661415976213,42.1206733536923,66.7455038707184,104.711536328705,46.8332576777924,18.3563259478186,57.0716057776225,11.0001486285622,26.1407151355508,77.2662551059941,51.1775001437284,72.8777490915385,67.1917953930116,90.9088429979401,41.5689538193358,51.2870734783009,84.2085619945222,97.605536270366,72.3709348937854,77.6434438769975,73.1368475526375,71.4466170739792,106.572225031433,88.0090446412169,18.2321279229229,19.1348332860573,26.8243732034246,67.7948844669167,12.0238938596407,14.3689823827966,26.1407151355508,47.8065978792726,58.5142581265324,26.1407151355508,12.8035632456365,77.9466221108882,33.5080536642951,52.8273950881825,73.0094198363857,60.707837161339,58.7885720697858,21.3295575643755,21.3992836573655,14.9998350279692,106.485403552685,80.3934485038329,12.0671953273751,69.6887022900137,19.1348332860573,82.6160076477722,125.388556330251,84.6102694484972,75.5718565002022,110.442495888223,64.9857004042183,89.4787806183015,55.6004591489414,38.8998977495389,84.0341907066058,21.3295575643755,43.9118167275093,121.998928385438,78.0103336312082,14.7398919873564,38.7512293045241,16.4946699192056,61.0800419520474,53.6690733384693,41.8213946632183,35.0029489995158,26.1407151355508,26.1407151355508,84.3088975671613,19.1348332860573,71.8309374321517,13.9514974163884,14.2830023911784,55.6459055029583,95.2637361655334,91.3067283116473,37.5990996755307,38.9338848185533,27.0143487411539,66.839708033964,147.489933955184,12.8035632456365,26.1407151355508,67.0211468807941,52.1559028532365,97.7909971510266,43.1342960522303,60.3398571064212,75.9090397249969,61.5378809682545,107.633705045431,52.6842584888027,106.572441922899,31.0246444249414,75.6404620419889,19.1348332860573,18.2321279229229,16.1481609122359,66.0616382724628,27.0143487411539,88.7205853617127,121.417330664178,9.79994725324109,48.6951012991839,49.0860972938802,9.81815581754227,66.2874518498266,15.6405354027332,15.7574768921681,45.6727877634146,51.9770533786106,77.1401064661872,12.2834620392593,84.6041993278705,51.2385805170617,73.5969357135413,76.7579473261339,72.2158870811009,37.2811752965714,27.0143487411539,54.281512429729,133.13377311602,137.831719860865,74.2720980816736,77.012879927684,16.8250804599645,99.6581466234618,124.504954801665,55.4253451783628,76.777030071999,56.9940244294341,61.6772504732464,129.306425874602,124.458528490224,146.537901665489,55.0862684848088,54.4288615925117,94.6757028866686,49.9439559433819,71.8316872709836,9.70862769075651,16.5583171685951,40.5030633151515,16.4686430591563,15.9392980090127,52.542619807785,20.5842910619243,139.927774372685,9.06476232927469,63.1262296043523,24.4373374486846,68.11467927693,112.521517004393,13.268947538023,11.1407132537968,35.3709021649966,68.1812483685398,53.0090138937459,46.8738810935914,23.8986869965825,36.3032110496868,104.362801436858,79.5599193547804,95.2902191809852,98.162678736649,65.9919000705423,123.453867756838,10.9090113199768,22.6084583773622,63.0430664339826,63.752683762346
"SW_PR_6.PR_Hols_7",97.3300432999589,56.2010639069441,44.2424652407648,85.0338715356314,94.7041376480157,58.9239208875556,66.7834557771157,16.1755830176582,64.1404899711674,57.9808096002224,57.6203710255986,44.5375664685706,9.47557899810135,60.280268291866,50.9615459817494,112.376530040898,124.820860533179,85.0920564487512,116.247012695209,60.6974013799801,11.0001486285622,16.1481609122359,72.1079428892047,93.4565698930838,123.195052000216,105.420928007124,14.3689823827966,69.2861296521043,26.1407151355508,19.1348332860573,63.9820656725711,59.2498392068607,11.0001486285622,91.1150170946681,76.3676371849936,51.0283542328063,62.3242382111028,63.8187007559792,89.8515597714746,16.9839776400175,12.8035632456365,84.5026797494746,87.6507343078942,18.0670445633919,69.7245784415491,73.6418672370964,64.1597668497265,106.131277926944,91.3680572447835,18.2321279229229,66.6955992948965,33.0013276445684,70.3823897887852,12.0238938596407,14.3689823827966,113.328223747461,42.9307964383642,16.2559457675842,26.1407151355508,55.5074745561538,74.0336245271925,13.6905065416917,52.4603144393293,69.3442746938498,60.868270047031,53.0924019684796,21.3295575643755,74.5884757224115,14.9998350279692,101.139730892133,81.2387655089834,12.0671953273751,69.872868950058,30.3167494631994,83.8205768980474,127.441357439933,75.8385573073509,67.7371743095811,110.734362789547,78.8154188642322,89.5351713477897,52.8092610647875,44.1803036225724,101.917651087254,21.3295575643755,19.0302518005214,121.68580580668,76.3984402778261,14.7398919873564,46.9979449346941,16.4946699192056,54.7477545232899,54.2929710858603,41.6160604577265,8.1257009903626,26.1407151355508,87.464621543098,102.250818786376,19.1348332860573,87.1174025348815,13.9514974163884,49.7842541907178,54.4961185318221,94.7277529554839,81.8407811811143,46.2571929686157,9.06476232927469,33.8584239208775,67.0731610748782,146.879688093285,12.8035632456365,26.1407151355508,67.3373462255988,49.5376249046444,98.2737948267275,43.2003614154155,59.0930810693687,21.0884196868835,60.2663506889087,106.023352051346,61.1144838614324,104.37038223679,38.1688119218761,67.7986673806505,19.1348332860573,18.2321279229229,54.030380403975,18.3047281679346,33.8584239208775,92.3710826498582,122.694003530444,31.50974062469,61.0319870545738,59.5321939221032,9.81815581754227,80.3941982696179,54.5160162298585,15.7574768921681,16.1481609122359,50.9030742918726,69.6021986547959,12.2834620392593,84.8433879578415,51.3170585667987,69.9022966924327,74.0201934160246,26.1407151355508,8.67997105848539,33.8584239208775,54.4711030864641,137.376090742109,138.166226471974,77.1068171104589,93.402123108413,16.8250804599645,102.660642065915,123.648678432367,51.5328146453163,21.3295575643755,71.4334392651438,61.7717166017268,124.817116737908,128.42440879823,146.411846887697,55.1706397315207,54.6856517427105,98.2891596688015,50.0204511198491,26.1407151355508,32.4842469791508,16.5583171685951,49.1225897483898,53.4782606997236,53.2570386801203,54.0239943557813,20.5842910619243,139.742270353813,9.06476232927469,63.2229150186749,24.4373374486846,68.8308880944982,127.795574613958,42.6636066992551,20.8639962273186,12.8035632456365,77.436405454917,50.3479089264872,10.8814586459445,78.4681167233522,50.3616479461486,49.9175874768427,80.3964720093887,94.6280779675498,102.201680407617,67.9801005931673,119.954704006165,10.9090113199768,22.6084583773622,63.2632588315928,64.4938024982447
"SW_PR_7.PR_Hols_7",73.8310110441221,42.6320715507865,33.5607159830728,64.5035848707397,71.8390950578943,57.7530211936742,65.4874647648976,71.6467116620297,67.0010421917859,60.3739243885134,58.2417299220372,14.6207650380185,25.1978535607276,17.2942877250962,14.6207650380185,117.388324193053,126.166887134065,19.1348332860573,26.1407151355508,13.6491548656169,11.0001486285622,16.1481609122359,60.9591402578055,95.1688195506362,49.3372398612934,110.470698707338,14.3689823827966,58.5736151407454,87.667096231602,84.7541557946038,18.3563259478186,59.8887697456346,11.0001486285622,26.1407151355508,80.0257254222296,48.4133531416571,15.4854134811985,16.4946699192056,94.15554174621,75.2273440481442,42.9388104090581,82.8234947875703,26.1407151355508,60.5907423016699,20.7944674665749,72.7081876853,19.1348332860573,106.025202554447,92.3533399531182,18.2321279229229,19.1348332860573,29.4133604089913,71.1413700464521,12.0238938596407,14.3689823827966,26.1407151355508,12.8035632456365,16.2559457675842,26.1407151355508,12.8035632456365,19.1348332860573,60.6395314239324,51.7011307366699,17.9228174236156,63.0323346481909,60.9623112659441,21.3295575643755,21.3992836573655,14.9998350279692,26.1407151355508,80.7553715670728,12.0671953273751,72.3570762744895,19.1348332860573,85.9849292350615,127.430487976054,66.7785500661834,59.6449938735281,114.671328871542,66.6677437575258,87.699629409959,13.6491548656169,44.5568543872743,86.2092715482281,21.3295575643755,19.0302518005214,116.483012292236,73.5063439295623,33.8356821274646,39.7542383861949,16.4946699192056,48.2073472419585,12.0238938596407,42.8011507997367,8.1257009903626,26.1407151355508,26.1407151355508,86.4910887245305,58.0216314133765,73.6901580009548,32.0259084793827,14.2830023911784,52.4331441461242,94.1991998325676,72.0637219061242,41.2280227919281,9.06476232927469,29.4772778548603,65.7403247227266,146.732885775146,12.8035632456365,79.2652288004085,62.9464364286835,12.8035632456365,97.607236338836,60.8103983353783,56.8560866576126,21.0884196868835,57.9849416429028,111.351330414518,63.8400815704671,100.419395799943,34.0190259474583,59.699140712167,19.1348332860573,18.2321279229229,16.1481609122359,18.3047281679346,29.4772778548603,76.0070289704575,121.963939039141,9.79994725324109,53.1346894541239,50.3566067010176,33.8740423263958,68.0031888057748,15.6405354027332,15.7574768921681,16.1481609122359,48.9761161662936,74.7885081732928,37.2465490693051,83.8093328349946,72.2357561511839,18.0670445633919,73.2927158260529,68.013626538357,8.67997105848539,29.4772778548603,53.3886870325318,140.216375489141,135.484990743512,77.9383113534648,79.0062261868715,16.8250804599645,101.389592487102,123.734088103875,52.4439519430977,21.3295575643755,62.1902349107441,86.9521126522497,128.906081515214,131.079615300945,140.813890702362,77.6601970115522,51.1197291537315,99.3490772412959,70.4106043989699,26.1407151355508,9.70862769075651,16.5583171685951,41.5514156144124,52.7252810986495,15.9392980090127,55.7689932850302,47.2516033216465,135.949402625333,9.06476232927469,88.994872270617,74.1001588555798,68.421324579928,128.884782188389,13.268947538023,11.1407132537968,33.3126605157277,78.0963995088038,13.0129903778529,10.8814586459445,88.2888976131979,30.6969676814204,26.1407151355508,79.9180899552445,93.2586600489814,84.0960813788093,67.1384335580915,124.905745187921,10.9090113199768,112.81575785118,62.0061304992605,14.2830023911784
"Zo_PR_1.PR_Jap_3",117.630356384241,67.9035069834804,55.9876527704104,95.5697957720369,113.671786972359,47.9393574796137,62.166469227998,58.8834199936368,71.8471840417803,58.262175260725,46.7866658189979,40.3611150976687,46.9436878043069,48.008791646511,41.3135392998504,126.529760741254,101.708093407565,93.4077822504259,125.465872984161,55.893308667759,25.220088203553,52.9600014662257,78.1572199316125,86.1073150752927,120.065633336796,109.293461573791,14.2991063769162,81.9838248056697,113.53338777585,68.5955773707908,53.8857686965059,47.3444385915551,30.5018028462274,73.238011602017,79.746356377633,50.6353020609213,67.1291081440969,17.1307827370497,92.1612509724155,62.1749371127093,56.2834467373624,83.3476807066835,104.251014804112,81.2309964658545,87.5283986863994,68.7074477326639,77.6135841452098,102.229188973376,75.7204107870758,76.8000410520646,54.5247889124318,49.6181117748289,61.8572325280376,12.4822739048684,14.2991063769162,107.009420296006,51.6817700413176,18.1463936203809,108.534690947921,53.0492318217198,19.3627864716108,49.6583108928529,46.9339570510377,16.6664910209209,66.2479085528905,51.4862005402668,83.3299163057175,60.0474214270051,39.5624066082098,26.0082066990247,82.4179852707916,11.9640161821005,79.3670945784136,67.3239233443356,86.4900978666859,125.988203132054,94.4452033956741,80.33925773169,120.496292118168,85.3774518593646,87.2309654616061,11.5862958615605,39.9356158679745,97.3028335664964,19.5235822248791,19.2883912775572,105.22864874576,76.6565768053828,36.0822833697036,55.1084031239386,73.1170476446017,69.0320290034593,57.5286702714173,41.137572423329,32.4969796732428,111.007378795975,104.625589014089,106.275757106422,89.1141892915686,96.4276037952565,30.0251421366489,38.3111345651541,45.8697295404152,90.6369566827899,99.7358329600423,58.687925409576,26.9382520718085,25.1468574277883,61.6897982968107,133.951507651529,53.8053749367886,119.698694106309,63.2237797468089,12.8934011849353,95.5956007151555,47.8163445293294,52.2503584346817,21.5921579489119,59.4380790356939,108.94906162678,76.2116989215411,102.965557014077,46.2953167770857,81.1424724021555,79.1757376322539,19.3479694520734,62.6528916735037,66.1236994068565,28.1049213050596,91.9692414296135,124.397236902794,9.137693432758,34.2938241582336,67.586649416293,32.8744132615567,81.548453420042,44.5541305232436,14.34783759725,15.5744820391563,56.6897278683984,78.4729712164375,54.6022815273284,84.0773166825913,52.1172558535201,18.6083810924655,71.9353322829853,116.440734773511,25.5323503610409,35.811305994967,47.116491334097,121.598392487399,116.662332205223,60.9058091680096,93.3764862802995,69.837902446169,101.598465616984,122.422939146139,50.5286928398987,19.5235822248791,36.5844447070719,68.8211849711022,126.53244735457,114.185948128449,142.651938308466,57.7297690592113,48.2880922420423,81.3465823340317,55.2724659036772,26.0082066990247,32.8368926186486,16.3414759878711,53.3149761691622,16.3066431056971,57.214430557011,50.4596330817723,47.4507234639547,135.382944936514,32.5797930239009,66.1749651057745,112.402052335375,67.269531886815,114.780089477109,13.1159009990014,52.7414116891086,57.7247453112495,69.7874540908047,14.3559733532164,43.7198026214363,24.2252270002209,57.6363719709805,79.5200790936972,81.8304160555547,95.3676154957415,104.451774423083,52.7819076540706,109.335487919337,9.88556378217834,22.7602014722916,57.351997045065,62.7031709964614
"Zo_PR_2.PR_Jap_3",123.651637405225,71.3793622850005,58.8535574688089,100.461837377196,119.490436125152,48.6876980369383,64.4807702958399,68.2915475290532,74.563554438741,59.8999400300154,49.9624553955761,14.6712212152575,10.616853856593,48.9348395003788,42.1104415565454,131.313548735119,108.611844663253,91.2926569158477,122.624824410047,54.6276608775179,55.0220009611797,53.3609212905095,71.7551669788499,90.0715020523337,120.431092807126,106.648837572878,14.2991063769162,75.2683250970674,124.183508778394,79.5554696518381,54.9251783284506,50.5580887193434,12.3863613178086,74.6507091755149,77.8166972285418,50.5614395345623,68.1530016093824,73.1925942053277,89.9311829265669,72.1089684228145,61.5631757222545,84.6487504979981,104.582135297509,88.8509570648158,87.8064050598989,70.550314659359,77.860099235013,98.916850734094,80.8601677477904,92.5125431033789,55.5765246888022,28.4442137121222,66.0559834084381,12.4822739048684,14.2991063769162,118.908372166537,51.8459208961355,18.1463936203809,70.6543832146855,58.9480606768729,82.7290027930793,57.5924920617423,46.6986380077299,71.2088719380425,70.0136353700174,66.7824395342388,86.2170137910502,61.2056839834178,57.0503035062781,111.12207469732,81.220402458998,11.9640161821005,83.8785546830412,73.9316679308257,85.784314266715,126.799594545072,94.5783367618252,80.4525068479113,127.345657305773,86.3342501429787,86.193597747226,49.5033451976471,43.7705480975608,98.3932758568165,19.5235822248791,19.2883912775572,111.99884292217,82.869104181883,15.8177745302143,55.7259856867042,75.6503040517631,69.129339042117,58.5587550689022,38.5400850877618,7.6672564033629,114.853405989852,26.0082066990247,107.466756132215,68.4835312308307,97.5082376604636,13.1624410708421,39.0501230446918,49.5871790065709,100.907327634049,99.8764241885055,33.6435997453235,58.770473736041,26.1641473138048,62.6527852967577,129.611331372529,35.0264560260998,91.9874749609,66.1108704958462,55.0880537883693,98.0385995085543,55.9057650448126,56.484917238834,21.5921579489119,64.2551568208567,109.297520623721,79.0930811999637,111.3102596925,26.5393792140605,81.2568537587551,19.3627864716108,19.3479694520734,15.5744820391563,66.6242715596744,29.2418765796115,87.8452133964487,122.5896703594,9.137693432758,35.6811450419337,68.3440717655013,9.60182687313478,82.4623413209389,45.4135409673928,14.34783759725,15.5744820391563,61.2840692938303,71.136737602352,41.9614102083875,84.2568028629129,60.9342911761084,79.5057474620385,70.7818599027903,26.0082066990247,55.7032550706328,37.2600150234545,47.851986827526,133.876535107453,121.005376990496,65.0399792466625,94.4229272299553,72.2575476525018,101.59237913243,121.339806296011,52.7375023177742,19.5235822248791,38.06443025568,80.4641390924407,119.608952056481,125.715634727492,144.703822423479,67.4963119176943,50.4931502907537,86.8682330809798,64.6232898535987,26.0082066990247,8.16271333454076,16.3414759878711,53.9124603594097,74.5346641305698,16.2044849807093,53.3774756753957,20.8014785915294,134.311052675415,13.2302044599756,77.3702399768948,86.3800649785792,66.2920651981989,125.802177277277,13.1159009990014,11.3661585895017,12.8934011849353,76.4889948357472,61.3370064983632,10.3151412830828,108.417060414653,62.6871486579274,26.0082066990247,80.6413709772496,94.8894581561292,99.7680123398187,52.7787456351982,112.408936676548,9.88556378217834,80.8406953996184,58.2472703171491,63.8259082836752
"SW_PR_1.PR_Jap_3",97.9450705815332,56.5399441833336,46.618192538494,79.5763158429818,94.6489625668454,51.1896036732691,66.023655256593,16.621291514057,59.6759396299638,61.2601245221928,55.6566784115844,14.6712212152575,10.616853856593,17.0488322825859,14.6712212152575,105.095035582716,120.990340891991,89.5092689945292,120.229367446753,53.560517978296,12.3863613178086,15.5744820391563,71.1203993391461,94.4955381568631,114.987630203281,104.754165611108,14.2991063769162,74.6024790113019,116.040972706931,19.3627864716108,19.1358582754854,56.3201960888016,12.3863613178086,26.0082066990247,76.4342432069901,50.9536077748736,64.5645024581003,53.6043617776133,88.3335087778608,17.5504030630385,57.5265658380324,88.9985800138364,36.0924601041339,83.0251261634256,30.3029686905551,63.2341076177909,26.8703877325647,111.849593560963,90.0758042616941,19.3479694520734,19.3627864716108,34.2073905312715,73.5843864481073,12.4822739048684,14.2991063769162,115.398077686666,17.8926049480883,62.6298858029357,121.181561583856,57.2078547668691,60.5885806258061,14.0172778947788,47.3709594656839,52.1515349276241,14.2991063769162,56.8464909893682,66.5949405409743,21.3239780007078,60.5322942009506,81.3829316780866,82.282404140625,36.9101580737521,17.1307827370497,19.3627864716108,85.3395282175864,123.40599612483,82.1723449384207,69.8994227453534,26.0082066990247,80.0676685045081,89.0979578647122,36.2549688802203,32.001624869116,91.2513884272951,19.5235822248791,19.2883912775572,114.667957379015,66.5323880826454,15.8177745302143,51.6811085016746,58.4331012953357,60.0615329854977,59.1791936690979,40.8400966005093,7.6672564033629,88.7139951443846,26.0082066990247,99.6662690762802,79.4190448428522,90.430590831879,13.1624410708421,13.6050103607296,39.8116218361396,105.308586251953,86.7754737567613,40.4602414752496,13.2302044599756,10.4970835375042,65.8723122611842,146.557180372463,60.0749797092393,106.676120048137,66.643160891937,40.3450649202624,100.317185671104,12.4822739048684,45.3495482019679,74.5224872153366,51.5879720448468,107.876951543262,63.3010855553382,89.3666882073099,31.9166111751571,70.5982621843938,58.2823005601844,42.8428275955548,15.5744820391563,19.445663524602,11.731871769718,89.4842843590281,124.19259809837,9.137693432758,14.3153130781128,63.3833093274802,9.60182687313478,76.4768026369139,15.8220166085439,14.34783759725,15.5744820391563,49.2026011599176,74.5021703867116,48.6618470034291,85.4868659238412,13.6050103607296,58.2279518389368,75.3727511036666,105.715264991641,12.5397228713966,14.9487573823397,50.310947928184,135.343656109791,123.900773175627,72.4525882518604,87.5692280196194,55.812500085157,97.8570025923448,126.402643193768,55.5193465259825,67.383070751594,15.2714896231514,17.9655071863553,123.601801323191,127.093322369938,147.060292601043,15.0701354726075,50.8996949144526,96.768609038353,14.4286658798021,26.0082066990247,8.16271333454076,16.3414759878711,49.9992181222496,16.3066431056971,59.3223079380696,50.7031739501852,20.8014785915294,137.072913543761,13.2302044599756,17.2747216088157,100.173313653164,67.1588706139262,91.9767802763652,13.1159009990014,41.6796953797349,52.4076626536536,55.9228117019109,44.9216361626754,10.3151412830828,24.2252270002209,59.8417285364475,26.0082066990247,81.6958015020156,96.2555840555919,101.629546346031,50.8381621982865,114.961474999174,30.4979294824308,22.7602014722916,61.2404119069773,64.5021531448433
"SW_PR_2.PR_Jap_3",83.7236159710684,48.3304422134295,39.8493117232394,68.0219726064131,80.9060971313514,47.4695814188264,63.7597523366906,69.801937596903,67.64924416739,60.3660927391965,54.3871062404065,45.4017324100472,10.616853856593,17.0488322825859,14.6712212152575,119.136787237882,118.230457008122,77.4122221879904,103.980544259371,46.3218923002613,12.3863613178086,57.724942051142,70.2451643409765,97.6824526509181,124.435552065566,114.578621467315,43.888776961008,73.6843922009404,117.797558630485,81.3149815614803,19.1358582754854,55.0354885627639,31.8249765509135,26.0082066990247,83.6026917732977,48.8259788951856,60.5101148610273,19.059967719011,96.6179397840105,73.7037876010207,58.3973820111845,82.5309249724251,104.664524834126,84.2819302432078,87.8755787194756,14.34783759725,77.9214372204985,112.47677162852,88.0211050297092,79.8446807970152,19.3627864716108,45.679616570489,71.9058692973556,51.4722166780774,40.0842785610855,94.7452362712191,51.8867649789797,65.3190392949019,80.1878979733508,46.9693414752862,21.5433287996136,58.8662533270844,47.1845765716846,18.543389740208,67.10978787532,13.9026590177132,71.5599441380214,21.3239780007078,15.0376986876303,28.937123756795,84.3818805950234,11.9640161821005,80.399653329213,78.0515348418428,87.9762202254414,133.646498402184,75.6373070456908,64.3404311325042,122.063938023898,81.5239323504556,85.7149683195324,12.8910878442608,42.8319054294488,92.9110608061866,54.7299032389664,19.2883912775572,113.195658146864,51.8589521897524,15.8177745302143,52.6210800436864,62.7895967852514,55.2849333369199,58.7565810726795,35.4832199551072,24.8454468290008,95.3280907712029,26.0082066990247,101.478990578319,96.4268048686695,92.0753346149294,13.1624410708421,13.6050103607296,31.0313375619746,104.733040424479,79.8743562386354,54.0295032223873,13.2302044599756,10.4970835375042,61.0852764183738,147.378975483615,39.7526346476571,129.521041613916,63.2506195156673,14.3453929773818,92.4512028044511,57.2742251819323,35.3478977653919,77.7222760087521,40.210463699526,106.368812830242,71.758745976138,69.6572443084794,42.6205722818216,64.9836929654962,19.3627864716108,73.6587709468811,15.5744820391563,72.0730100225193,11.731871769718,84.436429720927,127.361433990336,36.3710034796921,14.3153130781128,64.536119488362,9.60182687313478,77.8677561243072,15.8220166085439,14.34783759725,68.312344438042,38.3511762420743,67.6731887124551,59.0828866657041,82.4767550651793,62.4258394697649,20.703965975727,75.0972743571459,80.0028231186915,12.5397228713966,14.9487573823397,46.6547788527301,137.591146990855,119.652306151492,70.7998882992303,89.1619295827393,59.9736159511964,96.2027543937542,118.29219411067,51.4808658038704,70.2763128146757,15.2714896231514,82.4337385913009,132.300628910272,129.203809786051,142.419237434394,69.1484852166005,48.3085915105071,94.5612417181157,66.2051373790426,26.0082066990247,8.16271333454076,16.3414759878711,50.908599587166,71.2821313844854,69.2543956866579,53.8617619915815,20.8014785915294,141.634564377906,33.9931103170022,79.2641070784879,121.625645181139,68.8724625906137,123.10439768652,52.2055685479475,48.0425257577598,39.6608849788706,74.8487175873608,15.9726728712462,33.4258150242709,24.2252270002209,57.0885369544928,26.0082066990247,83.7803104984172,95.8768626929209,95.8965712145248,49.9787557581924,113.283724369853,9.88556378217834,22.7602014722916,56.7899829366871,64.0415280378581
"SW_PR_5.PR_Jap_3",102.671952158178,59.2685921787656,48.8680114843415,83.4167114755763,99.2167722049361,51.4972516786836,66.0783102019865,40.681265249525,54.7296094917989,59.185381837404,55.0274788663015,14.6712212152575,23.4859462873259,17.0488322825859,14.6712212152575,96.3840752677606,119.622543358155,86.7395064584341,116.509006399979,51.9031486602738,53.2004201931602,56.2081987403697,66.9960755620863,96.1847166687991,117.935597540447,108.118785544923,41.915841561117,70.2762268969586,104.180748938489,47.3911820724241,19.1358582754854,55.6834954666901,12.3863613178086,26.0082066990247,78.8892499059603,51.6421186710684,69.333057479862,69.7830301684156,91.1707103604802,42.955302338553,51.6469361903886,89.5334588497959,97.1107695074668,74.5393598713047,81.5335003324815,66.5941392927973,72.2977603118409,111.99087401543,89.0574960065135,19.3479694520734,19.3627864716108,34.6002731567969,72.7525139071215,12.4822739048684,14.2991063769162,26.0082066990247,48.1420393619261,65.3190392949019,26.0082066990247,12.8934011849353,78.8751998804297,34.3078394137745,47.2312777009338,67.8917165413104,60.4126164509598,58.9569956071584,19.5235822248791,21.3239780007078,15.0376986876303,105.945624351371,82.7398927479203,11.9640161821005,72.3762296550802,19.3627864716108,85.0273217439122,126.936940301433,86.3982170036404,73.4941360053429,109.88265801155,67.4918576784279,89.7875713828246,47.1973082641938,38.9513352227061,76.9190090797659,19.5235822248791,44.5074669335365,116.830721769792,78.9396703958136,15.8177745302143,43.5638265083493,17.1307827370497,63.150313701539,55.715068799789,42.2010731302235,33.0281147646742,26.0082066990247,26.0082066990247,84.0122083417162,19.3627864716108,76.2271298789933,13.1624410708421,13.6050103607296,47.2358861035291,100.107406709457,91.2380706410259,40.9249400580209,56.8247945020106,40.1127863570615,66.2682029113355,146.742300983002,12.8934011849353,26.0082066990247,66.4480903864816,52.5218618245568,100.720218526361,44.778680209816,53.8065518287958,77.7222760087521,61.2083471970082,108.769362252703,58.0542797370732,106.032221520253,32.2831834801946,74.2289146166892,19.3627864716108,19.3479694520734,15.5744820391563,70.1792661406799,44.8313156874265,87.4613863194687,124.88310658963,9.137693432758,54.7034891248773,53.4280237231737,9.60182687313478,64.4649903722524,15.8220166085439,14.34783759725,44.050218261109,58.3781407839425,78.4235099898904,11.8640176887798,87.0735427909643,48.806364356156,75.8020949242706,76.9778513747436,71.8498215683616,53.8591204266685,57.1240868036292,50.613315238535,132.458912155523,124.003339293268,71.6335107056669,73.8151863904615,16.3625033033582,99.9603410803333,125.88722869338,54.8450262794782,70.2763128146757,58.3573521558544,64.4491306020126,128.650965905868,124.384427813128,148.347452271622,54.0623272802323,50.7507069450706,95.6746385294712,51.7611310415123,71.4675692840058,8.16271333454076,16.3414759878711,42.1461018731867,16.3066431056971,16.2044849807093,51.3849187394119,20.8014785915294,139.218474320541,13.2302044599756,61.9710191051856,24.4227878370724,67.5322726614914,111.951140478101,13.1159009990014,11.3661585895017,35.6190869008145,68.067424516922,58.4797167170777,44.434365069891,24.2252270002209,37.0522198186161,103.833781799171,82.1500286097598,95.9717572131638,99.3320903006783,51.9308776951602,111.067988311914,9.88556378217834,22.7602014722916,61.6084649728733,60.7264424772999
"SW_PR_6.PR_Jap_3",96.8366730230623,55.900108653921,46.0906367311093,78.6757887039559,93.5778654876558,51.6771176648875,66.2386770002519,16.621291514057,63.4871199096391,57.5078374521354,57.1276947680639,44.6912653579027,10.616853856593,59.4247187506872,51.1374139879542,111.80688845991,124.188138092751,86.1057577464223,115.657751467152,51.5239263778808,12.3863613178086,15.5744820391563,69.5462391978933,93.7295292022477,125.564687045765,106.861348153216,14.2991063769162,72.9512474379492,26.0082066990247,19.3627864716108,66.6991719565006,57.8087493408317,12.3863613178086,90.6531510593793,77.9717563165203,51.4916187285251,59.2928574790562,66.2798529807819,90.1103815780397,17.5504030630385,12.8934011849353,89.8461750307437,87.2064288746539,18.6083810924655,73.2178875083408,67.0539807043136,64.9241018726203,111.527507020778,92.4565245125889,19.3479694520734,67.4901436786593,42.5678148145226,75.529235460587,12.4822739048684,14.2991063769162,112.753757989152,43.232026198431,18.1463936203809,26.0082066990247,55.8969502852255,74.915586773571,14.0172778947788,46.9030826794741,64.483485169832,60.5722691554973,53.2445065328927,19.5235822248791,74.3259933779877,15.0376986876303,100.627049141014,83.6098820274673,11.9640161821005,72.5674986562836,30.6779127674441,86.2670487668233,129.015090808438,77.4411448420213,65.8748551626842,110.173045426695,81.8549157701339,89.8441567164005,44.8279566721261,44.2387233952088,93.288275444207,19.5235822248791,19.2883912775572,116.530863915604,77.3085745639368,15.8177745302143,52.8347192109577,17.1307827370497,56.603397150822,56.3627510450311,41.9938747837341,7.6672564033629,26.0082066990247,87.0212595236608,101.890990617556,19.3627864716108,92.4491562430112,13.1624410708421,47.4210726509602,46.2598716794486,99.5441715125441,81.7792413855085,50.3488877613978,13.2302044599756,50.2753458222724,66.4996598392698,146.135148484259,12.8934011849353,26.0082066990247,66.7615861056924,49.8852123733681,101.217477873513,44.8472641451475,52.6947706169468,21.5921579489119,59.9436259296338,107.142018214937,67.3437843456126,103.841324171694,39.7171597397701,66.5334578380807,19.3627864716108,19.3479694520734,52.1108994234054,19.445663524602,56.1893127989114,91.0600726026462,126.196221222985,29.3803979280514,68.5625976953349,64.7981331683352,9.60182687313478,78.1838956364925,55.1485797647143,14.34783759725,15.5744820391563,57.1718988319815,70.7601917028119,11.8640176887798,87.3197126214497,48.8811171742624,71.9967547280556,74.2322540661342,26.0082066990247,12.5397228713966,71.5964528933401,50.790093873582,136.679725286692,124.304285525638,74.3675236276225,89.5239229202485,16.3625033033582,102.971941021618,125.021445807082,50.9932516321287,19.5235822248791,73.1421655626578,64.5478421983497,124.184413274943,128.347946897523,148.219840882898,54.1451302378158,50.9901439143147,99.3262213636253,51.840409440237,26.0082066990247,27.3117483155406,16.3414759878711,51.1152861624646,52.9522018305552,54.1430923068939,52.8336533295387,20.8014785915294,139.033910629712,13.2302044599756,62.0659351756642,24.4227878370724,68.2423576191543,127.147773216817,42.1715166273947,21.2862035426368,12.8934011849353,77.3071307623113,55.5439770530343,10.3151412830828,79.5402668010535,51.4007107408356,49.6645530270422,83.0138156154151,95.3048802102264,103.419208580952,53.4954484692025,107.919888656367,9.88556378217834,22.7602014722916,61.8236466951911,61.4323814531738
"SW_PR_7.PR_Jap_3",73.4567583968677,42.4037779031483,34.9626712795944,59.6805757786942,70.9847461899507,50.6502219603406,64.9532578937588,73.6208938656598,66.3185329830321,59.8814306668257,57.7437408077778,14.6712212152575,28.2327791059187,17.0488322825859,14.6712212152575,116.793277606738,125.527341625505,19.3627864716108,26.0082066990247,11.5862958615605,12.3863613178086,15.5744820391563,58.7935084513687,95.4467798403001,50.286232947686,111.980116457485,14.2991063769162,61.6720592263296,87.2227078590497,85.7638316832545,19.1358582754854,58.4321396463012,12.3863613178086,26.0082066990247,81.7066835073035,48.8528771664159,14.7322204153534,17.1307827370497,94.4267613830738,77.7362192408915,43.2400964002379,88.0608074371534,26.0082066990247,62.4062014940405,21.8363024028877,66.203826668314,19.3627864716108,111.41603826169,93.4535448895345,19.3479694520734,19.3627864716108,37.9397608619793,76.3437175883364,12.4822739048684,14.2991063769162,26.0082066990247,12.8934011849353,18.1463936203809,26.0082066990247,12.8934011849353,19.3627864716108,62.0869038548667,46.2243209077366,16.6664910209209,62.7258099640345,61.1369623545542,19.5235822248791,21.3239780007078,15.0376986876303,26.0082066990247,83.11237926259,11.9640161821005,75.1475088145393,19.3627864716108,88.4945720733365,129.004087120957,68.1896854532361,58.005155553737,114.090054854196,69.2387686127449,88.0022803337508,11.5862958615605,44.6157720743262,78.9099256531174,19.5235822248791,19.2883912775572,111.548474893372,74.382024684479,36.3099805227424,44.6914014112467,17.1307827370497,49.8413066487204,12.4822739048684,43.189724051599,7.6672564033629,26.0082066990247,26.0082066990247,86.1867202075404,58.7128428555651,78.2001383463506,30.2146157160798,13.6050103607296,44.5086840181723,98.9887441844431,72.0095339248673,44.8748607288709,13.2302044599756,43.7699150295801,65.1782197487909,145.989090313537,12.8934011849353,78.8634298639689,62.408220270529,12.8934011849353,100.530953361882,63.1286384549827,50.6999870438835,21.5921579489119,57.6744337704439,112.526212770107,70.347197820335,99.9103654591375,35.3990344397435,58.5850786600594,19.3627864716108,19.3479694520734,15.5744820391563,19.445663524602,48.9186380830286,74.9282716821325,125.445317532499,9.137693432758,59.6908688791681,54.8109164461101,33.1276765164143,66.1335560398102,15.8220166085439,14.34783759725,15.5744820391563,55.0076316135149,76.0327874375972,35.9746882102048,86.2554765232096,68.8068365415227,18.6083810924655,73.5026923236691,67.6688624694193,12.5397228713966,62.3321552205523,49.7808245569275,139.505612505225,121.892052811011,75.1694782417572,75.7257658390008,16.3625033033582,101.697037225662,125.107803710403,51.8948490670247,19.5235822248791,63.6778587873732,90.8598879075613,128.252650909673,131.001572531478,142.552757291662,76.2166525881795,47.6651966894957,100.397322264147,72.9724438556435,26.0082066990247,8.16271333454076,16.3414759878711,43.2369814064173,52.206629194335,16.2044849807093,54.5402037167832,47.7501611279093,135.260269114825,13.2302044599756,87.3662654068241,74.0560407705381,67.8362960296149,128.231459550074,13.1159009990014,11.3661585895017,33.5464033196551,77.9660230020328,14.3559733532164,10.3151412830828,89.4952340513449,31.3303082953252,26.0082066990247,82.5198596165522,93.9256678930149,85.0979176298123,52.8331170647143,112.374201786435,9.88556378217834,113.572952878254,60.5951254444045,13.6050103607296
"Zo_PR_1.PR_Jap_6",113.100273602024,63.5062891581763,53.5006508882362,96.8450104490052,125.553312479578,50.20338972288,66.0794848239954,56.860729355571,63.4521196024622,61.9294383895964,48.3968879381228,38.6245943565963,45.1914786511329,47.6989435680589,39.5360408906094,121.656951475084,97.7911956192698,89.8269847233589,120.634035281444,58.3931049816226,20.930091372553,52.5161871857025,77.5022484555682,95.3103862582001,116.355978007236,103.231115810271,14.8027728255367,68.1189808829738,109.161084052735,65.9659584257812,48.2318911350803,43.3479529411115,25.3133738251241,70.4175300055966,79.8531074274144,49.3200413152569,70.6828476272907,15.9128681255095,99.0207412325593,59.9102732866523,58.7530957950545,81.4184144585562,100.2361861348,81.2586743978337,81.0154140330077,79.1046944659522,74.6382589262803,104.066245948322,72.8176605754507,70.5603652637109,52.4345751786549,52.0961851568475,53.3132415504758,12.6340941041132,14.8027728255367,102.888362200811,53.949503133038,18.1494786460006,104.354892893664,55.3769674700207,18.620511938973,45.725767253909,52.8536960093445,17.5294050127639,68.5814004474075,49.670191558287,80.7740133403643,61.8294913970847,43.6302147169909,25.0066002006243,88.5885307784225,12.3757728899735,73.7244835170119,64.743053395218,92.9655180446038,120.836807880882,93.1641994234405,81.5324669283163,115.855838794517,79.3075338812032,83.4778882628893,12.1044863279404,37.3315869601759,94.318351979626,18.9247530898562,20.9237133304535,116.239174938292,73.717938567273,31.0984408833647,45.8819595228807,67.9187842583963,60.2795402517255,58.2283836609379,40.0690168508703,35.1772998573178,106.732354636905,100.596335053285,109.429778224831,85.6979871191808,88.5932722442833,31.8923927174724,37.966285614352,47.9212270014913,92.2657014193379,93.4614235750758,54.6616375648664,26.1756870676686,21.8050286241631,63.8129305184178,128.792878220177,56.1662892235678,115.088957216168,65.399705874925,13.4591479174588,90.497981376584,48.3979282222472,63.8526264481031,19.9502318289762,55.5890557341261,103.537868084879,62.7297488670693,99.0002328296701,45.4966749838449,76.0967675845225,76.1405270889055,17.7760294519102,62.1278492401399,65.9577626069411,27.5526158722632,91.3756732152022,128.103234261653,9.4005001915076,28.0692501301361,62.9498641983737,33.4677970631177,82.7596217496824,42.5526650659594,16.5190433763994,15.4439650952484,57.3671911728203,78.3909922241358,59.2114330576422,90.3720945401772,51.6481342468707,18.6147215478155,69.39804640489,111.956465712699,26.8947236125543,36.3011634663067,48.4715961493644,116.91549598785,107.423196682381,60.3954075983869,91.6695892943995,70.8751441362797,98.3435860184731,126.439524165865,45.1243549575608,18.9247530898562,38.0518275953209,68.4265985835972,121.659534623775,122.725237257283,136.81919762875,59.3743561830623,49.6768931579101,77.3063263243977,57.5227609736407,25.0066002006243,38.8335428152166,17.6782051373708,52.3952380371315,15.4672306471534,57.1546598959863,51.3704304446091,45.0939794541142,130.169189178948,31.6575279142003,65.9522209010725,120.807934488986,69.584697677991,110.359773811456,13.5423398774308,44.201200676408,60.2576367940451,74.9420302584883,13.364165298662,38.70582340794,22.8814896882139,60.0390890525066,76.4576677211922,73.3258847350094,97.0841227301673,100.447604250739,58.1302727754997,100.676605731334,10.6845504465775,23.2746810836008,61.854439212297,62.138762686044
"Zo_PR_2.PR_Jap_6",118.889668039318,66.7570589881353,56.2392505465704,101.802327941853,131.980155012346,50.9870721629456,68.5394576065858,65.9456804944793,65.8510926674652,63.6702908710312,51.6819763188021,14.039997824241,10.220571643253,48.6190147218633,40.2986567482788,126.256510190973,104.429075329063,87.7929429493259,117.902398815094,57.0708518166755,45.66262807344,52.913747230182,71.1538458511145,99.6982619183705,116.710145914492,100.733185169392,14.8027728255367,62.5391851445557,119.401056423028,76.5057020400752,49.1622423841284,46.2903292508268,10.2794118744861,71.7758229411175,77.9208651742262,49.2480973808198,71.7609448610274,67.9889598292749,96.6246909557996,69.4824668145314,64.2644928541009,82.6893681145019,100.554554790219,88.8812313548396,81.2727339633491,81.2264357034501,74.8753238332113,100.694385041131,77.7603843921247,84.9962935361442,53.445992549252,29.8648007991991,56.9320426307795,12.6340941041132,14.8027728255367,114.329071499849,54.1208567273366,18.1494786460006,67.9334001731692,61.5346297472205,79.5575774419885,53.0316243190392,52.5886963808947,74.895738709312,72.4797698369066,64.4269052598102,83.5725575023389,63.0221285339573,62.9162178200728,106.842633464767,87.3012862354539,12.3757728899735,77.9152009407505,71.0974893718178,92.2068931890763,121.615023188773,93.2955270401756,81.6473980352703,122.4414269074,80.196308500762,82.4851528771199,51.7173540441188,40.9164598337652,95.3753481223086,18.9247530898562,20.9237133304535,123.717763655507,79.6923080287617,13.6329544639431,46.3961442304855,70.2719385627865,60.3645124664618,59.2709972396677,37.5389996989651,8.29964446837844,110.430266819431,25.0066002006243,110.656123374535,65.8582075868251,89.5861092167747,13.9810075782954,38.6986222574272,51.8049372722758,102.720630780781,93.5931701696984,31.3354790243827,57.1068057880107,22.6871283118621,64.809059930644,124.619847212496,36.5633742344463,88.444929572881,68.3861594937595,57.5052504601259,92.8107076699914,56.5857392588643,69.0274751877931,19.9502318289762,60.0941946925071,103.869020103259,65.1014108201975,107.023571235398,26.081547647445,76.2040363335695,18.620511938973,17.7760294519102,15.4439650952484,66.4570785786634,28.6672282066529,87.2782616020249,126.241817351462,9.4005001915076,29.2047623645158,63.6553235521848,9.77514003576311,83.6870828335887,43.3734689814345,16.5190433763994,15.4439650952484,62.0164366847729,71.0624226124405,45.5035057521299,90.5650186568913,60.3858050344565,79.5328375479164,68.285259027296,25.0066002006243,58.6755088450542,37.7696891678164,49.2282450321171,128.720792956573,111.42229172317,64.49493259267,92.696901585717,73.330726230683,98.3376945248006,125.320854714422,47.0969194018676,18.9247530898562,39.5911745880147,80.0027978065921,115.002671237777,135.117160664338,138.787184475421,69.4191251784475,51.9453702918535,82.5537322048331,67.254282847756,25.0066002006243,9.65338229309817,17.6782051373708,52.982415011048,70.6978642902205,16.1875565105763,54.3409401540464,19.768327640656,129.138576744126,12.8556853229544,77.109812600111,92.8399171925296,68.573590240346,120.957388102383,13.5423398774308,9.52568087664959,13.4591479174588,82.138553986557,57.0994298749917,9.13215552201955,102.403327319976,65.3004200648855,25.0066002006243,72.2604156031241,96.5973591091839,95.9433946981212,58.1267903507875,103.506651077575,10.6845504465775,82.6680469543838,62.8199962816177,63.251393909318
"SW_PR_1.PR_Jap_6",94.1730912091753,52.8785949916764,44.5473871582037,80.6381250169188,104.542130369717,53.6071353075966,70.179458150534,16.0503374026675,52.7030378335751,65.1160910206107,57.5721732023879,14.039997824241,10.220571643253,16.9387993544191,14.039997824241,101.047702684781,116.330861171475,86.0779213986095,115.599193704795,55.9559815606478,10.2794118744861,15.4439650952484,70.5243976777158,104.595134960739,111.434869406022,98.9436078434338,14.8027728255367,61.9859448328872,111.572098951467,18.620511938973,17.1280591415111,51.5660399049913,10.2794118744861,25.0066002006243,76.5365605550449,49.6300789831299,67.9824746007601,49.7933546302254,94.9081031622992,16.9111460762959,60.0507614470382,86.9385112141273,34.7024971973523,83.0534154113051,28.0481259995456,72.8030938129937,25.8403084862109,113.859529060397,86.6227384744763,17.7760294519102,18.620511938973,35.9158074966036,63.4205897794302,12.6340941041132,14.8027728255367,110.953962571332,18.6777106498749,62.6405333622414,116.514717730557,59.718065722443,58.2659107748966,12.9072208664727,53.345817156384,54.8517007350905,14.8027728255367,54.8414151215153,64.5523343131973,21.9568248396664,66.7562269265865,78.248779670955,88.4427988355306,38.180467720964,15.9128681255095,18.620511938973,91.7288064890244,118.360181940646,81.0578034213372,70.9375781430193,25.0066002006243,74.3752500738722,85.2645540688839,37.8764516610078,29.9149372234014,88.4525173301701,18.9247530898562,20.9237133304535,126.666159040011,63.9818617241726,13.6329544639431,43.0284746781457,54.2787944573134,52.446402741519,59.8989821501446,39.7792680140981,8.29964446837844,85.2975152976983,25.0066002006243,102.624135724503,76.3745070910311,83.0834910073141,13.9810075782954,13.4825479590858,41.5921738894539,107.200979949277,81.3164042251269,37.6844647322667,12.8556853229544,9.10209984141311,68.1393909765431,140.913091722022,62.710996613501,102.567897735818,68.9367693352432,42.1153572058042,94.967788608452,12.6340941041132,55.4194812759115,68.8555956257629,48.2472970145854,102.51900669459,52.103040033095,85.9250723863962,31.3660168308991,66.2082309088512,56.0480422072972,39.3620305752594,15.4439650952484,19.3968648154184,11.5013222355294,88.9067540232417,127.892498932196,9.4005001915076,11.7169815074206,59.0348944513076,9.77514003576311,77.6126461437047,15.1112582717819,16.5190433763994,15.4439650952484,49.7905905192127,74.4243396029663,52.7695476399217,91.8871752101535,13.4825479590858,58.2477919167447,72.7142214090209,101.644046332813,13.2088262943015,15.1532391873878,51.757927655828,130.131413410955,114.088385465593,71.8454226091716,85.9684861485278,56.6414346592195,94.7219871236068,130.549798674979,49.5812291758323,65.3162909204857,15.8840210618684,17.8625019186701,118.841751203167,136.597877386114,141.047303494858,15.4994486529101,52.3636074368246,91.9623843268377,15.0160968034025,25.0066002006243,9.65338229309817,17.6782051373708,49.1366802242142,15.4672306471534,59.2603352237657,51.6183672304543,19.768327640656,131.794075115995,12.8556853229544,17.2165750858813,107.664681043795,69.4702278578117,88.4346467531723,13.5423398774308,34.9306649293133,54.7072470286547,60.0533305205722,41.8181447118556,9.13215552201955,22.8814896882139,62.3363814513632,25.0066002006243,73.2052605012311,97.988073701332,97.7335665950381,55.9895685347322,105.857039768488,32.9628813541873,23.2746810836008,66.0481156856613,63.9215517064117
"SW_PR_2.PR_Jap_6",80.4993214706198,45.2007145830521,38.0791836975934,68.9296089273166,89.3627941039205,49.7114275460358,67.7730557844926,67.4041875050883,59.7446926998454,64.1657851665014,56.2589071035477,43.4483411367912,10.220571643253,16.9387993544191,14.039997824241,114.548690039298,113.677263648097,74.4446162016674,99.9761317274874,48.3936124825767,10.2794118744861,57.2411967166369,69.6564973053061,108.12266396492,120.590879813583,108.223115745014,45.4346990517713,61.2231219463951,113.261036693953,78.1977628686286,17.1280591415111,50.3897783832905,26.4114725437851,25.0066002006243,83.7146050382636,47.5577156322903,63.7134522843793,17.704897519547,103.809137927598,71.0191961985261,60.9597879727204,80.6205643405994,100.633771409294,84.3106477234043,81.3367604136772,16.5190433763994,74.9343104203288,114.497977508314,84.6468063617987,73.3576410145726,18.620511938973,47.960990001986,61.9739167446467,52.0982662465453,41.4961924035456,91.0964862655032,54.1634929987647,65.3301440308562,77.0997681137022,49.0302989439385,20.717462938848,54.2045138134432,53.1359259509595,19.5034808861449,69.4736382891756,13.4122877457095,69.3650508568154,21.9568248396664,16.5838754221431,27.8227212324216,90.699460823663,12.3757728899735,74.6836324062086,75.05942073516,94.562904778659,128.181971406088,74.6114032698403,65.2960236573766,117.363112820534,75.7279807045859,82.0271162880153,13.4676343870022,40.0390219971985,90.0612840830538,53.0512225420033,20.9237133304535,125.03980680564,49.8709335976879,13.6329544639431,43.8110728627865,58.3255644902129,48.2754224742521,59.471229374214,34.5615371678578,26.8946758123627,91.656894356107,25.0066002006243,104.490654649914,92.7302727800369,84.5946063727158,13.9810075782954,13.4825479590858,32.4191964148613,106.615091572015,74.8494379567312,50.3228066478905,12.8556853229544,9.10209984141311,63.187603257013,141.703238541033,41.4969318147528,124.533034618226,65.4274693682833,14.9748513404087,87.5212579558964,57.9708437904477,43.1969498268774,71.8120638205326,37.6065603726137,101.085772990777,59.0645291706867,66.9746622539986,41.8853236077495,60.9427940015292,18.620511938973,67.6743099572631,15.4439650952484,71.8921434837339,11.5013222355294,83.8914781692816,131.155739633615,37.4170601905357,11.7169815074206,60.108616017634,9.77514003576311,79.0242582547908,15.1112582717819,16.5190433763994,67.7398747787094,38.8094870430318,67.6024920161214,64.0702602675616,88.6517006038173,61.8639274959111,20.7110204621534,72.4484612125807,76.9218207084385,13.2088262943015,15.1532391873878,47.9966044787146,132.292350786134,110.176378049785,70.2065725776157,87.5320735566199,60.8643519640544,93.1207355788513,122.173253151805,45.9746874793894,68.1207911931475,15.8840210618684,81.961104603192,127.205576752602,138.866195625935,136.596011408811,71.1183650597779,49.6979820003567,89.864650734597,68.9005317641953,25.0066002006243,9.65338229309817,17.6782051373708,50.0303739242671,67.6127612530705,69.1820471380704,54.8339678476998,19.768327640656,136.180051434331,33.0308371806267,78.9973049658704,130.721305082429,71.2427952638382,118.363503163058,53.9029345238763,40.2631870101946,41.4011562823031,80.3771241023124,14.86917224355,29.5923955741178,22.8814896882139,59.4684161559276,25.0066002006243,75.0731291223006,97.6025357903445,92.2203656908934,55.0430788565813,104.312159493675,10.6845504465775,23.2746810836008,61.2483039546913,63.4650728114002
"SW_PR_5.PR_Jap_6",98.7179350406147,55.4305443136891,46.6972679270425,84.5297641290718,109.587389585866,53.929312606695,70.2375533050367,39.2838325872616,48.3346671631589,62.9107554199932,56.9213189611051,14.039997824241,22.6093153283958,16.9387993544191,14.039997824241,92.6722116530303,115.015739122506,83.4143380116267,112.022108118878,54.2244873462712,44.1509025152494,55.7371639859736,66.434636471258,106.464851329097,114.291753704355,102.121597313652,43.3922697030958,58.391334728145,100.168626289951,45.5744359354185,17.1280591415111,50.9830850865179,10.2794118744861,25.0066002006243,78.9948536053199,50.3007056894834,73.0034715620489,64.8217990685749,97.9564754529623,41.3906957002364,53.9131408151776,87.461009097476,93.370920046528,74.564757754158,75.4665958263756,76.6715867903706,69.5262177797309,114.003348322488,85.6434671773958,17.7760294519102,18.620511938973,36.3283118276261,62.7036191051169,12.6340941041132,14.8027728255367,25.0066002006243,50.2544533848334,65.3301440308562,25.0066002006243,13.4591479174588,75.8515104845981,31.5909311414883,53.1885174528,71.4068363142847,62.5405681688972,56.8774785239468,18.9247530898562,21.9568248396664,16.5838754221431,101.865534283824,88.9345391205546,12.3757728899735,67.2306347935873,18.620511938973,91.3932254539938,121.746753163184,85.2263580293748,74.5856805559852,105.650948167057,62.6935177024749,85.9244972427892,49.3081809256144,36.4114870016945,74.5597420588111,18.9247530898562,48.2809305235069,129.055222772809,75.9135095157385,13.6329544639431,36.2702167221684,15.9128681255095,55.1435606287953,56.3927236013574,41.1048929426083,35.7522424693356,25.0066002006243,25.0066002006243,86.5054983123411,18.620511938973,70.0340006800232,13.9810075782954,13.4825479590858,49.3484841367852,101.906335289309,85.4982578805946,38.1172826472139,55.2162046224904,34.7820978117182,68.5489067027812,141.091083121053,13.4591479174588,25.0066002006243,68.7349852322878,54.8264571200178,95.3493298044525,45.3233172049012,65.7543748466254,71.8120638205326,57.2446868897789,103.367093873424,47.7844010840685,101.948796494317,31.7262653869394,69.6131174761629,18.620511938973,17.7760294519102,15.4439650952484,70.0031519343023,43.9503105799999,86.8969117397004,128.603578801958,9.4005001915076,44.7744151294572,49.7625916776175,9.77514003576311,65.4224328672962,15.1112582717819,16.5190433763994,43.6810695567437,59.0757812498363,78.3415826686475,12.8654969998328,93.5926448599723,48.3670449851241,75.8279230603083,74.2627069662781,69.0828007958577,56.7329735573733,57.9054785997885,52.0689912715836,127.357764324713,114.182828804929,71.0332090792506,72.4658646909352,16.6055213492381,96.757941586731,130.017473894739,48.9790314056517,68.1207911931475,60.6980349417399,64.0796113960767,123.696466544648,133.686400688338,142.281833887062,55.6024375003043,52.2103344642726,90.9227482570443,53.8684699505712,68.7152694946312,9.65338229309817,17.6782051373708,41.4190383012885,15.4672306471534,16.1875565105763,52.3124175264442,19.768327640656,133.857007834578,12.8556853229544,61.7624253364832,26.249223139237,69.8564810078393,107.639770951405,13.5423398774308,9.52568087664959,37.1820090297831,73.094957456496,54.4395410605058,39.3384366926641,22.8814896882139,38.5968347626565,99.835021261505,73.6122803619557,97.6991383026522,95.5241837779277,57.1930083633111,102.271899832746,10.6845504465775,23.2746810836008,66.4450629091987,60.179827238364
"SW_PR_6.PR_Jap_6",93.1073793387344,52.280193201406,44.0432656657258,79.7255818908814,103.359077038179,54.1176731246082,70.4080142551895,16.0503374026675,56.0688964981523,61.1276194284446,59.0938164422611,42.7684416437668,10.220571643253,59.041192436319,48.9372473220928,107.501074247369,119.405507457068,82.804884125657,111.203636010425,53.8283045638424,10.2794118744861,15.4439650952484,68.9634292798764,103.747255668744,121.685128028263,100.933908103901,14.8027728255367,60.6139642959314,25.0066002006243,18.620511938973,59.7008686787934,52.9289399253297,10.2794118744861,87.1619920474454,78.0761318293108,50.1541150090279,62.4317546656895,61.5676805929173,96.8172272235855,16.9111460762959,13.4591479174588,87.7664867713887,83.848007170538,18.6147215478155,67.7697474206406,77.2010143205902,62.4352293415367,113.531654629971,88.9121935547219,17.7760294519102,64.9029016548842,44.6937757801731,65.0968077566011,12.6340941041132,14.8027728255367,108.411478722154,45.1289948269034,18.1494786460006,25.0066002006243,58.3496403495697,72.0436895783418,12.9072208664727,52.8189274802957,67.8221424508399,62.7058444214095,51.3664790014341,18.9247530898562,76.531818668192,16.5838754221431,96.751783633444,89.8696635574699,12.3757728899735,67.4083055071423,29.5018716333261,92.7257694996309,123.73993242378,76.3907747799087,66.8532371545747,105.93015242277,76.0354328268804,85.9786480151506,46.8328614365431,41.3541074437214,90.4269287585129,18.9247530898562,20.9237133304535,128.723989501405,74.344941920594,13.6329544639431,43.9889438056842,15.9128681255095,49.4267198312598,57.0482835176288,40.9030766090746,8.29964446837844,25.0066002006243,83.6699689081049,104.914881906909,18.620511938973,84.9380565878406,13.9810075782954,46.9942226676537,48.3288180249132,101.332978764453,76.6344862416852,46.8946999813116,12.8556853229544,43.594129321819,68.7883295128415,140.507312776078,13.4591479174588,25.0066002006243,69.0592703021071,52.0741147038445,95.8200728805061,45.392735317307,64.3957210011986,19.9502318289762,56.0618649991523,101.820575438157,55.4305800754734,99.8422731684285,39.0319979159568,62.396189416143,18.620511938973,17.7760294519102,51.6742007698043,19.3968648154184,55.0851053760515,90.4723721512916,129.95581327016,30.2253997008801,56.1179965057993,60.3526542369403,9.77514003576311,79.3450931124897,52.6711893158135,16.5190433763994,15.4439650952484,57.8551242585121,70.6862700821449,12.8654969998328,93.8572451596887,48.4411249327664,72.0212862660988,71.6139517108987,25.0066002006243,13.2088262943015,72.5758100096695,52.2508541897087,131.416028999171,114.45994144017,73.744310484131,87.8874497535477,16.6055213492381,99.6730598031365,129.123285461281,45.539226482254,18.9247530898562,76.0758594594897,64.1777570292991,119.401926086356,137.946327833304,142.159440262268,55.6875993219553,52.4566578161991,94.392967239552,53.9509759923345,25.0066002006243,32.2994005519154,17.6782051373708,50.233494943725,50.2263963023555,54.0865302055918,53.7873018042234,19.768327640656,133.679551907627,12.8556853229544,61.8570219205127,26.249223139237,70.591004434995,122.251163566454,43.5426442574082,17.8394116557417,13.4591479174588,83.0171183096564,51.7066222135003,9.13215552201955,75.1282865002459,53.543478605575,47.7519129274117,74.3862950800195,97.0202582817714,99.4546219328604,58.9161163356058,99.3731156058145,10.6845504465775,23.2746810836008,66.6771375613202,60.8794118653541
"SW_PR_7.PR_Jap_6",70.6278526052014,39.6578424376749,33.4096104710844,60.476910494575,78.4044155286973,53.0422802121762,69.041685534984,71.0919596970229,58.5694699496105,63.650616451699,59.7310644834893,14.039997824241,27.1789689712067,16.9387993544191,14.039997824241,112.295431708552,120.693136693423,18.620511938973,25.0066002006243,12.1044863279404,10.2794118744861,15.4439650952484,58.3008083393905,105.648044486416,48.7325444618675,105.768745943374,14.8027728255367,51.2422765516235,83.8636592321802,82.4760658354384,17.1280591415111,53.4997079907949,10.2794118744861,25.0066002006243,81.8160587143319,47.5839152162642,15.5121275944086,15.9128681255095,101.454871821787,74.9047502943262,45.1374191393316,86.0224454559818,25.0066002006243,62.4274652317168,20.2114640124771,76.2222095841892,18.620511938973,113.418182778974,89.8709930467028,17.7760294519102,18.620511938973,39.8345832997795,65.7987900574673,12.6340941041132,14.8027728255367,25.0066002006243,13.4591479174588,18.1494786460006,25.0066002006243,13.4591479174588,18.620511938973,57.1701144106385,52.0545540798777,17.5294050127639,64.9352407570268,58.9805540043206,18.9247530898562,21.9568248396664,16.5838754221431,25.0066002006243,89.3349132981197,12.3757728899735,69.8048896002909,18.620511938973,95.120065069346,123.729378654165,67.2647972133855,58.866655734503,109.696313229976,64.3162318394463,84.2160176229356,12.1044863279404,41.7065704080896,76.4895930533263,18.9247530898562,20.9237133304535,123.220271682457,71.5305816501679,31.2946875116763,37.2090090500355,15.9128681255095,43.5219867313994,12.6340941041132,42.0678634849769,8.29964446837844,25.0066002006243,25.0066002006243,88.7445447110991,56.4620796167952,71.8467106241591,32.0936495767171,13.4825479590858,46.4993094954529,100.767570415692,67.4793938332287,41.7962188272403,12.8556853229544,37.9532215044304,67.4214103948333,140.36687947656,13.4591479174588,75.826306822308,64.5560778905525,13.4591479174588,95.1701571730533,63.8964634956234,61.9579928371927,19.9502318289762,53.9396185965912,106.937352189352,57.9026857453295,96.0627002794703,34.7883647151993,54.9420665002694,18.620511938973,17.7760294519102,15.4439650952484,19.3968648154184,47.9573107309611,74.4446856511948,129.182538929305,9.4005001915076,48.8565498360223,51.0506109811573,33.7256317246729,67.1157802910703,15.1112582717819,16.5190433763994,15.4439650952484,55.6649932429061,75.9533576517818,39.0114255878113,92.7133308546412,68.1874874760702,18.6147215478155,70.9101228961565,65.0628553281707,13.2088262943015,63.1847874016793,51.2125575479675,134.133087991499,112.238746779916,74.539544575225,74.3415192624317,16.6055213492381,98.4389997180613,129.212476688677,46.3443928222973,18.9247530898562,66.2319443035835,90.3389425772301,123.313491125426,140.798402373621,136.724071917175,78.3878881138401,49.036082672847,95.4108695701266,75.9433540179965,25.0066002006243,9.65338229309817,17.6782051373708,42.491099041447,49.5192032980151,16.1875565105763,55.5246554592945,45.3785448912759,130.051237746819,12.8556853229544,87.0721915183872,79.5942523827497,70.1709677236606,123.293115869903,13.5423398774308,9.52568087664959,35.018378618786,83.7246770365021,13.364165298662,9.13215552201955,84.5310665229872,32.6363909708371,25.0066002006243,73.9436753014252,95.616221731428,81.8356796699126,58.1866712109049,103.474667035581,10.6845504465775,116.14019591093,65.3521707433716,13.4825479590858
"Zo_NP_1.NP_Jap_2",25.4016729612892,14.147792954017,12.0204085078925,22.0208415169758,26.1659943965067,59.8096018023003,74.5936422675991,15.043808715694,54.2762932297649,65.4026307915025,57.2513148831577,14.2202214020685,9.33256896687038,18.1636290976357,14.2202214020685,105.649452078291,132.664398136475,43.6064458102569,59.5788331466064,32.8504625083466,10.2422581954503,16.0073989787985,74.0183317135447,109.847206663333,120.917368337749,101.833536050906,13.9654437761626,65.1045429966447,71.4696517889331,18.5917819630783,17.1417421162941,57.2368580502059,10.2422581954503,25.4016729612892,76.1462098819204,53.4303438837723,74.3049424295852,16.5327609226718,91.0378544421001,15.397157442577,35.7796329092213,90.250166026448,25.4016729612892,57.3446021811921,20.2538640855392,55.9638159005821,18.5917819630783,127.984179591073,97.0986268571806,17.0454275336073,18.5917819630783,13.5515675718258,75.581481898065,11.6272498588817,13.9654437761626,25.4016729612892,12.7167617455183,70.9964617288034,25.4016729612892,12.7167617455183,18.5917819630783,13.5599560272249,55.1010201672843,16.8130373994886,57.6470555352983,72.3372214220287,18.87926437745,20.1885314630717,14.9288284412073,25.4016729612892,95.6559029033392,10.9620907922087,68.2445185657359,18.5917819630783,101.195021909489,131.240743747064,20.5133647743868,18.595049609541,104.853929123854,16.5327609226718,85.1476976138205,14.0059256147356,33.2217579016071,18.87926437745,18.87926437745,19.8790944622754,127.948738813233,18.5917819630783,14.471825991546,9.75237678387319,16.5327609226718,12.316504917488,43.4385869594413,44.6706253048951,7.19204319350084,25.4016729612892,25.4016729612892,20.1885314630717,18.5917819630783,17.0454275336073,15.0466613621168,14.3857622656479,14.0059256147356,117.262159094185,20.2925039447806,12.531988236924,11.9191938474007,8.59014717640174,60.9375100738963,148.811272329988,12.7167617455183,25.4016729612892,60.911321698622,12.7167617455183,106.850136512659,51.6900612187242,14.5497500614987,93.1285833088493,14.147792954017,98.0398509925258,48.8194784956186,25.4016729612892,10.8523907128477,17.1805158927482,18.5917819630783,17.0454275336073,16.0073989787985,17.1370320942676,11.4713579950237,18.1636290976357,134.10940066688,42.1393076965103,12.8252382170091,12.531988236924,9.71904575098326,18.595049609541,15.8560876557403,15.2925301255628,60.0524286913218,14.7530778685003,66.9906848417924,12.2631176466116,98.0731394846504,63.9532943055609,20.3813617982036,86.2977953398443,25.4016729612892,14.215378565582,16.3511595379491,57.1923622233435,140.019194607496,128.593781845025,83.6012633691097,20.266277891859,18.595049609541,96.7183066375449,123.400599261794,54.6709280478303,82.641080161424,15.6038651001686,74.0589464999942,128.238192497038,136.214749221867,144.583933604794,63.9581133328109,57.1677833548779,99.5474516056256,67.6227537119408,25.4016729612892,8.78424695280331,18.3415153161778,10.8523907128477,16.087291466173,47.3948346139987,53.0098914498121,19.0606662023564,138.286294613641,11.9191938474007,78.7638327641125,24.7114870353114,62.9194368497179,101.852467739594,53.3426438991328,11.5914132892342,12.7167617455183,67.8837787918169,8.97245349579106,10.4493434670756,23.3236714488993,45.1448941118752,88.3148517513014,79.3505487846816,108.030207013288,18.5917819630783,65.5235479532331,112.749175136423,11.2535924654647,21.8523234208932,65.7444335361568,53.7441951225341
"Zo_NP_4.NP_Jap_2",28.6247199025989,15.9429109714885,13.5455970627447,24.8149175608851,29.4860209291886,60.3385350935306,74.0032563872914,15.043808715694,50.8477236589485,67.0900578018291,54.9958342045217,14.2202214020685,9.33256896687038,18.1636290976357,14.2202214020685,98.975700519104,127.437933253522,67.5486864826212,92.2907576263391,50.8871005548326,10.2422581954503,16.0073989787985,58.3336129696029,112.314823974212,80.8129316151667,111.44219721252,13.9654437761626,51.3086842922478,25.4016729612892,18.5917819630783,17.1417421162941,54.9819469149501,10.2422581954503,25.4016729612892,83.3311035610593,54.6404339171934,72.2133340945822,16.5327609226718,99.6278723295002,15.397157442577,12.7167617455183,91.0483040496411,25.4016729612892,20.3813617982036,20.2538640855392,15.2925301255628,18.5917819630783,127.756493215154,93.2733159932221,17.0454275336073,18.5917819630783,13.5515675718258,72.603863437569,11.6272498588817,13.9654437761626,99.5071867735492,12.7167617455183,78.176265174524,25.4016729612892,49.8159781875168,18.5917819630783,13.5599560272249,55.4246889934981,16.8130373994886,53.9158288625699,78.0220928442886,18.87926437745,20.1885314630717,14.9288284412073,25.4016729612892,96.1667042650788,46.0182062135129,63.8273672372685,18.5917819630783,100.370266832849,130.057750947232,20.5133647743868,18.595049609541,98.0672203586904,74.2372867930794,84.8976468216898,14.0059256147356,8.28539796967235,84.7738239599865,18.87926437745,19.8790944622754,124.278369744081,57.8449283774946,33.7440174777661,43.7912333944017,16.5327609226718,12.316504917488,11.6272498588817,48.7774042103511,7.19204319350084,25.4016729612892,25.4016729612892,90.6528442021984,18.5917819630783,76.5393208213502,35.0843635268901,14.3857622656479,43.5768752911276,114.388168211573,20.2925039447806,12.531988236924,11.9191938474007,8.59014717640174,61.4764181553998,148.546534145933,12.7167617455183,25.4016729612892,62.5531429957139,12.7167617455183,105.833041172704,33.3602964887998,45.2688855694007,102.546586784714,44.0182695639379,96.4188092640551,45.735609489962,79.0326584096316,10.8523907128477,17.1805158927482,18.5917819630783,17.0454275336073,16.0073989787985,17.1370320942676,11.4713579950237,78.0581654239989,134.825543240454,34.4066860523934,12.8252382170091,56.2725614423071,9.71904575098326,83.4976104264593,15.8560876557403,15.2925301255628,66.2829658485742,45.9015028438783,76.1216209381582,12.2631176466116,96.896320759214,41.2748758497532,20.3813617982036,85.0899641450569,25.4016729612892,14.215378565582,16.3511595379491,57.6981496466409,136.421523316455,127.576001364159,80.307696494298,91.0019500749571,18.595049609541,103.439673168126,123.673893001443,54.5233923531649,90.9984925965335,15.6038651001686,47.7969720800604,132.477219140117,132.714829842488,145.959570828474,41.2779860062139,58.7087002419547,95.6256665049311,43.6431116549395,25.4016729612892,8.78424695280331,18.3415153161778,48.7306412708973,16.087291466173,15.9208044542204,51.3998985731206,44.4438354804645,137.742275061215,11.9191938474007,50.8334629840451,24.7114870353114,63.2554258796391,25.4016729612892,43.554194460439,11.5914132892342,12.7167617455183,16.9299928270261,8.97245349579106,10.4493434670756,23.3236714488993,53.6465147541406,25.4016729612892,79.7742797531192,108.664787102613,79.8981516413915,70.0770580123807,115.658171322276,47.2419129283866,21.8523234208932,66.3258522141359,14.3857622656479
"Zo_NP_10.NP_Jap_2",25.4016729612892,14.147792954017,12.0204085078925,22.0208415169758,26.1659943965067,58.0789047081257,71.7644562224736,15.043808715694,52.5963335330671,66.2414642996693,54.5007916010142,14.2202214020685,9.33256896687038,18.1636290976357,14.2202214020685,102.379390493238,126.290806254251,18.5917819630783,25.4016729612892,14.0059256147356,10.2422581954503,16.0073989787985,59.3983333260267,104.925609595139,66.5961601659884,94.3704446692768,13.9654437761626,52.2451838136429,84.1425708833993,18.5917819630783,17.1417421162941,54.4870293172741,10.2422581954503,25.4016729612892,70.56566986778,54.4986152752463,70.1944776418516,69.2239428544067,84.3659479834143,15.397157442577,42.1240375864311,87.6386171215239,88.9678425711543,67.5128832033634,70.937949408524,68.6975685022197,65.1166060333542,118.482232297196,92.433720306477,17.0454275336073,18.5917819630783,13.5515675718258,71.9503229267156,11.6272498588817,13.9654437761626,71.6853906319381,44.5396985747482,57.0034924996232,76.3198773982742,35.8876375855248,77.8452224763519,13.5599560272249,55.4004710792114,70.3974820415608,56.3078924544226,52.2311885070225,18.87926437745,20.1885314630717,14.9288284412073,106.358760385101,95.7593243921489,33.0303268336186,66.6591723778564,18.5917819630783,98.6632661971339,126.864215232338,98.9089242688292,89.659418327201,102.418132369561,77.7724094957179,85.2080909443857,58.6438888769006,34.8527042442185,88.8106884874543,18.87926437745,19.8790944622754,122.004878006813,72.1870999012439,55.3582380266219,45.8765383676368,16.5327609226718,59.3862716106698,42.8447503864163,46.1745684313964,22.925219208879,25.4016729612892,25.4016729612892,94.969663167999,68.6023721133852,80.1840646201674,57.5571224858995,14.3857622656479,54.3814010710842,111.043354979991,97.844003554469,12.531988236924,11.9191938474007,13.7672201595257,59.174174949885,137.763056285379,38.2077865028842,93.7303925064077,59.877136349708,53.2460605026765,101.944579375258,11.6272498588817,56.4929313023007,74.7735080154395,54.9322354028213,101.043124910996,47.3084181153665,98.6281523393955,10.8523907128477,82.8389863888647,18.5917819630783,17.0454275336073,16.0073989787985,17.1370320942676,18.3848667319783,98.5007100639727,134.254397404764,38.2963902640482,20.5546976676933,58.9522176916633,9.71904575098326,87.4737026435332,15.8560876557403,15.2925301255628,63.0987201254528,57.2824007972571,74.1367737785726,45.250044440806,97.212066779392,14.3857622656479,85.3383310272794,82.4334380514634,58.1720187259846,14.215378565582,26.2056060972831,55.5373996065365,139.915139152358,123.716479677895,79.5848102661087,95.3353931948685,18.595049609541,109.626564307175,120.093718157904,52.7841959533131,66.3530277204125,25.0079354593253,16.6589447746496,130.444327986961,136.113521045497,143.419260635845,14.386846265794,56.1971578237487,94.7648962376288,15.2111766752858,25.4016729612892,8.78424695280331,76.6545835750721,51.0511570617161,16.087291466173,59.8815959415265,55.637174387658,72.9116627848088,134.289436132993,11.9191938474007,17.7172698541855,91.1836548233078,62.9874642441239,106.852682064128,48.4780320357877,43.6669745168257,29.1224795910699,71.2163778996382,37.5683535836245,33.3081272075854,23.3236714488993,12.5119049584421,25.4016729612892,79.436341209865,108.617305834827,100.822567718923,74.2684781511776,114.195260484642,33.9086625200041,21.8523234208932,63.8420015411187,53.0094735101264
"Zo_NP_11.NP_Jap_2",25.4016729612892,14.147792954017,12.0204085078925,22.0208415169758,26.1659943965067,60.8370477740199,74.4911284455504,15.043808715694,13.0498419353073,69.1453504300626,57.4879100726543,14.2202214020685,9.33256896687038,18.1636290976357,14.2202214020685,25.4016729612892,133.212643333648,52.0815470621974,71.1582369252832,39.2350919079255,10.2422581954503,16.0073989787985,16.0073989787985,111.581981378531,28.3661230621909,96.0844328998306,13.9654437761626,14.0796796003567,25.4016729612892,18.5917819630783,17.1417421162941,57.4733934957972,10.2422581954503,25.4016729612892,71.8473076523469,55.3396472270248,17.4669893056848,16.5327609226718,85.8982311300059,15.397157442577,12.7167617455183,91.8005386545322,25.4016729612892,20.3813617982036,20.2538640855392,63.0910945619448,18.5917819630783,127.078017395147,97.4998939384348,17.0454275336073,18.5917819630783,13.5515675718258,75.8938278252913,11.6272498588817,13.9654437761626,25.4016729612892,12.7167617455183,66.9599590972867,25.4016729612892,12.7167617455183,18.5917819630783,13.5599560272249,56.1446370967559,16.8130373994886,13.9654437761626,71.9031701890883,18.87926437745,20.1885314630717,14.9288284412073,25.4016729612892,97.2059014260464,36.3556806528002,16.5327609226718,18.5917819630783,101.074780745025,132.713255303639,20.5133647743868,18.595049609541,25.4016729612892,16.5327609226718,86.0502309573943,14.0059256147356,36.9469795908359,18.87926437745,18.87926437745,19.8790944622754,126.487405508107,18.5917819630783,64.0068863338314,9.75237678387319,16.5327609226718,12.316504917488,53.2982234501764,46.0957832211272,7.19204319350084,25.4016729612892,25.4016729612892,20.1885314630717,18.5917819630783,17.0454275336073,66.5493037348065,14.3857622656479,14.0059256147356,115.027582099311,20.2925039447806,12.531988236924,11.9191938474007,8.59014717640174,61.9843319447224,147.757648751324,12.7167617455183,25.4016729612892,62.128570489234,12.7167617455183,108.879093688214,38.4128367853003,14.5497500614987,87.8337592790049,14.147792954017,100.111208317326,11.7378405897214,25.4016729612892,10.8523907128477,17.1805158927482,18.5917819630783,17.0454275336073,16.0073989787985,17.1370320942676,11.4713579950237,96.0111020737835,136.282495756734,37.3005224315164,12.8252382170091,12.531988236924,9.71904575098326,18.595049609541,15.8560876557403,15.2925301255628,16.0073989787985,14.7530778685003,71.0167463155242,12.2631176466116,98.923496692034,47.5261084649654,20.3813617982036,86.7806176635426,25.4016729612892,14.215378565582,16.3511595379491,58.1748476505787,137.097458138755,128.417055790794,83.9467516219006,20.266277891859,18.595049609541,106.978413895356,125.735452651272,55.2869214736046,77.9425229457532,15.6038651001686,55.0360002933226,125.788165380557,133.372398917699,146.748363561748,47.5296896661258,58.3102214634286,99.958838631838,50.2530223424924,25.4016729612892,8.78424695280331,18.3415153161778,10.8523907128477,16.087291466173,15.9208044542204,52.1524564585464,84.3026924020523,140.587167327297,11.9191938474007,58.5323789761072,24.7114870353114,63.9389770056995,113.273387217989,47.2173985307492,11.5914132892342,12.7167617455183,75.4957217194321,8.97245349579106,10.4493434670756,23.3236714488993,12.5119049584421,25.4016729612892,80.6363370074591,110.076306206935,98.2742747165537,72.4744412565236,119.201339933276,37.3224434668965,21.8523234208932,66.873831682344,65.9429857482535
"Zo_NP_13.NP_Jap_2",25.4016729612892,14.147792954017,12.0204085078925,22.0208415169758,26.1659943965067,59.3764886722295,72.7941998159875,15.043808715694,29.9513191364538,68.3227598811655,49.5046260238648,14.2202214020685,9.33256896687038,18.1636290976357,14.2202214020685,58.3005999026674,114.713547275389,77.8554835710218,106.372779964911,58.6516189658699,10.2422581954503,16.0073989787985,68.3464827472329,111.553176801751,28.3661230621909,84.1791395222844,13.9654437761626,60.115736489538,40.1930146467289,18.5917819630783,17.1417421162941,49.4921253483741,10.2422581954503,25.4016729612892,62.9451030998182,55.6933931464595,17.4669893056848,16.5327609226718,75.2550539643447,15.397157442577,20.1217058370725,89.5966165842308,100.592517988737,32.2493866653538,80.2068111998336,65.9032930472582,73.6248421280641,122.365829355315,83.9601888586424,17.0454275336073,18.5917819630783,55.5988070349795,65.3545338361117,42.8555619799239,13.9654437761626,25.4016729612892,50.3593242301004,42.6553502617922,25.4016729612892,12.7167617455183,18.5917819630783,13.5599560272249,55.3400221111408,16.8130373994886,53.9336957126767,71.0020752427486,18.87926437745,20.1885314630717,14.9288284412073,25.4016729612892,95.457660049758,10.9620907922087,63.8485186139087,59.2983816524487,99.2828766531012,128.783273056045,86.9295170672226,78.8002699789541,98.0997182793105,75.4888084831867,84.6805562507644,14.0059256147356,37.2398936509901,86.2029747819311,18.87926437745,19.8790944622754,117.868798475277,75.2776585580569,14.471825991546,44.5294834139964,16.5327609226718,52.1936715994125,55.582841638008,39.9316971150847,7.19204319350084,25.4016729612892,25.4016729612892,92.1811058842989,37.7436638559501,77.8296511161655,15.0466613621168,14.3857622656479,56.7096412979362,110.490419885945,85.9935747940804,51.4157194034115,11.9191938474007,8.59014717640174,60.4962291602719,142.278637986822,12.7167617455183,51.5686020594302,60.7498079237911,12.7167617455183,105.778587947088,49.7792483357134,58.9115728341523,55.9525396575058,57.2840585941468,98.6119632059712,26.9400818200246,102.850736297402,44.5247366338836,72.8058982984173,18.5917819630783,17.0454275336073,16.0073989787985,17.1370320942676,11.4713579950237,88.3214235496482,133.831464549261,42.3323776659764,12.8252382170091,57.221226651466,9.71904575098326,84.9052463333603,15.8560876557403,15.2925301255628,56.6511978820063,59.7348420216474,57.9927886396268,24.8956765520846,98.0739547387931,61.5891497139545,20.3813617982036,84.3510754555554,62.7545673994312,14.215378565582,16.3511595379491,56.7782019167664,134.120087514002,125.491679534012,72.2891567932865,92.5360971226303,18.595049609541,112.321645670271,119.950392923703,52.6460842548961,49.6515479005661,15.6038651001686,71.3212289245479,121.657756116122,130.475926086755,146.158739821978,61.5937905974931,57.0161960270894,86.0776625553979,65.1229611806323,25.4016729612892,8.78424695280331,18.3415153161778,49.5521617918905,35.6870874349599,15.9208044542204,53.9198394360099,19.0606662023564,136.773690764427,11.9191938474007,75.8521908969433,50.1674375212517,62.7890389513319,114.171413744782,53.5870442747399,32.2768707910274,31.4166269000393,76.0942485440334,8.97245349579106,10.4493434670756,23.3236714488993,49.499155330347,25.4016729612892,79.1860980947937,108.498790523956,90.4033351747692,76.0943092587717,117.783256214919,11.2535924654647,21.8523234208932,65.2683431336876,68.7696192614926
"Zo_NP_15.NP_Jap_2",25.4016729612892,14.147792954017,12.0204085078925,22.0208415169758,26.1659943965067,59.3403215767593,73.2127324539057,57.526062043229,44.4635775414907,66.0106531086467,54.1293754193318,14.2202214020685,9.33256896687038,18.1636290976357,14.2202214020685,86.5488839632657,125.430149965368,18.5917819630783,25.4016729612892,14.0059256147356,10.2422581954503,16.0073989787985,65.6792694654588,106.044920359429,85.4075676609007,98.798803938555,13.9654437761626,57.7697270920753,84.1742503787088,71.0931668246014,17.1417421162941,54.1157069238602,10.2422581954503,25.4016729612892,73.8769834824073,55.0330890915944,61.9801682758024,16.5327609226718,88.3248434731314,58.8772332239926,42.1398971951539,89.5420419628905,25.4016729612892,67.5383016573555,20.2538640855392,61.9717267413449,18.5917819630783,127.943998020085,91.8037958880161,17.0454275336073,18.5917819630783,53.5698714143444,71.4599903383764,11.6272498588817,13.9654437761626,27.0802125149012,12.7167617455183,16.2190640323607,25.4016729612892,13.5570838619491,18.5917819630783,51.8519536154321,54.9230890261186,16.8130373994886,57.9877478816054,73.2800949355047,18.87926437745,20.1885314630717,14.9288284412073,25.4016729612892,94.8017079369293,33.0467258458666,68.6478415964937,18.5917819630783,99.5374473599243,124.524372038125,81.1421476002406,73.5541085846204,105.473612658443,73.4443071953759,84.8977192546237,14.0059256147356,40.2333948817375,83.8682963508357,18.87926437745,19.8790944622754,122.765272753287,64.7980088006875,53.2280807746267,43.323469065449,16.5327609226718,48.7188557764909,50.7746876944699,44.5948199734727,7.19204319350084,25.4016729612892,25.4016729612892,89.6845187281477,18.5917819630783,75.7217516124621,55.3423532620605,14.3857622656479,48.8149061261444,114.941588973576,80.2685160808813,49.5394348188784,11.9191938474007,13.8586551777325,60.4593800143465,148.764551940624,12.7167617455183,25.4016729612892,60.8800738483006,12.7167617455183,106.114172821378,11.6272498588817,50.710299550904,21.2751230011856,49.3093569064701,97.2194222214919,39.9933108629216,88.5325479486892,42.8999207615026,67.9588147410265,18.5917819630783,17.0454275336073,16.0073989787985,17.1370320942676,18.5069698584548,89.3907999546097,132.911820888519,10.2883735576479,20.6912117303512,55.6714754508612,9.71904575098326,82.6057149331645,15.8560876557403,15.2925301255628,52.161451398936,51.4189587344984,68.2176846155222,12.2631176466116,98.0849229886901,14.3857622656479,20.3813617982036,83.5694234497729,25.4016729612892,14.215378565582,26.37965067875,56.7436174761019,133.371065534225,126.213198058907,79.0424495869217,90.0298955606021,18.595049609541,109.481491713659,122.549531932579,55.6332582743475,18.87926437745,25.1740257090303,16.6589447746496,126.399764331508,129.747255696792,144.000001919698,14.386846265794,57.1384559607636,94.1190851423372,15.2111766752858,25.4016729612892,8.78424695280331,18.3415153161778,48.2101157239637,16.087291466173,34.3542409240425,54.0441844196285,70.1060585464405,137.894199987884,11.9191938474007,17.7172698541855,24.7114870353114,62.3575743340226,123.348998159073,13.0236844643823,11.5914132892342,12.7167617455183,82.2110282750438,8.97245349579106,10.4493434670756,71.9529280441375,41.2320381296213,25.4016729612892,78.6419585430294,107.681357972819,91.4979189085943,74.1701961261045,113.79735949679,33.9254976114272,21.8523234208932,65.2285872227188,62.820752555447
"SW_NP_5.NP_Jap_2",25.4016729612892,14.147792954017,12.0204085078925,22.0208415169758,26.1659943965067,59.2695781510414,72.8427622367461,15.043808715694,54.5643947305377,65.1455568451831,52.2107228583615,14.2202214020685,9.33256896687038,18.1636290976357,14.2202214020685,106.210245085484,120.984192911742,31.3186232234424,42.7901653698181,23.5935591378266,10.2422581954503,16.0073989787985,62.8206457095886,105.743495907329,28.3661230621909,86.7652402003007,13.9654437761626,55.255358165935,106.942059625305,18.5917819630783,17.1417421162941,52.1975388520169,10.2422581954503,25.4016729612892,64.8788645367732,54.9382202868974,61.9412459654569,16.5327609226718,77.5669942762295,15.397157442577,53.5380758150267,89.4352931178233,25.4016729612892,85.8063487389206,20.2538640855392,70.2413935457249,18.5917819630783,124.142703621043,88.5497478462123,17.0454275336073,18.5917819630783,13.5515675718258,68.9270423335733,11.6272498588817,13.9654437761626,25.4016729612892,12.7167617455183,60.2753198651894,25.4016729612892,12.7167617455183,18.5917819630783,13.5599560272249,55.4642710205987,16.8130373994886,64.6864699104433,70.7589918077216,79.8127225387518,20.1885314630717,14.9288284412073,25.4016729612892,94.7653334442329,10.9620907922087,76.5780134954524,18.5917819630783,98.7359263104404,128.389086437852,38.6664037428142,35.0505001850271,117.657883274001,70.0386779162225,85.2350066977673,14.0059256147356,31.6889754789475,79.9793043165681,18.87926437745,19.8790944622754,120.829797700959,55.258516981421,51.3165851613496,41.3145499217052,69.8928005847942,23.2158379221423,52.1489617725969,45.3878629512437,7.19204319350084,107.38642330265,25.4016729612892,85.5258271354168,57.10043144237,72.2105167161457,53.3549311354433,14.3857622656479,41.6284291607647,111.995159066142,38.2500949557161,12.531988236924,11.9191938474007,34.741185574511,60.3873024868686,144.34466615607,12.7167617455183,78.0154634089439,61.8825340317446,12.7167617455183,108.731762827251,23.8188113797216,43.2447848434017,79.065280308969,42.0500874392644,101.265797758001,49.0786149285727,75.4988832956116,10.8523907128477,32.3841930041774,18.5917819630783,17.0454275336073,16.0073989787985,17.1370320942676,46.3936843819833,89.0840084002584,132.860823916382,10.2883735576479,51.8691905720134,53.0899764341334,34.9174608836087,78.7752690872611,15.8560876557403,15.2925301255628,45.2011939316553,43.8491159988719,74.7621510350114,37.6633778214836,98.4250291432881,29.469716581109,20.3813617982036,82.3355280796466,105.265042688158,14.215378565582,66.129096067976,56.6759697488699,130.25439795329,125.575397464267,76.2407361522023,85.855188765361,78.6111950873101,104.923869863814,121.431319748688,52.3532634121076,70.1614900156878,63.1068085321989,34.1264072062129,126.54292044037,126.715270731194,143.681230573685,29.4719371917718,58.0793061178586,90.7829700967527,31.1606056883258,25.4016729612892,8.78424695280331,60.1461448028488,45.974601659897,53.3271038806116,15.9208044542204,51.873646113229,67.5884508960149,135.183725229741,11.9191938474007,36.2944216338585,75.8957142516525,62.3336483396335,97.153207913605,13.0236844643823,11.5914132892342,52.6985159614144,64.7517632246703,8.97245349579106,10.4493434670756,23.3236714488993,43.0940372775955,25.4016729612892,78.6117843889039,108.742391012099,91.183895667096,71.0825536289072,112.305999150292,11.2535924654647,21.8523234208932,65.1508240156403,64.5210669389618
"Zo_NP_1.NP_Sim_2",25.6413825434868,14.2411146178315,11.8272922197624,21.6907640594056,26.393107814742,63.121333972699,77.1553636214023,15.946391582983,58.0084591501254,67.6487111651147,60.6235794649266,14.0788374085195,9.65352005265481,16.9961334732875,14.0788374085195,106.646440979601,133.916320696783,42.436729555651,60.1410645092083,30.1293547097512,11.4012213802455,15.4597415941713,71.4859599013349,107.163247870802,120.721437454442,100.986840246732,14.6620217832232,65.4982362366565,72.1440939958005,18.0930687760662,18.1117075945127,61.4914850634832,11.4012213802455,25.6413825434868,74.5181637627689,50.0440497984259,61.5727225077221,15.6625587709563,91.843855954077,16.7575746865427,36.9024858507193,92.8990052117882,25.6413825434868,54.2577260306713,20.3726048274413,57.4283339766639,18.0930687760662,125.967670225174,94.4940155428586,17.3733671724968,18.0930687760662,3.98276934679902,84.0539828289694,12.2642781631945,14.6620217832232,25.6413825434868,13.1158450275775,78.0815657511166,25.6413825434868,13.1158450275775,18.0930687760662,13.8958536272217,50.8866069151633,17.0198635472821,60.5224150083879,69.2750706311657,20.364638687905,20.8626060375383,15.126137091579,25.6413825434868,91.2602245398084,11.6077889844012,64.6524671729617,18.0930687760662,96.5448042563866,133.699574008854,18.9538030619163,17.3542212895287,105.843410863122,15.6625587709563,84.3011199699317,12.84577045993,33.9797902316853,20.364638687905,20.364638687905,20.2009653840618,132.987650553514,18.0930687760662,16.0940826092533,9.72654635789347,15.6625587709563,3.98276934679902,45.8184798600297,41.8395023275146,6.85384806395589,25.6413825434868,25.6413825434868,20.8626060375383,18.0930687760662,17.3733671724968,14.4106458247361,12.3733401637121,12.84577045993,115.414585098443,20.1547255798716,13.4014557401662,3.98276934679902,3.98276934679902,64.5269019916676,150.215569124568,13.1158450275775,25.6413825434868,64.4991710469245,13.1158450275775,106.339082910441,54.5220320155708,14.811468572391,93.0465939910652,14.2411146178315,100.895128045052,16.56494829631,25.6413825434868,10.1484494492239,16.4575963126959,18.0930687760662,17.3733671724968,15.4597415941713,19.249425529916,3.98276934679902,16.9961334732875,133.713735426454,41.9638570308262,12.913350809405,13.4014557401662,9.54227009086837,17.3542212895287,15.0109058889801,15.6927206136042,57.9978690416774,3.98276934679902,64.3882942787875,12.656479601724,93.5663817813455,55.0068776628055,19.2842273294489,82.644671027702,25.6413825434868,4.08972558531122,3.98276934679902,56.9542368583897,141.340522643258,140.814282274266,80.7410329651012,19.031210968677,17.3542212895287,91.7934925664967,125.651150947266,55.3935284622876,89.1430780680084,15.5079193133362,77.1517426041359,129.448346001183,135.766140890043,147.292752079652,67.2384603074881,56.9297603261767,102.446635471467,65.7262526669638,25.6413825434868,9.13949851790325,17.8666566201777,10.1484494492239,15.8621067182329,45.5536850478175,52.0457166950312,19.6157821298337,139.591269681858,3.98276934679902,76.8099431214641,24.6301024639699,66.6255698673819,102.813625397393,53.9703814943252,11.0087235836505,13.1158450275775,67.6530554984523,14.3353674660107,10.3077237879928,23.1297465836777,49.4196978800683,89.148258127622,73.0463097359838,99.1788664527708,18.0930687760662,60.3318929469137,123.463933839232,9.9539635018888,22.5234581411783,63.9359382671982,46.225927816421
"Zo_NP_4.NP_Sim_2",28.8948446167795,16.048073591746,13.3279775514322,24.4429588011802,29.741951237126,63.6795549592789,76.5447024995245,15.946391582983,54.3441330501441,69.3940883930996,58.2352445868203,14.0788374085195,9.65352005265481,16.9961334732875,14.0788374085195,99.9097108047772,128.640534900386,65.7367342565717,93.1616836864071,46.6719609313804,11.4012213802455,15.4597415941713,56.337858758872,109.570572495327,80.6819847603712,110.515610113153,14.6620217832232,51.6189526887374,25.6413825434868,18.0930687760662,18.1117075945127,59.0689580569966,11.4012213802455,25.6413825434868,81.5494406264554,51.1774470684273,59.8395131760814,15.6625587709563,100.509925363644,16.7575746865427,13.1158450275775,93.7205685577726,25.6413825434868,19.2842273294489,20.3726048274413,15.6927206136042,18.0930687760662,125.743571259129,90.7713163046209,17.3733671724968,18.0930687760662,3.98276934679902,80.7425805560251,12.2642781631945,14.6620217832232,100.44621256935,13.1158450275775,85.9778789078002,25.6413825434868,51.3793261900905,18.0930687760662,13.8958536272217,51.1855198623325,17.0198635472821,56.6050796461515,74.7192923135073,20.364638687905,20.8626060375383,15.126137091579,25.6413825434868,91.7475530323815,48.7288088825883,60.4678126796244,18.0930687760662,95.7579491726957,132.494417524082,18.9538030619163,17.3542212895287,98.9926575318754,70.3298059429654,84.0535552979943,12.84577045993,8.47444875823016,91.4436209283262,20.364638687905,20.2009653840618,129.172734019766,56.2932735312343,37.5266400502953,43.6752466726186,15.6625587709563,3.98276934679902,12.2642781631945,45.686002894736,6.85384806395589,25.6413825434868,25.6413825434868,93.679650658704,18.0930687760662,78.0118727524481,33.601363425725,12.3733401637121,39.9672647669842,112.585876605816,20.1547255798716,13.4014557401662,3.98276934679902,3.98276934679902,65.097553285354,149.948332668861,13.1158450275775,25.6413825434868,66.2377002680365,13.1158450275775,105.32685223659,35.1880247445405,46.0831748369757,102.456305966593,44.3086228485308,99.2268756853775,15.5185600061139,79.7784709219103,10.1484494492239,16.4575963126959,18.0930687760662,17.3733671724968,15.4597415941713,19.249425529916,3.98276934679902,73.0408549467099,134.427765152442,34.2634308281892,12.913350809405,60.1767434901429,9.54227009086837,77.9259017273148,15.0109058889801,15.6927206136042,64.0152422933582,12.3916582104497,73.1645204332456,12.656479601724,92.4436414394922,35.5009397259063,19.2842273294489,81.4879692677427,25.6413825434868,4.08972558531122,3.98276934679902,57.4579183918431,137.708900978816,139.699780267484,77.5601481208395,85.4561118562981,17.3542212895287,98.1726128190228,125.929428955145,55.2440427485184,98.1580312570794,15.5079193133362,49.7930346224704,133.727375336489,132.277748111147,148.694162232822,43.3950921786811,58.4642614720279,98.4106337242803,42.4191270888536,25.6413825434868,9.13949851790325,17.8666566201777,45.5697240038085,15.8621067182329,15.302328148672,50.4650073057158,45.7382016212626,139.042116345535,3.98276934679902,49.5724403377509,24.6301024639699,66.981349602683,25.6413825434868,44.066741332747,11.0087235836505,13.1158450275775,16.8724511908472,14.3353674660107,10.3077237879928,23.1297465836777,58.72634333571,25.6413825434868,73.436376144336,99.7614528947737,77.7549325610159,64.524612816376,126.649377211161,41.7861477116454,22.5234581411783,64.5013633032544,12.3733401637121
"Zo_NP_10.NP_Sim_2",25.6413825434868,14.2411146178315,11.8272922197624,21.6907640594056,26.393107814742,61.2948060240917,74.2290166643632,15.946391582983,56.2129814628925,68.5163521915207,57.7110425720105,14.0788374085195,9.65352005265481,16.9961334732875,14.0788374085195,103.345520596487,127.48258273483,18.0930687760662,25.6413825434868,12.84577045993,11.4012213802455,15.4597415941713,57.3661520876113,102.361902961272,66.4882497419894,93.5858008020587,14.6620217832232,52.5611153100311,84.9366044315924,18.0930687760662,18.1117075945127,58.5372514067389,11.4012213802455,25.6413825434868,69.0569386367481,51.044616570548,58.1665896250713,65.580339447578,85.1128799278314,16.7575746865427,43.4459935615441,90.2108074387415,89.8074110674598,63.8786456101743,71.3538317658957,70.4953163726132,63.3698928787574,116.61543491737,89.9542422589735,17.3733671724968,18.0930687760662,3.98276934679902,80.0157797379173,12.2642781631945,14.6620217832232,72.3618687152614,45.9374639370976,62.6921657681268,77.0400900375124,37.0138799795861,75.7570719659843,13.8958536272217,51.1631542603732,71.2634790460915,59.1164562305794,50.0201583893273,20.364638687905,20.8626060375383,15.126137091579,107.362442861205,91.3588934980697,34.9759066256739,63.1505657085835,18.0930687760662,94.129390384616,129.24105006766,91.3892134360203,83.676538595644,103.384628070738,73.6788574021617,84.3609128421765,53.7862299224079,35.6479504405822,95.7980960757845,20.364638687905,20.2009653840618,126.80970701773,70.2507250704502,61.5637623354247,45.7550284470531,15.6625587709563,19.2036477698981,45.1921084477482,43.2481289476305,21.8471948878906,25.6413825434868,25.6413825434868,98.1406038282601,66.7621554143513,81.7267383456804,55.1242090769405,12.3733401637121,49.8768174745679,109.293764006689,97.1796800750913,13.4014557401662,3.98276934679902,6.38308766031647,62.6597014351046,139.063093677198,39.4068408803211,94.6149040604762,63.4040692521569,54.917052930416,101.456988566142,12.2642781631945,57.5091168583333,74.7076782917105,55.2945793826561,103.985868223569,16.0522300567301,99.5588828950652,10.1484494492239,79.3532979714714,18.0930687760662,17.3733671724968,15.4597415941713,19.249425529916,6.38308766031647,92.1694231071255,133.858304378002,38.1369399186957,20.6959135786003,63.042313896505,9.54227009086837,81.6366734462172,15.0109058889801,15.6927206136042,60.9399384218796,15.4640673654603,71.256778732864,46.7015224795148,92.7448779740332,12.3733401637121,80.7445445372972,78.9438981913386,58.7209743135023,4.08972558531122,6.38308766031647,55.3061648221041,141.235485241391,135.47348123206,76.8619938295275,89.525466410492,17.3542212895287,104.044472713245,122.283959708041,53.4818589203527,71.5735215291932,24.8541654780228,17.3546435650469,131.675300270143,135.665246097565,146.10625865267,15.12473306645,55.9631760787058,97.524794695991,14.7845745202938,25.6413825434868,9.13949851790325,74.670009510639,47.7397193368526,15.8621067182329,57.5553725189129,54.625213081857,75.0351156002039,135.556693792678,3.98276934679902,17.2777586108998,90.8833514603193,66.6976042679713,107.861025562343,49.0485227543833,41.4718757924476,30.0364146768634,70.9743277730403,60.023287272195,32.8567030295162,23.1297465836777,13.6966665913098,25.6413825434868,73.1252861281944,99.7178619543607,98.1180639672278,68.3839323893931,125.047443302095,29.9926970127798,22.5234581411783,62.0858382959908,45.5939862989624
"Zo_NP_11.NP_Sim_2",25.6413825434868,14.2411146178315,11.8272922197624,21.6907640594056,26.393107814742,64.205670907999,77.0493292332703,15.946391582983,13.9471798417643,71.5199646106848,60.8741107811197,14.0788374085195,9.65352005265481,16.9961334732875,14.0788374085195,25.6413825434868,134.469739554264,50.6844913968777,71.829740383708,35.9851250454456,11.4012213802455,15.4597415941713,15.4597415941713,108.855635856365,28.3201594456818,95.2855380628487,14.6620217832232,14.1648207352922,25.6413825434868,18.0930687760662,18.1117075945127,61.7456030621826,11.4012213802455,25.6413825434868,70.3111743296737,51.8323458235812,14.4740046946872,15.6625587709563,86.6587291073716,16.7575746865427,13.1158450275775,94.4948812217492,25.6413825434868,19.2842273294489,20.3726048274413,64.742126517841,18.0930687760662,125.075785454481,94.884518879931,17.3733671724968,18.0930687760662,3.98276934679902,84.4013419775924,12.2642781631945,14.6620217832232,25.6413825434868,13.1158450275775,73.6422396501729,25.6413825434868,13.1158450275775,18.0930687760662,13.8958536272217,51.850402581719,17.0198635472821,14.6620217832232,68.8593934842089,20.364638687905,20.8626060375383,15.126137091579,25.6413825434868,92.7389959373412,38.497133202174,15.6625587709563,18.0930687760662,96.4300885374936,135.199673461327,18.9538030619163,17.3542212895287,25.6413825434868,15.6625587709563,85.1946799111358,12.84577045993,37.7900115914765,20.364638687905,20.364638687905,20.2009653840618,131.468766626038,18.0930687760662,71.1819031557966,9.72654635789347,15.6625587709563,3.98276934679902,56.2183014840564,43.1743369654066,6.85384806395589,25.6413825434868,25.6413825434868,20.8626060375383,18.0930687760662,17.3733671724968,63.7362949112164,12.3733401637121,12.84577045993,113.215215935141,20.1547255798716,13.4014557401662,3.98276934679902,3.98276934679902,65.6353846352744,149.152002749293,13.1158450275775,25.6413825434868,65.7881192385399,13.1158450275775,108.35833578512,40.5173812457855,14.811468572391,87.7564314624976,14.2411146178315,103.026810829114,3.98276934679902,25.6413825434868,10.1484494492239,16.4575963126959,18.0930687760662,17.3733671724968,15.4597415941713,19.249425529916,3.98276934679902,89.8398385582467,135.880419196991,37.1452184683353,12.913350809405,13.4014557401662,9.54227009086837,17.3542212895287,15.0109058889801,15.6927206136042,15.4597415941713,3.98276934679902,68.257955136373,12.656479601724,94.3776625003545,40.8776883584911,19.2842273294489,83.1070547067953,25.6413825434868,4.08972558531122,3.98276934679902,57.9326316222596,138.391214438227,140.620761622423,81.074701109379,19.031210968677,17.3542212895287,101.531163872414,128.028586854678,56.0176636394581,84.0748498712639,15.5079193133362,57.3343738908291,126.975198558046,132.933151554754,149.497733207879,49.9674393991786,58.0674417944879,102.870003584184,48.8436607865911,25.6413825434868,9.13949851790325,17.8666566201777,10.1484494492239,15.8621067182329,15.302328148672,51.2038772303707,86.7578934314797,141.913855187334,3.98276934679902,57.0803697857533,24.6301024639699,67.7051638258783,114.342321392739,47.7730540820747,11.0087235836505,13.1158450275775,75.2391269649847,14.3353674660107,10.3077237879928,23.1297465836777,13.6966665913098,25.6413825434868,74.2299447103397,101.057320676698,95.6381273670139,66.7320431792982,130.52925956454,33.0122350894509,22.5234581411783,65.0342689739949,56.7182314712896
"Zo_NP_13.NP_Sim_2",25.6413825434868,14.2411146178315,11.8272922197624,21.6907640594056,26.393107814742,62.6642388289873,75.2941240780668,15.946391582983,32.0108424734235,70.6691243650241,52.420588693276,14.0788374085195,9.65352005265481,16.9961334732875,14.0788374085195,58.85076888035,115.796071900114,75.7670578130617,107.376594740475,53.793319703638,11.4012213802455,15.4597415941713,66.0081605726316,108.827535078066,28.3201594456818,83.4792313486467,14.6620217832232,60.4792619515856,40.5723066233996,18.0930687760662,18.1117075945127,53.17105778151,11.4012213802455,25.6413825434868,61.5993036046082,52.1636721284744,14.4740046946872,15.6625587709563,75.921322821963,16.7575746865427,20.7531744897677,92.2262741165246,101.541785798619,30.5133930621257,80.6770333869305,67.6279174744502,71.6499007408498,120.437842304499,81.708008112817,17.3733671724968,18.0930687760662,16.3403402007813,72.6806186767353,45.2035123817631,14.6620217832232,25.6413825434868,51.9397237687733,46.9121482254349,25.6413825434868,13.1158450275775,18.0930687760662,13.8958536272217,51.1073287444881,17.0198635472821,56.6238376712929,67.9964433345359,20.364638687905,20.8626060375383,15.126137091579,25.6413825434868,91.0710915455853,11.6077889844012,60.4878507531962,57.7077388105049,94.7205278640868,131.196061950421,80.3205600290836,73.5420099222382,99.0254621276891,71.5154537676764,83.8386231415556,12.84577045993,38.0896091729601,92.9852138388099,20.364638687905,20.2009653840618,122.510739286564,73.2583813803851,16.0940826092533,44.4115413419527,15.6625587709563,16.8777877113398,58.6280882601492,37.4009166646949,6.85384806395589,25.6413825434868,25.6413825434868,95.2589394472051,36.7312131436679,79.3270279130579,14.4106458247361,12.3733401637121,52.0122021933222,108.749540917513,85.4097112078002,54.9829344639373,3.98276934679902,3.98276934679902,64.0596283825276,143.62128785557,13.1158450275775,52.0552427650648,64.3281436533506,13.1158450275775,105.27265945535,52.5065304137747,59.9712645162298,55.9032796946479,57.661915668775,101.483902247046,9.14104525895578,103.821314379567,41.6366357353906,69.7423808958091,18.0930687760662,17.3733671724968,15.4597415941713,19.249425529916,3.98276934679902,82.6444261293567,133.43661930848,42.1561231367142,12.913350809405,61.1912269521781,9.54227009086837,79.2396075542093,15.0109058889801,15.6927206136042,54.7130037438363,16.1261331269502,55.7399398109498,25.6942509672196,93.5671595720919,52.9734528996285,19.2842273294489,80.7803589234754,63.3467674153607,4.08972558531122,3.98276934679902,56.541800944202,135.385747070807,137.417381551701,69.8159448368187,86.8967649588084,17.3542212895287,106.602322821152,122.138020541255,53.3419217623344,53.5580101573222,15.5079193133362,74.2996944494451,122.805811597906,130.046217939294,148.897062710425,64.7528738492771,56.7788041453866,88.5845571716317,63.2965675904338,25.6413825434868,9.13949851790325,17.8666566201777,46.3379565250473,35.1875510272521,15.302328148672,52.9391140177121,19.6157821298337,138.064391747734,3.98276934679902,73.9705301782529,50.0022165698724,66.4874911634954,115.248822383551,54.2176579797918,30.6543421252733,32.4025579747419,75.8356195174433,14.3353674660107,10.3077237879928,23.1297465836777,54.1862673480244,25.6413825434868,72.894924317561,99.6090570699269,87.9783209673595,70.065096648098,128.976412777236,9.9539635018888,22.5234581411783,63.4729441406288,59.1494476509824
"Zo_NP_15.NP_Sim_2",25.6413825434868,14.2411146178315,11.8272922197624,21.6907640594056,26.393107814742,62.6260691163793,75.7270301124732,60.9774511830455,47.5209979901416,68.2776144006062,57.3177489253801,14.0788374085195,9.65352005265481,16.9961334732875,14.0788374085195,87.3656253190859,126.613804636027,18.0930687760662,25.6413825434868,12.84577045993,11.4012213802455,15.4597415941713,63.4322000329222,103.453864973976,85.2691757954232,97.977340440417,14.6620217832232,58.1190660166208,84.9685828788095,69.1861360799267,18.1117075945127,58.1383272486673,11.4012213802455,25.6413825434868,72.2974546202399,51.5452166479022,51.3598096902422,15.6625587709563,89.1068254060398,64.0793365117997,43.4623508838223,92.1700977319754,25.6413825434868,63.9026957816005,20.3726048274413,63.5934659411866,18.0930687760662,125.928121752078,89.3412151779991,17.3733671724968,18.0930687760662,15.7440414660656,79.4704820548641,12.2642781631945,14.6620217832232,27.3357620780211,13.1158450275775,17.8376482972046,25.6413825434868,13.9825385202221,18.0930687760662,53.1363933834962,50.7222848751906,17.0198635472821,60.8801006417982,70.1780307941119,20.364638687905,20.8626060375383,15.126137091579,25.6413825434868,90.4452824184203,34.9932715861851,65.0345612891514,18.0930687760662,94.963400276147,126.85736928849,74.9731846798826,68.6459194212946,106.468942204719,69.5785648398433,84.0536270107666,12.84577045993,41.1514141557171,90.4668486233467,20.364638687905,20.2009653840618,127.600047835191,63.0598418221158,59.1948196184284,43.2087212777374,15.6625587709563,15.7541418363112,53.5565074365921,41.7685013661706,6.85384806395589,25.6413825434868,25.6413825434868,92.678993779912,18.0930687760662,77.1785742020342,53.0030571416265,12.3733401637121,44.771412926808,113.130577710801,79.7235234604838,52.9764735305086,3.98276934679902,6.42548094884343,64.0206087175508,150.168407845936,13.1158450275775,25.6413825434868,64.4660826097256,13.1158450275775,105.60663926048,12.2642781631945,51.622468078148,21.2563926312105,49.6346112583742,100.050805404133,13.5701393594773,89.3680086725562,40.1172136853132,65.0992523087848,18.0930687760662,17.3733671724968,15.4597415941713,19.249425529916,6.42548094884343,83.6450666959643,132.519688888035,10.2455370212127,20.8333655269922,59.533954240895,9.54227009086837,77.0935214926404,15.0109058889801,15.6927206136042,50.3768639035325,13.8811612408917,65.5676287295025,12.656479601724,93.5776237976966,12.3733401637121,19.2842273294489,80.0317955028035,25.6413825434868,4.08972558531122,6.42548094884343,56.5073604988586,134.629656747693,138.207467291252,76.3381888089757,84.5432962601409,17.3542212895287,103.90678709304,124.784562048273,56.3685780671903,20.364638687905,25.019234464112,17.3546435650469,127.592569023701,129.319947345314,146.697880279031,15.12473306645,56.9005550392137,96.8601752326533,14.7845745202938,25.6413825434868,9.13949851790325,17.8666566201777,45.0829623915648,15.8621067182329,33.0196799684251,53.061197342406,72.1478019618398,139.195474951818,3.98276934679902,17.2777586108998,24.6301024639699,66.0306120583231,124.513013492168,13.1769475156415,11.0087235836505,13.1158450275775,81.9316095459734,14.3353674660107,10.3077237879928,71.354674810129,45.1363306400876,25.6413825434868,72.394015541925,98.8585999888491,89.0435431615843,68.2934375856082,124.611729061354,30.0075878919449,22.5234581411783,63.4342818336814,54.0327670063805
"SW_NP_5.NP_Sim_2",25.6413825434868,14.2411146178315,11.8272922197624,21.6907640594056,26.393107814742,62.551408539038,75.3443542467254,15.946391582983,58.316371189511,67.382808694034,55.2860822949638,14.0788374085195,9.65352005265481,16.9961334732875,14.0788374085195,107.212526057818,122.125892136812,30.4785202988485,43.1939660438366,21.6392299483897,11.4012213802455,15.4597415941713,60.6713777007465,103.159805395623,28.3201594456818,86.0438298705153,14.6620217832232,55.5894924672153,107.951246558433,18.0930687760662,18.1117075945127,56.0775746609634,11.4012213802455,25.6413825434868,63.4917202023691,51.4563604130088,51.3275567534133,15.6625587709563,78.2537318432479,16.7575746865427,55.2182324019756,92.0602158120758,25.6413825434868,81.1873687231813,20.3726048274413,72.079541800655,18.0930687760662,122.186720269353,86.1744549858938,17.3733671724968,18.0930687760662,3.98276934679902,76.6535967179302,12.2642781631945,14.6620217832232,25.6413825434868,13.1158450275775,66.2905057043707,25.6413825434868,13.1158450275775,18.0930687760662,13.8958536272217,51.2220744496679,17.0198635472821,67.9129461339138,67.7636500118216,86.0921921905533,20.8626060375383,15.126137091579,25.6413825434868,90.4105794437973,11.6077889844012,72.5473284556383,18.0930687760662,94.1987115457171,130.794490141029,35.7267279022366,32.7116167631801,118.768192901435,66.3521909155896,84.3875609867357,12.84577045993,32.412033782823,86.2718802149061,20.364638687905,20.2009653840618,125.588349382347,53.7762410399275,57.0690499798715,41.2051230150866,66.2139918399765,7.5072699808917,55.006074597458,42.5112830775928,6.85384806395589,108.399803590744,25.6413825434868,88.3814476959153,55.5687472713238,73.5997861099013,51.0996424450592,12.3733401637121,38.1802145974582,110.230571537326,37.9903913944921,13.4014557401662,3.98276934679902,16.1075388041928,63.9442856195816,145.706812644195,13.1158450275775,78.7516768924894,65.5275905369315,13.1158450275775,108.211709593048,25.1237852306432,44.0226649200514,78.9956721590046,42.327458202049,104.215026113787,16.6528759380188,76.2113484076047,10.1484494492239,31.0215350168935,18.0930687760662,17.3733671724968,15.4597415941713,19.249425529916,16.1075388041928,83.3579946478508,132.46884237313,10.2455370212127,52.225544876662,56.7733512015442,34.2823617848508,73.5186773140448,15.0109058889801,15.6927206136042,43.6547360915388,11.8375919005634,71.8578619270116,38.871499635441,93.902101044724,25.3472023972605,19.2842273294489,78.8501329059189,106.258404008936,4.08972558531122,16.1075388041928,56.4399944288113,131.483577911648,137.50905534878,73.6323297384891,80.6230043260943,73.3655518014596,99.5812354788816,123.64595616832,53.0452306274196,75.68162431589,62.7187743906425,35.5515695160189,127.737076062918,126.297947889548,146.373136667015,30.9835230558174,57.8374878850049,93.4269003827871,30.2866968631726,25.6413825434868,9.13949851790325,58.5889713960626,42.9924551409041,52.5806481785448,15.302328148672,50.9301380498675,69.5568724195636,136.459422084201,3.98276934679902,35.3940681082918,75.6457600436274,66.0052767551063,98.0700197674392,13.1769475156415,11.0087235836505,54.3523250938329,64.5316850214787,14.3353674660107,10.3077237879928,23.1297465836777,47.1746438791838,25.6413825434868,72.3662386627221,99.832698410153,88.7379434015938,65.4504395731653,122.978642034972,9.9539635018888,22.5234581411783,63.3586577338176,55.495224668615
"Zo_PR_1.PR_Sim_1",117.590091140107,59.4210334409964,52.3657302781591,92.1158093487107,119.08132731953,54.4466901626618,63.3716477195469,56.4924856873887,68.9513119895896,59.3916638961108,44.452931681772,40.3027268963808,42.6841922932777,48.9310270216822,41.2537732789484,126.486449202779,101.673278404556,89.4163464866427,125.42292561784,61.8247935835261,20.992485536455,52.4069209561213,77.340995727093,92.6738018334787,118.964517581593,102.807873243013,15.9025359743293,61.5071546088977,113.494524937067,65.6643993237509,49.012682018653,46.0434668133302,25.3888348810384,73.2129419983222,82.9777253036748,51.1172345661043,69.8195235738219,16.037490187638,95.5399651770823,56.9373696065155,60.0192117235507,84.1720355306261,104.215329351042,84.5544989979671,83.1184328598503,69.5715332471103,74.297054964782,107.550028855612,72.4847793612744,65.598422061964,52.1948739178295,17.2360989397126,58.9216481966863,12.2642781631945,15.9025359743293,106.972790631986,55.1121027259082,18.0325083908579,108.497539178919,56.5703285965592,18.5353894759078,49.2281471996201,49.280568535067,16.1781764499542,73.6766145531413,53.1270904344608,82.0939641914645,59.2931162149168,41.18170848255,25.9993040073691,88.8906128792125,11.3672471562736,74.3018588269048,64.4470847242477,93.2825254353483,122.590958999649,96.0495196960336,84.2369172555597,120.455045855142,79.9286330027853,87.1047732303562,12.8158516128754,37.1826890344303,95.859634674659,19.2340077983297,20.7309806869158,116.303180511608,73.3809417906267,34.3699114873781,48.8124483760008,68.4506920756915,19.555243296586,56.5239650999954,41.5291082200597,35.2449862761142,110.969380618079,104.58977534308,104.940739621925,85.3062243273078,82.3632196745424,33.0686531936819,39.7336797180358,50.7374966371273,95.3544423516616,93.6743265242489,56.2527265293918,8.10938673945042,9.54113898149784,58.6126910551704,133.905655625543,57.3766600554052,119.657720863612,60.0701570105706,13.7491895115516,91.3090343978882,46.9812595464773,56.7617049860822,20.3313886573884,52.0131026945013,99.0875159403913,19.3761476279324,102.930311577287,43.8244928801636,73.032429163541,75.7924556059015,16.5259842152776,61.9985847942186,53.3874097742415,9.54113898149784,93.7359446721896,127.530621053768,10.3091938015363,30.9352774567259,64.7822065632644,32.670504745123,85.5047770792795,41.7861660458951,14.5282803154784,15.4118320725334,15.7676409218608,80.2631643238164,57.2156500305095,90.680258496974,54.0524412907939,19.369728415163,74.2279458093286,116.400876740628,8.53339152800869,9.54113898149784,53.1570733890342,121.556768971919,105.577029929392,60.2697477052008,93.3172833794396,73.2260886614994,105.163364420525,126.355681987232,45.775945602815,19.2340077983297,38.6787858287783,66.02748700788,126.489134896458,117.120951953955,138.805360229353,58.9985771486298,54.4788796968234,73.9834804757827,57.8338765266252,25.9993040073691,36.7662956079507,17.6734187084143,50.4695065546677,15.5936831346854,58.5196554980072,50.1466495818195,43.1557119209002,135.336602925004,9.80769430836809,68.2001788114259,115.291203399987,63.9141057154609,114.740799888379,12.7238743429334,51.0828366615607,61.5561752408464,71.1458068503276,9.86038284103996,43.6664766790899,22.787676690434,56.1523730495127,79.4928591183722,73.8301357930322,102.502826859922,99.988414540443,67.4267535880071,98.9463853688309,10.0114788833317,23.5070275437173,61.4362643616236,65.0314260320735
"Zo_PR_2.PR_Sim_1",123.609311057497,62.4626865644195,55.0462354433723,96.8310477583619,125.176880866953,55.296611158748,65.7308145470913,65.5186005121913,71.5581963820413,61.0611788821768,47.4703118393893,14.6499971679193,9.65352005265481,49.8748639941811,42.0495227010585,131.268599690838,108.57466648429,87.3916032027022,122.582849543664,60.4248332797582,45.7987517744547,52.8036538292195,71.0058017360902,96.9402950811187,119.326625441896,100.320183996591,15.9025359743293,56.4689500626706,124.141000369408,76.1559611834581,49.9580940450557,49.168809459908,10.3100555681947,74.6251560009593,80.9698752390928,51.0426690370788,70.8844528707096,68.5214172284735,93.2281408344779,66.0345659794016,65.6493781429227,85.4859736243296,104.546336500845,92.4862243104869,83.3824323667203,71.4375766221957,74.5330361448611,104.065289547868,77.4049078364828,79.01918756016,53.2016676594924,9.88081295856929,62.921137215668,12.2642781631945,15.9025359743293,118.867669453547,55.2871489514156,18.0325083908579,70.6301979951833,62.8606871033953,79.1938851348404,57.0935987517944,49.0334839726311,69.1225101654413,77.8646109635696,68.9108278983336,84.9382401500365,60.4368288795522,59.3853905578384,111.084037258653,87.5989789019418,11.3672471562736,78.5253959688128,70.7724718087713,92.5213137100752,123.380471422028,96.1849145643231,84.3556606532676,127.302066483315,80.8243680850956,86.0689062186888,54.7567172437579,40.7532635569875,96.9339034883461,19.2340077983297,20.7309806869158,123.785887215369,79.3279998094715,15.0671038459625,49.3594741516364,70.8222751724029,19.5828090730614,57.5360600583591,38.9068987335848,8.31561423335832,114.814091304647,25.9993040073691,106.116777526134,65.5571410607691,83.2862384049133,14.4966574004213,40.5001078568667,54.8494476269751,106.159367082635,93.8063732345499,32.2475910117824,17.6920350702722,9.92711580642828,59.5276439497555,129.566965002651,37.3513066810919,91.9559873564209,62.8132387322417,58.7444756038307,93.6424876027602,54.9294029806831,61.3618796985291,20.3313886573884,56.2284334318323,99.4044341028647,20.1087134831655,111.272157837512,25.1229479865279,73.1353783105929,18.5353894759078,16.5259842152776,15.4118320725334,53.7915651812103,9.92711580642828,89.5326952212398,125.677524557299,10.3091938015363,32.1867318369885,65.5082004023704,9.54227009086837,86.4630022566369,42.5921848616379,14.5282803154784,15.4118320725334,17.0455078052018,72.7595702205526,43.9697626933066,90.8738404744964,63.196865269534,82.7586627838228,73.0377117113911,25.9993040073691,18.6170751294228,9.92711580642828,53.9868632739447,133.830708744806,109.507396831991,64.3607431457748,94.3630608607827,75.7631229681192,105.157064372691,125.237754326655,47.7769936573647,19.2340077983297,40.2434957628131,77.1978119928801,119.568009532772,128.946994407898,140.801915741395,68.9797730151959,56.9666377875369,79.005337922153,67.6180319627949,25.9993040073691,9.13949851790325,17.6734187084143,51.0351024607847,71.2758553350712,16.5741556695007,53.0463938157941,18.9186286760568,134.265077576026,3.98276934679902,79.7380730412612,88.6003541237414,62.985395383796,125.759114792929,12.7238743429334,11.0087235836505,13.7491895115516,77.9777873208991,42.1292483286556,10.302559693131,101.983478645374,61.073104299877,25.9993040073691,72.7573395905089,101.988894758974,95.5047956897637,67.4227142367061,101.727793774551,10.0114788833317,83.4933054404442,62.3952936588325,66.1958520999516
"SW_PR_1.PR_Sim_1",97.9115436731747,49.4770014586621,43.602394023138,76.7003495157586,99.1532234345635,58.1381277780612,67.3036103551665,15.946391582983,57.2706416622364,62.4477323336158,52.8805051558066,14.6499971679193,9.65352005265481,17.3763355522397,14.6499971679193,105.059061218657,120.948925514502,85.6844217618113,120.188212552888,59.2444435150246,10.3100555681947,15.4118320725334,70.3776632051524,101.701705245828,113.933084553944,98.53794385086,15.9025359743293,55.9694088636599,116.001251513872,18.5353894759078,17.4053327900506,54.7725806172624,10.3100555681947,25.9993040073691,79.5314033733431,51.4385698239498,67.1521330468,50.1833126494444,91.5718945170598,16.0719709958385,61.3448417768925,89.8788253684328,36.0801055405488,86.4220341054463,28.7762064239777,64.0293587618019,25.7221811913266,117.6711576779,86.226748241739,16.5259842152776,18.5353894759078,11.8827973612145,70.0922617108544,12.2642781631945,15.9025359743293,115.358576558611,19.0802110907732,62.236825943832,121.140080750918,61.004976534665,57.9995519414686,13.8958536272217,49.7394202662675,50.6235375602435,15.9025359743293,58.6582159099494,65.6072021486999,21.0561099163481,63.0099002381267,81.3550740424126,88.7443839982738,35.0690673612752,16.037490187638,18.5353894759078,92.0415967602219,120.078380635313,83.568185358936,73.2905936183319,25.9993040073691,74.9577218798613,88.9690647584252,40.1024026099518,29.7956207821763,89.8979447727801,19.2340077983297,20.7309806869158,126.735906095024,63.6893727915745,15.0671038459625,45.7767109505783,54.7038803212676,17.0141006609913,58.1456630548945,41.2288011063681,8.31561423335832,88.6836280624307,25.9993040073691,98.4142788251247,76.0253659836175,77.2408970547405,14.4966574004213,14.1101831195955,44.0364931136114,110.789703057225,81.5016411026904,38.7813827654742,3.98276934679902,3.98276934679902,62.5865798600627,146.507013384717,64.0624044096312,106.63960447385,63.3189783099203,43.0229336300079,95.8189005416227,12.2642781631945,49.2650721144838,70.1711081808117,45.143627305962,98.1124481114057,16.0937388364916,89.3360977064501,30.2131921019047,63.5420936707109,55.7918222162301,36.5940154255375,15.4118320725334,15.7001743131798,3.98276934679902,91.2032522756842,127.320827697664,10.3091938015363,12.913350809405,60.7532800187347,9.54227009086837,80.1870751309463,14.8390599349843,14.5282803154784,15.4118320725334,13.6851767803878,76.2017781604914,50.9908950708021,92.2005055101285,14.1101831195955,60.6103028354285,77.7749168157564,105.679078321088,4.19101114473309,3.98276934679902,56.7610761235731,135.297327546972,112.12767129348,71.6959395857103,87.513707057851,58.520243828999,101.290620505184,130.463230969088,50.2971765869713,66.383642785595,16.1457330061949,17.2362230152698,123.559492034512,130.360093750008,143.094844219936,15.4013529728311,57.4253035707049,88.0095794075239,15.097312328902,25.9993040073691,9.13949851790325,17.6734187084143,47.3307135830384,15.5936831346854,60.6756195960624,50.3886798511907,18.9186286760568,137.025993050636,3.98276934679902,17.8033959029021,102.748140622723,63.8089642629246,91.9452963327106,12.7238743429334,40.3689814701391,55.8861758311262,57.0113011243325,30.8543711743965,10.302559693131,22.787676690434,58.3009469506189,25.9993040073691,73.708682044578,103.457231424556,97.2867839319199,64.9436973342634,104.037788867137,30.8863898636862,23.5070275437173,65.6015889486018,66.8972068635105
"SW_PR_2.PR_Sim_1",83.6949571117359,42.2930265395718,37.271401929039,65.5635916088138,84.7563471223238,53.9131462652828,64.9958187097195,66.9676618829404,64.9225742477694,61.5363685726416,51.6742596582372,45.3360522254348,9.65352005265481,17.3763355522397,14.6499971679193,119.096006337689,118.189986347641,74.1042974653298,103.944951389227,51.2376436128558,10.3100555681947,57.1220995377075,69.5115686036188,105.131651726264,123.294360010197,107.779406220177,48.8102428287736,55.2806277836951,117.757236152492,77.8402868656388,17.4053327900506,53.5231754051684,26.490207113905,25.9993040073691,86.9903216613694,49.2906907734452,62.9352527956337,17.843553908908,100.160040201805,67.4950388519431,62.2734576186442,83.3472016288193,104.628697835262,87.730259338769,83.4481208320126,14.5282803154784,74.5917530786199,118.330979201878,84.2598489746047,68.1989878986476,18.5353894759078,15.8679635837432,68.4934026444733,50.5732839887412,44.5791271860006,94.7128046762954,55.3307040248516,64.9091025362301,80.1604494015048,50.0868907989174,20.622754400243,58.3563260967242,49.5437185705527,18.0000835701274,74.6351406714303,14.3457434256751,70.4985646458263,21.0561099163481,15.6531964734902,28.9272184875396,91.0087410817888,11.3672471562736,75.2685193168713,74.7162914597585,94.8853591718106,130.042750025541,76.92213846376,67.4619074972848,122.022155150705,76.3210464575226,85.5909691978155,14.2591101517354,39.8793254021776,91.5330008352682,53.9181474780115,20.7309806869158,125.108658331179,49.6429518581359,15.0671038459625,46.6092938194046,58.7823427444064,15.6609958832997,57.7304311446474,35.8209392218818,26.9464252160353,95.295459663335,25.9993040073691,100.204229236506,92.3063623502047,78.6457478254737,14.4966574004213,14.1101831195955,34.3244314054439,110.184201135766,75.0199432355443,51.7876010793853,3.98276934679902,3.98276934679902,58.0383229250229,147.328527192796,42.3911813116245,129.476706150508,60.0956580030121,15.2975560005187,88.3056332492865,56.2739637477989,38.399869492677,73.1840608340117,35.187391849272,96.7408188698566,18.2440238874658,69.6334004127879,40.3458728991285,58.4886904821725,18.5353894759078,62.9153198220738,15.4118320725334,58.1908053277531,3.98276934679902,86.0584297707336,130.569481923286,41.0339574628655,12.913350809405,61.8582554334869,9.54227009086837,81.6455107343121,14.8390599349843,14.5282803154784,67.5989338401908,10.666969108051,69.2170078658454,61.9107054082577,88.953998110297,64.7437968041076,21.5510525109023,77.4906604932579,79.9754378985554,4.19101114473309,3.98276934679902,52.6361669386234,137.544049104777,108.282895334672,70.0604993783134,89.1053988105091,62.8832362538106,99.5783278529881,122.092239941873,46.6385568312778,69.2339721853327,16.1457330061949,79.0874584059189,132.255341985315,132.524828547182,138.578934083068,70.6682584435448,54.502007079346,86.0020123733114,69.2731847223967,25.9993040073691,9.13949851790325,17.6734187084143,48.1915605176534,68.1655300094432,70.8342866974365,53.5276762729155,18.9186286760568,141.586082417231,10.2331538550662,81.6898999106411,124.751876908748,65.4370817134138,123.062258660683,50.6451744532119,46.5317180085883,42.2933418381083,76.3055834869142,10.9708109391199,33.3850448702905,22.787676690434,55.6186434762688,25.9993040073691,75.5893957166391,103.050174898457,91.7987862682593,63.8458403441759,102.519458785288,10.0114788833317,23.5070275437173,60.834226958983,66.4194781123583
"SW_PR_5.PR_Sim_1",102.636807223262,51.8647880544961,45.706668917034,80.4019494727108,103.938411115118,58.4875362080155,67.3593248583162,39.0294211019334,52.5236782689072,60.3327680423846,52.282690288877,14.6499971679193,21.3549189338686,17.3763355522397,14.6499971679193,96.3510826930497,119.5815961821,83.0330147735882,116.469124997502,57.411191585219,44.2825196495906,55.62119612763,66.2964112376715,103.519699391153,116.854016234106,101.702903718409,46.6160724138696,52.7237020635109,104.145087537648,45.3660953563655,17.4053327900506,54.1533758101861,10.3100555681947,25.9993040073691,82.0858883772869,52.1336337724133,72.1118032846391,65.329452761617,94.5131104569883,39.3367816581172,55.0749568083206,90.418994452962,97.0775281830125,77.5890793386569,77.4255770118069,67.4316472050956,69.208383182894,117.819791518267,85.2519536199019,16.5259842152776,18.5353894759078,12.0192750215491,69.2998676899575,12.2642781631945,15.9025359743293,25.9993040073691,51.3374254911945,64.9091025362301,25.9993040073691,13.7491895115516,75.5047602222623,34.0106487392687,49.5927546703243,65.9025447118324,67.186982255456,60.8359833217047,19.2340077983297,21.0561099163481,15.6531964734902,105.909358828078,89.2378010910859,11.3672471562736,67.7571533495198,18.5353894759078,91.7048714120036,123.514113680336,87.8658412225246,77.0597044115942,109.845044829146,63.184503701765,89.6576806506591,52.2059600814973,36.2662589165972,75.7781437565655,19.2340077983297,47.8362049040485,129.126285334354,75.5664758288516,15.0671038459625,38.5868018660867,16.037490187638,17.8890837559973,54.7420371360085,42.6027310263409,35.8210351642413,25.9993040073691,25.9993040073691,82.9568616652858,18.5353894759078,65.1090724676107,14.4966574004213,14.1101831195955,52.2486318611906,105.317811755961,85.6930209235234,39.2267991285983,17.1063153532835,15.2194631343848,62.9627233555772,146.692070627884,13.7491895115516,25.9993040073691,63.1336379848439,56.0079548730011,96.2038611524549,43.9966462889207,58.4522616250078,73.1840608340117,53.5622298056913,98.9240820904114,14.7597850531695,105.995926354474,30.5602001038056,66.8098689643314,18.5353894759078,16.5259842152776,15.4118320725334,56.6618212942806,15.2194631343848,89.1414949341414,128.028729086198,10.3091938015363,49.3461331731584,51.2110793920677,9.54227009086837,67.5925097292238,14.8390599349843,14.5282803154784,43.590185849637,16.2372548992278,80.2125747451058,12.4318520224701,93.9117907192541,50.618611835451,78.9034782062811,79.431172401973,71.8252271465188,18.0007306595724,15.2194631343848,57.102208513776,132.41357104971,112.220491536889,70.8854159635071,73.7683858163993,17.1563302397194,103.467761179197,129.931259173958,49.6862831482539,69.2339721853327,61.6981218013284,61.8329099576008,128.606928272135,127.581570521567,144.347295913659,55.2505308587985,57.2572145598665,87.0146298538648,54.1598210354884,71.4431057083325,9.13949851790325,17.6734187084143,39.8967254152655,15.5936831346854,16.5741556695007,51.0661960153329,18.9186286760568,139.170819395157,3.98276934679902,63.8675755604009,25.0505443772266,64.1637408946782,111.912819247587,12.7238743429334,11.0087235836505,37.9832729163758,69.3922983804373,40.1667223167949,44.3801675610314,22.787676690434,36.0982136525705,103.798239166283,74.1185009195409,103.152169234038,95.0875011651123,66.3395972140552,100.514262869153,10.0114788833317,23.5070275437173,65.9958525596444,62.9812988624828
"SW_PR_6.PR_Sim_1",96.803525522704,48.9170938768753,43.108966566383,75.8323683133113,98.0311537875984,58.6918173693933,67.522800577169,15.946391582983,60.9282085386174,58.6227022603428,54.278146737071,44.6266129668275,9.65352005265481,60.5662508724495,51.0634363088429,111.76861660732,124.145628099136,82.4263469665441,115.618161451938,56.9917256439453,10.3100555681947,15.4118320725334,68.8199425893868,100.8772809562,124.4131397515,100.520083976805,15.9025359743293,54.7305967453179,25.9993040073691,18.5353894759078,60.6673224691958,56.2202301046924,10.3100555681947,90.6221201982044,81.1312174118585,51.9817014139194,61.6692098997038,62.049849568079,93.4139090694014,16.0719709958385,13.7491895115516,90.7348035705111,87.1765778374164,19.369728415163,69.5289318476672,67.8972717204202,62.1498107385997,117.33230713004,88.5057372265224,16.5259842152776,64.6062022479586,14.7870009870606,71.9448132173749,12.2642781631945,15.9025359743293,112.715162020119,46.1015144603654,18.0325083908579,25.9993040073691,59.6070619044494,71.7143465223982,13.8958536272217,49.2481505017406,62.5941717351312,67.364537608244,54.9414344820203,19.2340077983297,73.3923232408476,15.6531964734902,100.592604182887,90.1761142517775,11.3672471562736,67.9362154961294,29.3670057399128,93.0419593607979,125.5362273169,78.756617587292,69.0707741175975,110.135332843758,76.6309063995252,89.7141841253508,49.5851692104984,41.1891655990042,91.9046206131223,19.2340077983297,20.7309806869158,128.794869673704,74.0050788387699,15.0671038459625,46.7985254108203,16.037490187638,16.0344874499073,55.3784079829832,42.3935606245042,8.31561423335832,25.9993040073691,86.9914718704795,100.611053803265,18.5353894759078,78.9650459482205,14.4966574004213,49.1818823427054,51.1690412672251,104.725261210576,76.8090578189747,48.2597092082388,3.98276934679902,19.0753084440324,63.1826351365222,146.085125959367,13.7491895115516,25.9993040073691,63.4314964354229,53.1963001001488,96.6788230805567,44.0640324452286,57.2444881465746,20.3313886573884,52.4554969127867,97.4440374174709,17.1215591014127,103.805778957027,37.5974181711917,59.8835591610096,18.5353894759078,16.5259842152776,51.5666863940029,15.7001743131798,19.0753084440324,92.8093109679472,129.374919153405,33.1471195039992,61.8479576110451,62.1093971084333,9.54227009086837,81.9769877566429,51.7224258262974,14.5282803154784,15.4118320725334,15.9017516135609,72.3744342311571,12.4318520224701,94.1772932916881,50.6961403285737,74.9424454994739,76.5980715908726,25.9993040073691,4.19101114473309,19.0753084440324,57.301651099816,136.632939383154,112.492841735805,73.5908765965722,89.4671626356804,17.1563302397194,106.585032490243,129.037663677771,46.1968078259842,19.2340077983297,77.3293179520154,61.9276144973063,124.141904556345,131.646966797208,144.22312553791,55.3351536930958,57.5273486081747,90.3356889514309,54.2427733164859,25.9993040073691,30.5799889106694,17.6734187084143,48.3872160391658,50.6370226709077,55.3782512305014,52.505944610223,18.9186286760568,138.986318881064,3.98276934679902,63.9653964352344,25.0505443772266,64.8384065832605,127.104250130711,40.911034511373,20.6168099011615,13.7491895115516,78.8118475594759,38.1503130983557,10.302559693131,74.8202641699389,50.0772652029991,49.6475526929966,74.8978384201652,102.435397847717,98.9999715768503,68.338273138081,97.6652969238325,10.0114788833317,23.5070275437173,66.2263582413859,63.7134503240937
"SW_PR_7.PR_Sim_1",73.4316139154511,37.1067182939542,32.7008853458987,57.5236610671927,74.3628478172399,57.5255298929997,66.2124619364156,70.6315511810964,63.6454986982622,61.0423106907203,54.8634641995756,14.6499971679193,25.6710418098022,17.3763355522397,14.6499971679193,116.753298897325,125.484373218272,18.5353894759078,25.9993040073691,12.8158516128754,10.3100555681947,15.4118320725334,58.1795065113225,102.725487989367,49.8250604886762,105.335099215666,15.9025359743293,46.2685522525246,87.1928512494642,82.0990318478204,17.4053327900506,56.8264903476168,10.3100555681947,25.9993040073691,85.0174860333169,49.3178450548248,15.3226616444324,16.037490187638,97.888531233411,71.1877816411497,46.1101203148214,88.93177770046,25.9993040073691,64.9595022992591,20.7361183618207,67.0364258917285,18.5353894759078,117.215036628565,89.4601536287897,16.5259842152776,18.5353894759078,13.1793300586229,72.7206421290868,12.2642781631945,15.9025359743293,25.9993040073691,13.7491895115516,18.0325083908579,25.9993040073691,13.7491895115516,18.5353894759078,61.5490778317218,48.5354518904832,16.1781764499542,69.7595656104999,63.0854266544368,19.2340077983297,21.0561099163481,15.6531964734902,25.9993040073691,89.6395405229519,11.3672471562736,70.3515685031782,18.5353894759078,95.4444193489683,125.525520341427,69.3480060450262,60.8192759895098,114.051001466506,64.8199261689003,87.8749722837753,12.8158516128754,41.5402227564252,77.7395309885085,19.2340077983297,20.7309806869158,123.288121304905,71.2035842338506,34.5868027222173,39.5855550256361,16.037490187638,14.1189371340459,12.2642781631945,43.6007916479828,8.31561423335832,25.9993040073691,25.9993040073691,85.1040576931412,56.2039668805547,66.7943090950988,33.2773328415268,14.1101831195955,49.2320148455477,104.140924919108,67.6331103229414,43.012821649576,3.98276934679902,16.6070390188833,61.9271089083686,145.93911778482,13.7491895115516,78.8364346617582,59.2952779067305,13.7491895115516,96.0230827559124,62.0261330568689,55.0774730278774,20.3313886573884,50.469771150374,102.340880546227,17.8851503045671,99.8761658241081,33.5097552143127,52.7296060942753,18.5353894759078,16.5259842152776,15.4118320725334,15.7001743131798,16.6070390188833,76.3676226921412,128.605101299058,10.3091938015363,53.8450766496619,52.5365903147989,32.9221970963677,69.3420258691781,14.8390599349843,14.5282803154784,15.4118320725334,15.2997838560343,77.7673129677976,37.6965048532192,93.0294783007012,71.3617290791167,19.369728415163,75.8452583659163,67.6456992031388,4.19101114473309,16.6070390188833,56.1629881472995,139.457859291529,110.309820355254,74.3844561077086,75.6777539123788,17.1563302397194,105.265394721297,129.126795762372,47.0136006780417,19.2340077983297,67.3232102275396,87.1715601943356,128.208749620427,134.368800485786,138.70885360681,77.8917728411827,53.7761256575713,91.3098389438171,76.3540985334003,25.9993040073691,9.13949851790325,17.6734187084143,40.9293836983349,49.9240480036048,16.5741556695007,54.2019098607865,43.4280459259593,135.213969095638,3.98276934679902,90.0400160892863,75.9595566280139,64.4525994781289,128.187565514698,12.7238743429334,11.0087235836505,35.7730167592853,79.4835645698344,9.86038284103996,10.302559693131,84.1844932506997,30.523627684982,25.9993040073691,74.452174812063,100.952995665181,81.4615731661307,67.4921715402245,101.69635940783,10.0114788833317,117.299600127908,64.9103490311417,14.1101831195955
"Zo_PR_1.PR_Cont_6",115.779133026405,59.4554082599491,53.5087273368335,97.7380451811991,115.36638879322,54.9481503002094,60.9936228392031,58.0156248771192,64.2103985220668,57.1629881473751,44.2360435569009,39.3937503110197,42.1592280717425,47.8771610116592,40.3233470558104,124.538481825288,100.107448778197,94.5192916832561,123.491337143083,64.0340851011512,21.3039587445331,48.9581535428951,72.2513796820407,95.2787064073082,120.789171723651,105.692723339431,14.5817795234391,73.9775289133187,111.746641005668,69.4118330345176,52.281840273991,44.0957901506289,25.7655383369503,72.0854186665997,75.2249837536963,49.8634030442639,71.585335661944,15.617346690022,98.8768895008199,55.7291244909631,55.6291479215392,84.4568207665194,102.610350611503,86.2437690207174,82.833575695776,76.7166743722429,78.5371499211521,109.325840591201,76.6214486751392,67.1600800316905,55.1736086974553,17.2360989397126,58.8607085645873,12.6015133426669,14.5817795234391,105.325345330583,51.0809660234778,17.1760495079863,106.82661183302,52.4325309696336,19.5931946805476,50.5253292700516,49.9561727630346,17.9709735699405,67.5575361804909,51.0533412029963,89.1368527762812,58.8595964795898,39.1840472016404,25.5988990915616,85.6581735944172,11.3117857766211,72.3553296330181,68.1250469129452,89.8903776029122,127.551251970877,95.3409019452353,92.7858488254227,118.599965716052,77.8346959193291,85.1402362018036,13.2738224465542,36.2155434438822,104.083488077819,20.8841044320749,20.2546260415506,117.768496116058,77.5687546363393,34.3343644545741,52.5199680691047,66.6574493147333,19.555243296586,58.078224491485,40.5104595118066,33.8474231475282,109.260385427631,102.979029910098,104.173468738387,90.1746069528191,84.3239860218729,30.5517338468022,38.4549349337528,52.5505867333279,96.9288867248559,101.200605648798,56.5393716012863,8.10938673945042,9.54113898149784,58.3267167408639,131.84342800777,53.1798838706437,117.814920008845,59.7770716454026,12.7435145376836,94.555696510761,48.273119799822,58.4075154973325,20.7994334463417,52.0431920565463,104.525201772268,19.3761476279324,101.34512288418,43.3987981643547,79.9164590543371,80.1178923126166,16.9194073212936,57.9186141528702,65.0319890995384,9.54113898149784,91.7170799145862,127.671414909981,10.7666123366998,30.857165024107,65.1123150113964,31.9494493231923,94.1823796312522,45.1505014139372,16.0203649126493,14.3976182385559,15.7676409218608,78.8403045080313,55.2820446080686,87.3827401153727,52.3128773272027,19.7567060680178,71.3305511973428,114.608233243786,8.10938673945042,9.54113898149784,55.515650704708,119.684721634336,118.293900267671,56.3035474763591,94.929326036378,80.6575669431262,98.0828028810267,120.308594972726,47.8238897763894,20.8841044320749,35.1299774752968,69.1373427672933,124.54112615767,111.52720620738,144.421722629426,56.9650450991491,56.8961055078809,78.0435168966988,53.5203461596323,25.5988990915616,39.4378907676436,17.8783953516456,49.9792646639388,16.1722146287802,57.4822522639935,49.039886345233,45.5239941515093,133.252337858351,9.80769430836809,70.3397921268404,109.784847211132,63.6022655281662,112.973722573311,13.164375201108,50.9411006771568,57.0536913035393,74.1777282735009,12.4395745247418,42.6982017362995,23.4271124575969,57.8695969907311,78.2686212867147,54.762050142563,97.5265063305673,105.694702257895,65.4503124631471,110.864587216508,10.7247174915188,23.0648388091777,60.6082079955716,62.9385265713861
"Zo_PR_2.PR_Cont_6",121.705653337545,62.4988209669637,56.2477404136775,102.741075475141,121.271781488206,55.8058991642217,63.2642617900917,67.285100018845,66.6380403016104,58.7698544834875,47.2387017625647,14.3195851728331,9.53479336796798,48.8006698250153,41.101149364953,129.246984320193,106.902551331509,92.3789973348724,120.694999948265,62.5840976117697,46.4782846537981,49.3287784253017,66.3330888441717,99.6651235984481,121.156833522393,103.135228052518,14.5817795234391,67.9178448837179,122.229154314333,80.5021429677101,53.290311521059,47.0889282227693,10.4630296444522,73.4758837243932,73.4047303310425,49.7906664993673,72.6771981850868,66.7263216393787,96.4843200703694,64.6332729032791,60.8474997054436,85.7752044004502,102.936260052155,94.3339581164529,83.0966704436382,78.7743642820288,78.7865984265771,105.783563028711,81.8223663679325,80.9003447608328,56.2378596434199,9.88081295856929,62.8560611176543,12.6015133426669,14.5817795234391,117.037035865575,51.2432086136789,17.1760495079863,69.5424504741839,58.2627855465858,83.7134396864274,58.5980387287231,49.7057008335287,76.7823745224762,71.3977061005841,66.2209803041001,92.2251408114777,59.994946925416,56.5046966832908,109.373276286994,84.4135089007916,11.3117857766211,76.4682203055377,74.8114206057117,89.1568467609756,128.372709758162,95.4752979203773,92.9166431055045,125.34153810925,78.7069649065076,84.1277318489849,56.7134330518939,39.6932450329618,105.24991903326,20.8841044320749,20.2546260415506,125.345478202903,83.8552082169987,15.0515207149186,53.1085428533084,68.9669026638669,19.5828090730614,59.1181493816544,37.9525690155689,7.9858766714526,113.045885257696,25.5988990915616,105.340908078826,69.2984535972832,85.2689784447685,13.393288682545,39.1966971973863,56.8094771291357,107.912216913676,101.34326167369,32.4119139453413,17.6920350702722,9.92711580642828,59.2372055335294,127.571555829444,34.6192711426419,90.5398098554769,62.5067697312038,54.4476514951706,96.9721199733121,56.439816135539,63.141072670669,20.7994334463417,56.2609613450524,104.859511645348,20.1087134831655,109.558499695816,24.8789130758981,80.0291121782889,19.5931946805476,16.9194073212936,14.3976182385559,65.5242967453234,9.92711580642828,87.6043591526426,125.816272594245,10.7666123366998,32.1054594473887,65.8420082721845,9.3316671130379,95.2378519745392,46.021415334106,16.0203649126493,14.3976182385559,17.0455078052018,71.4697298616185,42.4838026190633,87.5692826320487,61.1630072825585,84.412054736,70.1867763921254,25.5988990915616,17.6920350702722,9.92711580642828,56.3822583351141,131.769635354064,122.697684222403,60.1253248154742,95.9931691733911,83.4520766344623,98.0769270101544,119.244168711794,49.9144615895505,20.8841044320749,36.5511240692294,80.8337834817165,117.726590286447,122.788431917845,146.499063057043,66.6022143354513,59.4942453300471,83.3409618661457,62.5747519382658,25.5988990915616,9.80361328929106,17.8783953516456,50.5393665831847,73.9202163063524,16.2803384461035,51.8756316811669,19.9568377595524,132.197314644085,3.98276934679902,82.2396594857237,84.3687640815121,62.6780864216593,123.822348802715,13.164375201108,10.9781784460636,12.7435145376836,81.3008577079882,53.1490442819756,10.0741073160186,104.845195738847,62.9408115965179,25.5988990915616,53.9663246734941,97.0375246718951,100.955205570819,65.4463915149963,113.981019349236,10.7247174915188,81.9227198354979,61.5543112087643,64.0654780390875
"SW_PR_1.PR_Cont_6",96.4036470237134,49.5056236967649,44.554112023725,81.381711558396,96.0599749964065,58.6735864710552,64.7780383411665,16.3763350287226,53.3328608062149,60.1043774335256,52.6224984693728,14.3195851728331,9.53479336796798,17.0020877480981,14.3195851728331,103.441088500997,119.086239331675,90.5743879216269,118.337241807107,61.3615269525509,10.4630296444522,14.3976182385559,65.7462865271722,104.560368988113,115.680567575562,101.302977187821,14.5817795234391,67.3170233414405,114.214762485827,19.5931946805476,18.5662728780843,52.4556552333276,10.4630296444522,25.5988990915616,72.1006571917131,50.176856414938,68.8504839121112,48.8686310969189,94.7702260385163,15.7309141365697,56.8578156798938,90.1829187923711,35.5244502192682,88.1486146333841,28.6775868004753,70.6053070434049,27.1901329262626,119.614084378787,91.1476646966012,16.9194073212936,19.5931946805476,11.8827973612145,70.0197688873782,12.6015133426669,14.5817795234391,113.581985111335,17.6846022242296,59.2808709948049,119.274450662503,56.5428096461533,61.3095567293477,14.2620151263632,50.4213150501038,56.233423978671,14.5817795234391,56.3685661443105,71.2356818992597,20.9021588376956,59.9533869787747,80.102156981124,85.5172622151135,34.8979635898655,15.617346690022,19.5931946805476,88.6945743518231,124.937009300283,82.9516502660511,80.7286182988517,25.5988990915616,72.9940106585001,86.9624810129927,41.5354506281851,29.0206175748923,97.6103413572848,20.8841044320749,20.2546260415506,128.33266467057,67.3240927475128,15.0515207149186,49.2536530623007,53.2707708170721,17.0141006609913,59.7445148466537,40.2175184954513,7.9858766714526,87.3178468623735,25.5988990915616,97.6947259523422,80.3640947665569,79.0797196770349,13.393288682545,13.6560765984401,45.6101247436212,112.619006656348,88.0499038210662,38.9789997155641,3.98276934679902,3.98276934679902,62.2812167392426,144.250717279911,59.3766040701677,104.997290439636,63.0100417796436,39.8760508542828,99.2259193118575,12.6015133426669,50.6935171117473,71.7865030794366,45.1697427052683,103.496624553442,16.0937388364916,87.9602680815271,29.9197124657417,69.5315654322679,58.9758329969787,37.4651847926848,14.3976182385559,19.1246132583151,3.98276934679902,89.2389361060214,127.461389941928,10.7666123366998,12.8807442408557,61.0628584052988,9.3316671130379,88.3250013563589,16.0337992205395,16.0203649126493,14.3976182385559,13.6851767803878,74.8509162931658,49.2676555174379,88.8477045063386,13.6560765984401,61.8212043115542,74.7390706465998,104.051556967217,3.98276934679902,3.98276934679902,59.2795629029057,133.213667344758,125.633573648622,66.9778104609168,89.025493768041,64.4592736065019,94.4708075806663,124.219566280203,52.547393559708,72.078733826671,14.6643495827568,18.048038970164,121.656601557472,124.134041043196,148.88476833665,14.8705072068948,59.9732620964932,92.8393345837624,13.9712817201685,25.5988990915616,9.80361328929106,17.8783953516456,46.8709607520619,16.1722146287802,59.5999966543504,49.276574877788,19.9568377595524,134.915710360172,3.98276934679902,18.3619337776893,97.8408463684642,63.4976370661487,90.5292834799605,13.164375201108,40.2569724725582,51.7984200858635,59.4408720701718,38.9249845391875,10.0741073160186,23.4271124575969,60.0838775101347,25.5988990915616,54.6719642150294,98.4345763386452,102.838890971247,63.0400405899955,116.569255912473,33.0868006096927,23.0648388091777,64.7173910906027,64.7442611769577
"SW_PR_2.PR_Cont_6",82.4060044441439,42.3174928782749,38.0849321242882,69.5652279908413,82.1122329999721,54.4096924035521,62.5568467155866,68.7732306947461,60.4586663435373,59.2272126523259,51.4221383052158,44.3135554089891,9.53479336796798,17.0020877480981,14.3195851728331,117.261856224396,116.36978948701,78.3333918497174,102.344136632885,53.0686063198165,10.4630296444522,53.3630381033284,64.9371874289813,108.086725490563,125.185424415436,110.803760490119,44.7563961222052,66.488594151665,115.943703905091,82.2825922557764,18.5662728780843,51.2591008932958,26.8832520336261,25.5988990915616,78.8626768178655,48.0816617179881,64.5269541488811,17.3760959051009,103.658329883997,66.062753665949,57.7185085570517,83.6291961454931,103.017352972496,89.482976213038,83.1621337864241,16.0203649126493,78.8486663057376,120.284800542387,89.0685154935008,69.8225558082324,19.5931946805476,15.8679635837432,68.4225634387465,51.9639154042642,40.8766881598598,93.2541705308755,51.2835778813404,61.8262270847725,78.9259302780467,46.4233197532925,21.7996844543398,59.89403946225,50.2229304126743,19.9947767349512,68.4364536403797,13.7857753536332,76.5466772090357,20.9021588376956,14.8938840100257,28.4817219281023,87.6992776817301,11.3117857766211,73.2966659535223,78.9803120286407,91.4349255140335,135.304558434372,76.3546354411807,74.3083977245688,120.142940586118,74.3216194259103,83.6605740878467,14.7686554212162,38.8420385700973,99.3856698233709,58.5438164797142,20.2546260415506,126.684915046586,52.4760497500077,15.0515207149186,50.1494742542395,57.2423873779653,15.6609958832997,59.3178651582128,34.942303608677,25.8779234429292,93.8278522807483,25.5988990915616,99.471589198162,97.5742392751717,80.5180147949556,13.393288682545,13.6560765984401,35.5510052564169,112.003506993099,81.0474328759679,52.0514933660443,3.98276934679902,3.98276934679902,57.7551509821691,145.059579281346,39.2905076230421,127.482687017899,59.8024482171991,14.1786268288653,91.4455038624659,57.8213487639887,39.513277006725,74.8688163066956,35.2077476080698,102.049723580408,18.2440238874658,68.5610041739591,39.953968195409,64.0018289353818,19.5931946805476,64.4131029627295,14.3976182385559,70.8830758744479,3.98276934679902,84.2049216894269,130.713630683103,42.8546325879977,12.8807442408557,62.1734644050331,9.3316671130379,89.9314488597139,16.0337992205395,16.0203649126493,63.1504183398797,10.666969108051,67.9899680414018,59.8184303817447,85.7192538699569,62.6601540842426,21.9816096946928,74.4659099125384,78.7437680634952,3.98276934679902,3.98276934679902,54.9716316549911,135.425788039558,121.325690161779,65.4499944525883,90.6446817669362,69.2650519842513,92.8738021633765,116.249191278664,48.7250928813525,75.1735946312457,14.6643495827568,82.8124311281377,130.21853018998,126.195387199293,144.186134795924,68.2325019326054,56.9202590514825,90.7215970733312,64.1064553958436,25.5988990915616,9.80361328929106,17.8783953516456,47.7234457418578,70.6944967443393,69.578576671914,52.3462919783954,19.9568377595524,139.405571608414,10.2331538550662,84.2527201353061,118.793674988481,65.117810848413,121.1670258766,52.3985117000095,46.402609695719,39.1998245502642,79.5573919001412,13.8404585779391,32.644753807895,23.4271124575969,57.3195451651667,25.5988990915616,56.0669465661649,98.0472816455562,97.037696085633,61.9743644419174,114.86804128846,10.7247174915188,23.0648388091777,60.0142850333033,64.2819071193444
"SW_PR_5.PR_Cont_6",101.056138673699,51.894791617143,46.7043173381764,85.3092365553892,100.695880850245,59.0262129919315,64.831662154245,40.0817246093735,48.9122863100929,58.0687773041329,52.0276003717226,14.3195851728331,21.0922791182422,17.0020877480981,14.3195851728331,94.8672180810303,117.739967693205,87.7716664916218,114.675430436464,59.4627642833892,44.9395556367341,51.9609053646935,61.9336114677374,106.429463888675,118.646299925682,104.556747712483,42.7444585747203,63.413260109684,102.541190564273,47.955115233424,18.5662728780843,51.8626433008466,10.4630296444522,25.5988990915616,74.4164725773179,50.8548714542483,73.935589632904,63.6179789300218,97.8141698263472,38.5020315699337,51.0465371183851,90.7249154693922,95.5824758736161,79.1391908924222,77.1602299698146,74.3570175842309,73.1580702413033,119.765172386028,90.1172390438772,16.9194073212936,19.5931946805476,12.0192750215491,69.2281943988873,12.6015133426669,14.5817795234391,25.5988990915616,47.5823849489189,61.8262270847725,25.5988990915616,12.7435145376836,79.8137783004635,34.9068434217422,50.2726387651676,73.2055861098927,61.606888591591,58.4613271410804,20.8841044320749,20.9021588376956,14.8938840100257,104.278291015926,85.9927365719837,11.3117857766211,65.9820796276529,19.5931946805476,88.3700937638613,128.511759468701,87.2175996178175,84.8802439240978,108.153365085942,61.5292223535116,87.6355660523401,54.0715253036715,35.322950261207,82.2791944598425,20.8841044320749,46.7370288078081,130.753160541144,79.8790159851802,15.0515207149186,41.5176388261674,15.617346690022,17.8890837559973,56.247298226192,41.5577479099668,34.4006300722622,25.5988990915616,25.5988990915616,82.3503252069499,19.5931946805476,66.6590808172703,13.393288682545,13.6560765984401,54.1157219473467,107.056766250654,92.5780407408726,39.4266857714356,17.1063153532835,15.2194631343848,62.6555250114246,144.432924530252,12.7435145376836,25.5988990915616,62.8256057394826,51.9112916838013,99.6245679113798,45.2064375795286,60.1470899712031,74.8688163066956,53.5932153312813,104.352799063577,14.7597850531695,104.36352535036,30.2633497618329,73.1073609171286,19.5931946805476,16.9194073212936,14.3976182385559,69.0205979340754,15.2194631343848,87.221584453781,128.170072853876,10.7666123366998,49.2215328197953,51.4720339171157,9.3316671130379,74.4522543535121,16.0337992205395,16.0203649126493,40.7216255573701,16.2372548992278,78.790611752655,12.0117170337247,90.4967601351036,48.9895584396526,80.4798494461817,76.3306763767648,70.7190754579851,17.1063153532835,15.2194631343848,59.6358313242307,130.374322431636,125.737574193286,66.2206253559343,75.0427240778978,18.8974705614191,96.5013631905038,123.713053409309,51.9091697045018,75.1735946312457,56.0372716647204,64.7452036078192,126.626304241874,121.488221248526,150.187896910495,53.3461845053407,59.797714982665,91.7897845787748,50.1203195056207,70.3428389197269,9.80361328929106,17.8783953516456,39.509183562042,16.1722146287802,16.2803384461035,49.9391378997179,19.9568377595524,137.027505089244,3.98276934679902,65.8712640766748,23.8541198799718,63.8506827245897,110.189294534929,13.164375201108,10.9781784460636,35.2050126439791,72.3494929837045,50.6731780833858,43.3960669998162,23.4271124575969,37.202151266476,102.199683866397,54.9759392997157,98.1443243469081,100.514096260909,64.3950232702812,112.621317300496,10.7247174915188,23.0648388091777,65.106340698647,60.954378426236
"SW_PR_6.PR_Cont_6",95.3126930190417,48.9453922107873,44.0499144291577,80.4607536188086,94.9729101638362,59.2323756057719,64.9890034369461,16.3763350287226,56.7389428658136,56.4228818430952,54.0133208859537,43.6201166477295,9.53479336796798,59.2617878960089,49.9117656516154,110.047312702035,122.233710774241,87.1303764628751,113.83757224121,59.028308845309,10.4630296444522,14.3976182385559,64.2910755799876,103.712771519439,126.3213637782,103.340737345123,14.5817795234391,65.8270461203261,25.5988990915616,19.5931946805476,64.7138481827641,53.8420679521652,10.4630296444522,89.2264850535878,73.5509980466333,50.7066657758434,63.2288916438895,60.4242934168942,96.6765766323563,15.7309141365697,12.7435145376836,91.0417930863956,85.834006117055,19.7567060680178,69.2906475866942,74.8704627054561,65.6966686749877,119.269638901889,93.5567144180394,16.9194073212936,68.2932451924152,14.7870009870606,71.8704043950985,12.6015133426669,14.5817795234391,110.979280746293,42.7294510153711,17.1760495079863,25.5988990915616,55.2471445163924,75.8070476278881,14.2620151263632,49.9233102997629,69.5305932262559,61.7696974047099,52.7968646100225,20.8841044320749,72.8557176013147,14.8938840100257,99.0434175893811,86.8969286908261,11.3117857766211,66.1564507786213,31.0429657491019,89.6585595300324,130.61569215734,78.17558045778,76.0805430009648,108.43918249057,74.6233617860294,87.6907951632495,51.3570812119313,40.1178089832806,99.7891710765214,20.8841044320749,20.2546260415506,130.417569340866,78.2285108668467,15.0515207149186,50.3530788155649,15.617346690022,16.0344874499073,56.9011675866491,41.3537081542906,7.9858766714526,25.5988990915616,85.6517508933182,99.8754392800265,19.5931946805476,80.8449142355761,13.393288682545,47.5990670592166,52.9975524887622,106.454431810056,82.9802941639684,48.5056245383762,3.98276934679902,19.0753084440324,62.8743638315546,143.835327174603,12.7435145376836,25.5988990915616,63.122010923463,49.3052934580377,100.116417991976,45.2756766767283,58.9042969970288,20.7994334463417,52.4858421980339,102.791533079635,17.1215591014127,102.20710753983,37.2322109276692,65.5281778044416,19.5931946805476,16.9194073212936,48.1732127000877,19.1246132583151,19.0753084440324,90.8104038491689,129.517749115451,34.6178559301733,61.6917898046218,62.4258858139215,9.3316671130379,90.2965664101316,55.8867606527379,16.0203649126493,14.3976182385559,15.9017516135609,71.0914213444208,12.0117170337247,90.7526079091562,49.0645918415349,76.4396813427956,73.6081620965969,25.5988990915616,3.98276934679902,19.0753084440324,59.8441231701946,134.528709955523,126.042729275693,68.7480464419538,91.0126950101873,18.8974705614191,99.4087512263732,122.862223300765,48.263580716835,20.8841044320749,70.2342935442699,64.8443686755804,122.230044576248,125.359452494378,150.058702335187,53.427890604117,60.0798348683775,95.2930954547841,50.197084804099,25.5988990915616,32.8020607568072,17.8783953516456,47.9172007388883,52.5156752079182,54.3965370281254,51.3471104771065,19.9568377595524,136.845845994014,3.98276934679902,65.9721538415019,23.8541198799718,64.5220566848073,125.146768247429,42.3273755821315,20.5596058765305,12.7435145376836,82.1704619261403,48.1293343858823,10.0741073160186,76.9197653024491,51.608703217943,48.8829505270905,55.5539975523351,97.4623508707905,104.649849359526,66.3351131719746,109.429190247602,10.7247174915188,23.0648388091777,65.3337395557929,61.6629671353033
"SW_PR_7.PR_Cont_6",72.3007229047114,37.1281843750608,33.4146539798482,61.0345848788002,72.04297605816,58.0553464906011,63.7278353322528,72.5359050491613,59.2693991982069,58.7516943220467,54.5957825546536,14.3195851728331,25.3553188745505,17.0020877480981,14.3195851728331,114.955227887348,123.551838413518,19.5931946805476,25.5988990915616,13.2738224465542,10.4630296444522,14.3976182385559,54.3508597884627,105.612928541263,50.5892673702498,108.290864776639,14.5817795234391,55.6493498000862,85.8500289087716,86.7843816376044,18.5662728780843,54.4226828862458,10.4630296444522,25.5988990915616,77.0741663769509,48.108149944284,15.7101885104004,15.617346690022,101.307483922815,69.6771342394634,42.7374274005447,89.2326669106493,25.5988990915616,66.2572941521746,20.6650531159153,73.9212062201941,19.5931946805476,119.150432089145,94.5655988766172,16.9194073212936,19.5931946805476,13.1793300586229,72.6454309068454,12.6015133426669,14.5817795234391,25.5988990915616,12.7435145376836,17.1760495079863,25.5988990915616,12.7435145376836,19.5931946805476,63.1709215279948,49.2008410586336,17.9709735699405,63.9658106748031,60.6229662792984,20.8841044320749,20.9021588376956,14.8938840100257,25.5988990915616,86.3798670560683,11.3117857766211,68.508527372186,19.5931946805476,91.9736558945942,130.604551954689,68.8363821637045,66.9916270857107,112.294547461929,63.1218007030586,85.8930643982228,13.2738224465542,40.459734918871,84.408850234818,20.8841044320749,20.2546260415506,124.841440889088,75.2671363965647,34.5510313699574,42.5922516717349,15.617346690022,14.1189371340459,12.6015133426669,42.5313275541312,7.9858766714526,25.5988990915616,25.5988990915616,84.481822079269,59.4114985466645,68.3844367514044,30.7445304818166,13.6560765984401,50.9913069756041,105.860447252986,73.0671036617687,43.2320005963545,3.98276934679902,16.6070390188833,61.6249633800156,143.691567613743,12.7435145376836,77.6223061614586,59.0059732163004,12.7435145376836,99.4373616035715,63.7316875000308,56.6744490888433,20.7994334463417,50.4989677015851,107.957103244784,17.8851503045671,98.3380128121413,33.1842539983194,57.6998937957846,19.5931946805476,16.9194073212936,14.3976182385559,19.1246132583151,16.6070390188833,74.7228331440729,128.747081381888,10.7666123366998,53.7091163393805,52.8042991999853,32.1955866903332,76.3793232132016,16.0337992205395,16.0203649126493,14.3976182385559,15.2997838560343,76.3886981880832,36.4225498050395,89.646532334159,69.0651021493959,19.7567060680178,72.8847339901164,66.6039147581978,3.98276934679902,16.6070390188833,58.6549377859717,137.310124398607,123.596760548919,69.489402485123,76.9850762332825,18.8974705614191,98.1779635668196,122.947089732545,49.1169156029315,20.8841044320749,61.1462539007223,91.2772893506647,126.234257780838,127.951290265366,144.321311142076,75.2070400201795,56.1621702987524,96.3207044683341,70.6592403905856,25.5988990915616,9.80361328929106,17.8783953516456,40.5318109891802,51.7762489129938,16.2803384461035,53.0056448722588,45.8112731952728,133.1315926637,3.98276934679902,92.8648007262512,72.3316963714923,64.1381319522534,126.213399923076,13.164375201108,10.9781784460636,33.1564241474555,82.8708045615944,12.4395745247418,10.0741073160186,86.5467602231632,31.4570860837441,25.5988990915616,55.2234353423179,96.0519165416264,86.1105435147322,65.5138128570633,113.945798678183,10.7247174915188,115.093087133183,64.0354679117183,13.6560765984401
"Zo_NP_1.NP_Cont_4",25.922312426257,15.0364581657622,11.904607743127,20.7946051185459,26.0841629029318,57.3556205126044,75.4492498782588,15.2923200146701,58.7729623504209,66.1528152168939,63.2428058626959,14.6619006994392,9.53479336796798,16.4035796044076,14.6619006994392,107.814871430316,135.383523029206,44.2323744610965,60.7999768035665,26.952566624724,11.0410619508306,14.8327866822296,68.586915734134,109.47796318281,117.718943369548,101.745921784274,14.4413412594479,70.5817156705676,72.9345128366889,18.8586491379792,17.2586101823789,60.3737606391884,11.0410619508306,25.922312426257,75.4259705420339,48.8810235297007,63.0739624081798,15.0453243935739,94.1233756529893,16.4566539701643,33.0770700789709,91.4490704764745,25.922312426257,50.5367829424758,21.5389700149958,53.0888086037043,18.8586491379792,121.569231917944,98.4923843941177,18.6688541527235,18.8586491379792,3.98276934679902,77.308701604333,12.2609478711565,14.4413412594479,25.922312426257,11.7562195370003,79.1726385397112,25.922312426257,11.7562195370003,18.8586491379792,14.2778951418738,53.5485843925162,16.9445791195746,59.6114820932915,65.898803777456,19.8193172735557,20.9189849804465,15.1813935667149,25.922312426257,88.0083924341113,12.1093005677822,62.1046251565128,18.8586491379792,93.1046692391621,130.779341350263,18.5230231436684,16.3083137779673,107.003043225197,15.0453243935739,87.7923804349568,11.4913341989074,32.9039541307783,19.8193172735557,19.8193172735557,19.8964132127288,131.836132360951,18.8586491379792,14.8025422253451,9.80503842425759,15.0453243935739,3.98276934679902,45.8060381234151,40.8671501603081,7.85970176445141,25.922312426257,25.922312426257,20.9189849804465,18.8586491379792,18.6688541527235,14.0934008506487,12.8693859917312,11.4913341989074,111.384630972891,19.2421435965619,13.1056797666844,3.98276934679902,3.98276934679902,67.3147704506824,151.861347863404,11.7562195370003,25.922312426257,67.2858413974946,11.7562195370003,99.5922061402301,54.5072268809592,14.2646271536826,88.6197870887947,15.0364581657622,104.681436407556,16.56494829631,25.922312426257,11.0134851411149,15.4839032018118,18.8586491379792,18.6688541527235,14.8327866822296,18.6188702053161,3.98276934679902,16.4035796044076,125.618596807308,43.899610741936,12.7575118430958,13.1056797666844,9.40305706582229,16.3083137779673,14.2109112259976,14.5069129371848,55.645821392217,3.98276934679902,67.3083146595768,11.1590532339448,90.2323754732877,57.212097257189,17.9617334167453,78.6168084664036,25.922312426257,3.98276934679902,3.98276934679902,59.5814828544158,142.889065370606,116.132778733587,77.4666582348141,18.8896174252176,16.3083137779673,93.0656198910243,130.961804562006,49.9499603237505,86.7560173321672,15.7034714342628,76.8728513616273,130.866596698283,136.45087064727,144.075620625155,70.5648511518201,59.5558772425276,106.291167512923,63.6549414659276,25.922312426257,9.47391091557097,16.9690453924282,11.0134851411149,15.975418360734,47.6195526134925,51.2864171161249,20.3519068699905,141.120647396221,3.98276934679902,78.499286967141,24.7543231567735,69.5041107404762,103.940063087759,54.8160144179255,8.9945474094486,11.7562195370003,64.8008677332261,12.3962826667095,9.91916022497469,23.3036045195908,48.0669634702782,90.1249765109808,79.8973655621708,97.8621502024667,18.8586491379792,65.7636308555567,101.823547147036,11.0055614575577,22.9406311803434,65.2502553258317,48.0791201101959
"Zo_NP_4.NP_Cont_4",29.2114197974308,16.944332917679,13.4151031200437,23.4330922971349,29.3938063893682,57.8628517299025,74.8520921252141,15.2923200146701,55.0603434829467,67.8595974342942,60.7512835810304,14.6619006994392,9.53479336796798,16.4035796044076,14.6619006994392,101.004332878934,130.049935127841,68.5182830046589,94.1823736134151,41.7509484895282,11.0410619508306,14.8327866822296,54.0531312256205,111.937285775669,78.6753222561083,111.346315965936,14.4413412594479,55.6252267423641,25.922312426257,18.8586491379792,17.2586101823789,57.9952676579147,11.0410619508306,25.922312426257,82.5429049217062,49.988080589363,61.2984947046736,15.0453243935739,103.004532677575,16.4566539701643,11.7562195370003,92.2578111530462,25.922312426257,17.9617334167453,21.5389700149958,14.5069129371848,18.8586491379792,121.352957860267,94.6121648664599,18.6688541527235,18.8586491379792,3.98276934679902,74.263037358632,12.2609478711565,14.4413412594479,101.546712617425,11.7562195370003,87.1792908312803,25.922312426257,46.0532003148727,18.8586491379792,14.2778951418738,53.8631340578966,16.9445791195746,55.7531071958752,71.0776898196766,19.8193172735557,20.9189849804465,15.1813935667149,25.922312426257,88.4783561826663,50.8341247297163,58.0848806659744,18.8586491379792,92.3458517878197,129.600507592034,18.5230231436684,16.3083137779673,100.077232266813,67.5582298156259,87.5345630789272,11.4913341989074,8.20613874668428,88.9949565811671,19.8193172735557,19.8964132127288,128.054248561998,58.6752367712303,34.5151499098459,44.0277006921807,15.0453243935739,3.98276934679902,12.2609478711565,44.6242578582401,7.85970176445141,25.922312426257,25.922312426257,93.9328098118145,18.8586491379792,83.8290159953475,32.8616419865237,12.8693859917312,35.7531841228411,108.654693059825,19.2421435965619,13.1056797666844,3.98276934679902,3.98276934679902,67.9100765889943,151.591183534909,11.7562195370003,25.922312426257,69.0994833333197,11.7562195370003,98.6441982848625,35.178469645,44.3817778024229,97.5818203677155,46.7831887969116,102.950579262273,15.5185600061139,80.6525328585342,11.0134851411149,15.4839032018118,18.8586491379792,18.6688541527235,14.8327866822296,18.6188702053161,3.98276934679902,70.4943556942183,126.289398591218,35.8439710376436,12.7575118430958,58.8486165141,9.40305706582229,73.2294486510262,14.2109112259976,14.5069129371848,61.419165874455,12.3916582104497,76.4825442015214,11.1590532339448,89.149641203175,36.9241684425497,17.9617334167453,77.5164810092951,25.922312426257,3.98276934679902,3.98276934679902,60.1083987487357,139.217655249096,115.21362328386,74.4147711079645,84.8203123946708,16.3083137779673,99.5331456824703,131.251844006984,49.8151646954702,95.5295693798433,15.7034714342628,49.6130407451397,135.192507562208,132.944884333455,145.446421528238,45.5419146468337,61.1611634996141,102.103706052443,41.0823216342277,25.922312426257,9.47391091557097,16.9690453924282,49.4540058273662,15.975418360734,15.9962914003491,49.7287688363474,47.4546267712181,140.56547747393,3.98276934679902,50.6627275270974,24.7543231567735,69.8752618491392,25.922312426257,44.7571994372661,8.9945474094486,11.7562195370003,16.1611248730431,12.3962826667095,9.91916022497469,23.3036045195908,57.1188639540239,25.922312426257,80.3240165255704,98.4370021233681,81.0450128756016,70.3338252968068,104.450655593039,46.2006934853473,22.9406311803434,65.8273036803283,12.8693859917312
"Zo_NP_10.NP_Cont_4",25.922312426257,15.0364581657622,11.904607743127,20.7946051185459,26.0841629029318,55.6959337271304,72.5876123662442,15.2923200146701,56.9538217619826,67.0012703538195,60.2044335509257,14.6619006994392,9.53479336796798,16.4035796044076,14.6619006994392,104.477785790719,128.879296307594,18.8586491379792,25.922312426257,11.4913341989074,11.0410619508306,14.8327866822296,55.0397231100346,104.572909708999,64.8346032913279,94.2892514040512,14.4413412594479,56.640512925206,85.8671794614449,18.8586491379792,17.2586101823789,57.4732257849663,11.0410619508306,25.922312426257,69.8982148288092,49.8583370790265,59.5847826440296,62.9959315880835,87.2253400854674,16.4566539701643,38.9422593236413,88.8028291411491,90.7913512048641,59.4979090357719,75.4389561805343,65.1683950971662,66.0512923762645,112.543550478784,93.7605175899627,18.6688541527235,18.8586491379792,3.98276934679902,73.5945618660761,12.2609478711565,14.4413412594479,73.154673520569,41.1754568525351,63.5681947702308,77.8841499639277,33.1769167782372,78.9626158839904,14.2778951418738,53.8395984677558,70.9482573510684,58.2266846344389,47.5823203438584,19.8193172735557,20.9189849804465,15.1813935667149,108.538717909392,88.1035455683877,36.4870318137351,60.6619110336675,18.8586491379792,90.7753226592087,126.418199373961,89.3121296041318,78.6335050421042,104.517321730874,70.7753009437367,87.8546495790594,48.1151010183182,34.5192986229628,93.2328282090368,19.8193172735557,19.8964132127288,125.711682622106,73.2232763932655,56.6233076868438,46.1242660569107,15.0453243935739,19.2036477698981,45.1798367985779,42.2430402259562,25.0534348888905,25.922312426257,25.922312426257,98.405818226224,69.5870932807137,87.8208894916271,53.9106702464891,12.8693859917312,44.6178903917053,105.477531814024,92.7794998380108,13.1056797666844,3.98276934679902,6.38308766031647,65.3668979669445,140.586684635608,35.3218166023315,95.6515156340113,66.1434260070203,49.2241963226583,95.0198651624262,12.2609478711565,55.3858725022606,71.1533680077026,58.3826934894319,107.88816331022,16.0522300567301,100.649661259024,11.0134851411149,74.6584593028896,18.8586491379792,18.6688541527235,14.8327866822296,18.6188702053161,6.38308766031647,88.9560246985757,125.754413436598,39.8961615013008,20.4461542538117,61.6509425317213,9.40305706582229,76.7165788737336,14.2109112259976,14.5069129371848,58.4685779858532,15.4640673654603,74.4882860821416,41.1761241557398,89.4401439197864,12.8693859917312,75.2071607048876,75.0964006090532,59.3643279393088,3.98276934679902,6.38308766031647,57.857386787306,142.782877167101,111.728097222044,73.7449297906803,88.8593906657701,16.3083137779673,105.486381208106,127.452298778176,48.2261521385258,69.6569358932577,25.1675721107816,17.2919092969179,133.117949729698,136.349466996941,142.915042290875,15.872977053078,58.5447053623526,101.184623994627,14.3186502729218,25.922312426257,9.47391091557097,70.9186283575909,51.8089676839873,15.975418360734,60.1655187056013,53.8282810012833,77.8509709460803,137.041868237983,3.98276934679902,17.6577624748561,91.3417171085837,69.5792573691002,109.042763138907,49.8170377166025,33.8841056494433,26.9227552096812,67.982118362424,51.9041899257498,31.6181252541738,23.3036045195908,13.321756322889,25.922312426257,79.983749196088,98.393989904024,102.269778850531,74.5406030946928,103.129503837672,33.1613100841108,22.9406311803434,63.3621232553349,47.4218441277392
"Zo_NP_11.NP_Cont_4",25.922312426257,15.0364581657622,11.904607743127,20.7946051185459,26.0841629029318,58.3409104907244,75.3455601972001,15.2923200146701,14.1309920612293,69.9384647796402,63.5041613209577,14.6619006994392,9.53479336796798,16.4035796044076,14.6619006994392,25.922312426257,135.943005206186,52.8291276521892,72.6167151309231,32.1909144629804,11.0410619508306,14.8327866822296,14.8327866822296,111.206906577638,27.6158014375938,96.0017649748057,14.4413412594479,15.2641873599556,25.922312426257,18.8586491379792,17.2586101823789,60.6232595610594,11.0410619508306,25.922312426257,71.1677300671146,50.6277594640582,14.8269037136375,15.0453243935739,88.8095564875039,16.4566539701643,11.7562195370003,93.0200386195017,25.922312426257,17.9617334167453,21.5389700149958,59.8499403569523,18.8586491379792,120.708489265971,98.8994112789544,18.6688541527235,18.8586491379792,3.98276934679902,77.6281853916162,12.2609478711565,14.4413412594479,25.922312426257,11.7562195370003,74.6712795138147,25.922312426257,11.7562195370003,18.8586491379792,14.2778951418738,54.5627980867746,16.9445791195746,14.4413412594479,65.5033855340315,19.8193172735557,20.9189849804465,15.1813935667149,25.922312426257,89.4344714749056,40.160392092717,15.0453243935739,18.8586491379792,92.9940411308312,132.246676005655,18.5230231436684,16.3083137779673,25.922312426257,15.0453243935739,88.7229464147162,11.4913341989074,36.5935398520515,19.8193172735557,19.8193172735557,19.8964132127288,130.330400199579,18.8586491379792,65.4695985304744,9.80503842425759,15.0453243935739,3.98276934679902,56.2030357375253,42.1709631731612,7.85970176445141,25.922312426257,25.922312426257,20.9189849804465,18.8586491379792,18.6688541527235,62.3331642345312,12.8693859917312,11.4913341989074,109.262057622057,19.2421435965619,13.1056797666844,3.98276934679902,3.98276934679902,68.4711448061814,150.786128934815,11.7562195370003,25.922312426257,68.6304782693007,11.7562195370003,101.483343838998,40.5063789910771,14.2646271536826,83.5813105918281,15.0364581657622,106.893115208353,3.98276934679902,25.922312426257,11.0134851411149,15.4839032018118,18.8586491379792,18.6688541527235,14.8327866822296,18.6188702053161,3.98276934679902,86.707658877444,127.654107774913,38.8586928624369,12.7575118430958,13.1056797666844,9.40305706582229,16.3083137779673,14.2109112259976,14.5069129371848,14.8327866822296,3.98276934679902,71.3534653122788,11.1590532339448,91.0147482129211,42.5164703285173,17.9617334167453,79.0566569004917,25.922312426257,3.98276934679902,3.98276934679902,60.6050100591313,139.907444211821,115.973177799094,77.7867947892694,18.8896174252176,16.3083137779673,102.938241479355,133.439722944112,50.5127612176771,81.8235054332097,15.7034714342628,57.1271192750142,128.366353172472,133.603593271627,146.232441107023,52.4394060708133,60.7460388992717,106.730423431689,47.3043912012777,25.922312426257,9.47391091557097,16.9690453924282,11.0134851411149,15.975418360734,15.9962914003491,50.4568593221112,90.0136714237153,143.46867941078,3.98276934679902,58.3357850026874,24.7543231567735,70.6303482825407,115.595068778339,48.52158441064,8.9945474094486,11.7562195370003,72.0671177214298,12.3962826667095,9.91916022497469,23.3036045195908,13.321756322889,25.922312426257,81.192014348401,99.7156657344064,99.6849075494433,72.7399927222893,107.650483846111,36.4998507438123,22.9406311803434,66.3711641760496,58.9920590491061
"Zo_NP_13.NP_Cont_4",25.922312426257,15.0364581657622,11.904607743127,20.7946051185459,26.0841629029318,56.9402779659431,73.6291673746301,15.2923200146701,32.4327187286047,69.1064389127629,54.685406952176,14.6619006994392,9.53479336796798,16.4035796044076,14.6619006994392,59.4955445500882,117.064746740442,78.9730242668197,108.553024838249,48.1214432650341,11.0410619508306,14.8327866822296,63.3312632747585,111.178198825371,27.6158014375938,84.1067145249704,14.4413412594479,65.1732064296958,41.016821396505,18.8586491379792,17.2586101823789,52.2045729115052,11.0410619508306,25.922312426257,62.3497282338071,50.9513857287336,14.8269037136375,15.0453243935739,77.8056530163168,16.4566539701643,18.601841885017,90.7868391296239,102.654289070714,28.4208136763305,85.2959264531202,62.5176688658097,74.6816560289726,116.232490103531,85.165356736006,18.6688541527235,18.8586491379792,16.3403402007813,66.8480430383782,45.1912376359221,14.4413412594479,25.922312426257,46.5555054998719,47.5676751464298,25.922312426257,11.7562195370003,18.8586491379792,14.2778951418738,53.7808526104497,16.9445791195746,55.7715828908663,64.6824930821739,19.8193172735557,20.9189849804465,15.1813935667149,25.922312426257,87.8259987257705,12.1093005677822,58.1041290736912,60.1495529720786,91.3453964184847,128.330510376108,78.4950433151068,69.1097660716076,100.110396273483,68.6971533082797,87.3107296867671,11.4913341989074,36.8836518572055,90.4952689347414,19.8193172735557,19.8964132127288,121.449938945437,76.3581970514858,14.8025422253451,44.7699371714772,15.0453243935739,16.8777877113398,58.6121681503032,36.531717454586,7.85970176445141,25.922312426257,25.922312426257,95.5163664579496,38.2854379023352,85.2422388690626,14.0934008506487,12.8693859917312,46.5281237656387,104.952311471178,81.542461150783,53.7694371184799,3.98276934679902,3.98276934679902,66.8273084035973,145.194818904145,11.7562195370003,52.6255658832805,67.1074248086943,11.7562195370003,98.5934438633192,52.492272576676,57.7571173363262,53.2436119540362,60.8822417330748,105.292305637604,9.14104525895578,104.958792424218,45.1856681448814,65.6161601206333,18.8586491379792,18.6688541527235,14.8327866822296,18.6188702053161,3.98276934679902,79.7631075917444,125.358257525172,44.1007459045391,12.7575118430958,59.840709883642,9.40305706582229,74.4639798051188,14.2109112259976,14.5069129371848,52.4941706388108,16.1261331269502,58.2677558075534,22.6542864502768,90.233125549387,55.0971527219037,17.9617334167453,76.8433575493994,64.0408017527715,3.98276934679902,3.98276934679902,59.1500216549476,136.869048604523,113.331276544872,66.984626520101,86.2502469371265,16.3083137779673,108.07967948258,127.300191483539,48.0999667214767,52.1238413367348,15.7034714342628,74.0311129060659,124.151285937957,130.702099550527,145.644890304352,67.9562988791097,59.3979575934614,91.908884679873,61.3018260051873,25.922312426257,9.47391091557097,16.9690453924282,50.28772111559,35.4389148134954,15.9962914003491,52.1667805859936,20.3519068699905,139.577040815023,3.98276934679902,75.5974244947933,50.2544002541714,69.360066381157,116.511501496376,55.0671653458464,25.0457677001458,29.0436174192738,72.6384627214588,12.3962826667095,9.91916022497469,23.3036045195908,52.7030606202608,25.922312426257,79.7317816174072,98.2866295325654,91.7009882296308,76.3731241762759,106.369815369558,11.0055614575577,22.9406311803434,64.77774353056,61.5207424144571
"Zo_NP_15.NP_Cont_4",25.922312426257,15.0364581657622,11.904607743127,20.7946051185459,26.0841629029318,56.9055948023654,74.0525006858956,58.4763450914592,48.1472851830263,66.7678117010876,59.7941477518949,14.6619006994392,9.53479336796798,16.4035796044076,14.6619006994392,88.3228129760857,128.000999777832,18.8586491379792,25.922312426257,11.4913341989074,11.0410619508306,14.8327866822296,60.8597683306415,105.688457990702,83.1484240768547,98.7138006568574,14.4413412594479,62.6298298751484,85.8995082681409,72.1136409578995,17.2586101823789,57.0815528304467,11.0410619508306,25.922312426257,73.1782079307589,50.3473031850608,52.6120426993842,15.0453243935739,91.3184133420055,62.9286449464105,38.9569209997541,90.7315395261671,25.922312426257,59.520309869386,21.5389700149958,58.7880773830168,18.8586491379792,121.531064366784,93.1215512114416,18.6688541527235,18.8586491379792,15.7440414660656,73.0930239918926,12.2609478711565,14.4413412594479,27.6352557743141,11.7562195370003,18.0869026824411,25.922312426257,12.5330691375709,18.8586491379792,54.5972829953161,53.3756663467189,16.9445791195746,59.963784140857,66.7577562701017,19.8193172735557,20.9189849804465,15.1813935667149,25.922312426257,87.2224887571055,36.5051470229675,62.4716616038149,18.8586491379792,91.5796146735877,124.086582354235,73.2692025153704,64.5087540848069,107.635427958813,66.836593826287,87.5346377616241,11.4913341989074,39.8485168555798,88.0443401468128,19.8193172735557,19.8964132127288,126.495180008422,65.7281219862974,54.4444711884155,43.5574104931327,15.0453243935739,15.7541418363112,53.5419644844567,40.7977992649257,7.85970176445141,25.922312426257,25.922312426257,92.9294487657225,18.8586491379792,82.9335805308866,51.8362146771074,12.8693859917312,40.0507910447308,109.180374727505,76.1137372161766,51.8072596530076,3.98276934679902,6.42548094884343,66.7866029038769,151.813669880477,11.7562195370003,25.922312426257,67.2513233827462,11.7562195370003,98.9062337114994,12.2609478711565,49.7165595895257,20.2450934360325,52.4066251686454,103.805428729531,13.5701393594773,90.3471346677012,43.5367332750439,61.2477364317142,18.8586491379792,18.6688541527235,14.8327866822296,18.6188702053161,6.42548094884343,80.7288617861055,124.496838820363,10.7181541187439,20.5819474251851,58.2200139039476,9.40305706582229,72.4472344667552,14.2109112259976,14.5069129371848,48.3338787682279,13.8811612408917,68.5411321334162,11.1590532339448,90.2432169082258,12.8693859917312,17.9617334167453,76.1312769477573,25.922312426257,3.98276934679902,6.42548094884343,59.1139925038797,136.104674470446,113.982878434183,73.2423671776121,83.9142882105262,16.3083137779673,105.346787460922,130.058589229953,50.8291909925774,19.8193172735557,25.3347225876031,17.2919092969179,128.990487618667,129.972166047046,143.493741865632,15.872977053078,59.5253247428291,100.495063245415,14.3186502729218,25.922312426257,9.47391091557097,16.9690453924282,48.925753525324,15.975418360734,34.5171282166652,52.2870828262311,74.855304605401,140.720516294423,3.98276934679902,17.6577624748561,24.7543231567735,68.883447929951,125.877192128963,13.3834100297698,8.9945474094486,11.7562195370003,78.4774516722369,12.3962826667095,9.91916022497469,71.891022082044,43.9008421565949,25.922312426257,79.1838923167028,97.5461356530158,92.8112836617384,74.4419609573462,102.770160277531,33.1777741273814,22.9406311803434,64.7382864510492,56.1989346131232
"SW_NP_5.NP_Cont_4",25.922312426257,15.0364581657622,11.904607743127,20.7946051185459,26.0841629029318,56.8377539715126,73.6782868184208,15.2923200146701,59.0849324141528,65.8927925685366,57.6747034792341,14.6619006994392,9.53479336796798,16.4035796044076,14.6619006994392,108.387158600577,123.463917202466,31.7681719820296,43.6672040136104,19.3576262256601,11.0410619508306,14.8327866822296,58.2109084857824,105.388046755207,27.6158014375938,86.6905902059658,14.4413412594479,59.9039298923332,109.133972606419,18.8586491379792,17.2586101823789,55.0582583314087,11.0410619508306,25.922312426257,64.2651989237504,50.2605119735965,52.5790033851838,15.0453243935739,80.1959512916482,16.4566539701643,49.4941546806785,90.6233726043138,25.922312426257,75.6196164305671,21.5389700149958,66.6329098185685,18.8586491379792,117.920302147093,89.8207944351211,18.6688541527235,18.8586491379792,3.98276934679902,70.502191997533,12.2609478711565,14.4413412594479,25.922312426257,11.7562195370003,67.2168161109365,25.922312426257,11.7562195370003,18.8586491379792,14.2778951418738,53.9016008868625,16.9445791195746,66.8907771080086,64.4610454336261,83.7868276452122,20.9189849804465,15.1813935667149,25.922312426257,87.1890223370452,12.1093005677822,69.6883635977947,18.8586491379792,90.8421737324002,127.937709597748,34.9147348222877,30.7401468183677,120.069430635089,63.7373657234448,87.8824013342658,11.4913341989074,31.3858345093836,83.9617040090645,19.8193172735557,19.8964132127288,124.5009005216,56.0516999235043,52.4892932761309,41.5376434320193,63.6046128346035,7.5072699808917,54.9911380239524,41.5233186915049,7.85970176445141,109.587444080231,25.922312426257,88.6202890268986,57.920053297602,79.0879314824223,49.9747029426581,12.8693859917312,34.1545574937655,106.381628648957,36.270231693577,13.1056797666844,3.98276934679902,16.1075388041928,66.7069822857889,147.303192937868,11.7562195370003,79.6144891577734,68.3586934911187,11.7562195370003,101.346020612703,25.1169630156863,42.3973421897262,75.2373552581565,44.6913792633368,108.12592084695,16.6528759380188,77.0463285471348,11.0134851411149,29.1861846801194,18.8586491379792,18.6688541527235,14.8327866822296,18.6188702053161,16.1075388041928,80.4517982292188,124.449070594949,10.7181541187439,51.5952843773819,55.520338577764,33.7822133668805,69.0878396774854,14.2109112259976,14.5069129371848,41.8843603672491,11.8375919005634,75.1166285040281,34.272494987948,90.5561322120871,26.3633689161436,17.9617334167453,75.0072051728204,107.422583082781,3.98276934679902,16.1075388041928,59.0435188996513,132.924126839393,113.406882034741,70.6462416123675,80.0231635232328,68.9439427624359,100.961289850068,128.871860102529,47.832431671286,73.6550324845947,63.5096470477796,35.4230562632939,129.136577893324,126.934925287813,143.176091222375,32.5163259627653,60.505477429732,96.9329473154423,29.3322354126933,25.922312426257,9.47391091557097,55.6454929565648,46.6570551731531,52.9562603033856,15.9962914003491,50.1871137468013,72.1671448164057,137.954486922612,3.98276934679902,36.1725187710876,76.0272756598951,68.8570180213749,99.1444859788382,13.3834100297698,8.9945474094486,48.7180097665068,61.8110912340791,12.3962826667095,9.91916022497469,23.3036045195908,45.8833619251776,25.922312426257,79.1535102278626,98.5073017706284,92.4927529181901,71.343005120209,101.42331582948,11.0055614575577,22.9406311803434,64.6611077631527,57.7200220400298
"Zo_NP_1.NP_Sim2_1",25.4079032643236,15.0280983934604,11.1390895157576,21.2589412771457,25.9544956491953,58.5536892896788,69.091613436696,16.1989033902051,57.2970613509274,60.5785311860585,65.0530156827655,14.320106920872,8.79276615356021,17.3890715948113,14.320106920872,105.675364863755,132.69693691467,43.5314462020192,59.5934461284168,29.4926960071378,10.1849309889586,15.2782490534461,70.6467370456587,103.933143941261,120.9256967667,100.017111705072,15.4387852448554,67.2154628103148,71.4871812480787,18.559805581198,17.8285178198743,61.621875224202,10.1849309889586,25.4079032643236,77.9367280467568,49.6525869884245,62.2989868985354,15.0000516477925,90.6847772894721,16.7505999543487,33.5392729985653,92.6319617970403,25.4079032643236,53.8487841059751,20.7360067417298,52.4545157601902,18.559805581198,118.765610721947,96.931624964699,17.8678924217263,18.559805581198,3.98276934679902,81.3360155368078,12.023543191965,15.4387852448554,25.4079032643236,11.9204952416024,78.0552533313356,25.4079032643236,11.9204952416024,18.559805581198,13.7194848924611,50.4635058344777,17.484958808953,63.728766852855,67.8338085487252,18.9454612871535,21.3305076991805,15.1513731261657,25.4079032643236,89.0425496074659,12.4559071818146,61.9177467062377,18.559805581198,94.1987110561237,131.633913216963,19.057645151763,16.2505260819259,104.879646790316,15.0000516477925,85.7457911111442,12.5743284846912,33.8734139175719,18.9454612871535,18.9454612871535,19.4425135902665,129.193355503734,18.559805581198,15.573664793737,9.96690401671339,15.0000516477925,3.98276934679902,44.9191109543254,41.5122184802608,7.3559966234276,25.4079032643236,25.4079032643236,21.3305076991805,18.559805581198,17.8678924217263,13.8999799952853,14.0068134728303,12.5743284846912,108.815886337615,19.9075679597922,12.6407491340812,3.98276934679902,3.98276934679902,69.2415328206207,148.847771474078,11.9204952416024,25.4079032643236,69.2117757261174,11.9204952416024,100.582482936561,53.4518214712573,14.3046923745888,90.199322276785,15.0280983934604,105.660492852564,16.56494829631,25.4079032643236,10.2068145650252,17.0800583353874,18.559805581198,17.8678924217263,15.2782490534461,17.1873578412209,3.98276934679902,17.3890715948113,128.696031826524,41.2587556297427,13.1499430057625,12.6407491340812,8.77999949711341,16.2505260819259,16.3854817899064,14.3335876865425,57.3169921625326,3.98276934679902,64.3749526189469,11.884728979164,91.292665927228,62.2686408804401,19.1388815949829,80.9252555210449,25.4079032643236,3.98276934679902,3.98276934679902,55.9972582809202,140.053537306671,151.673257012719,79.7931584405269,18.8633287305629,16.2505260819259,93.0658866184279,128.774469672311,52.3108987623372,82.9308469665216,16.0006848286058,78.5607931654491,128.269645653728,131.828754565067,145.017076445259,67.0438776964323,55.973193017794,107.285279326557,61.6747333405183,25.4079032643236,9.13532283335547,17.2019370369602,10.2068145650252,16.3122249209784,45.5442460375564,47.8881190804458,20.5422526110604,138.320212282066,3.98276934679902,78.8900838920188,23.9157989712977,71.4935389779071,101.877449233521,52.5653318795255,10.9491333787555,11.9204952416024,66.5480441321575,13.1768588132109,10.3042502802697,22.9076426405424,49.424792574011,88.3365128556579,66.3497425391271,102.503228958178,18.559805581198,60.0736192445171,132.984926433286,11.5877004342235,22.701387367076,64.4039546885614,52.3284691090946
"Zo_NP_4.NP_Sim2_1",28.6317407267603,16.9349124302587,12.5524534484187,23.9563449388339,29.2476865324437,59.0715157699828,68.5447744329861,16.1989033902051,53.6776734127464,62.1414935398992,62.4901781259526,14.320106920872,8.79276615356021,17.3890715948113,14.320106920872,98.9999764244041,127.469190129534,67.4325081303379,92.313393906562,45.6857429927208,10.1849309889586,15.2782490534461,55.6764698822932,106.267907227044,80.8184977697111,109.454381331621,15.4387852448554,52.9722935167443,25.4079032643236,18.559805581198,17.8285178198743,59.1942113490027,10.1849309889586,25.4079032643236,85.2905688430913,50.777118411598,60.5453339651157,15.0000516477925,99.2414800347779,16.7505999543487,11.9204952416024,93.4511635129854,25.4079032643236,19.1388815949829,20.7360067417298,14.3335876865425,18.559805581198,118.554324361591,93.1128933302754,17.8678924217263,18.559805581198,3.98276934679902,78.1316906772844,12.023543191965,15.4387852448554,99.5315930372091,11.9204952416024,85.9489055384788,25.4079032643236,46.6967253789543,18.559805581198,13.7194848924611,50.7599334441752,17.484958808953,59.6038991992789,73.1647636517956,18.9454612871535,21.3305076991805,15.1513731261657,25.4079032643236,89.5180357427881,52.2891587138213,57.9100979914809,18.559805581198,93.4309769947981,130.447376421275,19.057645151763,16.2505260819259,98.0912734398203,67.3549409742641,85.4939839150593,12.5743284846912,8.44791885275116,85.0710688662342,18.9454612871535,19.4425135902665,125.487283053321,57.7454397150678,36.3131796429644,44.7545280179539,15.0000516477925,3.98276934679902,12.023543191965,45.3286303171181,7.3559966234276,25.4079032643236,25.4079032643236,95.7806760112605,18.559805581198,80.2324463714089,32.4106417652828,14.0068134728303,39.1227227189158,106.148906063386,19.9075679597922,12.6407491340812,3.98276934679902,3.98276934679902,69.8538785099584,148.582968357327,11.9204952416024,25.4079032643236,71.0773298501753,11.9204952416024,99.6250487393314,34.4973205700443,44.506433407698,99.3210924201807,46.7571788947405,103.913447480394,15.5185600061139,79.0520428577447,10.2068145650252,17.0800583353874,18.559805581198,17.8678924217263,15.2782490534461,17.1873578412209,3.98276934679902,74.7295058614816,129.383267076124,33.6877165161054,13.1499430057625,56.7609320146454,8.77999949711341,72.9699637540874,16.3854817899064,14.3335876865425,63.2637233304963,12.3916582104497,73.1493602841075,11.884728979164,90.197208808972,40.1876158152741,19.1388815949829,79.7926188449914,25.4079032643236,3.98276934679902,3.98276934679902,56.4924766610778,136.454983609876,150.472809539738,76.6496161914581,84.7022679026699,16.2505260819259,99.5334309458957,129.059664854495,52.1697318741381,91.3175632381186,16.0006848286058,50.7024230693946,132.509712008663,128.441529499518,146.396834786685,43.2695103270961,57.4819105730876,103.058653700282,39.8043132779664,25.4079032643236,9.13532283335547,17.2019370369602,45.831801696743,16.3122249209784,15.2991574099653,46.4336823991206,47.8984567355387,137.776059297221,3.98276934679902,50.9149443164269,23.9157989712977,71.8753136092376,25.4079032643236,42.9195202788886,10.9491333787555,11.9204952416024,16.5968649633549,13.1768588132109,10.3042502802697,22.9076426405424,58.7323974549883,25.4079032643236,66.7040493598396,103.105343033367,79.7607331941716,64.2483905758032,136.416017111354,48.6444783418064,22.701387367076,64.9735186832236,14.0068134728303
"Zo_NP_10.NP_Sim2_1",25.4079032643236,15.0280983934604,11.1390895157576,21.2589412771457,25.9544956491953,56.8593342554851,66.4711082216662,16.1989033902051,55.5236028466537,61.3554923146771,61.927675512426,14.320106920872,8.79276615356021,17.3890715948113,14.320106920872,102.404501226229,126.321781772857,18.559805581198,25.4079032643236,12.5743284846912,10.1849309889586,15.2782490534461,56.6926913683236,99.2765206911376,66.6007471115693,92.6871409181549,15.4387852448554,53.9391576686892,84.1632086467266,18.559805581198,17.8285178198743,58.6613772366987,10.1849309889586,25.4079032643236,72.2249660285218,50.6453269623201,58.8526778969427,62.8063711159101,84.0387468551003,16.7505999543487,39.4864195504092,89.9514913996658,88.9896638354614,63.3971905586294,72.6266252685028,64.3897781396452,65.0046106654326,109.94807892223,92.2747416811356,17.8678924217263,18.559805581198,3.98276934679902,77.4283916705726,12.023543191965,15.4387852448554,71.7029730056446,41.7508226974373,62.671039365668,76.3385964788821,33.6405149071353,77.7113349035305,13.7194848924611,50.7377538029417,73.210868714783,62.2483232991193,48.9794931545267,18.9454612871535,21.3305076991805,15.1513731261657,106.384847143582,89.1388208543865,37.5314064646291,60.4793738410489,18.559805581198,91.8419931038697,127.244273549809,91.8899069845208,78.3548711410213,102.443252604825,70.562331643547,85.8066086558609,52.6496814735365,35.5363518242368,89.122087968333,18.9454612871535,19.4425135902665,123.191676008093,72.0629438478942,59.573038198645,46.8857043429067,15.0000516477925,19.2036477698981,44.3050345586693,42.9098263091883,23.4478340236113,25.4079032643236,25.4079032643236,100.341678397908,68.4843815058711,84.0530539785587,53.1707886478037,14.0068134728303,48.8228782113561,103.045016289908,95.9879645961452,12.6407491340812,3.98276934679902,6.38308766031647,67.2379060443556,137.796845618424,35.8153865201023,93.7533818878446,68.0366607814372,49.9120313455519,95.9646777266583,12.023543191965,55.541435433768,72.4215864519602,58.3502346471599,108.897211382675,16.0522300567301,98.6523430010786,10.2068145650252,82.3546119801557,18.559805581198,17.8678924217263,15.2782490534461,17.1873578412209,6.38308766031647,94.300312467024,128.83517572472,37.4961406292034,21.0750941430761,59.4638440963758,8.77999949711341,76.4447375048683,16.3854817899064,14.3335876865425,60.2245225665462,15.4640673654603,71.2420138798136,43.8538167839154,90.4911251258089,14.0068134728303,80.1359707567977,77.3014769557256,58.1862866564999,3.98276934679902,6.38308766031647,54.3768781200745,139.949456329708,145.92059701229,75.9596580136049,88.7357249855278,16.2505260819259,105.48668353359,125.323579944301,50.5056129347107,66.5856832570238,25.6439087963183,17.6715977832062,130.476322245516,131.730785846599,143.848914362787,15.0809633245771,55.0228498872122,102.130975722855,13.8732189055783,25.4079032643236,9.13532283335547,71.8919509932606,48.0142769686718,16.3122249209784,57.5434466834681,50.2615560889842,78.579089488112,134.322373486477,3.98276934679902,17.7456689965839,88.2476216468186,71.5708365415384,106.878889967455,47.7716074149987,41.2473885885429,27.2989607209835,69.8150683970002,55.1725223483659,32.8456309427903,22.9076426405424,13.6980785854601,25.4079032643236,66.4214787200345,103.06029097434,100.649160945224,68.0911888579048,134.690549143311,34.9153769885307,22.701387367076,62.540311830659,51.6131014845353
"Zo_NP_11.NP_Sim2_1",25.4079032643236,15.0280983934604,11.1390895157576,21.2589412771457,25.9544956491953,59.55956042704,68.9966610366041,16.1989033902051,13.7761359424811,64.0451877349055,65.3218519637173,14.320106920872,8.79276615356021,17.3890715948113,14.320106920872,25.4079032643236,133.245316580692,51.9919709558788,71.1756900032798,35.2247289717323,10.1849309889586,15.2782490534461,15.2782490534461,105.574520136951,28.36807683644,94.3705564113652,15.4387852448554,14.5361926679633,25.4079032643236,18.559805581198,17.8285178198743,61.8765320696484,10.1849309889586,25.4079032643236,73.5367405163805,51.426894309829,14.6447289013503,15.0000516477925,85.5650872631055,16.7505999543487,11.9204952416024,94.2232503716651,25.4079032643236,19.1388815949829,20.7360067417298,59.1348670702914,18.559805581198,117.924718457324,97.3322018985832,17.8678924217263,18.559805581198,3.98276934679902,81.6721424894917,12.023543191965,15.4387852448554,25.4079032643236,11.9204952416024,73.6174232225738,25.4079032643236,11.9204952416024,18.559805581198,13.7194848924611,51.4192879388645,17.484958808953,15.4387852448554,67.4267795302364,18.9454612871535,21.3305076991805,15.1513731261657,25.4079032643236,90.4853860259263,41.3099099730892,15.0000516477925,18.559805581198,94.0867829939061,133.110836106266,19.057645151763,16.2505260819259,25.4079032643236,15.0000516477925,86.6546640192515,12.5743284846912,37.6717070900069,18.9454612871535,18.9454612871535,19.4425135902665,127.717807132178,18.559805581198,68.8801670802446,9.96690401671339,15.0000516477925,3.98276934679902,55.1147949417021,42.8366115547633,7.3559966234276,25.4079032643236,25.4079032643236,21.3305076991805,18.559805581198,17.8678924217263,61.4776905222939,14.0068134728303,12.5743284846912,106.742263626203,19.9075679597922,12.6407491340812,3.98276934679902,3.98276934679902,70.4310062802066,147.793889471719,11.9204952416024,25.4079032643236,70.5949003727236,11.9204952416024,102.492424815438,39.722067369281,14.3046923745888,85.0710413334046,15.0280983934604,107.892856871853,3.98276934679902,25.4079032643236,10.2068145650252,17.0800583353874,18.559805581198,17.8678924217263,15.2782490534461,17.1873578412209,3.98276934679902,91.9168696345534,130.781409238213,36.5210826657961,13.1499430057625,12.6407491340812,8.77999949711341,16.2505260819259,16.3854817899064,14.3335876865425,15.2782490534461,3.98276934679902,68.2438116584467,11.884728979164,92.084232067156,46.2741788767002,19.1388815949829,81.378019346154,25.4079032643236,3.98276934679902,3.98276934679902,56.9592134806598,137.131084219633,151.464812903995,80.1229094249417,18.8633287305629,16.2505260819259,102.938536501834,131.211001656688,52.9003010440353,78.2158150640449,16.0006848286058,58.3814925816916,125.819017615749,129.077925431095,147.187990575912,49.8228377116683,57.0917584931043,107.728643484119,45.8328237523555,25.4079032643236,9.13532283335547,17.2019370369602,10.2068145650252,16.3122249209784,15.2991574099653,47.113528756971,90.8555443304175,140.621649333917,3.98276934679902,58.6262009576619,23.9157989712977,72.6520130128117,113.301169936442,46.5293439325942,10.9491333787555,11.9204952416024,74.0102084797242,13.1768588132109,10.3042502802697,22.9076426405424,13.6980785854601,25.4079032643236,67.4248670196474,104.444646825605,98.1052508035374,66.446371190263,140.595098834164,38.4305096967788,22.701387367076,65.5103252680932,64.2059200034819
"Zo_NP_13.NP_Sim2_1",25.4079032643236,15.0280983934604,11.1390895157576,21.2589412771457,25.9544956491953,58.1296708899363,67.4248979031882,16.1989033902051,31.6182714032778,63.2832714844938,56.2506768564596,14.320106920872,8.79276615356021,17.3890715948113,14.320106920872,58.3148993704636,114.741683223866,77.7215783499361,106.398870161993,52.6566214417035,10.1849309889586,15.2782490534461,65.2332453712389,105.547266369509,28.36807683644,82.6776200389265,15.4387852448554,62.0649015313028,40.2028728423483,18.559805581198,17.8285178198743,53.2838048189667,10.1849309889586,25.4079032643236,64.425207633747,51.7556288595212,14.6447289013503,15.0000516477925,74.963188120873,16.7505999543487,18.8617749930148,91.9611645051417,100.617190453067,30.2834128067648,82.1161320500745,61.7707221740732,73.4982132727752,113.55194447717,83.8157840314441,17.8678924217263,18.559805581198,16.3403402007813,70.3304201770474,44.31621464537,15.4387852448554,25.4079032643236,47.2060495327581,46.8963394730736,25.4079032643236,11.9204952416024,18.559805581198,13.7194848924611,50.6823924531217,17.484958808953,59.6236509856326,66.5817829866504,18.9454612871535,21.3305076991805,15.1513731261657,25.4079032643236,88.8580126516842,12.4559071818146,57.9292884789929,59.1963931663332,92.4187656091538,129.169080464276,80.7606118109787,68.8648790643052,98.1237793312498,68.4904373428228,85.2753684589939,12.5743284846912,37.9703667585069,86.5052307609632,18.9454612871535,19.4425135902665,119.015362913757,75.1481869903563,15.573664793737,45.5090176412224,15.0000516477925,16.8777877113398,57.4772801202208,37.1083530533732,7.3559966234276,25.4079032643236,25.4079032643236,97.3953847203134,37.6787477649903,81.585036844766,13.8999799952853,14.0068134728303,50.9131404481416,102.531908542186,84.3623309857208,51.8619390825703,3.98276934679902,3.98276934679902,68.7401180626698,142.313534862761,11.9204952416024,51.5812503609172,69.0282522882976,11.9204952416024,99.5737896505263,51.4758820608649,57.9193404102318,54.1926117359115,60.8483932248359,106.277075373117,9.14104525895578,102.875962638022,41.8760937016967,72.3801891549799,18.559805581198,17.8678924217263,15.2782490534461,17.1873578412209,3.98276934679902,84.5551045556421,128.429314689165,41.4477911674648,13.1499430057625,57.7178303690403,8.77999949711341,74.200120408642,16.3854817899064,14.3335876865425,54.0706901579532,16.1261331269502,55.7283901445885,24.1274998006895,91.2934248172206,59.9667724284287,19.1388815949829,79.0997302750802,62.7699592979209,3.98276934679902,3.98276934679902,55.59175235748,134.152983331119,148.014402328243,68.9963274367229,86.1302124041567,16.2505260819259,108.079989240494,125.174013158278,50.3734632286097,49.8256425563377,16.0006848286058,75.6566570096631,121.687595280189,126.274716467924,146.596600448307,64.5654843223704,55.8247732915176,92.7684829905894,59.3948197121586,25.4079032643236,9.13532283335547,17.2019370369602,46.6044524279052,36.1860663889724,15.2991574099653,48.7101486362186,20.5422526110604,136.807237434439,3.98276934679902,75.9737749326464,48.5520903274233,71.3453716118648,114.199416723428,52.8061708390558,30.4884102155213,29.4494588294931,74.5969582194522,13.1768588132109,10.3042502802697,22.9076426405424,54.191853429281,25.4079032643236,66.2122354758294,102.947839074255,90.2478486498873,69.7651562511341,138.92250336964,11.5877004342235,22.701387367076,63.9375714062198,66.9580945247122
"Zo_NP_15.NP_Sim2_1",25.4079032643236,15.0280983934604,11.1390895157576,21.2589412771457,25.9544956491953,58.0942632495766,67.8125595637617,61.9430317858986,46.938215170512,61.1417057626035,61.505646031686,14.320106920872,8.79276615356021,17.3890715948113,14.320106920872,86.57011192629,125.460914389629,18.559805581198,25.4079032643236,12.5743284846912,10.1849309889586,15.2782490534461,62.6875258042076,100.335568893761,85.4134502803202,97.0365106924126,15.4387852448554,59.6428262021521,84.1948959121093,70.9708922488787,17.8285178198743,58.2616071763849,10.1849309889586,25.4079032643236,75.6141425753378,51.1420111632863,51.965610430859,15.0000516477925,87.982288341193,64.0526658139392,39.5012861016662,91.9051496027691,25.4079032643236,63.4210594632737,20.7360067417298,58.0856909903148,18.559805581198,118.728323388205,91.6459006824243,17.8678924217263,18.559805581198,15.7440414660656,76.9007267184996,12.023543191965,15.4387852448554,27.0868545156254,11.9204952416024,17.8316372536838,25.4079032643236,12.7082001613597,18.559805581198,52.4619764874782,50.3005500642744,17.484958808953,64.1054019282244,68.7179827005861,18.9454612871535,21.3305076991805,15.1513731261657,25.4079032643236,88.2474110393018,37.5500401886428,62.2836787075778,18.559805581198,92.655736084607,124.897420680993,75.3839398277648,64.2801705338762,105.499482315531,66.6354764530729,85.4940568567758,12.5743284846912,41.0225865282188,84.1623661794861,18.9454612871535,19.4425135902665,123.959467466731,64.6865613945911,57.2806975486192,44.2764740755731,15.0000516477925,15.7541418363112,52.5052491313463,41.4417729143325,7.3559966234276,25.4079032643236,25.4079032643236,94.7575766334117,18.559805581198,79.3754283445553,51.1248033514878,14.0068134728303,43.8253551720788,106.662464496901,78.7458730209005,49.9693708572551,3.98276934679902,6.42548094884343,68.6982474423587,148.80103962554,11.9204952416024,25.4079032643236,69.1762696962356,11.9204952416024,99.88968966707,12.023543191965,49.8561990572238,20.6059365221745,52.3774888222611,104.776292117656,13.5701393594773,88.5542624476895,40.3479332483443,67.5614473643637,18.559805581198,17.8678924217263,15.2782490534461,17.1873578412209,6.42548094884343,85.5788791971369,127.546792738851,10.0733854836836,21.2150644198898,56.1546294007082,8.77999949711341,72.1905213067436,16.3854817899064,14.3335876865425,49.7854552458956,13.8811612408917,65.5540427041409,11.884728979164,91.3036347562407,14.0068134728303,19.1388815949829,78.3667406541126,25.4079032643236,3.98276934679902,6.42548094884343,55.5578906007506,133.403777637698,148.865415986102,75.4420023004943,83.7975046330578,16.2505260819259,105.347089386328,127.886339917426,53.23168721157,18.9454612871535,25.8142228641197,17.6715977832062,126.43076657441,125.569508621153,144.431395424518,15.0809633245771,55.9444784552356,101.434965703181,13.8732189055783,25.4079032643236,9.13532283335547,17.2019370369602,45.3422406521319,16.3122249209784,33.0128380829066,48.8224795091881,75.5554055108911,137.928021486725,3.98276934679902,17.7456689965839,23.9157989712977,70.8551108279218,123.379252136387,12.83390259881,10.9491333787555,11.9204952416024,80.5933793782436,13.1768588132109,10.3042502802697,70.6694898436992,45.1409837602031,25.4079032643236,65.7572478327964,102.172227527599,91.3405497870068,68.0010814516784,134.221234547144,34.9327118970759,22.701387367076,63.8986260879484,61.1659324697833
"SW_NP_5.NP_Sim2_1",25.4079032643236,15.0280983934604,11.1390895157576,21.2589412771457,25.9544956491953,58.0250053303806,67.4698783586346,16.1989033902051,57.6011972523087,60.3404190201446,59.3255365373747,14.320106920872,8.79276615356021,17.3890715948113,14.320106920872,106.236295417414,121.013866870042,31.2647576898347,42.8006605721439,21.1819747500222,10.1849309889586,15.2782490534461,59.9591146644509,100.050372829891,28.36807683644,85.2175919423319,15.4387852448554,57.0469325322571,106.968289450387,18.559805581198,17.8285178198743,56.1964848477187,10.1849309889586,25.4079032643236,66.4044399481718,51.0538499942706,51.9329770632392,15.0000516477925,77.2661619066092,16.7505999543487,50.1857619706123,91.7955835446276,25.4079032643236,80.5754573650108,20.7360067417298,65.8367951768569,18.559805581198,115.200832316428,88.3974493436719,17.8678924217263,18.559805581198,3.98276934679902,74.1749281088553,12.023543191965,15.4387852448554,25.4079032643236,11.9204952416024,66.2681667105658,25.4079032643236,11.9204952416024,18.559805581198,13.7194848924611,50.7961840952424,17.484958808953,71.5108329675685,66.3538329096522,80.0925721918664,21.3305076991805,15.1513731261657,25.4079032643236,88.2135513665366,12.4559071818146,69.4786649906692,18.559805581198,91.909629721655,128.773712946468,35.9224637171881,30.6312206421368,117.686741383791,63.5455742087066,85.8337134705738,12.5743284846912,32.3105654493452,80.2597380601792,18.9454612871535,19.4425135902665,122.005165151419,55.1634767402733,55.2236667390125,42.2233638721053,63.4132207853491,7.5072699808917,53.926362802808,42.1787443162945,7.3559966234276,107.412762117419,25.4079032643236,90.3636461883209,57.0022232552819,75.6947716246758,49.2888394032515,14.0068134728303,37.3734344282417,103.928262906331,37.524514809582,12.6407491340812,3.98276934679902,16.1075388041928,68.6163478294858,144.380069769561,11.9204952416024,78.0345983682494,70.3153362516155,11.9204952416024,102.353736140884,24.6306315664653,42.5164240880729,76.5783655898842,44.6665323379257,109.137192599713,16.6528759380188,75.5174010098741,10.2068145650252,32.1948368203115,18.559805581198,17.8678924217263,15.2782490534461,17.1873578412209,16.1075388041928,85.2851702541376,127.497854275801,10.0733854836836,53.182396165743,53.5507264251063,31.5437643626223,68.8430303652664,16.3854817899064,14.3335876865425,43.1422431161756,11.8375919005634,71.8429725257402,36.5012430563992,91.6202270231414,28.6934272669339,19.1388815949829,77.20966244927,105.290861189006,3.98276934679902,16.1075388041928,55.4916564550243,130.286345627447,148.113145603152,72.7679091708907,79.9117952268929,68.6996433417544,100.961579206576,126.719431638024,50.0932828473802,70.4074992735897,64.7116690243606,36.2008608643574,126.573957795367,122.635150894415,144.111669107073,30.8938592713058,56.8656684044241,97.8395342907422,28.4197543143999,25.4079032643236,9.13532283335547,56.4091994624849,43.2397106093808,54.0727265813534,15.2991574099653,46.8616568392542,72.8421041088558,135.216881926734,3.98276934679902,36.3525982297296,73.451939263383,70.8279244114806,97.1770368136536,12.83390259881,10.9491333787555,49.3987715841994,63.4776565683732,13.1768588132109,10.3042502802697,22.9076426405424,47.1795071297241,25.4079032643236,65.7320174167724,103.178976617177,91.0270666404338,65.1702539776806,132.462211071144,11.5877004342235,22.701387367076,63.8224484133417,62.821457284894
"Zo_NP_1.NP_Sim2_2",25.5213184791263,12.6462455532688,12.7154881141727,20.2114840887241,25.8609721143947,62.3545495995065,77.8120942041956,15.8694692870165,53.7843132001754,68.2245230779025,68.2356075336823,14.1452102879688,8.82757925342657,16.0034954666824,14.1452102879688,106.147076129368,133.289266452738,46.8335752677263,59.8594579839869,29.5498394858874,8.10382407115689,13.5718085689198,62.7561435769521,107.268710098083,120.197539251567,99.2933892511091,13.0358817334892,53.552293764806,71.8062840851978,19.9676814688753,18.3283476208477,56.9341022864945,8.10382407115689,25.5213184791263,80.3784552914981,49.5700641886504,63.7114537036215,15.4592337400481,94.113519126631,16.3455581632161,34.9135347364192,86.8612603255716,25.5213184791263,52.4337356960677,20.9110136729576,53.2601050692699,19.9676814688753,117.207715937201,104.284487414909,15.6798612740584,19.9676814688753,3.98276934679902,81.9086684237768,11.972536093691,13.0358817334892,25.5213184791263,12.40893398944,78.5353642397609,25.5213184791263,12.40893398944,19.9676814688753,13.4390263250446,49.8130800283075,16.5480771260834,53.8099762733441,68.770422569217,18.1620741913455,20.9982068692998,14.7965037974391,25.5213184791263,90.1938091901481,13.0652881348197,63.8131748786138,19.9676814688753,95.4166362981316,137.531500432654,19.5114331560555,16.9753067339167,105.347806147875,15.4592337400481,84.698546824923,12.5986918345993,32.9441160476199,18.1620741913455,18.1620741913455,18.9389954926236,133.902295160976,19.9676814688753,15.6833124577633,9.96690401671339,15.4592337400481,3.98276934679902,44.7285520258758,41.4432250057693,8.83262512128705,25.5213184791263,25.5213184791263,20.9982068692998,19.9676814688753,15.6798612740584,12.9068865710245,14.0068134728303,12.5986918345993,107.388505963848,20.7311172438187,13.0201191572994,3.98276934679902,3.98276934679902,72.6290396992339,149.51219473636,12.40893398944,25.5213184791263,72.5978267969485,12.40893398944,93.4934294590856,53.2250644939521,13.4623531930739,87.7108219984152,12.6462455532688,95.6960576556557,16.56494829631,25.5213184791263,10.1160194690377,15.1945407151109,19.9676814688753,15.6798612740584,13.5718085689198,20.6099439716148,3.98276934679902,16.0034954666824,128.830234478072,41.2587556297427,12.0072924728764,13.0201191572994,9.68429911982441,16.9753067339167,14.8220628444311,14.5537209740906,50.915209109038,3.98276934679902,69.2718155316293,13.2746596990583,92.4730179829661,62.2686408804401,18.6359464884986,82.0426294464444,25.5213184791263,3.98276934679902,3.98276934679902,55.9972582809202,140.678705068539,120.423289635666,70.8809934748417,19.5614036072299,16.9753067339167,97.5399173065763,126.472767156225,50.092805329857,79.5016902744092,15.3906955557109,80.6867066879211,128.84221275079,130.769288908928,151.514268811567,69.6455727247753,55.973193017794,97.1676167587382,65.9731869310685,25.5213184791263,9.14913870328768,16.6265879430859,10.1160194690377,15.7955686218373,49.008697974749,52.820375401306,18.6049916782816,138.937642867515,3.98276934679902,82.295421293707,23.7235953224594,74.9912208633078,102.332207450607,53.7186981664629,10.9491333787555,12.40893398944,63.8480051328136,13.1399382645502,10.3100577141437,22.7418832513372,50.4274342686848,88.7308273520657,70.884566917581,107.102447832272,19.9676814688753,60.0705722511905,105.585405288095,9.44729493966695,22.4798791985775,64.4074971007483,52.3284691090946
"Zo_NP_4.NP_Sim2_2",28.7595464331549,14.2508423493787,14.3288706317769,22.7759829731388,29.1422964271524,62.905989437743,77.1962352604732,15.8694692870165,50.3868214288646,69.9847565977941,65.5473881504017,14.1452102879688,8.82757925342657,16.0034954666824,14.1452102879688,99.4418902444793,128.038184171619,72.5476803678361,92.7254603132294,45.7742612578273,8.10382407115689,13.5718085689198,49.4579181418224,109.678403835356,80.3318468916413,108.662370923564,13.0358817334892,42.2043932332917,25.5213184791263,19.9676814688753,18.3283476208477,54.6911185589636,8.10382407115689,25.5213184791263,87.9626890473001,50.6927266360645,61.9180412704184,15.4592337400481,102.993746123392,16.3455581632161,12.40893398944,87.6294281601659,25.5213184791263,18.6359464884986,20.9110136729576,14.5537209740906,19.9676814688753,116.999201102347,100.176081399679,15.6798612740584,19.9676814688753,3.98276934679902,78.6817832523242,11.972536093691,13.0358817334892,99.9758798753058,12.40893398944,86.4775695982965,25.5213184791263,48.610109815585,19.9676814688753,13.4390263250446,50.1056869726783,16.5480771260834,50.3271059538524,74.1749847334118,18.1620741913455,20.9982068692998,14.7965037974391,25.5213184791263,90.6754430376836,54.8473037693162,59.6828438848171,19.9676814688753,94.6389759577525,136.29180329199,19.5114331560555,16.9753067339167,98.5291310123919,69.4168127228769,84.4498150409827,12.5986918345993,8.21615499763773,81.5534148716287,18.1620741913455,18.9389954926236,130.0611409065,62.125787981244,36.5688455619343,44.7545280179539,15.4592337400481,3.98276934679902,11.972536093691,45.2532939507659,8.83262512128705,25.5213184791263,25.5213184791263,94.2885409634717,19.9676814688753,70.4074996137949,30.0950416547724,14.0068134728303,39.1985248250974,104.756509508883,20.7311172438187,13.0201191572994,3.98276934679902,3.98276934679902,73.2713432065202,149.246209597541,12.40893398944,25.5213184791263,74.5546495161723,12.40893398944,92.603475224839,34.3509736744235,41.8856491428516,96.5809325176796,39.3464795212092,94.1137694214378,15.5185600061139,79.4049135503018,10.1160194690377,15.1945407151109,19.9676814688753,15.6798612740584,13.5718085689198,20.6099439716148,3.98276934679902,68.774994786869,129.518186368204,33.6877165161054,12.0072924728764,58.4644225172949,9.68429911982441,76.2244564172052,14.8220628444311,14.5537209740906,56.1977448721416,12.3916582104497,78.7136733420446,13.2746596990583,91.3633973495101,40.1876158152741,18.6359464884986,80.8943539110432,25.5213184791263,3.98276934679902,3.98276934679902,56.4924766610778,137.064088230435,119.470176103469,68.0885561030311,87.8368432506449,16.9753067339167,104.318381057363,126.752864787084,49.9576242181405,87.5416192493661,15.3906955557109,52.0744683668284,133.101205816498,127.409285890939,152.95584439261,44.9486206913052,57.4819105730876,93.3395879591252,42.5784962222915,25.5213184791263,9.14913870328768,16.6265879430859,45.4241032117924,15.7955686218373,16.4629311056076,51.2161384218587,43.3813372778509,138.39106090508,3.98276934679902,53.1127181763574,23.7235953224594,75.3916730734992,25.5213184791263,43.8612422460332,10.9491333787555,12.40893398944,15.9234840510788,13.1399382645502,10.3100577141437,22.7418832513372,59.9238551718486,25.5213184791263,71.2630896454926,107.731578172677,85.8110774478473,64.2451318339496,108.309571925174,39.6591831735664,22.4798791985775,64.9770924231519,14.0068134728303
"Zo_NP_10.NP_Sim2_2",25.5213184791263,12.6462455532688,12.7154881141727,20.2114840887241,25.8609721143947,60.5502099191129,74.8608387838643,15.8694692870165,52.1195812681628,69.0995492862348,64.9573661941492,14.1452102879688,8.82757925342657,16.0034954666824,14.1452102879688,102.86161208589,126.885654039883,19.9676814688753,25.5213184791263,12.5986918345993,8.10382407115689,13.5718085689198,50.3606369955197,102.462640056213,66.1997088226084,92.0164580326718,13.0358817334892,42.9747188537777,84.5388944436952,19.9676814688753,18.3283476208477,54.1988188400525,8.10382407115689,25.5213184791263,74.487746000457,50.5611542247067,60.1870086470597,64.7290018890001,87.2162059160042,16.3455581632161,41.1043638497771,84.3477754283017,89.3868938522056,61.7312273399235,73.239576593798,65.3786675828431,69.9356118843477,108.50584713725,99.2743507711215,15.6798612740584,19.9676814688753,3.98276934679902,77.9735326112849,11.972536093691,13.0358817334892,72.0230390890529,43.4615502424101,63.0565233447423,76.6793549518392,35.0189250020874,83.6062196387851,13.4390263250446,50.0837932055788,69.2880729772986,52.5599500067999,49.6557765740572,18.1620741913455,20.9982068692998,14.7965037974391,106.859725379894,90.2913251587893,39.3675572889086,62.330770494255,19.9676814688753,93.0294475862445,132.945191972863,94.0779284936353,81.8495330557151,102.900536441999,72.7223881446382,84.7586215830214,52.7516926953565,34.5614321974023,85.4369259863866,18.1620741913455,18.9389954926236,127.68186179462,77.5293632343814,59.9924670590928,46.8857043429067,15.4592337400481,19.2036477698981,44.1170807071559,42.8385100048499,28.1547067568141,25.5213184791263,25.5213184791263,98.7784890226956,73.6793448357827,73.7602507860528,49.3719658734684,14.0068134728303,48.9174748227642,101.693334666783,99.9588574584971,13.0201191572994,3.98276934679902,6.38308766031647,70.5273893927221,138.411940011785,37.2829113326743,94.1718760797768,71.3652216466633,51.9571619880583,89.2010871640543,11.972536093691,52.2708493884116,70.4235543881198,49.1021136619617,98.6275336947162,16.0522300567301,99.0927050630663,10.1160194690377,73.263245372941,19.9676814688753,15.6798612740584,13.5718085689198,20.6099439716148,6.38308766031647,86.7863827487527,128.969523473827,37.4961406292034,19.2437958977029,61.2484535112294,9.68429911982441,79.8542066144049,14.8220628444311,14.5537209740906,53.4979949972341,15.4640673654603,76.661239236885,48.9825637027089,91.6611138043457,14.0068134728303,78.0301427445509,78.3688156275539,58.4460172659511,3.98276934679902,6.38308766031647,54.3768781200745,140.574159497303,115.855877719741,67.4756599342602,92.0195664092774,16.9753067339167,110.557829110865,123.083558300129,48.3640674632242,63.8323924166219,24.6662938099346,18.1498043691795,131.058739454847,130.672107533805,150.293769625417,15.666193007768,55.0228498872122,92.4993957281689,14.8401203316117,25.5213184791263,9.14913870328768,69.4873980192578,47.5871641943224,15.7955686218373,61.9206517681869,55.4382655208104,71.1685974120535,134.921958610968,3.98276934679902,18.5116713554451,87.5384036565616,75.0723000594049,107.355973500772,48.8197918265715,41.2473885885429,28.4175275188872,66.9824771484969,55.0179331685795,32.8641426078375,22.7418832513372,13.9759606768444,25.5213184791263,70.9612060712739,107.684504672157,108.284021460858,68.0877352055253,106.939610384392,28.4660331195741,22.4798791985775,62.5437517368554,51.6131014845353
"Zo_NP_11.NP_Sim2_2",25.5213184791263,12.6462455532688,12.7154881141727,20.2114840887241,25.8609721143947,63.4257142432066,77.7051572731651,15.8694692870165,12.9315534296001,72.1287278364095,68.5175961050853,14.1452102879688,8.82757925342657,16.0034954666824,14.1452102879688,25.5213184791263,133.840093963313,55.9358830804624,71.4934024129374,35.2929785326055,8.10382407115689,13.5718085689198,13.5718085689198,108.962763608067,28.1972576566411,93.6876923543703,13.0358817334892,11.581359815574,25.5213184791263,19.9676814688753,18.3283476208477,57.1693865720481,8.10382407115689,25.5213184791263,75.8406178705927,51.3414226041327,14.9767598776538,15.4592337400481,88.8002564201368,16.3455581632161,12.40893398944,88.3534162559019,25.5213184791263,18.6359464884986,20.9110136729576,60.0430523049711,19.9676814688753,116.377853984009,104.715450583385,15.6798612740584,19.9676814688753,3.98276934679902,82.2471619058337,11.972536093691,13.0358817334892,25.5213184791263,12.40893398944,74.0702374334161,25.5213184791263,12.40893398944,19.9676814688753,13.4390263250446,50.7565430253417,16.5480771260834,13.0358817334892,68.3577735053021,18.1620741913455,20.9982068692998,14.7965037974391,25.5213184791263,91.6553005018065,43.330916708328,15.4592337400481,19.9676814688753,95.3032610822244,139.074593819647,19.5114331560555,16.9753067339167,25.5213184791263,15.4592337400481,85.5963193402579,12.5986918345993,36.6382052043868,18.1620741913455,18.1620741913455,18.9389954926236,132.372964857555,19.9676814688753,69.3651235447712,9.96690401671339,15.4592337400481,3.98276934679902,54.8809831844639,42.765416933642,8.83262512128705,25.5213184791263,25.5213184791263,20.9982068692998,19.9676814688753,15.6798612740584,57.0853755537012,14.0068134728303,12.5986918345993,105.342083769387,20.7311172438187,13.0201191572994,3.98276934679902,3.98276934679902,73.8767058267481,148.453608439734,12.40893398944,25.5213184791263,74.0486181179262,12.40893398944,95.2687586328182,39.5535556950096,13.4623531930739,82.7240246962975,12.6462455532688,97.7178959996846,3.98276934679902,25.5213184791263,10.1160194690377,15.1945407151109,19.9676814688753,15.6798612740584,13.5718085689198,20.6099439716148,3.98276934679902,84.5928546839236,130.91778649588,36.5210826657961,12.0072924728764,13.0201191572994,9.68429911982441,16.9753067339167,14.8220628444311,14.5537209740906,13.5718085689198,3.98276934679902,73.4349702804722,13.2746596990583,93.2748185345089,46.2741788767002,18.6359464884986,82.5016447994515,25.5213184791263,3.98276934679902,3.98276934679902,56.9592134806598,137.74320680256,120.257792264725,71.1739142945139,19.5614036072299,16.9753067339167,107.887182971948,128.865748801678,50.6572157004801,74.9816230176985,15.3906955557109,59.9613392143515,126.380645655682,128.040567311381,153.782446292601,51.7562555512406,57.0917584931043,97.5691689457383,49.0271669647636,25.5213184791263,9.14913870328768,16.6265879430859,10.1160194690377,15.7955686218373,16.4629311056076,51.9660058321143,82.2873069569316,141.249353021199,3.98276934679902,61.1568357978184,23.7235953224594,76.2063709797788,113.806921095522,47.5502711240778,10.9491333787555,12.40893398944,71.007408745325,13.1399382645502,10.3100577141437,22.7418832513372,13.9759606768444,25.5213184791263,72.0331732311507,109.130975206289,105.547140022504,66.4430009646608,111.627617430553,31.3318731225492,22.4798791985775,65.5139285340063,64.2059200034819
"Zo_NP_13.NP_Sim2_2",25.5213184791263,12.6462455532688,12.7154881141727,20.2114840887241,25.8609721143947,61.9030071491744,75.9350121727602,15.8694692870165,29.6798295044588,71.2706454136121,59.002631456765,14.1452102879688,8.82757925342657,16.0034954666824,14.1452102879688,58.5752040783923,115.253864513061,83.617240113869,106.873810993933,52.7586461100366,8.10382407115689,13.5718085689198,57.947289339948,108.934635175038,28.1972576566411,82.0793659097852,13.0358817334892,49.4487086798431,40.3823295024146,19.9676814688753,18.3283476208477,49.2303355381368,8.10382407115689,25.5213184791263,66.4436242220475,51.6696107956779,14.9767598776538,15.4592337400481,77.7975052691237,16.3455581632161,19.6346306146026,86.2322517515661,101.066323155965,29.48761962684,82.8091725401444,62.7193885124503,79.0735067100585,112.062439383705,90.1737289370837,15.6798612740584,19.9676814688753,16.3403402007813,70.8255872674233,44.1282133649273,13.0358817334892,25.5213184791263,49.140303375138,47.184794678653,25.5213184791263,12.40893398944,19.9676814688753,13.4390263250446,50.0291454100391,16.5480771260834,50.3437835581359,67.5011096880229,18.1620741913455,20.9982068692998,14.7965037974391,25.5213184791263,90.0068862970855,13.0652881348197,59.7026218321868,63.6868052135788,93.6136773675912,134.956235909188,82.6836299261394,71.9362831342945,98.5617820028727,70.5870689449685,84.2338696143645,12.5986918345993,36.9286713145271,82.9282747570479,18.1620741913455,18.9389954926236,123.353327200391,80.8486411251544,15.6833124577633,45.5090176412224,15.4592337400481,16.8777877113398,57.2334460665806,37.0466788209776,8.83262512128705,25.5213184791263,25.5213184791263,95.8780946667647,40.53691350515,71.594457229292,12.9068865710245,14.0068134728303,51.0117870404562,101.186957553285,87.8522870377322,53.4184026137425,3.98276934679902,3.98276934679902,72.1030942026871,142.948790749793,12.40893398944,51.8114975611138,72.4053248330523,12.40893398944,92.5558288766537,51.2575075490343,54.5087302050302,52.6974970722272,51.2043308538616,96.2544926472343,9.14104525895578,103.3351779963,41.5035833633338,64.3899282711568,19.9676814688753,15.6798612740584,13.5718085689198,20.6099439716148,3.98276934679902,77.8176813559645,128.563239211337,41.4477911674648,12.0072924728764,59.4500389917215,9.68429911982441,77.5094786027368,14.8220628444311,14.5537209740906,48.0314893052222,16.1261331269502,59.9675278181782,26.9492345853881,92.4737866848899,59.9667724284287,18.6359464884986,80.1918982953903,63.0501503999914,3.98276934679902,3.98276934679902,55.59175235748,134.751812335726,117.518286300988,61.2900696050966,89.3176316693427,16.9753067339167,113.275804873985,122.93666485649,48.2375211858951,47.7653725619912,15.3906955557109,77.7039824467058,122.230781572027,125.259886844616,153.164560144549,67.0710031756303,55.8247732915176,84.0198437204215,63.5343735006155,25.5213184791263,9.14913870328768,16.6265879430859,46.189880799835,35.0399468846394,16.4629311056076,53.7270702258395,18.6049916782816,137.417914437527,3.98276934679902,79.2532281232363,48.1618926622375,74.8358046980085,114.709177455877,53.9648215126141,30.4884102155213,30.6561416479193,71.5703524183116,13.1399382645502,10.3100577141437,22.7418832513372,55.2912007189734,25.5213184791263,70.7376616206355,107.567007166128,97.0937053843805,69.7616176934744,110.299634818227,9.44729493966695,22.4798791985775,63.9410881659164,66.9580945247122
"Zo_NP_15.NP_Sim2_2",25.5213184791263,12.6462455532688,12.7154881141727,20.2114840887241,25.8609721143947,61.8653011140161,76.3716030142744,60.6833078012794,44.0605435299026,68.8587794083569,64.5146897445923,14.1452102879688,8.82757925342657,16.0034954666824,14.1452102879688,86.9565416028152,126.02094393661,19.9676814688753,25.5213184791263,12.5986918345993,8.10382407115689,13.5718085689198,55.6859033320986,103.555676698031,84.8991307652961,96.3343558266597,13.0358817334892,47.518978761696,84.570723153965,76.3544727765413,18.3283476208477,53.8294605655409,8.10382407115689,25.5213184791263,77.9831041245472,51.0570129345282,53.143794914969,15.4592337400481,91.3088505491088,62.5038253808319,41.1198395535511,86.1797264144933,25.5213184791263,61.7544690130319,20.9110136729576,58.9777631216491,19.9676814688753,117.170917715943,98.5978082986316,15.6798612740584,19.9676814688753,15.7440414660656,77.4421525908481,11.972536093691,13.0358817334892,27.207764194447,12.40893398944,17.9413180656112,25.5213184791263,13.2289148840518,19.9676814688753,51.3895301904892,49.6522246004497,16.5480771260834,54.1279915978228,69.6668049388517,18.1620741913455,20.9982068692998,14.7965037974391,25.5213184791263,89.3883900213028,39.3871026315087,64.1903088028502,19.9676814688753,93.8537117100594,130.493193179733,77.1789321963253,67.1470945752732,105.970408480667,68.675323929243,84.4498870918357,12.5986918345993,39.8971551685878,80.6822866702909,18.1620741913455,18.9389954926236,128.47763831204,69.5934366118867,57.6839869967478,44.2764740755731,15.4592337400481,15.7541418363112,52.2825077680406,41.3728965206556,8.83262512128705,25.5213184791263,25.5213184791263,93.2813801079077,19.9676814688753,69.6554286110564,47.4721573734209,14.0068134728303,43.910268848718,105.263331396353,82.0034837686016,51.4690352506576,3.98276934679902,6.42548094884343,72.0591751439816,149.465254287271,12.40893398944,25.5213184791263,72.5605837038396,12.40893398944,92.8494642597798,11.972536093691,46.9203910854347,20.0374413552801,44.0760080063187,94.8952424954899,13.5701393594773,88.9495489297231,39.9890167177422,60.1031414876816,19.9676814688753,15.6798612740584,13.5718085689198,20.6099439716148,6.42548094884343,78.75988075659,127.679796977903,10.0733854836836,19.3716036038257,57.8399237478698,9.68429911982441,75.4102504919084,14.8220628444311,14.5537209740906,44.2248758840213,13.8811612408917,70.5405964402569,13.2746596990583,92.4841286314748,14.0068134728303,18.6359464884986,79.4487879341818,25.5213184791263,3.98276934679902,6.42548094884343,55.5578906007506,133.999262355145,118.193961540135,67.0158216230527,86.8985974225263,16.9753067339167,110.411524142685,125.60051174737,50.9745503892749,18.1620741913455,24.8301150459919,18.1498043691795,126.995125325289,124.560346528396,150.902347555191,15.666193007768,55.9444784552356,91.8690237397986,14.8401203316117,25.5213184791263,9.14913870328768,16.6265879430859,44.9388970755373,15.7955686218373,35.5240530178128,53.8509706628026,68.4300654555504,138.543701419913,3.98276934679902,18.5116713554451,23.7235953224594,74.3215588618827,123.929989607232,13.115498663327,10.9491333787555,12.40893398944,77.3234821145759,13.1399382645502,10.3100577141437,70.1581263806073,46.0567232119933,25.5213184791263,70.2515768101296,106.756594693681,98.2692946518017,67.9976323696356,106.566990921623,28.4801660353073,22.4798791985775,63.9021407055348,61.1659324697833
"SW_NP_5.NP_Sim2_2",25.5213184791263,12.6462455532688,12.7154881141727,20.2114840887241,25.8609721143947,61.7915474972916,75.9856698902811,15.8694692870165,54.0698032443353,67.9563572996893,62.2279226474339,14.1452102879688,8.82757925342657,16.0034954666824,14.1452102879688,106.710510551944,121.554045788483,33.6363826668864,42.99171317739,21.2230158174007,8.10382407115689,13.5718085689198,53.26223072691,103.261327727757,28.1972576566411,84.6009586111961,13.0358817334892,45.4507632859695,107.445772043063,19.9676814688753,18.3283476208477,51.9214386907339,8.10382407115689,25.5213184791263,68.484865111722,50.9689982897309,53.1104216709756,15.4592337400481,80.1875532342873,16.3455581632161,52.2421086440838,86.0769860027126,25.5213184791263,78.4580804415591,20.9110136729576,66.8479077106379,19.9676814688753,113.6896981188,95.1029418618268,15.6798612740584,19.9676814688753,3.98276934679902,74.6971627725762,11.972536093691,13.0358817334892,25.5213184791263,12.40893398944,66.6757762994302,25.5213184791263,12.40893398944,19.9676814688753,13.4390263250446,50.1414703878974,16.5480771260834,60.3808360854789,67.2700121946751,76.7807770038695,20.9982068692998,14.7965037974391,25.5213184791263,89.3540925660066,13.0652881348197,71.6055482512503,19.9676814688753,93.0979586994784,134.543154761499,36.7778255937306,31.9973866330936,118.212068755933,65.4908334920659,84.7853953568521,12.5986918345993,31.4241434393852,76.9410306317195,18.1620741913455,18.9389954926236,126.452104069677,59.3479671673582,55.6124734930488,42.2233638721053,65.3544284612019,7.5072699808917,53.6975926937705,42.108643073176,8.83262512128705,107.892228736973,25.5213184791263,88.9559012324623,61.3261939625187,66.4254904961969,45.767365104913,14.0068134728303,37.4458472064948,102.564995393241,39.0768534662824,13.0201191572994,3.98276934679902,16.1075388041928,71.973268752364,145.024550207628,12.40893398944,78.3829274154718,73.7553768677211,12.40893398944,95.1398447361569,24.5261418145841,40.0128225474407,74.4656525530526,37.587186427009,98.844883205039,16.6528759380188,75.8544938493649,10.1160194690377,28.6407545733642,19.9676814688753,15.6798612740584,13.5718085689198,20.6099439716148,16.1075388041928,78.4895747938947,127.630807482421,10.0733854836836,48.5611675191766,55.1578732889318,34.7926272152206,71.9134599736134,14.8220628444311,14.5537209740906,38.323649703463,11.8375919005634,77.3079115025591,40.7700992606396,92.80481422098,28.6934272669339,18.6359464884986,78.2757333940479,105.76085611595,3.98276934679902,16.1075388041928,55.4916564550243,130.867914823515,117.59668502617,64.6404002037862,82.8690896362761,71.7636778254228,105.815185829872,124.454460674599,47.969221049093,67.4961778999349,62.2446856196621,37.1804830974806,127.138955719928,121.649571298851,150.568296556543,32.09272190924,56.8656684044241,88.6126636523838,30.4004843209783,25.5213184791263,9.14913870328768,54.5224943939112,42.8550701664457,52.3600837668186,16.4629311056076,51.6881922636904,65.9726450858702,135.820459937447,3.98276934679902,37.9217797579136,72.8616294536372,74.2930424030674,97.6108134377794,13.115498663327,10.9491333787555,51.4228715606077,60.9021917210338,13.1399382645502,10.3100577141437,22.7418832513372,48.1366004935776,25.5213184791263,70.2246219638172,107.808515622832,97.9320318723375,65.1669484780044,105.170387474857,9.44729493966695,22.4798791985775,63.8259588409257,62.821457284894
"Zo_PR_1.PR_Sim2_2",117.188359831211,68.2886214749642,55.5387312755728,101.161916543049,120.512401498614,50.5368348191664,68.7047419890063,57.3870466657241,67.4268304303184,64.3898192822505,48.8215504659019,40.7237610630857,40.2939232820868,52.1000594766228,41.6847428284925,126.054324639364,101.325924823848,88.2294800187,124.99443444494,64.1644921410176,23.5906938961471,51.9433845985118,76.6569188380262,86.8321393324083,119.068838805717,102.945529984128,14.7163840392639,78.6376011859906,113.106785599395,64.7928039526898,50.5748763532028,47.6050661146894,28.5311727864857,72.9628194690176,80.7910900009447,50.6480899297492,79.5383593772363,17.316623429772,93.0975754320982,58.2628650485054,66.201448101512,82.4198201210624,103.859291182679,90.2171373788913,82.2930076051767,77.9768451984287,73.310874174922,113.734517753028,71.5226537831177,74.9029940344598,51.5020660802736,17.2360989397126,57.7121009113216,12.450285121823,14.7163840392639,106.607331954472,60.7888858184185,16.5173433716757,108.126871395573,62.3973152116739,18.2893602753913,48.040525508367,50.0473417883995,17.2300599628599,68.1811603021749,58.0169380221389,82.0584796058402,58.0597737710857,40.9940922267093,25.9104807542531,89.624752625704,12.4843651408925,80.2280964405124,63.5916473593662,94.0529376010091,125.738531948441,97.8515682145365,88.7060719615918,120.043526799706,86.303656168879,88.0147385959095,13.3008549229335,37.7775930918192,95.8181999669064,19.2256940227271,20.3683224006582,113.74852953667,72.406921014567,33.6643637912409,50.7694942600902,73.9102468225176,19.555243296586,57.381239429391,41.1479616549251,30.609570056769,110.590268108761,104.232457928506,102.757891484991,84.173913501166,94.0457339982005,32.6777324697751,39.4425951585853,52.6576073372502,100.837643949263,98.7123536945026,58.9488000606267,8.10938673945042,9.54113898149784,64.3728623969632,133.448184304776,63.2867022711255,119.248925765692,65.9735610461163,15.1654150354273,99.3257650543476,47.6938038221773,59.1170179540887,21.3448490557522,59.7751818835361,107.091146652776,19.3761476279324,102.578663505633,43.7787622786965,85.1146483383808,74.7864256391648,18.8700529400121,61.4502106930857,57.0213222386682,9.54113898149784,99.8067808867873,130.766997699117,10.0733854836836,31.5020587164036,67.8870799300505,33.188655958227,90.0411975623887,42.3542613867527,16.2835201739138,15.2755152584055,15.8997375444798,82.2002119258595,57.5419973430822,91.4291787690753,53.6564590618132,20.6669245295225,81.0599281141341,116.003208228628,8.10938673945042,9.54113898149784,51.9411800515769,121.141486022219,128.483856733987,59.7366650738303,100.290384430696,77.1110684234371,96.9289892510696,118.757756177336,46.2016270767656,19.2256940227271,38.2857502566739,64.4213778975019,126.057001157719,112.859470834847,142.369244553046,58.0416767015446,53.2327518979749,79.9593741181392,57.2571182142311,25.9104807542531,36.8050760623559,18.6350398086822,50.4168419203773,15.9685347843072,59.9319516529093,50.9419708514672,46.6415433908577,134.874242958212,9.80769430836809,68.6271075373494,111.09629823322,70.1952744086367,114.34880281383,12.2620903556194,51.7186303637353,67.8967254569165,73.5549709746586,11.2900261084613,43.6982563697148,22.8181887243068,53.3729810175114,79.2212820659872,91.7141427092884,101.744441825928,98.6612198935612,65.7996392647209,120.414575126587,11.2382787038627,22.6356971952948,62.0185256636942,64.5550129706275
"Zo_PR_2.PR_Sim2_2",123.187015863732,71.7841900771131,58.3816565105075,106.340208498038,126.681209094219,51.3257223871752,71.2624464834953,66.5560904130195,69.9760778167615,66.199833704979,52.1354641284361,14.8030426272422,9.11293327822955,53.1050243301429,42.488805278545,130.820137529958,108.203735205499,86.2316121328755,122.164061122651,62.7115517153049,51.4671943948967,52.336608390985,70.3777592923556,90.8296955868235,119.431264202172,100.454509794425,14.7163840392639,72.1961990057257,123.716888728006,75.1451062311582,51.5504217502075,50.8364071413021,11.58611563834,74.3702088255114,78.8361509533583,50.574208749521,80.7515261935014,73.9866129386249,90.8448507139926,67.5718431108247,72.4115458237497,83.7064058695305,104.189167489446,98.6800525478219,82.5543854088613,80.0683353324144,73.543723062521,110.049394198172,76.3774750104387,90.2273796896467,52.4954961610504,9.88081295856929,61.6294881691712,12.450285121823,14.7163840392639,118.461573463893,60.9819625563582,16.5173433716757,70.38889907609,69.3356076395768,78.1427063467797,55.7162242177827,49.7964127525857,73.6167638310879,72.0567788595177,75.2534196496972,84.9015261445056,59.1796963322,59.1148416894538,110.704533039779,88.3224511571211,12.4843651408925,84.7884984343637,69.8330745179662,93.2854390951085,126.548315424768,97.9895033154329,88.8311152410139,126.867155469149,87.2708341332439,86.9680500980137,56.8289313980213,41.4052949853612,96.8920044348395,19.2256940227271,20.3683224006582,121.06687526688,78.2750408523876,14.7578053943246,51.3384520341876,76.4709848767687,19.5828090730614,58.4086843906284,38.5498183278662,7.22194568177628,114.421843839471,25.9104807542531,103.909466895822,64.6869693805737,95.0996749968019,14.3252853227014,40.2034085293221,56.9251710714645,112.26388824423,98.8515021896674,33.7931494573367,17.6920350702722,9.92711580642828,65.3777324297585,129.124316256183,41.1986515611251,91.6418316413997,68.9862195511925,64.7954086909734,101.86409027398,55.7624932817804,63.9080757832069,21.3448490557522,64.6195797077379,107.433663357249,20.1087134831655,110.892010929058,25.0967323375484,85.2346290174904,18.2893602753913,18.8700529400121,15.2755152584055,57.4529872284611,9.92711580642828,95.3313067404439,128.86687470679,10.0733854836836,32.7764416413047,68.6478691096531,9.6936096205733,91.0502609790875,43.1712382677405,16.2835201739138,15.2755152584055,17.1883100178506,74.5155282893474,44.2205579544244,91.6243595231086,62.7338919980883,88.3010335126105,79.7601441935925,25.9104807542531,17.6920350702722,9.92711580642828,52.751989659203,133.373493470345,133.266987102053,63.7914758828533,101.41430726508,79.7827040329085,96.9231825019974,117.707050910657,48.2212833560955,19.2256940227271,39.834560346623,75.3199863362983,119.159520921989,124.25521917155,144.417062443421,67.8609871252956,55.6636060190969,85.3868638190829,66.9436994721427,25.9104807542531,9.14913870328768,18.6350398086822,50.9818476304812,72.9892332278881,16.9741514678967,53.8877047634172,20.4467497120002,133.806378336739,3.98276934679902,80.2372282417956,85.3766035484123,69.1752949244899,125.329475073276,12.2620903556194,11.1457417600263,15.1654150354273,80.6182983506417,48.2375097628771,10.3100577141437,102.120031546188,58.0501492537744,25.9104807542531,90.3814811482691,101.234312141224,94.2371142871376,65.7956973893625,123.7994598819,11.2382787038627,80.398475573713,62.986644147121,65.7109085814377
"SW_PR_1.PR_Sim2_2",97.5770415717264,56.8606102699613,46.2443974668052,84.2326025401684,100.344809227435,53.9631876875843,72.9676022445293,16.1989033902051,56.0044143116257,67.7030737273415,58.0773450356083,14.8030426272422,9.11293327822955,18.5017190699121,14.8030426272422,104.7001405497,120.535719183208,84.5470909379742,119.777605098853,61.4864912599026,11.58611563834,15.2755152584055,69.7551766124656,95.2909718338439,114.032993662058,98.6698832811664,14.7163840392639,71.5575298649799,115.604948269675,18.2893602753913,17.9600976214309,56.6302344723104,11.58611563834,25.9104807542531,77.4355858071784,50.9664760313274,76.4996696887656,54.1858805487401,89.2309447827503,16.4461246395,67.6636237392448,88.0078112981273,35.9568425352788,92.2097418333911,28.4904381930475,71.765090738906,25.3807582240743,124.437645571475,85.0822188559053,18.8700529400121,18.2893602753913,11.8827973612145,68.6534033714809,12.450285121823,14.7163840392639,114.96446893012,21.0455547152092,57.0074335858151,120.726221362529,67.2887509185476,57.2296958015142,13.5606182359882,50.5133329509254,53.9150126340448,14.7163840392639,64.0571514288935,65.5788438594499,20.6181266272311,62.7228387732391,81.077134974048,89.4773160533106,38.5154854178644,17.316623429772,18.2893602753913,92.8017602051971,123.161442108253,85.1360633149802,77.1789956639995,25.9104807542531,80.9362704363601,89.8985059880319,41.6200386278009,30.2723355157267,89.8590869669699,19.2256940227271,20.3683224006582,123.952095672634,62.8439929041072,14.7578053943246,47.6120444921965,59.0670039131742,17.0141006609913,59.0275329699733,40.850410705037,7.22194568177628,88.3806519389007,25.9104807542531,96.3671860949316,75.0162444846475,88.1968539707025,14.3252853227014,14.0068134728303,45.7030109205121,117.160484132749,85.8849924170906,40.6400919522024,3.98276934679902,3.98276934679902,68.7372857430502,146.006491158067,70.6611069854847,106.27528408367,69.5416607646314,47.4544804253765,104.231587440632,12.450285121823,51.3093141479018,73.668933167041,51.880553039604,106.037319327716,16.0937388364916,89.0308925049292,30.1816648130245,74.0542662952659,55.0512703420406,41.7845617769102,15.2755152584055,16.7688356206228,3.98276934679902,97.1100579172193,130.55188036425,10.0733854836836,13.1499430057625,63.6650555058951,9.6936096205733,84.4413671428108,15.0408013630567,16.2835201739138,15.2755152584055,13.7998271356053,78.0408094633403,51.2817375511927,92.9619813684801,14.0068134728303,64.6693917210901,84.9333643472007,105.318039444042,3.98276934679902,3.98276934679902,55.4627462892637,134.83510175942,136.455777019129,71.0617929103356,94.0531379176538,61.6250110928943,93.3594842679358,122.618313081481,50.7649020699327,66.3549488848962,15.981667685292,16.8169543732566,123.137367040983,125.616902468406,146.768862797273,15.1515577700029,56.1117804671646,95.1184080631322,14.9467517767921,25.9104807542531,9.14913870328768,18.6350398086822,47.2813242608176,15.9685347843072,62.1399471544285,51.1878396987441,20.4467497120002,136.557861501393,3.98276934679902,17.9148440143646,99.0096185736584,70.0798001634776,91.6311771421866,12.2620903556194,40.8714270244446,61.6426917753827,58.9418376862289,35.3279037675126,10.3100577141437,22.8181887243068,55.415206266609,25.9104807542531,91.5632690003529,102.691785062008,95.9954493364047,63.3765030898925,126.610649766012,34.6711870932648,22.6356971952948,66.2233270538726,66.4071252972796
"SW_PR_2.PR_Sim2_2",83.4090241360701,48.604548139663,39.5297910485577,72.0021745397195,85.7749167218619,50.0416050865589,70.4655964537612,68.0280977338665,63.4871662132408,66.7150133831799,56.7525555739045,45.809668490148,9.11293327822955,18.5017190699121,14.8030426272422,118.689130264659,117.786205574504,73.1206752391054,103.589836932134,53.1766818837771,11.58611563834,56.6168576827073,68.8967425704462,98.5047127703286,123.402478118229,107.92371969882,45.169542749502,70.6769153703714,117.35493381432,76.8070750429028,17.9600976214309,55.3384547293361,29.7688602040215,25.9104807542531,84.6979461154688,48.838309822189,71.6958022359406,19.2667368817828,97.5995425651077,69.0663156245347,68.6878909978207,81.6121568468157,104.271247447037,93.6055792754656,82.6194215408946,16.2835201739138,73.6016606179836,125.13540905542,83.1414271952401,77.8724277682062,18.2893602753913,15.8679635837432,67.087365784176,51.3403069327277,41.2540211739434,94.389230652133,61.0300039892732,59.4551745824647,79.8865916134247,55.246055497419,20.3490185942523,56.9484884543023,50.3145862654638,19.1704250605242,69.0681910557086,15.6661338010905,70.4680920967394,20.6181266272311,15.5818834021653,28.8283923940053,91.7603742626409,12.4843651408925,81.2718567479756,73.72454594088,95.6690090001992,133.381650752863,78.3653255416066,71.0410710183655,121.605282269429,82.4083323392949,86.4851201689473,14.798732162896,40.5173742658765,91.4934362870389,53.8948417071216,20.3683224006582,122.36059112809,48.9840169178796,14.7578053943246,48.478008249112,63.4707601822449,15.6609958832997,58.6060034184201,35.4921811885532,23.4024347170397,94.9698950739106,25.9104807542531,98.1199041603744,91.0811353021773,89.8009707404647,14.3252853227014,14.0068134728303,35.6234057811131,116.520163811422,79.0546934852162,54.2696706452637,3.98276934679902,3.98276934679902,63.7420481493734,146.825198370673,46.7576549070556,129.034365761713,66.0015681525615,16.873269917521,96.058671947766,57.1274464157077,39.9932626193992,76.8320727183235,40.4385171973187,104.554898995892,18.2440238874658,69.3955069234685,40.3037722172236,68.164846482304,18.2893602753913,71.8393168185885,15.2755152584055,62.1516697654501,3.98276934679902,91.632029459206,133.882976505216,40.0953633622562,13.1499430057625,64.8229900419588,9.6936096205733,85.9771794421976,15.0408013630567,16.2835201739138,67.0010249571865,10.7563338138899,70.8874707766549,62.2638324341448,89.6886613498321,64.2694908826925,22.9943325083449,84.6229449112795,79.7022121783011,3.98276934679902,3.98276934679902,51.4321886040455,137.074147684156,131.776808082457,69.4408180823769,95.7637682745209,66.2194802711651,91.7812654938033,114.750680255336,47.072259933495,69.2040462481665,15.981667685292,77.1636673725386,131.80350874725,127.702872737867,142.137004822963,69.5220869362386,53.2553502741296,92.948683112055,68.5823459352671,25.9104807542531,9.14913870328768,18.6350398086822,48.1412729067017,69.8041397689651,72.5437805399188,54.37662031623,20.4467497120002,141.10237191357,10.2331538550662,82.2012734216418,120.212742286371,71.8679211099768,122.641832400544,48.8071234031237,47.1108669986342,46.6497375478924,78.8894697672337,12.5614536403328,33.4093419164038,22.8181887243068,52.865669628265,25.9104807542531,93.899551336312,102.28774021458,90.5802965233679,62.3051391272523,124.762890790014,11.2382787038627,22.6356971952948,61.4107824603249,65.9328963343185
"SW_PR_5.PR_Sim2_2",102.286161871201,59.6047337825187,48.4761768622464,88.2977130631993,105.187503476701,54.287504850965,73.0280054485123,39.6474536898074,51.3624040794018,65.4101228388296,57.4207798195275,14.8030426272422,20.1590663659342,18.5017190699121,14.8030426272422,96.0219117043334,119.17306115429,81.9308773586841,116.071223324176,59.5838617123635,49.7633005005287,55.1292296814334,65.7100230960475,96.9943693184535,116.956486737624,101.839080937587,43.1390329914708,67.4078565702272,103.789289341338,44.7639292035804,17.9600976214309,55.9900288618401,11.58611563834,25.9104807542531,79.9227548287972,51.6551608099059,82.1497230488797,70.5400607644965,92.0969712913644,40.2525374289005,60.7479137119089,88.5367356433828,96.7458753874135,82.7852416222772,76.6566858714869,75.5784279887953,68.2897467978504,124.594826358275,84.1203631551408,18.8700529400121,18.2893602753913,12.0192750215491,67.877275664685,12.450285121823,14.7163840392639,25.9104807542531,56.6254006296284,59.4551745824647,25.9104807542531,15.1654150354273,74.5025489756728,33.1901469232536,50.3643853347154,70.1874405068157,62.1755822408824,66.4353617905225,19.2256940227271,20.6181266272311,15.5818834021653,105.547533227521,89.9748082344553,12.4843651408925,73.1613921816377,18.2893602753913,92.4622538719707,126.68538900265,89.5143503405624,81.1480750670837,109.469773467358,68.2240328379989,90.5943157066068,54.1816433376026,36.8465005595786,75.7453891435186,19.2256940227271,46.9993802331096,126.289969171129,74.5634454011293,14.7578053943246,40.1338691467627,17.316623429772,17.8890837559973,55.5722857410471,42.211730947312,31.1098570666465,25.9104807542531,25.9104807542531,81.2312951066322,18.2893602753913,74.3442344089311,14.3252853227014,14.0068134728303,54.2259299888646,111.373940651838,90.3017945729616,41.1068561741964,17.1063153532835,15.2194631343848,69.150394799167,146.190916177142,15.1654150354273,25.9104807542531,69.3381060902431,61.7770145811814,104.650346739083,44.6639242368896,60.877723824363,76.8320727183235,61.5554901142522,106.914511703054,14.7597850531695,105.633805007181,30.5283107141091,77.8626504357213,18.2893602753913,18.8700529400121,15.2755152584055,60.5186126151015,15.2194631343848,94.914770250906,131.277746344364,10.0733854836836,50.2502292673094,53.6655174997528,9.6936096205733,71.1786022975502,15.0408013630567,16.2835201739138,43.204633033184,16.3732858085706,82.148401433135,12.5027609695094,94.6873999314989,50.2477854626942,84.1876661486642,86.7420626385722,71.5798455651835,17.1063153532835,15.2194631343848,55.7960757555283,131.96119724255,136.56873627612,70.2584383253651,79.2807023997512,18.0665522246535,95.3661530936461,122.118329418335,50.1483277869205,69.2040462481665,61.0711745980915,60.3288333297527,128.167559366754,122.939476644652,148.05347169984,54.3544201348518,55.9475362561873,94.0430930998717,53.6197028754059,71.1990295953749,9.14913870328768,18.6350398086822,39.8550934161275,15.9685347843072,16.9741514678967,51.8761012071987,20.4467497120002,138.695360324637,3.98276934679902,64.2673824690781,24.1390727736752,70.4694425239697,111.530483602443,12.2620903556194,11.1457417600263,41.8957130307052,71.7420845894084,45.9904398194849,44.4124666632773,22.8181887243068,34.3114487850027,103.443625932489,92.0723590403424,102.388979927288,93.8253587147921,64.7387176954063,122.322631720551,11.2382787038627,22.6356971952948,66.6213272925554,62.5199048067823
"SW_PR_6.PR_Sim2_2",96.4728088216883,56.2171459156839,45.7210717196202,83.279382429704,99.2092549734787,54.4771164376084,73.2052386038652,16.1989033902051,59.5811140791156,63.5561450338124,59.6123400609403,45.0928178678421,9.11293327822955,64.4888420456087,51.596885358349,111.38677361181,123.721500647694,81.3322621472297,115.223166985297,59.1485214947546,11.58611563834,15.2755152584055,68.2112339505891,94.5185148571181,124.522238929136,100.654677434878,14.7163840392639,69.9736943920826,25.9104807542531,18.2893602753913,62.6009882787432,58.12698209645,11.58611563834,90.3125214674849,78.9932414249657,51.5046228588301,70.2535269282754,66.9988798916096,91.0258699579458,16.4461246395,15.1654150354273,88.8459705394726,86.8787503556945,20.6669245295225,68.8384600196634,76.1003071117275,61.3248662038144,124.079309975834,87.3309577162637,18.8700529400121,63.7486528391302,14.7870009870606,70.4679255846213,12.450285121823,14.7163840392639,112.330085274861,50.8501682928872,16.5173433716757,25.9104807542531,65.746845082316,70.7624472724041,13.5606182359882,50.0144193517836,66.6639615198977,62.3398939433727,59.998275326653,19.2256940227271,71.8657064414166,15.5818834021653,100.248942585623,90.9208708409389,12.4843651408925,73.3547361355286,28.9772032513736,93.8103847124268,128.759421232834,80.2342225403893,72.735295389909,109.759069750583,82.7429063822936,90.6514094612924,51.4616712115611,41.8481712376933,91.8648954346451,19.2256940227271,20.3683224006582,125.965833202546,73.0227735894237,14.7578053943246,48.6748267352531,17.316623429772,16.0344874499073,56.2183081471458,42.0044802731941,7.22194568177628,25.9104807542531,86.6942767793074,98.5182664630895,18.2893602753913,90.1655585557131,14.3252853227014,48.8215812919026,53.105483349792,110.74731645433,80.9400308888841,50.5726944206702,3.98276934679902,19.0753084440324,69.3919184446335,145.586045056436,15.1654150354273,25.9104807542531,69.6652366264413,58.6757473006031,105.167009270797,44.7323324096441,59.6198340829164,21.3448490557522,60.2835959848359,105.314918862136,17.1215591014127,103.451139964515,37.5581854856867,69.7904771567485,18.2893602753913,18.8700529400121,51.1105818652693,16.7688356206228,19.0753084440324,98.8201334762868,132.658099015483,32.3889257361473,62.9811061135052,65.0861684031992,9.6936096205733,86.3262428404614,52.4256075706455,16.2835201739138,15.2755152584055,16.0349717758089,74.1210975412541,12.5027609695094,94.9550952663057,50.324745990619,79.9613619767136,83.6482016191955,25.9104807542531,3.98276934679902,19.0753084440324,55.9909563727444,136.166150650834,136.900177726617,72.9399693066852,96.1525647737934,18.0665522246535,98.2393395789395,121.278466941331,46.6264029984751,19.2256940227271,76.5435339086316,60.4212341951718,123.717789825905,126.856952252118,147.926113198972,54.437670467779,56.2114913678344,97.6324052698724,53.7018279004685,25.9104807542531,30.6122441554813,18.6350398086822,48.3367242628241,51.8542701496581,56.7147336587123,53.3386840829433,20.4467497120002,138.511490132644,3.98276934679902,64.3658156962865,24.1390727736752,71.21041108817,126.670014930481,39.4262618601643,20.8734134641338,15.1654150354273,81.4806018279034,43.6816742179334,10.3100577141437,74.9204463195167,47.5985747339978,49.4779382626184,93.0404768689664,101.677511699026,97.6858970120906,66.6891624048098,118.855531607928,11.2382787038627,22.6356971952948,66.8540175885436,63.2466926074596
"SW_PR_7.PR_Sim2_2",73.1807443218775,42.6442707744243,34.6823327785554,63.1726936046451,75.2565122883196,53.3945808900832,71.7846273136301,71.7500048790899,62.2383262123961,66.1793776450142,60.25517968823,14.8030426272422,24.2334909876769,18.5017190699121,14.8030426272422,116.354426380694,125.055672117608,18.2893602753913,25.9104807542531,13.3008549229335,11.58611563834,15.2755152584055,57.6649119493112,96.2502207701598,49.8687526029963,105.476139838584,14.7163840392639,59.1548736504364,86.8949681717388,81.0092916405833,17.9600976214309,58.7538041180005,11.58611563834,25.9104807542531,82.7770988013282,48.8652148865369,17.4555669547366,17.316623429772,95.3861025964223,72.8450250428526,50.8596605872839,87.0804783906085,25.9104807542531,69.3098582860453,20.5301939333777,75.1354578581516,18.2893602753913,123.955296025545,88.2727056874351,18.8700529400121,18.2893602753913,13.1793300586229,71.2278282318313,12.450285121823,14.7163840392639,25.9104807542531,15.1654150354273,16.5173433716757,25.9104807542531,15.1654150354273,18.2893602753913,60.0642155310308,49.2906316186056,17.2300599628599,64.5562795514848,68.8918451656177,19.2256940227271,20.6181266272311,15.5818834021653,25.9104807542531,90.3798655969229,12.4843651408925,75.9627351418364,18.2893602753913,96.2326864061445,128.748439351392,70.6490898187926,64.046017451111,113.66136099888,69.9898948700643,88.792983757908,13.3008549229335,42.2048451305562,77.7059285785029,19.2256940227271,20.3683224006582,120.580043005546,70.2584645790556,33.8768026692239,41.1726654884337,17.316623429772,14.1189371340459,12.450285121823,43.20063155098,7.22194568177628,25.9104807542531,25.9104807542531,83.3338278048226,55.4579444106493,76.2685073576945,32.8839452134336,14.0068134728303,51.0951520667162,110.129378858005,71.2705792011141,45.0743347016156,3.98276934679902,16.6070390188833,68.0130051808723,145.440535699898,15.1654150354273,78.5671001984689,65.1225305776666,15.1654150354273,104.45369640037,62.9668563682513,57.362899205604,21.3448490557522,58.0015341106152,110.6072964201,17.8851503045671,99.5349518456596,33.4747879811457,61.4530001416973,18.2893602753913,18.8700529400121,15.2755152584055,16.7688356206228,16.6070390188833,81.3135943904424,131.868745299831,10.0733854836836,54.8316002201593,55.0545573416071,33.444340127111,73.0209382906626,15.0408013630567,16.2835201739138,15.2755152584055,15.4279609108137,79.6441264272554,37.9115186308425,93.7978005723535,70.8389409150697,20.6669245295225,82.8260990373043,67.4145964374331,3.98276934679902,16.6070390188833,54.8783387347891,138.981419586398,134.243510774597,73.7265296503271,81.3327473525266,18.0665522246535,97.0230304980507,121.362239401771,47.450791402751,19.2256940227271,66.6391035297539,85.0511245494459,127.770741040813,129.479751201994,142.270260083547,76.6284428447962,52.5460723695964,98.6852406215951,75.5926441115404,25.9104807542531,9.14913870328768,18.6350398086822,40.8866741263309,51.1241565083317,16.9741514678967,55.0615471870544,46.9358747261176,134.752028091433,3.98276934679902,90.6036607896532,73.1957452775615,70.7866887296959,127.749629307836,12.2620903556194,11.1457417600263,39.4577910041941,82.1750647539343,11.2900261084613,10.3100577141437,84.297213829657,29.012789888321,25.9104807542531,92.4868593614975,100.206077327466,80.3802942566734,65.8634785781727,123.761205266545,11.2382787038627,112.951679011161,65.5255359201469,14.0068134728303
