"ENSBTAG00000015362-ENSBTAG00000002081","ENSBTAG00000014583-ENSBTAG00000011515","ENSBTAG00000047567-ENSBTAG00000019866","ENSBTAG00000039355-ENSBTAG00000011515","ENSBTAG00000017866-ENSBTAG00000014031","ENSBTAG00000000310-ENSBTAG00000022799","ENSBTAG00000010123-ENSBTAG00000012314","ENSBTAG00000003835-ENSBTAG00000002081","ENSBTAG00000012519-ENSBTAG00000031753","ENSBTAG00000005111-ENSBTAG00000002081","ENSBTAG00000017246-ENSBTAG00000022799","ENSBTAG00000026236-ENSBTAG00000019929","ENSBTAG00000038221-ENSBTAG00000006359","ENSBTAG00000021105-ENSBTAG00000014031","ENSBTAG00000014737-ENSBTAG00000011971","ENSBTAG00000007740-ENSBTAG00000007909","ENSBTAG00000034077-ENSBTAG00000018999","ENSBTAG00000045582-ENSBTAG00000012314","ENSBTAG00000001292-ENSBTAG00000032719","ENSBTAG00000004086-ENSBTAG00000019712","ENSBTAG00000013472-ENSBTAG00000019929","ENSBTAG00000013103-ENSBTAG00000017866","ENSBTAG00000005947-ENSBTAG00000018517","ENSBTAG00000012004-ENSBTAG00000019929","ENSBTAG00000017746-ENSBTAG00000009851","ENSBTAG00000024394-ENSBTAG00000019866","ENSBTAG00000000277-ENSBTAG00000011238","ENSBTAG00000012849-ENSBTAG00000003585","ENSBTAG00000016542-ENSBTAG00000019289","ENSBTAG00000014583-ENSBTAG00000011050","ENSBTAG00000011757-ENSBTAG00000022799","ENSBTAG00000031998-ENSBTAG00000039292","ENSBTAG00000014575-ENSBTAG00000019929","ENSBTAG00000010963-ENSBTAG00000009024","ENSBTAG00000010562-ENSBTAG00000011515","ENSBTAG00000007737-ENSBTAG00000022799","ENSBTAG00000015043-ENSBTAG00000022799","ENSBTAG00000010138-ENSBTAG00000011971","ENSBTAG00000012817-ENSBTAG00000007909","ENSBTAG00000025868-ENSBTAG00000013755","ENSBTAG00000005850-ENSBTAG00000022799","ENSBTAG00000025644-ENSBTAG00000011515","ENSBTAG00000020638-ENSBTAG00000000782","ENSBTAG00000005339-ENSBTAG00000000570","ENSBTAG00000020221-ENSBTAG00000012314","ENSBTAG00000009761-ENSBTAG00000012314","ENSBTAG00000023907-ENSBTAG00000000782","ENSBTAG00000009478-ENSBTAG00000002081","ENSBTAG00000009476-ENSBTAG00000015910","ENSBTAG00000014906-ENSBTAG00000011515","ENSBTAG00000016177-ENSBTAG00000011628","ENSBTAG00000019866-ENSBTAG00000009851","ENSBTAG00000023652-ENSBTAG00000003166","ENSBTAG00000009615-ENSBTAG00000013290","ENSBTAG00000001492-ENSBTAG00000003585","ENSBTAG00000047567-ENSBTAG00000000570","ENSBTAG00000006685-ENSBTAG00000005215","ENSBTAG00000021316-ENSBTAG00000019289","ENSBTAG00000000073-ENSBTAG00000012314","ENSBTAG00000017122-ENSBTAG00000000782","ENSBTAG00000017246-ENSBTAG00000007909","ENSBTAG00000007737-ENSBTAG00000002081","ENSBTAG00000003329-ENSBTAG00000002081","ENSBTAG00000012413-ENSBTAG00000010543","ENSBTAG00000011966-ENSBTAG00000019929","ENSBTAG00000007319-ENSBTAG00000022799","ENSBTAG00000032436-ENSBTAG00000012599","ENSBTAG00000017745-ENSBTAG00000015361","ENSBTAG00000005691-ENSBTAG00000019866","ENSBTAG00000005339-ENSBTAG00000019866","ENSBTAG00000013103-ENSBTAG00000019289","ENSBTAG00000009761-ENSBTAG00000002144","ENSBTAG00000014737-ENSBTAG00000037649","ENSBTAG00000017312-ENSBTAG00000017136","ENSBTAG00000039355-ENSBTAG00000011578","ENSBTAG00000002080-ENSBTAG00000022799","ENSBTAG00000010138-ENSBTAG00000019866","ENSBTAG00000013103-ENSBTAG00000015910","ENSBTAG00000008300-ENSBTAG00000011578","ENSBTAG00000007737-ENSBTAG00000011628","ENSBTAG00000020244-ENSBTAG00000015510","ENSBTAG00000005481-ENSBTAG00000003166","ENSBTAG00000005198-ENSBTAG00000011578","ENSBTAG00000021333-ENSBTAG00000017801","ENSBTAG00000010361-ENSBTAG00000007909","ENSBTAG00000005710-ENSBTAG00000011425","ENSBTAG00000013472-ENSBTAG00000011578","ENSBTAG00000011238-ENSBTAG00000017256","ENSBTAG00000021499-ENSBTAG00000013732","ENSBTAG00000025471-ENSBTAG00000004211","ENSBTAG00000021697-ENSBTAG00000019929","ENSBTAG00000000793-ENSBTAG00000018169","ENSBTAG00000003837-ENSBTAG00000011761","ENSBTAG00000017564-ENSBTAG00000000561","ENSBTAG00000000442-ENSBTAG00000007348","ENSBTAG00000007737-ENSBTAG00000006161","ENSBTAG00000016648-ENSBTAG00000015910","ENSBTAG00000037899-ENSBTAG00000022799","ENSBTAG00000013155-ENSBTAG00000019289","ENSBTAG00000014906-ENSBTAG00000011578","ENSBTAG00000047330-ENSBTAG00000017851","ENSBTAG00000007737-ENSBTAG00000002144","ENSBTAG00000020676-ENSBTAG00000011578","ENSBTAG00000038735-ENSBTAG00000016948","ENSBTAG00000025644-ENSBTAG00000011425","ENSBTAG00000000793-ENSBTAG00000015910","ENSBTAG00000011412-ENSBTAG00000019289","ENSBTAG00000010452-ENSBTAG00000011515","ENSBTAG00000021105-ENSBTAG00000013205","ENSBTAG00000007319-ENSBTAG00000007909","ENSBTAG00000025644-ENSBTAG00000020667","ENSBTAG00000000575-ENSBTAG00000013745","ENSBTAG00000005339-ENSBTAG00000011971","ENSBTAG00000017280-ENSBTAG00000017060","ENSBTAG00000003505-ENSBTAG00000011628","ENSBTAG00000021466-ENSBTAG00000010682","ENSBTAG00000015043-ENSBTAG00000007909","ENSBTAG00000017246-ENSBTAG00000006161","ENSBTAG00000010663-ENSBTAG00000013745","ENSBTAG00000012849-ENSBTAG00000019289","ENSBTAG00000005947-ENSBTAG00000015910","ENSBTAG00000005947-ENSBTAG00000013755","ENSBTAG00000013472-ENSBTAG00000017866","ENSBTAG00000000575-ENSBTAG00000015910","ENSBTAG00000017745-ENSBTAG00000010423","ENSBTAG00000015352-ENSBTAG00000012599","ENSBTAG00000001745-ENSBTAG00000019289","ENSBTAG00000017246-ENSBTAG00000002144","ENSBTAG00000017246-ENSBTAG00000014064","ENSBTAG00000032436-ENSBTAG00000022799","ENSBTAG00000025644-ENSBTAG00000026813","ENSBTAG00000008237-ENSBTAG00000013205","ENSBTAG00000010663-ENSBTAG00000015910","ENSBTAG00000011585-ENSBTAG00000015046","ENSBTAG00000007737-ENSBTAG00000010444","ENSBTAG00000021105-ENSBTAG00000000477","ENSBTAG00000032436-ENSBTAG00000007909","ENSBTAG00000013155-ENSBTAG00000015910","ENSBTAG00000021316-ENSBTAG00000015910","ENSBTAG00000015114-ENSBTAG00000017489","ENSBTAG00000018200-ENSBTAG00000007626","ENSBTAG00000019910-ENSBTAG00000015510","ENSBTAG00000022514-ENSBTAG00000013730","ENSBTAG00000010963-ENSBTAG00000003255","ENSBTAG00000005198-ENSBTAG00000010543","ENSBTAG00000038045-ENSBTAG00000018572","ENSBTAG00000015801-ENSBTAG00000015510","ENSBTAG00000017246-ENSBTAG00000012599","ENSBTAG00000012817-ENSBTAG00000022799","ENSBTAG00000000575-ENSBTAG00000020679","ENSBTAG00000014075-ENSBTAG00000012887","ENSBTAG00000014113-ENSBTAG00000001338","ENSBTAG00000015991-ENSBTAG00000024015","ENSBTAG00000034501-ENSBTAG00000005397","ENSBTAG00000013103-ENSBTAG00000011578","ENSBTAG00000017312-ENSBTAG00000039292","ENSBTAG00000007268-ENSBTAG00000015910","ENSBTAG00000005947-ENSBTAG00000013745","ENSBTAG00000005077-ENSBTAG00000009851","ENSBTAG00000017753-ENSBTAG00000020979","ENSBTAG00000006989-ENSBTAG00000011971","ENSBTAG00000019267-ENSBTAG00000011578","ENSBTAG00000007737-ENSBTAG00000014064","ENSBTAG00000017246-ENSBTAG00000012314","ENSBTAG00000019336-ENSBTAG00000002107","ENSBTAG00000025471-ENSBTAG00000024928","ENSBTAG00000013201-ENSBTAG00000020319","ENSBTAG00000007737-ENSBTAG00000012314","ENSBTAG00000019604-ENSBTAG00000009851","ENSBTAG00000032808-ENSBTAG00000004211","ENSBTAG00000012004-ENSBTAG00000024269","ENSBTAG00000025644-ENSBTAG00000019021","ENSBTAG00000018103-ENSBTAG00000017753","ENSBTAG00000013760-ENSBTAG00000003585","ENSBTAG00000007148-ENSBTAG00000034848","ENSBTAG00000021499-ENSBTAG00000008036","ENSBTAG00000016542-ENSBTAG00000015910","ENSBTAG00000014218-ENSBTAG00000011761","ENSBTAG00000018463-ENSBTAG00000011578","ENSBTAG00000012398-ENSBTAG00000012314","ENSBTAG00000018343-ENSBTAG00000004211","ENSBTAG00000003253-ENSBTAG00000007665","ENSBTAG00000005260-ENSBTAG00000013745","ENSBTAG00000037899-ENSBTAG00000007909","ENSBTAG00000015327-ENSBTAG00000011425","ENSBTAG00000011104-ENSBTAG00000018300","ENSBTAG00000025644-ENSBTAG00000014773","ENSBTAG00000020661-ENSBTAG00000017851","ENSBTAG00000005359-ENSBTAG00000008997","ENSBTAG00000000016-ENSBTAG00000024928","ENSBTAG00000006276-ENSBTAG00000047138","ENSBTAG00000007273-ENSBTAG00000012314","ENSBTAG00000009212-ENSBTAG00000012314","ENSBTAG00000018255-ENSBTAG00000015127","ENSBTAG00000005339-ENSBTAG00000003166","ENSBTAG00000007737-ENSBTAG00000018035","ENSBTAG00000004924-ENSBTAG00000039292","ENSBTAG00000019993-ENSBTAG00000039292","ENSBTAG00000020221-ENSBTAG00000005092","ENSBTAG00000021302-ENSBTAG00000019289"
8.86672480547272,18.9325577145445,19.6060269373322,7.06936369174073,28.3236221539932,83.3401480809391,113.659526124019,15.3833420452531,20.7653427493985,10.0932222393005,102.299035355474,114.642216581496,47.874306456602,44.8755453712567,12.6075703867291,64.3118231238046,79.3276430482963,112.379315285538,138.763594166492,64.5854419608859,127.817726289216,82.2834620082169,15.2647113999526,64.509129117199,12.8256611841492,9.55395816103166,81.4199243522289,77.5344672055955,13.0339780595624,87.1004448375249,83.04846318749,22.0836256664137,83.7569511259695,32.4845633910017,15.8838236018931,103.985872846977,53.1085670053216,9.31740035941582,44.8719511977882,90.5128701732282,33.0958620483787,25.82785762256,81.9815038625471,13.3275358402133,96.6267862267586,114.959757617509,74.8998795076783,10.3650902094465,55.5397255888281,17.7217577195711,67.2330300832406,17.8264384778258,14.8914652871867,26.1801802149964,48.2914937159367,19.6060269373322,8.30844328034489,15.8306371818605,92.5185700220887,65.5822459167789,91.9487663691989,28.5759113516819,19.281327301162,12.1716609412666,75.4625325858127,65.2283213068561,26.0964367326625,20.1297317090106,13.3511484998623,13.3275358402133,20.8326176382952,113.198784510414,12.6075703867291,7.06936369174073,7.06936369174073,53.9583104002522,9.31740035941582,116.979201891653,17.0893887951918,156.937263663059,101.266350661968,23.3859868323786,10.5903473048804,46.5286316771304,48.6853131876768,60.9355798640752,25.9264048875566,56.9048213377175,78.0872561182313,7.59127516274274,68.1930916475739,53.5659761843853,40.8020479051793,99.6213046808236,77.2253095022721,149.969503191144,123.08302887083,27.5029956166142,12.0799568984798,17.7217577195711,62.5725330068665,134.268247239496,8.24817782961371,44.5543814029245,142.710239730934,67.5391266087042,22.4075296684279,14.1722352045364,18.0678148399992,58.6287412746188,25.82785762256,75.9219535634322,13.3275358402133,18.8243272068575,152.848309254621,155.168434212478,47.735222554217,147.536728684003,99.9841620730929,21.1868714888453,85.7143248955149,79.8979533571138,102.402606749398,74.9389103223355,93.4858223160883,19.5614405513667,22.9674475901969,132.090175284517,119.712589749003,94.9632268397311,25.82785762256,19.9945066969081,98.6895595223228,9.39474744955696,154.996642621993,18.0678148399992,85.3551700464246,67.8313086432363,88.8921082853374,69.3822354534823,8.99047630005417,99.9928104140163,37.6673558418911,10.4059252458787,10.5903473048804,53.4042929514804,51.9957594115196,28.1123587814899,49.9229897617128,13.3457370176083,9.09493178360583,8.94561659279621,101.792076740719,93.8098094281951,20.8326176382952,7.06936369174073,81.7492700570009,86.8387192507474,14.8763445092293,24.2755526568792,13.8206054366597,18.1957363708828,121.686564223853,134.145031680666,52.2194177348003,15.7748228889705,47.9520345233307,136.356986739201,18.5285572485652,9.80140969928827,68.0656009378324,25.82785762256,130.792530658911,36.7600780475624,43.9961116722815,103.636105697361,73.1883231072298,94.6799777553396,25.8128494848359,33.7332069415362,8.79394493664618,40.0995504350069,94.0556588691239,24.7203359212306,132.005833308726,89.8388972469012,131.332814220153,72.7724522378594,13.8230465084921,17.6284228577863,12.5160517139825,42.8048205052378,33.7332069415362,87.1693671639208,13.3275358402133,147.943901972176,25.6506401524504,8.17037485112974,74.0229049209228,9.30866734374669
8.91782338611316,18.5829040756739,17.8169105177014,8.02902558276397,35.968120507564,66.2500889346585,107.991936852374,12.5764784009917,22.8031120583788,10.0997472481925,100.53917100631,122.872570522436,46.161462339414,45.6636200773451,15.6608276701433,64.6260161851263,63.7593893193938,109.094673037861,163.193064013109,77.4147674722422,131.86189944462,88.623815585714,17.222491198532,84.6448809860299,11.9905688688366,6.26995105356735,92.9790677974786,75.0010434804893,18.0022785809884,85.4918408684323,74.5132206881018,20.1138649803254,86.8883987211525,36.6494656115156,15.0977376840589,103.50415974906,49.3489142900779,11.7646684689716,45.8976659272965,94.1166101740794,30.5354745465874,25.1578872093302,79.6663663128047,15.0784014475306,95.140381645583,114.371014078485,72.5785202717382,10.2773225250528,37.3365755615133,15.3158005188211,66.3468658923049,16.489454938262,16.1715226380092,26.9624596130021,50.1601949642533,17.8169105177014,8.63141070910693,10.1869747720353,92.8715278141888,70.103676951542,90.366959118324,28.4435338430248,14.1298367894457,10.4015730786322,82.3661385433808,59.6289026262932,26.8284599820115,19.1189312154926,16.1594237924631,15.0784014475306,22.4378753480206,112.61905944499,15.6608276701433,7.06936369174073,8.02902558276397,69.6251748451473,11.7646684689716,125.993036301445,18.5649602238937,156.210253989649,84.9156261670227,21.831719293481,7.9413789533367,70.499647907899,52.7818450755224,61.4919767353059,26.7467204549384,55.019046849993,80.9236258062008,8.54657101373679,74.5597622347168,72.4160263622147,45.9298415583038,106.045727229648,67.5879769272757,149.274771570421,121.473440572429,27.5029956166142,8.95571622069159,15.3158005188211,58.1214959734115,133.646251466812,8.02902558276397,55.5701168547836,139.008359393746,91.3063761993494,22.5289775337402,14.9523457050626,18.3851098779067,53.5958527603395,25.1578872093302,80.3624148583385,15.0784014475306,21.4114579703886,147.588667976443,152.439964756672,44.3559587327936,144.998634086131,95.269082027271,20.4945945593052,96.7076394320632,90.1452875471912,105.642641487007,79.3218761859676,88.7914966936689,19.7360269380523,24.6302452070466,129.817809865329,117.653157633017,97.6270115775486,25.1578872093302,19.3757797610292,94.0355306922918,8.85783840727656,154.278622848346,18.3851098779067,87.749442090773,50.2880892864294,57.2018456448095,68.405634213401,10.0438787971767,104.111293691846,23.8533814592011,11.7400869719084,7.9413789533367,54.9314817194933,52.3642668859196,27.6287380140159,51.0641646955588,14.1262915989545,9.74391963697063,12.376845532151,107.196007371986,130.528689673107,22.4378753480206,7.06936369174073,70.6074521886975,97.9762432974943,20.6699234597419,25.8366250829213,14.2582909767826,17.4187414195564,121.122852921325,131.837316284798,51.0606842042998,17.7599469337371,40.6149009847775,135.725314910073,20.5969755421616,11.5379805192422,89.3114628808306,25.1578872093302,130.815303290119,43.7072171958679,54.5406443832472,107.400488304609,101.086297324639,78.8827083851004,26.0695020362513,33.7332069415362,8.35316912034061,26.6343517928086,100.601184191873,24.7203359212306,138.789590330614,88.4943317076689,127.926062444626,68.5037195777295,17.6259140084473,17.4373377752641,10.2903326862033,41.2680257456785,33.7332069415362,92.8070259173536,15.0784014475306,147.258553920698,11.7951666761698,7.9582045389477,72.8842146127491,10.1172675987468
10.3202307365715,19.3221330704606,18.5385165233218,8.31200302563495,38.0863965747223,81.4635463658515,115.547080126485,16.0576911840106,21.583809726696,11.366354082197,98.897399931231,110.021851668355,46.2111996398163,45.6255432194807,13.0146575247725,67.6721743531872,74.6909306094327,110.30070612615,137.846237090967,66.811743768374,134.88164633885,89.5685890246682,16.0506928675096,70.8424221318014,13.8561943999013,11.4700424725234,82.508206669103,80.4874750343994,14.814606457136,88.8927112238017,79.7824357074991,18.7940232935432,84.1333323891107,31.2813839657309,15.5431979880944,102.656651082335,52.2444596457406,9.67110167514645,46.2219309356036,94.5511100057885,29.475195960037,25.9114171911021,79.4976255808626,13.3434318706133,97.2097930250329,113.853809836274,76.1903678535275,9.63629096713918,56.0826696972831,19.3239583183055,66.0024630731914,17.9345710864319,15.1829790196392,27.1090402114848,51.9082185571394,18.5385165233218,8.51223497737062,14.6319611171755,94.4254114753637,71.3983818902998,88.8912968651118,28.2106336243023,18.8779904310321,12.7537087141358,79.6712947769833,56.17655952255,26.0834568722361,20.7256889916547,14.3629558104429,13.3434318706133,22.6770741290173,112.109777825272,13.0146575247725,7.06936369174073,8.31200302563495,60.0362458358431,9.67110167514645,127.336184002817,18.2855270339821,154.931179366866,85.9752252179475,21.7409010185539,11.1180864128008,53.2641194490326,45.3679222882304,67.6979678376739,27.3592425433115,61.1386369019843,77.2553646198401,7.95342039234346,68.7727489310545,56.5426028364834,58.6101527236797,89.2730245925517,80.7734290405232,148.052485790449,123.413702993911,27.5029956166142,12.0215966240318,19.3239583183055,68.8753718886099,132.551934516962,7.80264060953758,45.1174991271587,143.171942990752,71.2922321925711,23.0515858541571,14.0036459367173,18.3697793540792,50.4928060075588,25.9114171911021,87.0739726057042,13.3434318706133,19.1863195668842,154.790187018528,158.918179464266,46.9585426427406,142.630854831679,94.803652989412,21.9938029043733,90.1277637812474,84.0119067093285,108.061945621654,85.9465321721021,96.2535470646651,19.9838623475996,23.7495726412473,127.697928398895,115.731920873651,94.9159939763849,25.9114171911021,19.5017292780571,93.5761280650875,8.70966495743633,153.015364731268,18.3697793540792,85.3127160437874,67.5036043457914,82.1613089298249,70.4357547918585,9.51602939477404,99.1602698293997,38.147625778834,10.0205054079684,11.1180864128008,52.2556628393317,54.1389334287316,27.1775699522712,51.424930792367,15.3060647801069,10.0356540909485,8.58899424652685,96.4342737170879,103.908567804372,22.6770741290173,7.06936369174073,80.615875967834,91.3100533106684,17.1580920197275,24.5560407277335,14.8595410055688,18.7608541654991,120.131079568079,129.684456953197,52.4987596253114,16.5273679798236,45.6331837401129,134.613974255174,19.32703528653,10.0356540909485,74.7480565972649,25.9114171911021,133.030754204938,41.7808617832999,47.4521828444999,102.532033156696,83.1868980549537,74.1158537288895,26.6748822831297,33.7332069415362,8.72054731113324,33.5530989767465,100.189869148219,24.7203359212306,135.348907313246,90.011722449859,131.757708667537,67.6096264101016,13.5856929151842,17.2725099236957,12.4604545612652,45.9819315454288,33.7332069415362,92.069341286553,13.3434318706133,146.052777254333,22.2050306895913,8.01109210339119,74.4695290764197,9.33554179220517
9.89182455307884,19.108660159502,17.8056642171882,7.06936369174073,30.8544922219819,75.9742156831755,115.291800021791,15.5838525630808,20.623735507983,10.0495866432598,99.5864871405793,112.802272769979,45.549609895581,45.2438790414321,11.4849515680694,65.8031065714149,78.6061383628388,108.996179731829,145.079761489478,64.8538958560933,134.20219727093,88.5389854151162,16.001490900489,68.7057816356697,12.7504853564503,11.1065369475098,81.1962567820056,80.145056589432,13.8933609354199,87.9106154190195,81.0533340560279,17.6917163997251,93.6092402370373,32.6769826366403,14.9108597736489,100.380561840069,49.3853663587336,9.46092443286487,47.2259945711657,95.4136729104878,30.9089833557519,26.0075532508056,78.3669558412286,12.6176445610172,95.3422691199403,112.443618064065,78.9194419791128,9.39911205062835,52.6187700546263,18.4083800828901,70.1826693262986,17.7210846581075,14.2672160577762,26.7039739177249,49.2455115032576,17.8056642171882,7.57490595921576,13.0370367190181,95.6560443071668,71.3048044333466,89.5106645707817,27.5851513098804,18.8166481845497,12.5723756422104,80.459604796736,58.5135928553374,25.418086974231,20.6928901291614,14.4191289593317,12.6176445610172,22.4163979518936,110.721187610322,11.4849515680694,7.06936369174073,7.06936369174073,58.8987865867248,9.46092443286487,125.872436542871,17.5651071426399,151.496066425516,82.8379139716381,21.9033354354462,10.4001559991397,52.1884723894181,47.2595269256795,70.9335520598939,27.2214238530031,57.7640851854409,76.7133798652094,7.70760986346195,66.4132510902416,56.3091082867488,65.6842792203475,90.7334649628809,79.0262869563456,144.769886303269,121.846342065599,27.5029956166142,9.79946834733699,18.4083800828901,67.3068462613222,129.613011134846,8.3226706614688,46.4233569694303,143.703136879443,70.99782856026,23.13459900297,13.8606682061505,18.2161135291184,52.5933862443792,26.0075532508056,88.4776845170839,12.6176445610172,18.4497055195982,149.792790634639,157.429334935735,44.3887227049352,143.624663544459,94.0597693447315,21.9002345102074,89.8514851621366,83.7543757044446,107.517597370997,87.33206871467,96.1012236916795,19.8623569623988,21.8138037693814,128.587688990995,116.538305939818,92.4947564256848,26.0075532508056,19.9398496620052,92.8418762825331,8.80422989231595,149.622728970269,18.2161135291184,83.1364510858623,55.0259216646288,73.2054980752628,71.6605059587416,9.31677777866662,99.3929252319167,33.1100694948321,10.4675637620528,10.4001559991397,51.8638586427098,51.0146996498037,27.3669350503254,52.5420174636671,15.5528125143061,9.07905562965093,8.76612705058812,95.447730020458,100.458950187314,22.4163979518936,7.06936369174073,68.3297455083755,91.0301504884832,17.6253365521851,24.7056838472274,14.8514020835111,18.5992708162584,117.467549684882,130.588059076203,51.4691783794644,16.0165687433026,44.3507562178176,131.62933160971,18.5311744995511,10.9001477971752,72.4936203438612,26.0075532508056,133.82124502804,46.5633893588892,48.158122248888,101.812720017658,78.0139251838679,76.9639723176669,26.0515963485521,33.7332069415362,9.05031229968988,29.6850377010326,100.757369652589,24.7203359212306,134.571328400429,90.9631869602108,132.246553675645,69.699881843963,13.7347374167069,16.851038541595,11.1164197788341,37.2661166788388,33.7332069415362,94.5293171225093,12.6176445610172,142.814515031605,20.6166028112668,7.22406811571191,73.0388745978593,9.01230982959114
11.7898315777918,19.4205115797121,17.2037982971736,13.2954478843502,30.5762548231296,63.2275442778408,100.66581345836,15.2383717731081,20.6120657715637,10.443054831497,98.6326997424775,118.557375567004,46.7454680574745,44.5018015107214,11.8388336103676,64.9339577273821,91.0294001234522,106.971628293611,159.005374368842,68.8558544129,124.306956621735,82.6878674000847,14.4840720641842,65.4054375929976,13.068068335769,9.62252808505083,74.7011462517123,75.5837251826934,12.2440952738677,89.3453078590506,79.7218553806769,16.9420599213632,98.2993361770789,28.9341171851668,14.4283982624691,102.330195935723,51.6973958221891,9.05011950816242,44.8045130489709,98.2544321018571,42.5713317247071,26.4196278453971,75.7031606818141,13.4043682503073,99.3355019828992,112.393310336776,74.7371589716535,11.2930143531223,53.7304489443515,17.9024302157295,66.2148830033282,16.6760249981558,13.1414296357625,26.3230875326896,45.891989358904,17.2037982971736,8.80029935699508,9.4810134191486,94.5598063937254,73.7327974088205,88.6533781425255,28.1209218867896,16.0826995212965,11.9447144306089,81.629941603892,62.7522069753994,25.909287802524,20.7796824153388,14.3735691501148,13.4043682503073,20.9350054413121,110.671650505351,11.8388336103676,13.1612057284536,13.2954478843502,64.6835499503375,9.05011950816242,117.5541293294,17.7055978719162,154.438487657739,83.2280159815243,22.0041534680655,9.09048213033055,147.636085167206,44.5032884148295,68.5893163317501,25.2142842881016,45.6594995076343,75.978868237973,6.44779973240941,71.2211257109967,54.9912933946662,87.5617604083983,93.0439028394646,69.7990424483177,147.581668795686,127.296780327445,32.0279265620952,11.006047504458,17.9024302157295,62.3225769871958,132.13041033163,13.3428808131751,46.0029579633167,145.980029722844,69.3362502005783,22.1914444880823,13.3243551748111,17.917337897293,56.4031517822506,26.4196278453971,78.3414490402759,13.4043682503073,17.4376285148978,140.119072521133,149.828300341662,46.4668288790087,142.249101476967,92.9175787578809,20.6538166806202,81.3308831193095,75.8119615814589,99.5899142060084,77.3270779873443,96.5043015051982,19.7349800338156,20.5247340010879,127.356143217746,115.422162868674,94.2822041205138,26.4196278453971,19.6161560283207,91.7144748664525,9.01357872524794,152.528765443247,17.917337897293,84.7430508931615,61.8010984220452,53.2377352741935,73.5153097669734,8.8616880593367,101.096935037575,32.5186858910487,9.26859495879022,9.09048213033055,49.8990256136693,52.7358899900175,27.1048288296408,49.8479603965283,13.7710415419745,10.9149428288996,7.32982639976314,97.0329727403849,107.429314270911,20.9350054413121,13.1612057284536,70.9025657847014,82.3977758002808,19.1757099062566,24.2672049149563,14.5207402592231,16.7814555744575,119.749054547979,129.337354802303,52.3555414061885,13.3986578831324,38.967864875221,134.185892642944,19.835205519367,10.7112394135678,69.0113240605251,26.4196278453971,131.692761868332,43.9733205968804,51.6983413079108,100.837888420029,68.7529775609905,75.8686560586278,25.3935918972462,54.3098476536047,9.08207525665586,33.9545895406035,87.88565359993,28.7874497204668,138.24219598115,89.8121006547196,134.341923604007,64.9779728660158,15.593795746101,22.6814713309537,10.3922660455987,55.4680222173262,100.504557670998,100.136862446038,13.4043682503073,145.588319468998,18.9459088741123,8.37299281390941,76.0979714392696,7.53067594680677
10.7924002874886,18.8453127234062,17.3383466187186,4.0120101623182,34.9246264732865,67.827423031277,113.770515620488,14.7547014048165,21.8575683164053,10.7490556798378,99.9146064992979,115.146378485398,46.5153026488106,46.6945974930869,13.8529925113124,67.9837276356818,76.8425806662531,111.075499268731,136.802859403901,67.6185583030159,137.341736393684,90.4475283500989,15.1340539665027,70.4090487670936,12.7480369591892,10.1934426913814,89.2502690147757,74.1762451767971,15.8614745700473,86.6990686657173,77.1166953019869,18.1469065656098,93.9575758058752,33.0299581497392,14.4300487835666,102.608183325368,53.3088537683586,9.62975701327053,46.9430979823734,96.1123786655407,14.4930595514055,25.4583393307344,71.7990656319167,14.327721168946,95.8958791784193,113.494944149105,83.1375962791973,3.98960994084555,49.4780429248176,19.2914714157153,73.5248359905853,19.3745757625612,14.2090759073692,25.9563971291437,15.5437938338063,17.3383466187186,8.00709476315772,11.5308366432264,93.6170543932643,70.4156512320435,89.8055859270897,28.1973144080608,18.4072643968549,6.34074687431694,80.9149569291314,56.2577505203293,26.2768335694621,19.1475330914834,15.1224408393364,14.327721168946,22.8996049565623,111.756409303696,13.8529925113124,3.98276934679902,4.0120101623182,55.3692929237421,9.62975701327053,128.585737902115,18.2167904982458,154.858030996361,79.8153539322478,21.5629058003993,10.379704599135,31.7470469438642,46.9913499849214,66.3664328229828,27.8582444632576,56.4243748453346,77.2997213181528,8.65807862581609,69.9629544727477,60.3289211217991,52.1283042517199,92.3504235441085,79.9906724370003,147.982585089188,119.457992788744,28.742700289409,11.4024016599245,19.2914714157153,60.0826287885017,132.489352162288,3.98276934679902,47.8124383992662,140.668489122655,76.0662445091306,23.9761128201929,13.7391779213613,18.8002025279845,50.5657823759103,25.4583393307344,90.6745387730974,14.327721168946,18.9710179807098,155.62659469998,162.45409055429,47.9152449827506,144.097880683164,22.6573945674621,20.2692122707005,84.9806579818534,79.2140713465065,110.032874394735,89.5004779343443,88.9243285632352,19.6780903857651,23.8265468357531,129.011362034018,116.922278457668,95.6196791328032,25.4583393307344,18.8721215868963,22.3640248957795,9.25856439126331,152.94312088314,18.8002025279845,85.9452047258179,64.0267041321829,64.7478915557937,68.5220973145891,10.2193880092079,101.330048889188,35.2502259571177,10.5806339843218,10.379704599135,55.5637745571551,52.1872632017414,27.4571041228234,52.2272764477561,15.9389806486953,3.98276934679902,9.18327233073956,93.9244291767086,106.457138958776,22.8996049565623,3.98276934679902,83.3898407321135,86.0954281472278,17.9176640661839,25.4528870447091,14.4412698879095,19.1614742929108,120.074361528796,131.018322974757,52.6237379410713,17.9916620005227,38.7280757350892,134.550418340192,19.1651451933682,4.0581168850055,74.2907907977887,25.4583393307344,132.731153488191,46.0421880090491,47.168431486445,102.590902627891,89.0652662207034,74.3112216724163,26.920526077339,19.0047631490432,8.88686916185353,32.3007439707117,90.9538937548252,25.8346114853111,135.7263779219,88.7511786815446,129.453840056656,72.9114452458641,14.7063379928546,8.32868111184503,11.7054958019847,19.0047631490432,19.0047631490432,92.944026636245,14.327721168946,145.983820684664,16.4524316933542,7.72720680878888,73.4629787859659,7.91075962393097
9.13201838492263,18.7342168626651,17.5920888251538,4.0120101623182,32.6360382253266,61.8058724790921,105.316801078605,16.1294756609842,20.174932908427,10.5025664835128,98.4612658312621,111.174620765279,46.6937298356454,46.5792038680183,11.0005051846299,60.5920748419694,83.7369503506594,110.070825982459,138.127487230902,60.9889890144337,128.333510191948,85.7655279979947,14.7509924651543,73.744303795496,12.4216315451737,10.1535810954913,85.0356646793784,69.7605294480974,13.2053844167536,86.1879650400976,75.5674528820169,17.9354898158389,90.7234656582364,32.9290083487293,15.2977271224156,101.453246059997,47.082159141974,9.88643408076136,45.4679763654161,92.2897923776879,14.4930595514055,25.4111649340203,82.6875865891989,12.6937079547928,96.3298587849871,114.013368381502,74.1941565259467,3.98960994084555,50.3569000351014,18.1166586736698,72.3045091467815,15.6798612740584,14.0824791206113,26.3042274067602,15.5437938338063,17.5920888251538,7.76223736034598,14.4218203483436,89.3370385251193,67.2123183503123,88.4992893322515,27.8799310557994,14.1614861878583,4.47072866809493,79.9755486496204,58.1396651163419,25.8149217185482,19.8549928989434,13.7776063421802,12.6937079547928,21.7142109449685,112.266892225584,11.0005051846299,3.98276934679902,4.0120101623182,55.3045252770678,9.88643408076136,121.929519859285,17.532883961246,153.11497985713,87.3943151384255,23.4057673341594,10.8664085229283,23.4057220145797,45.3212399769706,68.3191412981608,26.0310259184961,49.2307187777595,77.6315115193173,7.72186027367416,63.7657430205977,54.1066320266887,52.5477549087256,89.9713626331248,70.3270541390373,146.316922599058,121.32301202566,28.0891735980274,11.5340707344997,18.1166586736698,53.7293903051588,130.998078414736,3.98276934679902,45.4833937799166,140.407829893283,68.220817226259,22.7384325959546,14.442731465587,18.7537426881272,52.257291244144,25.4111649340203,80.9280378785099,12.6937079547928,18.1275872815029,144.074308100701,154.184957858052,42.3185461725976,142.001857714029,22.6573945674621,19.0625850112759,82.8296931112273,77.2090658691191,102.815832815082,79.8801754761651,92.2098895837218,19.9429018855348,20.1610053915074,127.134784968341,115.221547120822,93.9388121114678,25.4111649340203,18.8540998623319,22.3640248957795,9.0018667326514,151.221623590571,18.7537426881272,84.4344021214199,64.7660516076203,80.9813276212031,69.0751668218772,8.82279102625308,99.6983309209686,28.2630570236081,10.5482962837884,10.8664085229283,49.7640579665611,51.2247990675161,27.0577178123897,50.5861068659825,14.2257181248012,3.98276934679902,8.00596803230487,97.3807800892125,105.072665111473,21.7142109449685,3.98276934679902,90.1622809706578,83.91624707398,18.6760237013602,25.68087217551,14.2746575694369,17.0886934423699,118.722828441951,129.112553000691,51.6249460488831,16.0461813831258,41.1254609523548,133.035945642438,18.5444192012169,4.0581168850055,77.8099227547044,25.4111649340203,135.208320591143,45.0689592796313,47.4007068980572,103.031249056573,74.1508031570978,69.8228778700828,24.6623155227087,19.0047631490432,8.74609087540043,29.8098427126534,77.2049197265002,25.2472064051647,134.192811970687,90.0006650385233,129.213961613382,66.7011881269122,16.0662618241467,8.27627502711623,10.8875686144519,19.0047631490432,19.0047631490432,92.2493413527875,12.6937079547928,144.340655888389,17.6168994277367,7.58065276666622,73.7954376455538,7.82846030769307
8.86672480547272,18.9325577145445,19.6060269373322,7.06936369174073,11.4036711184846,22.9023483516992,23.8192748348581,15.3833420452531,20.7653427493985,10.0932222393005,28.1123587814899,119.418963805287,51.4516255982605,18.0678148399992,12.6075703867291,89.2356759580298,81.1740164288261,23.5509850148295,140.839462322947,65.8758810229034,133.14345172797,20.8326176382952,45.5905878370331,67.1970028569803,12.8256611841492,9.55395816103166,80.856207702144,71.7043450721941,21.5312927578122,75.917879376044,22.8221916782048,22.0836256664137,87.2468154682183,10.4059252458787,15.8838236018931,28.5759113516819,14.5945373271255,9.31740035941582,62.261940374199,91.2957532837329,9.09493178360583,25.82785762256,56.0711158017287,13.3275358402133,20.2497762926875,24.091760321544,51.2276503789434,10.3650902094465,56.1194648011582,17.7217577195711,65.9357999396301,17.8264384778258,14.8914652871867,26.1801802149964,44.6602659985689,19.6060269373322,24.8418295482272,26.151193607026,19.3888301476782,44.8548700875577,127.583233096456,28.5759113516819,19.281327301162,62.7976573654159,78.6067970093223,17.9251149819813,118.556540156498,20.1297317090106,13.3511484998623,13.3275358402133,34.4141433437978,24.091760321544,12.6075703867291,7.06936369174073,7.06936369174073,14.8280516619135,9.31740035941582,118.200263566781,17.0893887951918,153.909231922895,108.161220427553,23.3859868323786,10.5903473048804,45.8890650238913,67.5531592871707,60.5007134257825,25.9264048875566,51.6840762991841,22.6553401411631,7.59127516274274,71.0344634469204,12.0279227205425,40.7926820458453,100.234972710549,17.8852850489263,153.16512856992,124.367804001644,7.55798016719645,19.9553112100032,17.7217577195711,57.3893902769056,28.5759113516819,8.24817782961371,11.6043063395843,141.691788871877,68.2441189299026,37.0157966405601,14.1722352045364,18.0678148399992,81.3501329007192,25.82785762256,75.2173040086292,13.3275358402133,18.8243272068575,149.89917199397,155.61636184607,66.2348638979237,150.680515283625,99.0561854868044,34.9993479016021,86.60903502729,80.5890236781351,25.9264048875566,75.7211436586104,91.7608740916425,88.8679453062803,37.940745005431,28.1123587814899,128.609850286505,26.0964367326625,97.4772224877367,19.9945066969081,99.7197087874856,18.7333754432285,152.685502927259,18.0678148399992,118.434308431011,68.5393508423512,89.81998901023,24.1439075950322,8.99047630005417,106.800969301866,9.67570445351171,10.4059252458787,54.6391330354814,60.1783160985873,55.5359678535301,127.714907093047,13.7191225190846,13.3457370176083,9.09493178360583,8.94561659279621,105.922599010123,94.3341023754505,20.8326176382952,7.06936369174073,82.6025918357627,86.0327486192281,14.8763445092293,65.8070528232214,13.8206054366597,18.1957363708828,130.730534186269,28.1123587814899,59.2067846313437,24.6081024114966,38.599612058623,28.5759113516819,18.5285572485652,9.80140969928827,68.1874508851564,25.82785762256,134.096527206471,33.9959429167648,44.0142643864489,113.160350655569,73.9522833238154,94.6582445483331,25.8128494848359,7.06936369174073,8.79394493664618,12.4162698462487,93.1827061191206,34.3006274537421,131.063774388587,90.7743983868953,130.533583228781,66.7444078446958,59.0941913204935,27.4996453583564,12.5160517139825,8.97047364739603,7.06936369174073,86.8235780389069,13.3275358402133,144.1028082131,25.6506401524504,8.17037485112974,90.0004945586672,15.3773192533689
8.91782338611316,18.5829040756739,17.8169105177014,8.02902558276397,14.4815029231865,18.2059025577808,22.6315357062866,12.5764784009917,22.8031120583788,10.0997472481925,27.6287380140159,127.99224831326,49.610792367483,18.3851098779067,15.6608276701433,89.6716335914247,65.2434071809417,22.8626327130065,165.634390839313,78.9615408145023,137.356131681904,22.4378753480206,51.4378213374963,88.1717423143842,11.9905688688366,6.26995105356735,92.3353205937835,69.3614194605767,29.7386054099257,74.5157992567381,20.4766583249718,20.1138649803254,90.5087397242055,11.7400869719084,15.0977376840589,28.4435338430248,13.5613633029769,11.7646684689716,63.6851677495384,94.9306635167943,8.39132268485056,25.1578872093302,54.4876812520749,15.0784014475306,19.9382750886777,23.9683791616756,49.6399605171662,10.2773225250528,37.7263051951701,15.3158005188211,65.0667338758983,16.489454938262,16.1715226380092,26.9624596130021,46.3884522359339,17.8169105177014,25.8074859948345,16.8282265882918,19.4627984188988,47.9472954663943,125.388401222457,28.4435338430248,14.1298367894457,53.6651838566012,85.7980525045152,16.3863627702055,121.882133786233,19.1189312154926,16.1594237924631,15.0784014475306,37.0659257498973,23.9683791616756,15.6608276701433,7.06936369174073,8.02902558276397,19.13339542909,11.7646684689716,127.308186904911,18.5649602238937,153.196249564063,90.6972325906516,21.831719293481,7.9413789533367,69.5305838662167,73.2372897368985,61.0531395737312,26.7467204549384,49.9713125962954,23.4782518842744,8.54657101373679,77.6664113198554,16.2605898530678,45.9192986454512,106.698969753407,15.6532908837227,152.455593259438,122.74141436974,7.55798016719645,14.7942667175299,15.3158005188211,53.3070511230491,28.4435338430248,8.02902558276397,14.4733837392495,138.016326983825,92.2594577289631,37.2164206964624,14.9523457050626,18.3851098779067,74.3667636417177,25.1578872093302,79.6165523351158,15.0784014475306,21.4114579703886,144.74101305568,152.880016066237,61.5459765876585,148.08833769329,94.3848672107895,33.8557509758368,97.7171008601896,90.9249912840987,26.7467204549384,80.1498601475925,87.1531655459814,89.6610941248682,40.6875796342584,27.6287380140159,126.397357376047,26.8284599820115,94.9486792386225,19.3757797610292,95.0170999009369,17.6627645809453,151.978189475841,18.3851098779067,121.756473375605,50.8130104480558,57.7989345318424,23.8040659922992,10.0438787971767,111.199865625557,6.12727556945815,11.7400869719084,40.972222026805,61.8992198564031,55.9295657061952,125.517810013208,14.0327239040952,14.1262915989545,9.74391963697063,12.376845532151,111.545810517952,131.258200497478,22.4378753480206,7.06936369174073,71.3444725517355,97.0669026788659,20.6699234597419,70.0388648463481,14.2582909767826,17.4187414195564,130.124926819701,27.6287380140159,57.8930034832298,27.7048177367314,32.6934912646728,28.4435338430248,20.5969755421616,11.5379805192422,89.4713468295142,25.1578872093302,134.1198751052,40.4206992955472,54.563147752076,117.270683178888,102.141464410307,78.8646013441906,26.0695020362513,7.06936369174073,8.35316912034061,8.24695777014816,99.667480877795,34.3006274537421,137.799119164937,89.4158317564509,127.147563374785,62.8292720359363,75.3516335182593,27.201560155555,10.2903326862033,8.64841232978354,7.06936369174073,92.4388729602861,15.0784014475306,143.435253974603,11.7951666761698,7.9582045389477,88.616021860733,16.7130748250668
10.3202307365715,19.3221330704606,18.5385165233218,8.31200302563495,15.3343643078179,22.3866474897978,24.2148436805467,16.0576911840106,21.583809726696,11.366354082197,27.1775699522712,114.606084163018,49.6642461958092,18.3697793540792,13.0146575247725,93.8983211583237,76.4293831934872,23.1153773316892,139.908381818358,68.1466650965028,140.501701052564,22.6770741290173,47.9380516177797,73.7941824286212,13.8561943999013,11.4700424725234,81.9369552188215,74.4353046052746,24.4727762516334,77.4800420444082,21.924668686041,18.7940232935432,87.6388792452484,10.0205054079684,15.5431979880944,28.2106336243023,14.3570756928701,9.67110167514645,64.1351006825562,95.3689215165862,8.09995207778801,25.9114171911021,54.3722713037888,13.3434318706133,20.3719552215661,23.859990270651,52.1102777774626,9.63629096713918,56.6680763122954,19.3239583183055,64.7289761495011,17.9345710864319,15.1829790196392,27.1090402114848,48.005035046341,18.5385165233218,25.4511565220098,24.1710579068911,19.7884410046908,48.8328067967534,123.340850519413,28.2106336243023,18.8779904310321,65.8006359060871,82.9909238585722,15.4376391812491,118.497572437662,20.7256889916547,14.3629558104429,13.3434318706133,37.4610667388889,23.859990270651,13.0146575247725,7.06936369174073,8.31200302563495,16.4983030090776,9.67110167514645,128.665354758205,18.2855270339821,151.941854093098,91.8289760154192,21.7409010185539,11.1180864128008,52.531969085142,62.9501235629426,67.214841653942,27.3592425433115,55.5294595464416,22.4139846909465,7.95342039234346,71.638273057547,12.6963066069129,58.5966991233302,89.8229471345713,18.7070250942339,151.20726240113,124.701929793844,7.55798016719645,19.8589037932635,19.3239583183055,63.1701388426882,28.2106336243023,7.80264060953758,11.7509718384983,142.150197188862,72.0364004810959,38.0797360015168,14.0036459367173,18.3697793540792,70.0611404908906,25.9114171911021,86.2658185323206,13.3434318706133,19.1863195668842,151.803582126752,159.376931557909,65.157184032276,145.670104611121,93.9237579295876,36.3323466579152,91.0685426243125,84.7385603080725,27.3592425433115,86.8436661484713,94.4775303276627,90.7870144558773,39.2327652444116,27.1775699522712,124.333330756081,26.0834568722361,97.7925856422338,19.5017292780571,94.5529019004315,17.3673027942949,150.73376767631,18.3697793540792,118.37540150786,68.2082258756598,83.018931685753,24.5105154650307,9.51602939477404,105.911743956044,9.79907254941076,10.0205054079684,57.3619150647732,58.8839889546621,57.825063054206,123.468146107844,14.1318644865496,15.3060647801069,10.0356540909485,8.58899424652685,100.347386877524,104.48930162732,22.6770741290173,7.06936369174073,81.4573670616304,90.4625831733169,17.1580920197275,66.5674101076008,14.8595410055688,18.7608541654991,129.059443041039,27.1775699522712,59.523504653654,25.7820431140531,36.7330230485051,28.2106336243023,19.32703528653,10.0356540909485,74.881869369553,25.9114171911021,136.391291312051,38.6391941377418,47.4717615272301,111.95481292323,84.0552261974367,74.0988408901697,26.6748822831297,7.06936369174073,8.72054731113324,10.3892519131456,99.2599833460563,34.3006274537421,134.382990563436,90.9490232354335,130.955891964342,62.0092403179414,58.0794932476103,26.9444351988939,12.4604545612652,9.63629096713918,7.06936369174073,91.7041146249413,13.3434318706133,142.260783101625,22.2050306895913,8.01109210339119,90.5435210032455,15.4217141123152
9.89182455307884,19.108660159502,17.8056642171882,7.06936369174073,12.4226513090141,20.8781480881622,24.1613454197238,15.5838525630808,20.623735507983,10.0495866432598,27.3669350503254,117.50235585768,48.9532203796776,18.2161135291184,11.4849515680694,91.3049018021852,80.4357185172754,22.8419917759396,147.250117906312,66.1496987180975,139.793941676751,22.4163979518936,47.7911017973451,71.5685154650809,12.7504853564503,11.1065369475098,80.6340887102867,74.118633952571,22.9509379502915,76.6240345810451,22.2739188057953,17.6917163997251,97.5096156114574,10.4675637620528,14.9108597736489,27.5851513098804,13.5713805394916,9.46092443286487,65.5282861478753,96.2389450832725,8.49396503738879,26.0075532508056,53.5989515802226,12.6176445610172,19.9805840213419,23.5644607489507,53.9768235727649,9.39911205062835,53.1680195149331,18.4083800828901,68.8285272610606,17.7210846581075,14.2672160577762,26.7039739177249,45.5425474289124,17.8056642171882,22.6485896735733,21.5363454663472,20.0463409154253,48.7688046477558,124.200252308967,27.5851513098804,18.8166481845497,64.8650781235674,83.812080048005,16.0798692795811,115.474786076448,20.6928901291614,14.4191289593317,12.6176445610172,37.0304464739945,23.5644607489507,11.4849515680694,7.06936369174073,7.06936369174073,16.1857227154372,9.46092443286487,127.186328292276,17.5651071426399,148.5730200633,88.4780562770885,21.9033354354462,10.4001559991397,51.471107502022,65.5748138651155,70.4273351467449,27.2214238530031,52.4645068009038,22.2567394555794,7.70760986346195,69.1804630495698,12.6438767885855,65.6692017977371,91.2923838292055,18.302389173732,147.854715637962,123.118208313145,7.55798016719645,16.1880909184614,18.4083800828901,61.7315407061246,27.5851513098804,8.3226706614688,12.0910859633164,142.67760021522,71.7389237812086,38.2168683798031,13.8606682061505,18.2161135291184,72.9757942548789,26.0075532508056,87.6565022624299,12.6176445610172,18.4497055195982,146.902608189102,157.883789153912,61.5914381382586,146.685089898315,93.1867784444348,36.1777776937465,90.78938013159,84.4788018114102,27.2214238530031,88.2436653095582,94.3280175405528,90.2350134977632,36.0349996734448,27.3669350503254,125.199647848131,25.418086974231,98.1554138805552,19.9398496620052,93.8109857921075,17.5558677811002,147.391719173489,18.2161135291184,115.355731637665,55.6002976476821,73.9696375689754,24.9367092710801,9.31677777866662,106.160240046905,8.50506332889294,10.4675637620528,53.6578726709825,58.4424866804069,54.4881111820305,124.328434854606,14.4388462795302,15.5528125143061,9.07905562965093,8.76612705058812,99.3208111780196,101.02040446798,22.4163979518936,7.06936369174073,69.0429905311004,90.1852781952306,17.6253365521851,66.9730681294123,14.8514020835111,18.5992708162584,126.197954702763,27.3669350503254,58.3561573769588,24.9852164230344,35.7007163831891,27.5851513098804,18.5311744995511,10.9001477971752,72.6233972605198,26.0075532508056,137.201751004454,43.0621046181609,48.1779922009086,111.169394303947,78.8282563865769,76.9463057108292,26.0515963485521,7.06936369174073,9.05031229968988,9.19156036648025,99.8222167444186,34.3006274537421,133.610960838352,91.9103954379029,131.441762086982,63.9263512148126,58.7166656887821,26.2869564425714,11.1164197788341,7.80974464236809,7.06936369174073,94.1543320684766,12.6176445610172,139.106596455167,20.6166028112668,7.22406811571191,88.8040646721198,14.8877557165038
11.7898315777918,19.4205115797121,17.2037982971736,13.2954478843502,12.3106272263553,17.3752900350891,21.0962227189203,15.2383717731081,20.6120657715637,10.443054831497,27.1048288296408,123.497254012193,50.2384368343565,17.917337897293,11.8388336103676,90.0989169484189,93.1481352172355,22.4177128019837,161.384054420625,70.2316177658365,129.486400352384,20.9350054413121,43.259079217322,68.130657427011,13.068068335769,9.62252808505083,74.183947540739,69.9002870293872,20.2264572405642,77.8745311520692,21.9080208664716,16.9420599213632,102.395131732903,9.26859495879022,14.4283982624691,28.1209218867896,14.2067394318231,9.05011950816242,62.1683667744662,99.10427517144,11.698844931354,26.4196278453971,51.7770532273204,13.4043682503073,20.8174334635842,23.5539179143686,51.1163579338321,11.2930143531223,54.2913024202895,17.9024302157295,64.9372975355721,16.6760249981558,13.1414296357625,26.3230875326896,42.4411898299964,17.2037982971736,26.3124545986875,15.6620238760237,19.81660573145,50.4294264816982,123.010727114388,28.1209218867896,16.0826995212965,61.6267646429412,85.0311807683265,17.2446646314182,117.70631949693,20.7796824153388,14.3735691501148,13.4043682503073,34.5832814036834,23.5539179143686,11.8388336103676,13.1612057284536,13.2954478843502,17.7754087039591,9.05011950816242,118.781192258161,17.7055978719162,151.458668642068,88.8947189612349,22.0041534680655,9.09048213033055,145.606730047913,61.7504034430416,68.0998290442794,25.2142842881016,41.4704589322903,22.0436366833744,6.44779973240941,74.1886652846353,12.3479692590114,87.5416611444365,93.6170540214978,16.1653708916963,150.726413001743,128.625539776232,8.80145701679534,18.1812820185789,17.9024302157295,57.1601391522409,28.1209218867896,13.3428808131751,11.9815919315694,144.938244025078,70.0600014012017,36.6588378320226,13.3243551748111,17.917337897293,78.2620229217152,26.4196278453971,77.6143435773912,13.4043682503073,17.4376285148978,137.415539981485,150.260812510505,64.4749080843525,145.28021666449,92.05518879777,34.1187756711283,82.1798376580259,76.4676904759549,25.2142842881016,78.1342396866305,94.7236579871904,89.6563380217476,33.9055393935874,27.1048288296408,124.000550964678,25.909287802524,99.7106294747228,19.6161560283207,92.6718162442616,17.973314903226,150.254424022418,17.917337897293,117.584964348459,62.4461955978141,53.7934456668338,25.5821513134151,8.8616880593367,107.980269888958,8.3531531976674,9.26859495879022,46.9008284786753,56.2284260390654,56.3264913208298,123.137681994505,13.6985040213062,13.7710415419745,10.9149428288996,7.32982639976314,100.970379929665,108.02972516764,20.9350054413121,13.1612057284536,71.6426666261156,81.6330226121807,19.1757099062566,65.7844234601977,14.5207402592231,16.7814555744575,128.649025216618,27.1048288296408,59.3611227156179,20.901378588235,31.3676881885907,28.1209218867896,19.835205519367,10.7112394135678,69.1348670262181,26.4196278453971,135.019499476051,40.6667933331897,51.7196719477564,110.10497486561,69.4706403984276,75.8512408749056,25.3935918972462,11.3815465506073,9.08207525665586,10.5135678999208,87.0699661238297,39.9439389234605,137.255631292307,90.7473227592034,133.524380559472,59.5955775643724,66.6642298184175,35.3822019609349,10.3922660455987,11.624261606536,21.062428843045,99.739633015867,13.4043682503073,141.808384116124,18.9459088741123,8.37299281390941,92.5234570537605,12.4401919148508
10.7924002874886,18.8453127234062,17.3383466187186,4.0120101623182,14.0613708258049,18.6393629700744,23.8425345598485,14.7547014048165,21.8575683164053,10.7490556798378,27.4571041228234,119.94413240329,49.991072740571,18.8002025279845,13.8529925113124,94.3306159745789,78.6311135153509,23.2777483306951,138.849395465859,68.9696000595214,143.064294606458,22.8996049565623,45.2003577802581,73.3427518849922,12.7480369591892,10.1934426913814,88.6323384152515,68.5986409916658,26.2021349873094,75.5680346898022,21.1921080080477,18.1469065656098,97.8724651264751,10.5806339843218,14.4300487835666,28.1973144080608,14.6495772727332,9.62975701327053,65.1357538404254,96.9436942323067,3.98277548302226,25.4583393307344,49.1068537880569,14.327721168946,20.0966023665167,23.7847839001602,56.8618233237593,3.98960994084555,49.9945085956281,19.2914714157153,72.1062083691183,19.3745757625612,14.2090759073692,25.9563971291437,14.3749947211845,17.3383466187186,23.940812565144,19.0481998951709,19.6190361148426,48.1606697665107,124.609469546269,28.1973144080608,18.4072643968549,32.7140274097015,84.2864051390463,15.4599509308317,119.376085945267,19.1475330914834,15.1224408393364,14.327721168946,37.8286733416939,23.7847839001602,13.8529925113124,3.98276934679902,4.0120101623182,15.2157977124694,9.62975701327053,129.927951851102,18.2167904982458,151.870117086487,85.2497007518924,21.5629058003993,10.379704599135,31.3106628974773,65.202705760843,65.8928091317289,27.8582444632576,51.2477084732907,22.4268538342327,8.65807862581609,72.8780703742997,13.5465019543176,52.1163385198508,92.9193028881629,18.525739644319,151.135872220674,120.704928777564,7.89865808682293,18.8360335701102,19.2914714157153,55.10573516382,28.1973144080608,3.98276934679902,12.4528758913746,139.664609205844,76.8602452754128,39.6069950376486,13.7391779213613,18.8002025279845,70.1623986304129,25.4583393307344,89.832966996035,14.327721168946,18.9710179807098,152.623851709782,162.923049828892,66.4846534749799,147.168390585115,22.4471059454548,33.4834339429097,85.8677098928841,79.8992264902204,27.8582444632576,90.4347089920372,87.2835464760162,89.3978874174492,39.3599216589098,27.4571041228234,125.612157911928,26.2768335694621,96.0826191384402,18.8721215868963,22.5974668517876,18.4618228151542,150.662601049097,18.8002025279845,119.253009268538,64.6950328037446,65.4237481836871,23.8445932877219,10.2193880092079,108.229255643102,9.05481047600537,10.5806339843218,53.5523570789577,62.6117153534645,55.7405104635036,124.738074430077,14.3523536519918,15.9389806486953,3.98276934679902,9.18327233073956,97.7356977820602,107.052116472123,22.8996049565623,3.98276934679902,84.2602872471048,85.2963561757219,17.9176640661839,68.9986137876868,14.4412698879095,19.1614742929108,128.998509612433,27.4571041228234,59.6652060464648,28.0662841147618,31.1746668105205,28.1973144080608,19.1651451933682,4.0581168850055,74.4237849801752,25.4583393307344,136.084122275242,42.5800944517413,47.1878930938906,112.019092548159,89.9949544166269,74.2941639881858,26.920526077339,3.98276934679902,8.88686916185353,10.0014775483574,90.1097292183004,35.8467371476443,134.757767355119,89.6753533027471,128.666043636243,66.8718874847044,62.8703050691241,12.9924145073146,11.7054958019847,3.98276934679902,3.98276934679902,92.5753302157997,14.327721168946,142.193616863601,16.4524316933542,7.72720680878888,89.3197102917396,13.0680656834907
9.13201838492263,18.7342168626651,17.5920888251538,4.0120101623182,13.1399382645502,16.9846065106837,22.070915788283,16.1294756609842,20.174932908427,10.5025664835128,27.0577178123897,115.806885186989,50.182832569445,18.7537426881272,11.0005051846299,84.0743504629605,85.6859516086456,23.0672020620186,140.193839389017,62.2075697253135,133.680726573558,21.7142109449685,44.056281186431,76.8169755296044,12.4216315451737,10.1535810954913,84.4469141933987,64.5149603298537,21.8144450264726,75.1225501291798,20.7663673488287,17.9354898158389,94.5036007222472,10.5482962837884,15.2977271224156,27.8799310557994,12.9384460509045,9.88643408076136,63.0889532955849,93.0880448205305,3.98277548302226,25.4111649340203,56.5540399305429,12.6937079547928,20.187550128434,23.8934284607494,50.7449722970804,3.98960994084555,50.8825394625963,18.1166586736698,70.9094271659747,15.6798612740584,14.0824791206113,26.3042274067602,14.3749947211845,17.5920888251538,23.2087011865106,23.8239188835327,18.7220864465002,45.9697554687664,122.79692165103,27.8799310557994,14.1614861878583,23.0659799371271,83.3078549445848,15.9771118027343,117.277612829468,19.8549928989434,13.7776063421802,12.6937079547928,35.8704787383004,23.8934284607494,11.0005051846299,3.98276934679902,4.0120101623182,15.1979991935057,9.88643408076136,123.20225433994,17.532883961246,150.160697310842,93.3446867790834,23.4057673341594,10.8664085229283,23.0839949670408,62.8853496629314,67.8315821133656,26.0310259184961,44.7140359245253,22.5231156346411,7.72186027367416,66.422642416206,12.149323788027,52.535692894536,90.5255869430324,16.2876577385675,149.434716958929,122.589415607665,7.7190652220656,19.0535424057761,18.1166586736698,49.2787618047134,27.8799310557994,3.98276934679902,11.8462700674249,139.405810169662,68.9329252250645,37.5624269766276,14.442731465587,18.7537426881272,72.5094466522869,25.4111649340203,80.1769256746528,12.6937079547928,18.1275872815029,141.294461124346,154.63004647198,58.7189709426081,145.027704507467,22.4471059454548,31.490163380883,83.6942926484548,77.8768788942844,26.0310259184961,80.7139871221602,90.5084841580308,90.6009304048107,33.3046831437548,27.0577178123897,123.785025084313,25.8149217185482,95.9045776906584,18.8540998623319,22.5974668517876,17.9499608795359,148.966772833353,18.7537426881272,117.156699677328,65.4420977952212,81.82663340172,24.0370526253365,8.82279102625308,106.486439735523,7.25999955667317,10.5482962837884,56.0634249103949,56.0763385329517,54.7125155303885,122.923655870335,13.9013508840403,14.2257181248012,3.98276934679902,8.00596803230487,101.33230061664,105.659904949216,21.7142109449685,3.98276934679902,91.1034201138142,83.1374005959056,18.6760237013602,69.6166441887897,14.2746575694369,17.0886934423699,127.546528093023,27.0577178123897,58.5327679799846,25.0314109748574,33.1044731318041,27.8799310557994,18.5444192012169,4.0581168850055,77.9492168306887,25.4111649340203,138.623865975762,41.6800466257428,47.4202643419073,112.499907182637,74.9248100100338,69.8068504575875,24.6623155227087,3.98276934679902,8.74609087540043,9.23020450801396,76.488362660191,35.0316850026112,133.235145689077,90.9378506822024,128.427624982642,61.1760517498725,68.6840451168269,12.9106630791643,10.8875686144519,3.98276934679902,3.98276934679902,91.8834006551855,12.6937079547928,140.593113846284,17.6168994277367,7.58065276666622,89.7239292536309,12.932112510669
8.86672480547272,18.9325577145445,19.6060269373322,7.06936369174073,11.4036711184846,47.7304383282443,71.8096486715893,15.3833420452531,20.7653427493985,10.0932222393005,58.5885423833327,110.656427428337,46.8351666472076,18.0678148399992,12.6075703867291,87.0386799082869,81.9486764436766,71.0008164190548,138.734921419567,65.2714452639193,123.373861522671,36.0427393002248,54.2440508507196,62.266327165334,38.955672309909,9.55395816103166,74.3354623528412,92.9168322876183,24.1821332415809,61.4575838688409,47.5633850155416,22.0836256664137,80.8449562496118,47.18952472913,15.8838236018931,59.5546252942936,30.4162548365892,9.31740035941582,60.7290418380152,84.0324613737132,18.954609978447,25.82785762256,20.9208362601715,13.3275358402133,61.0484295318736,72.6311298964663,19.1136785891845,10.3650902094465,54.3434242429542,17.7217577195711,64.2538606317641,54.1446468781794,63.4149665136932,26.1801802149964,57.8722313345366,19.6060269373322,32.3880180104476,29.3708164830016,58.4528744351334,16.7359143679486,124.442114299327,28.5759113516819,19.281327301162,63.3534479194626,72.8389114380424,37.3574614286516,117.518579348849,20.1297317090106,13.3511484998623,13.3275358402133,38.6510651773398,106.536001149614,12.6075703867291,7.06936369174073,7.06936369174073,30.9029185351848,9.31740035941582,114.459521155413,17.0893887951918,149.983201037524,100.069508567403,99.588693474041,10.5903473048804,45.2176779663694,65.8899901285556,58.6183126969608,25.9264048875566,53.6411072108654,101.711652046834,22.1704486963558,65.8222086245987,56.7107227994676,38.6548663169565,98.4316385144075,17.8852850489263,149.069561923296,120.431874376793,15.7514723257495,22.4121236000761,17.7217577195711,14.4802845447464,126.365333374649,8.24817782961371,11.6043063395843,137.283233806363,66.0843634242532,41.5730228776213,14.1722352045364,18.0678148399992,79.34728013236,25.82785762256,75.5309188421717,13.3275358402133,18.8243272068575,146.075432692648,152.401999764573,64.6041513742977,146.651386078735,99.469195359097,39.3083176121835,83.8680759062365,74.1775359290978,44.8555562521594,73.324759040051,20.1297317090106,88.0899077204803,42.6118469209558,124.315460866714,127.511169420283,54.3871896858499,25.82785762256,19.9945066969081,96.5638296662861,37.5605994679433,153.849690024579,18.0678148399992,115.518437564527,66.3702519858262,86.9774112346788,24.1439075950322,8.99047630005417,98.8110199784462,9.67570445351171,10.4059252458787,55.1227165845572,63.4371986991632,51.3812343180823,126.596764914302,28.5918160556759,13.3457370176083,9.09493178360583,40.7577315101063,91.7874113378229,91.0619018280562,20.8326176382952,7.06936369174073,79.9884266110428,86.3914579148222,45.1842593960813,108.384661839585,13.8206054366597,18.1957363708828,129.613736863037,84.7523117905399,47.5186686629517,36.1912891393709,12.0953550590873,86.1498164348706,56.2772081834292,28.6251843374788,65.377575504753,110.587802646154,132.049802985683,44.0530531765699,44.5305059148572,22.6553401411631,71.6118787062685,89.697504682369,25.8128494848359,21.3125095770203,25.6828663006929,47.4443335399112,93.5712268093228,33.4561407368485,126.985896121352,108.317054597826,132.20891659195,16.8407089306667,44.9260839789668,40.4438993203095,12.5160517139825,27.0439199137398,21.3125095770203,84.6918489427628,56.7550085043941,133.529346003008,25.6506401524504,8.17037485112974,75.5213099282323,17.2705088944728
8.91782338611316,18.5829040756739,17.8169105177014,8.02902558276397,14.4815029231865,37.9426465749181,68.2288877068852,12.5764784009917,22.8031120583788,10.0997472481925,57.5806356454867,118.60063498758,45.1595008129273,18.3851098779067,15.6608276701433,87.4639041977794,65.8660381778938,68.9255921605962,163.159343400347,78.2370392501714,127.27743009124,38.8200131957028,61.2011366524849,81.7020152724665,36.419227434533,6.26995105356735,84.8888284882388,89.8807927575475,33.3998950518517,60.3225619579119,42.6750943763408,20.1138649803254,83.8675321722928,53.2397755502259,15.0977376840589,59.2787393276681,28.2630324558674,11.7646684689716,62.1172291367491,87.3781860407451,17.488228881644,25.1578872093302,20.3300369784318,15.0784014475306,60.1093248708037,72.2591640073169,18.5212915971434,10.2773225250528,36.5323620887059,15.3158005188211,63.4069633500151,50.0837963767367,68.8660616525887,26.9624596130021,60.1116715053844,17.8169105177014,33.6470113677565,18.9000457220543,58.6758718020145,17.8897370460314,122.301319523217,28.4435338430248,14.1298367894457,54.1401474702137,79.5024983296514,34.1505711823436,120.815057454082,19.1189312154926,16.1594237924631,15.0784014475306,41.6293236680527,105.990398204285,15.6608276701433,7.06936369174073,8.02902558276397,39.8756204610056,11.7646684689716,123.279201522822,18.5649602238937,149.28840596172,83.9120292642141,92.9698804807137,7.9413789533367,68.5133059137151,71.4341764134614,59.1535508263783,26.7467204549384,51.8634892675419,105.406132569266,24.9604065361469,71.9675278865085,76.6674200640001,43.5128131196048,104.779341347809,15.6532908837227,148.378999267878,118.85695590485,15.7514723257495,16.6156734293155,15.3158005188211,13.4502434122169,125.779947739633,8.02902558276397,14.4733837392495,133.722129117508,89.3396768760074,41.7983469074353,14.9523457050626,18.3851098779067,72.5358424972434,25.1578872093302,79.9485096172452,15.0784014475306,21.4114579703886,141.048851899804,149.722175072961,60.0307051898798,144.128522151244,94.7784002522801,38.0239259342391,94.6245992660863,83.6911963937718,46.2747931743938,77.613317740054,19.1189312154926,88.876112532544,45.6968600566762,122.176844926993,125.317577267598,55.9127882847945,25.1578872093302,19.3757797610292,92.0100465773724,35.4140143046814,153.136983492757,18.3851098779067,118.758810297862,49.2049058846936,55.9697429614444,23.8040659922992,10.0438787971767,102.880827915252,6.12727556945815,11.7400869719084,41.334846604475,65.2512958807434,51.7453864932674,124.418903387866,29.2453879661647,14.1262915989545,9.74391963697063,56.3909867932073,96.6602149938147,126.70520063102,22.4378753480206,7.06936369174073,69.0865986161142,97.4716183347557,62.7812284612459,115.354484912006,14.2582909767826,17.4187414195564,129.013303044409,83.2943061357344,46.464243372648,40.7456476121937,10.2446466137228,85.7507286181932,62.5596620926862,33.6968690605323,85.7844025099325,107.719173086562,132.07279452388,52.3784623318322,55.203116707208,23.4782518842744,98.9089427868413,74.7315564755872,26.0695020362513,21.3125095770203,24.3955730051003,31.5127989308872,100.083039516024,33.4561407368485,133.511679436392,106.69593742713,128.779438863824,15.8528559447991,57.2857287619683,40.0055035601507,10.2903326862033,26.0729789330086,21.3125095770203,90.1692747756098,64.2110299043525,132.910773179942,11.7951666761698,7.9582045389477,74.3595697375747,18.7707169672679
10.3202307365715,19.3221330704606,18.5385165233218,8.31200302563495,15.3343643078179,46.655673950076,73.0021979843314,16.0576911840106,21.583809726696,11.366354082197,56.6403631015499,106.196699677521,45.2081585361475,18.3697793540792,13.0146575247725,91.5865300675121,77.1587642161891,69.6875591976732,137.817753897704,67.5213940473685,130.192188833853,39.2338536191235,57.0370822796674,68.3794292995252,42.0857342755976,11.4700424725234,75.3290516964677,96.4556988467373,27.4857595763112,62.7221969480895,45.6928709019758,18.7940232935432,81.2082517891791,45.441695627689,15.5431979880944,58.7933554990904,29.9213646307859,9.67110167514645,62.5560846518409,87.7815771856188,16.8809877997472,25.9114171911021,20.2869760798503,13.3434318706133,61.4167709704218,71.9323963689928,19.4429979369296,9.63629096713918,54.8746735732879,19.3239583183055,63.0778213983121,54.4730805087266,64.656371118629,27.1090402114848,62.2064923104892,18.5385165233218,33.1824398932163,27.1468949620934,59.6576094846416,18.2201324249012,120.304179833011,28.2106336243023,18.8779904310321,66.3830043163298,76.9013467420503,32.1733506782341,117.460127891546,20.7256889916547,14.3629558104429,13.3434318706133,42.0731127220814,105.511092463871,13.0146575247725,7.06936369174073,8.31200302563495,34.383864143654,9.67110167514645,124.593418411414,18.2855270339821,148.066008541164,84.9591051745377,92.5831329208015,11.1180864128008,51.7633919931585,61.4002818509387,65.1235395890131,27.3592425433115,57.6320968889814,100.628081399955,23.2281000212476,66.3817128459532,59.8621009870614,55.5258310468936,88.2069363971435,18.7070250942339,147.164048215241,120.755425924199,15.7514723257495,22.3038469153782,19.3239583183055,15.9388622314979,124.750041346808,7.80264060953758,11.7509718384983,137.727379346909,69.7566287588465,42.7679498927808,14.0036459367173,18.3697793540792,68.3362244497843,25.9114171911021,86.6254996014043,13.3434318706133,19.1863195668842,147.931263718731,156.084892344372,63.5530041524866,141.774951534008,94.3153683987077,40.8054294622989,88.1864512528002,77.9969444342265,47.3345243291708,84.0952815398634,20.7256889916547,89.9921754472134,44.0629351543139,120.18173786536,123.271183096077,54.3601385547573,25.9114171911021,19.5017292780571,91.5605392813999,34.8216105566174,151.883073301892,18.3697793540792,115.460980938873,66.0496062953139,80.3915903471446,24.5105154650307,9.51602939477404,97.9883189862568,9.79907254941076,10.0205054079684,57.8695965913231,62.0727788626826,53.4990786886445,122.387184260578,29.4520053568357,15.3060647801069,10.0356540909485,39.1329002098854,86.9562016234393,100.864844073031,22.6770741290173,7.06936369174073,78.8794453337849,90.8397624452629,52.1146629859384,109.636975438343,14.8595410055688,18.7608541654991,127.956921419573,81.9341379429432,47.7728644260353,37.9178110258715,11.5104513353794,85.0485878940128,58.7024436817798,29.3092990818897,71.7961297144005,110.945581801134,134.30954195397,50.0699297624228,48.028555899888,22.4139846909465,81.3950887320385,70.2155544867555,26.6748822831297,21.3125095770203,25.4685072824801,39.6988096345509,99.6738429434559,33.4561407368485,130.201839217375,108.525426667368,132.636645449267,15.645948491087,44.1546644905705,39.6273482885308,12.4604545612652,29.0512063715225,21.3125095770203,89.4525565367165,56.8227013886118,131.822478444308,22.2050306895913,8.01109210339119,75.9769748512011,17.3203694581816
9.89182455307884,19.108660159502,17.8056642171882,7.06936369174073,12.4226513090141,43.5118331285028,72.8409130022792,15.5838525630808,20.623735507983,10.0495866432598,57.0350160426106,108.880453315811,44.5609289840822,18.2161135291184,11.4849515680694,89.0569610943017,81.2033328062115,68.8633644710756,145.049783631741,65.5427505797137,129.536362309231,38.7828549180972,56.8622401925101,66.3170738160844,38.7273390592938,11.1065369475098,74.1312564121189,96.0453466721508,25.776559065727,62.0292356732966,46.4207378021763,17.6917163997251,90.3547088305632,47.4690474255298,14.9108597736489,57.4897972536448,28.2839092272072,9.46092443286487,63.9149696769942,88.5823835663337,17.7021442584629,26.0075532508056,19.998440796003,12.6176445610172,60.2368765956717,71.0414426656364,20.1394295737408,9.39911205062835,51.4853848106913,18.4083800828901,67.0727981183354,53.824653326298,60.7566153564482,26.7039739177249,59.0155204282612,17.8056642171882,29.5285389039019,24.1878080179354,60.4351185444549,18.1962524207256,121.142423018491,27.5851513098804,18.8166481845497,65.4391663813314,77.6622494277532,33.5118127272015,114.463805981544,20.6928901291614,14.4191289593317,12.6176445610172,41.5894763357606,104.204233477919,11.4849515680694,7.06936369174073,7.06936369174073,33.7324202742694,9.46092443286487,123.161199430187,17.5651071426399,144.783109229404,81.8588730383057,93.2748561937802,10.4001559991397,50.7180515093757,63.9603518746887,68.2360805399405,27.2214238530031,54.4510889153085,99.9221254281604,22.5102061756473,64.1042481442512,59.6148984598526,62.2276861761608,89.6499363564862,18.302389173732,143.901147044596,119.221825263301,15.7514723257495,18.1810992921001,18.4083800828901,15.5758803238235,121.984100474122,8.3226706614688,12.0910859633164,138.238372916502,69.468566451737,42.9219654217485,13.8606682061505,18.2161135291184,71.1791189903779,26.0075532508056,88.0219817186304,12.6176445610172,18.4497055195982,143.155307460704,154.622591815026,60.0750474701207,142.762796571147,93.5753161139962,40.6318306297261,87.9161235540509,77.7578517595713,47.0960827078762,85.4509742325912,20.6928901291614,89.4450072495657,40.4714743914946,121.019127912195,124.130099464069,52.9734511987488,26.0075532508056,19.9398496620052,90.8421029604159,35.199685184147,148.515542551766,18.2161135291184,112.51565580474,53.8406874300797,71.628683733018,24.9367092710801,9.31677777866662,98.2182246917871,8.50506332889294,10.4675637620528,54.1327715769598,61.6073675764617,50.4117694604231,123.239941191708,30.091781475544,15.5528125143061,9.07905562965093,39.9399470126038,86.0666206758381,97.5162737827426,22.4163979518936,7.06936369174073,66.8579527393573,90.5613012577686,53.5338354273179,110.305096948581,14.8514020835111,18.5992708162584,125.119878040056,82.5050302667527,46.8359652378548,36.7459130596491,11.1869735857094,83.1629022230451,56.2851576193527,31.8340677078891,69.6307249527181,111.357210041967,135.107631546141,55.8012816200888,48.7430699245999,22.2567394555794,76.3335394292588,72.9137926624442,26.0515963485521,21.3125095770203,26.4315915606697,35.1222598396791,100.2384205462,33.4561407368485,129.453830189485,109.672589382783,133.128751472328,16.1296670173962,44.6390718741308,38.6603901958196,11.1164197788341,23.5445882744742,21.3125095770203,91.842615208473,53.7319526243714,128.899728462573,20.6166028112668,7.22406811571191,74.5173604198166,16.7206723931604
11.7898315777918,19.4205115797121,17.2037982971736,13.2954478843502,12.3106272263553,36.2115795602964,63.6002713032338,15.2383717731081,20.6120657715637,10.443054831497,56.4887644264131,114.435467288773,45.7308303454623,17.917337897293,11.8388336103676,87.8806677728886,94.0370666633461,67.5842607086922,158.972519059161,69.5872164989416,119.985151494974,36.2198815564566,51.470003001664,63.1314735028973,39.6919410627236,9.62252808505083,68.2012945736203,90.5790749532219,22.71665196782,63.0415465877091,45.6581754326267,16.9420599213632,94.8817432555493,42.0318790186722,14.4283982624691,58.6063886217677,29.6080510995178,9.05011950816242,60.6377720346818,91.219754213888,24.3813860453422,26.4196278453971,19.318667679689,13.4043682503073,62.7597856621764,71.0096584382579,19.0721539826581,11.2930143531223,52.5731186243856,17.9024302157295,63.280828767897,50.6504698613789,55.9624794620442,26.3230875326896,54.9966799578228,17.2037982971736,34.3053739977936,17.5902651300585,59.74251967387,18.815851245918,119.982184116927,28.1209218867896,16.0826995212965,62.1721922130446,78.7918968982006,35.9393451292122,116.675802358954,20.7796824153388,14.3735691501148,13.4043682503073,38.8410267902529,104.157612084457,11.8388336103676,13.1612057284536,13.2954478843502,37.0454608354915,9.05011950816242,115.022064908144,17.7055978719162,147.595148543133,82.2443645284728,93.7041874945777,9.09048213033055,143.476408281903,60.230099024681,65.9809917518426,25.2142842881016,43.0407485817037,98.9653958058427,18.8309091828666,68.7449664147142,58.2197174070766,82.9538789555308,91.9327832495932,16.1653708916963,146.696056512515,124.554863473939,18.3429836489966,20.4196835378829,17.9024302157295,14.4224407255086,124.353327713465,13.3428808131751,11.9815919315694,140.428679744954,67.8427777616456,41.1721168304599,13.3243551748111,17.917337897293,76.3351998954094,26.4196278453971,77.9379527490087,13.4043682503073,17.4376285148978,133.910242428136,147.157072952922,62.8875259432067,141.395489015704,92.439008360197,38.3193331027222,79.5790515446084,70.3840870482492,43.6235086255907,75.6614866203001,20.7796824153388,88.871398069038,38.0798440885959,119.86006986681,122.941246156824,53.9971554268735,26.4196278453971,19.6161560283207,89.7389852766926,36.0366707130353,151.400074777784,17.917337897293,114.690004463758,60.4699298497315,52.0910177907243,25.5821513134151,8.8616880593367,99.9020952246111,8.3531531976674,9.26859495879022,47.3159241771299,59.2734072076358,52.1126174752894,122.059613355809,28.5488453558366,13.7710415419745,10.9149428288996,33.3959200372853,87.4960573300764,104.282459683292,20.9350054413121,13.1612057284536,69.3753555946098,81.9733874675224,58.2428196638469,108.347391125372,14.5207402592231,16.7814555744575,127.550009689046,81.7148401475114,47.6425385933046,30.739787377708,9.82920049682168,84.7781275883497,60.2459206833797,31.2823575488853,66.2859504255431,113.12160043811,132.958687868075,52.6973590235123,52.3262898900821,22.0436366833744,67.2720685590635,71.8761167186695,25.3935918972462,34.3127515344158,26.5243558186847,40.1738387064013,87.4330000465736,38.9605130113031,132.985101479523,108.284746454836,135.238099313026,15.0369417862223,50.6811705227064,52.036824300502,10.3922660455987,35.044481740914,63.4983905209397,97.2907834920271,57.082197576746,131.403273979,18.9459088741123,8.37299281390941,77.6383808783819,13.9717750262167
10.7924002874886,18.8453127234062,17.3383466187186,4.0120101623182,14.0613708258049,38.846014874055,71.8797714058598,14.7547014048165,21.8575683164053,10.7490556798378,57.2229360448695,111.143061033258,45.5056608115502,18.8002025279845,13.8529925113124,92.0081817189855,79.3815060946922,70.177070506221,136.774591803961,68.3367782754103,132.566748439705,39.6188566342379,53.7797519669489,67.9611231143244,38.7199024866276,10.1934426913814,81.4844777259632,88.8923595043459,29.4280295476967,61.1743751000701,44.1661522561097,18.1469065656098,90.6909337461589,47.9818062551211,14.4300487835666,58.7655971216683,30.5309627560163,9.62975701327053,63.5321015752512,89.2310644032213,8.30044223624489,25.4583393307344,18.3223827930396,14.327721168946,60.586645287801,71.7056664168741,21.215859149614,3.98960994084555,48.4123075666639,19.2914714157153,70.2668697047169,58.8468394504766,60.5090268471877,25.9563971291437,18.627587662908,17.3383466187186,31.2132996098094,21.3933326279335,59.1468926090195,17.969349672444,121.54156526455,28.1973144080608,18.4072643968549,33.0035628507027,78.1017702403758,32.2198502585871,118.330950025999,19.1475330914834,15.1224408393364,14.327721168946,42.4859774743054,105.178522910375,13.8529925113124,3.98276934679902,4.0120101623182,31.7110142234029,9.62975701327053,125.816057467406,18.2167904982458,147.996101455345,78.8720358926985,91.8251443292704,10.379704599135,30.8525674052103,63.5974051291036,63.8426403831267,27.8582444632576,53.1882162044242,100.685857704169,25.2860664206668,67.5305382706217,63.8707061130086,49.3850856913505,91.2475854042486,18.525739644319,147.0945669761,116.884919983046,16.4614740331211,21.1550452942511,19.2914714157153,13.9040809001356,124.69114253585,3.98276934679902,12.4528758913746,135.319127189633,74.4278109425782,44.4832385157896,13.7391779213613,18.8002025279845,68.4349895983571,25.4583393307344,90.2075211144312,14.327721168946,18.9710179807098,148.730609256613,159.557763124079,64.847791093596,143.233174014963,22.540698044871,37.6057708239247,83.1502118563257,73.5426175077667,48.1978530007376,87.5726768680973,19.1475330914834,88.6152101960711,44.2057465215878,121.417863923308,124.539085560509,54.7631520090687,25.4583393307344,18.8721215868963,21.8823136017763,37.016133814731,151.811364047727,18.8002025279845,116.316981861672,62.6475969883657,63.3532503509716,23.8445932877219,10.2193880092079,100.13245396094,9.05481047600537,10.5806339843218,54.0263221193767,66.002375694032,51.5704747721029,123.645994378576,29.9115234967038,15.9389806486953,3.98276934679902,41.8405309637215,84.6930379215278,103.338761648163,22.8996049565623,3.98276934679902,81.593660112883,85.6519951193985,54.4217284317408,113.641184370738,14.4412698879095,19.1614742929108,127.896508529573,82.7768693324682,47.8865922965147,41.2772584606332,9.76871641480017,85.0084335129278,58.2107312211991,11.8517996349803,71.3569221129235,109.005626666724,134.007061258616,55.1766771034581,47.7413579851647,22.4268538342327,87.146839424013,70.4006413176224,26.920526077339,12.007135797227,25.9542530866336,38.2170686182023,90.485437283111,34.9641849725862,130.564955318368,107.005612952377,130.317408061235,16.8728741349332,47.7968568856481,19.1080247550134,11.7054958019847,12.007135797227,12.007135797227,90.3023816750505,61.014274997373,131.760240491086,16.4524316933542,7.72720680878888,74.9500495160644,14.6769499222588
9.13201838492263,18.7342168626651,17.5920888251538,4.0120101623182,13.1399382645502,35.3973619271903,66.5387472794689,16.1294756609842,20.174932908427,10.5025664835128,56.3905810668313,107.309390217875,45.6802151319847,18.7537426881272,11.0005051846299,82.0044270397469,86.5036699311562,69.5423218126693,138.09894592287,61.6367920895897,123.871713062037,37.5679935084545,52.4185203646166,71.1804206559333,37.7285039017122,10.1535810954913,77.6365920346094,83.6005927252511,24.5001460040017,60.8137432571928,43.2788725777719,17.9354898158389,87.5692645607673,47.8351589668748,15.2977271224156,58.1041432703475,26.964820018127,9.88643408076136,61.5356935742376,85.6821620872645,8.30044223624489,25.4111649340203,21.1010213069741,12.6937079547928,60.8608319234576,72.0332048402761,18.9335853455841,3.98960994084555,49.2722344799992,18.1166586736698,69.1006168844901,47.6247991340939,59.9699173077184,26.3042274067602,18.627587662908,17.5920888251538,30.2587951732179,26.7570176699759,56.442795149868,17.151892080816,119.773642576921,27.8799310557994,14.1614861878583,23.2701253512512,77.1950225587014,33.2976574215497,116.250849012214,19.8549928989434,13.7776063421802,12.6937079547928,40.2866983439324,105.658959245344,11.0005051846299,3.98276934679902,4.0120101623182,31.6739205988241,9.88643408076136,119.303211443769,17.532883961246,146.330286827691,86.361423220235,99.6729282913582,10.8664085229283,22.7462610112781,61.3371026942959,65.7210909740511,26.0310259184961,46.4071444553574,101.118027192136,22.5518247419275,61.5487865236515,57.2831194173736,49.782463026694,88.8969349651284,16.2876577385675,145.438899840901,118.709767523045,16.0871872558939,21.399332885547,18.1166586736698,12.4338399397874,123.28764388195,3.98276934679902,11.8462700674249,135.068380347661,66.7513707246939,42.1869519978724,14.442731465587,18.7537426881272,70.7242529373983,25.4111649340203,80.5112194057404,12.6937079547928,18.1275872815029,137.690217172405,151.436057407183,57.2733008580721,141.149728920184,22.540698044871,35.3670973332231,81.0455778262354,71.6811634956446,45.0365622404104,78.1595915082457,19.8549928989434,89.8077205593434,37.4050129924826,119.651740574096,122.727561458612,53.8004884963772,25.4111649340203,18.8540998623319,21.8823136017763,35.9898456690145,150.102605584578,18.7537426881272,114.272283734616,63.3710192432414,79.2370253187195,24.0370526253365,8.82279102625308,98.5200208661069,7.25999955667317,10.5482962837884,56.5596141521589,59.1130835899195,50.6193857647862,121.847461027285,28.9715954390652,14.2257181248012,3.98276934679902,36.476534865349,87.8096803272225,101.994842261319,21.7142109449685,3.98276934679902,88.2202249570797,83.4840378809384,56.7251113931981,114.659084628481,14.2746575694369,17.0886934423699,126.456930914762,81.5728112393764,46.9777108296785,36.8138516740832,10.373429555848,84.0515955244452,56.3253860528447,11.8517996349803,74.7370776107731,108.80363883831,136.508040681979,54.0103657339736,47.9764547061595,22.5231156346411,72.5536273577217,66.148493727704,24.6623155227087,12.007135797227,25.5431076979527,35.2699246023648,76.8072771099945,34.1691995365654,129.089708038041,108.512094956226,130.075929423262,15.4357213482849,52.2167257048767,18.9877924216026,10.8875686144519,12.007135797227,12.007135797227,89.6274406607523,54.0558668582074,130.277173479219,17.6168994277367,7.58065276666622,75.2892381577442,14.5242587774785
32.0051870595568,18.9325577145445,19.6060269373322,7.06936369174073,52.4369711246761,107.235987043533,83.8250407479981,55.5274636983865,20.7653427493985,36.4323324440055,131.630891983675,119.174892047638,50.369809967139,83.0803936037159,12.6075703867291,75.4742661291262,77.2225651436333,82.8808724115525,140.509237942473,62.2480780962557,132.871329485009,84.4616048080098,63.5831970851105,67.0596637772106,47.5048666256876,9.55395816103166,78.1250482133185,95.1763078772493,59.5993575450386,77.9456995733968,106.860668326505,22.0836256664137,87.0684980308359,24.4934700548822,15.8838236018931,133.801390687465,68.3362069113701,9.31740035941582,52.6602640375387,84.9260788157229,42.5853267067354,25.82785762256,98.2368508233776,13.3275358402133,71.2632242014468,84.7839745183603,89.7510772944748,37.4136626906208,55.5682235510444,17.7217577195711,63.348755277601,66.0272067179444,14.8914652871867,26.1801802149964,59.279520959016,19.6060269373322,8.30844328034489,72.3874017016079,68.2333735369079,78.5859371351683,107.908084798564,103.147149401027,69.597568501206,65.8433369065767,78.446138278934,83.9310173980031,95.4307096901018,20.1297317090106,13.3511484998623,13.3275358402133,95.2595302485509,24.091760321544,12.6075703867291,7.06936369174073,30.9057209801855,69.4295943577257,9.31740035941582,117.039225034372,74.7110920949173,147.870478207194,77.5897217669952,23.3859868323786,46.2986957751638,45.4874903000815,57.135501772869,59.2612298633665,113.344605032881,15.0048214125035,80.2979097892604,18.2018011787359,70.8892812598146,52.3082983323373,40.3423910331579,101.163517596797,17.8852850489263,150.255418038868,123.146183945311,35.3888365873462,55.2369865156367,77.4756715373698,14.4802845447464,28.5759113516819,36.0592400833495,11.6043063395843,138.788936437725,67.5737815778783,102.460995891421,14.1722352045364,18.0678148399992,68.8047859140599,25.82785762256,73.051376998076,13.3275358402133,53.9071801487188,144.01775623645,140.60506240348,56.0205062738533,147.818005479737,96.2038037039685,96.8793965552272,85.758305732049,74.9663541884697,105.113327654031,74.977362191016,75.8492331041631,71.5332201672273,105.021284719812,28.1123587814899,129.837397563076,122.191711887858,25.82785762256,19.9945066969081,98.7401980753331,39.8495608161935,149.96999923235,78.4207965788975,100.170054379879,67.8661135337954,88.9377196727972,90.5440261286665,8.99047630005417,76.6139422227366,9.67570445351171,10.4059252458787,57.289125035415,62.7836682901694,39.8388653232922,102.802630760028,64.2372398722183,60.7220081375049,9.09493178360583,8.94561659279621,106.10930612094,89.265047457841,91.0756747128825,7.06936369174073,81.7912163861301,83.5553844477451,55.1003766310388,88.2450484920636,13.8206054366597,79.5478031445071,131.978322834243,98.9333066064674,57.7583657827051,32.5616490928657,12.0953550590873,100.564645652454,68.62777896763,23.5010991952137,63.6636925872437,58.1258851410437,137.27488658909,45.1242993205738,43.9447758076127,114.729995817986,73.2258767329359,93.6133572141546,112.84816550235,24.8785785306682,21.0854742954349,12.4162698462487,90.4994546684079,29.0109830742733,128.37865904392,117.096330340898,131.683693321474,16.8407089306667,38.8541676462981,36.3877631588008,12.5160517139825,31.568984540259,24.8785785306682,84.6097457678707,13.3275358402133,143.088987343045,25.6506401524504,8.17037485112974,59.3282979929782,42.5649476125028
32.1896316732957,18.5829040756739,17.8169105177014,8.02902558276397,66.5896221256468,85.2457530040653,79.6451368029463,45.3958538924966,22.8031120583788,36.455885011017,129.366427678163,127.730654241298,48.5676818723059,84.5393966359753,15.6608276701433,75.8429928977714,62.0674383611466,80.4584158023845,165.246030125646,74.6131069960632,137.075399447967,90.9697952163344,71.7380776800171,87.9915344861137,44.4117746993164,6.26995105356735,89.2164198419398,92.0664404191436,82.3174807315691,76.5061689034749,95.8781445950987,20.1138649803254,90.3237554764513,27.6338203373159,15.0977376840589,133.181557621213,63.4985616810245,11.7646684689716,53.8640095186525,88.3073825657633,39.2908079508789,25.1578872093302,95.4626662647367,15.0784014475306,70.16698591123,84.3497702520588,86.9694374095703,37.0968578705286,37.3557333140653,15.3158005188211,62.5137877267133,61.075163792765,16.1715226380092,26.9624596130021,61.5734180057161,17.8169105177014,8.63141070910693,46.5811089267099,68.4936834494517,84.0038805143837,106.051727201802,102.669321677714,51.0028313146805,56.2679394274594,85.6226960886632,76.7260963256646,98.1076076478829,19.1189312154926,16.1594237924631,15.0784014475306,102.59975498705,23.9683791616756,15.6608276701433,7.06936369174073,35.1011541100346,89.5885658895967,11.7646684689716,126.057684528457,81.1619695501364,147.185470290278,65.0618864499468,21.831719293481,34.7179821030409,68.9221224604793,61.9430585002613,59.8023384070911,116.930846333611,14.5075751555539,83.2145772284226,20.4923392996572,77.5076745755637,70.7157673736437,45.4124173507691,107.687395051018,15.6532908837227,149.559361921622,121.535769751823,35.3888365873462,40.9510381765075,66.9573497790026,13.4502434122169,28.4435338430248,35.1011541100346,14.4733837392495,135.188774068249,91.3532263706719,103.016330165789,14.9523457050626,18.3851098779067,62.8983514720804,25.1578872093302,77.3239463521897,15.0784014475306,61.3159402390743,139.061981853432,138.132674123952,52.0547120451988,145.275072038533,91.6669988163589,93.7138810038509,96.7572610429975,84.5811847580009,108.439130031486,79.3625769961806,72.0405165567722,72.1716560944886,112.624617274063,27.6287380140159,127.603786988298,125.619274619735,25.1578872093302,19.3757797610292,94.0837812187798,37.5721617005711,149.275265313724,79.797970843942,102.979894261308,50.313892584037,57.2311964566582,89.2695585704902,10.0438787971767,79.7695014933129,6.12727556945815,11.7400869719084,42.9593703316661,64.5790766314896,40.1212137264966,101.034102989984,65.7056200375795,64.2734674220489,9.74391963697063,12.376845532151,111.742429522774,124.205024499044,98.0935123912622,7.06936369174073,70.6436815449525,94.2718034777728,76.5591686089239,93.919766340214,14.2582909767826,76.1509501580406,131.366935104259,97.2313433510305,56.4767246231038,36.6592489839359,10.2446466137228,100.098781341545,76.288977384821,27.664920966914,83.5355515711297,56.6181091630129,137.298787880323,53.6521589715846,54.4770048698315,118.897342688855,101.138165666645,77.9940525245628,113.970194653597,24.8785785306682,20.0286144661186,8.24695777014816,96.7974964805577,29.0109830742733,134.976016205501,115.343818952494,128.267839799301,15.8528559447991,49.5433634968036,35.993334299107,10.2903326862033,30.4355829879702,24.8785785306682,90.0818615967831,15.0784014475306,142.426129615513,11.7951666761698,7.9582045389477,58.4156540215316,46.2623648928247
37.2517386597914,19.3221330704606,18.5385165233218,8.31200302563495,70.511295009283,104.821313661749,85.2171307607453,57.9615834892775,21.583809726696,41.0278086403829,127.25391713205,114.37184910095,48.6200117869296,84.4689030004685,13.0146575247725,79.4178651542312,72.7088948188457,81.3478773039122,139.580340529737,64.3938094649794,140.214539817565,91.9395779513642,66.8571020576654,73.6433598520746,51.3218505818945,11.4700424725234,79.1692902603594,98.801229701151,67.741484840088,79.5495887103676,102.658183826621,18.7940232935432,87.4597604971518,23.5862687214733,15.5431979880944,132.091045659128,67.2243369693315,9.67110167514645,54.2445563970424,88.7150634500677,37.926519269037,25.9114171911021,95.2604675085463,13.3434318706133,71.693197563894,83.9683269348395,91.297444525467,34.7830006828733,56.111446249293,19.3239583183055,62.1892821990297,66.4277182452623,15.1829790196392,27.1090402114848,63.7191789511297,18.5385165233218,8.51223497737062,66.9063181035403,69.6396882381177,85.555300407123,104.319937925649,101.828648799063,68.1416902305104,68.9919595793314,82.8213047293347,72.2838745529928,95.3832443098717,20.7256889916547,14.3629558104429,13.3434318706133,103.693518810176,23.859990270651,13.0146575247725,7.06936369174073,36.3382699629471,77.2502356768346,9.67110167514645,127.401521411708,79.9403484005411,145.980292044405,65.8737454239139,21.7409010185539,48.6058564095466,52.072262377987,53.2423195951975,65.8378051420891,119.608659724309,16.1212056650482,79.4424674057921,19.0701263712374,71.4918567877775,55.2150366396161,57.9498780352064,90.6550383296311,18.7070250942339,148.334745870193,123.477027740435,35.3888365873462,54.9701274763354,84.4801441911992,15.9388622314979,28.2106336243023,34.1114482296007,11.7509718384983,139.237953302252,71.3288129159686,105.406016568681,14.0036459367173,18.3697793540792,59.2567166209016,25.9114171911021,83.7817429740527,13.3434318706133,54.9438167918231,145.847445290959,144.002874386314,55.1090199640488,142.902778644669,91.2191674511915,100.56918287592,90.1740091953118,78.8263790221284,110.92247607386,85.9906321564016,78.0948121066471,73.0779525847613,108.597641097693,27.1775699522712,125.5200597758,122.130936105255,25.9114171911021,19.5017292780571,93.6241428677117,36.9436565776332,148.052975490901,79.73143087211,100.120231741713,67.538241088154,82.2034666800244,91.9188720366646,9.51602939477404,75.9760541987497,9.79907254941076,10.0205054079684,60.1439616965126,61.4333047151894,41.480953485912,99.3842498409558,66.169827377906,69.6413385716023,10.0356540909485,8.58899424652685,100.524266701632,98.8745557940102,99.1392374531825,7.06936369174073,80.6572407416605,87.8576592808435,63.5517234741686,89.2646620828985,14.8595410055688,82.018375269938,130.291281562489,95.6435879965057,58.0673376516085,34.1150173523629,11.5104513353794,99.2791564595958,71.5852555571362,24.0627531667571,69.9139834385442,58.3139368933218,139.624041253305,51.2874893938417,47.3968143415993,113.507736093724,83.2295820447021,73.280899033199,116.616785466119,24.8785785306682,20.9094868680347,10.3892519131456,96.4017330826378,29.0109830742733,131.629874138189,117.321591309999,132.109722950364,15.645948491087,38.1870081818364,35.6531043832925,12.4604545612652,33.9121358051546,24.8785785306682,89.3658381690629,13.3434318706133,141.259921614696,22.2050306895913,8.01109210339119,59.6862608561824,42.6878341061875
35.705370599322,19.108660159502,17.8056642171882,7.06936369174073,57.1225003961051,97.758045746825,85.0288591225649,56.2512232343228,20.623735507983,36.2748260992865,128.140583987763,117.262201315987,47.9239359132551,83.7623085763921,11.4849515680694,77.2243879314927,76.5202066663966,80.3857760011013,146.904862548486,62.5068165754975,139.5082269798,90.882719488479,66.652157575973,71.4222417677945,47.2264234626382,11.1065369475098,77.9104319526615,98.3808989177506,63.5289841757003,78.6707166828522,104.293482562882,17.6917163997251,97.3103227813103,24.6385548132735,14.9108597736489,129.162341041798,63.5454655281149,9.46092443286487,55.4228928577444,89.5243857606718,39.7714116784042,26.0075532508056,93.9056078230109,12.6176445610172,70.3158799489021,82.9282963558015,94.5676412787562,33.9268834855935,52.6457692467359,18.4083800828901,66.1279840931749,65.6369875251586,14.2672160577762,26.7039739177249,60.4506116225484,17.8056642171882,7.57490595921576,59.6133436157282,70.5472922972721,85.4431683499391,105.046807741787,99.5709179102948,67.920270245522,68.0110273462774,83.6407826171974,75.2909975539227,92.950087545079,20.6928901291614,14.4191289593317,12.6176445610172,102.501547133311,23.5644607489507,11.4849515680694,7.06936369174073,30.9057209801855,75.7866365819238,9.46092443286487,125.937022888997,76.7908292753036,142.743636953848,63.4699547757235,21.9033354354462,45.467220739448,51.0206843833869,55.4622453395367,68.9844839915062,119.006146375972,15.2313944915189,78.88513903881,18.480739966658,69.0390701193898,54.9870243184283,64.9443107168652,92.1380874181391,18.302389173732,145.04588815109,121.908862584301,35.3888365873462,44.8091914161037,80.4774352186309,15.5758803238235,27.5851513098804,36.3849065473663,12.0910859633164,139.754551375331,71.0342582223497,105.785603699673,13.8606682061505,18.2161135291184,61.7218893390528,26.0075532508056,85.132381138931,12.6176445610172,52.8343769318608,141.138765046201,142.65376572961,52.0931627784039,143.898482040439,90.5034097286923,100.141330676589,89.8975888150099,78.5847437897421,110.363718266363,87.3768796309667,77.9712253344654,72.6336258262974,99.7461162146779,27.3669350503254,126.39464563719,119.015465295628,26.0075532508056,19.9398496620052,92.8895143335739,37.3447712583416,144.770365146151,79.0644660782432,97.5662378938676,55.0541559891577,73.2430605136087,93.5171759963249,9.31677777866662,76.1543134905172,8.50506332889294,10.4675637620528,56.2602736501347,60.9726880988856,39.0871827214136,100.076729273415,67.6072125346218,70.7640205114749,9.07905562965093,8.76612705058812,99.4958814828683,95.5920602620929,97.9996178851896,7.06936369174073,68.3648061516376,87.588339464551,65.2823468609311,89.8086358709683,14.8514020835111,81.3119679998593,127.402481068817,96.3100036271532,56.9285480445959,33.0606495402126,11.1869735857094,97.0779525666526,68.6374729831842,26.1355725842688,67.8053450864737,58.5302921809301,140.45371048246,57.1582115819329,48.1019300366106,112.711422947082,78.0539548719635,76.096932044196,113.89191488018,24.8785785306682,21.7001731004183,9.19156036648025,96.9477766358601,29.0109830742733,130.873661055584,118.561733453614,132.599873995338,16.1296670173962,38.6059462245727,34.7831229360686,11.1164197788341,27.4841349040534,24.8785785306682,91.7535798362012,12.6176445610172,138.127925932383,20.6166028112668,7.22406811571191,58.5396117842539,41.2098189352409
42.5563861883924,19.4205115797121,17.2037982971736,13.2954478843502,56.6073852611094,81.3565643342514,74.2420473042445,55.0041813387929,20.6120657715637,37.6950825347566,126.913320352884,123.244846933022,49.1821295628452,82.3884624687656,11.8388336103676,76.2043830867524,88.613798556191,78.8926490051308,161.005659413214,66.3639432160947,129.221752491453,84.8767152999184,60.3315440771993,67.9914101183916,48.4027165876872,9.62252808505083,71.6781635322831,92.7817028705689,55.9875280369515,79.9546149008176,102.580233507456,16.9420599213632,102.185853750743,21.816421674168,14.4283982624691,131.670987131774,66.5204153847744,9.05011950816242,52.5811208171498,92.1898027176305,54.7776657754795,26.4196278453971,90.7136335926017,13.4043682503073,73.2609292454172,82.8911939022394,89.5560924226412,40.7630827354484,53.7580185494881,17.9024302157295,62.3894299263247,61.766199185354,13.1414296357625,26.3230875326896,56.334044274019,17.2037982971736,8.80029935699508,43.3530197822136,69.7388058386583,88.3525853829779,104.040724242793,101.504826756141,58.0518531807862,64.6156560146168,84.8573917059884,80.7449351737608,94.7463344474652,20.7796824153388,14.3735691501148,13.4043682503073,95.7277102049978,23.5539179143686,11.8388336103676,13.1612057284536,58.1248073430417,83.2300455918025,9.05011950816242,117.614447472864,77.4050241970318,145.516064766977,63.7688487934298,22.0041534680655,39.7416113452466,144.332527089683,52.2276133732997,66.7046617160913,110.231368607273,12.0396237048237,78.1298333549519,15.4600599047736,74.0370364531945,53.7001504587123,86.5753303892104,94.4842926152396,16.1653708916963,147.86303126914,127.362097517935,41.211185688181,50.3264128095285,78.265532407251,14.4224407255086,28.1209218867896,58.3321737946005,11.9815919315694,141.968881171946,69.371827290985,101.472921654626,13.3243551748111,17.917337897293,66.1929063951444,26.4196278453971,75.3793923866207,13.4043682503073,49.9360944691076,132.023929664868,135.766128119198,54.5319606666967,142.520297482304,89.4044048790085,94.441942390326,81.3726147701158,71.1325650387549,102.226179735747,77.3667552476011,78.2982604107931,72.1678277245349,93.8516970534722,27.1048288296408,125.184103688601,121.315421826273,26.4196278453971,19.6161560283207,91.7615344370882,38.2327630957503,147.582156938858,77.7676726777354,99.4516912293402,61.8328091543019,53.2650520632529,95.9377005495973,8.8616880593367,77.4599164459414,8.3531531976674,9.26859495879022,49.1755135506006,58.6627722040544,40.405949308066,99.11824659203,64.1406975907599,62.6571088183746,10.9149428288996,7.32982639976314,101.148357888013,102.224734227783,91.523291925661,13.1612057284536,70.9389465665535,79.2823511681664,71.0247626590504,88.2147032759856,14.5207402592231,73.3648750072798,129.876946407618,95.3875966780954,57.9089281816129,27.656880801556,9.82920049682168,98.9634419760644,73.4674633269703,25.6826219579638,64.5482543236596,59.4576707078215,138.219735171457,53.9788103323889,51.638018271349,111.632238966107,68.7882553686501,75.0139551080917,111.015262487895,40.0540574805277,21.7763319821805,10.5135678999208,84.562734657332,33.7840156886663,134.443662817843,117.061403569686,134.700842079209,15.0369417862223,43.8314342492387,46.8180286768726,10.3922660455987,40.9082228400711,74.1231195433485,97.1964664790896,13.4043682503073,140.810705436933,18.9459088741123,8.37299281390941,60.991434084263,34.434878304884
38.9560742665084,18.8453127234062,17.3383466187186,4.0120101623182,64.6577482203007,87.2753507746865,83.9068966150901,53.2583325669009,21.8575683164053,38.7996182687952,128.562783901136,119.698987291638,48.9399665164537,86.4480978849016,13.8529925113124,79.7834939642111,74.8034476165124,81.9192950192847,138.523837168201,65.1714251727421,142.771895872381,92.8417838642284,63.0389603076169,73.1928519545876,47.2173548630811,10.1934426913814,85.6385169269703,91.0539712539054,72.5284091911021,77.5865102884053,99.2281046850617,18.1469065656098,97.6724306945248,24.9046995373423,14.4300487835666,132.02868090603,68.5939212209868,9.62975701327053,55.0908946124384,90.179964795002,18.6486055288295,25.4583393307344,86.0354319867848,14.327721168946,70.7241729208424,83.703659890414,99.6221740111899,14.4008317899544,49.5034305799214,19.2914714157153,69.2770627209078,71.7613403562557,14.2090759073692,25.9563971291437,19.0805581159661,17.3383466187186,8.00709476315772,52.726071254117,69.043516780637,84.3777132621427,105.392917863565,101.780571970623,66.4425651185698,34.3006541752657,84.1141382695919,72.3883451711331,96.0903935518485,19.1475330914834,15.1224408393364,14.327721168946,104.711066507052,23.7847839001602,13.8529925113124,3.98276934679902,17.5396361048929,71.2451431309372,9.62975701327053,128.651716469013,79.6398472115737,145.911369697511,61.1540858721114,21.5629058003993,45.3778116653413,31.0366636168467,55.1475215949228,64.5428572191719,121.790187621148,14.878135946369,79.4880798441941,20.7597040495143,72.7291201727275,58.9124557955319,51.5410510498265,93.7800777374729,18.525739644319,148.264711904182,119.519287822683,36.9839975906663,52.1387875824609,84.3381185166486,13.9040809001356,28.1973144080608,17.4118016172254,12.4528758913746,136.803287784003,76.1052748237203,109.633522013067,13.7391779213613,18.8002025279845,59.3423593157991,25.4583393307344,87.2461732759021,14.327721168946,54.327258161883,146.635530930696,147.206921665577,56.2317747470577,144.372601361277,21.8007281775088,92.6832946746821,85.0242623669058,74.324683921884,112.945577716327,89.5464014820658,72.1482889995746,71.9597909131074,108.949614418435,27.4571041228234,126.811093001313,123.036386528059,25.4583393307344,18.8721215868963,22.3755000899712,39.2719151591126,147.983074558436,81.5996218217395,100.862499909408,64.0595568439284,64.7811143156756,89.4215432681304,10.2193880092079,77.6385269988884,9.05481047600537,10.5806339843218,56.1496405633913,65.3224188159479,39.9855944757056,100.406463890778,67.2022268910695,72.5210538298959,3.98276934679902,9.18327233073956,97.9079740472493,101.299657459116,100.112093846698,3.98276934679902,83.4326288536826,82.8401968626791,66.3650964645688,92.5248245949564,14.4412698879095,83.7697993608075,130.229766540295,96.627327568741,58.2055724996727,37.1375443503757,9.76871641480017,99.2322833347035,70.9856321012182,9.73025415591096,69.4862897300129,57.29428005393,139.30959168798,56.518418443136,47.1133940723785,113.572907340159,89.1109664571492,73.4740660524481,117.690686724477,14.0162034780642,21.3082811672254,10.0014775483574,87.5149659653504,30.3186606735026,131.996972844002,115.678594189297,129.799699142455,16.8728741349332,41.3369456209568,17.1916726849524,11.7054958019847,14.0162034780642,14.0162034780642,90.2148394578431,14.327721168946,141.19322791801,16.4524316933542,7.72720680878888,58.8795252161699,36.1728544520311
32.9627864913958,18.7342168626651,17.5920888251538,4.0120101623182,60.4207676808033,79.5272613860168,77.6721973328488,58.2206955812751,20.174932908427,37.9098948354402,126.692731775767,115.570195894813,49.1276944264547,86.2344637616671,11.0005051846299,71.1088904000611,81.5148648680526,81.178338391784,139.865128791895,58.7817817129958,133.407506233514,88.0358452977288,61.4433667652437,76.6599748855076,46.0083843908318,10.1535810954913,81.5944678870996,85.6335236150674,60.3831327455991,77.1291265204149,97.2346532225823,17.9354898158389,94.3104516678803,24.8285830478479,15.2977271224156,130.542592382344,60.5818674911263,9.88643408076136,53.3597398094291,86.5933227656334,18.6486055288295,25.4111649340203,99.0829361013857,12.6937079547928,71.0442372343664,84.086002962635,88.9054230918484,14.4008317899544,50.3827386401596,18.1166586736698,68.1272382002651,58.0765161217566,14.0824791206113,26.3042274067602,19.0805581159661,17.5920888251538,7.76223736034598,65.9454253692448,65.8869621407922,80.5392214119827,103.859890621396,100.634950133747,51.117072473478,24.1846774513121,83.1375880628903,74.809854778232,94.401251995913,19.8549928989434,13.7776063421802,12.6937079547928,99.2907166180253,23.8934284607494,11.0005051846299,3.98276934679902,17.5396361048929,71.161804875852,9.88643408076136,121.992083057305,76.6499565324826,144.269020395111,66.9610443279672,23.4057673341594,47.505575396933,22.8819871706629,53.1875347514097,66.4419103841996,113.80198543257,12.9812927253642,79.8292630406138,18.5149085520192,66.2868859955703,52.8362600929328,51.9557763710496,91.3641871696546,16.2876577385675,146.595873850841,121.385264018734,36.1430874000395,52.740859506886,79.2020926460254,12.4338399397874,27.8799310557994,17.4118016172254,11.8462700674249,136.549790786973,68.2558219773821,103.974087428037,14.442731465587,18.7537426881272,61.327459166492,25.4111649340203,77.8681834080869,12.6937079547928,51.9119277149842,135.750658186326,139.713890465784,49.6636708600183,142.272582352445,21.8007281775088,87.1658533279648,82.8721938157167,72.443434847883,105.537492313664,79.9211627550617,74.8140117535365,72.9281663896527,92.1885063259226,27.0577178123897,124.966520670258,120.873570187167,25.4111649340203,18.8540998623319,22.3755000899712,38.1830845105876,146.317406558938,81.3979694535479,99.0894710588125,64.7992836855977,81.0228799117538,90.1433006400507,8.82279102625308,76.3883136523152,7.25999955667317,10.5482962837884,58.7824949111021,58.5041002412284,39.2481597414913,98.9459687497885,65.0904903024041,64.7258499546574,3.98276934679902,8.00596803230487,101.510916523513,99.9822565984071,94.9298089662774,3.98276934679902,90.2085440958208,80.7434096929984,69.1739788142664,93.353582613666,14.2746575694369,74.7080521635694,128.76392623825,95.2218030941962,57.1008380933494,33.1217745616104,10.373429555848,98.1153445269313,68.6865299305883,9.73025415591096,72.7778339460649,57.18811354159,141.90953245988,55.3237456669571,47.3453984586967,114.060391345672,74.1888506404852,69.0362858413719,107.818281178635,14.0162034780642,20.9707333474759,9.23020450801396,74.2858347597002,29.6293011562141,130.505545265104,117.307179041704,129.559179821019,15.4357213482849,45.1594538136885,17.0834985042797,10.8875686144519,14.0162034780642,14.0162034780642,89.5405527544477,12.6937079547928,139.603985079323,17.6168994277367,7.58065276666622,59.1459862300021,35.7965314022485
8.86672480547272,71.7045166770442,19.6060269373322,26.7742644376621,11.4036711184846,22.9023483516992,65.1793988034612,15.3833420452531,20.7653427493985,10.0932222393005,28.1123587814899,119.128672635877,51.0295490868609,18.0678148399992,49.3396826132072,72.0003026164629,82.1233447538869,64.4452467650053,144.79459327437,65.2267880155162,132.819798205364,20.8326176382952,52.7676912847557,67.0336561328198,12.8256611841492,9.55395816103166,80.6259708875464,87.4088788185609,38.4705598159336,77.0379690187602,22.8221916782048,22.0836256664137,87.0347303915893,44.3220181151,60.1578461573738,28.5759113516819,14.5945373271255,36.4636137187592,50.2363936878669,90.4503746494029,9.09493178360583,97.8195379384182,20.9208362601715,57.0498521465963,55.4117727685983,65.9250319231926,19.1136785891845,10.3650902094465,55.8720141697953,67.1187744999353,65.5815987642199,17.8264384778258,14.8914652871867,26.1801802149964,54.441662841258,83.9255621869768,8.30844328034489,46.7250651985181,53.055867623588,16.7359143679486,102.941242872997,28.5759113516819,19.281327301162,66.8835574941795,78.4157146359679,17.9251149819813,26.0964367326625,82.2210372772154,13.3511484998623,13.3275358402133,61.4887073857339,101.667893733084,12.6075703867291,7.06936369174073,7.06936369174073,14.8280516619135,9.31740035941582,117.679076667539,17.0893887951918,153.082445398677,100.98402135954,23.3859868323786,10.5903473048804,45.4171549457761,54.505643165207,60.2323387675066,25.9264048875566,15.0048214125035,87.4079378496306,7.59127516274274,70.8617883808725,53.1309843220257,41.0784394325144,101.217048480684,17.8852850489263,153.377897468265,123.819422228395,7.55798016719645,35.6547097373639,17.7217577195711,57.731055736925,120.591134888172,8.24817782961371,11.6043063395843,141.063259334525,67.9432063966873,66.1371537144895,53.6754352421169,18.0678148399992,65.637808240463,25.82785762256,77.0021648544888,52.1572648973223,18.8243272068575,149.09392715032,155.89872181995,53.4419691811795,150.889832688561,101.406728481476,62.5343086507763,86.2271450631721,79.8427870096312,25.9264048875566,75.3872622705354,20.1297317090106,19.5614405513667,67.7897846920004,118.634930243224,126.474576123159,26.0964367326625,25.82785762256,19.9945066969081,99.2800092111227,9.39474744955696,157.526429225377,18.0678148399992,95.559382003392,68.2371365268863,89.4239408107624,24.1439075950322,8.99047630005417,99.7140317256611,9.67570445351171,10.4059252458787,58.194202604496,58.5566696318835,51.8507958931551,28.1123587814899,13.7191225190846,13.3457370176083,9.09493178360583,8.94561659279621,104.040570288328,93.8987060422077,20.8326176382952,7.06936369174073,82.2383677011529,88.0742533832718,14.8763445092293,75.7072547382421,54.0868910384934,18.1957363708828,128.560050888244,76.9270541201859,43.9497557842703,32.7861861841896,12.0953550590873,78.1955258956028,18.5285572485652,9.80140969928827,67.6005847019198,25.82785762256,128.676961482745,41.4416623112918,46.325161815958,102.196646249553,73.6262014685439,95.3213363391209,25.8128494848359,19.3447062744479,8.79394493664618,12.4162698462487,95.3938750230762,27.6756524796824,130.482389580504,24.5697777604531,133.161868494548,67.1417680309593,13.8230465084921,36.6386841878972,12.5160517139825,24.5469303063713,19.3447062744479,91.1995411994901,13.3275358402133,149.985720306088,25.6506401524504,8.17037485112974,20.2497762926875,27.4750841391441
8.91782338611316,70.3802505341593,17.8169105177014,30.408854814024,14.4815029231865,18.2059025577808,61.9292527401418,12.5764784009917,22.8031120583788,10.0997472481925,27.6287380140159,127.681116661683,49.2038168846531,18.3851098779067,61.2885943130134,72.3520574633378,66.0064273835289,62.5616298409442,170.285826559271,78.1835112352486,137.022237710452,22.4378753480206,59.535426180503,87.9574088670841,11.9905688688366,6.26995105356735,92.0723971808197,84.5528106031609,53.1347936760505,75.6152026601547,20.4766583249718,20.1138649803254,90.2887253558071,50.0046209391961,57.1806514404853,28.4435338430248,13.5613633029769,46.0409889061311,51.3847326298463,94.051626411635,8.39132268485056,95.2821150823579,20.3300369784318,64.5446077581042,54.5593764910174,65.5874099813136,18.5212915971434,10.2773225250528,37.55995653036,58.006535106475,64.7172012450658,16.489454938262,16.1715226380092,26.9624596130021,56.5483527670309,76.2670701418827,8.63141070910693,30.0674606417245,53.2582754417147,17.8897370460314,101.170330539744,28.4435338430248,14.1298367894457,57.1568838790063,85.5894891725198,16.3863627702055,26.8284599820115,78.0923650098067,16.1594237924631,15.0784014475306,66.2267207888389,101.147221831872,15.6608276701433,7.06936369174073,8.02902558276397,19.13339542909,11.7646684689716,126.746839940201,18.5649602238937,152.373293116827,84.6788824772946,21.831719293481,7.9413789533367,68.8155511400843,59.0919155063762,60.782314412473,26.7467204549384,14.5075751555539,90.5828634102015,8.54657101373679,77.477614895506,71.8279593761198,46.2409685656554,107.744378058108,15.6532908837227,152.667376508845,122.200203925418,7.55798016719645,26.4333279516208,15.3158005188211,53.6244125387455,120.032498146682,8.02902558276397,14.4733837392495,137.404101400135,91.8526530463968,66.4956142969505,56.6299988694046,18.3851098779067,60.0032378230541,25.1578872093302,81.505804666321,59.0092713278672,21.4114579703886,143.963477377015,153.157411044703,49.6587143153523,148.294054182173,96.624562665799,60.4910122062557,97.2862314926988,90.0830458244963,26.7467204549384,79.7964509772193,19.1189312154926,19.7360269380523,72.6976305460047,116.594037251661,124.298816627271,26.8284599820115,25.1578872093302,19.3757797610292,94.5981357956294,8.85783840727656,156.796690250761,18.3851098779067,98.2398893092938,50.5889578566534,57.5440785225651,23.8040659922992,10.0438787971767,103.8210327243,6.12727556945815,11.7400869719084,43.6380604398673,60.2311995846591,52.2182759733861,27.6287380140159,14.0327239040952,14.1262915989545,9.74391963697063,12.376845532151,109.563868787362,130.652382052552,22.4378753480206,7.06936369174073,71.0298894594033,99.3702412032099,20.6699234597419,80.5757127088467,55.7997718689496,17.4187414195564,127.964498255121,75.6036674473603,42.9745236217216,36.9120421122414,10.2446466137228,77.8332862183168,20.5969755421616,11.5379805192422,88.7012973975255,25.1578872093302,128.699365766644,49.273555220799,57.4278971610204,105.90874325544,101.69108645417,79.4170568644108,26.0695020362513,19.3447062744479,8.35316912034061,8.24695777014816,102.032529540053,27.6756524796824,137.187857091772,24.2020564560329,129.707671349531,63.2033236163637,17.6259140084473,36.2415354441879,10.2903326862033,23.6656371853434,19.3447062744479,97.0978505308577,15.0784014475306,149.290913559808,11.7951666761698,7.9582045389477,19.9382750886777,29.8617157826077
10.3202307365715,73.179980955375,18.5385165233218,31.4805938298243,15.3343643078179,22.3866474897978,66.2618389585927,16.0576911840106,21.583809726696,11.366354082197,27.1775699522712,114.327492445814,49.2568322116662,18.3697793540792,50.9328167041436,75.7623838895655,77.3232231378998,63.2532437717109,143.837365656883,67.4751974348329,140.160160632156,22.6770741290173,55.4847048167453,73.6147988631448,13.8561943999013,11.4700424725234,81.703640992202,90.7379673228222,43.7261902125605,78.623179778555,21.924668686041,18.7940232935432,87.4258411151956,42.6803971506839,58.8677724455429,28.2106336243023,14.3570756928701,37.8478225807928,51.7477635251312,94.4858262385545,8.09995207778801,98.1360085688734,20.2869760798503,57.1178966969852,55.7461049086812,65.290813094845,19.4429979369296,9.63629096713918,56.4182066581339,73.1868938361656,64.3812579227375,17.9345710864319,15.1829790196392,27.1090402114848,58.5189961197144,79.355976930227,8.51223497737062,43.1871016515747,54.1493683953787,18.2201324249012,99.5182528403381,28.2106336243023,18.8779904310321,70.0819234254121,82.7891842724153,15.4376391812491,26.0834568722361,84.6552587889691,14.3629558104429,13.3434318706133,66.9327301875181,100.689817719119,13.0146575247725,7.06936369174073,8.31200302563495,16.4983030090776,9.67110167514645,128.09802355891,18.2855270339821,151.125636145291,85.7355273794923,21.7409010185539,11.1180864128008,51.9917452731814,50.791658130178,66.9166838449093,27.3592425433115,16.1212056650482,86.4767497915059,7.95342039234346,71.464130212912,56.0834387576689,59.0071756786619,90.7030086300503,18.7070250942339,151.417311535311,124.152074741431,7.55798016719645,35.4824559236192,19.3239583183055,63.5462197601372,119.049652793272,7.80264060953758,11.7509718384983,141.519634201515,71.7187664330287,68.0381237717269,53.0369260587211,18.3697793540792,56.5292217808849,25.9114171911021,88.3128539035525,52.219473956696,19.1863195668842,150.988106963487,159.666114942598,52.5724371737478,145.872461818465,96.1525115419915,64.9160146154915,90.6669891089765,83.9538998412741,27.3592425433115,86.4607416124935,20.7256889916547,19.9838623475996,70.0982731996896,114.690095574298,122.269058476666,26.0834568722361,25.9114171911021,19.5017292780571,94.1359846088046,8.70966495743633,155.512813793781,18.3697793540792,95.5118526240542,67.9074716076554,82.6528717610282,24.5105154650307,9.51602939477404,98.8838122536447,9.79907254941076,10.0205054079684,61.0941411697291,57.297221181411,53.9879947683647,27.1775699522712,14.1318644865496,15.3060647801069,10.0356540909485,8.58899424652685,98.564418313445,104.00703426434,22.6770741290173,7.06936369174073,81.0981926293728,92.609205215272,17.1580920197275,76.5820023549637,58.1527617537191,18.7608541654991,126.916704412175,74.369084815113,44.1848600500939,34.3502660876133,11.5104513353794,77.1959747828187,19.32703528653,10.0356540909485,74.2373866047619,25.9114171911021,130.878981763039,47.1018685775911,49.9641892257678,101.107908785781,83.684596882535,74.6179117152796,26.6748822831297,19.3447062744479,8.72054731113324,10.3892519131456,101.615362339894,27.6756524796824,133.786882069363,24.6170432207181,133.592680389219,62.3784098720429,13.5856929151842,35.8989593868908,12.4604545612652,26.3688821883942,19.3447062744479,96.3260599114258,13.3434318706133,148.068495606636,22.2050306895913,8.01109210339119,20.3719552215661,27.5544056687813
9.89182455307884,72.3714810086317,17.8056642171882,26.7742644376621,12.4226513090141,20.8781480881622,66.1154455649379,15.5838525630808,20.623735507983,10.0495866432598,27.3669350503254,117.216723700077,48.5516392004751,18.2161135291184,44.9463177927667,73.6698690243094,81.3764124646054,62.5051476903291,151.385276400431,65.4979077103421,139.454121722593,22.4163979518936,55.314621404205,71.3945421916132,12.7504853564503,11.1065369475098,80.4044843761208,90.3519401346554,41.0070793788318,77.7545428120803,22.2739188057953,17.6917163997251,97.2725830712089,44.5845554066816,56.4728764823627,27.5851513098804,13.5713805394916,37.0252946782235,52.8718629845337,95.3477935779992,8.49396503738879,98.5001109685706,19.998440796003,54.0110914181429,54.675151249661,64.4821219534628,20.1394295737408,9.39911205062835,52.9335828530031,69.7192643779414,68.4587866151605,17.7210846581075,14.2672160577762,26.7039739177249,55.517179681292,76.218929226025,7.57490595921576,38.47958763085,54.8550893398528,18.1962524207256,100.21166596522,27.5851513098804,18.8166481845497,69.085494014484,83.608344343452,16.0798692795811,25.418086974231,84.521289964412,14.4191289593317,12.6176445610172,66.1633289794757,99.4426749779411,11.4849515680694,7.06936369174073,7.06936369174073,16.1857227154372,9.46092443286487,126.625518645425,17.5651071426399,147.774899188315,82.6069629171825,21.9033354354462,10.4001559991397,50.9417932885093,52.9094041325709,70.1149270620621,27.2214238530031,15.2313944915189,85.8700724397435,7.70760986346195,69.0122948049369,55.8518403411941,66.1292220403207,92.1868424770408,18.302389173732,148.060107591438,122.575336450641,7.55798016719645,28.9237124305266,18.4083800828901,62.0990569865955,116.410100156776,8.3226706614688,12.0910859633164,142.044697724767,71.4226014134553,68.2831420073202,52.4954171289479,18.2161135291184,58.8809264189276,26.0075532508056,89.7365377121884,49.3791078590489,18.4497055195982,146.113460616175,158.170263288461,49.6953952208924,146.888857069555,95.3980439821916,64.6398419467798,90.3890575427306,83.6965466512692,27.2214238530031,87.8545676805628,20.6928901291614,19.8623569623988,64.3847364855239,115.489221516478,123.120992343015,25.418086974231,26.0075532508056,19.9398496620052,93.3973398718323,8.80422989231595,152.064804933384,18.2161135291184,93.0754151552769,55.3551362084982,73.6434791926798,24.9367092710801,9.31677777866662,99.1158190158476,8.50506332889294,10.4675637620528,57.1490969945237,56.8676162258165,50.8724713136231,27.3669350503254,14.4388462795302,15.5528125143061,9.07905562965093,8.76612705058812,97.5560827720337,100.554147699955,22.4163979518936,7.06936369174073,68.7385554895576,92.3253199588274,17.6253365521851,77.0486887339511,58.1209101107121,18.5992708162584,124.102724582025,74.8872661338602,43.3183271342187,33.2886276153975,11.1869735857094,75.4843961768841,18.5311744995511,10.9001477971752,71.9983523965354,26.0075532508056,131.65668639712,52.4934755411447,50.7074993933603,100.398586586551,78.4806746360879,77.4853233515191,26.0515963485521,19.3447062744479,9.05031229968988,9.19156036648025,102.190937194617,27.6756524796824,133.018276985113,24.8772564722461,134.08833347539,64.3069342126417,13.7347374167069,35.0229787624413,11.1164197788341,21.3706951251581,19.3447062744479,98.8997698613806,12.6176445610172,144.785541152,20.6166028112668,7.22406811571191,19.9805840213419,26.6003673471469
11.7898315777918,73.5525763312163,17.2037982971736,50.3547211595069,12.3106272263553,17.3752900350891,57.7280006791329,15.2383717731081,20.6120657715637,10.443054831497,27.1048288296408,123.197049077031,49.826312554304,17.917337897293,46.3312339275903,72.6968134219415,94.2375005964372,61.3441447362459,165.916129864378,69.5396064973505,129.171636621539,20.9350054413121,50.0691446568325,67.9650411162763,13.068068335769,9.62252808505083,73.9727098848874,85.2096998052586,36.1391738940163,79.0234891642228,21.9080208664716,16.9420599213632,102.146223171101,39.4777805873364,54.6456183804187,28.1209218867896,14.2067394318231,35.4176110421997,50.1608933072697,98.1865913385424,11.698844931354,100.060788088143,19.318667679689,57.3787409740944,56.965117838171,64.453272392571,19.0721539826581,11.2930143531223,54.0519128054917,67.8030472859583,64.5884602250955,16.6760249981558,13.1414296357625,26.3230875326896,51.7365693115336,73.6425818681506,8.80029935699508,27.9837738095189,54.22643874997,18.815851245918,99.2518909306258,28.1209218867896,16.0826995212965,65.6364811857838,84.8244815966453,17.2446646314182,25.909287802524,84.8757980075555,14.3735691501148,13.4043682503073,61.7909110631058,99.3981839249158,11.8388336103676,13.1612057284536,13.2954478843502,17.7754087039591,9.05011950816242,118.257443838206,17.7055978719162,150.645046322961,82.9959773276084,22.0041534680655,9.09048213033055,144.109351896599,49.823657263254,67.7977455263581,25.2142842881016,12.0396237048237,85.0478877471978,6.44779973240941,74.0083227852849,54.5447269950365,88.1549004574386,94.5342891734581,16.1653708916963,150.935794165363,128.058384135319,8.80145701679534,32.4850024238475,17.9024302157295,57.5004397747774,118.671066784017,13.3428808131751,11.9815919315694,144.295313561803,69.7510819978995,65.4993654799357,50.4642036352608,17.917337897293,63.1461494883538,26.4196278453971,79.4560847133469,52.457948265502,17.4376285148978,136.677356084033,150.533455043669,52.0219390216239,145.482032260113,94.2396024019122,60.9609657472296,81.8174775965779,75.7596164481956,25.2142842881016,77.7897181020071,20.7796824153388,19.7349800338156,60.5799705574685,114.383126028408,121.941803737107,25.909287802524,26.4196278453971,19.6161560283207,92.2631933266975,9.01357872524794,155.018272447538,17.917337897293,94.8740839954746,62.1708481656595,53.5562512791003,25.5821513134151,8.8616880593367,100.815078063761,8.3531531976674,9.26859495879022,49.952408890426,54.713218663286,52.5888629969789,27.1048288296408,13.6985040213062,13.7710415419745,10.9149428288996,7.32982639976314,99.1763420486641,107.531117081753,20.9350054413121,13.1612057284536,71.3267686903109,83.5701245558097,19.1757099062566,75.6812209488912,56.8268662178583,16.7814555744575,126.513100642623,74.1700349836546,44.0643224028479,27.8475958219335,9.82920049682168,76.9504863220139,19.835205519367,10.7112394135678,68.5398467546937,26.4196278453971,129.562631452403,49.5735482531961,54.4351292801735,99.4372949665557,69.1643196968906,76.3825874616209,25.3935918972462,31.1446241233402,9.08207525665586,10.5135678999208,89.1360834279931,32.2289897992741,136.646780072896,24.5624492386789,136.212885336285,59.9503774729514,15.593795746101,47.1408742413168,10.3922660455987,31.8087930174675,57.6355266416965,104.76657350353,13.4043682503073,147.597627699567,18.9459088741123,8.37299281390941,20.8174334635842,22.2272370063948
10.7924002874886,71.3740880040468,17.3383466187186,15.1949490359358,14.0613708258049,18.6393629700744,65.2430470421973,14.7547014048165,21.8575683164053,10.7490556798378,27.4571041228234,119.652564620839,49.5809776786926,18.8002025279845,54.2136377418724,76.1111833720118,79.5507026471347,63.6975580580063,142.74864026938,68.2900237954049,142.716524871578,22.8996049565623,52.3160292171477,73.1644656854302,12.7480369591892,10.1934426913814,88.3799591873976,83.6229700099958,46.8160835799659,76.6829627366883,21.1921080080477,18.1469065656098,97.6345505486785,45.0661560641215,54.6518695071467,28.1973144080608,14.6495772727332,37.6860203911453,52.5551461039844,96.0460169046187,3.98277548302226,96.4200370934622,18.3223827930396,61.3312456320467,54.992625481815,65.0850173244547,21.215859149614,3.98960994084555,49.7740650692956,73.0638540607857,71.718860315677,19.3745757625612,14.2090759073692,25.9563971291437,17.5233756104513,74.2185294358588,8.00709476315772,34.033948713421,53.6858064712134,17.969349672444,100.541845174435,28.1973144080608,18.4072643968549,34.8425502625187,84.0815164150651,15.4599509308317,26.2768335694621,78.2091910036167,15.1224408393364,14.327721168946,67.5895431323335,100.372444759192,13.8529925113124,3.98276934679902,4.0120101623182,15.2157977124694,9.62975701327053,129.355053413258,18.2167904982458,151.054284503414,79.5928297368811,21.5629058003993,10.379704599135,30.9886729557321,52.6091666342159,65.6005157167882,27.8582444632576,14.878135946369,86.5264010114626,8.65807862581609,72.7009137519409,59.839009584248,52.4814194106208,93.8297016589371,18.525739644319,151.345822183391,120.172697920758,7.89865808682293,33.6548652375246,19.2914714157153,55.4338049736508,118.993445332988,3.98276934679902,12.4528758913746,139.04507201948,76.5213411841587,70.7669199831208,52.0352890108609,18.8002025279845,56.6109224752508,25.4583393307344,91.9646486292962,56.0714866831474,18.9710179807098,151.803970132236,163.218667510403,53.6435132939504,147.372829132116,22.9797621079292,59.825783004887,85.4890886943042,79.1593771922536,27.8582444632576,90.0359502740686,19.1475330914834,19.6780903857651,70.3254671032307,115.869737491998,123.526653615065,26.2768335694621,25.4583393307344,18.8721215868963,22.4978266029098,9.25856439126331,155.439390813538,18.8002025279845,96.2199553382319,64.4097694504669,65.1352716657528,23.8445932877219,10.2193880092079,101.047541996909,9.05481047600537,10.5806339843218,57.0367160799832,60.9244952123946,52.0417657732364,27.4571041228234,14.3523536519918,15.9389806486953,3.98276934679902,9.18327233073956,95.9991336107738,106.558020511021,22.8996049565623,3.98276934679902,83.8887537452799,87.3203867952596,17.9176640661839,79.3789632950512,56.5158591976718,19.1614742929108,126.856782644616,75.1340060525537,44.2900463331711,37.3936356854172,9.76871641480017,77.1595278920894,19.1651451933682,4.0581168850055,73.7832447918215,25.4583393307344,130.584227087868,51.9058965292526,49.6654167416151,101.165960586185,89.5981347326051,74.8146030738573,26.920526077339,10.8985060795097,8.88686916185353,10.0014775483574,92.2479782506547,28.9231397054369,134.159996391503,24.2723007851594,131.256726112958,67.2700066159512,14.7063379928546,17.3102222144514,11.7054958019847,10.8985060795097,10.8985060795097,97.2411853182194,14.327721168946,147.998587346588,16.4524316933542,7.72720680878888,20.0966023665167,23.3490765375837
9.13201838492263,70.9533273694105,17.5920888251538,15.1949490359358,13.1399382645502,16.9846065106837,60.3951645084025,16.1294756609842,20.174932908427,10.5025664835128,27.0577178123897,115.525374486716,49.7711644315236,18.7537426881272,43.0504385655381,67.8358583674852,86.6880469157466,63.1214162859417,144.130839603452,61.5946215887836,133.355767009281,21.7142109449685,50.9918462361126,76.6302439674932,12.4216315451737,10.1535810954913,84.2064528969932,78.6448902612352,38.9764758522369,76.2309055129931,20.7663673488287,17.9354898158389,94.2738753930952,44.9284199075594,57.9380845477333,27.8799310557994,12.9384460509045,38.6905251970369,50.9036736739065,92.2260699600104,3.98277548302226,96.2413704089648,21.1010213069741,54.3366883942598,55.2414962171917,65.3823138287171,18.9335853455841,3.98960994084555,50.6581802931,68.6144087653045,70.5285081133076,15.6798612740584,14.0824791206113,26.3042274067602,17.5233756104513,75.3046983671626,7.76223736034598,42.5668587004074,51.2313807783721,17.151892080816,99.0793808005961,27.8799310557994,14.1614861878583,24.566757105402,83.105344942301,15.9771118027343,25.8149217185482,81.0988509375969,13.7776063421802,12.6937079547928,64.0907823533851,100.830927804566,11.0005051846299,3.98276934679902,4.0120101623182,15.1979991935057,9.88643408076136,122.659011888684,17.532883961246,149.354047576758,87.1506608952543,23.4057673341594,10.8664085229283,22.8466057358059,50.7393949478535,67.5306885099816,26.0310259184961,12.9812927253642,86.8977944849199,7.72186027367416,66.2611780563765,53.6672496741617,52.9037114104924,91.4125327176444,16.2876577385675,149.642303766702,122.048875379813,7.7190652220656,34.0434943257591,18.1166586736698,49.5721409596401,117.654078823455,3.98276934679902,11.8462700674249,138.78742098799,68.628975500507,67.1138333443393,54.6999034599888,18.7537426881272,58.5046512559885,25.4111649340203,82.0794753241544,49.6767816845561,18.1275872815029,140.535440012067,154.910616814101,47.3777290506942,145.229169326553,22.9797621079292,56.2643510347623,83.325254817629,77.1557560911139,26.0310259184961,80.3580905158053,19.8549928989434,19.9429018855348,59.5064039788163,114.184316234868,121.729856173978,25.8149217185482,25.4111649340203,18.8540998623319,22.4978266029098,9.0018667326514,153.689796004049,18.7537426881272,94.5285362580887,65.1535403673392,81.4658307431541,24.0370526253365,8.82279102625308,99.4203732377084,7.25999955667317,10.5482962837884,59.7111653623574,54.5652295132398,51.0819849768212,27.0577178123897,13.9013508840403,14.2257181248012,3.98276934679902,8.00596803230487,99.5318321426,105.172234700311,21.7142109449685,3.98276934679902,90.7017128112525,85.1102005135036,18.6760237013602,80.0899719636504,55.8638224720596,17.0886934423699,125.428907977186,74.0411197331806,43.4494268539591,33.3501741398486,10.373429555848,76.291035621269,18.5444192012169,4.0581168850055,77.2783344502232,25.4111649340203,133.021326013068,50.8087221352266,49.9099882644113,101.600190798681,74.5944399395527,70.2958554005805,24.6623155227087,10.8985060795097,8.74609087540043,9.23020450801396,78.3033849542687,28.2655103384763,132.644128911424,24.6140191615694,131.01350691517,61.5402609488627,16.0662618241467,17.2013020913415,10.8875686144519,10.8985060795097,10.8985060795097,96.51438207081,12.6937079547928,146.332744738237,17.6168994277367,7.58065276666622,20.187550128434,23.1061652212018
8.86672480547272,18.9325577145445,49.2421732226956,7.06936369174073,52.1821049708866,55.9214672471459,82.4656760696487,15.3833420452531,20.7653427493985,10.0932222393005,68.6429324494342,110.655273484854,47.1585068161546,82.6765872831191,12.6075703867291,87.2655792932944,77.7925450433835,81.5368190181787,138.883816251026,64.9535959001242,123.372574959687,102.420227290239,15.2647113999526,62.2656778418006,12.8256611841492,23.9955634168849,79.4193291111229,65.3378995746349,13.0339780595624,77.4369870161802,55.72574588606,22.0836256664137,80.8441131850689,44.9321800658783,15.8838236018931,69.7748050187116,35.6359936803399,9.31740035941582,60.8873551564118,90.0749103386979,22.2074139316025,25.82785762256,78.0493649298701,13.3275358402133,70.1075706046181,83.4090591085747,71.3074017122141,10.3650902094465,54.7205781983471,17.7217577195711,61.0550134660559,17.8264384778258,14.8914652871867,26.1801802149964,40.694995147826,19.6060269373322,8.30844328034489,15.8306371818605,67.126854088268,62.4366766077049,124.766519945567,28.5759113516819,19.281327301162,61.1558530597632,72.8381518618557,43.7683819568581,26.0964367326625,20.1297317090106,33.5325239148943,33.4732187491714,20.8326176382952,111.932140078768,12.6075703867291,24.0979821679608,25.2663080042661,36.206173821872,23.4014287519892,115.253892539578,61.0784477545601,142.516360402185,96.7180635460092,23.3859868323786,37.8505037433391,45.7596021690851,66.0617574193058,59.6334288539852,92.6624459988725,15.0048214125035,78.9612753170713,7.59127516274274,65.8215222197467,12.0279227205425,40.0863263057723,99.9593350668142,17.8852850489263,144.849555696691,121.267695056283,18.4545852627858,12.0799568984798,63.3385702652128,14.4802845447464,132.765844820173,29.4794567947407,11.6043063395843,139.660621047887,66.5430017857898,22.4075296684279,14.1722352045364,18.0678148399992,79.5541289619036,25.82785762256,74.6203427339034,13.3275358402133,80.4451841568468,138.803138401627,151.644378378345,64.7725666378472,142.499835927196,98.2700272013267,21.1868714888453,84.4501366983172,79.5113553587891,127.46301629043,73.8336471582629,70.9750769102708,19.5614405513667,22.9674475901969,130.612144528949,28.1123587814899,63.7205848763769,25.82785762256,19.9945066969081,97.2340014637737,9.39474744955696,146.359311205491,79.8885251478593,115.819580257271,66.8308744696978,87.5810514199262,24.1439075950322,8.99047630005417,95.5017232135628,9.67570445351171,10.4059252458787,53.2106280937638,59.1628991950754,49.6604166143319,28.1123587814899,33.4984626392538,43.3464446920323,9.09493178360583,38.3923979838203,88.7261160263295,91.5391100399695,74.4569605888621,7.06936369174073,80.5435618808988,85.3499506917989,14.8763445092293,87.2267815727828,13.8206054366597,65.0325969292363,28.5759113516819,97.3289358681645,65.3709562542117,7.59127516274274,35.0407067159929,98.9338199949795,18.5285572485652,9.80140969928827,60.9623225282842,108.152206360735,132.525199308707,30.9775300507132,43.5891221078102,93.5070307184422,72.1088791011358,93.0191663845879,92.2565925294799,24.4751303414355,8.79394493664618,12.4162698462487,92.4431626356039,33.5433568776024,129.18496035463,111.73240058454,134.979734981614,16.8407089306667,13.8230465084921,8.48327803998391,51.5157546265426,31.0570401125265,24.4751303414355,81.9588018360489,13.3275358402133,140.348791524082,25.6506401524504,8.17037485112974,76.7926780420911,9.30866734374669
8.91782338611316,18.5829040756739,44.7486579922705,8.02902558276397,66.2659680222642,44.4539908290292,78.3535563300216,12.5764784009917,22.8031120583788,10.0997472481925,67.4620586589817,118.59939820059,45.4712725363506,84.1284989353231,15.6608276701433,87.6919120914393,62.5255582413789,79.1536466362529,163.334451316134,77.8560519279155,127.276102821199,110.312219662204,17.222491198532,81.7011632703707,11.9905688688366,15.7475054412833,90.6944491118433,63.2029963387352,18.0022785809884,76.0068514422327,49.998574830251,20.1138649803254,83.8666575878295,50.6930128120787,15.0977376840589,69.4515742128159,33.113256428038,11.7646684689716,62.2791612927095,93.6612131135341,20.4893869167913,25.1578872093302,75.8452700185881,15.0784014475306,69.029109670636,82.9818961981441,69.0973835300278,10.2773225250528,36.785903801499,15.3158005188211,60.2502785531162,16.489454938262,16.1715226380092,26.9624596130021,42.2697401470242,17.8169105177014,8.63141070910693,10.1869747720353,67.3829426357235,66.741242933167,122.62014437459,28.4435338430248,14.1298367894457,52.2621421888728,79.5016692644812,40.0111567111812,26.8284599820115,19.1189312154926,40.5857417268086,37.8706638715696,22.4378753480206,111.35890188093,15.6608276701433,24.0979821679608,28.696194197118,46.7186827037833,29.5479468894125,124.13478320763,66.3522239847228,141.856155360927,81.1017171447821,21.831719293481,28.382940157404,69.334423236686,71.6203967319888,60.1779359106035,95.5943005037381,14.5075751555539,81.829392074736,8.54657101373679,71.9667773972533,16.2605898530678,45.1241717120987,106.405556667969,15.6532908837227,144.178542160947,119.681846343205,18.4545852627858,8.95571622069159,54.7395423569085,13.4502434122169,132.150808905631,28.696194197118,14.4733837392495,136.037847321828,89.9597116451945,22.5289775337402,14.9523457050626,18.3851098779067,72.7249347269391,25.1578872093302,78.9846764762603,15.0784014475306,91.5012080148618,134.026803486063,148.977875641175,60.1871980285063,140.0483916869,93.6357827894904,20.4945945593052,95.2813124266543,89.7091063152592,131.49596636515,78.1519692914535,67.4111127300496,19.7360269380523,24.6302452070466,128.365205875758,27.6287380140159,65.5079917192906,25.1578872093302,19.3757797610292,92.648614232723,8.85783840727656,145.681303748521,81.2914746932047,119.068400253146,49.5463975212195,56.3581838857016,23.8040659922992,10.0438787971767,99.4352285168982,6.12727556945815,11.7400869719084,39.9010296709447,60.8547653380442,50.0123729067549,27.6287380140159,34.2641941402869,45.8816561940118,9.74391963697063,53.1183931845751,93.4364018515154,127.369196890921,80.1942429651434,7.06936369174073,69.5660730749967,96.2965323136875,20.6699234597419,92.8360183819428,14.2582909767826,62.255572770625,28.4435338430248,95.6545728227917,63.9203939496428,8.54657101373679,29.679133489409,98.4755104610619,20.5969755421616,11.5379805192422,79.9909812092445,105.346755771448,132.548273619407,36.8318487345494,54.0361117720732,96.9034941201048,99.5953901264314,77.4990019019811,93.1738833489804,24.4751303414355,8.35316912034061,8.24695777014816,98.876471053424,33.5433568776024,135.823753201599,110.060167954293,131.478382676486,15.8528559447991,17.6259140084473,8.39132268485056,42.3547509871437,29.9420185815634,24.4751303414355,87.2594684764638,15.0784014475306,139.69862771526,11.7951666761698,7.9582045389477,75.6113804650959,10.1172675987468
10.3202307365715,19.3221330704606,46.5610317098459,8.31200302563495,70.168579894884,54.6622623649528,83.8351909905675,16.0576911840106,21.583809726696,11.366354082197,66.3604257783543,106.195592240815,45.520266182288,84.058347929098,13.0146575247725,91.825285151679,73.2455593093701,80.0286840165737,137.965664395138,67.1925882111604,130.190831168226,111.488202149983,16.0506928675096,68.3787162275541,13.8561943999013,28.8079691060817,80.4808708919249,67.8263841920616,14.814606457136,79.030408371749,53.5342325163788,18.7940232935432,81.2074049361304,43.2679596194737,15.5431979880944,68.8828935800206,35.0561752792508,9.67110167514645,62.7191608514218,94.0936105539035,19.7779370859961,25.9114171911021,75.6846227219982,13.3434318706133,70.5305712224495,82.6066386288539,72.5359934200682,9.63629096713918,55.2555145025701,19.3239583183055,59.9375227732162,17.9345710864319,15.1829790196392,27.1090402114848,43.7427907022467,18.5385165233218,8.51223497737062,14.6319611171755,68.5103630202899,67.9738489903947,120.617798381071,28.2106336243023,18.8779904310321,64.0803206606207,76.900544802118,37.6946250485018,26.0834568722361,20.7256889916547,36.0737624337871,33.5131429564069,22.6770741290173,110.855318897735,13.0146575247725,24.0979821679608,29.7075716762807,40.2844851186262,24.289779130879,125.45812101756,65.3535138672662,140.694614400756,82.1137252567632,21.7409010185539,39.7366733376678,52.3837651789868,61.5603450114318,66.2513092943811,97.7834892934351,16.1212056650482,78.1200725792142,7.95342039234346,66.3810206064988,12.6963066069129,57.582053537424,89.5759416749796,18.7070250942339,142.997985125042,121.593492114486,18.4545852627858,12.0215966240318,69.0649263528956,15.9388622314979,131.068736879408,27.8870814239615,11.7509718384983,140.112458029785,70.2407533575036,23.0515858541571,14.0036459367173,18.3697793540792,68.5143687796125,25.9114171911021,85.5811708481864,13.3434318706133,81.992147389355,140.566577783698,155.308962548898,63.7186792014737,137.761448237084,93.1783330968356,21.9938029043733,88.7984824114067,83.6054027426486,134.50733308827,84.6789191833223,73.0763525051146,19.9838623475996,23.7495726412473,126.269044947197,27.1775699522712,63.6888914959184,25.9114171911021,19.5017292780571,92.1959872685106,8.70966495743633,144.488441859627,81.2236893550682,115.761973849094,66.5080034356019,80.949523651903,24.5105154650307,9.51602939477404,94.7065754409689,9.79907254941076,10.0205054079684,55.8622247405654,57.8904118390641,51.7073318969689,27.1775699522712,34.506269177722,49.7135144779337,10.0356540909485,36.8618621167989,84.0560369009005,101.393424422428,81.0491530162371,7.06936369174073,79.4268840574442,89.7446279145118,17.1580920197275,88.2346297579918,14.8595410055688,67.0523600762573,28.2106336243023,94.0925656042362,65.7206508179716,7.95342039234346,33.3462182334791,97.6691771815277,19.32703528653,10.0356540909485,66.9474017985512,108.50210575357,134.793073628749,35.2085188655548,47.0132226160835,92.5108668402198,81.9599865111627,72.8157641477113,95.3375467908821,24.4751303414355,8.72054731113324,10.3892519131456,98.4722076211947,33.5433568776024,132.456595190088,111.947342835611,135.416428128286,15.645948491087,13.5856929151842,8.31200302563495,51.286918141781,33.3621932203427,24.4751303414355,86.5658790833047,13.3434318706133,138.554752937615,22.2050306895913,8.01109210339119,77.2560138840921,9.33554179220517
9.89182455307884,19.108660159502,44.7204119697717,7.06936369174073,56.8448605618711,50.978906466882,83.6499724951304,15.5838525630808,20.623735507983,10.0495866432598,66.8228051800632,108.879317892478,44.8685682931228,83.3551878567641,11.4849515680694,89.2891218959616,77.0850024568946,79.08218481209,145.205455778783,65.2235800528638,129.535011482671,110.206629484766,16.001490900489,66.3163822506966,12.7504853564503,27.8949946371932,79.2011573489605,67.5378299170905,13.8933609354199,78.1572723019456,54.3870087833789,17.6917163997251,90.3537665967512,45.1983315941937,14.9108597736489,67.3556314747343,33.1377158657804,9.46092443286487,64.0815883266309,94.9519998211267,20.7400123490611,26.0075532508056,74.6081841234601,12.6176445610172,69.175589139895,81.5834739030375,75.1341709639396,9.39911205062835,51.8427034154128,18.4083800828901,63.7336115224271,17.7210846581075,14.2672160577762,26.7039739177249,41.4989410653894,17.8056642171882,7.57490595921576,13.0370367190181,69.4032487460091,67.884759857568,121.458226765861,27.5851513098804,18.8166481845497,63.1692224337591,77.6614395530022,39.2627808051731,25.418086974231,20.6928901291614,36.2148459861504,31.6902675448714,22.4163979518936,109.482266394353,11.4849515680694,24.0979821679608,25.2663080042661,39.5212468522056,23.76190144281,124.015962157475,62.7786921915449,137.575152632755,79.1173235250859,21.9033354354462,37.1707491968031,51.3258965130036,64.1270888302643,69.4177513295144,97.2909174538867,15.2313944915189,77.5720214687584,7.70760986346195,64.1035796545745,12.6438767885855,64.5320905486236,91.0413375437705,18.302389173732,139.827453336042,120.049247966114,18.4545852627858,9.79946834733699,65.7925976530672,15.5758803238235,128.162698752669,29.7456984136235,12.0910859633164,140.632300674091,69.9506918418415,23.13459900297,13.8606682061505,18.2161135291184,71.3646744048362,26.0075532508056,86.9608174327451,12.6176445610172,78.844249882301,136.028390182517,153.853931413365,60.2316559037461,138.721328395586,92.4472026409547,21.9002345102074,88.5262785857431,83.3491178394083,133.829769575547,86.0440206475525,72.9607075565541,19.8623569623988,21.8138037693814,127.14884951102,27.3669350503254,62.0642344787802,26.0075532508056,19.9398496620052,91.4725648594409,8.80422989231595,141.284863867542,80.5442416061033,112.808970606076,54.2143522940114,72.1258007580461,24.9367092710801,9.31677777866662,94.9287813352059,8.50506332889294,10.4675637620528,52.2550221494932,57.4563592393975,48.7234202699804,27.3669350503254,35.2558373887199,50.5149417051629,9.07905562965093,37.6220727785197,83.1961252722657,98.0273060114807,80.1174815295548,7.06936369174073,67.3219599615079,89.4695237642189,17.6253365521851,88.7723265874921,14.8514020835111,66.4748519937342,27.5851513098804,94.7481741793628,64.4317679942636,7.70760986346195,32.4090908072923,95.5036695291733,18.5311744995511,10.9001477971752,64.9282369325129,108.90466825487,135.594036446392,39.2387304309246,47.7126316713155,91.8618571602863,76.8633090697618,75.6139229894584,93.1098874025044,24.4751303414355,9.05031229968988,9.19156036648025,99.0299788606083,33.5433568776024,131.695632598459,113.130676748542,135.918847649509,16.1296670173962,13.7347374167069,8.10917949745545,45.754904720655,27.0384332155105,24.4751303414355,88.8788094006887,12.6176445610172,135.482735885615,20.6166028112668,7.22406811571191,75.7718274842347,9.01230982959114
11.7898315777918,19.4205115797121,43.208775472233,13.2954478843502,56.3322491072062,42.4258550994753,73.0380870573639,15.2383717731081,20.6120657715637,10.443054831497,66.182811227906,114.434273936839,46.0465464081673,81.9880192300417,11.8388336103676,88.1097621191347,89.2678571713586,77.6132713933573,159.143133538844,69.2483508218753,119.983900270017,102.923600521525,14.4840720641842,63.1308151574751,13.068068335769,24.1677825047813,72.865640275929,63.6940192336452,12.2440952738677,79.4327911590323,53.4935829514305,16.9420599213632,94.8807538130754,40.0212540264974,14.4283982624691,68.6638412839868,34.6890939577594,9.05011950816242,60.7958474236627,97.7790135813434,28.5654799940903,26.4196278453971,72.072154522879,13.4043682503073,72.072879485696,81.5469731284534,71.1524858604743,11.2930143531223,52.9379863137657,17.9024302157295,60.1304235197526,16.6760249981558,13.1414296357625,26.3230875326896,38.6729450795257,17.2037982971736,8.80029935699508,9.4810134191486,68.6078732614546,70.1962972271147,120.294963260828,28.1209218867896,16.0826995212965,60.0155725733792,78.7910752432994,42.1069024697775,25.909287802524,20.7796824153388,36.100418722298,33.6661897605373,20.9350054413121,109.43328358772,11.8388336103676,44.863797476381,47.5186871051959,43.4028388870144,22.7301305833904,115.820340455589,63.2808140503745,140.24719593846,79.4899044538442,22.0041534680655,32.4899002834656,145.19594235936,60.3871116590872,67.1236102903536,90.1172864644956,12.0396237048237,76.829288560664,6.44779973240941,68.7442495308618,12.3479692590114,86.0258119346346,93.3596150908919,16.1653708916963,142.543241786865,125.419298501305,21.4908263001495,11.006047504458,63.9843040447849,14.4224407255086,130.651929363645,47.6882150912342,11.9815919315694,142.860537899174,68.3136198613863,22.1914444880823,13.3243551748111,17.917337897293,76.5341965935319,26.4196278453971,76.998358225488,13.4043682503073,74.5191698871776,127.243586211082,146.425525166305,63.0514661704274,137.392727913024,91.3245938426046,20.6538166806202,80.1313456717191,75.4451342552887,123.961989442985,76.1865920833305,73.2667269946523,19.7349800338156,20.5247340010879,125.931084191358,27.1048288296408,63.2636167695974,26.4196278453971,19.6161560283207,90.3617913240027,9.01357872524794,144.028958767458,79.2231773386189,114.988987530904,60.8896029480478,52.4525396063607,25.5821513134151,8.8616880593367,96.5562570721055,8.3531531976674,9.26859495879022,45.6746365255759,55.2796574798987,50.3673048931685,27.1048288296408,33.4481177300551,44.7278175617649,10.9149428288996,31.457821758048,84.5778873307843,104.82894998407,74.8229004215981,13.1612057284536,69.8568340831997,80.9851430599875,19.1757099062566,87.1967865126651,14.5207402592231,59.977876905601,28.1209218867896,93.840725617613,65.5413628759912,6.44779973240941,28.4755701820473,97.3585825418224,19.835205519367,10.7112394135678,61.8093506487104,110.630199549086,133.437356293907,37.0560927116921,51.2201016496082,90.9823026118841,67.738949825711,74.5378200186003,90.758142060233,39.4045132574919,9.08207525665586,10.5135678999208,86.3789363315142,39.0620783894907,135.28805628911,111.699073733213,138.072402945634,15.0369417862223,15.593795746101,10.9149428288996,42.7743061352745,40.2448268824119,72.9210879110679,94.151162647139,13.4043682503073,138.114139380606,18.9459088741123,8.37299281390941,78.9453889527148,7.53067594680677
10.7924002874886,18.8453127234062,43.5467048129158,4.0120101623182,64.3434838520859,45.5123863209138,82.5462045055406,14.7547014048165,21.8575683164053,10.7490556798378,67.0429741669712,111.14190201508,45.8198223510123,86.0279230781235,13.8529925113124,92.2480359983667,75.3555720052079,80.5908352281434,136.921382745896,68.0040018000187,132.56536601178,112.582239314778,15.1340539665027,67.9604144045192,12.7480369591892,25.6016821944101,87.0572718475718,62.5079430201502,15.8614745700473,77.0801419798219,51.7455134150943,18.1469065656098,90.6899880061381,45.6865622384694,14.4300487835666,68.8503715825655,35.7703866460008,9.62975701327053,63.6977221337299,95.6473247856215,9.72488258873421,25.4583393307344,68.3553144441556,14.327721168946,69.5772609513858,82.3462636077726,79.1500068389411,3.98960994084555,48.748298416391,19.2914714157153,66.7686678101058,19.3745757625612,14.2090759073692,25.9563971291437,13.098675687408,17.3383466187186,8.00709476315772,11.5308366432264,67.9238594903677,67.038253762688,121.858409527818,28.1973144080608,18.4072643968549,31.8587402332396,78.1009557822292,37.74910443002,26.2768335694621,19.1475330914834,37.9812724801804,35.9852676905342,22.8996049565623,110.505904413934,13.8529925113124,13.5764276508217,14.3391525599126,37.1529469533164,24.1859385614238,126.689245426884,65.1078455781825,140.628187605166,76.230519053014,21.5629058003993,37.0976547297235,31.2223288291656,63.7631959261041,64.948228257944,99.56695054311,14.878135946369,78.1649257555421,8.65807862581609,67.5298340510263,13.5465019543176,51.2139052151784,92.6637827137865,18.525739644319,142.930470828435,117.696124107768,19.2864304880727,11.4024016599245,68.9488163148865,13.9040809001356,131.006854793658,14.2346442217624,12.4528758913746,137.662501231714,74.9443544559707,23.9761128201929,13.7391779213613,18.8002025279845,68.6133913970657,25.4583393307344,89.1200086788344,14.327721168946,81.0720626735121,141.326128293187,158.76456898051,65.0168414966322,139.178389936973,22.2689547453325,20.2692122707005,83.7272905319934,78.8307824118722,136.960596088941,88.1804483128537,67.5119595956495,19.6780903857651,23.8265468357531,127.567781839705,27.4571041228234,64.1610661600278,25.4583393307344,18.8721215868963,22.0341811228799,9.25856439126331,144.420223866825,83.1268454841994,116.620206263492,63.082383521036,63.7929342555052,23.8445932877219,10.2193880092079,96.7789008246092,9.05481047600537,10.5806339843218,52.1522651946622,61.5552385649876,49.8433191839505,27.4571041228234,35.0446453064175,51.7692010733071,3.98276934679902,39.4123582715893,81.8683542734504,103.880306516845,81.8444908534693,3.98276934679902,82.1599360160903,84.6194026185154,17.9176640661839,91.4571729849539,14.4412698879095,68.4841992025592,28.1973144080608,95.0603521770424,65.8771051096254,8.65807862581609,28.3003454806021,97.6230641835589,19.1651451933682,4.0581168850055,66.5378559374299,106.604876375584,134.489503963877,38.7995167149947,46.7320961227552,92.5639825899322,87.7516554739147,73.0077050804827,96.2154916858494,13.7889070549117,8.88686916185353,10.0014775483574,89.3945743808818,35.0553324035436,132.825999514062,110.379607861209,133.048584445229,16.8728741349332,14.7063379928546,4.00798858457927,48.1795268425902,13.7889070549117,13.7889070549117,87.3882799515993,14.327721168946,138.489336444663,16.4524316933542,7.72720680878888,76.2118007115537,7.91075962393097
9.13201838492263,18.7342168626651,44.1839995449452,4.0120101623182,60.1270968539511,41.4719094351035,76.4126114071888,16.1294756609842,20.174932908427,10.5025664835128,66.0677786047125,107.308271177848,45.9955817578701,85.8153273082901,11.0005051846299,82.2182027321496,82.1165262402075,79.8618944643825,138.247158204734,61.3366422296804,123.870421307375,106.754439553659,14.7509924651543,71.1796783747622,12.4216315451737,25.5015664689739,82.9462259156441,58.7868419249834,13.2053844167536,76.6257433266938,50.7059675150546,17.9354898158389,87.5683513740278,45.5469299281319,15.2977271224156,68.0754055194475,31.5922575254577,9.88643408076136,61.6961097368301,91.8432346437301,9.72488258873421,25.4111649340203,78.7215812933992,12.6937079547928,69.8921348812402,82.7224063410168,70.6355278388961,3.98960994084555,49.6141933900984,18.1166586736698,65.6604763186739,15.6798612740584,14.0824791206113,26.3042274067602,13.098675687408,17.5920888251538,7.76223736034598,14.4218203483436,64.8184937177682,63.9885646828526,120.085878078073,27.8799310557994,14.1614861878583,22.4629347478056,77.1942175562692,39.0118742698412,25.8149217185482,19.8549928989434,34.6036083834975,31.8813071075617,21.7142109449685,111.010675257258,11.0005051846299,13.5764276508217,14.3391525599126,37.1094876852977,24.8306044419755,120.131198982536,62.6635247080941,139.045304747648,83.4690780290226,23.4057673341594,38.837162241526,23.0188700862613,61.4970011543155,66.859208709543,93.0363675152503,12.9812927253642,78.5004296357397,7.72186027367416,61.5481446827503,12.149323788027,51.6259981558312,90.2766492837707,16.2876577385675,141.321673929718,119.533636445344,18.8479122911558,11.5340707344997,64.7499687407353,12.4338399397874,129.532267741079,14.2346442217624,11.8462700674249,137.407412108995,67.2146382468906,22.7384325959546,14.442731465587,18.7537426881272,70.9086225706868,25.4111649340203,79.5406024191842,12.6937079547928,77.4676874851907,130.835376753214,150.683237917184,57.4226054747751,137.15392503345,22.2689547453325,19.0625850112759,81.6080499315561,76.8354784483737,127.977368829041,78.7020343060614,70.0063800365797,19.9429018855348,20.1610053915074,125.712202843054,27.0577178123897,63.0331997925584,25.4111649340203,18.8540998623319,22.0341811228799,9.0018667326514,142.794658604762,82.9214189775815,114.57017785399,63.8108264673504,79.786945717164,24.0370526253365,8.82279102625308,95.2204700022502,7.25999955667317,10.5482962837884,54.5976827749532,55.1301362174842,48.9240832611957,27.0577178123897,33.9434160294425,46.2045897568305,3.98276934679902,34.3596562353802,84.8810503683701,102.529344345317,77.6078252199931,3.98276934679902,88.8324905117762,82.4775815650157,18.6760237013602,92.2763678962829,14.2746575694369,61.0759625240166,27.8799310557994,93.677620656825,64.6267659843811,7.72186027367416,30.0522226036174,96.5242384258922,18.5444192012169,4.0581168850055,69.6897337497339,106.407337146317,136.999487235749,37.9793818346294,46.9622228520176,92.961290909812,73.0571636717702,68.5980927333046,88.1445186959559,13.7889070549117,8.74609087540043,9.23020450801396,75.881313642985,34.2582745359704,131.325204801867,111.93359076217,132.80204492734,15.4357213482849,16.0662618241467,3.98276934679902,44.8129590735992,13.7889070549117,13.7889070549117,86.7351196117032,12.6937079547928,136.930528069611,17.6168994277367,7.58065276666622,76.55669944518,7.82846030769307
37.0097365200912,18.9325577145445,19.6060269373322,7.06936369174073,28.3185058450948,96.619767822381,77.2089020374215,64.2101168564354,20.7653427493985,42.129140568869,118.599609817108,109.048400755703,48.397255491539,44.8674391639766,56.692663699598,90.1691371913515,75.4169637102664,76.3392549731915,137.057230122034,62.5992721319527,121.581028836448,91.3553975511674,15.2647113999526,61.3614912040102,49.2395140960156,9.55395816103166,83.5484040511113,85.8580627031716,55.2599010104185,18.9325577145445,96.2816051561114,62.4971980890977,79.670141112177,45.7473448669722,15.8838236018931,120.555232053642,61.5710138701701,41.897703437523,62.9132393869172,86.8698343992212,38.369436347657,25.82785762256,20.9208362601715,13.3275358402133,65.638563932004,78.0921491301233,19.1136785891845,43.2639183097035,55.1438661705583,17.7217577195711,62.9257174516991,68.4382002695855,14.8914652871867,80.9015065464768,53.4757540088376,19.6060269373322,8.30844328034489,67.1168418117494,62.8478531723198,16.7359143679486,128.917833869508,119.275941584932,80.4803192643582,62.7579506040028,71.7804377901938,75.6219589865779,26.0964367326625,20.1297317090106,13.3511484998623,13.3275358402133,88.3236401978983,111.337306744542,12.6075703867291,7.06936369174073,7.06936369174073,62.5561574224357,9.31740035941582,116.145432579335,17.0893887951918,146.883011202646,111.411724976062,23.3859868323786,10.5903473048804,45.2626961581579,68.2598077739558,58.2566027571576,25.9264048875566,49.8847985816413,22.6553401411631,31.0857808050637,64.8656996392662,41.5426448179289,40.15719144952,99.1283819960175,17.8852850489263,148.3328851989,122.205754529066,31.8853891202166,51.2151562147502,17.7217577195711,41.2763888958089,132.060296350447,8.24817782961371,11.6043063395843,136.436114400303,67.0577414544508,95.0007638271959,14.1722352045364,75.4586795138461,82.2011063995259,25.82785762256,74.3972327725979,59.9301438863174,86.0354365280529,143.056017395291,145.535906965842,66.927722186711,145.926659572997,97.9762062248597,89.825563296472,85.1033960075741,76.6821554071335,113.692722954862,74.4047832064475,20.1297317090106,19.5614405513667,97.3746368527237,129.918041321721,129.073850261683,110.094895919886,25.82785762256,83.5053428563645,97.9861496439408,9.39474744955696,148.94789871116,79.4070157892101,119.6732057042,67.3478409614048,88.2585297449046,94.7730817043215,8.99047630005417,110.010595035828,35.9337224652317,10.4059252458787,54.6045848833642,57.4448455467147,57.2049571215892,28.1123587814899,57.8778390829256,36.9765286842307,9.09493178360583,8.94561659279621,96.9441631056204,90.5074745476896,20.8326176382952,20.0064712959946,81.1666020991446,85.0947599020142,57.1123753108849,113.275420905833,62.1473378383937,18.1957363708828,131.202185187203,91.124703428186,59.8482855774682,33.3388248544312,49.5175484749054,92.6272842258505,71.1337328127052,40.1361387857553,66.5940410590336,101.236785207849,133.344465614165,40.706400646464,45.2467308144055,53.1120097848702,72.6666733024782,93.1836069109374,25.8128494848359,22.9149633029022,36.0106357432596,39.0172126169117,92.1667636044156,34.6594335664647,126.202317428472,97.2932691959724,127.979918383288,48.0048336726585,13.8230465084921,37.2562599435905,12.5160517139825,29.0773092746506,22.9149633029022,85.49116364143,13.3275358402133,141.388104824334,72.5919358956512,23.122359672571,20.2497762926875,39.4657742711919
37.2230221523335,18.5829040756739,17.8169105177014,8.02902558276397,35.9616233154319,76.8065375269329,73.3589093462215,52.4942594004986,22.8031120583788,42.1563759759874,116.559324447685,116.877165426132,46.6657013345744,45.6553715142035,70.4222946314349,90.6096552154845,60.6161908473939,74.1079979006248,161.186292868202,75.034062613702,125.427871894148,98.3947892776528,17.222491198532,80.5147456052696,46.0334774448891,6.26995105356735,95.4097266294839,83.0526671045007,76.3239072370204,18.5829040756739,86.3863365780223,56.9227274090496,82.6487938501259,51.6126913063165,15.0977376840589,119.996761631529,57.2122890442094,52.9023731448471,64.3513546147529,90.3285281351799,35.4010705401215,25.1578872093302,20.3300369784318,15.0784014475306,64.6288494838659,77.692215716886,18.5212915971434,42.8975757259814,37.0704591029736,15.3158005188211,62.0963257460807,63.3053327396177,16.1715226380092,83.3188918096493,55.5450668542592,17.8169105177014,8.63141070910693,43.1895170396814,63.0876173568358,17.8897370460314,126.700042675192,118.723397457978,58.9779820759193,53.6312515294893,78.347191396054,69.1303154592485,26.8284599820115,19.1189312154926,16.1594237924631,15.0784014475306,95.1294198094852,110.767114867343,15.6608276701433,7.06936369174073,8.02902558276397,80.7194177480637,11.7646684689716,125.095020880455,18.5649602238937,146.202577712782,93.4229023446331,21.831719293481,7.9413789533367,68.5815169604649,74.0033977992737,58.7885381481873,26.7467204549384,48.2316613205252,23.4782518842744,34.9976555285269,70.9217169282617,56.1616435764351,45.2039428263306,105.521016729763,15.6532908837227,147.645735188078,120.607638571962,31.8853891202166,37.9693743208152,15.3158005188211,38.3402326183832,131.448528879299,8.02902558276397,14.4733837392495,132.896983850644,90.6555899633104,95.5156639585615,14.9523457050626,76.7838350342464,75.1446867107355,25.1578872093302,78.7485174415158,67.8032893072079,97.8597594985155,138.133337269792,142.976815106118,62.1897861693613,143.416263215076,93.3558179017725,86.890530383008,96.0183556899858,86.5170465383264,117.28997876192,78.7565094789819,19.1189312154926,19.7360269380523,104.424367279426,127.683043421293,126.853375095954,113.183134527847,25.1578872093302,80.921282859374,93.3652924064183,8.85783840727656,148.257899658867,80.8015093850366,123.030122581283,49.9296609081872,56.7941394651184,93.4390873682523,10.0438787971767,114.541688763098,22.755533805189,11.7400869719084,40.946315419571,59.0875809533773,57.6103835354088,27.6287380140159,59.200851576806,39.139181734315,9.74391963697063,12.376845532151,102.090728037815,125.933760342778,22.4378753480206,20.0064712959946,70.1041975425393,96.0086119583097,79.3547383597938,120.559750890976,64.1154854172869,17.4187414195564,130.594392903986,89.5570726452154,58.5202697119184,37.5342255450509,41.9408758837687,92.1981896304558,79.0746810618192,47.2472839760259,87.3805732143706,98.6107195151016,133.367682569474,48.3993394142153,56.0909989781611,55.0412015904173,100.365804696529,77.6360056739954,26.0695020362513,22.9149633029022,34.205687283863,25.9154567954063,98.580836849365,34.6594335664647,132.687832769538,95.8371384890178,124.660140178786,45.188935691472,17.6259140084473,36.8524169246648,10.2903326862033,28.0333647845692,22.9149633029022,91.0202849683972,15.0784014475306,140.733126411221,33.3806087546413,22.521912525469,19.9382750886777,42.8939809049697
43.076674732401,19.3221330704606,18.5385165233218,8.31200302563495,38.0795167424521,94.4441438742359,78.4911172378244,67.0248522289104,21.583809726696,47.4431967840628,114.655949618814,104.653480457493,46.7159819341943,45.6173015344483,58.5232189537505,94.8805565897728,71.0088310556277,74.927256028324,136.151153707975,64.7571093854193,128.300274219593,99.4437260992807,16.0506928675096,67.3857595351159,53.1958758051607,11.4700424725234,84.6651362448005,89.1280862225968,62.8091962859362,19.3221330704606,92.4951609982277,53.187543314233,80.0281573477649,44.0529319409866,15.5431979880944,119.014208894439,60.5692175645619,43.4881978093751,64.8059941289229,90.7455398635101,34.1718446121804,25.9114171911021,20.2869760798503,13.3434318706133,66.0346003779592,77.3408789391257,19.4429979369296,40.2219080380879,55.6829404446444,19.3239583183055,61.7739872398692,68.8533365365784,15.1829790196392,83.7718524520264,57.4807468770118,18.5385165233218,8.51223497737062,62.0348384221968,64.143170335671,18.2201324249012,124.631073305409,117.751271231045,78.7967899319564,65.7590303707794,75.7838389786378,65.1278676977817,26.0834568722361,20.7256889916547,14.3629558104429,13.3434318706133,96.1435461874247,110.266208040833,13.0146575247725,7.06936369174073,8.31200302563495,69.6025657160216,9.67110167514645,126.428595296002,18.2855270339821,145.005447549033,94.5886573785099,21.7409010185539,11.1180864128008,51.8149270213415,63.6086214041698,64.7216885206227,27.3592425433115,53.5963125041932,22.4139846909465,32.5687420975509,65.4170733097589,43.8511427222336,57.6838478617553,88.8313048308611,18.7070250942339,146.436788219374,122.534071772191,31.8853891202166,50.9677273043902,19.3239583183055,45.434098618091,130.372207234608,7.80264060953758,11.7509718384983,136.877519298048,70.7840967766377,97.7313561993713,14.0036459367173,76.7198084159465,70.7940240367194,25.9114171911021,85.3252887252042,60.0016238208316,87.6899004763509,144.873487935383,149.052875986504,65.8387691126103,141.074323548321,92.8997359538839,93.2466945842878,89.4853781057305,80.630527011625,119.976016583175,85.3339482266964,20.7256889916547,19.9838623475996,100.690597083845,125.598021977721,124.781901858965,110.040136858435,25.9114171911021,81.4473002181136,92.9091641716391,8.70966495743633,147.043940189258,80.7341326071361,119.613682577624,67.0224723764823,81.5757041647234,96.2121427792554,9.51602939477404,109.094646331856,36.3918880634473,10.0205054079684,57.3256453061352,56.2093104289174,59.5628451329633,27.1775699522712,59.619103011612,42.4079346564062,10.0356540909485,8.58899424652685,91.8415289238493,100.250731913485,22.6770741290173,20.0064712959946,80.0412862768408,89.4762973262594,65.8723243765578,114.584244014175,66.8191360522443,18.7608541654991,129.525065061703,88.0946355675475,60.1684372367984,34.9292686366276,47.1229930153619,91.4432560610457,74.1992021121997,41.0953544192109,73.1320238348836,101.564311486496,135.626359856646,46.2661830289101,48.801043140222,52.5461885279982,82.5939834029173,72.9444888293912,26.6748822831297,22.9149633029022,35.7100772139752,32.6474582016539,98.1777821384497,34.6594335664647,129.398416238125,97.4804345498503,128.393965375433,44.5991411678582,13.5856929151842,36.5040664605582,12.4604545612652,31.2355204112733,22.9149633029022,90.296802401764,13.3434318706133,139.580780992274,62.840777259346,22.6715856199782,20.3719552215661,39.579713342958
41.28850600917,19.108660159502,17.8056642171882,7.06936369174073,30.8489187429878,88.080130031288,78.3177054942811,65.0470483725381,20.623735507983,41.9470054572246,115.454837642291,107.29823457688,46.0471653966355,45.2357062992708,51.6445656761987,92.2600084378393,74.7310276281013,74.0410914100195,143.295728075879,62.8594703737043,127.653977973228,98.3006063911997,16.001490900489,65.3533735952696,48.9509035382818,11.1065369475098,83.318889363167,88.7489079631941,58.9034097253265,19.108660159502,93.9685673478474,50.0679879776877,89.0417007642972,46.0183249470587,14.9108597736489,116.375442115225,57.2545494732015,42.5430904374963,66.2137531894858,91.5733856333629,35.8340951417341,26.0075532508056,19.998440796003,12.6176445610172,64.7659916202252,76.3829358426915,20.1394295737408,39.2319225134702,52.2437297481959,18.4083800828901,65.6863868037023,68.0337321632942,14.2672160577762,82.5201241160389,54.5321889332763,17.8056642171882,7.57490595921576,55.2728687488919,64.979139066097,18.1962524207256,125.499464977605,115.140506133154,78.5407472070864,64.8240641385056,76.5336844502022,67.8372895455541,25.418086974231,20.6928901291614,14.4191289593317,12.6176445610172,95.0383625145812,108.900452256679,11.4849515680694,7.06936369174073,7.06936369174073,68.2838609730148,9.46092443286487,124.975280696712,17.5651071426399,141.790406577439,91.1370344509208,21.9033354354462,10.4001559991397,50.7685458087885,66.2607676158795,67.8150232380678,27.2214238530031,50.6380599567676,22.2567394555794,31.5621638802456,63.1727040555734,43.6700579770745,64.6461712413313,90.2845189939985,18.302389173732,143.190011757995,120.977882209576,31.8853891202166,41.5466136550143,18.4083800828901,44.3994102224995,127.48161246799,8.3226706614688,12.0910859633164,137.385359732642,70.4917915063439,98.0833054174075,13.8606682061505,76.0780362735687,73.7391669102262,26.0075532508056,86.7008102563951,56.7379644004821,84.3232510118296,140.196251873622,147.65645576811,62.2357232763422,142.057286821291,92.1707915304138,92.8499944996566,89.2110686625975,80.3833613245342,119.371652721575,86.7096093569551,20.6928901291614,19.8623569623988,92.4835557838264,126.473151056185,125.651344458962,107.233093490043,26.0075532508056,83.2770724364802,92.1801457689839,8.80422989231595,143.783702037355,80.0587800702086,116.562425063464,54.6337243840521,72.6837258559191,97.8850989999338,9.31677777866662,109.3506103273,31.5861844145867,10.4675637620528,53.6239449667103,55.787862445701,56.1256098394675,27.3669350503254,60.9141889612274,43.0915892690626,9.07905562965093,8.76612705058812,90.9019700102363,96.9225492790865,22.4163979518936,20.0064712959946,67.8427252175711,89.2020157194457,67.6661417409729,115.282513898529,66.782537631062,18.5992708162584,126.6532530156,88.7084523779389,58.9884418423728,33.8497353574262,45.7986974430872,89.4157886811542,71.1437808067199,44.6354002327276,70.926327883396,101.941133512123,136.432274199371,51.5621316213699,49.5270493482151,52.1775509164062,77.4578808982181,75.7475942937607,26.0515963485521,22.9149633029022,37.0604435136671,28.8838008146619,98.7338856782108,34.6594335664647,128.655022871928,98.5108467162159,128.870330285536,45.9779921114531,13.7347374167069,35.6133204478829,11.1164197788341,25.3148684504638,22.9149633029022,92.7094182505199,12.6176445610172,136.486014986428,58.3454877058344,20.4442885809023,19.9805840213419,38.2093131339174
49.2107931488986,19.4205115797121,17.2037982971736,13.2954478843502,30.5707316042496,73.3023733311736,68.3822746308408,63.6050104960779,20.6120657715637,43.5893428811522,114.349071465022,112.772524719849,47.2560863664936,44.4937628156058,53.2358727241019,91.0414082248359,86.5418497496271,72.6658138684566,157.050098885181,66.738358326659,118.241562546661,91.8043895411038,14.4840720641842,62.2140654893315,50.1701491866965,9.62252808505083,76.6539836504818,83.6979017198515,51.9110504639578,19.4205115797121,92.4249276563516,47.9464418993999,93.5029496558762,40.7473242400995,14.4283982624691,118.635735599198,59.9349832749343,40.6958173525243,62.818686948543,94.2998076333506,49.354750163583,26.4196278453971,19.318667679689,13.4043682503073,67.4785942101074,76.3487618097669,19.0721539826581,47.1370765300729,53.3474851461515,17.9024302157295,61.97279839695,64.0216013952554,13.1414296357625,81.3431160847976,50.8186544895185,17.2037982971736,8.80029935699508,40.1964665450873,64.2344647870907,18.815851245918,124.297496602165,117.376814163645,67.1292371054079,61.587798233317,77.6469162157026,72.7512946391295,25.909287802524,20.7796824153388,14.3735691501148,13.4043682503073,88.75773175717,108.851729756033,11.8388336103676,13.1612057284536,13.2954478843502,74.9903824511967,9.05011950816242,116.71626222152,17.7055978719162,144.544320343538,91.5662188498247,22.0041534680655,9.09048213033055,143.619251717383,62.396351458084,65.573849692362,25.2142842881016,40.0267478700821,22.0436366833744,26.4033228752321,67.7459847724075,42.6480376593804,86.1778895154601,92.5835249058548,16.1653708916963,145.971109252999,126.389472470343,37.1313334511541,46.6621236304838,17.9024302157295,41.1115037396711,129.957614730585,13.3428808131751,11.9815919315694,139.562151062019,68.8420560471429,94.0846317283733,13.3243551748111,74.8302254647848,79.0806928500196,26.4196278453971,76.7681381528526,60.2756374154491,79.6976149430045,131.142284620262,140.527277278028,65.149356129628,140.696736270016,91.0515392592034,87.5655812862953,80.7511972145334,72.7606199588773,110.569924773802,76.7759292053861,20.7796824153388,19.7349800338156,87.0183119829013,125.261857223666,124.447921461117,109.305357401805,26.4196278453971,81.925193729444,91.0607799069864,9.01357872524794,146.57633043824,78.7456782079256,118.81497694894,61.3606110661858,52.8582832928917,100.41867941449,8.8616880593367,111.22533643902,31.0220191363537,9.26859495879022,46.8711732322121,53.674370746057,58.0192377184405,27.1048288296408,57.7908543581452,38.1549038405829,10.9149428288996,7.32982639976314,92.4117145180927,103.647539487783,20.9350054413121,37.246532518141,70.3972077162595,80.7430027605404,73.6182427302173,113.236468384616,65.2956453094149,16.7814555744575,129.113166527523,87.8588491193788,60.0042959029848,28.3169904089709,40.2400681661065,91.1524602748073,76.1501389866179,43.8618326200189,67.5193179036559,103.556331637802,134.262261523035,48.6940099435049,53.1679015212618,51.6779637792451,68.2629406835472,74.6695889736791,25.3935918972462,36.8926727934716,37.1905107680872,33.0381120250449,86.1206689417321,40.3617776195977,132.164504112629,97.2642491597014,130.912205912789,42.8631533485254,15.593795746101,47.9354732199352,10.3922660455987,37.6794206313522,68.2727335944319,98.2090058978524,13.4043682503073,139.136904596126,53.61738320371,23.695773438387,20.8174334635842,31.9276590355143
45.0475118854233,18.8453127234062,17.3383466187186,4.0120101623182,34.9183177753301,78.635207834137,77.2842971886448,61.5861688960769,21.8575683164053,44.8665913602104,115.8352403292,109.527962744139,47.0234067746019,46.6861626967405,62.2929733157443,95.3173734813976,73.0544094696191,75.4535729142445,135.120606347053,65.5391122808187,130.640327423327,100.419570449268,15.1340539665027,66.9735320524249,48.9415037974249,10.1934426913814,91.5834495873335,82.1393238259805,67.247582481316,18.8453127234062,89.4046551017756,51.356187225186,89.3730397582629,46.5154131280808,14.4300487835666,118.958018168446,61.8032148079911,43.30228260608,65.8171147474893,92.2439693096849,16.802418535815,25.4583393307344,18.3223827930396,14.327721168946,65.1420588644735,77.0971015222199,21.215859149614,16.652644123735,49.1253881523697,19.2914714157153,68.8144361409554,74.3817166746898,14.2090759073692,80.2099762118334,17.2124743191864,17.3383466187186,8.00709476315772,48.8870618440639,63.5940534697871,17.969349672444,125.912962884303,117.695676781621,76.8319780222315,32.6933424329728,76.966818275586,65.2219958645219,26.2768335694621,19.1475330914834,15.1224408393364,14.327721168946,97.0870057701946,109.918650426582,13.8529925113124,3.98276934679902,4.0120101623182,64.1919692965474,9.62975701327053,127.669242999339,18.2167904982458,144.936985459956,87.8116590855512,21.5629058003993,10.379704599135,30.8832838607887,65.8847670270574,63.4486932265574,27.8582444632576,49.4636220286118,22.4268538342327,35.4542719879336,66.5492043410876,46.7875902006304,51.3044418417396,91.893476921474,18.525739644319,146.367650344842,118.606555893231,33.3226313187478,48.3425385656673,19.2914714157153,39.633906964971,130.310654004604,3.98276934679902,12.4528758913746,134.484127492473,75.5240823183364,101.651055035071,13.7391779213613,78.5174338965412,70.8963413999971,25.4583393307344,88.8535456613865,64.4276932744852,86.7058777408695,145.656310803433,152.369285216571,67.1801247196748,142.525339738825,22.2023720220493,85.9349815167384,84.3749583051584,76.025798837108,122.164244657388,88.8625632389739,19.1475330914834,19.6780903857651,101.016943065809,126.889857081382,126.065342780921,110.855948900996,25.4583393307344,78.8177976796231,22.2046252986163,9.25856439126331,146.974515657272,82.625817908818,120.500470666841,63.5703537706573,64.2864009305929,93.5981708415981,10.2193880092079,111.481804813304,33.6278405550056,10.5806339843218,53.5184960918627,59.7677128752206,57.4156467284388,27.4571041228234,60.5492963544616,44.1615307102386,3.98276934679902,9.18327233073956,89.4512173565547,102.709587125922,22.8996049565623,11.271334180811,82.7954796060574,84.3663961198554,68.7884281119854,118.769139224562,64.9382896178134,19.1614742929108,129.46391179683,89.000730591007,60.3116739532739,38.0239367818788,39.9924505104999,91.4000825358591,73.5776833140812,16.6177261743507,72.68464399829,99.7883939209444,135.320913534359,50.9849774886551,48.5092259584728,52.5763582831148,88.4304534970111,73.1367690779105,26.920526077339,12.909933256433,36.3911544353567,31.4289058485169,89.1272904298799,36.2217165391171,129.759291696271,96.1152973103887,126.148913987954,48.096521337781,14.7063379928546,17.6020005302469,11.7054958019847,12.909933256433,12.909933256433,91.1546481197977,14.327721168946,139.514880075976,46.5607820979645,21.8681833272865,20.0966023665167,33.5390923429495
38.1170727340056,18.7342168626651,17.5920888251538,4.0120101623182,32.6301429322785,71.654168926961,71.5416899459893,67.3244808558625,20.174932908427,43.8377446991068,114.150320861862,105.750001706023,47.2037829886304,46.5707899160903,49.4661478641726,84.9538209889729,79.6089018043715,74.7710984751486,136.428945339004,59.1134194402413,122.071645743602,95.2213690967471,14.7509924651543,70.1460477085676,47.6883875834789,10.1535810954913,87.2586670635125,77.2495656116271,55.9866091794564,18.7342168626651,87.6085526665758,50.7578726780471,86.2967337517657,46.3732475922396,15.2977271224156,117.619050420018,54.5843436761824,44.4564864867877,63.7489033830362,88.5752375904612,16.802418535815,25.4111649340203,21.1010213069741,12.6937079547928,65.4368611575358,77.449267039163,18.9335853455841,16.652644123735,49.9979812082181,18.1166586736698,67.6722900547704,60.1971889902831,14.0824791206113,81.2848348740184,17.2124743191864,17.5920888251538,7.76223736034598,61.1439087282202,60.6866392199543,17.151892080816,124.081454599336,116.370917696304,59.1100867619184,23.0513953904967,76.0732471846561,67.4037792608231,25.8149217185482,19.8549928989434,13.7776063421802,12.6937079547928,92.0613140404957,110.420738800657,11.0005051846299,3.98276934679902,4.0120101623182,64.1168814171979,9.88643408076136,121.060467153502,17.532883961246,143.305603632374,96.1499188923602,23.4057673341594,10.8664085229283,22.7689069229376,63.54316992847,65.3155526573322,26.0310259184961,43.1574062184106,22.5231156346411,31.6205183883806,60.6543776519902,41.9619459345226,51.7172632858041,89.5261875195598,16.2876577385675,144.720165238395,120.458282204725,32.5649701117422,48.9007733573719,18.1166586736698,35.4429508092164,128.843903249379,3.98276934679902,11.8462700674249,134.234927908021,67.7345733218328,96.4036864756477,14.442731465587,78.3233983589237,73.2679410187257,25.4111649340203,79.3027812021034,57.079999881617,82.8510292998056,134.844126352319,144.613482737312,59.333208269182,140.452190679588,22.2023720220493,80.8192676028764,82.2393244375825,74.1014924544153,114.151508117612,79.3108294907459,19.8549928989434,19.9429018855348,85.4762189343918,125.044139061576,124.231618004207,108.907248483713,25.4111649340203,78.7425314921932,22.2046252986163,9.0018667326514,145.320199795795,82.4216295623147,118.382232360289,64.3044315466421,80.4041331733916,94.3536394606155,8.82279102625308,109.686613100307,26.9622548332918,10.5482962837884,56.0279761830011,53.5291914877344,56.356758077661,27.0577178123897,58.6466188622868,39.4146590481641,3.98276934679902,8.00596803230487,92.7429573164881,101.373850146383,21.7142109449685,11.271334180811,89.5196492738584,82.23097897171,71.6998772302784,119.832971303558,64.1890813366271,17.0886934423699,128.00669180317,87.7061412833494,59.1669660076642,33.9123193001741,42.4681043568704,90.3713014196014,71.1946290760614,16.6177261743507,76.1276932743119,99.6034856588174,137.846413438032,49.9072692604769,48.74810395529,52.8020294782211,73.6222932753726,68.719361359052,24.6623155227087,12.909933256433,35.8146764575498,29.0052371804376,75.6544334608467,35.3981384365859,128.293147571263,97.4684596511076,125.91515958488,43.9998837930505,16.0662618241467,17.4912444670963,10.8875686144519,12.909933256433,12.909933256433,90.4733370677663,12.6937079547928,137.944528386164,49.8562541261267,21.4534318213674,20.187550128434,33.1901695468738
47.3618829061981,80.0740514412358,64.3701411863018,31.2827510178056,63.9904646697221,90.0449616076386,85.044041240152,68.198889960084,93.2618554122863,50.854956525068,124.096699115107,97.0177338783977,43.722034500105,82.1604911208126,46.5465519004343,101.662161988346,54.4065779160003,85.4239286960105,128.283038836108,60.2843136453637,128.929158286089,102.382853746616,70.8010447068186,64.7340144637868,60.6812041932029,34.1489391911848,77.8680996258825,106.204425609224,71.1573601374467,19.9678690136821,99.7282791462714,66.8353795006007,75.2194631343086,47.6381426327947,65.1103260995575,128.910463308395,71.0322212922513,31.9157180694953,71.3712707354633,82.2181573534985,41.5780743038984,104.858269264296,102.324299044275,46.2353085690563,81.8795540097713,90.3923944098755,94.8269890455342,41.792512039156,38.2812613573686,77.3124103910306,55.084100016225,87.5181743923919,14.4423340692457,100.852431241128,71.7654733808094,59.2118784887044,22.0001218704867,51.904851078699,73.5136147049315,88.41955491939,129.81273343105,123.411730659076,84.1501791376911,75.605476429951,82.6662890011503,74.7869083887164,25.6066592238285,82.5048718329963,48.8803094729791,50.2631130162529,104.542442641213,98.4316347791798,44.1487743155078,7.80090258289962,32.4424062201975,86.3759130562949,32.5437620676498,118.963483465617,80.3748001104907,132.948483489182,19.1407671023076,21.5431340783744,45.2760453757719,52.3091846980527,72.892155351995,70.6868831764587,109.073968129259,60.3540289299069,74.5657814426893,35.8297733112741,73.8567365008588,15.6251713113108,44.697800424201,87.1238689994805,44.2661427582768,139.725819319767,117.420061888957,39.8920650378615,62.0820425218209,80.1783903960623,14.0790015707424,109.757001710271,29.4000811019638,12.2030386552251,132.292900752232,71.459600643384,109.398417736969,63.9750848775937,80.8127288985145,78.231677973898,73.1662091744582,98.4574977341362,49.2931131006685,17.6704879164008,130.047824264817,145.349102159029,74.3040457431782,134.508188968767,87.9443793114735,104.904754828144,89.7844394357669,75.3569705407925,121.494724246209,98.5730025314687,82.6747000802819,19.814511481107,111.050762430097,105.658464545514,115.290952005708,120.129941728868,26.1482483774091,87.7435398340256,88.0475507097183,37.9397965413016,138.160015375109,75.3336171984988,125.663262713155,70.6459104308784,59.064832780671,25.1375500095503,9.22432298222208,23.1518688211735,9.21624842518852,11.8524714087919,59.353827334365,63.0963123508003,12.8304853526078,26.4522053312453,68.2285849456057,75.70864308747,10.4496632019615,10.0439334448254,89.2093435431258,96.6697138676999,91.9159592799308,26.4428193924435,75.3012815278322,89.6792328050026,69.702486261967,107.196056936509,46.8235717898902,77.4757065989711,119.76313749116,97.0289848519322,63.1074964517999,38.0579634721211,46.00229754664,100.792780797528,92.7500756838334,48.2759039166745,63.1248025498056,26.1482483774091,127.381148460354,49.4485444971892,45.2571357615678,93.6195650140647,80.973116968581,68.8249582271216,114.874349527485,25.9310395473336,39.3518649084599,10.9050888881593,76.5953453832783,41.7295386718598,127.097461243958,116.30500228446,119.518455127657,14.5732809157244,13.830955241489,40.6457256230973,13.0263509050551,36.4636092470555,25.9310395473336,82.6574926755025,14.7813808389515,124.633091896479,71.1275424251679,30.5037643663884,22.3221419702829,47.3664434887618
43.8066523221155,76.5423716256147,63.7636402681686,28.3491739414644,53.5927441642201,97.1640365359399,87.4184889803466,70.3813737976936,83.9665534006416,44.6542803861239,127.65292419406,105.554086322554,42.6730892222832,84.1318775383041,41.7677158763402,103.252363760567,70.5795411339604,83.9833355783363,130.300297635785,58.0053681539927,130.950214214213,101.109243325172,70.0006680100626,63.6330159785127,59.1991915382784,32.7377068062452,73.1134979427649,106.723346102289,63.3663568365111,19.0871827153457,105.10725333546,65.2768489995265,89.2716739455651,42.6385884699121,57.6931071353676,132.608752611622,68.0199732212646,31.4946387763339,67.2009255338623,81.4968838641794,39.4650415378311,103.091799570729,97.7510123792678,41.3040052259003,76.3082970816366,87.5391224995268,98.1195095920022,40.4229061439074,44.4093458217884,73.6377920053783,57.5964416887303,82.0359976260649,14.4227334391109,100.267270001622,68.4398252059166,58.6539791582703,22.9413888446176,78.6534502665117,73.1984387451663,87.8847797431757,133.532762259268,126.95226780149,90.1014466358455,70.6325010291155,79.9526801775245,81.2933904293997,25.6771691741904,81.3087840080104,48.8839630433814,44.9022175247851,103.241967614793,95.3246010465447,39.6161130440597,7.06936369174073,29.4000811019638,67.9455464902244,32.1143966904266,117.483615237993,74.2312340226542,136.762618833588,21.8388224425724,22.8619348472917,48.0140312659796,51.7369488347841,74.0758888913331,65.2505056346252,110.783779880318,60.2322088438387,74.9407907174258,34.9160176657161,66.8585514960053,13.8689981492899,56.2545083905618,86.3132513602324,39.433974184969,143.734388443738,119.475522945193,35.4571718683378,61.5881148684762,76.3675534813778,14.9706828303491,112.905800767865,39.9894519339867,10.9903509512639,130.064260116711,63.4279810010574,109.113188893268,57.6112454030892,82.7517766565992,85.0378559362763,71.9336321730765,85.1347554640375,44.0356745553015,17.3436648127046,133.913614649403,144.446290903462,71.1530501191569,138.362774935567,86.7503401933939,105.417325060391,88.769463267643,74.5050909758972,123.399240151981,85.2346307696479,81.4761502249407,19.8727123866561,115.060578784625,108.686307220619,118.594831785127,120.460728972695,25.7077481801178,88.5216669409201,86.8521108121194,42.1843974235922,142.123663428821,77.1411973102978,126.009286391556,70.0838482412323,89.5032504875221,24.2117733211538,9.42809683540264,23.6210640463205,8.04951723708486,10.6085716785057,62.9431412954796,63.9357752270898,11.9449760884664,27.2102431893299,64.2418722402293,65.464154219828,9.92661282179759,8.99786591975942,87.4945646903146,82.9243695531075,90.7725537256605,23.9631126441672,75.3939903262948,88.6654459545782,72.9141277844221,105.0158921793,48.4564181741861,78.1365912308158,123.199000794551,99.8095335029139,60.3067275649417,37.0873829808918,48.596600222656,103.684406919252,88.2608644055166,50.5024342289616,62.0511735996121,25.7077481801178,127.711237338052,57.7192256663044,43.321040654575,94.0904003556624,72.1073886676618,78.9699854834643,109.111769583179,25.9310395473336,42.7748199505311,11.3438593928567,106.520386358846,37.090369307036,124.380264098401,116.527736414735,117.505016127698,16.8888599455413,13.3548014777065,34.5800791179193,12.8275946516108,35.520697308184,25.9310395473336,77.1736544104841,13.2048482061323,128.208668453722,72.681108464654,25.7045701884283,20.8032965197092,41.8281797679705
40.6915175844967,75.1967200425445,63.1020321616464,31.498122823489,54.8073043166183,88.82924191973,84.0968097424453,70.5826889603305,86.075865454019,50.3651676063593,125.753840592103,104.221252885645,41.9406401901956,85.9512382359888,42.1835348469533,102.715528612445,61.3502948544642,85.9053232687102,128.169932194534,57.3071613338588,127.846194746683,97.0951033765534,70.1151695418771,64.2620753550675,56.1541257773374,41.7284732860197,75.4998984160615,101.022251342199,65.3962456125941,18.7516208939419,103.779660549483,70.0277195656763,84.2578890693168,45.2212382232669,61.8573423363267,129.804339542211,65.8156379419294,32.6388731500518,70.8735582973786,78.4897381520573,38.3155755384411,100.78484432964,95.5977715512704,46.5443288061049,75.5967768178681,86.6824044770239,95.6737439076068,43.0205456515893,49.697348387958,71.9082496323781,61.4419826442975,82.9663514062622,14.3798143268625,95.7558973896563,70.4787973180092,58.0453886209721,22.2680106001452,74.109950629168,71.0122774486825,81.6560001856477,131.546204718721,124.267478208026,88.9971750953425,78.0905946586706,77.2938888213583,79.850583868662,25.757497197012,80.5612853059047,49.9157251540896,50.5990536551238,99.1431563395103,94.391688979658,40.0105117081964,8.16727180299591,32.665761883655,67.0131783117885,33.2811475411146,112.819396045705,74.0433535587358,133.870359702042,22.2123043811176,22.5713754358779,42.8396858980099,53.717216779848,74.229983056435,66.2795866741117,108.157781813049,63.5846415515933,72.8025057269098,39.1062588511935,66.930425189573,14.2690402860513,45.8951454437654,87.4644733754555,42.5248131994904,140.694690161861,115.599671825788,35.4571718683378,56.1053422019761,74.5738967723506,16.1534645014726,110.518066194921,35.6337681384642,12.1646691471444,127.153723800495,65.2575194274811,107.919058312556,60.9890046969558,84.5412925276084,83.5285920735213,70.3239244131648,88.7429946336281,49.6225706076403,18.1466759308371,132.214268528867,144.893335648135,68.8471806637287,136.304361635124,88.2292241525271,99.7859971319316,88.9146653037298,74.6269604849637,120.474207566059,88.8471029224404,80.7271128695214,19.3413624264292,111.635921686198,107.069388649399,116.830504788765,120.83757628481,25.1324684328666,85.9769608110204,88.3327297147146,42.5418169541629,139.118028798053,78.8093838130274,126.403491717086,63.8447579829777,84.3330006796217,24.0127210400855,10.0403640092317,23.2345145458489,7.84297753026722,11.251140441031,56.159925160106,64.6823868145503,12.7802172369709,26.8054383094388,67.7527882418282,68.2387005748696,9.35280913593923,11.3961296382644,87.5493608156589,96.7630231674696,87.1687908829649,27.6847058299429,65.3974647119566,88.8104778474076,83.0145349757491,105.395245752684,49.2039579307579,76.2540587552843,120.593585381449,98.3246740718346,58.9789080527774,41.5382078463145,48.4262455093101,101.491686603798,86.9557410930053,52.5858619737871,62.6645952955481,25.1324684328666,128.635222342421,53.2835119177268,46.7973410036094,91.405719704363,74.4172891611805,71.3634314526292,107.772054186644,25.9310395473336,43.7732667511715,11.4779609400986,79.7422902234166,37.090369307036,121.396903355406,114.871619532718,114.875526547161,16.267879630567,13.9534142119197,39.9505411576309,11.9295525952855,35.8431893700083,25.9310395473336,77.1276829795848,14.880174292529,125.497308469239,77.8653119327217,26.4804486671588,20.6093206665838,45.6065736607747
43.1330900981876,75.4028913259406,63.362116700042,49.6926161830688,66.1161195677214,104.995808097811,90.8491489170267,70.9661435618854,94.387221122419,54.9374207717383,124.700660528024,102.921550310159,41.1106555648082,86.8433954701266,46.5025168579173,99.8893710387764,67.1974253690421,86.058143019739,120.601305676576,52.4271165748165,129.404579021872,96.8307328562965,71.0359099379629,77.4798843159416,58.6833546437579,41.4968690548368,79.2148588994326,103.808769276984,70.6643047857204,18.803033319155,99.4356901977482,68.2825081687239,99.300702645176,47.2245378285061,58.0605330716917,128.683545959215,66.7004838982164,33.4604223761567,76.5295943924012,80.1372042964071,57.46802835996,98.9679843795526,101.988946243716,43.3702397588693,67.9883757270446,87.525113083333,95.7523624852499,50.2691042094776,43.5202247752337,76.0600462911507,56.0155779153524,89.7268385126151,16.113371390913,96.4956914533793,69.1169725680927,58.2846314407089,19.8475550131154,68.2985464361506,71.4174096753464,81.802958509034,130.444513989733,123.194492569473,92.8068137916426,82.8890291429353,75.2605711303216,70.1416322525758,26.252934343961,80.7771648493769,51.5299900427323,47.1484527736229,98.87320938122,95.309345673045,44.1070076738409,14.2079057522665,51.5347272187753,77.0783045480383,34.1188633801568,112.512211425776,75.6158291169168,132.71445813021,22.393558867504,22.0945566930022,48.1353074717341,119.932315703216,71.6115407113102,69.8765973780793,109.476173703795,64.4000660498954,74.3041118250252,35.3955731973898,64.9714714442002,13.5886620495113,43.7942939017044,88.4119606023104,41.1012935100492,139.479864013126,112.064530538993,32.2961844476058,54.7519224085011,78.8796010139913,18.1486570472056,109.563799643946,55.8256212016331,11.6112730105408,124.861509035327,62.1459018905645,111.294650296498,60.4408274827551,85.4188147979075,73.3724351650695,69.056186960683,102.67851191554,46.2385609570224,18.8558808828771,132.66894630276,146.278992813114,69.7727836255325,135.162821657934,87.1819742410934,102.538415207694,90.0822774579113,75.6069489468695,121.942730825658,102.798968569245,80.9434367800192,19.8942524129891,116.382471641477,106.17268962957,115.852057069472,123.161848071811,24.6794025414002,89.146959675632,87.2842512286008,41.4330135980308,137.916816307732,79.6274099791391,128.834822091373,62.3046415560479,77.7199460277353,23.7996936354565,8.51040046179209,22.905226593896,8.47993427092454,11.7495656520508,63.1021261828825,65.1666332624353,12.5171078360023,26.5809445436543,73.1597725253924,78.9543812331824,11.9514722624885,8.99437212243418,82.8358171879411,84.0417252426193,86.9314477235831,48.1607200909816,69.8360563098708,89.9767218297594,84.6829110743987,107.246168734969,49.4988273530332,77.0387502016896,119.552321914274,97.5012114558868,58.5240595764461,37.5967612219634,48.5204476860843,100.615358189246,89.7718044794308,58.9014025321426,75.553824979627,24.6794025414002,132.389581801742,70.5972373524809,42.987297396827,93.2910309960589,80.4120474096456,83.4992090199985,110.18799233183,40.9410691545256,40.1996844658162,10.9042872234446,105.237835341669,33.7837832305944,119.627761697235,116.170892303666,112.80465225235,16.4427719197004,14.6808590856297,51.3469097166963,12.2420543379678,49.4574466258493,73.9183687882079,77.9454947842481,13.8654212720347,124.413703880119,78.8240367747306,24.8861108350314,18.5351055420613,38.6617034202808
37.2913393057767,72.7766159235879,62.7696004957653,50.3243875450016,61.5483693838958,94.5610845988373,81.8090567648144,66.755369661114,88.8345112117754,46.5036549190654,130.446591182019,122.819835826107,42.6161195283426,86.5968547981328,39.9857796013824,93.2764083393421,64.2388670518075,85.4023855867518,160.696289883115,61.5147630262744,131.416593087455,100.104829501987,66.327708666988,66.2477828988417,62.8306200211211,35.2609321959718,83.8801973113093,96.6599774249576,68.5169022847217,18.1481254896627,107.683971422622,61.0073413631485,87.1184540551992,39.0239065963467,56.5092513775232,131.690035922307,58.6574597600081,33.2485556811381,72.5648863933616,81.8323626283671,53.4282405122369,100.301574555371,88.9605616180922,44.2912840697052,67.6143862862127,85.2083472903699,97.5472871155649,56.7589485050058,44.7783744031339,75.7328555413727,59.0052808471001,82.4369155625331,15.1996452229031,100.872125802689,68.0730766976522,57.7395961674651,21.6453156142584,72.2412467095482,68.7062789891805,81.4079425613838,136.455108708359,126.072739377622,76.1195503247292,77.0440513919975,82.1025969831398,69.8141051732,25.6519229189688,85.7699004665758,51.9145834972293,48.1497341691905,102.216367422419,92.7865333735079,37.9259706116834,16.9330692477165,52.1899184182464,80.6629074927787,33.9028275291779,116.316539278743,73.3651048490113,135.815124057245,21.1730060834152,22.9624579608032,39.7270711349286,121.748941140726,66.4263271950803,59.7797584018505,111.178336046141,57.5569409585873,73.8095073007362,38.5690354424958,63.4684815817209,15.9146526112159,46.9363865596351,80.0529428541577,38.7025999536555,142.738593076607,115.012179961784,34.617772616398,42.8967285948619,78.5402812652344,14.0713121164708,112.123586611988,52.3082008800105,11.5440219249647,126.544013562738,72.7835040856438,108.282372649922,62.3671658629886,85.1763183836761,73.029821817981,69.9867166980275,70.2054207514907,47.2205191787775,18.6713310448071,131.83828652772,143.340829825559,61.3592886987716,141.390825559086,82.4132877210557,95.4771063003459,84.1116987239999,70.5957829966189,123.838726249246,70.2877818015089,85.9464494574715,19.3766450568804,103.574525257385,111.064892360305,121.190263645324,120.342289814266,25.0119566393805,87.1502099508926,82.509970353814,40.3191745911106,141.139027204084,79.4013548478409,125.885391791535,48.8140905645163,82.2065195851749,23.9597861245167,9.61494110417043,24.3381378113253,6.20884242928006,9.70923112510594,52.0794981335622,67.0113463850662,12.7979379407855,27.8057356828414,69.369642215122,53.9842801696295,12.0930488881076,11.0567974962709,87.2088281392864,110.21346856151,89.8708240248985,57.3982416930369,65.561156952281,84.0131392354491,81.8211547239769,102.861096239343,47.5919593657514,75.0886733992875,122.345475096528,101.993851649882,60.3819590267349,40.9675754650554,44.2982764102885,102.966078806043,88.4840695570802,59.4964875470402,64.6009404714298,25.0119566393805,124.840492053253,56.5646262145488,44.7583694087991,92.6700402477287,77.9684228350953,57.9988877145487,105.009070102269,43.4796187221396,39.6176129608072,9.81478486582083,87.8780177592349,36.2123063761822,124.624779032101,120.662912978354,114.324691050487,17.672690985766,16.9406048545375,52.7767535396429,11.0230725884078,45.9157893994836,71.6369863920857,75.7577285120505,14.1598781957445,127.320435655332,64.157426438131,25.6491878628384,18.4331479105794,43.9396512501277
39.0171969442345,80.9110621814578,64.7108441913203,16.0887427646936,52.1544781367468,105.241617117671,83.2398445807586,73.0829450733779,82.1234835508113,44.3957283997199,126.533658117467,106.313995181931,41.8441730742602,82.3880886009814,36.8517394134591,100.570522781032,60.9563038853346,83.6340842201305,137.492264887263,57.0846259219618,120.409927015699,95.532144179441,73.4807644719181,58.4226314125339,57.9759258381551,35.4919851748343,69.8315841509626,104.928126990295,60.1940572478123,20.1765923207083,106.92987491315,67.0094379534918,83.2550364414745,41.1810655385334,57.8665889586472,129.60126555133,59.8955766863059,32.0428526964492,71.5057184762959,77.8495479171108,18.6846156897109,106.154294252108,102.024667325816,42.8736140756462,78.2110689429182,89.0175495466839,85.0704157241453,17.9183103848025,51.9493686386087,72.0331407025754,64.8823595349768,80.3433726637754,14.4993458673306,103.159687969772,20.3397877509697,59.5252794625426,22.0734568116139,77.2384884493186,71.7489574256587,79.2439413625736,132.361941521285,124.073066427762,77.1711342544132,24.373997311079,78.0552291358278,81.9895832972298,25.6690966017274,84.8587098828619,47.9936554909147,46.6085633770736,97.5472292263722,96.9345151560611,34.953375923073,4.13993465372786,16.6851543218614,71.7862081237343,32.6733984756773,111.003319780989,71.2762808997606,133.660924576058,22.1962679361013,23.1513222477506,43.0077957803871,21.7636396569118,76.9697466261119,61.1068132077152,101.866705067708,62.4119024199669,72.67739587267,35.5641403091256,62.8945661864275,15.0374616993569,49.7009336920286,91.8902000857673,38.6520337539561,140.474578628397,120.298736553384,37.0554131022023,54.6512098156066,74.7034175689809,16.6369897501978,110.345164850899,16.5635475712064,12.2062817222138,133.928011709985,68.7717904858015,102.016621065793,63.359571157688,81.0365928653914,85.7661162350003,74.0705273175945,76.5816957468633,45.7090905862289,16.9575895285563,123.268114648773,135.064805976271,62.6544346910183,137.149604448275,21.4124773549939,103.644074842934,93.1826539388253,78.2091256782255,113.466736879,76.6715370839904,85.0333832766404,19.1776453602099,100.111868410096,107.733341219799,117.554987434404,120.422857665427,26.4714349369662,89.160217829428,21.4375972688065,40.0284604459938,138.900383891795,75.5423031643746,125.969670689043,62.1900362285189,87.8931026615159,25.2122227168937,8.52664763823962,23.1275130291559,9.05481047600537,10.2459368670483,56.3803058238544,57.1565963044253,12.4624456100927,26.971662660682,68.3571125591904,58.8873006501597,3.98276934679902,9.97770103452066,91.9920406651346,90.5496607216744,85.7656175130028,14.0331895164307,66.8867993570565,93.0734653853501,69.5885070777155,103.02895669526,47.3981497372627,73.3476220750632,120.404921267872,98.9343994182409,59.3414179966573,37.7758112239075,49.4469732580445,101.332906690025,85.7308156425846,18.6882538576352,56.9703131020762,26.4714349369662,132.228814603364,54.7932807323636,52.9612849576987,91.2486405467886,68.497488227863,70.8508967235884,102.085394344168,14.6091436150632,38.4555437739746,12.1471283975862,87.6130245178563,38.7622273397603,123.700418822966,118.988589848058,120.995676766321,16.1499916719232,12.3587956547326,19.6052386610684,11.7054958019847,14.6091436150632,14.6091436150632,77.8642311670916,13.7066505492837,125.30097266594,76.2209955510347,26.2038420390892,21.3220333904488,42.2652354477063
42.9783976165056,77.7696545266227,63.119711419745,17.0112836741246,63.0171010573747,106.196897432497,89.607115044464,72.5872704032269,95.8432984988319,47.6148319300262,128.57906165513,107.00648531138,41.7042657022374,85.0737236290932,43.9358344905571,98.7350642759497,59.2585329209437,85.0896968746314,138.828213910851,57.1986424822599,135.633194946806,111.156495617941,74.7360650935216,76.7862306440348,62.1201649888542,33.7362597438881,80.0447800073291,106.406135763425,66.5864430163794,19.393227230004,102.978981854388,68.5938152000236,92.0649293101868,42.3986478610983,60.2629014272021,132.059546102385,68.7298689787882,33.6371821874398,72.7346526940487,81.0915491420511,18.6846156897109,103.781919982834,101.767396849022,45.1542356562309,75.0304767223753,88.8190289897424,93.908273107831,17.9183103848025,45.1513592575998,78.5682268102324,58.3503329160375,82.29780857489,14.490405580261,101.728108367817,20.3397877509697,58.0616511623152,22.3588702169612,68.6046805850341,74.4189687604023,87.7911940165157,134.501558659267,126.426487938051,86.3235631429669,39.6865072328924,80.6453853605062,76.9367726166642,26.1312491946998,77.4648966935892,48.9592015768922,49.0878620732427,113.501149285175,96.7183387500194,41.6725441969636,3.98688185360686,17.641893929624,77.2267438132562,34.2991015069942,129.157993205263,76.7760809318758,136.196208856837,21.5247145924459,22.4653373485,42.5561965659963,21.7636396569118,74.2743447802607,70.3880773314242,114.745577955843,70.115815825025,76.7051114242423,36.3037383446373,67.9103734309678,13.9272924873637,45.867464831337,92.6021899749297,40.7688931714889,143.139104496187,118.0211205643,35.8276317377581,62.4319376850044,81.4807600753322,17.7443444023096,112.438195127278,16.5635475712064,11.5469017886306,130.934940434307,63.694582245647,109.508683546078,64.303832002352,83.6781726866223,80.4805673797046,72.4151725874079,89.3094537495377,48.1405426731914,19.8392546390271,132.56392757455,147.060146675158,71.8956444781718,139.366613663857,21.4124773549939,105.103996565495,94.7745296392581,79.5452027425362,127.81218645769,89.414226576317,77.6243506426634,19.5149232915219,105.737053396291,109.474839573152,119.45525168619,122.590979776879,25.8798418077605,87.2102583942442,21.4375972688065,41.458992098234,141.535050388321,78.0047835899743,128.237658957118,71.0440716600257,78.0683096572704,24.4925245541433,9.59962884492482,23.6306457762056,8.33660720981774,10.5488739436948,55.7882898566288,64.9116077003984,12.895968024369,27.407656806774,69.5319332090749,68.6742778748924,3.98276934679902,10.0138350633173,88.3405999143669,103.870082152411,99.7926464347668,13.5143844796931,77.3686097695721,94.6634757750443,82.584313051468,110.208744055294,48.8717290578388,75.6312849333822,122.688765294742,100.533663784555,59.2136032258011,38.5614035516909,57.3565419262328,103.254992193112,91.0719863440482,18.6882538576352,74.8774147269991,25.8798418077605,128.688969985652,65.6885477583885,47.9091390984844,96.3055576828128,75.7716675895856,86.3051590621115,113.288181591627,14.6091436150632,38.9450111315396,10.5859830073542,80.4891074147536,37.4778929770358,124.625623299467,117.375546496869,118.291621953691,15.539426973445,14.5279714505834,20.7911194101469,12.0175703605545,14.6091436150632,14.6091436150632,78.0784895730599,14.435762934936,127.677685137247,64.6550770257384,25.2596701554813,20.4549349804103,41.8413018319929
48.8774778896973,92.0283798531524,81.8486868179048,35.952981542728,61.1679638184741,84.8247910552429,96.6865232526574,70.381275650037,22.2719648778524,52.4823309507874,116.902449455777,82.4522296533863,43.1329410669841,78.5365440636322,60.9111424381332,102.970835237169,62.4750470441007,97.1184170902343,121.358911335692,61.4652869165304,109.572715657806,93.840266616079,70.8881320450746,55.0153421810879,59.8009814928453,43.4214649449574,69.1023977558944,102.355452718232,71.4598518059002,80.1970282202338,93.946738272181,19.7171215685232,63.9265853862146,47.4135452032237,74.8307062625658,121.437145618612,66.9142750658229,41.7651312497799,72.2900164213626,86.3004372534533,39.1676713759447,120.512656233969,97.5608731281426,65.7219536154736,93.0888194779868,102.767063000853,90.4125797469881,43.1298854227232,37.9961580234096,88.8544508835055,57.3145728616248,86.2486629379264,56.0735514661158,95.5535201447135,69.1646084924821,84.167716231576,7.98049268501167,52.125499862933,83.5775877287385,84.3034260689628,131.483782406157,127.360944423703,86.8430110425002,74.1393530653723,70.2554014904045,70.4512919377191,84.1495773660238,95.6931014801227,62.1528719354047,63.9111507283086,104.986855107297,102.461684338036,13.9577776103375,7.80090258289962,28.5442672084631,81.3684480108047,41.3804310548618,118.077491610782,70.7173122612695,138.331851505948,49.7232299892997,83.642992309501,39.8358718701929,54.1043640689664,73.8304790300723,71.2602431084717,95.9681125572817,54.1253891321154,92.3603339116667,7.78036349292184,62.7684481586761,39.8641609417043,45.4107400810456,81.380686722525,92.4673664330807,137.15645848409,116.545564813072,37.5794050126144,62.3459547943835,70.544502287406,14.0790015707424,114.250741525892,25.8674946990364,12.2030386552251,133.365963323003,70.9273984728072,109.86347307128,73.5259838397656,78.4547231549249,79.2387360786301,26.1482483774091,100.95415336587,64.5053115796062,17.6704879164008,135.313738395039,145.645518741764,75.2605443562468,132.034772999573,90.1744464464336,105.350707492146,89.1157612858539,79.0985801324245,111.357487103529,97.838870722234,92.2226899072444,65.1152011777383,111.522841921883,109.984399488953,116.603680860695,113.165656630868,46.7948091873577,85.1833024344034,87.3918082037459,33.4095655498113,142.077861005027,82.2857474323864,127.280896521605,70.1197682955295,58.6249418223167,97.8336997584509,9.22432298222208,60.1431328182516,9.21624842518852,46.1388185066137,58.2028520725042,58.4980728482705,33.3305959292062,86.9282431404483,64.2731737420713,84.3201215114055,10.4496632019615,9.31811049373479,83.2180837758191,92.9244231655506,80.8717357338049,7.80090258289962,74.7404680735796,91.9532918333637,68.6914036459431,112.227213761924,61.2736525974451,68.1665612690814,121.126787661562,110.312198988479,65.2878214098322,37.8864428981282,11.2420644404528,114.591256508624,91.4046718942703,10.4830158192184,58.2004897731378,26.1482483774091,128.642916219872,47.6564712744684,45.1643683767197,71.1623335559007,80.370061980573,69.9227313084614,101.071545250227,29.4809844593219,8.54517862706751,10.9050888881593,78.5376271273474,42.2667132693451,128.128382236131,84.2305427093204,114.740724016314,14.5732809157244,13.830955241489,40.4625424584401,13.0263509050551,41.4554571011699,29.4809844593219,92.2511502843371,57.3899284727249,135.651034913237,20.9833535972474,8.99892294775196,93.5780477667605,47.5677993919593
45.2084788211757,87.9694523261719,81.0775015635587,32.5814480602721,51.2288675022055,91.531152327638,99.3860315697217,72.6335996492466,20.0521437192749,46.0832312468617,120.252509735463,89.7069991062578,42.0981288637534,80.4209762783338,54.6575242888291,104.581507305111,81.0464528664731,95.4806075748527,123.267287797867,59.1416967481446,111.290345629837,92.6729232852408,70.0867708617702,54.0796392294024,58.340466453178,41.6270379734847,64.883027073212,102.85556692428,63.6357287604593,76.6599244926168,99.0138775495298,19.2573391061874,75.8691042085956,42.4375622157046,66.30616389204,124.921034242776,64.076655851309,41.2141039500915,68.0659873407554,85.5433512336349,37.1771373174646,118.48246866343,93.2004832278873,58.7122698994307,86.7548605706541,99.523179750678,93.5518260678134,41.7164517128516,44.0786029960875,84.6312453565769,59.9286446137218,80.8460089249998,55.9974504053482,94.9991039982809,65.9594857062133,83.3746808858266,8.32193507546369,78.9878079964048,83.2192643551295,83.793545878177,135.251698295963,131.014779855853,92.9847209515598,69.2628124172944,67.9491932440286,76.5805741291042,84.3812898464056,94.3058215404945,62.1575175666572,57.0946011906164,103.680851729914,99.2274404869094,12.5247621078518,7.06936369174073,25.8674946990364,64.0065438561823,40.8344792883575,116.608644842498,65.3119304645616,142.300429335788,56.7321458541017,88.7633449086636,42.244873235031,53.5124898568501,75.029450494577,65.7797696761743,97.4724807341406,54.0161410888703,92.8248362767529,7.58194328511344,56.8209173917723,35.3836744127903,57.1517800577871,80.6235047825012,82.3734690593158,141.091315673042,118.585717627647,33.4016156089565,61.8499274425724,67.19155903029,14.9706828303491,117.528460684035,35.1844925982423,10.9903509512639,131.119245596148,62.9555950814589,109.577031712828,66.2120809468417,80.3371921312635,86.1325283790462,25.7077481801178,87.2935770020325,57.6253908331332,17.3436648127046,139.336062887948,144.74086634495,72.0689867020693,135.818478564533,88.9501292433196,105.865456672917,88.1083442492519,78.2044032096596,113.103094632838,84.5998377523976,90.8857211424328,65.3064632069419,115.549704103251,113.136209992739,119.945179362523,113.477267167875,46.0064916533598,85.9387248484567,86.2052714584536,37.1473365538097,146.15390743365,84.260139291885,127.631374481939,69.5618921174848,88.8366665190383,94.2306374655249,9.42809683540264,61.3619921233758,8.04951723708486,41.296616242069,61.7225629134522,59.2763585936811,31.0302502553252,89.4193359779673,60.5175824664107,72.9103734177327,9.92661282179759,8.34763684055718,81.6184687067847,79.7116169975978,79.8657168384367,7.06936369174073,74.8324864144504,90.9137976807253,71.856458094014,109.944724804439,63.4104067636008,68.7480368660918,124.601772481618,113.47340320547,62.3902876907585,36.9202366431368,11.8760614235871,117.878744640408,86.9805797204013,10.966502415885,57.2106137147283,25.7077481801178,128.976274776865,55.6274132620255,43.232241847872,71.5202260714625,71.5703620341788,80.2295739602413,96.0013719522304,29.4809844593219,9.28846645688092,11.3438593928567,109.221498296663,37.5678249616446,125.389145188676,84.3918514776837,112.807771918069,16.8888599455413,13.3548014777065,34.42423275942,12.8275946516108,40.3834610415582,29.4809844593219,86.1308292880635,51.2689106856728,139.542703273711,21.4416714925622,7.58311150559597,87.2108007385259,42.0059923774032
41.9936588030833,86.4229071869183,80.2362457622052,36.2005064023592,52.3898556563109,83.6795502037009,95.6096162890049,72.841356959701,20.5558708192943,51.9768686343457,118.463521580474,88.5742671382293,41.3755485607822,82.1600883460945,55.2016678937447,104.037761603606,70.4485138381568,97.6657143125712,121.251909669605,58.4298120150934,108.652340022469,88.9937138353372,70.2014132337895,54.6142564185271,55.3395714703633,53.0590842032136,67.0007876902411,97.3610865218752,65.6742466430952,75.3122062737967,97.763249211571,20.6588945878654,71.6080508369795,45.008035665282,71.0920815766594,122.279201225156,62.0001123540719,42.7114570315662,71.7858970473974,82.3868953096085,36.0943092337765,115.831105963405,91.1474805960912,66.1612156062358,85.9459335779526,98.5491775067137,91.2199162686246,44.3972164926976,49.3272226603321,82.6434980200831,63.9298997349872,81.7628672822307,55.8308134173099,90.7247644662263,67.9245630786101,82.5095896752123,8.07766869430934,74.4249938316073,80.7338187913462,77.8547299973839,133.239568264533,128.244076160375,91.8451123783099,76.5762804741816,65.6895725877285,75.2214112968628,84.6452668498875,93.4388367483521,63.4694359858746,64.338309961357,99.5646163082185,98.2563325506557,12.6494525195152,8.16727180299591,28.740785422833,63.1282277959568,42.3180401942765,111.979162866145,65.1466249034101,139.291056455395,57.7023644575607,87.6352240639473,37.692254794533,55.560717877843,75.1855282778484,66.817197863085,95.1620112204958,57.0225969637081,90.1762659553361,8.49184576378103,56.8820005159721,36.4042932466956,46.627183014585,81.6988385486073,88.829910166057,138.107513157286,114.738732277991,33.4016156089565,56.3438473761288,65.6134203424496,16.1534645014726,115.042965988708,31.3521689015628,12.1646691471444,128.185101153086,64.7715078464889,108.377824853977,70.0941090165292,82.0744923580345,84.6038361153604,25.1324684328666,90.9933128158678,64.9364419709056,18.1466759308371,137.567906613925,145.188822766912,69.7334343281139,133.797916582791,90.4665142973437,100.210189832482,88.2524648793683,78.3323237598015,110.422119961014,88.1854056753378,90.0501784710872,63.560320760334,112.110488704212,111.453090530014,118.160763339942,113.832267535905,44.976973132141,83.4682697895434,87.674863310986,37.4620781266166,143.06304110635,86.0822736634768,128.030654320483,63.3692680771768,83.7049226381989,93.455939012618,10.0403640092317,60.3578270545745,7.84297753026722,43.7979817792332,55.0708852873594,59.9685597288253,33.2000111380335,88.0890507868852,63.8249603688616,76.0005105045359,9.35280913593923,10.5725904849541,81.669584748764,93.014117367697,76.6949665297314,8.16727180299591,64.9104108751515,91.0625072486971,81.8103519158246,110.341883018913,64.3886425024824,67.0917013388976,121.966691219353,111.785267342963,61.0165928359659,41.3510024206312,11.8344300536924,115.385842131601,85.6943881212881,11.41891457672,57.7761828998799,25.1324684328666,129.909412269675,51.3524549798283,46.7014165296078,69.4795400250133,73.8630593241335,72.5016937350734,94.8226309549552,29.4809844593219,9.50527717934459,11.4779609400986,81.7643712487868,37.5678249616446,122.381585620723,83.1924566019483,110.283395762588,16.267879630567,13.9534142119197,39.7704910675701,11.9295525952855,40.7501020875348,29.4809844593219,86.0795221742931,57.7735021926744,136.591650849985,22.9710646190713,7.81200360438913,86.3976224300315,45.8004483145343
44.5133623965906,86.659857969871,80.5669515449952,57.111272324574,63.1998600167979,98.9088931192094,103.286346946352,73.2370822277677,22.5407146840836,56.6954353230799,117.471397453993,87.4696920162274,40.5567468205922,83.0128941773976,60.8535178743898,101.175223564076,77.1627709733003,97.83945500264,114.091802746199,53.4541668904829,109.97676034244,88.7514017762522,71.1232861672644,65.8476441342471,57.8321121284297,52.7645920390761,70.2975507832499,100.046617779978,70.9647004638829,75.518694192606,93.671111563252,20.1440393490144,84.3924508637254,47.0018904030866,66.7284431826133,121.223383333778,62.8336611947629,43.7865420784298,77.5147419730328,84.1161611213726,54.1364381855303,113.74300532884,97.2411317535717,61.649353577193,77.2959466034843,99.5072524531881,91.2948749749201,51.8777311788862,43.1961037630697,87.415120201171,58.2837682901205,88.4252888624359,62.5614914908412,91.4256888376168,66.6120924541422,82.8496653876539,7.19965409873567,68.5888852180351,81.1944133948308,77.9948470807837,132.1236957283,127.136754647668,95.7766606977662,81.2816648615093,63.9615217405526,66.0753160851335,86.2733912437323,93.6892241812638,65.522025259048,59.9507609257544,99.2935217988436,99.2115605183658,13.9445729516588,14.2079057522665,45.3425376115343,72.6098491403554,43.3832225923345,111.674266032882,66.5301586094751,138.088349960415,58.1732211617362,85.7839360248771,42.3515774171927,124.04822804823,72.533379336448,70.4433848685105,96.3219908520777,57.7538682485085,92.0362188444818,7.68607780807144,55.2171491775942,34.6684589967996,44.4928224326324,82.5838676694184,85.8563256487195,136.915025948798,111.229919292071,30.4238799010977,54.9846741621973,69.4017698119626,18.1486570472056,114.049629259722,49.1178563588111,11.6112730105408,125.87429363007,61.6830643770487,111.767766561535,69.4640939244075,82.9264097195315,74.3169413729202,24.6794025414002,105.282202756071,60.5081033416187,18.8558808828771,138.040995261878,146.57730576126,70.6709523604951,132.67736791647,89.3927085374537,102.974308504422,89.4113811310083,79.3609704175243,111.768113056243,102.033363476115,90.2914853388229,65.3772488606474,116.877216358785,110.519678298042,117.171174793621,116.02179446965,44.1661680780332,86.5457723898683,86.6341934680929,36.485672299869,141.827765467635,86.9757910200161,130.493282642381,61.8406218137796,77.1411193396393,92.6268502932767,8.51040046179209,59.5024140776472,8.47993427092454,45.7382311632819,61.8784648038417,60.4175159820433,32.516514536942,87.3513108362364,68.9184859132538,87.9350460917401,11.9514722624885,8.34439552183497,77.2726006110792,80.7856827909519,76.4861414963626,14.2079057522665,69.3159456400937,92.2583244953866,83.4545270689872,112.279677515523,64.7745106849265,67.7821076598826,120.913571690837,110.849073152242,60.5460296261905,37.4273192057139,11.8574512286816,114.389544843807,88.4696025669035,12.7903215563682,69.6599346125285,24.6794025414002,133.700960353691,68.0387107073815,42.8991826919503,70.9126074717187,79.8131710405275,84.8310395991444,96.9482804369093,46.5458787832014,8.72928094541974,10.9042872234446,107.90642473632,34.2186739755204,120.59809398848,84.1334174245682,108.295304336209,16.4427719197004,14.6808590856297,51.1154981900701,12.2420543379678,56.2281436003722,84.037752421216,86.9922534616124,53.8336400175395,135.412252331388,23.2538982679845,7.3416576126069,77.7021754492041,38.8260552617525
38.4846737619202,83.6415035095115,79.8135483001893,57.837361411236,58.8335848316097,89.0791011495426,93.0086711993493,68.891562252536,21.2146660057676,47.9917863400501,122.884219653493,104.380600377848,42.0419267569797,82.7772279577173,52.3256700519825,94.4771337415223,73.7654598919579,97.0939247412831,152.022644402858,62.7198408736155,111.68670592836,91.7523154147682,66.409293672186,56.3018449436203,61.9192185623755,44.8353995039806,74.4377066641853,93.1569065254308,68.8081693026287,72.8883853876224,101.441215730917,17.9977906195443,74.0391523657993,38.8399223217936,64.9455692248126,124.055578254803,55.2569147583703,43.5092918437447,73.49899721463,85.8954871239367,50.3308486892098,115.275688402316,84.8192476908703,62.9585874365095,76.8707582159154,96.8733227098949,93.0062418327274,58.5752525103438,44.4448832019841,87.0390828449607,61.3945306782832,81.2411112704072,59.0138743908503,95.572179929725,65.6060285938397,82.0749158714173,7.85178754650854,72.5483460061792,78.1121304234847,77.6182200126069,138.211663427826,130.107106248871,78.555399609836,75.5500315249015,69.7763379020811,65.7667767112811,84.2983246423781,99.4800380503783,66.0110480983522,61.2239221438604,102.650891686179,96.5854576596743,11.9904181183151,16.9330692477165,45.9190038743449,75.9866421377086,43.1085261199899,115.450260792426,64.5498716209079,141.314568472513,55.0025108932846,89.1536341757585,34.9536383395338,125.927197575576,67.2814177786124,60.2646477713177,97.8196287400426,51.6169654598489,91.4235807397948,8.37518877685951,53.9398067747797,40.6027083085851,47.6850321531492,74.7758741484409,80.8457043878858,140.113831578867,114.155615815506,32.6108787938532,43.0790836313443,69.1032212545009,14.0713121164708,116.714220626924,46.0230740278271,11.5440219249647,127.570445394962,72.2414420182965,108.742683649427,71.6780171241338,82.6909890215314,73.9699176442969,25.0119566393805,71.9856687075248,61.7931007189015,18.6713310448071,137.176700298618,143.63315085343,62.1491524801073,138.790847605948,84.5030990980831,95.8829818011812,83.4852688499343,74.1009910336901,113.505911032579,69.7643068631802,95.8722892160266,63.6762678823261,104.014823083131,115.612180652988,122.570163396892,113.365694274877,44.7613056694639,84.6072851119442,81.8954695040867,35.5048321081424,145.141349579636,86.7288744888374,127.505885015691,48.4505429835157,81.5942787139009,93.249919785027,9.61494110417043,63.2247818196325,6.20884242928006,37.7956999236237,51.0695849284005,62.1277928367644,33.246045376193,91.3762660568041,65.3480805746217,60.1247212732344,12.0930488881076,10.2577801160343,81.3519220952206,105.943449932718,79.0723350728038,16.9330692477165,65.0728840019513,86.1435191662715,80.634282467319,107.688795328321,62.279169938044,66.0663436395759,123.738528346954,115.956753293593,62.4681183530112,40.7829417795454,10.8256349044425,117.062077807459,87.2005471273642,12.9195430751557,59.5614754165138,25.0119566393805,126.077093464522,54.5146578479761,44.6666243875941,70.4405784598218,77.3877455923499,58.9239826121086,92.3916350706853,49.4319543767169,8.60288528423321,9.81478486582083,90.1064021179012,36.6784589319199,125.635643447422,87.386633811298,109.754579826716,17.672690985766,16.9406048545375,52.538897957401,11.0230725884078,52.2016354667456,81.4440500421393,84.5505636809192,54.9768932747366,138.575948004207,18.9270979839779,7.56677315224835,77.2747524840735,44.126439776181
40.2657593815852,92.9903486926941,82.2819015513473,18.490645894138,49.8540407247488,99.1404518691583,94.6353330726399,75.421622045996,19.611998208751,45.8164055164779,119.198130796462,90.352821032665,41.2803812046856,78.7541026405857,48.2244432048946,101.865143613498,69.9960941993159,95.0835438996819,130.071065786916,58.2029171213106,102.33249693597,87.5611643175237,73.5711479431984,49.6515021492783,57.1349450653525,45.1291907332173,61.9705621057699,101.125408657499,60.4499436490603,81.0353244316287,100.730836408084,19.7684705950617,70.7557588706159,40.9869110027817,66.5055449754627,122.087900029201,56.4232544146944,41.9315005092638,72.4261948765372,81.7149184740814,17.6014137107788,122.002165978147,97.2751899390785,60.9434166833515,88.9181208429499,101.204002639476,81.1101968246131,18.4917018900721,51.5624707760313,82.7870341924325,67.5095848331228,79.1779366546815,56.2949044675605,97.7395507598045,19.6026499978775,84.6132052940071,8.00709476315772,77.5668311421157,81.57134984802,75.5549579294245,134.065805856287,128.043443142676,79.6406345523337,23.9013425692091,66.3366110614544,77.2364066542505,84.354761451777,98.4231955748024,61.0254631282094,59.2642743448631,97.9619048701104,100.903268706878,11.0506227053603,4.13993465372786,14.6803384479278,67.6245510690227,41.5452678808387,110.176612002093,62.7120317099543,139.073140853896,57.6607055292903,89.8869153243234,37.8401653215879,22.5105378770544,77.9605601835672,61.6024666683274,89.6268430079678,55.970886531527,90.0212995928887,7.72268181867632,53.4520546692351,38.3647501454234,50.4936744147256,85.8328225310398,80.7400768580088,137.891449164614,119.402800274214,34.9072021103886,54.8835334376212,65.7273784811579,16.6369897501978,114.862985609712,14.573343437709,12.2062817222138,135.014337096507,68.2596060369456,102.450296202933,72.8185795133856,78.672055075095,86.8701634023725,26.4714349369662,78.5236313675552,59.8152347218085,16.9575895285563,128.259503858123,135.340249358036,63.4609705839855,134.627616572209,21.9554485192832,104.08466832566,92.4886672632792,82.0923499200015,103.999336325725,76.1005185211917,94.8537742510154,63.0223075111424,100.537446397375,112.144227061845,118.893495108841,113.441591371377,47.3731826664568,86.5586436887315,21.2779387247384,35.2488309122224,142.839224377206,82.5136918922348,127.591248815747,61.7268700203247,87.2385104220682,98.1243210492137,8.52664763823962,60.0798621749388,9.05481047600537,39.8849662010825,55.2869923818443,52.9912226214763,32.3745148764216,88.6353035714752,64.3942502328877,65.5854357416415,3.98276934679902,9.25666435603623,85.8138961988767,87.0414802500968,75.4603923942573,4.13993465372786,66.3886535588676,95.4335943431951,68.5790778083363,107.864534173635,62.0255493065521,64.5344895013533,121.775878933509,112.478463750653,61.3916272741233,37.605562260667,12.0838760105122,115.205325335818,84.4872310589876,4.0581168850055,52.5261068730275,26.4714349369662,133.538600683663,52.8075080026714,52.852725725634,69.3601406301933,67.9873466711552,71.9809839654182,89.8192555281899,16.6091272620794,8.35054428841014,12.1471283975862,89.8346892575633,39.2612044320451,124.703785509105,86.1740535854653,116.158893956445,16.1499916719232,12.3587956547326,19.5168812850654,11.7054958019847,16.6091272620794,16.6091272620794,86.9015579672743,53.2171996104138,136.377958366691,22.485974443223,7.73040181573979,89.3854300251365,42.4449059914626
44.3537197073822,89.3799574145041,80.2587255025416,19.5509137801147,60.2375334718657,100.04035178202,101.874279326459,74.9100856322353,22.8884421021533,49.1385213609601,121.124956291285,90.9413459641751,41.1423588893635,81.3212792828722,57.4947394281121,100.006057680099,68.0465446240018,96.7384291181401,131.334906436261,58.3191672727709,115.270259274389,101.881856220885,74.8279926209709,65.258130345689,61.2190691701383,42.8967298703486,71.0340467139252,102.549852659972,66.869503604989,77.8890922401558,97.008988209054,20.2358781120637,78.2430014704406,42.1987528441937,69.2596051252087,124.403666845862,64.7453968694387,44.0178512002188,73.6709488772248,85.1178909110046,17.6014137107788,119.275617783357,97.0298959807469,64.1852444200426,85.3021073139085,100.978304728547,89.5366320993986,18.4917018900721,44.8150902162808,90.2977492850724,60.7130625068072,81.1040221255201,56.260193066708,96.3831881153872,19.6026499978775,82.5327063369347,8.11062780751934,68.8963207506305,84.6068842515716,83.7043167772638,136.232965785573,130.472174873256,89.0859440119111,38.9169159511474,68.5379009425705,72.4765222301972,85.8735048785276,89.8474969508675,62.2531857608304,62.4167816839952,113.983645431074,100.678241471205,13.1749094595784,3.98688185360686,15.5221203684036,72.7496829459532,43.6124011171022,128.196076769791,67.5509995918149,141.711084209472,55.9161672264009,87.2235224566137,37.4428283127602,22.5105378770544,75.2304610597759,70.9590135705072,100.958246312877,62.8797427965024,95.0101986032255,7.88328405037175,57.7148267861588,35.5323994941774,46.5990608903564,86.4978782360369,85.1619759269473,140.506978158072,117.142147046778,33.7505988330802,62.6973373704149,71.6903848670445,17.7443444023096,117.04171004083,14.573343437709,11.5469017886306,131.996988231182,63.2202107879294,109.974207623025,73.9038099236011,81.2365571825112,81.5165749121037,25.8798418077605,91.5741360317639,62.9970498800456,19.8392546390271,137.931724101088,147.360052663474,72.8211403046942,136.803858113794,21.9554485192832,105.550796210968,94.0686873180685,83.4947656219075,117.147834965189,88.7483056218767,86.589082411161,64.1306830757448,106.186544181748,113.957026930066,120.815396199182,115.484021084297,46.3144697768527,84.6655814232215,21.2779387247384,36.5085488169974,145.548602913909,85.2034212573359,129.888432366679,70.5149641810633,77.4868884979191,95.3233028933281,9.59962884492482,61.3868832134888,8.33660720981774,41.0642273286775,54.7064566470402,60.181075794806,33.5007045738019,90.0680841152784,65.5009630836085,76.4856325377376,3.98276934679902,9.29018716607482,82.40768458212,99.8458263917154,87.8019942768699,3.98688185360686,76.7923996916658,97.0639237384024,81.3863706571495,115.381298818225,63.9538854823765,66.5437573219787,124.085727325008,114.296666520488,61.2593965820126,38.3876140614571,14.0168203503858,117.390543276756,89.7509243972311,4.0581168850055,69.0362905550369,25.8798418077605,129.963692307566,63.307917778796,47.8109356777485,73.2040168962735,75.2073508904111,87.6817451558725,99.6759643832799,16.6091272620794,8.456831144503,10.5859830073542,82.5301260059724,37.9603371332688,125.636494562862,85.0058534718365,113.562933302086,15.539426973445,14.5279714505834,20.6974174773623,12.0175703605545,16.6091272620794,16.6091272620794,87.1406843158832,56.048038495973,138.964779422946,19.0739100049138,7.45186143862541,85.7504125370706,42.019170223639
36.6160812865367,78.3052483598847,18.9299769639047,30.5917278286762,66.8985188883156,74.2948592799369,100.176303323176,52.7254396404753,81.8869955169576,39.3166214618864,102.390479525502,83.0381537070306,45.5875278659429,85.8942843357672,39.7174091554236,98.7247526241479,62.9230835425789,100.623785832847,128.548210096139,61.9159485399059,110.351363973284,84.5787376659303,16.6805406744267,55.4062935530385,51.8874989577318,10.0425231375518,82.1035210636965,97.7440190267271,62.4182201873146,19.9678690136821,82.2844313898176,19.7171215685232,64.3808620528687,32.2337266819945,63.6720655974372,106.362250149443,58.6077087604807,27.2331586616078,69.3090812748741,93.8147894536641,34.3054972137035,102.541992937052,89.1215011802725,14.7813808389515,96.4487448954458,106.476312607738,82.5915612916787,32.3103289838596,38.7896512918565,75.6046108321848,58.0880674354925,74.8353504671632,52.2057067039716,89.7777780312279,66.0485262771071,18.9299769639047,7.98049268501167,45.5301941663102,86.594217039481,77.0108717255709,126.061946202894,95.4111974491097,65.0575866184384,68.7355053126754,70.7546521450528,61.7056494391339,47.1934816079729,20.9809569736495,14.3747258474079,14.7813808389515,91.7031378215078,89.2621313026541,13.9577776103375,7.80090258289962,32.2285289156478,71.2675777869298,9.57047250333677,120.543364467994,79.8449274036182,140.198722899917,78.9057771639132,77.8734610200506,44.9775620117479,53.5688262878415,70.7860217077775,75.7478866012828,108.35489550124,15.5830456439607,69.9988068828455,31.2650301169725,63.2144948422007,13.2760730322655,45.7614061411229,88.4652527284825,78.77460515052,141.664999577889,118.979445656749,32.9143941588687,54.4574811701873,79.6498125247216,14.0790015707424,99.5324716492484,29.2062603952951,12.2030386552251,141.764740416114,72.4086117365784,95.9627298323066,62.5619013902535,84.3501200833876,75.9712650634995,46.1176823205833,100.471533471342,42.06100477113,17.6704879164008,137.139878540426,145.778778229924,72.1571171760989,136.374956513047,89.7433598553216,92.0209528980749,90.9768114649083,85.9858521853579,100.367102828039,99.8820900725353,67.4255354959036,36.5184608808482,97.4121430016796,95.8157380668984,103.50355496307,99.1175625677219,26.1482483774091,91.5843113135809,89.2168561858168,28.7169777735645,142.872146146012,17.8397315046511,122.032369592156,71.5841154038155,59.8492365699709,25.1375500095503,9.22432298222208,95.4411175041895,9.21624842518852,11.8524714087919,53.9605794012654,57.8151816202508,52.892311615644,48.7518365780711,56.2944669740743,18.3133178584119,10.4496632019615,9.31811049373479,95.0142554100103,95.4508974542427,91.310001217435,7.80090258289962,76.301311626773,91.5137013209726,59.6014487740547,70.0576534491965,39.9537856826741,76.9649462323385,107.518502260718,114.293780915456,59.2411139990184,34.0326833039401,46.1758748331604,118.727285706555,79.3090631499618,42.1255132363333,66.2131791177623,26.1482483774091,127.995947134478,45.5093979977933,47.1392502316692,108.333687860047,82.0484712325546,70.4626812994552,114.117037752518,30.5450640079944,34.3384042883379,10.9050888881593,78.1621713381903,40.5238124187387,136.197320478611,110.75233639444,131.008248527734,14.5732809157244,13.830955241489,36.3467453744083,13.0263509050551,42.9517403797385,30.5450640079944,94.2473576107404,53.4312825792649,142.155124854861,20.9833535972474,8.99892294775196,22.3221419702829,41.5491678367597
33.8674867613365,74.8515819084906,18.751617118839,27.7229522714116,56.0282727473796,80.168710082452,102.973247042902,54.4127459868623,73.725412726315,34.5227989277457,105.324671923294,90.3444771802598,44.4938271123232,87.9552606416499,35.6397067713324,100.269007374534,81.6276732204289,98.9268616155009,130.569638730446,59.5753218787308,112.081199809488,83.5266048352663,16.4919740212031,54.4639412861221,50.620254328853,9.62750778967015,77.0903058791104,98.2216015215856,55.5840633470586,19.0871827153457,86.7225490070752,19.2573391061874,76.4082470949813,28.8508436913541,56.4186899697937,109.413657784631,56.1223443097146,26.8738586084236,65.2592333242417,92.9917824352989,32.5620629425789,100.814543837309,85.1383009363424,13.2048482061323,89.8861696016854,103.115345417251,85.4592513370428,31.251469037555,44.9991190845402,72.0111632653726,60.737417655438,70.1476313450572,52.1348549466918,89.2568736243993,62.987804309842,18.751617118839,8.32193507546369,68.9936834045581,86.2229604283745,76.5450980340498,129.674489145495,98.1484322854315,69.6585881221566,64.2144045508724,68.4320554651568,67.0740582761142,47.3234325717629,20.676792302701,14.3758002897235,13.2048482061323,90.5623796990822,86.4445365971874,12.5247621078518,7.06936369174073,29.2062603952951,56.0609358376516,9.44420469422307,119.043843018804,73.7418629156406,144.220859070404,90.0282234230902,82.6406216336302,47.6974976673916,52.9828105865443,71.9355526498545,69.922278071726,110.053435279248,15.5515924337077,70.3508477425222,30.4676877076379,57.2246995865041,11.7839240700703,57.5931115468467,87.6421545907876,70.1754332402477,145.729201498622,121.062204029601,29.2552248053735,54.0242148859475,75.8640986395022,14.9706828303491,102.38794098647,39.7258205580644,10.9903509512639,139.376534704553,64.270329083708,95.712531163673,56.3386365297359,86.3740451935923,82.5807864676258,45.3407718420066,86.8762626516957,37.5749187069572,17.3436648127046,141.216486717471,144.873298114438,69.0971658882546,140.283038226348,88.524895604461,92.4705721863129,89.9483560213028,85.0138174841066,101.940428294953,86.3665795826338,66.4480554961401,36.6257260786074,100.929496647798,98.5615188419038,106.469644637857,99.3904905727203,25.7077481801178,92.3964991434105,88.0055403847165,31.9297548653368,146.97097967946,18.267784013834,122.368395320747,71.0145888112307,90.6918882188398,24.2117733211538,9.42809683540264,97.3753249308791,8.04951723708486,10.6085716785057,57.22374657503,58.5843818610874,49.2418938293843,50.1489124481001,53.0050851569538,15.8352575831361,9.92661282179759,8.34763684055718,93.1878947461867,81.8788551035123,90.1741335904163,7.06936369174073,76.3952516338819,90.4791765583155,62.3476705797133,68.6328134747826,41.3470667160738,77.6214739671418,110.603081406621,117.56908487566,56.6119387307838,33.1647582899496,48.7799664119689,122.133431642741,75.4704124735009,44.0683817179517,65.0870229459614,25.7077481801178,128.327629169459,53.1212240862137,45.1226384822719,108.878524069471,73.0650026359848,80.8491143718731,108.392447748211,30.5450640079944,37.3252719849227,11.3438593928567,108.69935565834,36.0186864311932,133.28557883708,110.964436689684,128.80124947792,16.8888599455413,13.3548014777065,30.9226446682421,12.8275946516108,41.8410519526835,30.5450640079944,87.994600004462,47.732480720536,146.233387892299,21.4416714925622,7.58311150559597,20.8032965197092,36.6910819871436
31.4591359996686,73.5356552191121,18.5570513468089,30.8023421591642,57.2980287292368,73.2917856873178,99.0605267390929,54.5683853302964,75.5774585160455,38.9379593445841,103.757764164667,89.2036957645791,43.7301265882637,89.8573024009483,35.99451827758,99.7476834506495,70.9537316324028,101.190837069238,128.434869654128,58.8582176283627,109.424447942067,80.2105135441521,16.5189502821696,55.0023575850091,48.0164687152057,12.2715132122681,79.6065080526202,92.9746646683721,57.3646527946796,18.7516208939419,85.6271704600224,20.6588945878654,72.1169137215413,30.5983598971528,60.4909389164999,107.099775134955,54.3035775907324,27.8502150287201,68.8257496560412,89.5604875617557,31.6136543570561,98.5585482949676,83.2628905324974,14.880174292529,89.0480453930465,102.106187771011,83.3290602547251,33.2597375760922,50.3573483669375,70.3198257767717,64.7926721170184,70.9431615498734,51.9797122547077,85.2408969742693,64.8643487925799,18.5570513468089,8.07766869430934,65.008190403737,83.647805791361,71.120011423413,127.745330863512,96.0727868938364,68.8048615807193,70.9948106603647,66.1563774372101,65.8836184282385,47.4714783997837,20.4867036720746,14.679220984909,14.880174292529,86.9669609793223,85.5985309446847,12.6494525195152,8.16727180299591,32.4504121017887,55.29165167808,9.78732289031675,114.317681194389,73.555221057975,141.170872896087,91.5678630028458,81.5903163755179,42.5572642895314,55.0107647625623,72.0851944441364,71.0250387308424,107.444749164261,16.4171703053013,68.3435275587103,34.1240886489217,57.2862167810971,12.1238236153498,46.9872425628559,88.8111011457656,75.6757910257071,142.647316862587,117.134880110533,29.2552248053735,49.2148049967447,74.0822666533273,16.1534645014726,100.222638363547,35.3988517075227,12.1646691471444,136.257611292988,66.1241644869755,94.6650568704256,59.6417825008155,88.2418930025719,81.1151310203992,44.3261505853063,90.5583115646088,42.3421254571846,18.1466759308371,139.424468112885,145.321664397577,66.85792183601,138.196057303581,90.0340314510931,87.5308517426844,90.0954863965038,85.1528763331726,99.524051385189,90.0270267606992,65.8371764152782,35.6464396220582,97.9254363450722,97.0952260374231,104.885703200443,99.7014221065204,25.1324684328666,89.7404043603284,89.5058224781314,32.2002889654357,143.86283388878,18.6628267638717,122.75121054408,64.6926410249013,85.4529754968158,24.0127210400855,10.0403640092317,95.7818157165406,7.84297753026722,11.251140441031,51.0568945065561,59.2685024209202,52.6850866538809,49.4028505941514,55.9018936582341,16.5063982513696,9.35280913593923,10.5725904849541,93.2462564921895,95.5430303058619,86.5941286366331,8.16727180299591,66.2659682988737,90.627175207582,70.9843625270915,68.8807388363899,41.9849301272072,75.7513521299847,108.264044797761,115.820017844144,55.3654702204963,37.1448323471754,48.6089689109697,119.550550911526,74.3544230099097,45.8863790193192,65.7304562556449,25.1324684328666,129.256073740746,49.0388660625154,48.7435081921207,105.771894000873,75.4055795001072,73.0615587195603,107.061564456049,30.5450640079944,38.1965158250949,11.4779609400986,81.373489735619,36.0186864311932,130.088616952552,109.387386602216,125.918976408876,16.267879630567,13.9534142119197,35.7250885490669,11.9295525952855,42.2209264522195,30.5450640079944,87.9421826645742,53.7883981283868,143.140840710361,22.9710646190713,7.81200360438913,20.6093206665838,40.0054351545448
33.3467471363572,73.7372722630912,18.633537031472,48.5949265939574,69.1207744240085,86.6305970743889,107.014339462829,54.86483901834,82.8751038539962,42.4728271178464,102.888799779985,88.0912712837939,42.8647289078776,90.7900038258772,39.6798347760245,97.0031843973117,77.7161397077864,101.370848713906,120.850598182256,53.8460912242904,110.758279890152,79.992116380358,16.7358743076709,66.3155722756237,50.1791706904734,12.2034030189357,83.5235336094617,95.5392043330193,61.9857190735979,18.803033319155,82.0430202728678,20.1440393490144,84.9921625648514,31.9538663961189,56.7779996172996,106.175023765817,55.0336518184633,28.5512295061045,74.3183611979674,91.4403240168553,47.4160797436162,96.7818220388831,88.8294186027235,13.8654212720347,80.0858478732175,103.098843243724,83.397534759077,38.8636914959885,44.0981901671217,74.3799109436065,59.0703427382249,76.7239428041112,58.2461212164793,85.8994539016967,63.6110090800083,18.633537031472,7.19965409873567,59.910509632323,84.1250249854686,71.2480078672045,126.675472200658,95.2432478858885,71.7501422920529,75.3572303495163,64.4160466727835,57.8728959936403,48.3845769683266,20.5416017564235,15.1539441499119,13.8654212720347,86.7301673623456,86.4307023542079,13.9445729516588,14.2079057522665,51.1949833516452,63.5962488926959,10.0336784403142,114.006417044078,75.1173300350962,139.951935154823,92.3150653503964,79.8667265927185,47.8179743569876,122.820369372786,69.5424089305579,74.8795863734024,108.754449526332,16.6277079844179,69.753163899166,30.8861474620517,55.6095346353657,11.545733879378,44.8364002452011,89.77317615395,73.1425411314919,141.415630788492,113.55279078223,26.6471375629996,48.027604480708,78.3595854413386,18.1486570472056,99.3572675266008,55.4575895178431,11.6112730105408,133.801279703656,62.9712234675075,97.6260779553736,59.1057142973137,89.1578267902866,71.2524243969273,43.5270779839083,104.778892254267,39.4546055359026,18.8558808828771,139.903941376196,146.711417795125,67.756780581929,137.038674500789,88.9653591107337,89.9452335742849,91.2786048910075,86.2710893189662,100.737202210594,104.1641785713,66.0135998615286,36.6654246908979,102.089042185233,96.2820599671201,104.007292401239,101.619146788286,24.6794025414002,93.0491626282243,88.4434197928151,31.3610255998918,142.620652451527,18.8565432972058,125.112290468551,63.1320712570515,78.7520969252875,23.7996936354565,8.51040046179209,94.4243611474172,8.47993427092454,11.7495656520508,57.3682851334616,59.712217676065,51.6004461245022,48.989105001099,60.3631220190907,19.0984360684811,11.9514722624885,8.34439552183497,88.2259994166097,82.9821231186164,86.3583501674546,14.2079057522665,70.7635061073271,91.8172757484775,72.4109634693563,70.0904038610176,42.2365373679967,76.5308704800937,107.329240560041,114.850032885908,54.9384887689472,33.6202610751422,48.7035265342998,118.518293509517,76.7623924622435,51.3973144094635,79.2502906042518,24.6794025414002,133.02855342622,64.973353713199,44.7750157996744,107.953518375681,81.4799504531997,85.486112966709,109.461575473792,48.2258945152585,35.0782109224526,10.9042872234446,107.390568918715,32.8076402952221,128.192809191865,110.624629129792,123.649020576579,16.4427719197004,14.6808590856297,45.9160963330164,12.2420543379678,58.2576286654836,87.070990805477,88.8746643926975,50.1203000002799,141.904893312156,23.2538982679845,7.3416576126069,18.5351055420613,33.9134941521501
28.830414407478,71.1690102113877,18.4592898123268,49.2127423846211,64.3454422940271,78.0210502420033,96.3657037641536,51.6094355172749,77.9996407876681,35.9525741831246,107.629688128974,105.122352356567,44.4344266855195,90.5322590839498,34.1192097800025,90.5812955269057,74.2944649895499,100.598409462955,161.028461915032,63.1797008486342,112.480376733271,82.6968560037923,15.6266344210408,56.7019384930089,53.7254290550936,10.3695381413517,88.4426302923025,88.959896146997,60.1020482645737,18.1481254896627,88.8485636587771,17.9977906195443,74.5652912035837,26.4050164379075,55.260985101965,108.655637280961,48.3974632315094,28.3704471308502,70.4682088032442,93.3745795039942,44.0829063565788,98.0859537525679,77.4820728927156,14.1598781957445,79.6453128384508,100.369845075007,84.9608621314922,43.8810736539713,45.3730485079593,74.0599477038143,62.2230867325953,70.4904496738497,54.9432118594354,89.7953099236619,62.6502715473024,18.4592898123268,7.85178754650854,63.3689900104899,80.9314908353311,70.9039604163688,132.512397809111,97.4684575402139,58.8490041180384,70.0433626480901,70.2721842233257,57.602657905488,47.2769033204829,21.8112524914406,15.2670454279257,14.1598781957445,89.6627378558752,84.1429053137704,11.9904181183151,16.9330692477165,51.845855188158,66.5538554772195,9.97014659764557,117.861267840107,72.8814437183722,143.221693422844,87.2834662779385,83.0039895044878,39.4651695104214,124.680740415726,64.5070160992323,64.0598390676179,110.44539032453,14.8608544282282,69.2888527109878,33.6553079534215,54.3231151506858,13.5220335278303,48.0532605132235,81.2854606043042,68.873903161072,144.719586017739,116.539586127694,28.5626480282931,37.6283977592433,78.0225026657813,14.0713121164708,101.67859482103,51.9633578700893,11.5440219249647,135.604247332464,73.7500971278235,94.9837510190441,60.9895006497509,88.9047156537243,70.9197104621113,44.1136038583647,71.6415351114237,40.2924943778173,18.6713310448071,139.027982233462,143.764569110105,59.5863837587313,143.353113552376,84.099124864094,83.7511542360665,85.2287345657597,80.553112978061,102.303488885356,71.221230687944,70.0938179759269,35.7114660730578,90.8540945142487,100.718524356741,108.7997184166,99.2927680521974,25.0119566393805,90.9650097805986,83.6057346242537,30.5179507043732,145.952761128895,18.8030112487315,122.248080510405,49.4623605384993,83.2982539122189,23.9597861245167,9.61494110417043,100.331385281498,6.20884242928006,9.70923112510594,47.3472397724729,61.4025292053538,52.7581383711348,51.2464146171479,57.2359376322379,13.0583674701681,12.0930488881076,10.2577801160343,92.88356512598,108.823891835849,89.2783485633176,16.9330692477165,66.4318344353651,85.7317027649828,69.9639227155667,67.2245532128906,40.6094381960053,74.5936496035848,109.836820546937,120.142068403419,56.6825610158527,36.6345540941472,44.4654240317532,121.287288233926,75.6612715248843,51.9165850939665,67.7615369843855,25.0119566393805,125.443028377654,52.0586017883831,46.6197416168472,107.234926937198,79.0038736006074,59.3789992180871,104.316795407405,51.2161394257526,34.5702958157552,9.81478486582083,89.6756408184743,35.1659941025872,133.547600426347,114.902190499311,125.31518686383,17.672690985766,16.9406048545375,47.1947097311317,11.0230725884078,54.0857887176,84.3836719577669,86.3801392921843,51.1846938664265,145.220279395719,18.9270979839779,7.56677315224835,18.4331479105794,38.543234619534
30.1646971619014,79.1237698748236,19.0301709345512,15.7333490102245,54.5246445505543,86.8334107156426,98.0510779791016,56.5013655129851,72.1071364024814,34.3229090591416,104.40118087868,90.9948884622568,43.6295434981552,86.1322250102816,31.4449847005691,97.6646550559961,70.4980674900295,98.5154664197239,137.77647235113,58.6296591480857,103.059694631852,78.919348948933,17.3118756317413,50.0043368698327,49.5742599623257,10.4374862223517,73.6298813993931,96.5693923030588,52.8013674482076,20.1765923207083,88.2263690011929,19.7684705950617,71.2585651771335,27.8646298466007,56.5883396504746,106.932221578303,49.4190164774558,27.3416405531848,69.4396443053562,88.8300003550969,15.4164194040704,103.809389262386,88.8605306307581,13.7066505492837,92.1275100689415,104.856835522348,74.0938684767849,13.8528763914802,52.6392763162141,70.4419580542537,68.4206672148855,68.7002955986044,52.4117912049408,91.8316738064319,18.7194892258586,19.0301709345512,8.00709476315772,67.7524991041344,84.5155664921641,69.0191780411636,128.537497904469,95.9224846441704,59.6619971893904,22.1592284154051,66.8080139115841,67.6484774354283,47.308554691883,21.5795370786782,14.1139785638676,13.7066505492837,85.5670365054752,87.9044774480331,11.0506227053603,4.13993465372786,16.5751570606184,59.2298129242655,9.6085959899785,112.477486735536,70.8063903887516,140.950016392705,91.5017544634025,83.6866903424517,42.7242659036665,22.2877232536122,74.7457957472645,65.4819076669279,101.19514648616,16.1143761465581,68.2260803817797,31.0332389822621,53.8318969691835,12.7767200604093,50.8835913778546,93.3049675962703,68.7839171770427,142.424150518334,121.896350232421,30.573911664087,47.9392608323941,74.2109335811454,16.6369897501978,100.065843827856,16.4543520052466,12.2062817222138,143.516921214625,69.6851064221104,89.4875232042156,61.9599841169467,84.5837831801026,83.2880045360921,46.6876866615553,78.1482424863151,39.0028171542956,16.9575895285563,129.990442872896,135.464079960672,60.8441080210912,139.05303079174,21.8504886350644,90.9151024175258,94.4201555689079,89.2402955141839,93.7351619056164,77.6897647058896,69.349164821746,35.3447064562441,87.8167013744567,97.6973274009813,105.536114425506,99.3592434780023,26.4714349369662,93.0630011271837,21.722296839422,30.2979065184564,143.637765914009,17.8891503662226,122.329924267661,63.015943926514,89.0603570078887,25.2122227168937,8.52664763823962,95.3407133413197,9.05481047600537,10.2459368670483,51.257250049556,52.3726169251125,51.3751069103605,49.7092047262788,56.4005133401827,14.2443690792911,3.98276934679902,9.25666435603623,97.9780245016574,89.4080062333659,85.2002057191851,4.13993465372786,67.7750818832197,94.9773659494071,59.503987049577,67.3342578977877,40.4440636194005,72.864076200011,108.094669785157,116.538234315924,55.7057704085662,33.7803734788497,49.6335481010962,119.363518586018,73.3070094182209,16.3073546298084,59.7575817024776,26.4714349369662,132.867010293085,50.4283643898902,55.1637928958765,105.590126819798,69.4071613242549,72.5368279794685,101.412394048566,17.2086130989674,33.5562752187314,12.1471283975862,89.4052269045157,37.6422380798619,132.557058346205,113.307803371353,132.627481468472,16.1499916719232,12.3587956547326,17.5316495571043,11.7054958019847,17.2086130989674,17.2086130989674,88.7820063536137,49.5463804561553,142.916902266672,22.485974443223,7.73040181573979,21.3220333904488,37.0744609882641
33.2271523876665,76.0517546316329,18.5622504646355,16.6355113678786,65.880920651736,87.6215993638003,105.551305014546,56.1181530454852,84.1535879788033,36.8116394326556,106.088815203669,91.5875955840484,43.4836666812673,88.9399090391846,37.489726817555,95.882229979428,68.534536822957,100.230082666459,139.115182887768,58.7467616421382,116.08939561385,91.8266656837031,17.6076211700169,65.721869269744,53.117930650334,9.92116232822572,84.3985959968933,97.9296606422901,58.4086769612921,19.393227230004,84.9665414818049,20.2358781120637,78.799013803686,28.6884910139202,58.9317185556345,108.960515048038,56.7080695348356,28.7020557533845,70.6330699050687,92.5292764288552,15.4164194040704,101.489419771465,88.6364554959625,14.435762934936,88.380981018979,104.622991325412,81.7913863157336,13.8528763914802,45.7509867453338,76.8326867797617,61.5324217389747,70.3715015782687,52.3794741291572,90.557296638161,18.7194892258586,18.5622504646355,8.11062780751934,60.1790461361359,87.6606647429666,76.4635875763492,130.61529330569,97.741945105506,66.7378577673209,36.0803510216009,69.0249466527637,63.47947284285,48.1603092962564,19.6992932464189,14.3979264444889,14.435762934936,99.5615873594928,87.7084391846849,13.1749094595784,3.98688185360686,17.5255893406484,63.7187240886878,10.0866828850175,130.873261233953,76.269932863445,143.623560377751,88.7333472096637,81.2070131460979,42.2756438674188,22.2877232536122,72.1282743877951,75.4276870076896,113.989115110405,18.1034800449501,72.0071080545097,31.678611607253,58.1249613017212,11.8334543999602,46.9589032769055,94.0279194831435,72.551012170747,145.125655922084,119.588486623421,29.5608861480633,54.7644042108381,80.9435963021123,17.7443444023096,101.96389564595,16.4543520052466,11.5469017886306,140.309553547647,64.5404708957832,96.059453425464,62.8833866253385,87.3409920773605,78.1551754380672,45.6442934827097,91.1363581058477,41.0775353329111,19.8392546390271,139.793195535482,147.49488087764,69.8183038510911,141.300808697917,21.8504886350644,92.1957249049121,96.0331719934016,90.7648223646613,105.585974538937,90.6016820357141,63.3067117814879,35.9663150662941,92.7510333168516,99.2765946256806,107.242094834266,101.148131210266,25.8798418077605,91.0276867063325,21.722296839422,31.3806889634556,146.362291209664,18.472289624124,124.532381665192,71.9875643678499,79.1050869583558,24.4925245541433,9.59962884492482,97.4148245935166,8.33660720981774,10.5488739436948,50.7190282357152,59.4785376298367,53.1622569672838,50.5127488955872,57.3698416990825,16.611760931533,3.98276934679902,9.29018716607482,94.0889820501765,102.560483148448,99.1347611321636,3.98688185360686,78.396094785935,96.599901416633,70.6164868406325,72.0265858535271,41.7014446800532,75.1326839587383,110.145012606079,118.422062858378,55.5857864155895,34.4828759897117,57.572961397492,121.627609256717,77.8741565750716,16.3073546298084,78.5407870271277,25.8798418077605,129.310080794259,60.4556978214695,49.9015427809094,111.441836154977,76.7779445970826,88.3588319432632,112.541326665032,17.2086130989674,33.9833840240982,10.5859830073542,82.1355837372257,36.395013057624,133.548505141136,111.771770386178,129.663474909423,15.539426973445,14.5279714505834,18.5921031465139,12.0175703605545,17.2086130989674,17.2086130989674,89.0263071175828,52.181953568998,145.627754199828,19.0739100049138,7.45186143862541,20.4549349804103,36.7025924743213
43.5955875227499,63.2025091573666,70.1616798891662,24.6914989573302,59.1113340507154,86.7963947355988,97.9261622544264,62.7756012593018,76.4442926461561,46.8108861411865,119.619642115167,92.0843158346075,46.5343267219784,75.8959363942728,41.3879850890024,84.77693546726,58.7742998965661,98.3635934970901,122.636985649254,63.2760910087973,122.373022511401,87.0186800698222,16.6805406744267,61.442245606323,55.352113276671,37.2214025933561,82.3309140858108,22.178146635273,15.0435351561762,76.1643932444601,96.1303656366649,80.9031069212146,71.3945020489865,51.663583878227,51.3916294664619,124.259739346873,68.4695801758845,28.3786276240314,59.5171054305369,93.3485033298633,40.0780552870054,82.7647109658973,101.474497324897,14.7813808389515,94.2823315350084,104.084661928887,94.0394523696227,38.4691022526929,39.7006984420868,61.0227437948878,58.4255855459708,79.8322308718744,50.8535016248026,26.7622791429115,14.9864300179514,18.9299769639047,7.98049268501167,10.9733195620277,84.6491542091215,87.6852318846962,108.251934738259,113.597825406086,77.4584174982664,71.7559665346527,78.4626517333223,72.0888088091698,25.6066592238285,20.9809569736495,53.2781902124576,54.7854079653593,22.1015494131293,24.6429268631611,64.894373156556,27.3752413393367,23.6931451603175,83.2597150515742,35.4718037664571,123.374549720252,58.6988459895365,141.013341291159,64.9925104760507,75.8564231103659,33.0657321806617,52.7124220124005,60.7853839568546,71.2251279924432,79.658251689404,67.3456084829464,72.7524460321249,33.6564776693218,70.1010709957719,38.0555062391492,47.274577357694,88.7126039928647,72.9440415203221,143.530687087415,121.773899365187,38.4528724542283,13.1249021526411,58.5554052150372,14.0790015707424,27.4782977234284,21.4712923741232,28.450415760809,133.300244191661,74.1092627395584,23.1281618665623,50.4955827142923,67.9983046955035,65.2380569660606,26.1482483774091,105.488475361209,43.8301559772882,76.4352659728255,137.936723653712,160.770034350062,61.9627712781463,138.17097566906,94.224601514921,22.178146635273,93.113571194933,85.5584781012639,103.262510786398,102.228006843866,96.6126143669616,19.814511481107,23.4774877189152,26.4522053312453,125.74706944583,115.795994086789,26.1482483774091,73.8301012478964,91.3122800907401,29.5715411890175,145.599339325928,71.3373407072017,104.791656062358,73.2654015759883,61.254907273486,25.1375500095503,9.22432298222208,78.6122138604813,9.21624842518852,27.3634412434838,56.331782418622,58.4413281679946,43.5659369990267,26.4522053312453,65.7670910782837,18.3133178584119,10.4496632019615,9.31811049373479,80.3450606949225,95.8670807343946,67.1275167134003,32.0085897707216,78.0933899311994,96.0833431467835,63.5811363095885,111.542659876452,41.6343039802209,56.5815972584913,130.624852212217,111.726535750591,62.5202546699079,27.5464121807916,31.6943652889662,116.060456000456,84.6046607665446,45.3476740704531,61.0769515006834,88.5825149465834,135.969540037427,10.3260957767868,46.0581688726538,96.5976677902604,83.975532276098,72.7926381381053,83.8943517345302,29.8589665908215,36.9649327957372,17.4460144831237,82.0651183525445,34.798614724211,128.065244042764,24.4523557686202,125.609787157909,14.5732809157244,13.830955241489,29.4194383843314,13.0263509050551,41.9869665580202,29.8589665908215,93.2838338963994,52.0473332708131,136.698158345525,86.0986982173845,36.9242956121956,91.2898008524137,10.0138447585724
40.3230747639372,60.4149516169381,69.5006106032159,22.3760243598276,49.5064166096718,93.6586336282269,100.660281556381,64.7845303668699,68.8251777993485,41.1032980402035,123.047568677748,100.186588925509,45.4179111015771,77.7170089817097,37.1387682075657,86.1030181551235,76.2456172776391,96.7047852687087,124.565459909853,60.8840464851691,124.291306364929,85.9361951249164,16.4919740212031,60.3972336461541,54.0002526232197,35.6831981865211,77.3038143547819,22.2865102436746,13.3964218873151,72.8051495762677,101.3152816904,79.0165318660487,84.7321483409531,46.2415654792559,45.5372129473923,127.824604859372,65.5660054733913,28.0042148524059,56.0394193463785,92.52958688991,38.0412547511577,81.3704351053108,96.9391917348393,13.2048482061323,87.8671635591004,100.799188144078,97.3046285839271,37.2084096869806,46.0560071420374,58.1223647333954,61.0903296965411,74.8315049731874,50.784485032912,26.6070003038933,14.2919513043102,18.751617118839,8.32193507546369,16.6283001779902,84.2862366933898,87.154898008041,111.354098195518,116.856813170051,82.9364303467195,67.0361939296799,75.8870317721351,78.3605554284201,25.6771691741904,20.676792302701,53.2821725035058,48.9421796228419,21.8266131065845,23.8650630675789,58.2318051350853,24.8080956171885,21.4712923741232,65.4942638477532,35.0038073383455,121.839809219137,54.2121133429768,145.058847903464,74.1537624274411,80.5001072076435,35.0653217518941,52.1357749380986,61.7725093524998,65.7473551888845,80.9069512383738,67.2096764173136,73.1183356063229,32.7981469114695,63.4587484791105,33.7783013757418,59.4975162846885,87.8872044502815,64.9813440029592,147.648413384545,123.905575194552,34.1779776541228,13.0204798131481,55.7722974643641,14.9706828303491,28.2666177087373,29.2048587001422,25.623130660721,131.054633586396,65.7798373728007,23.0678610047895,45.4725994204027,69.6298788555465,70.9137862502891,25.7077481801178,91.2143387840435,39.1553781637255,75.0215635909064,142.037018779726,159.771438593961,59.3351294156224,142.130525700298,92.9452945145746,22.2865102436746,92.0609605612233,84.5912746882956,104.881223825033,88.3950594370123,95.2120040852041,19.8727123866561,24.3252118781959,27.2102431893299,129.350589000797,116.114847464881,25.7077481801178,74.4848412229923,90.0725142837266,32.8799245032231,149.776412818386,73.0490328187221,105.080208130111,72.6824985914568,92.821955996173,24.2117733211538,9.42809683540264,80.2053671245426,8.04951723708486,24.4916876649664,59.738343750389,59.2188589556154,40.5591886373371,27.2102431893299,61.9242076620957,15.8352575831361,9.92661282179759,8.34763684055718,78.8006707741416,82.2358618095875,66.2924715693822,29.0069463045203,78.1895362942028,94.9971604623394,66.510727897603,109.274093448379,43.0861885784705,57.064250592225,134.372325313112,114.9282704563,59.7455481148527,26.8439045364815,33.481771159302,119.390093734573,80.509697021113,47.4391516548781,60.0381524760217,87.0902308460451,136.321884426016,12.0532213526752,44.0878056605144,97.0834807280233,74.7810702008164,83.5225145811129,79.6858586224077,29.8589665908215,40.180264607516,18.1479616802739,114.127145321364,30.9299722108987,125.327356817069,24.4991841430524,123.493731993289,16.8888599455413,13.3548014777065,25.029114164881,12.8275946516108,40.901226203128,29.8589665908215,87.0950004189921,46.4961388156626,140.619867443495,87.9792638749878,31.1149514801452,85.0782509530779,8.84298815530649
37.4556607008605,59.3528278081529,68.7794760006439,24.8614920858899,50.6283692515794,85.624534766583,96.8354480317216,64.9698366142963,70.5541254723025,46.3600460486266,121.21699862687,98.9215309793702,44.6383494239,79.3976474723764,37.5085036369971,85.6553467912767,66.2754535689812,98.9179077364791,122.528857110163,60.1511892023666,121.345128407783,82.5244406449246,16.5189502821696,60.9943049236795,51.2226079278726,45.4828858691453,79.8269853745612,21.0959787300812,13.8255651706965,71.5252001482284,100.035584687453,84.7673810757643,79.973317850747,49.0424501230806,48.8240469302487,125.12136706096,63.4411963600455,29.021638340596,59.1020588250004,89.1153465255281,36.933258225456,79.5495535946809,94.8038335385819,14.880174292529,87.047865137,99.8126980049154,94.8791749456752,39.5994805980334,51.5400844110866,56.7572356347658,65.1691470322849,75.6801540485237,50.6333607662944,25.4098589789564,14.7177397987898,18.5570513468089,8.07766869430934,15.6677488535112,81.7689246899622,80.9778483683043,109.697491085035,114.385522492402,81.9199723083382,74.114553093126,73.3634417727397,76.9698012369909,25.757497197012,20.4867036720746,54.40676476941,55.1515740033986,20.9600743339382,23.6315031568284,58.8115325336317,28.6609189532869,23.8562649400514,64.5955328692554,36.275533610616,117.002644688633,54.0749015999824,141.991139921279,75.4219210479277,79.4770064103912,31.286424617051,54.1313082315419,61.9010097781766,66.7842721593082,78.9891479479448,70.9504643084429,71.0320507131192,36.7342242531511,63.526967346261,34.7526142794618,48.5409479444802,89.0594194117745,70.0745885316058,144.525941209679,119.886010764282,34.1779776541228,11.8613546966107,54.4623647643567,16.1534645014726,27.6688346018967,26.0238416159191,28.3609602990772,128.121935010175,67.677213550602,22.8154072131183,48.1386673769948,71.1356323069259,69.6551983686885,25.1324684328666,95.0802469931523,44.123101036144,78.4950595511751,140.234587731414,160.265912917432,57.4122454025795,140.01605983593,94.5297874955598,21.0959787300812,92.2115465671034,84.7296423754233,102.395138846212,92.1414790293449,94.3366884554492,19.3413624264292,23.601197533671,26.8054383094388,127.426249358553,116.47809919461,25.1324684328666,72.3436475627864,91.6080332942116,33.1585091909013,146.608937660637,74.6287258340569,105.408939280321,66.2120680958784,87.4599976589721,24.0127210400855,10.0403640092317,78.8928375731076,7.84297753026722,25.9751666772185,53.3005001841475,59.910388637322,43.3952515184147,26.8054383094388,65.3084597703498,16.5063982513696,9.35280913593923,10.5725904849541,78.8500220846857,95.9596153020104,63.660592923396,33.5118724929528,67.8223478889272,95.1525492707634,75.7241060832893,109.668829111407,43.7508815156533,55.6894106710106,131.530616166062,113.218490635722,58.4300845214016,30.0654183827824,33.3644012712435,116.865229179002,79.3191910910701,49.3962067207917,60.6316739708825,85.1413535800108,137.308167071165,11.1269331176631,47.6256351283672,94.3133985380643,77.1766198685329,75.4774514338558,78.7074456419345,29.8589665908215,41.1181494821374,18.362497990742,85.4367906057681,30.9299722108987,122.32127929294,24.1509965466629,120.730228849005,16.267879630567,13.9534142119197,28.9162628047592,11.9295525952855,41.2725680339188,29.8589665908215,87.043118959911,52.3951989986058,137.646035126164,94.2546553010908,32.0541393772085,84.2849571452718,9.64178677923645
39.7030753238088,59.5155589575365,69.0629609797155,39.2224194084744,61.0749124901079,101.207857080898,104.610603727107,65.3227982707447,77.3667253524219,50.5687060683778,120.201814312975,97.6879191677181,43.7549784606411,80.2217797015308,41.3488302728307,83.2985901223533,72.5919876272112,99.0938759938278,115.293344527293,55.0289585982879,122.824267777994,82.2997431210691,16.7358743076709,73.5399792693637,53.5297170991243,45.2304436400348,83.7548594829329,21.6778735334754,14.9392972319009,71.7213050089376,95.8483324677026,82.6548319243602,94.2511940800224,51.2150293100208,45.8272225158755,124.041008532176,64.2941195834096,29.7521385759871,63.8186750925473,90.9858396600368,55.3947448602669,78.115504666642,101.141929624155,13.8654212720347,78.2869747929864,100.783056639233,94.9571405972481,46.2716217721936,45.1339182323158,60.034251866899,59.4135683152929,81.8469276498663,56.7374604603396,25.6061713037856,14.4333566497643,18.633537031472,7.19965409873567,14.4391470178678,82.235424677313,81.1235862050901,108.778781881831,113.397862449222,85.426662224859,78.6686716640292,71.4335196753198,67.6111210632947,26.252934343961,20.5416017564235,56.1662690098228,51.3905141391294,20.9030042494171,23.8612437969321,64.8329802850243,49.8589547506276,37.6365354808868,74.2975378928332,37.1886207882075,116.684069920472,55.2233025973732,140.765119596941,76.0373709952748,77.7980601542453,35.1538914691934,120.85684138961,59.7174685925894,70.4086722780788,79.9519880724912,71.8603498617972,72.4971398532178,33.2486144570707,61.6676277370675,33.095535601106,46.3189847203475,90.0241844079753,67.7288390973572,143.278034182413,116.219789401642,31.1310296958393,11.5752252195632,57.6068810780412,18.1486570472056,27.4299284730249,40.7702356544605,27.0707611436352,125.812266190463,64.4502198434979,23.5290485930858,47.7059906886446,71.8740064161312,61.1858933491683,24.6794025414002,110.010917640585,41.1141275409558,81.5627886028508,140.716846952616,161.798582515674,58.1841135295837,138.84343463279,93.4077521095133,21.6778735334754,93.4224528012981,85.8422975253814,103.643286861489,106.610668160222,94.5894818556428,19.8942524129891,24.6046761757239,26.5809445436543,126.359062982115,118.718517846533,24.6794025414002,75.0109816773286,90.5206781046416,32.2942709211813,145.343045032398,75.403357578681,107.436446213177,64.6148454427258,80.6017364834937,23.7996936354565,8.51040046179209,77.774739716708,8.47993427092454,27.1258658441361,59.8892338022568,60.3589093910816,42.5018630555908,26.5809445436543,70.5203753936844,19.0984360684811,11.9514722624885,8.34439552183497,74.604839530752,83.3439402739766,63.487257878829,58.2977446382025,72.4255187429736,96.4020762486852,77.2459635353352,111.594803616168,44.0130717478844,56.2624818612161,130.39491707398,112.270293295098,57.9794686013395,27.2125932865972,33.4293040774277,115.856158146392,81.8879446554098,55.328670985228,73.1027602079369,83.6065006321828,141.315655894975,14.7424730473049,43.7481552812581,96.2586828791004,83.393658728192,88.3128426602603,80.4718392193937,47.1426536466484,37.7613268937931,17.4447319759963,112.753005672392,28.1725821560662,120.538666517025,24.4241600341455,118.553811164188,16.4427719197004,14.6808590856297,37.1649718015555,12.2420543379678,56.9490568927237,85.1152187734822,87.966067601049,48.8221100415814,136.457532542673,95.4151756569358,30.1242201478282,75.8021383416462,8.17355637529583
34.3258702312444,57.4426378029378,68.4171346464582,39.7210770206377,56.8554430993178,91.1495888157587,94.2011556578103,61.4468720856908,72.8153149230244,42.8056072468048,125.740448082853,116.574363271993,45.357276998398,79.9940372074806,35.5543167505542,77.7839846776884,69.3959183197997,98.3387871263912,153.623649510374,64.5676048753439,124.733969553868,85.0825095521956,15.6266344210408,62.8790378823492,57.312765013357,38.4334443226891,88.6875800426342,20.1850265730046,14.4853101115828,69.2232589014562,103.799039095841,73.8483644165958,82.6884211529492,42.3214416069307,44.6027947054095,126.93903286298,56.5412649483019,29.5637522131682,60.5124716083086,92.910481348554,51.5007011023617,79.1681083975919,88.2217455311416,14.1598781957445,77.8563349723678,98.1153567082458,96.7371584062974,52.2453828989433,46.4387189938684,59.7759999614834,62.5846311872362,75.1972138500808,53.5201013446506,26.767505306997,14.2153650213197,18.4592898123268,7.85178754650854,15.2726820177407,79.1136230837512,80.7318508587695,113.791067580017,116.047226303384,70.0663975912119,73.1212953667491,77.9276238395045,67.295410232166,25.6519229189688,21.8112524914406,56.5854652760512,52.4818832655613,21.6097886976917,23.2296432030128,55.747461336308,59.4222081798692,38.115030820951,77.7528185282761,36.9531476644638,120.629459061532,53.579567036164,144.053876648723,71.892981735301,80.8540633127842,29.0132383154776,122.687470699801,55.3934752498178,60.2349509865947,81.1951011507847,64.2244980161105,72.0145634184998,36.2295867411805,60.2410659358382,38.7605453836915,49.6422154165489,81.5127369736836,63.776147684248,146.625501556662,119.276735194382,33.3688615468874,9.06889243017535,57.3590710972249,14.0713121164708,28.0707858882273,38.2014141649445,26.9139705770344,127.507582137745,75.4822554117939,22.8922163021058,49.2264510241159,71.669962507613,60.9001851854989,25.0119566393805,75.2188809141274,41.9872592892957,80.7645018761425,139.835798088571,158.548692716435,51.1680290542025,145.241033039922,88.2985274993908,20.1850265730046,87.2304900123257,80.1527411493827,105.254758051649,72.8939938372164,100.435939526615,19.3766450568804,21.8969198545879,27.8057356828414,132.181409153535,116.000681255427,25.0119566393805,73.3308553156264,85.5693708967027,31.4261076975008,148.738758158252,75.189294156271,104.976891376804,50.6240761278767,85.2546684279074,23.9597861245167,9.61494110417043,82.6401924340547,6.20884242928006,22.4154074072827,49.4278311793428,62.0675272319484,43.4554222013427,27.8057356828414,66.8669822372406,13.0583674701681,12.0930488881076,10.2577801160343,78.5433264240621,109.298383804716,65.633925697337,69.4796097438146,67.99210970032,90.0126264856701,74.6355298139733,107.031924496436,42.3175342568769,54.8383133689199,133.441390548883,117.443460117517,59.8200795162702,29.6523937922947,30.5203398329358,118.562956238045,80.7133000477429,55.8876604418805,62.5052015799803,84.7330953443678,133.257585503792,11.8121120410891,45.5505745559289,95.6179379878054,80.8594266026035,61.3424570761896,76.6895995382144,50.065732244796,37.2145615977894,15.7017407812029,94.1535009981563,30.1977481172018,125.573733608155,25.3685776043272,120.151319680356,17.672690985766,16.9406048545375,38.1998949479266,11.0230725884078,52.8709240201421,82.4882619705218,85.4970449034816,49.8589345310658,139.645649554213,77.6614896137071,31.0479121030634,75.3851670722329,9.28937901932592
35.9144848114166,63.86316236551,70.5330367750583,12.6988567908582,48.1778151681511,101.444798008367,95.8486733177503,67.2712682195711,67.3144618657561,40.8653065360485,121.968682547268,100.907855900268,44.5356773423697,76.1061800727458,32.767609609635,83.86660831287,65.8498332807154,96.3026307535597,131.440890930288,59.9176098493908,114.286999970884,81.196028304785,17.3118756317413,55.451800694744,52.8844154789021,38.6852857019627,73.833805920929,21.9116234865563,12.7257590030213,76.9605364896272,103.072148250021,81.1138017617319,79.0214609641128,44.6608813035491,45.6741422812666,124.925619403808,57.7347141268582,28.4916724325044,59.629222537092,88.3884900475642,18.0105277400611,83.7876644656397,101.177354043221,13.7066505492837,90.0581594631503,102.501561229717,84.3639072386166,16.4934166614019,53.8756076850434,56.8558122506076,68.818222432946,73.2875282197059,51.0542482321478,27.3745345726163,4.24745760530863,19.0301709345512,8.00709476315772,16.3291599653618,82.6171939149776,78.5858216564123,110.377740893977,114.206570658946,71.0343578248633,23.1329768418289,74.0860674121213,79.0316316317905,25.6690966017274,21.5795370786782,52.3117618076789,50.8020495759305,20.6226758471644,24.2681143401274,51.3780383578286,14.528025324059,12.1854026697948,69.196365300587,35.6131038785025,115.119229838212,52.0540695527765,141.76900014109,75.3674692688977,81.5190811885025,31.4091976265193,21.9314096509643,64.1857217575331,61.5721106427186,74.3946861953126,69.6418717950438,70.9099833553773,33.4069569389678,59.6963345304562,36.6241243772216,52.5661355206479,93.5658508356921,63.6928220827709,144.299835828528,124.759312873337,35.7185588764424,11.5539333471701,54.5569556222301,16.6369897501978,27.6255477542809,12.0965915509095,28.4579767140089,134.947805691254,71.3217908341893,21.5675598778983,50.0097572712351,68.1866706922658,71.5210886638987,26.4714349369662,82.0504939778875,40.6433362381253,73.3515606363181,130.7457465109,149.394617329879,52.2480622352592,140.88431941972,22.9415701380515,21.9116234865563,96.6377886434649,88.7967459232881,96.4392504576653,79.5144534148654,99.3689418751634,19.1776453602099,21.1648718989675,26.971662660682,128.216437729527,116.078342446986,26.4714349369662,75.022137493916,22.2324854070663,31.1995154091845,146.379573510142,71.5349563587808,105.047172261211,64.4959906457113,91.1521052383649,25.2122227168937,8.52664763823962,78.5295137231568,9.05481047600537,23.6544836748521,53.50966000007,52.9398197317968,42.3162573653338,26.971662660682,65.8909817800393,14.2443690792911,3.98276934679902,9.25666435603623,82.8512552288538,89.7978414082932,62.6358356931846,16.986940754683,69.3669058143437,99.7199622785133,63.4771669042058,107.206591385089,42.1452037686561,53.5667991206726,131.324841480546,113.920574665739,58.7892211578717,27.3421899519085,34.0676556705737,116.682397938011,78.2018399575744,17.554696569632,55.1221217297095,89.6773752152059,141.144049324609,11.442210696392,53.8986784127392,94.1513225844122,71.0373176784397,74.9353696654781,74.5543980470477,16.8220765051256,36.122979038864,19.4330353586345,93.8695842456755,32.3241487440216,124.642334864169,25.0165622649226,127.162296311575,16.1499916719232,12.3587956547326,14.1903017342531,11.7054958019847,16.8220765051256,16.8220765051256,87.8743568375202,48.2630558631724,137.430693098458,92.264237874962,31.7193116890434,87.1997044268383,8.93538706485868
39.5606842445175,61.3836469357525,68.7987459047412,13.4270190260255,58.2121872490904,102.365614518348,103.18043168029,66.8150104202733,78.5602337228686,43.8284216211942,123.940293725494,101.565132433571,44.3867708371039,78.5870414027017,39.0666029711019,82.336003964164,64.0157664520526,97.978733616331,132.718041539755,60.0372847997995,128.736154328169,94.4756975987293,17.6076211700169,72.8815983605315,56.6647029330659,36.7715933690098,84.6323454336691,22.2202687723874,14.0771874407196,73.9725097361713,99.2637922091725,83.0316638691588,87.3833647621173,45.9813497973643,47.5655535188871,127.29521216359,66.2502902050527,29.9093088095495,60.6540411602086,92.0693796695556,18.0105277400611,81.9151476667545,100.922220193754,14.435762934936,86.3957842360074,102.272969596648,93.1283663535585,16.4934166614019,46.8255338141112,62.0139606411194,61.8899531156478,75.0703233929785,51.0227682164631,26.9946495024071,4.24745760530863,18.5622504646355,8.11062780751934,14.5038675165252,85.6916475671614,87.062089509392,112.161985695422,116.372844192305,79.4589704072417,37.6658387639305,76.544512423352,74.1611120321973,26.1312491946998,19.6992932464189,53.3641804315021,53.5044168267151,23.9955294327925,24.2139933314133,61.2545574691279,13.9909262773208,12.8841230499505,74.4406218902949,37.3850753792016,133.947063336257,56.0706508023048,144.458078633548,73.0872086351695,79.1036313019833,31.0793883741406,21.9314096509643,61.9380033943307,70.9240468922291,83.8003080461938,78.2382280808208,74.8397505036467,34.1016938146443,64.4570845501452,33.9202787340743,48.5116715764903,94.2908241157993,67.1810926124259,147.036919285458,122.39724479242,34.5350723819767,13.1988742642844,59.5065440933898,17.7443444023096,28.1495499425906,12.0965915509095,26.9206847505239,131.931943693654,66.056323968081,23.1514734055605,50.755063067653,70.4093768427674,67.1134248345005,25.8798418077605,95.6871576893099,42.8053202865912,85.8164591838571,140.605457628162,162.662613537318,59.9543851231665,143.16169991776,22.9415701380515,22.2202687723874,98.2886897605987,90.3136954427297,108.631937432725,92.7296311529581,90.710839553612,19.5149232915219,22.354104719527,27.407656806774,130.289043226123,118.168244860856,25.8798418077605,73.3813819146308,22.2324854070663,32.3145194295768,149.156105491532,73.8668078168483,106.938466832196,73.6783262897833,80.9630171444222,24.4925245541433,9.59962884492482,80.2379019062789,8.33660720981774,24.3538653153041,52.9477869726368,60.1226985570892,43.7882835333998,27.407656806774,67.0234182323443,16.611760931533,3.98276934679902,9.29018716607482,79.5626397420408,103.007665515813,72.879972029916,16.3589359513578,80.2373729713593,101.423517372613,75.3316667274206,114.677505916581,43.4554722301723,55.2345901973311,133.815814869647,115.762089009832,58.6625957571856,27.9108028805283,39.5171391098206,118.895633034762,83.0739431010148,17.554696569632,72.4482935874398,87.6732330465306,137.365538530101,13.7174155981419,48.7571116026148,99.3691037338457,78.5812175138566,91.2805525043418,82.7359510013092,16.8220765051256,36.5827571972863,16.9355073359311,86.2369389814704,31.2531314721328,125.574584304189,24.6774305928643,124.320427671999,15.539426973445,14.5279714505834,15.0486440345528,12.0175703605545,16.8220765051256,16.8220765051256,88.1161600292975,50.8303637311845,140.037482457534,78.2638873108466,30.576407445478,83.6535733576406,8.84576231993348
39.9883900428809,19.9678690136821,18.9299769639047,7.80090258289962,48.004284270546,81.9608773604057,92.2340158096107,57.5814060774695,49.562860074344,42.9376475839401,112.955507508836,94.2557966241408,46.1167335394248,61.6350512834663,43.9615451126506,104.089168887367,61.5006584066577,92.6460205203297,128.419751201922,64.9428018859534,125.258754626932,93.1201838917141,70.4336441977309,62.8911422483913,58.667385544002,10.0425231375518,77.6189541402286,102.471306779393,60.9633313045374,76.9331890206331,90.7748430399515,19.7171215685232,73.0780872314634,37.8842622992224,16.2364016756191,117.337100100403,64.6550686904567,30.1432484776958,73.075135409192,90.8135902678623,37.8452651660031,26.1482483774091,21.6505041719081,39.3612084059821,88.8019897560505,98.0345408507321,20.0641699099398,35.2860817548885,38.9202851035263,19.2792053859428,58.602500872549,84.6137209610747,14.4423340692457,26.7622791429115,69.2428945101752,50.4084683640114,7.98049268501167,44.46894357114,79.7287593820861,18.7084393496036,132.91178615092,104.198484490916,71.0493329034416,68.3573520916258,80.3129140650833,68.0726663344093,25.6066592238285,86.047057565157,14.3747258474079,14.7813808389515,89.565654962626,100.892157909888,38.65056465057,26.415992268522,23.3595980186607,78.6212297779413,9.57047250333677,120.949324270351,57.8724959137706,141.440336093064,43.0072574276003,21.5431340783744,32.6002397194025,54.0179652317496,74.6323284947228,75.3330877978768,78.5368394842875,15.5830456439607,93.4298126953641,7.78036349292184,71.754155211182,53.4887625222845,45.7713811585685,85.9071926366169,20.3512006663894,143.721579605116,119.380138573,36.3106229582104,53.1881469325114,57.7310744684911,14.0790015707424,112.500628208715,21.1690240112441,12.2030386552251,140.988430378591,72.6524657706787,93.7259613314587,15.9533093677978,17.8397315046511,80.0993229113169,26.1482483774091,102.138716190662,46.5555734386806,17.6704879164008,138.354402317679,145.360710149815,76.0779253077747,138.354739893658,91.2325237364245,89.8760621762279,91.2831985361866,83.2351060495726,110.502986092572,100.218467887472,88.0193048765982,19.814511481107,95.1415905335808,108.299638763057,109.122240539692,109.344878886784,26.1482483774091,19.3697356003461,89.5173161693587,8.53320696502637,143.436028090575,70.597761166996,128.663254053032,71.8251927411663,60.0507937801617,25.1375500095503,31.7046668289629,52.0197741814747,9.21624842518852,11.8524714087919,53.6637114751845,57.7761700524231,28.8287289391935,26.4522053312453,62.1031380697089,69.4600855024798,10.4496632019615,9.31811049373479,101.473869092449,96.8056899907899,66.1825095742142,7.80090258289962,76.5582752972688,93.0322415099396,67.3892795846061,108.844536016792,44.2231804405148,55.7850533674947,113.355139061143,105.23221606499,59.7532370778066,36.1795002406452,11.2420644404528,109.314218868337,89.6719918750118,10.4830158192184,64.1861562339159,72.593280085366,133.631844877083,47.7104126678299,46.2821314181734,73.1722721889064,82.3247898944095,70.4780406717843,82.7133045990461,28.123356753644,8.54517862706751,10.9050888881593,79.4591618076028,42.7257586643203,135.451497880827,103.862752624437,132.485116671011,14.5732809157244,13.830955241489,38.6395357449769,13.0263509050551,39.546393406579,28.123356753644,93.6023398587644,14.7813808389515,133.126012529467,20.9833535972474,8.99892294775196,22.3221419702829,40.5807098737973
36.9866523887795,19.0871827153457,18.751617118839,7.06936369174073,40.2041357095374,88.4408137910582,94.8092091707748,59.4241118485526,44.6229867368978,37.7023182271076,116.192460719301,102.549132983624,45.0103364920817,63.113943404047,39.4481062674154,105.717333954845,79.7824163188512,91.0836337092941,130.439159812092,62.48775020492,127.222274376487,91.96179816294,69.6374208126537,61.821487401149,57.2345562360879,9.62750778967015,72.8795652021391,102.971987054569,54.2884699196822,73.5400374824606,95.6709020306352,19.2573391061874,86.7302544322091,33.9083637687994,14.38678804852,120.703363249538,61.9132551528926,29.7455542213755,68.8052304856884,90.0169118060904,35.9219369052527,25.7077481801178,20.6828555982568,35.1630735906131,82.7597157519505,94.9400415460121,20.7608248637798,34.129701742449,45.1506648255309,18.3628748484051,61.2753139894333,79.3134804294851,14.4227334391109,26.6070003038933,66.0341439104246,49.9335155088363,8.32193507546369,67.3855288838764,79.3869371446679,18.5952878079678,136.720624182622,107.187816238824,76.0740825832009,63.8611244839225,77.6765572757385,73.995007430048,25.6771691741904,84.799618042581,14.3758002897235,13.2048482061323,88.4514864530614,97.7074567852181,34.6823929351051,23.9388012656069,21.1690240112441,61.845510327794,9.44420469422307,119.444752809211,53.4489265509164,145.498092683128,49.069499340501,22.8619348472917,34.5716794869065,53.4270361789488,75.8443216088169,69.5393805602978,79.7679601021982,15.5515924337077,93.8996937268474,7.58194328511344,64.9551971631374,47.4769545657633,57.6056656255097,85.1078951939156,18.1296284633128,147.844782383659,121.469911153404,32.2738869911533,52.7649795312312,54.9871467265875,14.9706828303491,115.728138677864,28.7937188081604,10.9903509512639,138.613302587957,64.4867754240554,93.4815944737993,14.3663743899384,18.267784013834,87.0679865079526,25.7077481801178,88.31785111768,41.5901117158975,17.3436648127046,142.46711332356,144.457826793186,72.8517051560756,142.319556035508,89.9938407980118,90.3152014138977,90.2512795127279,82.2941674022693,112.235198712949,86.657440549825,86.7432733333976,19.8727123866561,98.5769591647279,111.403169269162,112.249344251925,109.645968611736,25.7077481801178,19.5415102558082,88.301920960608,9.48787886931796,147.551038732618,72.2917075586415,129.017538443564,71.2537481259348,90.9973157401241,24.2117733211538,32.4050523354109,53.0740056928787,8.04951723708486,10.6085716785057,56.908926105035,58.5448512650991,26.8390842883863,27.2102431893299,58.4743456832972,60.0611180443853,9.92661282179759,8.34763684055718,99.5233419624235,83.0410114032835,65.3592200210667,7.06936369174073,76.6525316707483,91.9805502748757,70.4943368083734,106.630844317487,45.7653451563631,56.260912008553,116.607164439818,108.247843785571,57.1013333150832,35.256825617193,11.8760614235871,112.450315007905,85.3317634244532,10.966502415885,63.0944757414502,71.3703547965249,133.978131484115,55.6903768029718,44.3021871138762,73.5402731699659,73.3110672299195,80.8667377666576,78.564057772663,28.123356753644,9.28846645688092,11.3438593928567,110.503067427172,37.9758372179556,132.555701066312,104.061658771374,130.253237916097,16.8888599455413,13.3548014777065,32.8732771443422,12.8275946516108,38.5237637971588,28.123356753644,87.39237538491,13.2048482061323,136.945240972865,21.4416714925622,7.58311150559597,20.8032965197092,35.8358597920863
34.3564946484138,18.7516208939419,18.5570513468089,7.85460931969791,41.1152728784942,80.8543029284071,91.2067014480068,59.5940854380954,45.7439545505073,42.5241110199737,114.463873628827,101.254243149147,44.2377705026397,64.4787890661795,39.8408323381759,105.167682803377,69.3497674641014,93.1681141788809,128.306524021603,61.7355892454022,124.206621299952,88.3108211047349,69.7513281735593,62.4326384793156,54.2905466473003,12.2715132122681,75.2583301878902,97.4712875612247,56.0275561045642,72.2471683727687,94.4624982779618,20.6588945878654,81.8592038652563,35.9622175774438,15.4252131255369,118.15072563888,59.9068213639811,30.8262424568273,72.5655409542651,86.6953863989682,34.8756680177554,25.1324684328666,20.2272575637224,39.6242846204291,81.988040625742,94.0108930427234,20.2433323361193,36.322930040186,50.5269392795564,17.9315831261044,65.3664821693195,80.2129586887064,14.3798143268625,25.4098589789564,68.0014455140474,49.4154080339673,8.07766869430934,63.4929326276577,77.0159487409907,17.2773582540326,134.68664104378,104.921005739352,75.1417285810945,70.604227711903,75.0934573896194,72.6817336003063,25.757497197012,84.0200269418256,14.679220984909,14.880174292529,84.939872345298,96.7512244542249,35.0276738925645,27.65661877073,23.5204214322554,60.9968485863352,9.78732289031675,114.702674457755,53.3136464461392,142.421095541846,49.9086733291777,22.5713754358779,30.8459808754934,55.4719934005817,76.0020945034923,70.6361024528905,77.8771552453437,16.4171703053013,91.220454506284,8.49184576378103,65.0250247294258,48.8463961178472,46.9974847866818,86.2430405055852,19.5506306354586,144.718157392507,117.5293609929,32.2738869911533,48.0676708355505,53.6956549851314,16.1534645014726,113.280717235349,25.6574834170736,12.1646691471444,135.511458540017,66.3468540797594,92.4585354666602,15.2086779068171,18.6628267638717,85.5226916014375,25.1324684328666,92.0609984144559,46.8667342113716,18.1466759308371,140.659224432171,144.904907240118,70.4907870870126,140.202277980099,91.5280186154159,85.4906195361542,90.3989053861116,82.4287776637829,109.574796484228,90.330215195433,85.9458135629166,19.3413624264292,95.6429196656154,109.745832131758,110.579418628637,109.988983210004,25.1324684328666,18.9797562507843,89.8072556276325,9.5682676722569,144.430625839218,73.8550233355993,129.421154734058,64.9105096058916,85.7407596747059,24.0127210400855,34.5094589996152,52.2054702895464,7.84297753026722,11.251140441031,50.7760014073257,59.2285102054252,28.7157818572903,26.8054383094388,61.6700575886852,62.6066692416129,9.35280913593923,10.5725904849541,99.5856714744355,96.8991305399067,62.764392412147,8.16727180299591,66.4891354513117,92.1310047519972,80.2595431968018,107.016031654236,46.4713695854621,54.9054267961734,114.141153339482,106.637448204128,55.8440894285745,39.4879668711802,11.8344300536924,110.072213058698,84.0699530570488,11.41891457672,63.7182112498751,69.7732518771673,134.94745718313,51.4105797821912,47.857219638486,71.4419491355864,75.6595265695755,73.0774845921303,77.5994186854735,28.123356753644,9.50527717934459,11.4779609400986,82.7237674830639,37.9758372179556,129.376245887565,102.582712426371,127.33847271527,16.267879630567,13.9534142119197,37.9786641627636,11.9295525952855,38.8735206701274,28.123356753644,87.3403167830876,14.880174292529,134.049119743953,22.9710646190713,7.81200360438913,20.6093206665838,39.0729596260478
36.4179531041264,18.803033319155,18.633537031472,12.3917253221399,49.5989053209057,95.5694621577961,98.5299112708034,59.9178422490541,50.1609217682402,46.3845369940442,113.505246288338,99.991540994297,43.3623267990601,65.1480664296527,43.9199555978721,102.274055644222,75.9593060568686,93.3338539429709,120.729831551616,56.4784375782961,125.720640906807,88.0703684257853,70.6672906671204,75.2741578946676,56.7358383485473,12.2034030189357,78.9614043450473,100.159858517695,60.5409112386341,72.4452526963499,90.5085222320043,20.1440393490144,96.4737729793753,37.5553428236109,14.4784121494204,117.130555006762,60.7122273479616,31.6021661695639,78.3566050514002,88.5150856020275,52.3086460415064,24.6794025414002,21.5795478372411,36.9221077700078,73.7363938758512,94.9248477158994,20.2599670148725,42.4430031680972,44.2467018055978,18.966906434488,59.5934752985683,86.7490864535883,16.113371390913,25.6061713037856,66.6874893306966,49.6190810877165,7.19965409873567,58.514072275346,77.455332519727,17.3084527430571,133.558649369116,104.015066921213,78.3582670454081,74.9426472420462,73.1180249496199,63.8444352273938,26.252934343961,84.2451748523865,15.1539441499119,13.8654212720347,84.7085980846858,97.6918200688762,38.6139995520137,48.1118594310476,37.1066962068448,70.1583448248576,10.0336784403142,114.390362047894,54.4458804945005,141.191362772282,50.3159327830053,22.0945566930022,34.6590023382519,123.850136399865,73.3211414118713,74.4695424207478,78.8264407080146,16.6277079844179,93.1019445647898,7.68607780807144,63.1218392143797,46.517295899069,44.8461736309503,87.177296165405,18.8961725542436,143.468590677553,113.935208086629,29.3966876709148,46.9081424451724,56.7959034558923,18.1486570472056,112.302596616251,40.196280804853,11.6112730105408,133.068577931956,63.1832947461373,95.3505389371163,15.0719803048795,18.8565432972058,75.1240741511062,24.6794025414002,106.517549488613,43.6706587376071,18.8558808828771,141.142943956198,146.2906750676,71.4384872060096,139.028093212367,90.4416131719883,87.848725215134,91.5860083268129,83.511218252473,110.910461109494,104.514977385752,86.1761219911506,19.8942524129891,99.7094771786865,108.826718075498,109.653323340822,112.104585809922,24.6794025414002,19.6795461153951,88.7412750366715,9.3188818193019,143.18354181106,74.6216241978854,131.910528882713,63.3446842306733,79.0173142256683,23.7996936354565,29.250863368747,51.4655954641672,8.47993427092454,11.7495656520508,57.0526694744128,59.6719260577612,28.1246031611284,26.5809445436543,66.5916119748804,72.4379390199358,11.9514722624885,8.34439552183497,94.2241085479091,84.1599387711286,62.5934975420807,14.2079057522665,71.0018198384912,93.3408533248723,81.8725511308605,108.895418442959,46.7498631554568,55.4704304100329,113.155603298012,105.744366656845,55.4134168402322,35.7410619901909,11.8574512286816,109.121796219805,86.792560141143,12.7903215563682,76.8241549806989,68.5154414616613,138.886046110493,68.1157223442048,43.9608851499958,72.9154927370341,81.7543544797344,85.5047471289891,79.3389734992086,44.4023962713337,8.72928094541974,10.9042872234446,109.172563226291,34.5903121630113,127.490819654679,103.742989660798,125.042927460222,16.4427719197004,14.6808590856297,48.8125312804097,12.2420543379678,53.6387834758475,80.1677330476307,88.2664167167152,13.8654212720347,132.891674671276,23.2538982679845,7.3416576126069,18.5351055420613,33.1230139771303
31.4856701186105,18.1481254896627,18.4592898123268,12.5492685908345,46.1722763780945,86.0715504732337,88.7255323827758,56.3626189598974,47.2100027336785,39.2637745210877,118.735317013511,119.323354651284,44.9502465117019,64.9631168662494,37.765131509006,95.5032199881184,72.6149809510819,92.6226560676181,160.867545336421,66.2683346082013,127.675376200956,91.0482545714528,65.9835211760861,64.3618161555907,60.7454690090132,10.3695381413517,83.6118156171845,93.2623489387031,58.7011463870473,69.9219915610279,98.0162867291646,17.9977906195443,84.6383332136846,31.0337857802754,14.0915728536066,119.867127389613,53.3912923036343,31.4020656918561,74.2972465602004,90.3874629351254,48.6315435091955,25.0119566393805,18.822909401162,37.7062145098993,73.3307858227143,92.412212972074,20.6397499555803,47.9224817927358,45.5258535494142,18.8853156829716,62.7741402929097,79.7010931583854,15.1996452229031,26.767505306997,65.6802867271136,49.1550797077599,7.85178754650854,61.8919398991217,74.5149916454778,17.2248724546754,139.712736558923,106.445216419955,64.2689454366187,69.6580141578442,79.7652694429686,63.5463129748473,25.6519229189688,89.4522638341174,15.2670454279257,14.1598781957445,87.5728141106226,95.1059443240213,33.2027378288413,57.3400092587445,37.5784553895987,73.4211281843509,9.97014659764557,118.258195014067,52.8252850987008,144.490078329785,47.5734811608363,22.9624579608032,28.6047960151897,125.72610541542,68.0121399618551,63.7090445334879,80.0520535004147,14.8608544282282,92.4822124682635,8.37518877685951,61.6616370313072,54.4797274337575,48.0637351063874,78.9350112876784,17.793381778686,146.820510106536,116.93206220931,31.5098475833246,36.7513279323185,56.5515820921514,14.0713121164708,114.926371295751,37.6636226469443,11.5440219249647,134.861672429663,73.998468948089,92.7698012622683,15.5523465628646,18.8030112487315,74.7732815076028,25.0119566393805,72.8303248630743,44.5980829806909,18.6713310448071,140.259227236178,143.352277430031,62.824134754357,145.434200278463,85.4946306639868,81.7990219443711,85.5157635564651,77.9761638798278,112.634924103457,71.4610859206341,91.5025604025454,19.3766450568804,88.7364017689751,113.841212567474,114.705905975336,109.538162720486,25.0119566393805,19.2387556674438,83.887297758432,9.06836337591956,146.528801518711,74.4097800469811,128.890686075941,49.6289373567004,83.5787815285182,23.9597861245167,33.0472496328821,54.6851937837897,6.20884242928006,9.70923112510594,47.0867555998997,61.3610970267157,28.7555983843228,27.8057356828414,63.1417531488683,49.5287270178652,12.0930488881076,10.2577801160343,99.1983222702884,110.368495400503,64.7099450200596,16.9330692477165,66.6555601833284,87.1542988816078,79.1057674887851,104.442911561394,44.9488948855392,54.066311063877,115.799307145675,110.616833212258,57.1725661103133,38.9454997370624,10.8256349044425,111.671256468541,85.5475610978234,12.9195430751557,65.6871133131151,69.4386846720585,130.966516396508,54.5763618836359,45.7720688722929,72.4301315408271,79.2699388216497,59.3919425824425,75.6099793971275,47.1555653063236,8.60288528423321,9.81478486582083,91.1636809981257,37.0768120652754,132.816287813677,107.754456261159,126.727876594651,17.672690985766,16.9406048545375,50.1718009369239,11.0230725884078,49.7976999167256,77.6934731591865,85.7889638505158,14.1598781957445,135.996480985864,18.9270979839779,7.56677315224835,18.4331479105794,37.6448411154266
32.9428391366122,20.1765923207083,19.0301709345512,4.0120101623182,39.1251791556844,95.7932028598973,90.2772849113668,61.7050913888861,43.6435100508448,37.4840186780976,115.173680456647,103.287408472434,44.1360197874277,61.8057900676534,34.8051432073814,102.971468696934,68.9044039632917,90.7048551984833,137.638791606496,61.4958573434607,116.982052029216,86.8892642470744,73.0994583713241,56.7594340182075,56.0518868839209,10.4374862223517,69.6081521675078,101.239870456733,51.5706351033043,77.7373684561779,97.3298917279652,19.7684705950617,80.8849008223469,32.7492677590093,14.4300487835666,117.965883287187,54.518253187868,30.2633225628862,73.2127928554663,85.9882679769396,17.0071425177974,26.4714349369662,21.5871059582764,36.4993186155262,84.8233558068715,96.5434609232238,17.9998046186921,15.1287140757471,52.8165521895388,17.9627269047168,69.0266071360258,77.6770283754377,14.4993458673306,27.3745345726163,19.624837839868,50.6752740029845,8.00709476315772,66.1732750020827,77.8149106864981,16.7669976642253,135.521852140506,104.756860785201,65.1568144520106,22.0373178603994,75.8331235823212,74.6286972805479,25.6690966017274,88.5019530601263,14.1139785638676,13.7066505492837,83.5725783205027,99.3576143684288,30.6003447845633,14.0189523767148,12.0138591198378,65.3413638603721,9.6085959899785,112.856282685743,51.3212632497952,142.198283112313,49.8726411516085,23.1513222477506,30.9670255122149,22.4745909745971,78.8072651524133,65.1233258217609,73.3473733642385,16.1143761465581,91.0636937237667,7.72268181867632,61.1040600748504,51.4768895488911,50.8946829232088,90.6069623725313,17.7701341493942,144.491751296391,122.306866551315,33.72864083215,46.8218579743136,53.7889142126932,16.6369897501978,113.103493828027,11.9262982653075,12.2062817222138,142.731016156947,69.9197883737485,87.4016834884023,15.7998202272586,17.8891503662226,87.8136327517983,26.4714349369662,79.4450018261694,43.1705930046772,16.9575895285563,131.141650569482,135.075592634049,64.1502000994576,141.071692329196,22.2130665295431,88.7959876560529,94.7381389590553,86.3854375136747,103.201298040732,77.9514043379372,90.5304679671928,19.1776453602099,85.7698063785974,110.426381710435,111.265137396233,109.611497326335,26.4714349369662,19.6824729056073,21.7954520841806,9.00297757541214,144.204669575367,70.7933280669496,128.976976985211,63.2281658124276,89.3602899414713,25.2122227168937,29.3067060920745,51.9650493205767,9.05481047600537,10.2459368670483,50.9752546802019,52.3372778006779,28.0017829831965,26.971662660682,62.2201266916858,54.0270802825587,3.98276934679902,9.25666435603623,104.639132194583,90.6770283461291,61.7540614998733,4.13993465372786,68.0033313515126,96.5533807445092,67.2790830116248,104.613353403771,44.7658486580915,52.812696927253,113.962583812344,107.298722250138,56.1873314178406,35.9112744502762,12.0838760105122,109.900009235084,82.8856790364858,4.0581168850055,57.928187808268,73.4905169518332,138.717389935112,52.8672797500424,54.1607662358752,71.3191773744538,69.640907226551,72.5526394718494,73.5048368259319,15.8442609676977,8.35054428841014,12.1471283975862,90.8887799484697,39.6876079468123,131.831169986118,106.259251363007,134.122603374955,16.1499916719232,12.3587956547326,18.6375641822144,11.7054958019847,15.8442609676977,15.8442609676977,88.1743928182757,13.7066505492837,133.839404954629,22.485974443223,7.73040181573979,21.3220333904488,36.2103027190133
36.2873437846774,19.393227230004,18.5622504646355,4.24206191700929,47.2740876109827,96.6627197249217,97.1828707237235,61.2865853914866,50.9347360886345,40.2019589215894,117.035451126654,103.960184533019,43.9884495503711,63.8204962899293,41.4958163635866,101.092191819631,66.985260430777,92.2835313600357,138.976164362739,61.6186845673173,131.771938256282,101.100066406806,74.3482449917664,74.6002514157883,60.0585917486844,9.92116232822572,79.7886700510723,102.665926758485,57.0472454031078,74.7191808591927,93.7337031609214,20.2358781120637,89.443990354933,33.7175508517089,15.0276113225755,120.20346357114,62.5594176708422,31.7691094575317,74.4710657353782,89.5692016826631,17.0071425177974,25.8798418077605,21.5326708379466,38.4408655437683,81.37386318075,96.3281566182958,19.8697814467124,15.1287140757471,45.9050645879323,19.5923652337651,62.07735870457,79.5666026949145,14.490405580261,26.9946495024071,19.624837839868,49.4292527188808,8.11062780751934,58.7763495366998,80.7106558094886,18.5754862731964,137.712548907855,106.743891948534,72.8843555415419,35.8818524306128,78.3495422676313,70.0295193907319,26.1312491946998,80.7907009244805,14.3979264444889,14.435762934936,97.2409340924454,99.1360341402462,36.4827198174947,13.5006736850241,12.7027430606335,70.2934574640856,10.0866828850175,131.314009536432,55.2812999086434,144.895504256577,48.3637325810909,22.4653373485,30.6418592455048,22.4745909745971,76.0475152861425,75.0146416315306,82.620584838083,18.1034800449501,96.1103612741206,7.88328405037175,65.9770754365559,47.6765102662095,46.9691393233672,91.309009392091,18.7433526885382,147.232475011464,119.991230636815,32.6110876005201,53.4879159896238,58.6688234126645,17.7443444023096,115.248844168173,11.9262982653075,11.5469017886306,139.541212178279,64.7578270059642,93.8204304213643,16.0352882287102,18.472289624124,82.4019006314017,25.8798418077605,92.6486368188944,45.4670121001001,19.8392546390271,141.03121733981,147.071891314803,73.6120276609144,143.352101691,22.2130665295431,90.0467604711105,96.356587618096,87.8611937090236,116.248901754563,90.90680576521,82.6424695636011,19.5149232915219,90.5891253541794,112.211412785663,113.063726870644,111.584969104284,25.8798418077605,19.252011600281,21.7954520841806,9.32472475835494,146.939947916057,73.1010043930023,131.299109519608,72.23000042007,79.3714930405885,24.4925245541433,32.9946202877566,53.095534815592,8.33660720981774,10.5488739436948,50.4399939315576,59.4384036902726,28.97586150219,27.407656806774,63.2894739320702,63.0062964871781,3.98276934679902,9.29018716607482,100.485690346162,104.016186351038,71.8539830280287,3.98688185360686,78.6601131604457,98.2028398885118,79.8435989874397,111.903552747251,46.157591357253,54.4570091899873,116.124229396144,109.033195032656,56.0663101963626,36.6580915476469,14.0168203503858,111.984595786875,88.0495930517946,4.0581168850055,76.1363718526782,71.8481245014803,135.003842266869,63.3795747270441,48.9941980325356,75.2716216851951,77.036513447816,88.3780922974444,81.571211589044,15.8442609676977,8.456831144503,10.5859830073542,83.4985073546606,38.3726123400417,132.817187574208,104.818770564535,131.125183294904,15.539426973445,14.5279714505834,19.7649122831735,12.0175703605545,15.8442609676977,15.8442609676977,88.4170216167534,14.435762934936,136.378074656388,19.0739100049138,7.45186143862541,20.4549349804103,35.8471019845293
42.4683305367232,77.3887182016245,68.3181568839779,30.2336644582696,61.6283107793871,76.7579699738276,99.3792682509503,61.1524040714064,54.1418739315963,45.6004907451566,105.7850493183,94.3645029770211,49.4685376663293,79.1276060693513,26.6619276995936,99.283086310233,63.931234410015,99.8231904450324,128.802004825904,65.4019417783422,125.403217067116,60.7933641434507,71.750329105687,62.9636753651561,42.3670130705779,36.2433970485256,78.5220554365434,102.937782524701,65.3037667073919,73.5401189820093,85.0124217899786,19.7171215685232,73.1623690753704,54.1986523210452,62.9268107188553,109.888496760696,60.5507405609509,18.2813663506094,69.7010558688718,91.2371079259217,35.4428334690685,101.341781827537,21.6505041719081,14.7813808389515,95.681367483786,105.629152623847,20.0641699099398,37.4744014876695,39.152717234504,74.7196905058646,52.7225537354577,61.1043186715619,14.4423340692457,26.7622791429115,69.5581059760879,18.9299769639047,7.98049268501167,47.6350201760999,85.9052454389847,18.7084393496036,126.774884237457,110.660511114367,75.4555647507049,71.5659251854182,80.405539922483,63.7513878183443,76.9942602351974,90.8037307017211,51.8782868822264,53.3459019544954,95.942503657748,111.797917832386,13.9577776103375,7.80090258289962,7.80090258289962,73.6303244786391,34.5397695508812,121.671634220181,19.3264328646382,127.248762578337,81.9672604305958,21.5431340783744,10.8868009640867,53.9684009251123,71.1863490762731,75.3265684444655,26.2272592831577,15.5830456439607,73.7985548341121,33.7737023636246,71.8369101482404,13.2760730322655,44.8766410296649,86.9289901445446,20.3512006663894,143.28326697198,120.093077338252,34.005610927046,56.9750088217487,19.2792053859428,14.0790015707424,124.661185260833,7.06936369174073,12.2030386552251,140.976229187435,73.0863466478345,100.399013345258,61.8296405190698,17.8397315046511,76.4009173577011,26.1482483774091,101.432554823945,28.2351616590025,17.6704879164008,124.472459402289,148.418363530137,72.565198717347,137.932794695754,90.6017650383176,96.2750110819256,91.8283422395742,83.6232807388285,72.141698949782,100.816973062664,61.2990624669228,59.578394825905,101.915431775506,120.006097267969,103.4896713392,102.403624762053,51.6263130195815,19.3697356003461,90.0519140147062,35.2116297239775,144.765970636431,17.8397315046511,122.722518525681,72.2541331397866,60.4094174112092,25.1375500095503,24.7527794899504,99.1441592166562,9.21624842518852,11.8524714087919,56.1825910906723,60.895358842715,54.9444924922239,79.5366534644836,58.1608074578521,61.5252389946823,10.4496632019615,9.31811049373479,94.8704646503183,96.9413283723767,22.1015494131293,7.80090258289962,77.0154816878179,92.3890400162891,48.6655824612545,108.558990852547,26.8206050658531,18.6293345696294,107.504080085122,113.384422625073,64.9440615680277,28.9024445599717,42.7319545381775,117.782653017994,64.7571801028007,45.5056189178755,64.4438585392251,26.1482483774091,129.716955174069,47.9276027379838,46.53158762511,22.2559194417513,82.8164339380376,69.1003341311606,27.621983519212,30.3020375986529,37.0936807588925,10.9050888881593,78.9098011695125,40.7529931354341,135.439775857867,106.352202546508,127.597327157673,14.5732809157244,55.9931389940936,30.8676745743883,33.8314299469615,42.6100024401249,30.3020375986529,95.1206191075904,14.7813808389515,136.880010048552,20.9833535972474,8.99892294775196,22.3221419702829,43.4699540479602
39.2804355816574,73.9754754705503,67.6744574278065,27.3984667182086,51.6144133336091,82.8265575975201,102.153958581744,63.109388028109,48.7456155422926,40.0404845194457,108.816519518931,102.667404141865,48.2817267235374,81.0262204243259,23.9246039804241,100.836074528408,82.9355081981646,98.1397675056457,130.827424398191,62.9295330980432,127.369001367802,60.0371138603774,70.9392211391511,61.8927868720114,41.3322865789607,34.7456095076374,73.7275234172164,103.440742025271,58.1536720299325,70.2966193816708,89.5976771105681,19.2573391061874,86.8302814860497,48.5105821558628,55.7583328171135,113.041068256352,57.9829783801638,18.040171563634,65.6283041734919,90.4367140797524,33.6415988112291,99.6345517965011,20.6828555982568,13.2048482061323,89.1710061617906,102.294926375464,20.7608248637798,36.2463068196501,45.420304814358,71.1683027388243,55.1271871739903,57.2767173936655,14.4227334391109,26.6070003038933,66.3347483182781,18.751617118839,8.32193507546369,72.1832085537517,85.5369426655628,18.5952878079678,130.407857764725,113.835230792201,80.7919318821519,66.8586526135053,77.7661425908934,69.297776469052,77.2062699870308,89.4873328412958,51.8821645371659,47.6562065075845,94.7490091609026,108.268972054711,12.5247621078518,7.06936369174073,7.06936369174073,57.919534022096,34.0840698947815,120.158077450994,17.8491885370278,130.899379645522,93.5212490220449,22.8619348472917,11.5451603058043,53.3780140806055,72.3423811422436,69.5333625964637,26.6383901596586,15.5515924337077,74.1697055414403,32.9123820605892,65.0301107794573,11.7839240700703,56.4795886013364,86.120185696551,18.1296284633128,147.393895077522,122.195330050619,30.2251284806572,56.521712968979,18.3628748484051,14.9706828303491,128.237567783598,9.61561903772616,10.9903509512639,138.601306941244,64.8718907589464,100.137248183772,55.6792163690662,18.267784013834,83.0478186321308,25.7077481801178,87.7072437321874,25.2236937702215,17.3436648127046,128.172516972828,147.496488078982,69.4879420036964,141.885519201763,89.3716460418589,96.7454159255453,90.7902605907138,82.6779539362821,73.2725712075834,87.1749592041335,60.4103990380753,59.7533936661911,105.595389987134,123.44509843218,106.455363152547,102.685601197781,50.756602714619,19.5415102558082,88.8292604598875,39.1510107491389,148.919135763106,18.267784013834,123.060444633647,71.6792758545476,91.5407521500701,24.2117733211538,25.2995913549856,101.153412398979,8.04951723708486,10.6085716785057,59.5801303502271,61.7055392032181,51.1524413126853,81.8159263521857,54.762372179852,53.1999725487915,9.92661282179759,8.34763684055718,93.0468679274022,83.1573635349934,21.8266131065845,7.06936369174073,77.110300960816,91.344619909624,50.9079186206794,106.351106601029,27.7559016767763,18.7882468462517,110.5882454758,116.633667207541,62.06178422773,28.165354440599,45.1418259994321,121.161698555361,61.6228574499497,47.604381067931,63.3477950365266,25.7077481801178,130.053096939703,55.9438937224113,44.5409716127267,22.3678498211688,73.7488812781769,79.2859527096657,26.2363487895748,30.3020375986529,40.3202114932805,11.3438593928567,109.739077042026,36.2223885973524,132.544229646685,106.555876205179,125.447789376956,16.8888599455413,54.0654815465401,26.2612270443013,33.3152294919045,41.5081510094583,30.3020375986529,88.8099257394496,13.2048482061323,140.806936257614,21.4416714925622,7.58311150559597,20.8032965197092,38.3872826097847
36.487164630719,72.6749511523044,66.9722708924954,30.4418136361695,52.784139025063,75.7216413038494,98.2723691462791,63.2899027869046,49.9701473379715,45.1613080856719,107.197663788479,101.371020895244,47.4530099690048,82.7784209603812,24.1627856475499,100.311802278999,72.090549189105,100.385730038368,128.688440614095,62.1720544267546,124.349870302015,57.6535792870678,71.0552578816146,62.5046427981252,39.206251959018,44.2878069232795,76.1339654796049,97.9150019329867,60.0165767641614,69.0607711168938,88.4659832835718,20.6588945878654,81.9536130774277,51.4489027601751,59.7829177942932,110.650473043328,56.1039137644141,18.6955905559734,69.2149907883976,87.0996984287421,32.6617474670576,97.4049617377611,20.2272575637224,14.880174292529,88.339550340455,101.293797913879,20.2433323361193,38.5755514876878,50.8286864054393,69.4967616476369,58.8078634419528,57.926281147219,14.3798143268625,25.4098589789564,68.3110055848142,18.5570513468089,8.07766869430934,68.013469263549,82.9822767917998,17.2773582540326,128.467789209219,111.42784061089,79.801756536352,73.9182651696553,75.1800635843615,68.0678697570062,77.4478007794409,88.6646460188341,52.9772077427151,53.7024468501118,90.9873769870601,107.209377475869,12.6494525195152,8.16727180299591,7.85460931969791,57.1247456478527,35.3223811085338,115.387679384676,17.8040119497454,128.13111643645,95.1206254294392,22.5713754358779,10.3009688647675,55.4210949470969,72.4928692293991,70.6299895783363,26.0069587249305,16.4171703053013,72.0534219181695,36.8621686640558,65.1000188787245,12.1238236153498,46.078776752714,87.2688326559291,19.5506306354586,144.276805461896,118.231246905487,30.2251284806572,51.4899677435912,17.9315831261044,16.1534645014726,125.525596635396,8.56827795148974,12.1646691471444,135.499731328039,66.7430778133834,99.0413499560925,58.9437003990494,18.6628267638717,81.5738742321681,25.1324684328666,91.4245118510228,28.4238753632906,18.1466759308371,126.54602462515,147.95297283495,67.2360340008974,139.774698281894,90.8952169401169,91.5773359885911,90.9387680865277,82.8131919653196,71.5357318382926,90.8696676776979,59.8550261417078,58.1557273421278,102.452454277089,121.608614359021,104.871634179789,103.006841100066,49.6207877308866,18.9797562507843,90.3435849928279,39.4827290321527,145.76979032101,18.6628267638717,123.445424852374,65.2981554833671,86.2528039063922,24.0127210400855,26.9425644351709,99.4980762567483,7.84297753026722,11.251140441031,53.1593370243569,62.4261071546661,54.7292273618486,80.5987565529402,57.7552190889954,55.4547300062529,9.35280913593923,10.5725904849541,93.1051413510816,97.0348998448396,20.9600743339382,8.16727180299591,66.8862088899752,91.4940341823729,57.9599224360725,106.735283428795,28.1840934574462,18.3355846006991,108.24952261756,114.89851631908,60.6953222858418,31.5454543509176,44.9835819495848,118.599368058702,60.711633337392,49.5682525091079,63.9740347933418,25.1324684328666,130.994025191975,51.644613964777,48.1151654184174,21.7296281386266,76.1113656283738,71.6489640553042,25.9142090189841,30.3020375986529,41.2613629981417,11.4779609400986,82.1518361833131,36.2223885973524,129.365049619171,105.041481513486,122.640558962983,16.267879630567,56.4889010027675,30.3397290765475,30.982876621984,41.885003104602,30.3020375986529,88.7570227196886,14.880174292529,137.829147804532,22.9710646190713,7.81200360438913,20.6093206665838,41.8548557860199
38.6764675506677,72.8742083531684,67.2483072032716,48.0261433170421,63.6754989243673,89.5026766790903,106.162898763248,63.6337378662006,54.7951893533793,49.261144215698,106.299890472879,100.106862450692,46.5139382589875,83.6376449646653,26.6367043678557,97.5517818266994,78.9613042682164,100.564309452165,121.089195397142,56.8777351601516,125.865636046037,57.4966001375459,71.9883433567459,75.3609724934927,40.9721343910961,44.0419977032073,79.8801251319059,100.615811955984,64.8512713983926,69.2501191071445,84.7630071272984,20.1440393490144,96.585037351274,53.7280877325233,56.1134368955805,109.695063227448,56.8581922729672,19.1661750605984,74.7386655638789,88.9278839689517,48.9880734752258,95.649031318875,21.5795478372411,13.8654212720347,79.4486589630025,102.278555498567,20.2599670148725,45.0751702076798,44.5109433228955,73.5093252168975,53.6140976396998,62.6463859870371,16.113371390913,25.6061713037856,66.9910679349515,18.633537031472,7.19965409873567,62.6801266138201,83.4556990756379,17.3084527430571,127.391880005696,110.465718626646,83.2177734987771,78.460322432216,73.2023528541814,59.7915664156578,78.9374842359567,88.9022400844202,54.6904803856227,50.0402101667388,90.7396365825045,108.251645115086,13.9445729516588,14.2079057522665,12.3917253221399,65.7046666521093,36.2114765969255,115.073501843591,18.182119805251,127.02477027275,95.8968186514996,22.0945566930022,11.5743216405183,123.736497426029,69.9357030992985,74.4630977988743,26.3239711757331,16.6277079844179,73.539577602814,33.3644185737111,63.1946383967521,11.545733879378,43.9695194824469,88.2142005413457,18.8961725542436,143.031049593431,114.615629700668,27.5305748577079,50.2478838568431,18.966906434488,18.1486570472056,124.441747792538,13.4234874462756,11.6112730105408,133.057062127775,63.5606256881122,102.13925677828,58.4139066495041,18.8565432972058,71.6553894862145,24.6794025414002,105.781113971,26.4855100718616,18.8558808828771,126.981209612457,149.36789020138,68.1399762046477,138.604094465741,89.8163226303843,94.1033328433597,92.1329604117354,83.9006806167695,72.4077183673547,105.13914133646,60.0154192594308,59.818160349672,106.808540426798,120.590150289374,103.993341207698,104.988144449553,48.7262680983002,19.6795461153951,89.2712383606193,38.4536572718356,144.511143297631,18.8565432972058,125.819857765051,63.7229789914308,79.4892060085974,23.7996936354565,22.8370219047952,98.0879534978165,8.47993427092454,11.7495656520508,59.7306207788937,62.8934619035192,53.6025036168879,79.9237473190959,62.36435134778,64.1629142585011,11.9514722624885,8.34439552183497,88.0924817310166,84.2778586773907,20.9030042494171,14.2079057522665,71.4258430501523,92.6955181668372,59.1247660300308,108.60973979263,28.3529950601759,18.5242667067517,107.314843771382,113.936248874923,60.2272367316392,28.5521927007023,45.071087212365,117.575323630477,62.6777807777164,55.5213794024947,77.1325978444498,24.6794025414002,134.817228888742,68.4258026324958,44.1978300643086,22.1778179611739,82.2425918803057,83.8332981464247,26.4951307295684,47.842193699367,37.8928486782498,10.9042872234446,108.417771612189,32.9931825250165,127.479786551772,106.229569026361,120.42970353806,16.4427719197004,59.4338835591423,38.9944988123133,31.7944915472168,57.7941121278323,86.3782258386815,89.6981444819765,13.8654212720347,136.639064137422,23.2538982679845,7.3416576126069,18.5351055420613,35.4812890162255
33.4383015753701,70.3360067338624,66.6194501858088,48.6367278324561,59.2763633759017,80.6076960081062,95.5989870545948,59.8580320272344,51.5716407907675,41.6987768873126,111.19795433716,119.460971722723,48.2172693513506,83.4002051330934,22.9039084790724,91.0935742338926,75.4848076286584,99.7980159777474,161.346382910941,66.7368459002491,127.822625760097,59.4407083777295,67.2170155876837,64.4360454184012,43.8677138178074,37.423591951859,84.5846442246751,93.686903139266,62.8805199303616,66.8381441652961,91.7941759044398,17.9977906195443,84.7359476294242,44.3981026323289,54.6141784002183,112.257916963999,50.0019929445754,19.0448175319759,70.8667387942255,90.8089933085784,45.5443947975966,96.937898716681,18.822909401162,14.1598781957445,79.0116289674677,99.5712701220015,20.6397499555803,50.8944669873331,45.7977341671159,73.19310701291,56.4756270724344,57.5566343083084,15.1996452229031,26.767505306997,65.9792802860524,18.4592898123268,7.85178754650854,66.2984898914036,80.2875737161782,17.2248724546754,133.261816101425,113.046577522329,68.2546812993004,72.927638026456,79.8572636951867,59.5123690760677,77.1303593917634,94.3971764485017,55.098662121388,51.10290318258,93.80777756422,105.386253690846,11.9904181183151,16.9330692477165,12.5492685908345,68.7603272941716,35.9821906129625,118.964433526956,17.6409244131544,129.992505534026,90.6699974176404,22.9624579608032,9.55252855549797,125.610745141956,64.8718328156049,63.7035311291001,26.7332627221985,14.8608544282282,73.0500621923841,36.3557735118872,61.7327521448002,13.5220335278303,47.1241839839144,79.8738802618186,17.793381778686,146.37274655871,117.630381050671,29.5095905824103,39.3679297722425,18.8853156829716,14.0713121164708,127.349134769942,12.5777100681782,11.5440219249647,134.850001450418,74.4403881627337,99.3747770911492,60.2756440711239,18.8030112487315,71.3207939017341,25.0119566393805,72.3267943345749,27.0479770655168,18.6713310448071,126.186161592928,146.367683554623,59.9233720458649,144.99066460729,84.9035423138657,87.6229059606929,86.0264641102445,78.3398130012141,73.5335312938605,71.8878518715602,63.7248973263624,58.2618153720814,95.0542097285824,126.146677722216,108.785124382915,102.584638865141,49.3828528802128,19.2387556674438,84.3882731065852,37.4199119632359,147.88742033943,18.8030112487315,122.939449387956,49.9253216107545,84.0779144162535,23.9597861245167,25.8009739488826,104.224165610171,6.20884242928006,9.70923112510594,49.296924549822,64.6738269261202,54.805113429362,83.6064568393047,59.1334908603237,43.8707603774508,12.0930488881076,10.2577801160343,92.7429988674251,110.523137179263,21.6097886976917,16.9330692477165,67.0536275112969,86.5517360033101,57.1267162168283,104.168913716142,27.2607385055265,18.0553631654589,109.822087399808,119.186179246097,62.1392050883449,31.1120977217447,41.1490737340864,120.3222873372,61.7786970661776,56.0823158058484,65.9508418415567,25.0119566393805,127.12971037956,54.8248075206246,46.0187758914956,22.0301915535225,79.7433392798885,58.230947370654,25.2498387643854,50.8086472541298,37.3441790119995,9.81478486582083,90.5333982613777,35.3648739031464,132.804793842776,110.337185063967,122.052489639261,17.672690985766,68.5822219580849,40.0803683137753,28.6286091011312,53.6554646879956,83.7122881689628,87.1805060255197,14.1598781957445,139.831422351002,18.9270979839779,7.56677315224835,18.4331479105794,40.3250588400126
34.9858391340968,78.1976592648142,68.6797562360801,15.5491967450784,50.2292396802835,89.7122142370925,97.2709518871382,65.5318259647829,47.6756469574354,39.80864679371,107.862411811337,103.406531092747,47.3438639237035,79.3468019810054,21.1087260329747,98.2169934048724,71.6275844159531,97.7316455031161,138.048486582539,61.9306276413702,117.116968847959,56.7255181505169,74.4659779474954,56.8248953615377,40.4782146369981,37.6688161096367,70.4180472911007,101.70074038716,55.2423342306355,74.3088307971011,91.1513535166246,19.7684705950617,80.9781863590079,46.8523357540948,55.9259968192871,110.477364553789,51.057413927117,18.3541892363778,69.8323572930813,86.3892822939241,15.9275227006335,102.594343809337,21.5871059582764,13.7066505492837,91.3945137993062,104.022560621983,17.9998046186921,16.0669441624291,53.1319728947999,69.6174644179281,62.1007456971887,56.0949434843578,14.4993458673306,27.3745345726163,19.7141751494586,19.0301709345512,8.00709476315772,70.8846452536045,83.8431333077818,16.7669976642253,129.264436317557,111.253515959127,69.1976128546479,23.0717105479841,75.9205828430501,69.8912394489991,77.181997326566,93.3943325855481,50.9372517262965,49.4672077184965,89.5227350768338,110.097500512424,11.0506227053603,4.13993465372786,4.0120101623182,61.1934694548097,34.6773569524042,113.530260952066,17.1386585815038,127.930660139976,95.0519519296779,23.1513222477506,10.3413915389288,22.4539693626235,75.1685174512916,65.1176900249449,24.4942448867875,16.1143761465581,71.9295993515745,33.5233125586269,61.1745321280803,12.7767200604093,49.8997923604473,91.68465989135,17.7701341493942,144.05108984422,123.037283750216,31.5875339995185,50.1554561493203,17.9627269047168,16.6369897501978,125.329216576328,3.98276934679902,12.2062817222138,142.718664161771,70.337349688266,93.6244628733916,61.2347684355213,17.8891503662226,83.7590363426376,26.4714349369662,78.8957390866254,26.1822287294461,16.9575895285563,117.983407126997,137.916899215386,61.1882093148904,140.641461148217,22.0594909804811,95.1180379805088,95.303915583367,86.78830406788,67.3748035029953,78.4169305018588,63.0479054437084,57.6634618618383,91.8764002299398,122.362726744503,105.521958160845,102.65331816257,52.2644028161367,19.6824729056073,21.9256146294979,37.1501024290116,145.541738984862,17.8891503662226,123.021756009139,63.6057647246274,89.893950025426,25.2122227168937,22.8806199852955,99.0398594497435,9.05481047600537,10.2459368670483,53.3679428931228,55.1628346017282,53.3684214151194,81.0985609532402,58.2703695980119,47.8552394878731,3.98276934679902,9.25666435603623,97.8297484928057,90.8040796111233,20.6226758471644,4.13993465372786,68.4094475754195,95.8858349807618,48.5860033287511,104.338908417618,27.1497240889634,17.636720612255,108.080170324359,115.611018428297,61.0683820558858,28.6881690452706,45.9317452823086,118.413823822873,59.8564025742841,17.6158391514308,58.1607648687508,26.4714349369662,134.653513678779,53.1079452055626,54.4526875216066,21.6922861463151,70.0568030615079,71.1343786208508,24.5468295727078,17.0716958068611,36.2487944975327,12.1471283975862,90.2603978083631,37.8551221740833,131.81976126768,108.806142123561,129.174401865606,16.1499916719232,50.0332587888949,14.8888503690332,30.4009667869162,17.0716958068611,17.0716958068611,89.6046279074393,13.7066505492837,137.61351930395,22.485974443223,7.73040181573979,21.3220333904488,38.7883849285396
38.537758296717,75.1616006742872,66.9910344730331,16.4407996699262,60.6908780616735,90.5265338437969,104.711504690268,65.087365684934,55.6404948365256,42.6951442124832,109.605996577494,104.080083074118,47.1855681540341,81.933299063137,25.1665052464952,96.4244878982529,69.6325941471923,99.4326197083827,139.389840156202,62.0543232428869,131.923912430103,66.0030177683412,75.7381093560021,74.6862887901018,43.3716811823594,35.8054067209666,80.7170161252049,103.133288463997,61.1088653684942,71.4237576860308,87.7834523552502,20.2358781120637,89.5471471933111,48.2375980108881,58.2419474551573,112.572902397954,58.5881222579299,19.2674233188733,71.0325322610772,89.986916018359,15.9275227006335,100.30152859031,21.5326708379466,14.435762934936,87.6777933463159,103.790576965117,19.8697814467124,16.0669441624291,46.1792098557911,75.9333923384726,55.8487578401296,57.4595111934652,14.490405580261,26.9946495024071,19.7141751494586,18.5622504646355,8.11062780751934,62.961077354562,86.9632081395888,18.5754862731964,131.353982603278,113.363775865582,77.4043890933114,37.5660830618693,78.4399037445357,65.5840191050972,78.5716005817447,85.2568031672059,51.9620176777895,52.098569312017,104.16424329996,109.851968960152,13.1749094595784,3.98688185360686,4.24206191700929,65.831202290074,36.4027692739155,132.098217436826,18.4611068606099,130.357252599301,92.1761326107227,22.4653373485,10.232802753804,22.4539693626235,72.5361928098671,75.0081498365689,27.5910198946579,18.1034800449501,75.9158726962368,34.2204691859683,66.0531675974765,11.8334543999602,46.0509853872409,92.3950572000184,18.7433526885382,146.78345508013,120.707818846829,30.5409234682476,57.2961206795305,19.5923652337651,17.7443444023096,127.706464778944,3.98276934679902,11.5469017886306,139.529136229924,65.1445610622141,100.500208396057,62.1473629040322,18.472289624124,78.5971787455365,25.8798418077605,92.0080874714917,27.5749677638281,19.8392546390271,126.880693210453,150.165539283127,70.2131583319506,142.914915867337,22.0594909804811,96.4578626648004,96.9320296256314,88.2709425900468,75.8929108630144,91.4497016491479,57.5544866129343,58.6775912173327,97.0388425593748,124.340707606551,107.227709735047,104.501513208236,51.096379183051,19.252011600281,21.9256146294979,38.4777677155736,148.302378896759,18.472289624124,125.236669311845,72.6613583321076,79.8454999811143,24.4925245541433,25.7598846486347,101.194444618047,8.33660720981774,10.5488739436948,52.8075579525121,62.6473322560692,55.2249115152052,82.4095108296688,59.2718342725308,55.8087054097429,3.98276934679902,9.29018716607482,93.9465915620412,104.161927651749,23.9955294327925,3.98688185360686,79.1298717368848,97.5238901795523,57.6595457686742,111.609982490826,27.9937923110061,18.185836216351,110.130238119089,117.479858621525,60.9368475977866,29.2847731887669,53.2790158920633,120.659900655854,63.5855548205154,17.6158391514308,76.4420533219471,25.8798418077605,131.048758413585,63.6680948531878,49.2582720159196,22.8944530265614,77.4965758789146,86.6504750900781,27.2405832783123,17.0716958068611,36.7101740521141,10.5859830073542,82.9212196985057,36.6008435231907,132.805693525442,107.331134945604,126.287565968915,15.539426973445,58.8149343650947,15.789446446122,31.211472249531,17.0716958068611,17.0716958068611,89.8511922728104,14.435762934936,140.223776515777,19.0739100049138,7.45186143862541,20.4549349804103,38.3993252179701
38.9878405362736,78.920895327066,18.9299769639047,30.8322443311206,62.878785281263,67.3147200484755,71.7619177366367,56.1406617169492,22.2719648778524,41.8633047044463,92.7707048871093,95.9697482866101,50.0944592319899,80.7331515164497,53.4524744181209,95.3663363284737,63.9672017757636,72.0824746146844,127.664445824003,66.0372218232382,127.536465477839,74.3284885970237,16.6805406744267,64.0347576192428,13.0848038837348,10.0425231375518,81.4017392496444,103.648581638815,56.2242531726672,83.6783608023567,74.5536571040971,19.7171215685232,74.4069424699365,56.6303013665383,64.1726644065882,96.3693203261665,53.101406290162,36.6509233013615,66.9513265902115,87.0877246990005,31.0824323976857,103.348192627146,99.3664496226966,14.7813808389515,69.0916580806551,76.27496855825,92.0858614998967,34.403188703878,39.6404734223113,76.1990250041422,60.0757760165084,18.8717109921036,43.8518383814029,79.0192317219275,70.0384139727693,18.9299769639047,7.98049268501167,41.0120819870409,62.0323057800243,85.8636446242084,121.773573903761,101.591334212177,69.2716075460295,72.3993644430508,81.7733277214286,55.9082897210138,25.6066592238285,99.3321673829501,14.3747258474079,14.7813808389515,82.6031312993493,112.725881543417,13.9577776103375,7.80090258289962,24.6971749873882,64.5718572422903,9.57047250333677,123.187393448744,61.1862908513032,144.996166107424,64.90544806677,65.4122823433007,34.4669383581733,54.3131112804074,68.3780244984617,74.0660985869799,83.033880384003,15.5830456439607,85.6119958543175,7.78036349292184,73.0589360100086,56.7201608115297,44.1424651794441,86.9859058859926,20.3512006663894,143.721579605116,121.589171242379,29.8220260438361,49.0534846919687,61.0367715754044,14.0790015707424,125.695918808103,22.3811681134355,12.2030386552251,138.617217072822,73.996840742234,86.4400298669264,63.0537719309737,17.8397315046511,73.3868763685632,26.1482483774091,100.833053263296,56.6065317284746,50.3899063167912,141.832651521331,149.430010626566,69.7024780736272,138.354739893658,90.0662771997992,82.8894085317564,92.9723201115356,79.8201676594492,88.2034334389843,102.072929377338,88.2954682159756,19.814511481107,87.7456129601655,121.002191878014,81.2241296467605,89.8052845216873,26.1482483774091,19.3697356003461,91.1737615233091,33.4669969128418,144.420857176387,42.7059827223915,117.881075334694,73.1542596960738,61.1619850291262,47.6090660834495,9.22432298222208,78.5069068229865,9.21624842518852,11.8524714087919,56.836879802642,62.9781287785982,43.5075771140196,26.4522053312453,51.005497841508,79.7241227431545,10.4496632019615,38.3458234553021,90.431789215126,97.4423614333675,69.9721381657823,7.80090258289962,77.9749241072341,91.8429887630912,15.0300801553428,105.108762398857,53.7705946214418,58.9793207741508,84.3748484790309,81.8750605859765,54.7936320279877,34.5478853731126,43.0448965328011,85.0510293086134,19.9998758538227,10.4830158192184,63.0797546851714,95.3784854521258,133.374165197883,48.2585492255828,47.0409151050672,74.8725000290996,83.8481433814325,67.9698618988972,87.4494910330183,21.8811465175606,8.54517862706751,10.9050888881593,78.4434168904833,39.1452743280123,133.173407450294,118.857348432211,122.519039411116,14.5732809157244,13.830955241489,36.8969787561649,13.0263509050551,30.7687462755784,21.8811465175606,92.2056508726646,44.8812996912987,133.371765770362,20.9833535972474,8.99892294775196,22.3221419702829,37.4261061042299
36.0612093599663,75.4400756602619,18.751617118839,27.9409140535998,52.6616999943454,72.6367117207121,73.7655257603973,57.9372611469643,20.0521437192749,36.7589685233653,95.4292244904847,104.413891048987,48.8926316624995,82.6702898681031,47.9646219371748,96.8580586573494,82.9821672652768,70.8668724008788,129.67197720992,63.5407974661151,129.535689959194,73.4038656330885,16.4919740212031,62.9456521199519,12.7652346662032,9.62750778967015,76.4313746419994,104.155014141801,50.0682723828406,79.9877123022391,78.5748053752343,19.2573391061874,88.3073612956017,50.6870331513023,56.8622617111489,99.1340425789203,50.849546419328,36.1673701867536,63.0392462712103,86.3237320592671,29.5027969959754,101.607162077608,94.925361208185,13.2048482061323,64.390516465836,73.8673188143661,95.2832064127677,33.2757424757108,45.9861412694015,72.5773252429679,62.8157840324315,17.6895787520287,43.7923242017196,78.5607500471656,66.792798600528,18.751617118839,8.32193507546369,62.1472113657141,61.766353798352,85.3443279897131,125.263225446133,104.505869890469,74.1706329641339,67.6372721262992,79.0890313011667,60.7723266337896,25.6771691741904,97.8921312566387,14.3758002897235,13.2048482061323,81.5755743890183,109.167644221826,12.5247621078518,7.06936369174073,22.3811681134355,50.7939073866198,9.44420469422307,121.65498111264,56.5094266973916,149.155935270934,74.054427824625,69.4166100301239,36.5512633057279,53.7189534800182,69.4884507241871,68.3698327894863,84.335495305066,15.5515924337077,86.0425592019134,7.58194328511344,66.1363454017728,50.3451635601005,55.5555900793861,86.1765718827291,18.1296284633128,147.844782383659,123.717613369969,26.5066424085783,48.6632128581487,58.135725780849,14.9706828303491,129.301986617162,30.4424550189053,10.9903509512639,136.28203535865,65.6800509165906,86.2146592420271,56.7815788795929,18.267784013834,79.7715552301638,25.7077481801178,87.1888635179754,50.5690684175037,49.4579238126673,146.048756662429,148.501851501334,66.7466201361931,142.319556035508,88.8434286330309,83.294410606749,91.9213062632407,78.9178334864108,89.5860847678421,88.260966224259,87.0154330836463,19.8727123866561,90.9139279378064,124.469738012869,83.5517603486699,90.0525704365933,25.7077481801178,19.5415102558082,89.9358764116782,37.2111931809801,148.564121404525,43.7306844146045,118.205670148011,72.5722409615719,92.6811472861293,45.8556985707189,9.42809683540264,80.0979259371202,8.04951723708486,10.6085716785057,60.273985973278,63.8160192853188,40.5048565203689,27.2102431893299,48.0251595206868,68.9362806340156,9.92661282179759,34.3521370316659,88.6935125547557,83.5871553389165,69.101706827746,7.06936369174073,78.0709246184807,90.8047415413052,15.7226125469609,102.971049258983,55.6456997800794,59.482427211089,86.7954634670082,84.2213449422314,52.3618401108553,33.6668213198315,45.4724163789709,87.4910431278796,19.0318586572225,10.966502415885,62.006891910707,93.7717146637883,133.719784067207,56.3301937681545,45.0285101211724,75.2490518654831,74.6676290874757,77.9888451185982,83.062657199012,21.8811465175606,9.28846645688092,11.3438593928567,109.090481055608,34.7934036095708,130.326313581964,119.08497052593,120.455051787411,16.8888599455413,13.3548014777065,31.3907655735226,12.8275946516108,29.9730977150977,21.8811465175606,86.0883484946274,40.0944104055416,137.198044584681,21.4416714925622,7.58311150559597,20.8032965197092,33.050104226514
33.4968607963792,74.1138029686381,18.5570513468089,31.0445145413424,53.8551601048164,66.4058870722832,70.9626242432334,58.1029818273259,20.5558708192943,41.4601152388402,94.0095306094273,103.095454879281,48.053429219225,84.4580435787433,48.4421342765809,96.3544691183559,72.1311069410963,72.4886852935418,127.55188459341,62.775961045634,126.465200110926,70.4896573991963,16.5189502821696,63.5679163969239,12.1086213239872,12.2715132122681,78.9260695171257,98.5911180773748,51.6721680338091,78.5814899785809,77.5823396655391,20.6588945878654,83.3477353251594,53.7571829466894,60.9665272565654,97.0375534772836,49.2016561923546,37.4813699588596,66.4844369349365,83.1384809378987,28.6434931485115,99.3334295783871,92.8343632902011,14.880174292529,63.7901209778992,73.1444024599946,92.9081395426566,35.4140940082461,51.461899323048,70.8726902191807,67.009804757848,17.8901927134394,43.662007179224,75.0260291344238,68.7827021870048,18.5570513468089,8.07766869430934,58.5572120542374,59.9216257629771,79.2956013832774,123.399693224878,102.295777256468,73.261607391499,74.7790992032944,76.4589602100639,59.6937308080358,25.757497197012,96.9921763261419,14.679220984909,14.880174292529,78.3369409939154,108.099254619457,12.6494525195152,8.16727180299591,24.8672071936122,50.0968988944956,9.78732289031675,116.825154446228,56.3664004168312,146.001581987187,75.320887650219,68.5343728315922,32.6122301732727,55.7750840407624,69.6330020074566,69.4481094696778,82.3364224451891,16.4171703053013,83.5875075387842,8.49184576378103,66.2074427156801,51.7973367156082,45.3249341227097,87.325970905294,19.5506306354586,144.718157392507,119.704146523793,26.5066424085783,44.3310566638486,56.7702828692018,16.1534645014726,126.567505114029,27.1266379319231,12.1646691471444,133.232359661397,67.5745488196432,85.2711292971062,60.1106946527209,18.6628267638717,78.3557584152151,25.1324684328666,90.8841612936358,56.984869505265,51.7478240805871,144.195417189119,148.961447742073,64.5835506350631,140.202277980099,90.3579946991336,78.8448750065459,92.0716638337144,79.0469210091238,87.462552914093,92.0017025867522,86.2154712580361,19.3413624264292,88.2079705026289,122.618010448518,82.3087666687789,90.3342893785881,25.1324684328666,18.9797562507843,91.4690660761717,37.5264757975639,145.422283814568,44.6763650630669,118.575462772147,66.1116259558927,87.3273229128021,45.4787050610157,10.0403640092317,78.7871546188134,7.84297753026722,11.251140441031,53.7784176590448,64.5612324198245,43.3371202795864,26.8054383094388,50.6498075136656,71.8579850147209,9.35280913593923,43.5082507847322,88.749059557571,97.5364165220761,66.358298680551,8.16727180299591,67.7194629926127,90.9532727239077,17.900582628497,103.34301615543,56.5041489687573,58.0493265448783,84.9599109313067,82.9683898992945,51.208949284253,37.7071475285385,45.3130134490973,85.6407804568864,18.750432426228,11.41891457672,62.6198758494318,91.6733212948654,134.687240634389,52.0012269105254,48.6418264932065,73.1019712620608,77.0595447630517,70.4767965780643,82.0427826139716,21.8811465175606,9.50527717934459,11.4779609400986,81.6662903534994,34.7934036095708,127.200332056372,117.392509690849,117.759547254618,16.267879630567,13.9534142119197,36.2659110101544,11.9295525952855,30.2452231747287,21.8811465175606,86.0370666861619,45.1812702181298,134.296577058945,22.9710646190713,7.81200360438913,20.6093206665838,36.0355631362422
35.5067395001052,74.3170051544085,18.633537031472,48.9769867981531,64.9675120720939,78.4914924964338,76.6603874411023,58.418637919123,22.5407146840836,45.2239494946768,93.2222070334233,101.809791691423,47.1024755077836,85.3347017410495,53.4019060755147,93.7033323687888,79.0057274697517,72.6176377544308,120.019754712246,57.4302155477919,128.006750718686,70.2977281797887,16.7358743076709,76.6429465812564,12.6540037720485,12.2034030189357,82.8096142041415,101.310577553708,55.8346705789614,78.7969414853874,74.3349270074045,20.1440393490144,98.2280564240535,56.1386246675945,57.2243963020577,96.1996842070376,49.8631385981445,38.4248091009369,71.7902009475663,84.8835222116066,42.9612514872835,97.5427344485173,99.0407907374295,13.8654212720347,57.369995061667,73.8554973797567,92.9844855231104,41.3810367865242,45.0654511467292,74.9646963513635,61.0916636794786,19.3479694520734,48.9256760455718,75.6056676996862,67.4536501916686,18.633537031472,7.19965409873567,53.9653910534895,60.2634846998098,79.438311638552,122.366228988669,101.412505933483,76.3976648469497,79.3740521536175,74.4476064173636,52.4356305397628,26.252934343961,97.2520856196215,15.1539441499119,13.8654212720347,78.1236451929359,109.150173462249,13.9445729516588,14.2079057522665,39.2314357760872,57.621263864498,10.0336784403142,116.507062948449,57.5634664963382,144.740933562214,75.9355131555679,67.0865889519535,36.6435862874142,124.526834943161,67.1767169112325,73.2170767440365,83.3400642529736,16.6277079844179,85.3115623607065,7.68607780807144,64.2696495892792,49.3275293630782,43.2501840195167,88.2719577592969,18.8961725542436,143.468590677553,116.043486732176,24.1435897790431,43.2616659926622,60.0480524149619,18.1486570472056,125.47465992836,42.4979308328254,11.6112730105408,130.830564630264,64.3524503856061,87.9383184388362,59.5704118049825,18.8565432972058,68.8285611119826,24.6794025414002,105.155910918362,53.0987881115831,53.770222741098,144.691297490259,150.38600944773,65.4518320254602,139.028093212367,89.2854770287708,81.0196697211024,93.2807331518154,80.0849516355182,88.5286798128975,106.44894230022,86.4465022862124,19.8942524129891,91.9584079256426,121.591092753652,81.6194362137703,92.0718402849932,24.6794025414002,19.6795461153951,90.3833603786855,36.5483915198523,144.1666373308,45.1400970942048,120.856223535689,64.5168262516968,80.4794655571841,45.075243475431,8.51040046179209,77.6705545395035,8.47993427092454,11.7495656520508,60.4262289766626,65.0445718420386,42.4449285785344,26.5809445436543,54.6918952313615,83.1420102625748,11.9514722624885,34.338798379418,83.9709257111761,84.713441665739,66.1776183235045,14.2079057522665,72.3156509454358,92.1476555215289,18.2603377511151,105.157898433039,56.8427669674562,58.6466824201312,84.2263258807639,82.2735351435337,50.8140231432736,34.1292197110905,45.4011595454591,84.9013164488464,19.3576655493254,12.7903215563682,75.4999073697051,90.0207158157385,138.618234857569,68.8982919236078,44.6816125990374,74.6097540606794,83.2671525219251,82.4617965916898,83.8819448119104,34.5469193828702,8.72928094541974,10.9042872234446,107.776984998892,31.6915907649735,125.346615856419,118.720295369984,115.636682387679,16.4427719197004,14.6808590856297,46.6111948542768,12.2420543379678,41.7332145141831,62.3738456316598,86.9493478030882,42.1001349086708,133.136995319869,23.2538982679845,7.3416576126069,18.5351055420613,30.5481456449438
30.697867167089,71.7285510622457,18.4592898123268,49.5996599441763,60.479115488171,70.6908284884088,69.0321710499416,54.9523698718259,21.2146660057676,38.2813556194394,97.5176801669115,121.493135920987,48.8273587161878,85.0924441163017,45.9183070274121,87.4999031618219,75.5272749720391,72.0642960943334,159.921397092183,67.3850925012967,129.997031007701,72.6746755522173,15.6266344210408,65.5321743271873,13.5482865213463,10.3695381413517,87.6866647901906,94.3338236977064,54.1379226719767,76.0524516446841,80.5010770242462,17.9977906195443,86.177400487167,46.3900452224897,55.6954548034736,98.4472395014248,43.8504321841446,38.1815086064178,68.0710229457848,86.6790803569956,39.9412358954102,98.8571194306757,86.3890126489517,14.1598781957445,57.0544150504636,71.9005625739167,94.7275249528509,46.7234133765855,46.3682725564126,74.6422175152056,64.3522910407438,17.7760294519102,46.1512926216521,79.0346626748999,66.4348760141415,18.4592898123268,7.85178754650854,57.0806749528256,57.9757766554036,79.0547142659928,128.004594200068,103.781850661656,62.6608721539029,73.7769354587212,81.2157247047734,52.1907818190476,25.6519229189688,103.263115501957,15.2670454279257,14.1598781957445,80.7652069897975,106.260998238533,11.9904181183151,16.9330692477165,39.7302080186177,60.3009978485221,9.97014659764557,120.446467027574,55.8500753651275,148.122579294462,71.7966756201132,69.7218323928091,30.2427144551603,126.413053971651,62.3126179539389,62.6375542438949,84.6358559689314,14.8608544282282,84.7436868598576,8.37518877685951,62.782895023766,57.7709925467735,46.3532386313092,79.9261767524355,17.793381778686,146.820510106536,119.09579521051,25.8791344987028,33.8944070457087,59.7897411431392,14.0713121164708,128.40617928373,39.8202519764025,11.5440219249647,132.593501975927,75.367750617086,85.5581983683293,61.469008752865,18.8030112487315,68.5071654319181,25.0119566393805,71.8993179079423,54.2264354793258,53.2439526632641,143.785364007157,147.365352835951,57.5593755678122,145.434200278463,84.4017329469403,75.4402494198111,87.098163423823,74.7769873762358,89.9051453934617,72.78341537405,91.7896525657677,19.3766450568804,81.8383413755316,127.193741401603,85.3802793281261,89.9640291273401,25.0119566393805,19.2387556674438,85.4395641865778,35.565865254446,147.534865529029,45.0119483753389,118.089448204037,50.5472806027208,85.1253391139783,45.3784493920074,9.61494110417043,82.5294896130061,6.20884242928006,9.70923112510594,49.8710244736883,66.8858296948067,43.3972103593098,27.8057356828414,51.8585155927005,56.8475302545303,12.0930488881076,42.2127453454467,88.403860523619,111.094366670967,68.4152541626789,16.9330692477165,67.8889672793561,86.040185240333,17.6432517669761,100.858210961162,54.6529847355319,57.1621628163484,86.1941423681099,86.0645176899932,52.4271604811155,37.1891444537716,41.4504237039258,86.8849030360369,19.0799888100908,12.9195430751557,64.5548391878764,91.2337418562768,130.713976218214,55.2033801269249,46.5224902144274,74.1131150321234,80.7367647664829,57.2782968532779,79.9394274880907,36.6889999164971,8.60288528423321,9.81478486582083,89.9983144942105,33.9697181483963,130.582517652246,123.310894708009,117.194882694205,17.672690985766,16.9406048545375,47.9091644771863,11.0230725884078,38.7446910288972,60.448768066566,84.5088622940833,42.9942062801606,136.24753316806,18.9270979839779,7.56677315224835,18.4331479105794,34.7184616100702
32.1185763591152,79.745852174231,19.0301709345512,15.8570468313109,51.2484203567368,78.6752514215508,70.2394993477165,60.1611682982565,19.611998208751,36.5461310473675,94.5924971349451,105.165591372627,47.9429021574882,80.9567950414648,42.3192820485335,94.3423011342784,71.6678817064739,70.5721668945142,136.829264111405,62.5321891675064,119.109258946305,69.3549713594059,17.3118756317413,57.7915501296892,12.5014595484113,10.4374862223517,73.0005282234578,102.402997560367,47.5617126275317,84.5530472389129,79.9373387037639,19.7684705950617,82.3557155117177,48.9543887136539,57.0332452016776,96.8857418867045,44.7760086161073,36.7969203756333,67.0774481306162,82.4603739025356,13.9680183311838,104.625553402121,99.0754792438553,13.7066505492837,65.9961146451992,75.1148460789526,82.6113177162109,14.7501785211059,53.7938796634828,70.9957827179481,70.7619457828614,17.3245948006596,44.0249455913227,80.8269982957124,19.8503041575647,19.0301709345512,8.00709476315772,61.029193900116,60.5432515363421,76.9532670231244,124.164912346204,102.135739373212,63.5265257986751,23.3403980450242,77.2120765262176,61.2927780522924,25.6690966017274,102.166082883539,14.1139785638676,13.7066505492837,77.0759356688038,111.011350136206,11.0506227053603,4.13993465372786,12.7017759774564,53.6650626189045,9.6085959899785,114.944596691552,54.2599328139756,145.773168021725,75.2665088134871,70.2952886047708,32.7402058589848,22.5973887640528,72.2030950384927,64.0280494484456,77.5472640151945,16.1143761465581,83.4438638443807,7.72268181867632,62.2151790627525,54.586745245303,49.0834384257164,91.7446893520448,17.7701341493942,144.491751296391,124.570055948904,27.7014362016648,43.1820889775841,56.8688821456295,16.6369897501978,126.369495028465,12.6092013644579,12.2062817222138,140.330495179812,71.2135973657626,80.6073794691647,62.4471222987055,17.8891503662226,80.4547151711333,26.4714349369662,78.4294379193806,52.4907623761745,48.3569752994459,134.438570176071,138.856966383094,58.7743145960144,141.071692329196,21.9291117418541,81.8932952622188,96.4911914056204,82.8412485180199,82.3752293438198,79.3938318712336,90.8145101598035,19.1776453602099,79.1023588312665,123.37838224331,82.8191750860266,90.0242590641289,26.4714349369662,19.6824729056073,22.1987592529723,35.3094239900193,145.194776139236,42.8242850100623,118.168507802298,64.3981517545961,91.0138296523934,47.7504918730429,8.52664763823962,78.4243174687838,9.05481047600537,10.2459368670483,53.9894529007274,57.0495382137938,42.2595715212114,26.971662660682,51.1015809556821,62.010600026503,3.98276934679902,38.0929607370736,93.2526179488942,91.2733928206892,65.2901159440305,4.13993465372786,69.2616778602177,95.3191164571584,15.005502606288,101.022802880691,54.4304203610335,55.8367663915412,84.8269943567255,83.4828887344004,51.5237016922592,34.2917559683905,46.2681205345182,85.5067986876259,18.4862994133116,4.0581168850055,56.9296572766459,96.557342411266,138.4499038986,53.4746626486499,55.0487181220606,72.9763467814482,70.9295557490566,69.9706296925527,77.7137438777527,12.3274969888414,8.35054428841014,12.1471283975862,89.7269275685088,36.361725316722,129.613968024604,121.599828083386,124.033347607061,16.1499916719232,12.3587956547326,17.7970515545654,11.7054958019847,12.3274969888414,12.3274969888414,86.8586970408929,41.618052993075,134.08647513199,22.485974443223,7.73040181573979,21.3220333904488,33.3954392577821
35.3793981564359,76.6496843115517,18.5622504646355,16.7663021173578,61.9223315049499,79.389388290647,75.6123336175867,59.753133739411,22.8884421021533,39.1960657080715,96.1215750985065,105.85060122348,47.7826034837374,83.5957736634841,50.4544154885807,92.6205105517338,69.6717690670077,71.8004429035732,138.158771061761,62.6570862830018,134.168085132445,80.6980272055206,17.6076211700169,75.9567857565311,13.3950897466774,9.92116232822572,83.6771969748441,103.84543757269,52.6125902196043,81.270237908833,76.9837779998246,20.2358781120637,91.0704439148986,50.401801439144,59.3950480841077,98.7234734392591,51.3802416778759,38.6277940462228,68.2302758065535,85.8943904171297,13.9680183311838,102.287343982064,98.8256455864494,14.435762934936,63.3122652660304,74.9473303345392,91.193702532828,14.7501785211059,46.7545005877294,77.4367562589741,63.6379922649192,17.7460335466482,43.997799838996,79.7053364884252,19.8503041575647,18.5622504646355,8.11062780751934,54.2072797893613,62.7962622231072,85.2534475099011,126.172025352697,104.07305302984,71.060716082732,38.003568475467,79.7742538825446,57.5154591401883,26.1312491946998,93.2642632334004,14.3979264444889,14.435762934936,89.6817608251892,110.763780582021,13.1749094595784,3.98688185360686,13.4301056010331,57.7322322896486,10.0866828850175,133.743868811856,58.4467222545267,148.538197686282,72.9893027622502,68.2124051324878,32.3964204829471,22.5973887640528,69.6746164586125,73.7530082061033,87.3514621131942,18.1034800449501,88.0682473140102,7.88328405037175,67.1768055558639,50.5567749507258,45.2975974202619,92.4555517850576,18.7433526885382,147.232475011464,122.211571069353,26.7835863036502,49.3299507413095,62.0282162804883,17.7443444023096,128.76647526283,12.6092013644579,11.5469017886306,137.194338905545,65.9561180882506,86.5271552571271,63.3777847285672,18.472289624124,75.4964945317524,25.8798418077605,91.464287779891,55.2829591162308,56.5744526911266,144.576762050965,151.189095453577,67.4432264448958,143.352101691,21.9291117418541,83.0468373326806,98.1395881448382,84.256457947405,92.7898207173688,92.5889624975161,82.901762912953,19.5149232915219,83.5470406490857,125.372781071781,84.1579385125139,91.6450774903644,25.8798418077605,19.252011600281,22.1987592529723,36.5713073619327,147.948834849848,44.2202440841207,120.296042056262,73.5665580128525,80.8401981639018,46.3874251709377,9.59962884492482,80.1304171360428,8.33660720981774,10.5488739436948,53.4225418541846,64.790023959771,43.7296257983045,27.407656806774,51.9798391251812,72.316664720432,3.98276934679902,38.2309135716456,89.5511410946752,104.700279769739,75.9683617400618,3.98688185360686,80.1156547758726,96.9474901818915,17.8078130537901,108.06278723522,56.1226286497301,57.575232423971,86.4359952375776,84.8323810235838,51.4127254070981,35.0048932782768,53.6691979393166,87.1286941166761,19.6380262464786,4.0581168850055,74.8239798249237,94.3994442663076,134.743516991871,64.1077315376883,49.7974453567272,77.0206299220209,78.4620116669958,85.2328848970143,86.2420014650316,12.3274969888414,8.456831144503,10.5859830073542,82.4311265454101,35.15692836574,130.583402280159,119.951386039943,121.261405836188,15.539426973445,14.5279714505834,18.8735587674476,12.0175703605545,12.3274969888414,12.3274969888414,87.0977054494204,43.8318861826554,136.629831268015,19.0739100049138,7.45186143862541,20.4549349804103,33.0604724898717
