"ENSBTAG00000019839-ENSBTAG00000015910","ENSBTAG00000020645-ENSBTAG00000010860","ENSBTAG00000000442-ENSBTAG00000007348","ENSBTAG00000003253-ENSBTAG00000007665","ENSBTAG00000005108-ENSBTAG00000015996","ENSBTAG00000038735-ENSBTAG00000019903","ENSBTAG00000012829-ENSBTAG00000016933","ENSBTAG00000011412-ENSBTAG00000019929","ENSBTAG00000021945-ENSBTAG00000011741","ENSBTAG00000017664-ENSBTAG00000015910","ENSBTAG00000017664-ENSBTAG00000019712","ENSBTAG00000020556-ENSBTAG00000017033","ENSBTAG00000001725-ENSBTAG00000039292","ENSBTAG00000005108-ENSBTAG00000009851","ENSBTAG00000020457-ENSBTAG00000008997","ENSBTAG00000007737-ENSBTAG00000011909","ENSBTAG00000047567-ENSBTAG00000019866","ENSBTAG00000024394-ENSBTAG00000019866","ENSBTAG00000010161-ENSBTAG00000015133","ENSBTAG00000005947-ENSBTAG00000015910","ENSBTAG00000012849-ENSBTAG00000003585","ENSBTAG00000000575-ENSBTAG00000015910","ENSBTAG00000014218-ENSBTAG00000011761","ENSBTAG00000014921-ENSBTAG00000017745","ENSBTAG00000015991-ENSBTAG00000024015","ENSBTAG00000005339-ENSBTAG00000007213","ENSBTAG00000014465-ENSBTAG00000019929","ENSBTAG00000007737-ENSBTAG00000002081","ENSBTAG00000016177-ENSBTAG00000011628","ENSBTAG00000013191-ENSBTAG00000019929","ENSBTAG00000013688-ENSBTAG00000011971","ENSBTAG00000013898-ENSBTAG00000047704","ENSBTAG00000005339-ENSBTAG00000001694","ENSBTAG00000005850-ENSBTAG00000022799","ENSBTAG00000019866-ENSBTAG00000009851","ENSBTAG00000010452-ENSBTAG00000011515","ENSBTAG00000006295-ENSBTAG00000020704","ENSBTAG00000032808-ENSBTAG00000010785","ENSBTAG00000002006-ENSBTAG00000003585","ENSBTAG00000005111-ENSBTAG00000008997","ENSBTAG00000014051-ENSBTAG00000015910","ENSBTAG00000010726-ENSBTAG00000012314","ENSBTAG00000012057-ENSBTAG00000005072","ENSBTAG00000005339-ENSBTAG00000015910","ENSBTAG00000019604-ENSBTAG00000009851","ENSBTAG00000001492-ENSBTAG00000007213","ENSBTAG00000014051-ENSBTAG00000020148","ENSBTAG00000013003-ENSBTAG00000012687","ENSBTAG00000013718-ENSBTAG00000005072","ENSBTAG00000020457-ENSBTAG00000015910","ENSBTAG00000021048-ENSBTAG00000020704","ENSBTAG00000005111-ENSBTAG00000002081","ENSBTAG00000009393-ENSBTAG00000039292","ENSBTAG00000039355-ENSBTAG00000011515","ENSBTAG00000004630-ENSBTAG00000003585","ENSBTAG00000023652-ENSBTAG00000003166","ENSBTAG00000000575-ENSBTAG00000012119","ENSBTAG00000000575-ENSBTAG00000020679","ENSBTAG00000007737-ENSBTAG00000006378","ENSBTAG00000017664-ENSBTAG00000011154"
86.9821018426055,22.0169734869847,17.6561556777113,11.8210177336152,96.2593103877515,54.1755740369211,8.07806610025651,119.102919826179,41.0793342230232,87.1639108492305,83.6686120192975,37.3508413798097,11.6223585012761,18.1258906407513,9.99533093733715,143.622397807294,18.1651946068739,11.1239575508159,11.6445752200878,88.8322350717416,92.4150372631218,77.1069633818426,76.4824436209578,39.3093360986203,85.1120209574885,12.9392000878452,73.9902614326528,28.5762274036812,72.0178674614687,104.097493357694,74.4464149518613,7.06936369174073,68.1666802885365,35.141746819232,17.8280620333536,14.7716072627555,7.06936369174073,52.7366961335171,61.4006438269188,10.1406733328063,47.4104179529208,78.936365757419,8.75948590108755,71.28806094017,18.932909396599,13.5120205255786,32.5304976396508,24.2600506050732,9.73668983653886,55.0689189548441,15.8618208267122,10.1406733328063,9.12439955101111,8.19621279273417,47.2909184983127,58.0508646628195,67.1699346997198,13.9953649209389,129.384580593793,81.7883734334513
62.2134849899347,22.2419116198438,19.1268623589605,9.26266475242202,64.5596457199712,57.2700040818365,8.46990239123719,119.569882530699,41.1030757052189,53.1385245001522,51.0076538141062,71.9850875780757,12.4093111731311,12.1567573402723,9.95187455398045,139.224299998705,18.4069275424056,9.23828519358608,9.84341492540423,84.7132969845729,90.6107136472879,79.5705319001302,73.7270055145185,51.0075051040713,91.8010313586266,12.1514810835491,75.671150146897,27.7011477152713,65.3517549155237,107.523952010088,75.3714251263495,12.534253377434,64.0167955075215,48.9840237943559,16.6289092548217,13.6631158704849,16.6861199076529,58.3441960043068,65.3342610566342,11.2953755042011,68.8596876553313,62.2767651143133,12.7903215563682,66.9481512084439,18.2678987673564,12.7974744580499,47.2478413702921,36.2201243264195,7.79194619064541,54.8294975621815,16.8098811272068,11.2953755042011,28.2226889591459,13.0040015350831,50.7389011071657,57.7215076900137,69.3160150178124,14.4425170186092,125.422482417864,49.8613869338495
69.4910906686137,22.4071729836416,19.3589923875285,9.14388680126141,21.1508851264071,56.8079793385396,8.35444175844039,123.846554911528,46.2833805631846,23.0748689350627,22.1495598065051,21.0428820204083,12.7488477609978,3.98276934679902,9.94489965848682,143.626439005141,17.3073735823431,10.1934426913814,3.98276934679902,84.5898860927004,88.8004156939417,90.5587120255666,76.7233699941751,26.9978311052694,86.3078154891067,14.398893182062,20.3382420170409,28.577031471782,65.5592447971734,113.177978993519,70.182343467814,3.98276934679902,75.856679036321,15.3392765057842,18.8245750361193,13.2555778737269,3.98276934679902,18.8896426310809,64.8658767043723,10.828236989697,21.9429255269004,18.0751653872577,3.98276934679902,79.330187930093,18.7754158939429,4.24745760530863,15.0560640019815,11.7886380386967,7.87055886242172,54.7910696244708,17.7074291176601,10.828236989697,3.98276934679902,4.0120101623182,16.8238216418693,62.9086570069054,78.8881121297073,16.4369359910039,129.388221172814,21.6518049614971
71.0567722572703,21.9786166355849,16.4815654246694,9.71642664798758,21.1508851264071,57.8101191928931,8.26788065456976,115.77036545394,39.9052650102042,21.9429255269004,21.0630076667192,21.0428820204083,12.8014364890639,3.98276934679902,9.44718228406433,140.756111634566,18.8594787807212,9.86498187504107,3.98276934679902,90.8867465717852,88.179048641788,75.8351541974348,79.5285450163022,19.875491502841,94.1015936653357,12.9991466432426,20.5033251635149,28.0059288518787,66.6185904188426,108.119308269961,66.1590334106548,3.98277455317503,68.4824925217835,15.3393473902058,16.329377689859,14.6903500017163,3.98276934679902,18.8896426310809,66.5669779324762,10.7570396036629,21.9429255269004,18.0751653872577,3.98276934679902,71.6183343469732,19.2897861444594,4.24745760530863,15.0560640019815,11.7886380386967,8.73018707578101,52.0489135191531,14.6356706754551,10.7570396036629,3.98276934679902,4.0120101623182,17.2527590385229,59.5087895595482,66.0620277595368,13.7645241140271,126.802439925053,20.5896703088602
74.7200594535731,21.7904520586774,16.7595769396452,9.91764554226188,21.1508851264071,54.4904222782458,8.21487264417134,113.538276017183,41.5016121155006,22.3006215464455,21.4063599691638,21.0428820204083,14.2351530291193,3.98276934679902,9.51126724558875,139.397165029495,17.5187659678112,7.85393660980873,3.98276934679902,86.8406393010839,91.0189263383254,79.6726347814476,77.2587480221568,19.875491502841,97.450292685941,14.6679204381843,20.3382420170409,27.7355422839836,66.6677670705268,101.472610836748,69.7296065734113,3.98276934679902,77.2739764606198,15.3392765057842,18.5953325232452,14.6247601919583,3.98276934679902,18.8896426310809,61.3827500376553,9.5852944602862,21.9429255269004,18.0751653872577,3.98276934679902,80.8123839931269,19.1138584665941,4.24745760530863,15.0560640019815,11.7886380386967,8.73018707578101,52.4019873267676,17.2505937004526,9.5852944602862,3.98276934679902,4.0120101623182,16.8238216418693,63.6187191414575,69.4049595640628,14.4610492888587,125.578210701541,20.925306644325
71.0567722572703,21.6810111915222,17.5171948910167,9.90800965069679,21.1508851264071,51.3244777413698,8.32882954493552,113.55474581551,42.3728512685579,21.9429255269004,21.0630076667192,21.0428820204083,12.8440510801871,3.98276934679902,9.62914312582445,141.61356405824,17.4730742182675,10.3140354603444,3.98276934679902,83.1440721069055,84.9596722099842,79.8562031014861,53.9192241766036,19.875491502841,90.9648506611428,12.5467509065067,20.3382420170409,28.1765342436618,64.5493468489945,99.6859686289795,66.7557400118499,3.98276934679902,66.0991677922323,15.3392765057842,16.3179219662327,13.6113869398759,3.98276934679902,18.8896426310809,66.6692181958615,10.3237565385954,21.9429255269004,18.0751653872577,3.98276934679902,69.1258761864571,18.9031208261362,4.24745760530863,15.0560640019815,11.7886380386967,8.73018707578101,53.0514202806264,15.8403030110483,10.3237565385954,3.98276934679902,4.03920829943454,16.8238216418693,57.0168005907494,69.5648708292603,14.4943680127999,127.574889932224,20.5896703088602
71.8369670850391,21.6470580504913,17.2828334596394,11.8055943633893,21.1508851264071,56.7530849357282,8.4180844450465,119.69068672277,42.268406967581,21.9429255269004,21.0630076667192,21.0428820204083,12.5044951768575,3.98276934679902,10.0211228822425,139.750997184386,18.966576644188,10.1535810954913,3.98276934679902,87.0809263575745,95.8315351830768,86.4400534678475,82.2074758193423,19.9110229623815,85.520606772128,13.95470644021,20.3382420170409,27.8059434768007,63.9922047151292,104.600407505618,79.9878123660143,3.98276934679902,73.5166011787511,15.3392765057842,17.8678924217263,14.300498154574,3.98276934679902,18.9654943341185,60.7810565703081,10.158210603122,21.9429255269004,18.0751653872577,3.98276934679902,76.8829569338193,18.3280085416813,4.24745760530863,15.0560640019815,11.7886380386967,8.31578457214907,55.211018754499,16.5428998769572,10.158210603122,3.98383958366919,4.0144243953783,16.8238216418693,62.0774362487686,75.3002386843166,15.6893753690847,125.896966171858,20.5896703088602
88.6968342128821,22.0169734869847,17.6561556777113,11.8210177336152,93.4534029204366,11.875826383567,8.07806610025651,119.531710647343,84.1187785659084,88.882227333736,79.1643415464971,36.4769563859284,11.6223585012761,67.1363452532843,28.0951282107704,124.448615893635,18.1651946068739,11.1239575508159,11.6445752200878,90.583440271142,98.2800037741729,78.6270209946585,77.7748994725812,41.1271160787269,97.3039620682378,54.5716091626628,74.2566389908535,103.148290217234,70.6047407688802,104.472262084801,16.0154623104243,7.06936369174073,69.1241474017883,42.7233040475368,66.0332201926263,14.7716072627555,7.06936369174073,58.7015564524012,65.2973334833494,28.5036602804703,48.3450490624257,61.2104033667567,20.8232652842581,72.6934069035219,70.1254557412763,56.9875029455975,41.0124301857777,39.8078556522281,23.1462985095524,56.1545268664451,15.8618208267122,36.6036111469257,9.12439955101111,8.19621279273417,50.2921579230154,14.4366403533823,60.2827691732085,63.677761782309,139.96143159564,75.4343996613596
63.4399381834089,22.2419116198438,19.1268623589605,9.26266475242202,62.677766540875,12.5541563251097,8.46990239123719,120.000354497227,84.1673943607216,54.186077343081,48.261674606172,70.3008768483083,12.4093111731311,45.0273188850647,27.9729799127664,120.637670016111,18.4069275424056,9.23828519358608,9.84341492540423,86.3833029910403,96.3611717634353,81.139155374143,74.9728979728212,53.3662430227364,104.951145239596,51.2493718264592,75.9435791910992,99.9896166670761,64.0694299518189,107.911056572634,16.2144573271199,12.534253377434,64.9159734656496,59.5519440966645,61.5916875503653,13.6631158704849,16.6861199076529,64.943300709353,69.4805911828716,31.7493262573124,70.2171615830526,48.2918851969772,30.4054669242806,68.267941827151,67.662328048033,53.9738754832227,59.5671427192037,59.4329131609622,18.5232060923037,55.9103856106906,16.8098811272068,40.7716055083563,28.2226889591459,13.0040015350831,53.9589610088221,14.3547327333685,62.2088044599941,65.7122671286686,135.675442258422,45.9877563489892
70.8610118373494,22.4071729836416,19.3589923875285,9.14388680126141,20.534348125701,12.4528758913746,8.35444175844039,124.292423627899,94.7751835445806,23.529758203828,20.9571459990553,20.5505488320162,12.7488477609978,14.7517483819385,27.953374700655,124.452117586172,17.3073735823431,10.1934426913814,3.98276934679902,86.2574592233616,94.4359862637998,92.3439523408879,78.0198971945439,28.2462906764597,98.6710491663586,60.7279248927106,20.4114631564408,103.151192568501,64.2728484897793,113.585439017347,15.0981437775457,3.98276934679902,76.9221596375523,18.6486055288295,69.7241969467647,13.2555778737269,3.98276934679902,21.0261829915686,68.9824815973395,30.436281542789,22.3755000899712,14.0162034780642,9.46793722952512,80.8940733536714,69.5421167827097,17.9138273462223,18.9817500056078,19.3437519574946,18.7100860687758,55.8712001191003,17.7074291176601,39.0854298496509,3.98276934679902,4.0120101623182,17.891517478387,15.6447222896347,70.7994413763391,74.7867097699075,139.965369782473,19.9697199038239
72.4575586827052,21.9786166355849,16.4815654246694,9.71642664798758,20.534348125701,12.6725549466302,8.26788065456976,116.187158511087,81.7146191509093,22.3755000899712,19.929088013795,20.5505488320162,12.8014364890639,14.7517483819385,26.5543781556888,121.964982752865,18.8594787807212,9.86498187504107,3.98276934679902,92.6784536365073,93.7751851859736,77.3301398433619,80.8724761004975,20.794593022592,107.581253477062,54.8244362284461,20.5771406303925,101.089749749285,65.3114077479053,108.508556216564,14.2326196199989,3.98277455317503,69.4443955240358,18.6486917060111,60.4822549184381,14.6903500017163,3.98276934679902,21.0261829915686,70.791540383328,30.2361581350261,22.3755000899712,14.0162034780642,9.46793722952512,73.0301911957796,71.4472887497665,17.9138273462223,18.9817500056078,19.3437519574946,20.7536153962664,53.0749861819007,14.6356706754551,38.8284369116536,3.98276934679902,4.0120101623182,18.3476766729342,14.7992109631152,59.2884597602395,62.6274550561029,137.168207681944,18.9901003501183
76.1930625420232,21.7904520586774,16.7595769396452,9.91764554226188,20.534348125701,11.9448442595676,8.21487264417134,113.947033171735,84.9834834400852,22.7402475940222,20.2539560650928,20.5505488320162,14.2351530291193,14.7517483819385,26.7345097813147,120.787457334431,17.5187659678112,7.85393660980873,3.98276934679902,88.5525829321373,96.7952909934217,81.243271073178,78.5643224290783,20.794593022592,111.409639629961,61.8625584230322,20.4114631564408,100.113766748377,65.3596194607265,101.837929539177,15.0007476749458,3.98276934679902,78.3593643782661,18.6486055288295,68.875107387742,14.6247601919583,3.98276934679902,21.0261829915686,65.2783040945353,26.9425873428331,22.3755000899712,14.0162034780642,9.46793722952512,82.4054888712199,70.7956715931329,17.9138273462223,18.9817500056078,19.3437519574946,20.7536153962664,53.4350203534773,17.2505937004526,34.5989245130336,3.98276934679902,4.0120101623182,17.891517478387,15.8213072849595,62.2886292145484,65.7965874373497,135.843900921914,19.2996617756298
72.4575586827052,21.6810111915222,17.5171948910167,9.90800965069679,20.534348125701,11.2508376278277,8.32882954493552,113.963562264145,86.7675331278453,22.3755000899712,19.929088013795,20.5505488320162,12.8440510801871,14.7517483819385,27.0658382774837,122.707964132859,17.4730742182675,10.3140354603444,3.98276934679902,84.7831430056096,90.3514963877176,81.4304581898868,54.8303903672056,20.794593022592,103.995185153643,52.9164385806474,20.4114631564408,101.705564223872,63.2827666483204,100.044855114797,14.3609875486359,3.98276934679902,67.0275946879897,18.6486055288295,60.4398241528693,13.6113869398759,3.98276934679902,21.0261829915686,70.9002691548457,29.018275171376,22.3755000899712,14.0162034780642,9.46793722952512,70.4885976545488,70.0151220870117,17.9138273462223,18.9817500056078,19.3437519574946,20.7536153962664,54.097255983803,15.8403030110483,37.2644653379938,3.98276934679902,4.03920829943454,17.891517478387,14.1794794790777,62.4321442251135,65.9481848967945,138.003803456522,18.9901003501183
73.2531339772362,21.6470580504913,17.2828334596394,11.8055943633893,20.534348125701,12.4408424905514,8.4180844450465,120.12159360499,86.55366094144,22.3755000899712,19.929088013795,20.5505488320162,12.5044951768575,14.7517483819385,28.1676248598022,121.094052424104,18.966576644188,10.1535810954913,3.98276934679902,88.7976069170902,101.913324047708,88.1441001007741,83.5966774209081,20.8317675619254,97.7710760923444,58.8545490188531,20.4114631564408,100.367885760161,62.7365566962689,104.976986809416,17.2075686259646,3.98276934679902,74.5492131177329,18.6486055288295,66.1807476580824,14.300498154574,3.98276934679902,21.1106140112252,64.6384251528278,28.5529544820407,22.3755000899712,14.0162034780642,9.46793722952512,78.3985985679518,67.8849681732634,17.9138273462223,18.9817500056078,19.3437519574946,19.7684875742652,56.2994279679898,16.5428998769572,36.6669133954203,3.98383958366919,4.0144243953783,17.891517478387,15.4380064171117,67.5794449940577,71.3853702929225,136.188713818086,18.9901003501183
89.1817384337635,22.0169734869847,17.6561556777113,11.8210177336152,88.6809011268013,33.4780925903577,8.07806610025651,119.485352851183,18.6370046027737,89.3681450959418,82.9525325497862,37.8925098649656,11.6223585012761,18.1258906407513,9.99533093733715,144.936955611172,18.1651946068739,11.1239575508159,11.6445752200878,91.0786585381661,90.2592791397601,79.0568737024128,79.1939053569833,40.1336452893328,95.4068976132476,43.5690722265658,74.2278401548357,28.5762274036812,73.0933348203241,104.431744770995,62.6764557374105,7.06936369174073,70.6615695414604,9.12439955101111,17.8280620333536,55.9454763212104,7.06936369174073,53.0190221162704,59.9683559587372,10.1406733328063,48.6093506979589,47.5950534155611,8.75948590108755,73.0908206348075,18.932909396599,45.4978819563037,45.0017930450606,38.3651565798755,9.73668983653886,56.4615227963537,15.8618208267122,10.1406733328063,9.12439955101111,31.0420538918373,46.1877670552882,14.4366403533823,13.9953649209389,13.9953649209389,137.617304266764,85.0656133950576
63.7867633443133,22.2419116198438,19.1268623589605,9.26266475242202,59.4769226562275,35.3903125787875,8.46990239123719,119.953814947657,18.6477757148506,54.4823117898889,50.5711038008731,73.0290280062372,12.4093111731311,12.1567573402723,9.95187455398045,140.498602564647,18.4069275424056,9.23828519358608,9.84341492540423,86.8555591725123,88.4970448354409,81.5827418816979,76.3407812374163,52.0771226409108,102.904989225878,40.9166527601836,75.9141261117051,27.7011477152713,66.3276749438857,107.869205596547,63.4552220392594,12.534253377434,66.3597996620777,12.7184857091775,16.6289092548217,51.7472142204503,16.6861199076529,58.6565417461251,63.8102140164792,11.2953755042011,70.6010377194682,37.5500687639082,12.7903215563682,68.6411616093071,18.2678987673564,43.0918515205729,65.3613603678814,57.2789712497572,7.79194619064541,56.2160468241299,16.8098811272068,11.2953755042011,28.2226889591459,49.2509072994582,49.5553188518148,14.3547327333685,14.4425170186092,14.4425170186092,133.40309831031,51.8593204168242
71.2484078931475,22.4071729836416,19.3589923875285,9.14388680126141,19.4856948910566,35.1048018590564,8.35444175844039,124.244219491879,20.9979931004957,23.6583950280236,21.959992361159,21.3480496044904,12.7488477609978,3.98276934679902,9.94489965848682,144.941033797595,17.3073735823431,10.1934426913814,3.98276934679902,86.729027418902,86.7289755564988,92.8487953001698,79.4433730713406,27.5639704125714,96.747331610245,48.4841731152439,20.4035470106481,28.577031471782,66.5382633426516,113.541387354401,59.086532867332,3.98276934679902,78.6330209747745,3.98277548302226,18.8245750361193,50.2037188551825,3.98276934679902,18.9907683615623,63.3527556282395,10.828236989697,22.4978266029098,10.8985060795097,3.98276934679902,81.3363200016107,18.7754158939429,14.3021041431153,20.8281436022209,18.6427040726575,7.87055886242172,56.176647106063,17.7074291176601,10.828236989697,3.98276934679902,15.1949490359358,16.4313737108342,15.6447222896347,16.4369359910039,16.4369359910039,137.621176495344,22.5193874488595
72.8536830354152,21.9786166355849,16.4815654246694,9.71642664798758,19.4856948910566,35.7240796688249,8.26788065456976,116.142097827345,18.104349102456,22.4978266029098,20.882739499335,21.3480496044904,12.8014364890639,3.98276934679902,9.44718228406433,142.044434680398,18.8594787807212,9.86498187504107,3.98276934679902,93.185125309199,86.1221030834736,77.7529025219192,82.3479973837263,20.2922767233956,105.483820159274,43.7709251837896,20.5691602301646,28.0059288518787,67.6134285335195,108.466473513125,55.6993071039628,3.98277455317503,70.9889404503439,3.98279388784965,16.329377689859,55.6377253708546,3.98276934679902,18.9907683615623,65.0141754051451,10.7570396036629,22.4978266029098,10.8985060795097,3.98276934679902,73.4294461215824,19.2897861444594,14.3021041431153,20.8281436022209,18.6427040726575,8.73018707578101,53.3651463105142,14.6356706754551,10.7570396036629,3.98276934679902,15.1949490359358,16.8503053194187,14.7992109631152,13.7645241140271,13.7645241140271,134.870862330338,21.4146933225212
76.6096088365598,21.7904520586774,16.7595769396452,9.91764554226188,19.4856948910566,33.6726547848957,8.21487264417134,113.902841272295,18.8285849965314,22.8645681759244,21.2231532143135,21.3480496044904,14.2351530291193,3.98276934679902,9.51126724558875,140.673049807396,17.5187659678112,7.85393660980873,3.98276934679902,89.0366985334978,88.8957351819463,81.6874267796493,79.9977313641837,20.2922767233956,109.237567056626,49.3900458023753,20.4035470106481,27.7355422839836,67.663339556903,101.798433894436,58.7053735604524,3.98276934679902,80.1021912509873,3.98277548302226,18.5953325232452,55.3893127855851,3.98276934679902,18.9907683615623,59.9508795764532,9.5852944602862,22.4978266029098,10.8985060795097,3.98276934679902,82.8559984044186,19.1138584665941,14.3021041431153,20.8281436022209,18.6427040726575,8.73018707578101,53.7271487833387,17.2505937004526,9.5852944602862,3.98276934679902,15.1949490359358,16.4313737108342,15.8213072849595,14.4610492888587,14.4610492888587,133.568735563987,21.7637785232094
72.8536830354152,21.6810111915222,17.5171948910167,9.90800965069679,19.4856948910566,31.716242024613,8.32882954493552,113.919363954253,19.2238515803931,22.4978266029098,20.882739499335,21.3480496044904,12.8440510801871,3.98276934679902,9.62914312582445,142.909735258623,17.4730742182675,10.3140354603444,3.98276934679902,85.2466511371889,82.9778247861353,81.8756372454302,55.830772844107,20.2922767233956,101.96766679723,42.2476113471521,20.4035470106481,28.1765342436618,65.5132842442342,100.006054875302,56.201674543714,3.98276934679902,68.5183864288745,3.98277548302226,16.3179219662327,51.5512978512271,3.98276934679902,18.9907683615623,65.1140307181494,10.3237565385954,22.4978266029098,10.8985060795097,3.98276934679902,70.8739577277692,18.9031208261362,14.3021041431153,20.8281436022209,18.6427040726575,8.73018707578101,54.3930048456134,15.8403030110483,10.3237565385954,3.98276934679902,15.2979583232094,16.4313737108342,14.1794794790777,14.4943680127999,14.4943680127999,135.692463228837,21.4146933225212
73.6536077277772,21.6470580504913,17.2828334596394,11.8055943633893,19.4856948910566,35.0708795622892,8.4180844450465,120.075007035447,19.1764669536737,22.4978266029098,20.882739499335,21.3480496044904,12.5044951768575,3.98276934679902,10.0211228822425,141.030120543647,18.966576644188,10.1535810954913,3.98276934679902,89.2830620607869,93.5960806881882,88.625982532813,85.1219018568272,20.3285532707846,95.8649046555549,46.9885007316,20.4035470106481,27.8059434768007,64.947822117007,104.936273749011,67.3417596338594,3.98276934679902,76.2072966536663,3.98277548302226,17.8678924217263,54.1612139191811,3.98276934679902,19.0670261368072,59.3632217641078,10.158210603122,22.4978266029098,10.8985060795097,3.98276934679902,78.827202493832,18.3280085416813,14.3021041431153,20.8281436022209,18.6427040726575,8.31578457214907,56.6072160699796,16.5428998769572,10.158210603122,3.98383958366919,15.2040926190337,16.4313737108342,15.4380064171117,15.6893753690847,15.6893753690847,133.90777340253,21.4146933225212
87.312568132536,22.0169734869847,17.6561556777113,11.8210177336152,91.1143125982084,40.9143435495459,8.07806610025651,114.500670216626,18.6370046027737,87.495067876067,75.3595310546595,36.6916559270716,11.6223585012761,73.9567793536966,9.99533093733715,148.620649116012,18.1651946068739,11.1239575508159,11.6445752200878,89.1697304705481,94.2824619652394,77.3999116042564,77.271154206844,42.1381933186473,92.937322902868,61.5627328488198,71.1312076639787,105.191557707229,67.5050224632031,100.075067636645,54.4900024604498,7.06936369174073,69.4454115892257,40.2468184107868,72.7415869507914,55.9878648931521,7.06936369174073,52.3353188535272,62.6413626796511,10.1406733328063,47.5905417323313,77.23538492208,8.75948590108755,71.5589017282883,77.2495559263599,64.2881247848834,42.2124312080555,33.888115009043,9.73668983653886,55.278139253641,15.8618208267122,37.3286931479497,9.12439955101111,31.0655737261677,48.2465230406572,14.4366403533823,66.0521617475606,13.9953649209389,136.488135308144,78.6147946813328
62.4498492434161,22.2419116198438,19.1268623589605,9.26266475242202,61.1089744738868,43.2513113841907,8.46990239123719,114.949589040041,18.6477757148506,53.3404107580369,45.9421135221281,70.7146604392859,12.4093111731311,49.6016796134484,9.95187455398045,144.069491628269,18.4069275424056,9.23828519358608,9.84341492540423,85.035143529658,92.4416784983833,79.8728398221946,74.48730117143,54.6782094051363,100.241328994578,57.8148864369714,72.7471452465451,101.970313900569,61.2566275437477,103.369124681941,55.1670505992539,12.534253377434,65.2176795734433,56.0999747912983,67.8488355152361,51.7864218679135,16.6861199076529,57.9001402250802,66.6544662592181,11.2953755042011,69.1213024591034,60.9347780221802,12.7903215563682,67.2025036174901,74.5361971541193,60.8884240023933,61.3100443671535,50.5947724016233,7.79194619064541,55.0378082405199,16.8098811272068,41.5792514312761,28.2226889591459,49.2882235538639,51.7641788118757,14.3547327333685,68.162529204781,14.4425170186092,132.308507492693,47.9266493729763
69.7551043269413,22.4071729836416,19.3589923875285,9.14388680126141,20.0203840166039,42.9023821958676,8.35444175844039,119.061006750175,20.9979931004957,23.1625360087028,19.9498999660754,20.6715072079781,12.7488477609978,16.2503900986612,9.94489965848682,148.624830952942,17.3073735823431,10.1934426913814,3.98276934679902,84.9112637696078,90.5947999709619,90.9027667327997,77.51456508725,28.9407031307751,94.2430602271642,68.5077290920538,19.5523530856988,105.194517551257,61.4511155175709,108.80467470851,51.3689755338004,3.98276934679902,77.2796661825263,17.5676263122836,76.8075329354231,50.2417570325003,3.98276934679902,18.7458741750508,66.176617294536,10.828236989697,22.0262920705397,17.6856679784995,3.98276934679902,79.6315827266017,76.6069551043406,20.208752941995,19.537145511511,16.467184185172,7.87055886242172,54.9992343056703,17.7074291176601,39.8596742697576,3.98276934679902,15.2064618915358,17.1637795215442,15.6447222896347,77.5753373238409,16.4369359910039,136.491975764556,20.8116646666576
71.3267343230846,21.9786166355849,16.4815654246694,9.71642664798758,20.0203840166039,43.6592157876588,8.26788065456976,111.296888901176,18.104349102456,22.0262920705397,18.9712526843227,20.6715072079781,12.8014364890639,16.2503900986612,9.44718228406433,145.654612355404,18.8594787807212,9.86498187504107,3.98276934679902,91.2320475625314,89.9608769948305,76.1232705055379,80.3486679407913,21.3058114527465,102.75340777677,61.84794938076,19.7110572630635,103.092239551097,62.4440795209182,103.941475812144,48.4241705347213,3.98277455317503,69.7671481096183,17.5677074941456,66.6266947499371,55.6798807671374,3.98276934679902,18.7458741750508,67.9120925655255,10.7570396036629,22.0262920705397,17.6856679784995,3.98276934679902,71.8904299245839,78.7056749894773,20.208752941995,19.537145511511,16.467184185172,8.73018707578101,52.2466600782868,14.6356706754551,39.5975905511545,3.98276934679902,15.2064618915358,17.6013844285283,14.7992109631152,64.9626914549162,13.7645241140271,133.764228306535,19.7907433041742
75.003939243874,21.7904520586774,16.7595769396452,9.91764554226188,20.0203840166039,41.1521224626544,8.21487264417134,109.151049513988,18.8285849965314,22.3853470647933,19.2805068702628,20.6715072079781,14.2351530291193,16.2503900986612,9.51126724558875,144.248372593061,17.5187659678112,7.85393660980873,3.98276934679902,87.1705681402025,92.8581399169606,79.9753306173434,78.0554640988473,21.3058114527465,106.409990227537,69.7877195849178,19.5523530856988,102.096923274452,62.4901746233368,97.5516130620059,51.0376011552505,3.98276934679902,78.723550534209,17.5676263122836,75.8721837005003,55.4312799654931,3.98276934679902,18.7458741750508,62.6231073117411,9.5852944602862,22.0262920705397,17.6856679784995,3.98276934679902,81.1194100151811,77.9878595335656,20.208752941995,19.537145511511,16.467184185172,8.73018707578101,52.6010752996957,17.2505937004526,35.2842956180453,3.98276934679902,15.2064618915358,17.1637795215442,15.8213072849595,68.2499936273945,14.4610492888587,132.472785669863,20.1133561706794
71.3267343230846,21.6810111915222,17.5171948910167,9.90800965069679,20.0203840166039,38.7611456295842,8.32882954493552,109.166882903711,19.2238515803931,22.0262920705397,18.9712526843227,20.6715072079781,12.8440510801871,16.2503900986612,9.62914312582445,146.541905268892,17.4730742182675,10.3140354603444,3.98276934679902,83.4599567826818,86.6764468309479,80.1595963583499,54.4752558732583,21.3058114527465,99.3282688344151,59.695519733368,19.5523530856988,103.720252712576,60.5045006554489,95.8340084010509,48.8609215077307,3.98276934679902,67.3391148521106,17.5676263122836,66.5799534095329,51.590357057464,3.98276934679902,18.7458741750508,68.016398791324,10.3237565385954,22.0262920705397,17.6856679784995,3.98276934679902,69.3885023055968,77.1280133894084,20.208752941995,19.537145511511,16.467184185172,8.73018707578101,53.2529756082662,15.8403030110483,38.0026382189673,3.98276934679902,15.3095492265243,17.1637795215442,14.1794794790777,68.4072438138254,14.4943680127999,134.579087856365,19.7907433041742
72.1098933019223,21.6470580504913,17.2828334596394,11.8055943633893,20.0203840166039,42.860924980222,8.4180844450465,115.065725243733,19.1764669536737,22.0262920705397,18.9712526843227,20.6715072079781,12.5044951768575,16.2503900986612,10.0211228822425,144.614518579625,18.966576644188,10.1535810954913,3.98276934679902,87.4117681060204,97.7679968384804,86.76846038336,83.0552247058584,21.3438998983833,93.3834745905085,66.3943565854094,19.5523530856988,102.356076137154,59.9822706368789,100.558548705646,58.5459500695694,3.98276934679902,74.8956910603418,17.5676263122836,72.9041018474571,54.2022505974548,3.98276934679902,18.8211485732423,62.0092554632765,10.158210603122,22.0262920705397,17.6856679784995,3.98276934679902,77.1750541009214,74.7814554647232,20.208752941995,19.537145511511,16.467184185172,8.31578457214907,55.4207789252074,16.5428998769572,37.3932493525314,3.98383958366919,15.2156124025117,17.1637795215442,15.4380064171117,74.0471695773012,15.6893753690847,132.809041656188,19.7907433041742
87.3438404600686,22.0169734869847,17.6561556777113,11.8210177336152,87.692969394772,43.2760447600666,8.07806610025651,110.986583705123,82.8663077423626,87.5264055686653,82.6050989487479,34.7520668662024,11.6223585012761,18.1258906407513,9.99533093733715,151.321721271334,45.6234025544685,27.9387479365426,11.6445752200878,89.2016679690882,67.4685660750097,77.427633562715,77.2812398772805,38.1353985934933,81.3632936063871,50.8663188755381,68.9481530414512,28.5762274036812,68.0482730800487,97.0037105462951,16.0154623104243,7.06936369174073,67.6589454590817,22.2793664128283,17.8280620333536,14.7716072627555,7.06936369174073,57.0470666019577,44.8261832464543,10.1406733328063,47.6075870104664,60.2177732464275,35.8375630060299,71.5845316400019,18.932909396599,53.118178870465,36.7422144715183,29.5374821475469,39.8355838946906,55.2979379620412,15.8618208267122,10.1406733328063,9.12439955101111,8.19621279273417,34.5252304597028,14.4366403533823,66.6618368109036,45.4564113386828,131.803585434058,82.8944096889146
62.4722166090964,22.2419116198438,19.1268623589605,9.26266475242202,58.8143319690679,45.7479095351291,8.46990239123719,111.421724970912,82.9141996813899,53.3595154394318,50.3592947076248,66.9765521864523,12.4093111731311,12.1567573402723,9.95187455398045,146.687849807857,46.2305350001767,23.2027244090449,9.84341492540423,85.0656001628451,66.1513007175442,79.9014474975992,74.4970234847439,49.4842124406083,87.7576890288129,47.7696540288072,70.5144966395319,27.7011477152713,61.7495938369915,100.196671227621,16.2144573271199,12.534253377434,63.5399708094187,31.0551726441754,16.6289092548217,13.6631158704849,16.6861199076529,63.1128887344158,47.6979617127793,11.2953755042011,69.1460593074725,47.5087506777227,52.3288649379319,67.2265732187982,18.2678987673564,50.3091699769153,53.3650096648869,44.0993010727612,31.8790812269222,55.0575208707034,16.8098811272068,11.2953755042011,28.2226889591459,13.0040015350831,37.042466283658,14.3547327333685,68.7916833946071,46.9087442930198,127.767410929859,50.5356698347241
69.780088181113,22.4071729836416,19.3589923875285,9.14388680126141,19.2686184286063,45.3788390854547,8.35444175844039,115.406961083235,93.3640461718145,23.1708320241338,21.8680163962271,19.5787729543929,12.7488477609978,3.98276934679902,9.94489965848682,151.325979110108,43.4689134466533,25.6016821944101,3.98276934679902,84.9416760333701,64.829673732392,90.9353249447008,77.5246825284287,26.191565478904,82.5064198119973,56.6046345277244,18.9522809628317,28.577031471782,61.9456469641602,105.465401330823,15.0981437775457,3.98276934679902,75.2916657801306,9.72488258873421,18.8245750361193,13.2555778737269,3.98276934679902,20.4335648659943,47.3560128097116,10.828236989697,22.0341811228799,13.7889070549117,16.2946489116072,79.660103992099,18.7754158939429,16.6975185092712,17.0053695085018,14.3530898298736,32.2007081591039,55.0189331200109,17.7074291176601,10.828236989697,3.98276934679902,4.0120101623182,12.2824072325683,15.6447222896347,78.291373672167,53.3865410280809,131.807294078209,21.9446055183283
71.3522810805021,21.9786166355849,16.4815654246694,9.71642664798758,19.2686184286063,46.1793594299792,8.26788065456976,107.881128143445,80.4979446094039,22.0341811228799,20.7952754381329,19.5787729543929,12.8014364890639,3.98276934679902,9.44718228406433,148.30177895081,47.3671552109165,24.7767254366338,3.98276934679902,91.2647237113822,64.3760382066527,76.150535215522,80.3591552978546,19.2819280590453,89.9569239231887,51.1019795486578,19.1061144245233,28.0059288518787,62.9466019034059,100.751456597006,14.2326196199989,3.98277455317503,67.9724053866317,9.72492752844677,16.329377689859,14.6903500017163,3.98276934679902,20.4335648659943,48.5979195816781,10.7570396036629,22.0341811228799,13.7889070549117,16.2946489116072,71.9161785781757,19.2897861444594,16.6975185092712,17.0053695085018,14.3530898298736,35.7176931289866,52.2653730161994,14.6356706754551,10.7570396036629,3.98276934679902,4.0120101623182,12.5955574724559,14.7992109631152,65.5623104829667,44.7066492044321,129.173168450263,20.8681074618886
75.0308030483003,21.7904520586774,16.7595769396452,9.91764554226188,19.2686184286063,43.5275490002415,8.21487264417134,105.801145709164,83.718137755012,22.3933647181542,21.1342633839492,19.5787729543929,14.2351530291193,3.98276934679902,9.51126724558875,146.869981804023,43.9998430682666,19.7258173854625,3.98276934679902,87.2017896082727,66.4493206689889,80.003975001389,78.0656521398408,19.2819280590453,93.1581307391921,57.6622289773985,18.9522809628317,27.7355422839836,62.9930679588575,94.5577021356506,15.0007476749458,3.98276934679902,76.6984065620498,9.72488258873421,18.5953325232452,14.6247601919583,3.98276934679902,20.4335648659943,44.8131196981508,9.5852944602862,22.0341811228799,13.7889070549117,16.2946489116072,81.1484641687068,19.1138584665941,16.6975185092712,17.0053695085018,14.3530898298736,35.7176931289866,52.6199151768236,17.2505937004526,9.5852944602862,3.98276934679902,4.0120101623182,12.2824072325683,15.8213072849595,68.8799551318639,46.9689363997826,127.926050746504,21.208282657097
71.3522810805021,21.6810111915222,17.5171948910167,9.90800965069679,19.2686184286063,40.9985576619612,8.32882954493552,105.81649316373,85.4756241685571,22.0341811228799,20.7952754381329,19.5787729543929,12.8440510801871,3.98276934679902,9.62914312582445,149.20519776737,43.8850844252702,25.9045609998744,3.98276934679902,83.4898492387186,62.025698717084,80.1883067399801,54.4823661524216,19.2819280590453,86.9583375995788,49.3235306765086,18.9522809628317,28.1765342436618,60.9914141635649,92.8928116759291,14.3609875486359,3.98276934679902,65.6068326873976,9.72488258873421,16.3179219662327,13.6113869398759,3.98276934679902,20.4335648659943,48.6725611570107,10.3237565385954,22.0341811228799,13.7889070549117,16.2946489116072,69.413354855665,18.9031208261362,16.6975185092712,17.0053695085018,14.3530898298736,35.7176931289866,53.2720489734292,15.8403030110483,10.3237565385954,3.98276934679902,4.03920829943454,12.2824072325683,14.1794794790777,69.0386567699177,47.077154344031,129.960060366182,20.8681074618886
72.1357205596689,21.6470580504913,17.2828334596394,11.8055943633893,19.2686184286063,45.3349888323586,8.4180844450465,111.5342968927,85.264936392078,22.0341811228799,20.7952754381329,19.5787729543929,12.5044951768575,3.98276934679902,10.0211228822425,147.242782227471,47.6361404347699,25.5015664689739,3.98276934679902,87.443075963536,69.9628161720077,86.7995378304062,83.0660653310958,19.3163984039218,81.7538834105761,54.8584566884502,18.9522809628317,27.8059434768007,60.4649814683736,97.4723533239576,17.2075686259646,3.98276934679902,72.9690178315264,9.72488258873421,17.8678924217263,14.300498154574,3.98276934679902,20.5156162168052,44.3738470790961,10.158210603122,22.0341811228799,13.7889070549117,16.2946489116072,77.2026955232367,18.3280085416813,16.6975185092712,17.0053695085018,14.3530898298736,34.0222539215416,55.4406287221809,16.5428998769572,10.158210603122,3.98383958366919,4.0144243953783,12.2824072325683,15.4380064171117,74.7306402103283,50.9584926475977,128.25076574478,20.8681074618886
87.1944230564472,22.0169734869847,73.0291570212251,11.8210177336152,82.7961116208369,11.875826383567,8.07806610025651,107.759694148794,18.6370046027737,87.3766758544748,77.3221093685967,35.6284977505302,11.6223585012761,55.3703850218305,9.99533093733715,147.913479130689,18.1651946068739,11.1239575508159,11.6445752200878,89.0490724161971,92.2341925690146,77.2951796207478,78.108367468926,39.8091222051189,89.1681290632506,63.5664664340289,66.9435136737891,111.676220520032,70.4497458517573,94.1833673116693,16.0154623104243,7.06936369174073,68.4840274041127,36.373472546545,54.4605878157803,59.1014268301295,7.06936369174073,59.348504987209,61.280490430029,10.1406733328063,47.5261456402871,71.2628759037379,36.0486751467317,71.4620733784832,57.8356398397462,66.3805639733437,35.9923282890049,36.7722338939798,40.0702476018935,55.2033408585433,15.8618208267122,39.6298662989433,9.12439955101111,32.793172878033,47.1983760729331,14.4366403533823,68.3954789173227,52.6500434646904,123.462652470634,77.6660845475171
62.3653466071015,22.2419116198438,79.1122744969448,9.26266475242202,55.5300844323583,12.5541563251097,8.46990239123719,108.182183860141,18.6477757148506,53.2682343575208,47.1385779166527,68.6656695298321,12.4093111731311,37.1360694979864,9.95187455398045,143.383977058886,18.4069275424056,9.23828519358608,9.84341492540423,84.9200801004471,90.4333997893091,79.7647616504027,75.2943520953813,51.6560238761567,96.1759117012874,59.6966357407798,68.4643164719863,108.256399181304,63.9287816628038,97.283493966283,16.2144573271199,12.534253377434,64.3148230088866,50.7009242843964,50.7974546565175,54.6663357972606,16.6861199076529,65.6590393673827,65.2064100617591,11.2953755042011,69.0277724929936,56.222773134326,52.637124143383,67.1115700317181,55.804186858231,62.8702102954686,52.2758623733317,54.9007462961188,32.0668747183571,54.9633350440326,16.8098811272068,44.1424554698649,28.2226889591459,52.0292092494502,50.6396114101445,14.3547327333685,70.5807153896696,54.332213062315,119.681899401727,47.3482786206989
69.6607167458111,22.4071729836416,80.0724076434278,9.14388680126141,18.1926406780942,12.4528758913746,8.35444175844039,112.051550861432,20.9979931004957,23.1311941338996,20.4694525759534,20.0725404577917,12.7488477609978,12.1664351041382,9.94489965848682,147.917641069513,17.3073735823431,10.1934426913814,3.98276934679902,84.7963679655624,88.6266443631242,90.7797636586486,78.3544156441841,27.3410864799762,90.4209105144361,70.7375072593949,18.4012511404339,111.679362827282,64.1317536466223,102.399037895287,15.0981437775457,3.98276934679902,76.2098266179175,15.8769214216085,57.5047035359948,53.0357700323136,3.98276934679902,21.2579120819212,64.7389422792181,10.828236989697,21.9964876791641,16.3180589272394,16.3906375315123,79.5238310065283,57.3545337769688,20.8665040701736,16.6583002910804,17.8686583266966,32.3903962924862,54.9248133046524,17.7074291176601,42.3168728615588,3.98276934679902,16.0521140883455,16.7908995226056,15.6447222896347,80.3274595116928,61.8351432235916,123.46612642047,20.5605129941147
71.2302201254839,21.9786166355849,68.1708323898173,9.71642664798758,18.1926406780942,12.6725549466302,8.26788065456976,104.744528438241,18.104349102456,21.9964876791641,19.4653185122997,20.0725404577917,12.8014364890639,12.1664351041382,9.44718228406433,144.961555430312,18.8594787807212,9.86498187504107,3.98276934679902,91.1085989292871,88.0064932487421,76.0202659807786,81.2192252798286,20.1281921459663,98.5861098657175,63.8609661461929,18.5506119571051,109.447487316952,65.168033009597,97.822149177818,14.2326196199989,3.98277455317503,68.8013098879404,15.8769947905441,49.8824553107259,58.7763152845609,3.98276934679902,21.2579120819212,66.4367146645238,10.7570396036629,21.9964876791641,16.3180589272394,16.3906375315123,71.793152974711,58.925815397241,20.8665040701736,16.6583002910804,17.8686583266966,35.9280991394657,52.1759636623829,14.6356706754551,42.0386326701273,3.98276934679902,16.0521140883455,17.2189975423072,14.7992109631152,67.2673577406625,51.7816289155885,120.998696297867,19.5519119391046
74.9024493175271,21.7904520586774,69.3207399320636,9.91764554226188,18.1926406780942,11.9448442595676,8.21487264417134,102.725020643061,18.8285849965314,22.3550568260704,19.7826265641586,20.0725404577917,14.2351530291193,12.1664351041382,9.51126724558875,143.562006868404,17.5187659678112,7.85393660980873,3.98276934679902,87.0526152082718,90.840813659057,79.8671137623922,78.9011751587157,20.1281921459663,102.094394865935,72.0591586698403,18.4012511404339,108.390813545592,65.2161388857512,91.8084755957775,15.0007476749458,3.98276934679902,77.6337222108174,15.8769214216085,56.8044209152513,58.513889451457,3.98276934679902,21.2579120819212,61.2626316566778,9.5852944602862,21.9964876791641,16.3180589272394,16.3906375315123,81.0096450744228,58.3883972117036,20.8665040701736,16.6583002910804,17.8686583266966,35.9280991394657,52.5298993146508,17.2505937004526,37.4594393715691,3.98276934679902,16.0521140883455,16.7908995226056,15.8213072849595,70.6712827672482,54.4019307752615,119.830500006832,19.8706315677402
71.2302201254839,21.6810111915222,72.4543892577008,9.90800965069679,18.1926406780942,11.2508376278277,8.32882954493552,102.739921876658,19.2238515803931,21.9964876791641,19.4653185122997,20.0725404577917,12.8440510801871,12.1664351041382,9.62914312582445,145.844626407478,17.4730742182675,10.3140354603444,3.98276934679902,83.3470247826804,84.7934167348225,80.0511301682749,55.0654813867833,20.1281921459663,95.2998818818253,61.6384795767848,18.4012511404339,110.114215121345,63.1438452803619,90.1919911456614,14.3609875486359,3.98276934679902,66.4068896902632,15.8769214216085,49.8474607363646,54.4593675538589,3.98276934679902,21.2579120819212,66.5387548564737,10.3237565385954,21.9964876791641,16.3180589272394,16.3906375315123,69.2946107839073,57.7446426772637,20.8665040701736,16.6583002910804,17.8686583266966,35.9280991394657,53.1809175186949,15.8403030110483,40.3453575418702,3.98276934679902,16.1609342513856,16.7908995226056,14.1794794790777,70.8341116819457,54.5272745782707,121.735791292871,19.5519119391046
72.0123193900202,21.6470580504913,71.4850266125029,11.8055943633893,18.1926406780942,12.4408424905514,8.4180844450465,108.291482799316,19.1764669536737,21.9964876791641,19.4653185122997,20.0725404577917,12.5044951768575,12.1664351041382,10.0211228822425,143.926410651221,18.966576644188,10.1535810954913,3.98276934679902,87.2934887996751,95.6440048289347,86.6510515546729,83.9551068976374,20.1641753589981,89.596186489726,68.5553490560527,18.4012511404339,108.665942204909,62.5988343946242,94.6383844921254,17.2075686259646,3.98276934679902,73.8588546262168,15.8769214216085,54.5822603991296,57.2165120750235,3.98276934679902,21.3432736139485,60.6621156283521,10.158210603122,21.9964876791641,16.3180589272394,16.3906375315123,77.0706263783847,55.9878082544927,20.8665040701736,16.6583002910804,17.8686583266966,34.2226724281143,55.3457875203838,16.5428998769572,39.69840215007,3.98383958366919,16.061773471784,16.7908995226056,15.4380064171117,76.6741237791322,59.0228479059006,120.134666049449,19.5519119391046
85.6337714638615,22.0169734869847,17.6561556777113,11.8210177336152,88.1904850480973,47.7368709931632,8.07806610025651,111.72938947687,18.6370046027737,85.8127622055612,80.1638534560404,36.3529394138023,11.6223585012761,76.7116738965504,9.99533093733715,144.368397116444,18.1651946068739,11.1239575508159,11.6445752200878,87.4552253350065,100.488628248232,75.9117098878702,77.6352312443469,39.3628697806035,93.9887941150529,29.0257512031228,69.4096059875709,121.202623468772,70.3962520041609,97.6529324041919,64.557477860892,7.06936369174073,69.4644095059701,32.727494976342,75.4512155025009,14.7716072627555,7.06936369174073,60.458958116831,66.764745808175,10.1406733328063,46.6754977171401,74.0506373265353,37.073802634094,70.1830076456278,80.12710659743,30.3107258071814,42.461427713134,37.3297283509989,41.2097378071484,54.2152824620658,15.8618208267122,43.0104434120511,9.12439955101111,8.19621279273417,51.4223623041349,14.4366403533823,65.5675342281907,13.9953649209389,139.042728582562,80.7444254955412
61.2490988690837,22.2419116198438,19.1268623589605,9.26266475242202,59.1480081006487,50.4635316788593,8.46990239123719,112.167443035596,18.6477757148506,52.3148115138319,48.8710161051478,70.0618628858414,12.4093111731311,51.4493452051308,9.95187455398045,139.947454835288,18.4069275424056,9.23828519358608,9.84341492540423,83.4001358929435,98.5266747562391,78.3370900409314,74.8382615811773,51.0769700156675,101.375436029478,27.2587072064735,70.9864327361942,117.491078467354,63.8802393087904,100.867262782141,65.3596162029361,12.534253377434,65.2355209256427,45.6188020731358,70.376208777476,13.6631158704849,16.6861199076529,66.8875671250608,71.0420129193949,11.2953755042011,67.7922771562782,58.4221746605608,54.1339825603829,65.9103718933565,77.3126750453877,28.7078263822981,61.6716910749298,55.733082504861,32.9787704974332,53.9795723977134,16.8098811272068,47.9079734646048,28.2226889591459,13.0040015350831,55.1715686329806,14.3547327333685,67.6624178296418,14.4425170186092,134.784872362255,49.2249554963997
68.4138926403333,22.4071729836416,19.3589923875285,9.14388680126141,19.3779366482121,50.0564180310854,8.35444175844039,116.179351348172,20.9979931004957,22.7171798690181,21.2217464063459,20.4806796023932,12.7488477609978,16.8557181212343,9.94489965848682,144.372459304964,17.3073735823431,10.1934426913814,3.98276934679902,83.2786380228428,96.5582249948177,89.1549397563595,77.8797889991996,27.0345982819268,95.3093042471328,32.3001953958093,19.0791238948059,121.206033826685,64.083057172076,106.171255193632,60.8598155811617,3.98276934679902,77.3008072864606,14.2854621702822,79.668618223114,13.2555778737269,3.98276934679902,21.6556628762451,70.5327094289063,10.828236989697,21.6027829865422,16.9564117104437,16.8567432344418,78.1004717002971,79.4605688555869,9.52807336315264,19.6523883632577,18.1395604970739,33.3114921560881,53.9417401406625,17.7074291176601,45.9266617721485,3.98276934679902,4.0120101623182,18.2935895364185,15.6447222896347,77.0061637752867,16.4369359910039,139.046640919245,21.3754410213341
69.9553042239577,21.9786166355849,16.4815654246694,9.71642664798758,19.3779366482121,50.9394547463361,8.26788065456976,108.603149868705,18.104349102456,21.6027829865422,20.1807083825998,20.4806796023932,12.8014364890639,16.8557181212343,9.44718228406433,141.487222962891,18.8594787807212,9.86498187504107,3.98276934679902,89.4778893605663,95.8825738826313,74.6596153220216,80.7272452416153,19.9025590737281,103.915935885569,29.1602258067022,19.2339869258331,118.783770914778,65.1185496681907,101.425761192875,57.3709336771706,3.98277455317503,69.7862340425971,14.2855281849161,69.1085431941097,14.6903500017163,3.98276934679902,21.6556628762451,72.3824227870998,10.7570396036629,21.6027829865422,16.9564117104437,16.8567432344418,70.5081614053053,81.6374661844828,9.52807336315264,19.6523883632577,18.1395604970739,36.9497977690721,51.2420908534342,14.6356706754551,45.6246866426275,3.98276934679902,4.0120101623182,18.7599998941978,14.7992109631152,64.4860574254092,13.7645241140271,136.267839314321,20.3268634702003
73.5618059286685,21.7904520586774,16.7595769396452,9.91764554226188,19.3779366482121,48.0142998925468,8.21487264417134,106.50924662611,18.8285849965314,21.9549342744783,20.509678147876,20.4806796023932,14.2351530291193,16.8557181212343,9.51126724558875,140.121217756626,17.5187659678112,7.85393660980873,3.98276934679902,85.4945017670534,98.970549850279,78.4376102010485,78.4232365544515,19.9025590737281,107.613888058015,32.9036885136257,19.0791238948059,117.636958884042,65.1666190166275,95.1905534638446,60.4672170650866,3.98276934679902,78.745086636086,14.2854621702822,78.6984271721268,14.6247601919583,3.98276934679902,21.6556628762451,66.7452887761756,9.5852944602862,21.6027829865422,16.9564117104437,16.8567432344418,79.5596918874128,80.8929120590462,9.52807336315264,19.6523883632577,18.1395604970739,36.9497977690721,51.589691579453,17.2505937004526,40.654870879062,3.98276934679902,4.0120101623182,18.2935895364185,15.8213072849595,67.7492405220675,14.4610492888587,134.952225267683,20.6582157388034
69.9553042239577,21.6810111915222,17.5171948910167,9.90800965069679,19.3779366482121,45.224624127868,8.32882954493552,106.524696797395,19.2238515803931,21.6027829865422,20.1807083825998,20.4806796023932,12.8440510801871,16.8557181212343,9.62914312582445,142.349129141171,17.4730742182675,10.3140354603444,3.98276934679902,81.8552359456793,92.3819452941738,78.6183329846233,54.7319259072332,19.9025590737281,100.452045719453,28.1453928950306,19.0791238948059,119.507373116354,63.0958989436472,93.5145203037936,57.8883779788339,3.98276934679902,67.3575365572791,14.2854621702822,69.0600607359239,13.6113869398759,3.98276934679902,21.6556628762451,72.4935949959047,10.3237565385954,21.6027829865422,16.9564117104437,16.8567432344418,68.0543394352741,80.001036593562,9.52807336315264,19.6523883632577,18.1395604970739,36.9497977690721,52.2290575176603,15.8403030110483,43.7869687574456,3.98276934679902,4.03920829943454,18.2935895364185,14.1794794790777,67.905336957194,14.4943680127999,137.097950261064,20.3268634702003
70.7234050649714,21.6470580504913,17.2828334596394,11.8055943633893,19.3779366482121,50.0080477632694,8.4180844450465,112.280768373431,19.1764669536737,21.6027829865422,20.1807083825998,20.4806796023932,12.5044951768575,16.8557181212343,10.0211228822425,140.476887776273,18.966576644188,10.1535810954913,3.98276934679902,85.7310640763717,104.203599313079,85.1001255106933,83.4465544390613,19.9381389220241,94.4399934589113,31.3037772425083,19.0791238948059,117.935557056019,62.5513018951619,98.1247116921291,69.3627950963009,3.98276934679902,74.9161799892821,14.2854621702822,75.6197840889821,14.300498154574,3.98276934679902,21.7426215838105,66.0910299785787,10.158210603122,21.6027829865422,16.9564117104437,16.8567432344418,75.6911758174109,77.5670692430243,9.52807336315264,19.6523883632577,18.1395604970739,35.1958733031605,54.3551795387165,16.5428998769572,43.0848256298548,3.98383958366919,4.0144243953783,18.2935895364185,15.4380064171117,73.5038823455259,15.6893753690847,135.294774821425,20.3268634702003
83.5334876597302,23.0085118339711,72.650000194815,41.5343262771452,74.6551752015374,49.2104314841801,8.41029764307043,108.151291820787,21.3001167759881,100.348287903684,91.7611525547238,32.7499720593891,14.0151621042558,69.3213855256756,49.9108388250397,131.722997717808,64.857438485755,34.4074547939221,30.2112939025251,89.673185465253,109.053034164521,98.4508584496433,70.0916226168407,46.1486301500445,100.094729402729,69.5878569390025,79.4016288958821,125.833142676044,54.4912681524247,97.4614394828047,65.7715102020336,29.969423922364,75.8791858808973,41.0849496620845,84.31521468092,65.9805862951751,7.06936369174073,57.126775424074,87.6129624653902,45.7462960246953,57.5248294165361,87.8793030048893,39.9478409565482,79.463461723155,89.3556406683206,70.5531884658179,54.1678349655027,35.1922257918396,39.982467901847,66.4137612108029,17.1718195330401,51.8527612085822,9.84511958704874,32.2634078099317,47.9055654145541,24.5485858283022,86.4606954703512,75.9175303187734,124.750060491908,85.9961211085613
79.9745019460792,22.5115677005241,69.7921141242827,43.7162300620965,79.1252794415144,49.0557011664424,8.65132247880428,106.688796876827,19.5579200805951,92.6093963840618,84.6845036136064,37.8362091714212,13.8125924743204,73.4721201334622,40.8759533264361,132.636376306986,63.5797295737647,42.0443677670296,47.6167010093719,88.8044890904114,103.73186393883,88.7370104272276,72.6768142672022,39.6274781563166,98.2321944336348,70.0529572424832,72.0808301725636,126.705680504066,60.7807253109494,96.8380309441808,63.0405226240139,34.0074207118903,76.3863351729356,37.8611448131221,79.9299777295144,62.9008979849546,7.06936369174073,62.2269182705098,75.0214027101726,45.3057091007084,53.7224635896958,78.5214790077003,33.3054678781328,79.99456703073,83.7733651198349,69.2882473391636,50.5873649897405,40.6577573212367,40.7577969109235,54.3915082854489,16.7381445834736,51.3533623381516,8.85197449094688,32.4855311261826,46.7507301716287,24.4423169070532,77.9298805141673,68.4269775357227,125.615088134963,79.3640732054993
79.695207474024,22.7493386280959,67.7714065206643,39.1144974512018,86.3560370929807,46.7076373681433,8.55386562298349,109.13488920649,20.4440773425907,98.7511671343226,90.3007026992525,32.7499720593891,14.297737073128,80.1862713955398,41.1787217359755,130.846255422436,61.9283254590763,38.6441591368669,43.568502619287,86.8080620297038,106.413406347273,97.130572576707,72.8907473656015,47.1956244316754,92.5952338853939,70.2360484127999,75.5616467612251,124.995602988555,53.8511984680262,93.4754540260015,67.7172204826338,30.9279759714527,76.5859793286363,40.2378724678264,81.4576791979518,62.0367084009127,7.06936369174073,61.0244533982076,83.198323038132,45.4886847507992,60.8466273597399,79.2010368947057,39.6625883212236,80.2036417004251,84.1543322262866,68.6304810653358,57.295781707827,40.0760001165398,39.1306580231575,54.7943864843871,17.8256935491614,51.5607625763264,9.35470054510421,29.2378684799031,51.7126523809767,27.6642362970885,85.3012049733522,74.8994300770233,123.919729750288,84.6274261963086
81.478895810501,21.358056229245,67.4558205312321,41.531272968349,69.6953927393945,46.824055145041,8.29829378843126,110.025907607267,20.3704299647228,62.8666950068554,57.4869837009301,60.3444361474837,13.732414541137,64.7159580887494,43.0721450214492,131.491129545891,63.8417830140588,41.8110102366568,46.1200056281691,89.9706544294322,106.59312168585,102.671587995396,85.0359404232537,48.2425385462185,92.9435009492321,65.2756980142726,73.0875007400809,125.611642245107,55.4127212026597,101.700527151126,67.0585145709063,51.4724760584597,71.1771714348372,56.7864455455751,86.4430468797467,62.3355364218426,17.6519954682036,69.7003457547788,72.6538266219657,49.4186542509059,78.5793730287444,60.054849091702,52.1757108995786,74.5393400339386,86.4863671977461,67.949426960617,73.9936919950281,56.8231018410439,50.2248017697884,57.3138665194397,17.4574264686047,56.015325847111,21.8610095388336,51.2503884375199,56.4976442339645,27.3889579535116,90.1673895273126,79.172223759775,124.530466579122,53.8752780983523
72.8993605150188,22.4502598948914,66.9591418165,46.4505605234888,68.8045343322621,50.0886004091873,8.20724657512622,110.009171901028,20.7640663419593,58.0166735990127,53.0519946882038,57.2555916414921,13.0082226303725,63.8887476653205,40.9698248203735,135.080401546954,65.4029477416533,34.5056611875582,69.3385903918725,87.8515419970764,107.851393184778,90.9438065939308,76.5591090844545,58.5083405890121,94.9154411927244,72.0330636350703,76.2261293849794,129.040423730785,60.181514549539,95.0331639618028,70.630235436034,58.6314504026236,78.5454598771029,54.5691571159538,79.6330076481939,57.9145065755125,16.7845734828564,67.9731070603448,73.4808055390187,43.1027780821916,69.7020334170046,64.1015950542215,55.383159079506,82.2556814759275,86.7932724028571,64.6885662860218,65.6344100658372,58.9995093838592,26.6164923234125,54.5164182074142,16.3641976175705,48.8563720681531,24.5153013541379,52.4058928204093,64.2192472279097,26.4108722021883,79.867914720665,70.1286845348419,127.929735552743,49.7189238936022
84.2136847899108,21.6645700516323,63.5190626282247,37.3816739265294,68.3282725634139,46.5528558943887,8.81138653644061,107.047969484037,20.2402958469881,59.6113835928241,54.5102400661731,58.1365188773306,11.8772655507735,63.446512741883,41.3996344322367,134.563214312197,63.2447813209995,35.5278658505924,57.6095988812149,84.0074739773899,99.2525853795514,70.2006865893188,59.0663075518249,48.5814257232538,97.8501097243374,66.6619437585009,74.0745470886605,128.546361978251,58.3702480407485,94.6342283644304,56.3164372882559,45.9020524665363,72.688745481371,52.7945704251432,79.4199179946798,64.322261972483,17.5240344341821,70.4045332530173,84.0602839659323,41.8321066326976,78.2778520055061,62.7956739414696,54.5090646638878,76.122315720802,85.2457603502666,66.9231649070656,73.7097669283906,59.2585479576143,48.0683028796653,55.088343536669,18.8548872796353,47.4160844608328,23.5833011060207,51.9019646713708,61.8394387506903,25.8358374432527,61.6510641003014,54.1332278506164,127.439926332338,51.085552827944
81.1691095824071,21.8982621198019,67.5353845312008,47.3007606977744,19.1633977474569,49.0451466102235,8.4180844450465,99.3995407046252,20.2634659108831,21.411033447398,19.5788204020653,18.4508239375277,16.0297226972825,17.7942557853104,41.4692255643338,132.544763193285,64.2051554275696,36.2075444180958,17.0205722224605,95.4959111303283,105.658612505522,86.8279568976129,67.796746450433,67.8598395839914,93.3598583307761,73.9405126790414,59.1138110102968,126.618163774208,64.6663588349607,92.0191843597761,62.7050133701264,15.3009605838264,80.625358395787,18.4630122467021,84.233144121009,58.1627287583815,3.98276934679902,22.1145456548243,72.3624423017528,41.9699597952663,21.411033447398,18.3053725011539,18.7637816258911,84.4338273588699,85.9846084130526,40.8352459949755,20.1615430759734,19.8267516343972,54.7443999564043,55.1809448420825,16.9614171313258,47.5723390156642,12.3719745562588,16.5930953026142,19.5838312726773,23.8292749046342,76.253327374257,66.9548661545019,125.528324686863,18.348751771123
87.1610353168277,101.37910601081,20.3512006663894,10.9050888881593,73.420777050279,51.5395525405589,31.6328915167232,103.524988204577,90.2134979909659,104.70603958959,91.6323707589382,37.3129329479589,57.40862175694,67.1417362794045,12.3539432604156,136.76573328287,82.194093596391,43.6047063493939,27.2499337836419,93.5673572872655,111.902257272703,102.726211854771,70.1657000890521,45.0816671042249,96.846082104387,69.9682090934974,76.0051272294698,128.161999302141,56.2867580352521,93.2924073581823,65.9717037902494,22.1558134518059,79.7534367923806,37.1262031345477,81.6641194563391,64.1661281813285,28.405313547608,56.0526334604598,89.902021904636,11.3231345889489,60.0229180995432,19.1202333743208,36.7652350703515,82.914263341458,86.546061007501,70.9388169133642,50.764509435618,28.1644880591875,36.7971033203794,69.2978630318672,68.99785317154,52.8124260786944,40.3273784719975,31.3761680115585,49.1571916992823,34.4376404804242,87.9861515195116,52.0257216909802,132.844196001047,88.1246742849192
83.4474961342759,99.1894923430635,19.5506306354586,11.4779609400986,77.8169696237859,51.3774988641302,32.5394364221686,102.125053268307,82.834681258051,96.6310768895696,84.5656535104098,43.1078210771615,56.5788601617546,71.1619607208013,10.1176261509122,137.714078633933,80.5748479346287,53.2829969873592,42.9492346036993,92.6609366704753,106.442061101648,92.5905276607515,72.7536239412872,38.7112850937198,95.0439970633912,70.4358515345043,68.9974846140169,129.050685622199,62.7834531069232,92.6956658813018,63.2324037042618,25.1410261078616,80.2864801894245,34.2130284885247,77.4167660504421,61.171130925801,28.405313547608,61.0568794632331,76.9814831045208,11.2140804037589,56.0554297136788,17.0842161030855,30.6520534363667,83.4684325706786,81.1393070906081,69.6669618924761,47.4089977747904,32.5385762003392,37.5106626165268,56.7535285239741,67.2553097889481,52.303784584709,36.2592777431049,31.5921829635757,47.9721841343716,34.2885626097145,79.3048244351476,46.8925013034589,133.7653490755,81.3284716915311
83.1560729455093,100.237148282158,18.9845765980318,10.2697481758781,84.9281691354036,48.9183016197425,32.172880768781,104.466511010626,86.587869431406,103.039561825,90.1739705655494,37.3129329479589,58.5660995931069,77.6650011600533,10.1925674630711,135.85542676841,78.4820168340298,48.9738988650793,39.2978471977584,90.5778122323502,109.193664032975,101.348590893127,72.9677831383637,46.1044547256786,89.5899881726968,70.6199434415035,72.3294050212239,127.308958850629,55.6255980242452,89.4769272982404,67.9233363724891,22.8644523778818,80.4963178065234,36.3607461912308,78.8964325102173,60.3307064504177,28.405313547608,59.8770242686087,85.3720414163353,11.2593705822547,63.4889693318628,17.2320700908462,36.5027082368349,83.6865865730994,81.508295575165,69.0056004106565,53.6959295674353,32.0729934337944,36.0131563115954,57.1739022197197,71.6251754113422,52.5150232823601,38.3185339740202,28.4338306458407,53.0637462343306,38.8083871888975,86.8062037293696,51.3280251298776,131.95999106078,86.7221017992901
85.0172202104622,94.1069401738774,18.8961725542436,10.9042872234446,68.54300291891,49.0402294295201,31.2116215529694,105.319415010917,86.2759468421922,65.5967609788467,57.4063038403444,68.7520555947443,56.250436943733,62.6811157641163,10.6612280664059,136.524988529815,80.9069493173178,52.9872620471473,41.5992477357535,93.8777442185295,109.378074785113,107.130231934702,85.1258120409805,47.1271640335193,89.9269519754863,65.6324808420245,69.9610936183441,127.936399452439,57.2385730074114,97.3501628733763,67.2626255090789,38.0526025594631,74.8113461839057,51.3147790116335,83.7250469357463,60.6213167370462,70.9272415282705,68.389785764339,74.5520494755992,12.2321176120065,81.9917819740976,13.0663613687181,48.0189224311826,77.7763054220372,83.7670051474093,68.3208238117058,69.344722340297,45.4757702099984,46.2234403465402,59.8027938710511,70.1454464925008,57.0520293736044,89.5466223297308,49.8410089766852,57.973755327457,38.4222168125487,91.7582440658192,54.2561390193628,132.610354216315,55.2087846896397
76.0651077123269,98.9193605513433,18.7570396132507,12.1958759613299,67.6668745551782,52.4592850461446,30.8691739079979,105.303395194955,87.943135567046,60.5361212395084,52.9775390939165,65.2328511285624,53.2840167785397,61.8799150426324,10.1408612464781,140.2516681961,82.8854196783923,43.7291637084686,62.5419090928665,91.6666066408759,110.669221079856,94.8931567501363,76.6400218250075,57.1556192389365,91.8348914630673,72.4267807597762,72.9654635890708,131.428639104325,62.1644983223642,90.9680042887696,70.8452178839819,43.3450933489573,82.555845808225,49.311137743406,77.1291335005199,56.321864674829,67.441865114455,66.6950239522267,75.4006348289929,10.6688103692326,72.7289326295306,13.9468272413896,50.9708363140698,85.8277387786996,84.0642604343324,65.0421399789097,61.5106479926762,47.2175584280588,24.4959821003308,56.8838628177389,65.752758600492,49.7605812724872,100.419078440037,50.9647371293099,65.8971002522995,37.0501228883332,81.2770520515837,48.0586685162756,136.230177341141,50.9495535082242
87.8707708701615,95.4574880718818,17.793381778686,9.81478486582083,67.1984876141017,48.7561943660915,33.1414708787147,102.468861828508,85.7247830109191,62.2000835375618,54.4337379036677,66.2365154621766,48.651413407772,61.4515851646615,10.2472478286863,139.714681545085,80.150366661848,45.024607804161,51.9626123886097,87.6556050915452,101.845752657993,73.2492404483538,59.1287327403559,47.4582160896978,94.6743131914406,67.0263035052537,70.9059178536699,130.925433504935,60.2935504957792,90.5861336488811,56.4878517748875,33.934496510114,76.4000984059769,47.7075416211087,76.9227439540384,62.5534075762092,70.4130830478539,69.080732582765,86.2565227537019,10.3542934554875,81.6771670179702,13.6626930301422,50.1663801558799,79.4280238359793,82.5654062880062,67.2889524320405,69.078636078339,47.424868100955,44.2387476391028,57.4806247298576,75.7605646613675,48.293637545273,96.6014379929608,50.4746669431989,63.4551146393562,36.2434434147995,62.7387952150856,37.0971004268054,135.708587918081,52.3500088794053
84.6939811224745,96.4871719177479,18.9184605504561,12.4191011657415,18.8465374268236,51.366444762624,31.6621793104049,95.147603932817,85.8229163936899,22.3408347330157,19.5513425905891,21.0215250006051,65.6606238551808,17.2347569248031,10.2644730430404,137.618958306498,81.3674526437482,45.8859671963471,15.3521880763597,99.6429422000033,108.419149730694,90.5985710601333,67.8683985454153,66.2909102160782,90.3297961751598,74.344655507101,56.5851455358425,128.961549176645,66.7971184407507,88.082951345845,62.8958732361554,11.3117031947924,84.7419400990204,16.684005914197,81.58462941372,56.5632607778003,16.0031110318744,21.6987308058717,74.253052171989,10.3884149046303,22.3408347330157,3.98276934679902,17.2688892757682,88.1004734094106,83.281022997135,41.0584426053716,18.8948080418701,15.8674337043194,50.3829665130533,57.577247364416,68.152438159317,48.4527839809527,50.67783036709,16.1367871959998,20.0954970418724,33.4285652059389,77.5986912864818,45.883674268439,133.67295617036,18.8029152073474
84.7478576610869,23.0085118339711,78.77460515052,10.9050888881593,77.480152902225,12.2030386552251,8.41029764307043,97.3118914414744,21.3001167759881,101.807103450979,88.6213669902313,35.8860621970993,14.0151621042558,61.5273316958915,12.3539432604156,138.582746904187,18.9299769639047,10.0425231375518,7.06936369174073,90.9768114649083,97.7440190267271,99.8820900725353,70.4626812994552,44.45182462298,95.0142554100103,69.8893783197327,71.4436467776636,95.4111974491097,58.0880674354925,87.6934233425185,43.6326131076289,7.80090258289962,80.2207462901043,34.3054972137035,74.8353504671632,62.5619013902535,7.06936369174073,54.1651973007552,78.5273251295843,11.3231345889489,58.3610979494766,82.6140481283698,33.1371487545563,80.6186636286907,79.3090631499618,70.8588925891649,40.5994688522865,31.4470032631275,33.1658721651288,67.379252794492,17.1718195330401,39.3166214618864,9.84511958704874,30.5917278286762,42.9376636169713,52.2057067039716,89.9668593371235,18.3133178584119,114.098495807706,93.8036106749979
81.1371331106293,22.5115677005241,75.6757910257071,11.4779609400986,82.119407435716,12.1646691471444,8.65132247880428,95.9959742034616,19.5579200805951,93.9557076175957,81.7868592992148,41.4593500466457,13.8125924743204,65.2113842153022,10.1176261509122,139.543691583892,18.5570513468089,12.2715132122681,11.1421833941377,90.0954863965038,92.9746646683721,90.0270267606992,73.0615587195603,38.1704441394747,93.2462564921895,70.3564938840916,64.8565708524962,96.0727868938364,64.7926721170184,87.1324955624344,41.8208845335481,8.85197449094688,80.7569130164009,31.6136543570561,70.9431615498734,59.6417825008155,7.06936369174073,59.0009374854325,67.2415350026135,11.2140804037589,54.503455141827,73.8168945820157,27.6272313344352,81.1574898919105,74.3544230099097,69.5884705235677,37.9158618860845,36.3308826987821,33.8090156265098,55.1822260902585,16.7381445834736,38.9379593445841,8.85197449094688,30.8023421591642,41.9025870707567,51.9797122547077,81.0901018114197,16.5063982513696,114.889664585624,86.5694467213538
80.8537783887521,22.7493386280959,73.4847319317932,10.2697481758781,89.6237794624661,11.5824041185439,8.55386562298349,98.1969083507335,20.4440773425907,100.186764501637,87.210889255273,35.8860621970993,14.297737073128,71.1706391930497,10.1925674630711,137.660346429518,18.0750551012123,11.2790924114437,10.1949155674711,88.070036231406,95.3781258301807,98.5426105133035,73.2766243603477,45.4603227308761,87.8954092251794,70.5403783810734,67.9885246211558,94.7761448485385,57.4057487401971,84.1069309619884,44.9233911912123,8.05040925259573,80.9679801618485,33.5981967407464,72.2990980226958,58.8223696011264,7.06936369174073,57.860811046088,74.5704925345087,11.2593705822547,61.7311866068097,74.4557370177592,32.9005287324714,81.3696039894331,74.6925566081655,68.9278541749739,42.9439040031003,35.8110371845295,32.4592870284893,55.5909611402956,17.8256935491614,39.0952176364352,9.35470054510421,27.7229522714116,46.3499481419578,58.8315358129553,88.7603490508165,18.0677251308744,113.339061397268,92.3106535156892
82.6633971355145,21.358056229245,73.1425411314919,10.9042872234446,72.3326905529478,11.6112730105408,8.29829378843126,98.9986249500369,20.3704299647228,63.7806210338848,55.5199552085324,66.1229324077133,13.732414541137,57.4397091049067,10.6612280664059,138.338803714762,18.633537031472,12.2034030189357,10.7919605927042,91.2786048910075,95.5392043330193,104.1641785713,85.486112966709,46.46874361929,88.2259994166097,65.5585349840998,65.7623484473298,95.2432478858885,59.0703427382249,91.5076509124874,44.486407760091,13.3980477059835,75.2496978589594,47.4160797436162,76.7239428041112,59.1057142973137,17.6519954682036,66.0869259942067,65.1194812332173,12.2321176120065,79.7217224745168,56.4566857446266,43.2802938044803,75.6229574069719,76.7623924622435,68.2438490902559,55.4591963169844,50.7758810024085,41.6619944297833,58.1470681744034,17.4574264686047,42.4728271178464,21.8610095388336,48.5949265939574,50.6387268843775,58.2461212164793,93.8238676692246,19.0984360684811,113.897651535257,58.7665530328433
73.9591366480127,22.4502598948914,72.6039909658378,12.1958759613299,71.4081217549707,12.4208040560655,8.20724657512622,98.9835665702305,20.7640663419593,58.8600923280874,51.2367179348935,62.7383046022859,13.0082226303725,56.705504938059,10.1408612464781,142.114994523593,19.0891950565221,10.0711866927683,16.2250486501611,89.1286858128447,96.6669905910936,92.2659042775177,76.9644060528855,56.3570898288481,90.0978505626836,72.345179997908,68.586409860055,97.8430728634951,64.1539093152513,85.508520324612,46.8558761538963,15.2614956520292,83.0395758189984,45.56466742183,70.6795808877356,54.9137534673188,16.7845734828564,64.4492311659057,65.860700802415,10.6688103692326,70.7153283336489,60.2609724683421,45.9409053648496,83.4514753404482,77.0347912063088,64.9688592377234,49.1938101052628,52.7206711815132,22.0786566764592,55.3089518930922,16.3641976175705,37.0446518533083,24.5153013541379,49.6905602540605,57.5595843895285,56.166096801955,83.1067273994743,16.9168950239319,117.006679901309,54.2328481793698
85.4379431727184,21.6645700516323,68.873903161072,9.81478486582083,70.9138380757452,11.5440219249647,8.81138653644061,96.3191489448179,20.2402958469881,60.4779854551739,52.6450666228173,63.7035881609738,11.8772655507735,56.312992084839,10.2472478286863,141.570873687457,18.4592898123268,10.3695381413517,13.480495338618,85.2287345657597,88.959896146997,71.221230687944,59.3789992180871,46.7951704993853,92.88356512598,66.9507872752921,66.6504686491656,97.4684575402139,62.2230867325953,85.1495678156768,37.3601474597514,11.9480921813579,76.8477592598293,44.0829063565788,70.4904496738497,60.9895006497509,17.5240344341821,66.7546068583141,75.3430664108129,10.3542934554875,79.4158180824566,59.0332951203011,45.2158349735017,77.2289456393528,75.6612715248843,67.2131402845701,55.2463909333711,52.9521423854757,39.8731562147525,55.8891915999974,18.8548872796353,35.9525741831246,23.5833011060207,49.2127423846211,55.4265667540322,54.9432118594354,64.1511449997277,13.0583674701681,116.558692180416,55.723551792994
82.3491073829926,21.8982621198019,73.2288126065769,12.4191011657415,19.8885473591191,12.1620518634985,8.4180844450465,89.4372794955537,20.2634659108831,21.722296839422,18.9088931402915,20.2176482535356,16.0297226972825,15.7935833175005,10.2644730430404,139.447307526673,18.7395947417004,10.5679163062329,3.98276934679902,96.8841851384876,94.7016056013339,88.0902203214157,68.1556562671021,65.3647503365434,88.6212238887464,74.260893941744,53.1891636510272,96.0064285734844,68.9347842356245,82.7966150768665,41.5983087492315,3.98276934679902,85.2384793712638,15.4164194040704,74.7625073968203,55.1491143908797,3.98276934679902,20.9680787987437,64.8583140428022,10.3884149046303,21.722296839422,17.2086130989674,15.5647516373033,85.6612860693455,76.3170482305457,41.0121834708005,15.1113283491636,17.7167516209982,45.4110480415571,55.9831390990219,16.9614171313258,36.0710519852862,12.3719745562588,15.7333490102245,17.5529492709478,50.6760000490701,79.3455608996334,16.1512860192662,114.810309282065,20.0146139770396
86.7383188186087,64.5283306725386,72.9440415203221,17.4460144831237,80.4971871888111,12.2030386552251,28.7397623155059,107.913032093355,21.3001167759881,104.198232744056,90.568162407844,32.2803443760456,57.5068807228383,65.6356136266385,12.3539432604156,125.781141843515,70.1616798891662,37.2214025933561,18.373323251027,93.113571194933,22.178146635273,102.228006843866,72.7926381381053,43.700377625232,80.3450606949225,60.8802710739058,79.2267053222487,113.597825406086,58.4255855459708,97.2467297404121,45.4678686020526,7.80090258289962,70.2284797054581,40.0780552870054,79.8322308718744,50.4955827142923,7.06936369174073,50.3503011972351,17.8178731439666,11.3231345889489,59.7318169479828,80.7583870949459,35.5288449483208,82.512142979708,84.6046607665446,61.7248098715329,45.7590450506672,30.4740282341012,35.5596414905392,68.9617799428079,17.1718195330401,46.8108861411865,40.3964016672037,24.6914989573302,9.74256849017866,50.8535016248026,82.9763742871962,18.3133178584119,67.7435283109277,82.7074568838878
83.0427896823297,63.1346301324847,70.0745885316058,18.362497990742,85.317091727077,12.1646691471444,29.5633950554045,106.453759058638,19.5579200805951,96.1624322676533,83.5835172420131,37.2936459219792,56.6756989312819,69.5656564397975,10.1176261509122,126.653319093294,68.7794760006439,45.4828858691453,28.9586087446447,92.2115465671034,21.0959787300812,92.1414790293449,75.4774514338558,37.5251823106389,78.8500220846857,61.2871729932635,71.9220344831101,114.385522492402,65.1691470322849,96.6246945848148,43.5799359094656,8.85197449094688,70.6978617019842,36.933258225456,75.6801540485237,48.1386673769948,7.06936369174073,54.8454565173225,15.257124048286,11.2140804037589,55.7835702197135,72.1588335380712,29.6212455001149,83.0636245805044,79.3191910910701,60.6181518701125,42.7343923757392,35.2067997026179,36.2492042675959,56.4782833670984,16.7381445834736,46.3600460486266,36.3213380926869,24.8614920858899,9.50770931772737,50.6333607662944,74.7893467490952,16.5063982513696,68.2132677595177,76.3290318000177
82.7527798474707,63.8014686116259,68.045702379596,16.4295933074823,93.1136798486066,11.5824041185439,29.2303644075993,108.894462591903,20.4440773425907,102.53983711895,89.1266999150973,32.2803443760456,58.6663396651831,75.9228207510231,10.1925674630711,124.943948271207,66.9930149629039,41.8045976876247,26.4966533631474,90.1385249354059,21.641324773855,100.857067114341,75.6996285505517,44.6918273243881,74.3252889635134,61.4473538146084,75.3951827545681,112.841723435121,57.7393022684996,93.2695254991866,46.8129388171691,8.05040925259573,70.8826384016045,39.2517379395811,77.1266286473626,47.4772947055457,7.06936369174073,53.7856300515354,16.9200666655894,11.2593705822547,63.1810584093508,72.7833264165497,35.2751467156035,83.2807205723631,79.6799024302031,60.0426924319952,48.4014223210392,34.7030382870658,34.8020580922694,56.8966183204637,17.8256935491614,46.5472798373115,38.3841188880592,22.3760243598276,10.5168168514593,57.3077119522289,81.8636106558369,18.0677251308744,67.2926304606133,81.391103611402
84.6049008582993,59.8995591209224,67.7288390973572,17.4447319759963,75.1492855035884,11.6112730105408,28.3570215021172,109.783518059111,20.3704299647228,65.2786276180543,56.7395932942093,59.4791096763885,56.3467135934114,61.2750536992313,10.6612280664059,125.559732948135,69.0629609797155,45.2304436400348,28.0483773544936,93.4224528012981,21.6778735334754,106.610668160222,88.3128426602603,45.6832011094381,74.604839530752,57.1076961477742,72.9264873327344,113.397862449222,59.4135683152929,101.476478603294,46.3575751840425,13.3980477059835,65.8766232343276,55.3947448602669,81.8469276498663,47.7059906886446,17.6519954682036,61.4323734580267,14.7756294245307,12.2321176120065,81.5941354932722,55.1885664091623,46.4040783739947,77.3991033000924,81.8879446554098,59.4468591884506,62.5072183080977,49.2048675777339,44.6689771439691,59.5127602853211,17.4574264686047,50.5687060683778,89.6998877843006,39.2224194084744,11.4899420081977,56.7374604603396,86.5336904962015,19.0984360684811,67.6242813431181,51.8149793617068
75.6962046141486,62.9626898356406,67.2301501408186,19.5110219492815,74.188714508154,12.4208040560655,28.0458939557536,109.766819222009,20.7640663419593,60.2425311382309,52.3622637380874,56.4345585483249,53.3752161877457,60.4918255030783,10.1408612464781,128.987097482062,70.7518025748981,37.3276406088288,42.1690093496442,91.2220388724688,21.9337685667867,94.4329407513181,79.509352411845,55.4043872949727,76.1876966851251,63.0195070417389,76.0582015081629,116.493248229807,64.5266727279079,94.8238037649776,48.8267070996697,15.2614956520292,72.6961968673902,53.2317968951241,75.3989736686393,44.3225336625278,16.7845734828564,59.910022723915,14.9438123625589,10.6688103692326,72.3762094246191,58.9074019681776,49.2567213788662,85.4114885465321,82.1785319151698,56.5940326963572,55.4455966163191,51.0894856550606,23.6721987016843,56.6079855612552,16.3641976175705,44.1058492710555,100.590952881576,40.1067381212832,13.0602866095292,54.7113117570295,76.6492791822652,16.9168950239319,69.4702000788922,47.8175724815804
87.4446122727673,60.7591899144928,63.776147684248,15.7017407812029,73.6751836959317,11.5440219249647,30.1103677271166,106.812140400519,20.2402958469881,61.8984234963937,53.8015504138258,57.3028534736316,48.7346837846707,60.0731039159831,10.2472478286863,128.493239901672,68.4171346464582,38.4334443226891,35.0358970397523,87.2304900123257,20.1850265730046,72.8939938372164,61.3424570761896,46.0041098246186,78.5433264240621,58.3204798200411,73.9113591960164,116.047226303384,62.5846311872362,94.4257470316954,38.9315733041961,11.9480921813579,67.2756306962279,51.5007011023617,75.1972138500808,49.2264510241159,17.5240344341821,62.0530290503026,17.0953639051123,10.3542934554875,81.2810463672599,57.7073004751877,48.4793185400877,79.0428111549418,80.7133000477429,58.5490141510925,62.2673685905753,51.3137951050234,42.7510283171038,57.2018532775346,18.8548872796353,42.8056072468048,96.7667782695774,39.7210770206377,12.5763042813345,53.5201013446506,59.166558193425,13.0583674701681,69.2042170031433,49.1319387832961
84.2832294260292,61.4145890623915,67.8087251221566,19.868138721928,20.6629963895512,12.1620518634985,28.7663714615181,99.1805612816669,20.2634659108831,22.2324854070663,19.3242754320328,18.1862430186235,65.7730067134135,16.8481470565188,10.2644730430404,126.565838529924,69.4560511102006,39.1687091002393,10.3512440205211,99.1596905331786,21.4878221351617,90.1591830863331,70.4093277778036,64.2597755505692,74.939045530314,64.6882754154858,58.9835819555935,114.306515404228,69.335326707575,91.816464027777,43.3479982418695,3.98276934679902,74.6212058038077,18.0105277400611,79.7545239489733,44.5125005068736,3.98276934679902,19.4912810375637,14.7163705122922,10.3884149046303,22.2324854070663,16.8220765051256,16.688148146869,87.673200792975,81.4128640511176,35.7254980236408,17.0317487950549,17.1685926508585,48.6886212437753,57.298007308415,16.9614171313258,42.9466684748817,50.7645691016815,12.6988567908582,3.98276934679902,49.3634166365538,73.1803578311507,16.1512860192662,68.1661522544866,17.6470586861416
83.7695320612788,69.2784157944403,20.3512006663894,10.9050888881593,79.1293206862766,12.2030386552251,8.41029764307043,112.678313237905,21.3001167759881,100.631846656327,96.1011104143136,36.5654843568761,14.0151621042558,60.6535689672812,12.3539432604156,140.475455303007,18.9299769639047,10.0425231375518,28.2046911145989,89.9265790920621,106.177349647634,98.7290555489834,69.2883535813795,47.0080973812007,94.1368866899924,58.6611946176669,82.7252403711972,114.382828869494,58.753558688667,101.541002624898,56.1487933894332,7.80090258289962,78.5895190169649,37.8962198852408,73.7725977324292,55.7386533440636,7.06936369174073,55.4412533557986,85.3026439898837,11.3231345889489,57.6873799614041,67.8196409296877,24.0003338612036,79.6880052660253,78.1827782695456,59.4749501068571,56.4477705444883,30.6067484219659,24.0211374447731,66.6014296173162,17.1718195330401,47.1343668734511,9.84511958704874,27.2552731733977,46.6423149805724,14.4423340692457,87.1634292450383,28.6525277873066,121.776249427889,94.8966011598463
80.2004895587108,67.7821216163564,19.5506306354586,11.4779609400986,83.867321915948,12.1646691471444,8.65132247880428,111.154600847327,19.5579200805951,92.8710869965297,88.6897625582796,42.2442899209881,13.8125924743204,64.2853034730063,10.1176261509122,141.449524185448,18.5570513468089,12.2715132122681,44.4540491446245,89.0554280020916,100.996496534135,88.9877586613589,71.8439182331648,40.3654961390384,92.3852136060249,59.0532650250533,75.0980059867514,115.175969237304,65.5349752864527,100.89149930961,53.817363613892,8.85197449094688,79.1147832046124,34.9226244828317,69.9356826180965,53.1370141533597,7.06936369174073,60.3909167947199,73.0431185857407,11.2140804037589,53.8742696153151,60.597869230642,20.0096508181314,80.2206113421902,73.2985000283233,58.4086296182752,52.7165978335617,35.3601320102063,24.4869487283004,54.5452048613044,16.7381445834736,46.6804113072205,8.85197449094688,27.4429170732071,45.5179322771208,14.3798143268625,78.563277675695,25.8254696512285,122.620656409395,87.5781454362984
79.9204058714755,68.4980476746349,18.9845765980318,10.2697481758781,91.531424765657,11.5824041185439,8.55386562298349,113.703082267107,20.4440773425907,99.0302128296658,94.5715867661498,36.5654843568761,14.297737073128,70.1599298028616,10.1925674630711,139.540457047124,18.0750551012123,11.2790924114437,40.6747278904157,87.0533595460109,103.607327751052,97.4050388837926,72.055399600142,48.0745907741452,87.0837764617107,59.2076072802566,78.7245233893434,113.621501951099,58.0634229468827,97.3881708805699,57.8098360537347,8.05040925259573,79.3215584617389,37.1148869670457,71.2723631485652,52.4069696606816,7.06936369174073,59.2239305760534,81.0044168233743,11.2593705822547,61.0185644611799,61.1223086641806,23.8289564270632,80.4302768037541,73.6318317194054,57.8541455875949,59.7073732238006,34.8541766178948,23.5093770846312,54.9492214916194,17.8256935491614,46.8689389514177,9.35470054510421,24.6993776082862,50.3490105995404,16.2753221373948,85.9945146608372,28.2682799680674,120.965712237763,93.3862482099314
81.70913445777,64.3089092718299,18.8961725542436,10.9042872234446,73.8722944195564,11.6112730105408,8.29829378843126,114.631397119138,20.3704299647228,63.0443403059561,60.2059021080215,67.3748219379849,13.732414541137,56.6239955744362,10.6612280664059,140.228180433891,18.633537031472,12.2034030189357,43.0567627173807,90.2248886279161,103.782304068651,102.961711803505,84.061405446132,49.1410025069786,87.4113139586601,55.0261294635896,76.1468140002706,114.181484093804,59.7470875181742,105.957530990787,57.2475022707886,13.3980477059835,73.7195530383274,52.3790742010412,75.6343697677636,52.6594116652675,17.6519954682036,67.6438412511726,70.7379745238555,12.2321176120065,78.8014183617034,46.3465021025395,31.3467374218696,74.7499692606484,75.6722733941198,57.2800303735411,77.108102070812,49.4191641327744,30.1746472831619,57.4758209367883,17.4574264686047,50.918154741905,21.8610095388336,43.2949719799083,55.00782414772,16.113371390913,90.9002505071082,29.8809027603318,121.561890228456,59.4512951534294
73.1053555764981,67.5975243820497,18.7570396132507,12.1958759613299,72.928046142143,12.4208040560655,8.20724657512622,114.613960885893,20.7640663419593,58.1806139705114,55.5611547728778,63.9261137906973,13.0082226303725,55.9002179971789,10.1408612464781,144.055944964697,19.0891950565221,10.0711866927683,64.7331931771715,88.0997881225141,105.007395455763,91.2007906730521,75.6817208971926,59.5979937666272,89.2658802916603,60.7224557656311,79.4168200781764,117.298260147924,64.8888944402714,99.0110837938143,60.2966616451857,15.2614956520292,81.3510298120089,50.3338763714459,69.6758451210239,48.9246426390279,16.7845734828564,65.9675646303903,71.5431463404845,10.6688103692326,69.8989936448795,49.4695225263186,33.2737458738282,82.4881151220246,75.9408037456623,54.5311889654605,68.3969762051361,51.3119900802046,15.9909693910842,54.6704677469565,16.3641976175705,44.4106371867622,24.5153013541379,44.2711115059696,62.5258115857538,15.5379475653705,80.5170638037566,26.4677219330583,124.880126907235,54.8647640150156
84.4516512556403,65.2318195490056,17.793381778686,9.81478486582083,72.4232416173922,11.5440219249647,8.81138653644061,111.528807783373,20.2402958469881,59.7798302093831,57.0883696800337,64.9096728301732,11.8772655507735,55.5132793025026,10.2472478286863,143.50439274118,18.4592898123268,10.3695381413517,53.7832291103825,84.2448577437829,96.6353347434399,70.3990558842988,58.3893916220172,49.486201083134,92.0258713589383,56.194707358744,77.1751763598241,116.84915604316,62.9359512122416,98.5954494593029,48.0770472202033,11.9480921813579,75.285119087785,48.6970208320452,69.489399799748,54.3377448383244,17.5240344341821,68.3272517396872,81.8436481892396,10.3542934554875,78.4990453167015,48.4616959059322,32.748597147421,76.3374180344036,74.5867897094781,56.4149116488063,76.812226538338,51.5372764404765,28.8790405095551,55.2440091918059,18.8548872796353,43.1014100037846,23.5833011060207,43.8454063404544,60.2087576980194,15.1996452229031,62.1521505737908,20.4307728227406,124.401993834105,56.3728371611523
81.3984728525445,65.9354641994439,18.9184605504561,12.4191011657415,20.3118757903063,12.1620518634985,8.4180844450465,103.56022932929,20.2634659108831,21.471535585142,20.5048250687435,20.6004241113765,16.0297226972825,15.5692952804012,10.2644730430404,141.351823752859,18.7395947417004,10.5679163062329,15.8900834792811,95.7657582997045,102.872437518409,87.0733106317593,67.0197773192382,69.1236540947217,87.8028888985477,62.3303977904841,61.5882103816379,115.0964161806,69.7245418910884,95.8709443468203,53.5309411230764,3.98276934679902,83.5052203491088,17.0300408689711,73.7007891220271,49.1343341707361,3.98276934679902,21.462057317186,70.4542738906166,10.3884149046303,21.471535585142,14.1269189406676,11.2731254740386,84.672415891538,75.2332535906124,34.4233091510678,21.010146669147,17.2433651366123,32.8899846530903,55.3368721649689,16.9614171313258,43.2434460177096,12.3719745562588,14.017407830234,19.0674135425002,14.0191517021663,76.8730978756005,25.2698705415191,122.53596124167,20.2478222989518
85.5410862621273,51.4904378619009,20.3512006663894,10.9050888881593,78.5534030227962,12.2030386552251,23.6951438177413,110.585169102225,79.0292460977813,102.760004308595,93.610929346848,36.1189999174737,14.0151621042558,50.2380981646676,50.0136143908977,134.584881291509,68.3181568839779,36.2433970485256,7.06936369174073,91.8283422395742,102.937782524701,100.816973062664,69.1003341311606,45.4072721751631,94.8704646503183,56.9555363442368,81.1885129674948,110.660511114367,52.7225537354577,99.6547483132398,29.2901677314237,20.0686996926994,78.807628132255,35.4428334690685,61.1043186715619,61.8296405190698,7.06936369174073,56.8306475262095,82.6999830467918,45.8404960335617,58.90735001247,81.9567440391542,21.819500310245,81.3732435264347,64.7571801028007,57.7456307267663,10.700470289904,34.727479642516,21.8384135387349,68.0099135794178,17.1718195330401,45.6004907451566,9.84511958704874,30.2336644582696,45.2192156976273,14.4423340692457,18.3133178584119,61.5252389946823,118.118054310605,93.8816623183974
81.8965658133078,50.3783332977845,19.5506306354586,11.4779609400986,83.2569202132507,12.1646691471444,24.3742063656723,109.089761622887,72.5652209077332,94.8351204614142,86.3916250378233,41.7284641788965,13.8125924743204,53.2461888296217,40.960124406947,135.518104427397,66.9722708924954,44.2878069232795,11.1421833941377,90.9387680865277,97.9150019329867,90.8696676776979,71.6489640553042,38.9908796947781,93.1051413510816,57.3362067428357,73.7029642407811,111.42784061089,58.8078634419528,99.0173103547758,28.0739711747852,22.7727004482367,79.3343500830838,32.6617474670576,57.926281147219,58.9437003990494,7.06936369174073,61.904352777162,70.814506868532,45.3990018603382,55.0136001846305,73.2295834919387,18.1914378674488,81.9171131313363,60.711633337392,56.7103150340352,9.99317392806974,40.1208337328584,22.2618980412513,55.6987243382605,16.7381445834736,45.1613080856719,8.85197449094688,30.4418136361695,44.129138929027,14.3798143268625,16.5063982513696,55.4547300062529,118.937095052706,86.6414789974695
81.6105589291714,50.9104376450733,18.9845765980318,10.2697481758781,90.8652423211614,11.5824041185439,24.0996317533693,111.590901732832,75.853106184425,101.12449920363,92.1210388602,36.1189999174737,14.297737073128,58.1120204577525,41.2635162721395,133.689090428939,65.2327497516642,40.7061670673556,10.1949155674711,88.8943599790668,100.446174324345,99.4649561540975,71.8598715507966,46.4374469421557,87.7623918415101,57.4860612758532,77.2621144329841,109.923959774036,52.1032598655529,95.5790607429978,30.1566550646243,20.7105836762827,79.54169920259,34.7120837376348,59.0334260168096,58.1338783843949,7.06936369174073,60.7081211184842,78.5328986848611,45.5823542908321,62.3089822484234,73.8633430906236,21.6636953952376,82.1312125884123,60.9877250909871,56.1719534209186,11.318373907539,39.5467591743891,21.3731552051857,56.1112850936414,17.8256935491614,45.3437005450318,9.35470054510421,27.3984667182086,48.8128166753956,16.2753221373948,18.0677251308744,60.7001481305406,117.331865901174,92.387462906696
83.4371154651184,47.7969055564564,18.8961725542436,10.9042872234446,73.3346383544081,11.6112730105408,23.3795845407159,112.501971946274,75.5798543139687,64.3775991073427,58.6458410750873,66.552138740103,13.732414541137,46.9004857682613,43.1608384632247,134.347975428954,67.2483072032716,44.0419977032073,10.7919605927042,92.1329604117354,100.615811955984,105.13914133646,83.8332981464247,47.4675428299106,88.0924817310166,53.426165917226,74.7322893007499,110.465718626646,53.6140976396998,103.989234002207,29.8633121478977,34.4679853417552,73.9241465603886,48.9880734752258,62.6463859870371,58.4139066495041,17.6519954682036,69.339040277346,68.5796948401858,49.5204163185077,80.4679071231468,56.0074980913858,28.4983596835412,76.3307781633426,62.6777807777164,55.6145314292095,14.6169272472741,56.0726998082356,27.4327736257361,58.691316947358,17.4574264686047,49.261144215698,21.8610095388336,48.0261433170421,53.3294856018396,16.113371390913,19.0984360684811,64.1629142585011,117.910134525921,58.8154512149935
74.6513842648442,50.2411333876313,18.7570396132507,12.1958759613299,72.3972624885984,12.4208040560655,23.1230684333168,112.484859613417,77.0403526979368,59.4110149116556,54.1214488724417,63.1455411938613,13.0082226303725,46.3009957531683,41.0541891994972,138.015229853431,68.892773886996,36.3468436224898,16.2250486501611,89.9629183788479,101.803524695075,93.1295007883164,75.4763525370106,57.5684291604016,89.9615000927134,58.9568633712947,77.9415508232136,113.481066599648,58.2281022684937,97.1718259681072,31.4539142628265,39.2619148678263,81.576802934967,47.0752809511915,57.7110631162432,54.2710109665257,16.7845734828564,67.6207550650557,69.360300135291,43.1915346030543,71.3772143389629,59.7815166793945,30.2502670427686,84.2325699765366,62.9001989204684,52.9456165231477,12.965610594408,58.2203658605051,14.537921164251,55.8266362776417,16.3641976175705,42.9653983781872,24.5153013541379,49.108953043719,60.6180924326562,15.5379475653705,16.9168950239319,56.8338308460736,121.128690377993,54.2779739788585
86.2376308817539,48.4828486995563,17.793381778686,9.81478486582083,71.8961320234741,11.5440219249647,24.8251702942639,109.457017185317,75.0970212232238,61.0440513017962,55.6090904423973,64.1170904428454,11.8772655507735,45.9805024259358,41.4848838681359,137.486805935047,66.6194501858088,37.423591951859,13.480495338618,86.0264641102445,93.686903139266,71.8878518715602,58.230947370654,47.8009859296143,92.7429988674251,54.5607657359364,75.7415485109892,113.046577522329,56.4756270724344,96.7639125742531,25.0795198276931,30.7378115981078,75.4940575177963,45.5443947975966,57.5566343083084,60.2756440711239,17.5240344341821,70.0395774809196,79.3465243415011,41.9182466081301,80.1591395069337,58.5636071294384,29.7728369009617,77.951798230557,61.7786970661776,54.7745672707933,14.5608398710286,58.4759835884066,26.2548944944642,56.4123069505168,18.8548872796353,41.6987768873126,23.5833011060207,48.6367278324561,58.3717339580366,15.1996452229031,13.0583674701681,43.8707603774508,120.664920566022,55.7699179697563
83.1198840025923,49.0058250224815,18.9184605504561,12.4191011657415,20.1640422446042,12.1620518634985,23.7170823269991,101.636465292704,75.1829884834467,21.9256146294979,19.9735021011134,20.3488817354832,16.0297226972825,12.895725642681,41.5546183011301,135.424500878693,67.6310687512626,38.1395373867928,3.98276934679902,97.7910081398155,99.7337062584311,88.9147329894566,66.8379138308734,66.7697003298857,88.4871080863039,60.5180521781853,60.4441304102317,111.350876419651,62.5673744464121,94.0900186373813,27.9245581190164,10.2461223065919,83.7369719867351,15.9275227006335,61.0448410830231,54.503617088984,3.98276934679902,21.9999105495103,68.3046501702692,42.0563836356293,21.9256146294979,17.0716958068611,10.2487726296104,86.4630642379907,62.3141497439559,33.4224021215563,3.98276934679902,19.5649208956942,29.901376976348,56.5071337855537,16.9614171313258,41.8361906761911,12.3719745562588,15.5491967450784,18.4856494823061,14.0191517021663,16.1512860192662,54.261698513051,118.854944153264,20.0312676378281
86.6067388421566,23.0085118339711,20.3512006663894,10.9050888881593,77.6776702542283,12.2030386552251,8.41029764307043,112.466346011033,86.2379698916612,104.040166491476,94.5202166521053,35.753097606276,14.0151621042558,15.51574242162,12.3539432604156,137.414745906209,18.9299769639047,10.0425231375518,23.6183907261073,92.9723201115356,103.648581638815,102.072929377338,67.9698618988972,46.7753001024258,90.431789215126,66.8097602622456,82.5696200101007,101.591334212177,60.0757760165084,101.349986588877,58.7216332969902,9.45428180024347,78.192373602219,31.0824323976857,18.8717109921036,63.0537719309737,7.06936369174073,58.1872000008692,83.2710374569917,11.3231345889489,59.6412051955935,59.1810870336544,33.3735745845082,82.3869740119651,19.9998758538227,67.7365536816299,45.1645554629826,34.571464574744,33.4025029299179,68.8571665550393,17.1718195330401,41.8633047044463,9.84511958704874,30.8322443311206,45.5314604115747,43.8518383814029,74.1299750642345,79.7241227431545,116.84556476861,93.1924884556394
82.9168157361,22.5115677005241,19.5506306354586,11.4779609400986,82.3287514715396,12.1646691471444,8.65132247880428,110.945499984715,79.1843228275276,96.0165561341787,87.2307878201559,41.3057353790772,13.8125924743204,16.4447736079783,10.1176261509122,138.367591566592,18.5570513468089,12.2715132122681,37.2254777685498,92.0716638337144,98.5911180773748,92.0017025867522,70.4767965780643,40.1655948841255,88.749059557571,67.2562927628898,74.9567337612874,102.295777256468,67.009804757848,100.701705100688,56.28337316578,10.7281254235162,78.7149834122057,28.6434931485115,17.8901927134394,60.1106946527209,7.06936369174073,63.382015035248,71.3034904809049,11.2140804037589,55.6989478641514,52.87919139399,27.8243451883125,82.9376190282273,18.750432426228,66.5221117209915,42.1791982873294,39.9405887321173,34.0502350699375,56.3926071481365,16.7381445834736,41.4601152388402,8.85197449094688,31.0445145413424,44.4338565175358,43.662007179224,66.8157949441316,71.8579850147209,117.655781958844,86.0054544397317
82.6272458392956,22.7493386280959,18.9845765980318,10.2697481758781,89.852254122529,11.5824041185439,8.55386562298349,113.489187273986,82.772115518195,102.384286613277,93.0158541533195,35.753097606276,14.297737073128,17.9475572118001,10.1925674630711,136.50011959318,18.0750551012123,11.2790924114437,34.0607033096236,90.0017869267614,101.139768551603,100.704069330932,70.6842536551147,47.8365119210557,83.6562796364475,67.4320745405312,78.5764290628474,100.915146901759,59.3701091399857,97.204967033099,60.4587879593756,9.75667070220441,78.9207137482501,30.4415841103517,18.2321279229229,59.2848394126123,7.06936369174073,62.1572292233539,79.0751788219004,11.2593705822547,63.0852142393122,53.336830144869,33.1352663337372,83.1543856906052,18.8357017475203,65.890604889253,47.7726036565079,39.3690932344399,32.6908764730792,56.8103074972799,17.8256935491614,41.627559732906,9.35470054510421,27.9409140535998,49.1498756832674,49.4174135948085,73.1358470253358,78.6549737824691,116.067845991827,91.709257780056
84.4765572263926,21.358056229245,18.8961725542436,10.9042872234446,72.5170856653235,11.6112730105408,8.29829378843126,114.415755806612,82.4739387325011,65.1796014851779,59.2154959131258,65.877934541875,13.732414541137,14.4849403781966,10.6612280664059,137.17285871506,18.633537031472,12.2034030189357,36.0554008951374,93.2807331518154,101.310577553708,106.44894230022,82.4617965916898,48.8976424839782,83.9709257111761,62.669751981398,76.0035687871059,101.412505933483,61.0916636794786,105.758206707658,59.8706870190109,16.2377259861116,73.3470175802599,42.9612514872835,19.3479694520734,59.5704118049825,17.6519954682036,70.9941691694703,69.053246777512,12.2321176120065,81.470359121156,40.4430978553762,43.5890886093405,77.2816906925119,19.3576655493254,65.236739926839,61.6951408183216,55.8207901922544,41.9592430459353,59.4224808367037,17.4574264686047,45.2239494946768,21.8610095388336,48.9769867981531,53.6977328109036,48.9256760455718,77.3080334469307,83.1420102625748,116.639884910356,58.383694142284
75.5813752635651,22.4502598948914,18.7570396132507,12.1958759613299,71.5901598975434,12.4208040560655,8.20724657512622,114.398352373912,84.0676577907296,60.1511446445041,54.647156145569,62.5058474172491,13.0082226303725,14.2997913976753,10.1408612464781,140.917223089996,19.0891950565221,10.0711866927683,54.2070765176951,91.0836571988299,102.506491607633,94.2896882155347,74.2415694956775,59.3028477908859,85.7524988819954,69.1573490563527,79.2674234229084,104.180731207399,66.3491842087266,98.8248269688912,63.0595644256111,18.4961264487221,80.9399293385765,41.283782772177,17.8237238848989,55.3454931844744,16.7845734828564,69.2348683404597,69.8392422562662,10.6688103692326,72.26641642815,43.1683223032492,46.2686830128325,85.2819213401952,19.4263580902238,62.1060598125017,54.7252618751796,57.9588077394165,22.2361827438834,56.5221125871349,16.3641976175705,39.4441712065351,24.5153013541379,50.0812344854652,61.0366684437539,47.1784935972562,68.4774335259144,73.6450175630796,119.823767158244,53.8795259745739
87.3119608658641,21.6645700516323,17.793381778686,9.81478486582083,71.0946161588084,11.5440219249647,8.81138653644061,111.319002973353,81.9470635869274,61.8045250531566,56.1492478828691,63.4675544193144,11.8772655507735,14.2008089103827,10.2472478286863,140.377688204809,18.4592898123268,10.3695381413517,45.0376610925996,87.098163423823,94.3338236977064,72.78341537405,57.2782968532779,49.2411315399946,88.403860523619,64.0006558187964,77.0299966207395,103.781850661656,64.3522910407438,98.4099745138271,50.2800250271835,14.4804564930043,74.9046721755465,39.9412358954102,17.7760294519102,61.469008752865,17.5240344341821,71.7114282567187,79.8944226721889,10.3542934554875,81.1577449439366,42.2888680018358,45.5384394133031,78.922905081454,19.0799888100908,64.2514484581837,61.4584071658201,58.2132770909443,40.1576418873341,57.1150794201463,18.8548872796353,38.2813556194394,23.5833011060207,49.5996599441763,58.7747985643363,46.1512926216521,52.8586060935175,56.8475302545303,119.364993553153,55.3605177861234
84.1553737620709,21.8982621198019,18.9184605504561,12.4191011657415,19.9392485137041,12.1620518634985,8.4180844450465,103.365414781624,82.0408724281454,22.1987592529723,20.1675141895393,20.1427380749634,16.0297226972825,3.98276934679902,10.2644730430404,138.272019852016,18.7395947417004,10.5679163062329,13.3062333056315,99.0092676298636,100.422380798693,90.0224137397627,65.7444544923875,68.7813343781474,84.3470888037846,70.9886486385753,61.4723523980784,102.225120661845,71.2936553119913,95.690594662601,55.9838262751276,4.82690603425192,83.083233857986,13.9680183311838,18.8533416871868,55.5827045489932,3.98276934679902,22.5250503182322,68.7763028874749,10.3884149046303,22.1987592529723,12.3274969888414,15.6758025110855,87.5402026226975,19.2453602339879,39.2050152883073,16.8104767534835,19.477024437589,45.7350452810823,57.2110875876379,16.9614171313258,38.4075076678145,12.3719745562588,15.8570468313109,18.6132953568682,42.5669127815624,65.3783459185448,70.3120602730275,117.574516073644,19.8842205388208
