"ENSBTAG00000010161-ENSBTAG00000015133","ENSBTAG00000001492-ENSBTAG00000007213","ENSBTAG00000014465-ENSBTAG00000013755","ENSBTAG00000005339-ENSBTAG00000019866","ENSBTAG00000013898-ENSBTAG00000047704","ENSBTAG00000020457-ENSBTAG00000008997","ENSBTAG00000039355-ENSBTAG00000011515","ENSBTAG00000014921-ENSBTAG00000018474","ENSBTAG00000014075-ENSBTAG00000012887","ENSBTAG00000009478-ENSBTAG00000002081","ENSBTAG00000020457-ENSBTAG00000015910","ENSBTAG00000014465-ENSBTAG00000019929","ENSBTAG00000014921-ENSBTAG00000017745","ENSBTAG00000009393-ENSBTAG00000039292","ENSBTAG00000026236-ENSBTAG00000019929","ENSBTAG00000025644-ENSBTAG00000012100","ENSBTAG00000005111-ENSBTAG00000002081","ENSBTAG00000020221-ENSBTAG00000006835","ENSBTAG00000007737-ENSBTAG00000006378","ENSBTAG00000000016-ENSBTAG00000013674","ENSBTAG00000013472-ENSBTAG00000019929","ENSBTAG00000015150-ENSBTAG00000016933","ENSBTAG00000021457-ENSBTAG00000011986","ENSBTAG00000014583-ENSBTAG00000012100","ENSBTAG00000000016-ENSBTAG00000004211","ENSBTAG00000013898-ENSBTAG00000039292","ENSBTAG00000032808-ENSBTAG00000010785","ENSBTAG00000001141-ENSBTAG00000022799","ENSBTAG00000005339-ENSBTAG00000015996","ENSBTAG00000005339-ENSBTAG00000015910","ENSBTAG00000003300-ENSBTAG00000002804","ENSBTAG00000024394-ENSBTAG00000019866","ENSBTAG00000014921-ENSBTAG00000007101","ENSBTAG00000010452-ENSBTAG00000011515","ENSBTAG00000012057-ENSBTAG00000005072","ENSBTAG00000010161-ENSBTAG00000039292","ENSBTAG00000032808-ENSBTAG00000004211","ENSBTAG00000025775-ENSBTAG00000020704","ENSBTAG00000013103-ENSBTAG00000019929","ENSBTAG00000005691-ENSBTAG00000019866","ENSBTAG00000001725-ENSBTAG00000039292","ENSBTAG00000000016-ENSBTAG00000015312","ENSBTAG00000005108-ENSBTAG00000010462","ENSBTAG00000020645-ENSBTAG00000010860","ENSBTAG00000003329-ENSBTAG00000002081","ENSBTAG00000005339-ENSBTAG00000003166","ENSBTAG00000019839-ENSBTAG00000015910","ENSBTAG00000017246-ENSBTAG00000006378","ENSBTAG00000000016-ENSBTAG00000016455","ENSBTAG00000012829-ENSBTAG00000016933","ENSBTAG00000005108-ENSBTAG00000009851","ENSBTAG00000005710-ENSBTAG00000011425","ENSBTAG00000047567-ENSBTAG00000019866","ENSBTAG00000021326-ENSBTAG00000039292","ENSBTAG00000017312-ENSBTAG00000039292","ENSBTAG00000006295-ENSBTAG00000020704","ENSBTAG00000009565-ENSBTAG00000002804","ENSBTAG00000001492-ENSBTAG00000003585","ENSBTAG00000009972-ENSBTAG00000018114","ENSBTAG00000012413-ENSBTAG00000014064","ENSBTAG00000009476-ENSBTAG00000013745","ENSBTAG00000032436-ENSBTAG00000006378","ENSBTAG00000005710-ENSBTAG00000009851","ENSBTAG00000005339-ENSBTAG00000007213","ENSBTAG00000003835-ENSBTAG00000002081","ENSBTAG00000017664-ENSBTAG00000006161","ENSBTAG00000013898-ENSBTAG00000016159","ENSBTAG00000014051-ENSBTAG00000015910","ENSBTAG00000005850-ENSBTAG00000022799","ENSBTAG00000015114-ENSBTAG00000019929","ENSBTAG00000020194-ENSBTAG00000014064","ENSBTAG00000009476-ENSBTAG00000015910","ENSBTAG00000001941-ENSBTAG00000023144","ENSBTAG00000000575-ENSBTAG00000012897","ENSBTAG00000003253-ENSBTAG00000007665","ENSBTAG00000002441-ENSBTAG00000039292","ENSBTAG00000017745-ENSBTAG00000016933","ENSBTAG00000019839-ENSBTAG00000013755","ENSBTAG00000012398-ENSBTAG00000008008","ENSBTAG00000017564-ENSBTAG00000000561","ENSBTAG00000000575-ENSBTAG00000015910","ENSBTAG00000004129-ENSBTAG00000014798","ENSBTAG00000015089-ENSBTAG00000023144","ENSBTAG00000014051-ENSBTAG00000013745","ENSBTAG00000015991-ENSBTAG00000000253","ENSBTAG00000015991-ENSBTAG00000011628","ENSBTAG00000017664-ENSBTAG00000015910","ENSBTAG00000017664-ENSBTAG00000019712","ENSBTAG00000005339-ENSBTAG00000001694","ENSBTAG00000000575-ENSBTAG00000013745","ENSBTAG00000001725-ENSBTAG00000014798","ENSBTAG00000001141-ENSBTAG00000015910","ENSBTAG00000013003-ENSBTAG00000012687","ENSBTAG00000007737-ENSBTAG00000011909","ENSBTAG00000009972-ENSBTAG00000018105","ENSBTAG00000044040-ENSBTAG00000002804","ENSBTAG00000021326-ENSBTAG00000014798","ENSBTAG00000015789-ENSBTAG00000006732","ENSBTAG00000000016-ENSBTAG00000024928","ENSBTAG00000001141-ENSBTAG00000013745","ENSBTAG00000005947-ENSBTAG00000015910","ENSBTAG00000017564-ENSBTAG00000018035","ENSBTAG00000008026-ENSBTAG00000007175","ENSBTAG00000017664-ENSBTAG00000011154","ENSBTAG00000012638-ENSBTAG00000014420","ENSBTAG00000025644-ENSBTAG00000010785","ENSBTAG00000010161-ENSBTAG00000014162","ENSBTAG00000005108-ENSBTAG00000015996","ENSBTAG00000025644-ENSBTAG00000011515","ENSBTAG00000021048-ENSBTAG00000008483","ENSBTAG00000001764-ENSBTAG00000021190","ENSBTAG00000002006-ENSBTAG00000003585","ENSBTAG00000005108-ENSBTAG00000004356","ENSBTAG00000009972-ENSBTAG00000024269","ENSBTAG00000012228-ENSBTAG00000001814","ENSBTAG00000014906-ENSBTAG00000011515","ENSBTAG00000019694-ENSBTAG00000013745","ENSBTAG00000017664-ENSBTAG00000011578","ENSBTAG00000014556-ENSBTAG00000026676","ENSBTAG00000006354-ENSBTAG00000025101","ENSBTAG00000016800-ENSBTAG00000007338","ENSBTAG00000021807-ENSBTAG00000021664","ENSBTAG00000025775-ENSBTAG00000002144","ENSBTAG00000000575-ENSBTAG00000015127","ENSBTAG00000017664-ENSBTAG00000014357","ENSBTAG00000007273-ENSBTAG00000011738","ENSBTAG00000017448-ENSBTAG00000011628","ENSBTAG00000006295-ENSBTAG00000002144","ENSBTAG00000019866-ENSBTAG00000009851","ENSBTAG00000007737-ENSBTAG00000002081","ENSBTAG00000005111-ENSBTAG00000000231","ENSBTAG00000021048-ENSBTAG00000020704","ENSBTAG00000020661-ENSBTAG00000017851","ENSBTAG00000011412-ENSBTAG00000019929","ENSBTAG00000008027-ENSBTAG00000007175","ENSBTAG00000005198-ENSBTAG00000019866","ENSBTAG00000010138-ENSBTAG00000019866","ENSBTAG00000018773-ENSBTAG00000019866","ENSBTAG00000045520-ENSBTAG00000039292","ENSBTAG00000005111-ENSBTAG00000018114","ENSBTAG00000000575-ENSBTAG00000011628","ENSBTAG00000013191-ENSBTAG00000019929","ENSBTAG00000010312-ENSBTAG00000014420","ENSBTAG00000015991-ENSBTAG00000021527","ENSBTAG00000002278-ENSBTAG00000019929","ENSBTAG00000012413-ENSBTAG00000010543","ENSBTAG00000007273-ENSBTAG00000032719","ENSBTAG00000014583-ENSBTAG00000011515","ENSBTAG00000012849-ENSBTAG00000003585","ENSBTAG00000007273-ENSBTAG00000002144","ENSBTAG00000005947-ENSBTAG00000013745","ENSBTAG00000007737-ENSBTAG00000011628","ENSBTAG00000021697-ENSBTAG00000002804","ENSBTAG00000005339-ENSBTAG00000000782","ENSBTAG00000015362-ENSBTAG00000002081","ENSBTAG00000017473-ENSBTAG00000015910","ENSBTAG00000004129-ENSBTAG00000014162","ENSBTAG00000020645-ENSBTAG00000014798","ENSBTAG00000020406-ENSBTAG00000021527","ENSBTAG00000000442-ENSBTAG00000007348","ENSBTAG00000011851-ENSBTAG00000019866","ENSBTAG00000008027-ENSBTAG00000002144","ENSBTAG00000015150-ENSBTAG00000017745","ENSBTAG00000008027-ENSBTAG00000020704","ENSBTAG00000018103-ENSBTAG00000011154","ENSBTAG00000018077-ENSBTAG00000024406","ENSBTAG00000017549-ENSBTAG00000002699","ENSBTAG00000005339-ENSBTAG00000011628","ENSBTAG00000020457-ENSBTAG00000018035","ENSBTAG00000009478-ENSBTAG00000018114","ENSBTAG00000012228-ENSBTAG00000014966","ENSBTAG00000021333-ENSBTAG00000017801","ENSBTAG00000015991-ENSBTAG00000010444","ENSBTAG00000009972-ENSBTAG00000011909","ENSBTAG00000019604-ENSBTAG00000009851","ENSBTAG00000001764-ENSBTAG00000026676","ENSBTAG00000025210-ENSBTAG00000013755","ENSBTAG00000022120-ENSBTAG00000015910","ENSBTAG00000014127-ENSBTAG00000020319","ENSBTAG00000013103-ENSBTAG00000013745","ENSBTAG00000007737-ENSBTAG00000045633","ENSBTAG00000015991-ENSBTAG00000024015","ENSBTAG00000013718-ENSBTAG00000005072","ENSBTAG00000010726-ENSBTAG00000025101","ENSBTAG00000013201-ENSBTAG00000020319","ENSBTAG00000005108-ENSBTAG00000001060","ENSBTAG00000017746-ENSBTAG00000009851","ENSBTAG00000005108-ENSBTAG00000011154","ENSBTAG00000010562-ENSBTAG00000011515","ENSBTAG00000022120-ENSBTAG00000008165","ENSBTAG00000005111-ENSBTAG00000008997","ENSBTAG00000009478-ENSBTAG00000000231","ENSBTAG00000007273-ENSBTAG00000034385","ENSBTAG00000020457-ENSBTAG00000003045","ENSBTAG00000017564-ENSBTAG00000017846","ENSBTAG00000020676-ENSBTAG00000011578","ENSBTAG00000003505-ENSBTAG00000011628","ENSBTAG00000022120-ENSBTAG00000013745","ENSBTAG00000016177-ENSBTAG00000011628","ENSBTAG00000019336-ENSBTAG00000002107"
11.6445752200878,13.5120205255786,74.7597464894847,12.9392000878452,7.06936369174073,9.99533093733715,8.19621279273417,40.090560799231,8.75948590108755,10.2957984031418,55.0689189548441,73.9902614326528,39.3093360986203,9.12439955101111,119.430917295149,26.1033200996816,10.1406733328063,20.2909038775012,129.384580593793,19.3743365140757,136.493267627131,9.22473792078456,60.0399511279296,20.3155682289474,30.8430143534644,7.06936369174073,52.7366961335171,67.4188147691829,68.7148842564949,71.28806094017,62.8933173623141,11.1239575508159,40.0558902361656,14.7716072627555,8.75948590108755,11.6445752200878,49.4299555036566,8.19621279273417,112.425607117914,14.413092421859,11.6223585012761,27.4107236604659,18.1258906407513,22.0169734869847,18.5983557812651,52.0295397515157,86.9821018426055,124.162687504303,30.7014115366241,8.07806610025651,18.1258906407513,63.7040005409616,18.1651946068739,9.0150132931688,8.42325677789366,7.06936369174073,70.9209424161375,57.0768235741077,28.3455063202577,56.940353881514,52.5668471780647,114.550253679466,12.0018238876281,12.9392000878452,15.81040699328,82.4964074430638,24.3301274863881,47.4104179529208,35.141746819232,127.322513902941,64.3846089338466,51.015205739578,38.8210454482863,72.1004013687326,11.8210177336152,7.06936369174073,20.4928592030962,81.4595558455616,33.4953578917555,87.5301005691901,77.1069633818426,12.4174473536764,62.6397559172609,48.8524187847366,107.287700059353,100.909696410496,87.1639108492305,83.6686120192975,68.1666802885365,79.4521927667812,11.6223585012761,96.4431608154734,24.2600506050732,143.622397807294,37.8458438816107,65.0088848417602,9.0150132931688,8.19621279273417,33.1863254843911,99.3765059350411,88.8322350717416,84.5380638034603,7.87703885633351,81.7883734334513,13.953113058609,121.505220805642,11.6445752200878,96.2593103877515,26.1033200996816,15.8618208267122,34.1037467625722,61.4006438269188,78.4868975926791,42.4691588565245,13.2399993362052,18.6823247188921,93.2602026318288,15.8207597182907,42.46155028188,8.42325677789366,13.0872844856015,9.12439955101111,8.19621279273417,75.241648167802,75.1125990758909,9.40407687769201,94.2633431358785,7.06936369174073,17.8280620333536,28.5762274036812,50.1420266550534,15.8618208267122,16.4410648354581,119.102919826179,7.06936369174073,10.0564826765656,9.08829791150465,9.18553699864132,9.82928734532135,34.1248673317315,73.8706650182471,104.097493357694,12.1862839032243,90.2809581080165,108.829025822504,66.7864296769881,49.60651058694,20.3155682289474,92.4150372631218,9.40407687769201,91.5340918027393,150.831717068294,49.3641333482421,38.0194533200742,10.527640046508,88.425003097453,12.4174473536764,22.0169734869847,55.6127283081293,17.6561556777113,17.8906781993575,7.06936369174073,46.034852685568,7.06936369174073,129.063015551517,7.83071196157597,91.3864585098786,68.2959909007616,52.4948903017197,34.646886163351,71.8936535216187,50.1812822892285,100.863243104283,42.3347812395904,18.932909396599,37.1898646774618,125.213150399925,47.4104179529208,37.5048881403617,124.985216601432,28.5762274036812,85.1120209574885,9.73668983653886,17.3932205404877,39.6285409368352,47.1734194335016,12.4033407239738,93.705178445112,15.9055666442307,38.1979427488969,10.1406733328063,50.9090650120103,48.6543780750251,47.8697550841255,89.0964964625369,7.87703885633351,143.358452555105,48.8524187847366,72.0178674614687,13.4735113079517
9.84341492540423,12.7974744580499,76.4581161359861,12.1514810835491,12.534253377434,9.95187455398045,13.0040015350831,52.0212165237669,11.4532227157481,11.9590624036968,54.8294975621815,75.671150146897,51.0075051040713,28.2226889591459,112.255193395116,25.5672079768211,11.2953755042011,21.6260486710657,125.422482417864,28.3005195091061,140.130428112623,14.0037693066959,56.5030931665163,19.7004827592503,45.0530694971518,12.534253377434,58.3441960043068,62.9645933828543,64.5316256439555,66.9481512084439,55.9549062235561,9.23828519358608,51.9762282563975,13.6631158704849,12.7903215563682,9.84341492540423,54.6858492061771,11.3228404018077,113.886002161528,14.1245957727798,12.4093111731311,40.039446984321,12.1567573402723,22.2419116198438,19.4722766744621,48.8620597706204,62.2134849899347,123.214975101438,44.8462271478604,8.46990239123719,12.1567573402723,62.1004924100422,18.4069275424056,10.4985103919196,11.9590624036968,16.6861199076529,69.6512955454009,54.058472635793,46.8855174863635,64.7251510175363,68.5203037547089,118.03337489639,11.6997232028007,12.1514810835491,16.1425549190055,50.2930321204889,43.1382506145427,68.8596876553313,48.9840237943559,125.454846346415,72.4562396977359,66.4977563052992,39.6031108044485,74.4040101632885,9.26266475242202,15.6588500157266,20.2663466890269,58.2635133841092,46.6715028815658,101.866510535582,79.5705319001302,10.745376887206,61.9319770833255,70.9540738928913,115.719511847369,108.840256644785,53.1385245001522,51.0076538141062,64.0167955075215,81.9906913954958,12.4093111731311,90.0713610302038,36.2201243264195,139.224299998705,62.5997629059571,60.2092753316314,10.4985103919196,13.5143378259074,48.4759956101836,92.8109061162082,84.7132969845729,98.3844130315563,15.7482628688327,49.8613869338495,13.6509776351501,119.009736644394,9.84341492540423,64.5596457199712,25.5672079768211,16.8098811272068,46.6818018321146,65.3342610566342,52.6399605589506,70.2470602465719,14.4731905634876,18.3059096099226,66.8823951052391,9.64495305121834,51.7842959858804,10.2211876247765,12.9901956686933,9.94279385229451,11.3228404018077,77.6456198398847,45.791574143206,13.4925512133109,96.0742667943683,16.6861199076529,16.6289092548217,27.7011477152713,55.8516186275524,16.8098811272068,16.705456455411,119.569882530699,31.396931845081,10.2417241000393,9.18178588541224,9.48627210867541,11.9054896648004,38.0106111194772,76.2308337602413,107.523952010088,11.8578160630793,97.376198721688,107.617105388777,75.9173670708172,71.1732149059381,19.7004827592503,90.6107136472879,13.4925512133109,87.2898750868567,146.212850829938,50.4328866546431,35.7048862904397,9.30320323290795,89.7565182756284,10.745376887206,22.2419116198438,63.5439842171726,19.1268623589605,18.5939789288801,31.396931845081,69.8839861481503,31.396931845081,126.46261045904,7.52689145321486,60.366902243937,64.1382338845223,52.2666599318078,40.244015810843,78.5899244630911,132.742696719799,108.790152542305,70.0247899495677,18.2678987673564,50.9061337196456,85.7960755113496,65.0853235064267,42.3473786143875,126.608759453713,27.7011477152713,91.8010313586266,7.79194619064541,13.7223635746063,38.0982502047643,31.6384901757409,11.8562770256695,62.8466285305208,15.4623272072974,52.4383789141172,11.2953755042011,59.1333145379672,69.8071375284397,47.6616332679327,103.689463813767,13.5143378259074,146.249127210734,67.0649114258681,65.3517549155237,13.6154841541549
3.98276934679902,4.24745760530863,20.549755978626,14.398893182062,3.98276934679902,9.94489965848682,4.0120101623182,27.5343797884991,3.98276934679902,3.98960994084555,54.7910696244708,20.3382420170409,26.9978311052694,3.98276934679902,119.923526708642,24.6938701958166,10.828236989697,19.0112200793548,129.388221172814,10.9843152747871,147.340238073191,3.98276934679902,65.7343639994581,18.831333974594,17.4865030055146,3.98276934679902,18.8896426310809,15.3392528727109,76.4667268231258,79.330187930093,54.3549397565085,10.1934426913814,27.5105678878449,13.2555778737269,3.98276934679902,3.98276934679902,17.7052083879194,3.98276934679902,118.968080624465,15.339535756926,12.7488477609978,15.5405595633109,3.98276934679902,22.4071729836416,18.4672345442439,57.8990803224131,69.4910906686137,122.13494657471,17.4062210313246,8.35444175844039,3.98276934679902,68.9842977298035,17.3073735823431,4.14888639482475,3.98276934679902,3.98276934679902,69.8477434879241,17.9419049814033,16.9641048776494,22.6536518345046,50.0229572390906,119.308806302566,12.9966310645192,14.398893182062,15.1812289530166,21.8392425353071,13.7072147058597,21.9429255269004,15.3392765057842,120.137222042713,19.3961658279738,48.546405048983,38.2779821462992,84.6787267726376,9.14388680126141,4.52200114745777,19.5828771225896,65.0790594981484,16.9358418949632,92.8674795025212,90.5587120255666,6.69649030170469,64.3254432406194,22.6103256095928,108.795055231955,102.327442832181,23.0748689350627,22.1495598065051,75.856679036321,93.3130800254166,12.7488477609978,21.9429255269004,11.7886380386967,143.626439005141,22.6498287783963,63.6274828138187,4.14888639482475,3.98276934679902,18.815047507171,22.6103256095928,84.5898860927004,89.6929953969928,3.98276934679902,21.6518049614971,18.6539557062336,114.944541124681,3.98276934679902,21.1508851264071,24.6938701958166,17.7074291176601,15.5063160955719,64.8658767043723,17.2457848308258,25.4167717721361,13.485437077037,19.522652646614,23.6036597192402,4.18822369712316,16.9095144077586,3.98276934679902,14.2835223736602,3.98276934679902,3.98276934679902,88.3679819553304,19.8845297573451,3.98276934679902,102.496115195589,3.98276934679902,18.8245750361193,28.577031471782,53.5417846473876,17.7074291176601,16.1091092497846,123.846554911528,3.98276934679902,10.2229564516434,9.85860772809847,9.87472261264476,4.00147113357776,36.438620847251,86.7578229918964,113.177978993519,11.787652488495,91.5493744233655,117.791154906796,26.5709013386252,21.0091104461297,18.831333974594,88.8004156939417,3.98276934679902,87.1627106189471,150.835961119497,53.1060416374192,42.3084922931513,10.2701490783582,84.9446690637593,6.69649030170469,22.4071729836416,18.8225735574776,19.3589923875285,18.7282440735204,3.98276934679902,19.875491502841,3.98276934679902,126.304877268172,9.90886787663521,21.7894762090391,76.0005773978963,52.230028190838,13.425628207179,73.2263889283526,35.8220759575713,102.280336873042,25.3363499951841,18.7754158939429,16.9095144077586,20.549755978626,21.9429255269004,32.8837624502042,132.258581533922,28.577031471782,86.3078154891067,7.87055886242172,3.98276934679902,33.7937552463003,10.3653305995923,13.2061183159698,20.5896703088602,14.4300487835666,17.6791230537594,10.828236989697,19.7272036512573,20.6058678703973,47.628229017377,94.5293905202429,3.98276934679902,154.973859934909,22.6103256095928,65.5592447971734,13.371599842232
3.98276934679902,4.24745760530863,20.7165559593413,12.9991466432426,3.98277455317503,9.44718228406433,4.0120101623182,20.2704924476507,3.98276934679902,3.98960994084555,52.0489135191531,20.5033251635149,19.875491502841,3.98276934679902,120.938667595398,25.6160632260956,10.7570396036629,19.2835851585092,126.802439925053,10.9843152747871,133.248865790708,3.98276934679902,59.6012170736495,19.1848625231725,17.4865030055146,3.98277455317503,18.8896426310809,15.3392528727109,69.0332362865849,71.6183343469732,56.8762640539793,9.86498187504107,20.2529624013564,14.6903500017163,3.98276934679902,3.98276934679902,17.7052083879194,3.98276934679902,109.766536212128,14.2248843169585,12.8014364890639,15.5405595633109,3.98276934679902,21.9786166355849,17.2081282479875,52.2705895587556,71.0567722572703,120.160510948696,17.4062210313246,8.26788065456976,3.98276934679902,60.3275748605592,18.8594787807212,4.01971937584346,3.98276934679902,3.98276934679902,72.9668567645367,17.9419049814033,16.9641048776494,30.8781850714274,49.7572186862761,113.604207472361,11.3657058096151,12.9991466432426,16.805753594913,20.7679130860838,13.7072326242746,21.9429255269004,15.3393473902058,127.065724241487,19.3961658279738,48.2885104315096,37.1799705922955,70.9111708681597,9.71642664798758,4.52200114745777,20.0999040734371,66.5453350204198,16.9358418949632,95.642923219302,75.8351541974348,4.09064204389295,61.9812119922711,22.6103256095928,118.619478690517,111.567827219797,21.9429255269004,21.0630076667192,68.4824925217835,78.1417011581086,12.8014364890639,21.9429255269004,11.7886380386967,140.756111634566,22.6498287783963,61.7048372984186,4.01971937584346,3.98276934679902,18.815047507171,22.6103256095928,90.8867465717852,92.3735662690284,3.98276934679902,20.5896703088602,13.9492741420577,119.237147097468,3.98276934679902,21.1508851264071,25.6160632260956,14.6356706754551,15.5063160955719,66.5669779324762,17.2457848308258,25.4167717721361,13.6119720808259,18.3752330060578,23.6036597192402,3.98276934679902,16.9095144077586,3.98276934679902,13.6310616023722,3.98611293142588,3.98276934679902,74.0006056601895,18.9090892273651,3.98276934679902,100.345127435464,3.98276934679902,16.329377689859,28.0059288518787,53.1897388698414,14.6356706754551,17.0990993819228,115.77036545394,3.98276934679902,10.5947074219364,10.2387606135214,9.22328033338127,3.98276934679902,36.1990311007873,72.6522356299275,108.119308269961,12.8126246741253,99.8164764509717,113.027509778761,36.2176136122581,21.0091104461297,19.1848625231725,88.179048641788,3.98276934679902,93.6510918320969,147.821553809345,52.1749046392316,38.1955952182717,9.56937561020564,89.2451682549729,4.09064204389295,21.9786166355849,18.8225735574776,16.4815654246694,17.4168405505407,3.98276934679902,19.875491502841,3.98276934679902,126.375013661616,8.14563792164913,21.7894762090391,68.6124022224937,49.6160458089271,13.425628207179,73.913478367691,22.4703084237668,111.516467492975,25.3363499951841,19.2897861444594,16.9095144077586,20.549755978626,21.9429255269004,37.2275261843534,122.029087996588,28.0059288518787,94.1015936653357,8.73018707578101,3.98276934679902,35.9819646158788,10.3653305995923,13.4533203112792,20.5896703088602,15.003691847922,17.6791230537594,10.7570396036629,19.7272036512573,20.6058678703973,45.2445551836554,97.3545022210875,3.98276934679902,141.343844251576,22.6103256095928,66.6185904188426,13.3490011118241
3.98276934679902,4.24745760530863,20.549755978626,14.6679204381843,3.98276934679902,9.51126724558875,4.0120101623182,20.2704924476507,3.98276934679902,3.98960994084555,52.4019873267676,20.3382420170409,19.875491502841,3.98276934679902,113.294480168969,25.6354740559676,9.5852944602862,20.2027175313137,125.578210701541,11.9310683647948,137.174212428851,3.98276934679902,55.1424689505472,18.8440300875276,18.9936885095488,3.98276934679902,18.8896426310809,15.3392528727109,77.8954223097696,80.8123839931269,58.9196855997975,7.85393660980873,20.2529624013564,14.6247601919583,3.98276934679902,3.98276934679902,17.7052083879194,4.02603423926168,115.605699649358,14.410920300653,14.2351530291193,16.8800215524242,3.98276934679902,21.7904520586774,17.6675035986154,58.980860047715,74.7200594535731,122.572531856017,18.9064869226897,8.21487264417134,3.98276934679902,52.9098333931317,17.5187659678112,4.01971937584346,3.9924961828024,3.98276934679902,71.487283116803,17.9419049814033,16.9641048776494,38.3335971938768,54.8521959576402,117.5546755062,9.96820445993496,14.6679204381843,14.1344372028483,21.1064549927245,13.7072147058597,21.9429255269004,15.3392765057842,128.269182955539,19.3961658279738,53.2330967571201,38.0136309169618,74.4994834954107,9.91764554226188,4.52200114745777,20.5826792562842,69.976037907843,16.9358418949632,86.8331645655517,79.6726347814476,4.09064204389295,62.2869644065932,22.6103256095928,122.840671091661,115.538079573553,22.3006215464455,21.4063599691638,77.2739764606198,82.0958997638802,14.2351530291193,21.9429255269004,11.7886380386967,139.397165029495,22.6498287783963,60.9113825450065,4.01971937584346,3.98276934679902,20.436742070777,22.6103256095928,86.8406393010839,83.8649511261141,3.98276934679902,20.925306644325,13.9492741420577,119.32750024644,3.98276934679902,21.1508851264071,25.6354740559676,17.2505937004526,15.5063160955719,61.3827500376553,17.2457848308258,25.4167717721361,13.5552024445454,18.1008601100869,23.6036597192402,4.04769326682827,16.9095144077586,3.98276934679902,11.8057595342275,3.98611293142588,4.02603423926168,77.745252723039,19.2173300743552,3.98276934679902,99.9038335609499,3.98276934679902,18.5953325232452,27.7355422839836,47.3958754562504,17.2505937004526,16.258403255831,113.538276017183,4.33747090726294,10.4252472234687,9.57425407482613,9.22328033338127,3.98276934679902,32.2559351887069,76.3286512259072,101.472610836748,13.2689213985573,103.368545272679,118.697230543978,44.9622090263478,21.0091104461297,18.8440300875276,91.0189263383254,3.98276934679902,89.4819211018883,146.394393053249,48.514991744323,43.098979273531,11.5410072699528,86.9972339553912,4.09064204389295,21.7904520586774,21.179475085876,16.7595769396452,16.6882430562645,4.33747090726294,19.875491502841,4.33747090726294,125.607045797455,8.14563792164913,21.7894762090391,77.4205634025523,49.9526162583004,13.425628207179,73.6052172826518,22.4703084237668,115.484892159652,25.3363499951841,19.1138584665941,16.9095144077586,20.549755978626,21.9429255269004,35.0521847260087,128.52057268306,27.7355422839836,97.450292685941,8.73018707578101,3.98276934679902,40.7824096839727,10.3653305995923,13.7090786070973,20.5896703088602,15.3159759948257,17.6791230537594,9.5852944602862,19.7272036512573,20.6058678703973,45.5514716261406,88.3870884328535,3.98276934679902,143.493032977327,22.6103256095928,66.6677670705268,13.0772879631629
3.98276934679902,4.24745760530863,20.549755978626,12.5467509065067,3.98276934679902,9.62914312582445,4.03920829943454,20.2704924476507,3.98276934679902,3.98960994084555,53.0514202806264,20.3382420170409,19.875491502841,3.98276934679902,119.337376300613,25.869612470019,10.3237565385954,19.6848587706423,127.574889932224,10.9843152747871,132.233779352648,3.98276934679902,57.4217482276301,18.7210699102287,17.4865030055146,3.98276934679902,18.8896426310809,15.3392528727109,66.6307445964579,69.1258761864571,58.2159206816526,10.3140354603444,20.2529624013564,13.6113869398759,3.98276934679902,3.98276934679902,17.7052083879194,3.98276934679902,106.565268239708,13.9996395554486,12.8440510801871,15.5405595633109,3.98276934679902,21.6810111915222,17.1527728824461,50.4514707718047,71.0567722572703,123.034236484376,17.4062210313246,8.32882954493552,3.98276934679902,60.0722920341112,17.4730742182675,4.01971937584346,3.98276934679902,3.98276934679902,72.4080811161523,17.9419049814033,16.9641048776494,34.7862448069438,52.0219202520091,117.065799578585,11.3176105644414,12.5467509065067,14.4507282093926,20.7679130860838,13.7072147058597,21.9429255269004,15.3392765057842,126.458211599119,19.3961658279738,50.486363689158,38.8016053729415,74.6711327080482,9.90800965069679,4.52200114745777,21.4002179425018,66.5453350204198,16.9358418949632,92.5045359983469,79.8562031014861,4.09064204389295,60.4323863574049,22.6103256095928,114.665466803463,107.848872121446,21.9429255269004,21.0630076667192,66.0991677922323,82.2850513645903,12.8440510801871,21.9429255269004,11.7886380386967,141.61356405824,22.6498287783963,61.2021843934512,4.01971937584346,3.98276934679902,18.815047507171,22.6103256095928,83.1440721069055,89.3424583712905,3.98276934679902,20.5896703088602,13.9492741420577,120.417363129389,3.98276934679902,21.1508851264071,25.869612470019,15.8403030110483,15.5063160955719,66.6692181958615,17.2457848308258,25.4167717721361,13.4003998736623,18.5034079472078,23.6036597192402,3.98276934679902,16.9095144077586,3.98276934679902,12.3040341042326,4.62071719317462,3.98276934679902,77.9243802926554,18.9090892273651,3.98276934679902,94.2620072225782,3.98276934679902,16.3179219662327,28.1765342436618,51.0473080583179,15.8403030110483,17.4154985523696,113.55474581551,4.01591429497281,10.3855437592427,9.52438298666556,9.22328033338127,3.98276934679902,34.7409694290163,76.5045148999877,99.6859686289795,12.9129800212954,96.4892359440332,109.766791090886,40.8014515919561,21.0091104461297,18.7210699102287,84.9596722099842,3.98276934679902,85.6729218052518,148.722047209689,46.9210021881693,36.8663137728763,9.55799569410372,74.8605509083684,4.09064204389295,21.6810111915222,18.8374250807906,17.5171948910167,16.6306413123784,4.01591429497281,19.875491502841,4.01591429497281,127.090420646539,8.14530469053015,21.7894762090391,66.2245563811823,50.5716934495395,13.425628207179,72.7646339780216,22.4703084237668,107.799224398188,25.3363499951841,18.9031208261362,16.9095144077586,20.549755978626,21.9429255269004,39.1703010029278,118.470190862837,28.1765342436618,90.9648506611428,8.73018707578101,3.98276934679902,43.7218876981463,10.3653305995923,11.6109289267214,20.5896703088602,15.4354781586534,17.6791230537594,10.3237565385954,19.7272036512573,20.6058678703973,46.1160041616398,94.1599519565318,3.98276934679902,143.631702708628,22.6103256095928,64.5493468489945,12.745170063434
3.98276934679902,4.24745760530863,20.549755978626,13.95470644021,3.98276934679902,10.0211228822425,4.0144243953783,20.3067300512424,3.98276934679902,3.98960994084555,55.211018754499,20.3382420170409,19.9110229623815,3.98383958366919,116.152292834978,25.4361420330501,10.158210603122,20.894351886468,125.896966171858,10.9843152747871,143.988800500995,3.98276934679902,57.3679592310367,18.5304345140622,17.4865030055146,3.98276934679902,18.9654943341185,15.3392528727109,74.1078298010987,76.8829569338193,54.0976860674973,10.1535810954913,20.2891686664461,14.300498154574,3.98276934679902,3.98276934679902,17.7763039737432,3.98276934679902,113.829371594173,14.444805741505,12.5044951768575,15.5405595633109,3.98276934679902,21.6470580504913,21.1251035048928,56.1129705485952,71.8369670850391,123.643537352078,17.4062210313246,8.4180844450465,3.98276934679902,64.7029966951172,18.966576644188,16.3081399234318,3.98276934679902,3.98276934679902,71.7105384939404,17.9419049814033,16.9641048776494,20.7899786905683,50.9730732869638,116.466504583935,12.1900346091649,13.95470644021,14.5400157002647,20.7679130860838,13.7072147058597,21.9429255269004,15.3392765057842,124.652425720608,19.3961658279738,49.468476054964,38.5746858933972,80.8274930826044,11.8055943633893,4.52200114745777,20.9454389804213,67.2759948090055,16.9358418949632,89.4551330194958,86.4400534678475,4.09064204389295,62.799407091358,22.6103256095928,107.80274166965,101.394119997776,21.9429255269004,21.0630076667192,73.5166011787511,89.0691513409483,12.5044951768575,21.9429255269004,11.7886380386967,139.750997184386,22.6498287783963,62.2945864283524,16.3081399234318,3.98276934679902,18.815047507171,22.6103256095928,87.0809263575745,86.3972929720482,3.98276934679902,20.5896703088602,14.957412530988,118.399653468109,3.98276934679902,21.1508851264071,25.4361420330501,16.5428998769572,15.5063160955719,60.7810565703081,17.2457848308258,25.4167717721361,13.2069201478264,19.6352865976271,23.6036597192402,3.98276934679902,16.9095144077586,15.0819292956026,13.3299751714639,3.98611293142588,3.98276934679902,84.3489589704856,18.9090892273651,3.98276934679902,93.9250847105622,3.98276934679902,17.8678924217263,27.8059434768007,50.2287422257822,16.5428998769572,16.4894709204916,119.69068672277,3.98276934679902,10.6666221812654,9.39518343647944,8.94013374668851,3.98456216718248,34.1838828431522,82.8120308961147,104.600407505618,12.9438470877466,90.7143577429919,115.399780766246,24.3849634776243,21.0091104461297,18.5304345140622,95.8315351830768,3.98276934679902,89.729516554936,146.765986288641,46.6316708812813,41.0033314653887,8.66842947576295,84.0450262713036,4.09064204389295,21.6470580504913,18.8225735574776,17.2828334596394,16.936542469185,3.98276934679902,19.875491502841,3.98276934679902,125.771365796163,7.83183757430675,21.7894762090391,73.6560604668798,52.6303480796524,13.425628207179,71.7140323866256,22.4703084237668,101.347443689433,25.3363499951841,18.3280085416813,16.9095144077586,20.549755978626,21.9429255269004,40.6381273953696,126.545802411199,27.8059434768007,85.520606772128,8.31578457214907,3.98276934679902,36.4481755364544,10.3653305995923,12.476530930156,20.5896703088602,15.2977271224156,17.6791230537594,10.158210603122,19.7272036512573,20.6058678703973,47.9932781664028,91.0559783525795,9.15740880873046,155.103450785548,22.6103256095928,63.9922047151292,13.3130753556107
11.6445752200878,56.9875029455975,71.1580600338299,12.9392000878452,7.06936369174073,28.0951282107704,8.19621279273417,41.3178945816566,8.75948590108755,37.1635481025254,56.1545268664451,74.2566389908535,41.1271160787269,9.12439955101111,119.860888963133,79.2458176365121,36.6036111469257,95.6188913776938,139.96143159564,32.7372448111988,136.984666665834,9.22473792078456,60.4886508563848,61.6750592991781,16.9504002448449,7.06936369174073,58.7015564524012,81.9638971484489,66.7118820941658,72.6934069035219,17.5572010666238,11.1239575508159,36.8956334009578,14.7716072627555,20.8232652842581,11.6445752200878,27.1652284134718,8.19621279273417,112.830358474693,14.413092421859,11.6223585012761,33.6997100987291,20.5349907109907,22.0169734869847,67.1323255022174,12.9392000878452,88.6968342128821,134.312662406219,35.7341832253885,8.07806610025651,67.1363452532843,64.4931684624829,18.1651946068739,9.0150132931688,8.42325677789366,7.06936369174073,19.7981804435822,60.6991091753807,40.2905290787146,56.5518668234369,50.6846104857255,123.914437261707,44.4534620758099,54.5716091626628,57.0689904569191,83.1873684065141,26.4821370969313,48.3450490624257,42.7233040475368,127.780896664411,63.9453319430115,52.020900276786,65.0479885141262,76.5061318049775,11.8210177336152,7.06936369174073,20.4928592030962,77.5350939158535,35.2669627546015,89.0173149348979,78.6270209946585,40.402517006013,104.958279108208,47.1031829054251,104.064950508371,98.929657420658,88.882227333736,79.1643415464971,69.1241474017883,76.6072849866765,37.8155448236116,98.3444049362621,39.8078556522281,124.448615893635,37.4282995962696,18.1477796076264,29.3320533208339,8.19621279273417,30.322987232772,95.8181775233371,90.583440271142,80.6006533777851,7.87703885633351,75.4343996613596,13.953113058609,135.248244606107,11.6445752200878,93.4534029204366,26.1033200996816,71.5706207011661,37.9498178797567,65.2973334833494,67.3963715560741,40.9825969223715,50.7712932849274,18.6823247188921,89.9208778529619,69.1649216066364,50.7251091805471,8.42325677789366,13.0872844856015,9.12439955101111,8.19621279273417,71.5632058800202,63.1875502998115,9.40407687769201,92.4137181606708,7.06936369174073,66.0332201926263,103.148290217234,50.7895272697864,15.8618208267122,16.4410648354581,119.531710647343,7.06936369174073,10.0564826765656,9.08829791150465,9.18553699864132,9.82928734532135,48.5053589800863,72.4211829353126,104.472262084801,12.1862839032243,91.1994314864673,109.22082887332,66.2378789841049,51.0113747866346,20.3155682289474,98.2800037741729,9.40407687769201,88.2565730729692,147.872113667205,13.7804150110556,60.7579091483726,38.0003999646186,90.1681802792069,12.4174473536764,71.6363935672714,56.1785044310734,17.6561556777113,17.8906781993575,7.06936369174073,48.1636404470566,7.06936369174073,119.036370182066,7.83071196157597,92.9594005483367,66.9558944616345,50.0499096732397,49.2473607167062,73.0967352476407,51.1006540673488,100.334298146004,36.6830314063958,70.1254557412763,44.4274863647417,119.180779651735,48.3450490624257,11.0156642188846,120.509928975939,114.383825366456,97.3039620682378,23.1462985095524,17.3932205404877,11.6394081435671,18.1258906407513,45.9406371605644,86.4254121268116,15.9055666442307,19.1096790012654,28.5036602804703,51.5664706473574,47.5081684994864,46.1553311759639,87.573070082448,34.4367011883043,140.54548873023,47.1031829054251,70.6047407688802,57.4657364285182
9.84341492540423,53.9738754832227,72.7746076405341,12.1514810835491,12.534253377434,27.9729799127664,13.0040015350831,53.6137958035191,11.4532227157481,43.1672390521227,55.9103856106906,75.9435791910992,53.3662430227364,28.2226889591459,112.659331233434,77.6182605534023,40.7716055083563,101.910630068098,135.675442258422,47.8200135927552,140.634921549293,14.0037693066959,56.9253607081183,59.8077508197834,24.7598224831016,12.534253377434,64.943300709353,76.5487123096858,62.6505632351043,68.267941827151,15.6202849592367,9.23828519358608,47.8755022546247,13.6631158704849,30.4054669242806,9.84341492540423,30.053710741467,11.3228404018077,114.296011189495,14.1245957727798,12.4093111731311,49.22590780889,13.7725038733827,22.2419116198438,70.2868162838373,12.1514810835491,63.4399381834089,133.287476993574,52.1977074558067,8.46990239123719,45.0273188850647,62.8697960032941,18.4069275424056,10.4985103919196,11.9590624036968,16.6861199076529,19.4437477895577,57.4892036189424,66.6434490289865,64.283550609595,66.0668290492455,127.682294526494,43.3345137008135,51.2493718264592,58.2679062603876,50.7142689113491,46.9538463181186,70.2171615830526,59.5519440966645,125.906505186201,71.9618923767116,67.8086680086494,66.3584060394013,78.9505037462941,9.26266475242202,15.6588500157266,20.2663466890269,55.4565628944641,49.1400079719881,103.597313275072,81.139155374143,34.9621190294656,103.772335017091,68.4134543099866,112.243484263222,106.704605072275,54.186077343081,48.261674606172,64.9159734656496,79.0548887735105,40.3760444015005,91.8469938916958,59.4329131609622,120.637670016111,61.9091144599386,16.807928050343,34.1588921270323,13.5143378259074,44.2934544433032,89.4876690890867,86.3833029910403,93.8021006841268,15.7482628688327,45.9877563489892,13.6509776351501,132.470505098181,9.84341492540423,62.677766540875,25.5672079768211,75.848393405184,51.9463708829753,69.4805911828716,45.2017145452701,67.7881792948323,55.5001993737326,18.3059096099226,64.4875682343754,42.1656376536689,61.8621800260197,10.2211876247765,12.9901956686933,9.94279385229451,11.3228404018077,73.8496512714784,38.5215986409675,13.4925512133109,94.1891080738518,16.6861199076529,61.5916875503653,99.9896166670761,56.5728490964355,16.8098811272068,16.705456455411,120.000354497227,31.396931845081,10.2417241000393,9.18178588541224,9.48627210867541,11.9054896648004,54.0285862353607,74.73504070524,107.911056572634,11.8578160630793,98.3668555345411,108.004545319371,75.2938193754248,73.1888515716795,19.7004827592503,96.3611717634353,13.4925512133109,84.1643270546218,143.343878315335,14.0787665288012,57.0590591906826,33.5806925617579,91.5259444457277,10.745376887206,72.3682723890042,64.1904489766,19.1268623589605,18.5939789288801,31.396931845081,73.1156283878324,31.396931845081,116.637985316435,7.52689145321486,61.4059362520304,62.8797204973244,49.8323092680741,57.2031655018353,79.9050628284345,135.174677003052,108.219637447543,60.6763869738402,67.662328048033,60.8131161897423,81.6626938771433,66.3683910419566,12.4379654625352,122.075338383051,110.881090003708,104.951145239596,18.5232060923037,13.7223635746063,11.1899422286528,12.1567573402723,43.9143721867308,57.9642007161048,15.4623272072974,26.2338889553009,31.7493262573124,59.8969226341843,68.1626070125494,45.9546631062309,101.916517954133,59.0817465746504,143.379442884968,64.6635492778463,64.0694299518189,58.0712633749427
3.98276934679902,17.9138273462223,19.5597341921605,14.398893182062,3.98276934679902,27.953374700655,4.0120101623182,28.3773182213587,3.98276934679902,14.4008317899544,55.8712001191003,20.4114631564408,28.2462906764597,3.98276934679902,120.355271854516,74.9669362672856,39.0854298496509,89.5885071803476,139.965369782473,18.5604404038736,147.870688055157,3.98276934679902,66.2256200834927,57.1691437067861,9.6100602045358,3.98276934679902,21.0261829915686,18.6485767971053,74.2377625917195,80.8940733536714,15.1736407983001,10.1934426913814,25.34008909695,13.2555778737269,9.46793722952512,3.98276934679902,9.73025415591096,3.98276934679902,119.39638600151,15.339535756926,12.7488477609978,19.1061118466913,4.51211657189753,22.4071729836416,66.6590323967684,14.398893182062,70.8610118373494,132.119158960071,20.2595600809094,8.35444175844039,14.7517483819385,69.8388782019048,17.3073735823431,4.14888639482475,3.98276934679902,3.98276934679902,19.4985878929368,19.0805581159661,24.1129141651219,22.4990927221007,48.2318084327756,129.06198911368,48.1381206347691,60.7279248927106,54.7979195356735,22.0221603681065,14.919623387125,22.3755000899712,18.6486055288295,120.569736528229,19.2638315713908,49.5034305799214,64.1380394124937,89.8530619602704,9.14388680126141,4.52200114745777,19.5828771225896,61.9437577061045,17.8315964635357,94.4453806899425,92.3439523408879,21.7882996069334,107.78279267764,21.8007281775088,105.527027161599,100.319584977631,23.529758203828,20.9571459990553,76.9221596375523,89.9718618902662,41.4807910031752,22.3755000899712,19.3437519574946,124.452117586172,22.3999385500278,17.7621495570013,13.4991877435497,3.98276934679902,17.1916726849524,21.8007281775088,86.2574592233616,85.5154909771234,3.98276934679902,19.9697199038239,18.6539557062336,127.945509757435,3.98276934679902,20.534348125701,24.6938701958166,79.8982479261509,17.2550504761169,68.9824815973395,14.8088834937318,24.5271001510626,51.7124709395886,19.522652646614,22.7584944338551,18.3100033652416,20.2003214397384,3.98276934679902,14.2835223736602,3.98276934679902,3.98276934679902,84.0478144732798,16.7276161348227,3.98276934679902,100.484947670433,3.98276934679902,69.7241969467647,103.151192568501,54.2331874642618,17.7074291176601,16.1091092497846,124.292423627899,3.98276934679902,10.2229564516434,9.85860772809847,9.87472261264476,4.00147113357776,51.7941467069575,85.0554705093501,113.585439017347,11.787652488495,92.4807520359191,118.215223150565,26.3526611001467,21.6040917657988,18.831333974594,94.4359862637998,3.98276934679902,84.0417159057775,147.8762744421,14.8250003336501,67.6121118657603,37.0709647128678,86.6192362521866,6.69649030170469,72.905981538969,19.0140650202264,19.3589923875285,18.7282440735204,3.98276934679902,20.794593022592,3.98276934679902,116.492506099032,9.90886787663521,22.1645162716921,74.5093024079702,49.7973836721508,19.0832951639594,74.4517728957398,36.4783725718996,101.74396042058,21.9539134343657,69.5421167827097,20.2003214397384,19.5597341921605,22.3755000899712,9.65838063692786,127.522859907007,114.387043859364,98.6710491663586,18.7100860687758,3.98276934679902,9.92565713288442,3.98276934679902,48.914038834779,18.9901003501183,14.4300487835666,8.8445173291687,30.436281542789,19.9819475725396,20.1204307114038,45.9224552070183,92.9130691952757,17.4118016172254,151.932979861021,21.8007281775088,64.2728484897793,57.0310748696832
3.98276934679902,17.9138273462223,19.7184982811084,12.9991466432426,3.98277455317503,26.5543781556888,4.0120101623182,20.8910539881089,3.98276934679902,14.4008317899544,53.0749861819007,20.5771406303925,20.794593022592,3.98276934679902,121.374067421568,77.7665778616913,38.8284369116536,90.87200086185,137.168207681944,18.5604404038736,133.728584429554,3.98276934679902,60.0466379877932,58.2424040730142,9.6100602045358,3.98277455317503,21.0261829915686,18.6485767971053,67.0209543326713,73.0301911957796,15.8774897841923,9.86498187504107,18.6550809790555,14.6903500017163,9.46793722952512,3.98276934679902,9.73025415591096,3.98276934679902,110.161714460214,14.2248843169585,12.8014364890639,19.1061118466913,4.51211657189753,21.9786166355849,62.1141825876618,12.9991466432426,72.4575586827052,129.983318386626,20.2595600809094,8.26788065456976,14.7517483819385,61.0749154743173,18.8594787807212,4.01971937584346,3.98276934679902,3.98276934679902,20.3693147243995,19.0805581159661,24.1129141651219,30.6675124208478,47.9755850569505,122.891054251967,42.0973492781678,54.8244362284461,60.6617775201533,20.941857839311,14.919642890431,22.3755000899712,18.6486917060111,127.523182516388,19.2638315713908,49.2404519251652,62.2982269569443,75.2442327906014,9.71642664798758,4.52200114745777,20.0999040734371,63.3393927442008,17.8315964635357,97.267981667368,77.3301398433619,13.3096787154861,103.854832326337,21.8007281775088,115.056340777447,109.378655556769,22.3755000899712,19.929088013795,69.4443955240358,75.3437175426298,41.6518983909901,22.3755000899712,19.3437519574946,121.964982752865,22.3999385500278,17.2254268126871,13.0789183812268,3.98276934679902,17.1916726849524,21.8007281775088,92.6784536365073,88.0712126720729,3.98276934679902,18.9901003501183,13.9492741420577,132.723637139581,3.98276934679902,20.534348125701,25.6160632260956,66.0380700339367,17.2550504761169,70.791540383328,14.8088834937318,24.5271001510626,52.1976934554694,18.3752330060578,22.7584944338551,17.4118016172254,20.2003214397384,3.98276934679902,13.6310616023722,3.98611293142588,3.98276934679902,70.3828359301214,15.90703878414,3.98276934679902,98.3761663561029,3.98276934679902,60.4822549184381,101.089749749285,53.8765956028697,14.6356706754551,17.0990993819228,116.187158511087,3.98276934679902,10.5947074219364,10.2387606135214,9.22328033338127,3.98276934679902,51.4535919277346,71.2266614347487,108.508556216564,12.8126246741253,100.831959430686,113.434428087757,35.9201400515711,21.6040917657988,19.1848625231725,93.7751851859736,3.98276934679902,90.2977706651092,144.921015501408,14.5650655713672,61.0393969792944,34.5414640881553,91.0045138635039,4.09064204389295,71.5115922859098,19.0140650202264,16.4815654246694,17.4168405505407,3.98276934679902,20.794593022592,3.98276934679902,116.557193737529,8.14563792164913,22.1645162716921,67.2660971951323,47.3051490689328,19.0832951639594,75.150360217132,22.8819871706629,110.931655113063,21.9539134343657,71.4472887497665,20.2003214397384,19.5597341921605,22.3755000899712,10.9341994731948,117.659649095643,112.101056229908,107.581253477062,20.7536153962664,3.98276934679902,10.5683621468464,3.98276934679902,49.8296483809981,18.9901003501183,15.003691847922,8.8445173291687,30.2361581350261,19.9819475725396,20.1204307114038,43.6241510895739,95.6898754086697,17.4118016172254,138.570410849763,21.8007281775088,65.3114077479053,56.9346892538215
3.98276934679902,17.9138273462223,19.5597341921605,14.6679204381843,3.98276934679902,26.7345097813147,4.0120101623182,20.8910539881089,3.98276934679902,14.4008317899544,53.4350203534773,20.4114631564408,20.794593022592,3.98276934679902,113.702359616894,77.8255062692019,34.5989245130336,95.2033218836979,135.843900921914,20.1601900345681,137.668062984957,3.98276934679902,55.5545680675459,57.2076872271652,10.4383643788241,3.98276934679902,21.0261829915686,18.6485767971053,75.6248123682668,82.4054888712199,16.4479281781018,7.85393660980873,18.6550809790555,14.6247601919583,9.46793722952512,3.98276934679902,9.73025415591096,4.02603423926168,116.021899881529,14.410920300653,14.2351530291193,20.7528936420399,4.51211657189753,21.7904520586774,63.772336455065,14.6679204381843,76.1930625420232,132.59251569343,22.0057591501246,8.21487264417134,14.7517483819385,53.5652827038865,17.5187659678112,4.01971937584346,3.9924961828024,3.98276934679902,19.9562792364399,19.0805581159661,24.1129141651219,38.0720584891763,52.8881288425416,127.164462713403,36.9211549071656,61.8625584230322,51.0194368928089,21.2832352541784,14.919623387125,22.3755000899712,18.6486055288295,128.730973887028,19.2638315713908,54.2825139618765,63.6950962735065,79.0518110232654,9.91764554226188,4.52200114745777,20.5826792562842,66.6048152942335,17.8315964635357,88.3085373678447,81.243271073178,13.3096787154861,104.367146698743,21.8007281775088,119.150735363856,113.271004054507,22.7402475940222,20.2539560650928,78.3593643782661,79.1563299946919,46.3167667203283,22.3755000899712,19.3437519574946,120.787457334431,22.3999385500278,17.0039272126156,13.0789183812268,3.98276934679902,18.6734463622102,21.8007281775088,88.5525829321373,79.9588913223268,3.98276934679902,19.2996617756298,13.9492741420577,132.824209812196,3.98276934679902,20.534348125701,25.6354740559676,77.8369464699678,17.2550504761169,65.2783040945353,14.8088834937318,24.5271001510626,51.9799994979332,18.1008601100869,22.7584944338551,17.6956348792923,20.2003214397384,3.98276934679902,11.8057595342275,3.98611293142588,4.02603423926168,73.9444132643802,16.1663426061788,3.98276934679902,97.9435315015696,3.98276934679902,68.875107387742,100.113766748377,48.0079141100697,17.2505937004526,16.258403255831,113.947033171735,4.33747090726294,10.4252472234687,9.57425407482613,9.22328033338127,3.98276934679902,45.8488439048603,74.8309388073284,101.837929539177,13.2689213985573,104.420165226563,119.124560814547,44.5929116850428,21.6040917657988,18.8440300875276,96.7952909934217,3.98276934679902,86.2778834956675,143.521858337061,13.5433699560435,68.8753687498754,41.6582339741231,88.7122646344357,4.09064204389295,70.8993631938991,21.3949444876591,16.7595769396452,16.6882430562645,4.33747090726294,20.794593022592,4.33747090726294,115.848887747811,8.14563792164913,22.1645162716921,75.9014256030623,47.6260435501479,19.0832951639594,74.8369406339488,22.8819871706629,114.8792686482,21.9539134343657,70.7956715931329,20.2003214397384,19.5597341921605,22.3755000899712,10.29527392896,123.918696203668,111.018763262168,111.409639629961,20.7536153962664,3.98276934679902,11.9783141182646,3.98276934679902,50.7769495420693,18.9901003501183,15.3159759948257,8.8445173291687,26.9425873428331,19.9819475725396,20.1204307114038,43.9200755208011,86.8757919450676,17.4118016172254,140.677428430175,21.8007281775088,65.3596194607265,55.7758082592353
3.98276934679902,17.9138273462223,19.5597341921605,12.5467509065067,3.98276934679902,27.0658382774837,4.03920829943454,20.8910539881089,3.98276934679902,14.4008317899544,54.097255983803,20.4114631564408,20.794593022592,3.98276934679902,119.767011205066,78.5363158516903,37.2644653379938,92.7629633425224,138.003803456522,18.5604404038736,132.709843507221,3.98276934679902,57.8508812024766,56.8343983217856,9.6100602045358,3.98276934679902,21.0261829915686,18.6485767971053,64.6884939916817,70.4885976545488,16.2514662535332,10.3140354603444,18.6550809790555,13.6113869398759,9.46793722952512,3.98276934679902,9.73025415591096,3.98276934679902,106.948921377203,13.9996395554486,12.8440510801871,19.1061118466913,4.51211657189753,21.6810111915222,61.9143727516998,12.5467509065067,72.4575586827052,133.091963467368,20.2595600809094,8.32882954493552,14.7517483819385,60.8164701931437,17.4730742182675,4.01971937584346,3.98276934679902,3.98276934679902,20.2133277798199,19.0805581159661,24.1129141651219,34.5489086299554,50.1591955051246,126.635622457573,41.9192096739397,52.9164385806474,52.161115816176,20.941857839311,14.919623387125,22.3755000899712,18.6486055288295,126.913482724913,19.2638315713908,51.4816328335161,65.0154150019206,79.233948945343,9.90800965069679,4.52200114745777,21.4002179425018,63.3393927442008,17.8315964635357,94.0762704523834,81.4304581898868,13.3096787154861,101.259642244674,21.8007281775088,111.221101033206,105.732673387265,22.3755000899712,19.929088013795,67.0275946879897,79.3387087318505,41.7905530350181,22.3755000899712,19.3437519574946,122.707964132859,22.3999385500278,17.0851070062378,13.0789183812268,3.98276934679902,17.1916726849524,21.8007281775088,84.7831430056096,85.1812804211496,3.98276934679902,18.9901003501183,13.9492741420577,134.037343213402,3.98276934679902,20.534348125701,25.869612470019,71.4735294882451,17.2550504761169,70.9002691548457,14.8088834937318,24.5271001510626,51.3863796246998,18.5034079472078,22.7584944338551,17.4118016172254,20.2003214397384,3.98276934679902,12.3040341042326,4.62071719317462,3.98276934679902,74.1147835773039,15.90703878414,3.98276934679902,92.4124084605146,3.98276934679902,60.4398241528693,101.705564223872,51.7064988719564,15.8403030110483,17.4154985523696,113.963562264145,4.01591429497281,10.3855437592427,9.52438298666556,9.22328033338127,3.98276934679902,49.3810914219644,75.0033517036941,100.044855114797,12.9129800212954,97.4708692405654,110.161970256578,40.4663286538134,21.6040917657988,18.7210699102287,90.3514963877176,3.98276934679902,82.6052712684882,145.803839519065,13.0983943002951,58.9151065374509,34.5003873262669,76.3363235924041,4.09064204389295,70.5432766029553,19.0290676355203,17.5171948910167,16.6306413123784,4.01591429497281,20.794593022592,4.01591429497281,117.217022196706,8.14530469053015,22.1645162716921,64.9251054028935,48.2162868542903,19.0832951639594,73.9822908524676,22.8819871706629,107.233905908549,21.9539134343657,70.0151220870117,20.2003214397384,19.5597341921605,22.3755000899712,11.5048172277185,114.228183739314,112.783948938754,103.995185153643,20.7536153962664,3.98276934679902,12.8416763195262,3.98276934679902,43.0056292728136,18.9901003501183,15.4354781586534,8.8445173291687,29.018275171376,19.9819475725396,20.1204307114038,44.4643896934928,92.549947518043,17.4118016172254,140.813377199225,21.8007281775088,63.2827666483204,54.3592955735072
3.98276934679902,17.9138273462223,19.5597341921605,13.95470644021,3.98276934679902,28.1676248598022,4.0144243953783,20.928400970921,3.98276934679902,14.4008317899544,56.2994279679898,20.4114631564408,20.8317675619254,3.98383958366919,116.570460895824,77.2203637403237,36.6669133954203,98.462580844158,136.188713818086,18.5604404038736,144.507184736204,3.98276934679902,57.7966902217423,56.255657464991,9.6100602045358,3.98276934679902,21.1106140112252,18.6485767971053,71.947626157547,78.3985985679518,15.1018262569065,10.1535810954913,18.688430708039,14.300498154574,9.46793722952512,3.98276934679902,9.76932616818397,3.98276934679902,114.239176742441,14.444805741505,12.5044951768575,19.1061118466913,4.51211657189753,21.6470580504913,76.2528333922444,13.95470644021,73.2531339772362,133.751073087113,20.2595600809094,8.4180844450465,14.7517483819385,65.5045402243223,18.966576644188,16.3081399234318,3.98276934679902,3.98276934679902,20.0186028617469,19.0805581159661,24.1129141651219,20.6481348643815,49.1479041164213,125.987336664828,45.1505743022875,58.8545490188531,52.4834065052563,20.941857839311,14.919623387125,22.3755000899712,18.6486055288295,125.101195709311,19.2638315713908,50.4436789461656,64.635191967518,85.7664967441545,11.8055943633893,4.52200114745777,20.9454389804213,64.0348516715234,17.8315964635357,90.9750554010282,88.1441001007741,13.3096787154861,105.22578833211,21.8007281775088,104.564521098994,99.404575701466,22.3755000899712,19.929088013795,74.5492131177329,85.8798935899259,40.6857435868263,22.3755000899712,19.3437519574946,121.094052424104,22.3999385500278,17.3900602664047,53.0616222341234,3.98276934679902,17.1916726849524,21.8007281775088,88.7976069170902,82.3732878459179,3.98276934679902,18.9901003501183,14.957412530988,131.791417581536,3.98276934679902,20.534348125701,25.4361420330501,74.6437389077786,17.2550504761169,64.6384251528278,14.8088834937318,24.5271001510626,50.6444448514678,19.6352865976271,22.7584944338551,17.4118016172254,20.2003214397384,15.0819292956026,13.3299751714639,3.98611293142588,3.98276934679902,80.2252750113644,15.90703878414,3.98276934679902,92.0820970050578,3.98276934679902,66.1807476580824,100.367885760161,50.8773626274305,16.5428998769572,16.4894709204916,120.12159360499,3.98276934679902,10.6666221812654,9.39518343647944,8.94013374668851,3.98456216718248,48.5892440993756,81.1871023130881,104.976986809416,12.9438470877466,91.6372403128746,115.815239655324,24.1846774513121,21.6040917657988,18.5304345140622,101.913324047708,3.98276934679902,86.516613413276,143.886160210766,13.0176250207763,65.5263679617219,31.2894234309754,85.7018582408154,4.09064204389295,70.4328036274045,19.0140650202264,17.2828334596394,16.936542469185,3.98276934679902,20.794593022592,3.98276934679902,116.000442057238,7.83183757430675,22.1645162716921,72.210789330903,50.179058424882,19.0832951639594,72.9141082992756,22.8819871706629,100.81595949634,21.9539134343657,67.8849681732634,20.2003214397384,19.5597341921605,22.3755000899712,11.9359365690226,122.014635614129,111.300562452488,97.7710760923444,19.7684875742652,3.98276934679902,10.7052942431912,3.98276934679902,46.2117257955338,18.9901003501183,15.2977271224156,8.8445173291687,28.5529544820407,19.9819475725396,20.1204307114038,46.2744303599971,89.499047552888,40.0342002314536,152.060027894209,21.8007281775088,62.7365566962689,56.7814626753617
11.6445752200878,45.4978819563037,75.7867698489929,12.9392000878452,7.06936369174073,9.99533093733715,31.0420538918373,42.5417700720672,8.75948590108755,10.2957984031418,56.4615227963537,74.2278401548357,40.1336452893328,9.12439955101111,119.814403502263,26.1033200996816,10.1406733328063,91.6688468385285,137.617304266764,7.06936369174073,136.931540117071,9.22473792078456,75.8336266791193,20.3155682289474,7.06936369174073,7.06936369174073,53.0190221162704,17.504997869741,63.305022985758,73.0908206348075,17.5572010666238,11.1239575508159,40.3962180950363,55.9454763212104,8.75948590108755,11.6445752200878,11.3295778654222,8.19621279273417,112.786599653452,14.413092421859,11.6223585012761,32.9950718252839,83.1062507462662,22.0169734869847,18.5983557812651,12.9392000878452,89.1817384337635,132.063142813777,34.1210447140495,8.07806610025651,18.1258906407513,65.5500127145263,18.1651946068739,9.0150132931688,8.42325677789366,7.06936369174073,19.7981804435822,55.7453971123595,41.6714496326639,55.087159167626,53.4257517460647,121.839071101787,12.0018238876281,43.5690722265658,15.81040699328,84.9160970608635,19.6757972697519,48.6093506979589,9.12439955101111,127.731339599356,62.2891316703889,52.3052977340585,15.2481382832337,72.2634163544675,11.8210177336152,7.06936369174073,20.4928592030962,82.5786188525546,7.87703885633351,89.0644186306066,79.0568737024128,12.4174473536764,24.6036563215884,49.6506322577631,108.908543172046,102.416615297528,89.3681450959418,82.9525325497862,70.6615695414604,80.7503845923977,11.6223585012761,98.8820522770815,38.3651565798755,144.936955611172,41.3029153292688,18.1477796076264,9.0150132931688,8.19621279273417,30.532087064727,101.000246742823,91.0786585381661,84.4855168694856,7.87703885633351,85.0656133950576,13.953113058609,122.15569918955,11.6445752200878,88.6809011268013,98.8628150319029,15.8618208267122,8.75948590108755,59.9683559587372,88.2117784682472,43.5169152458261,54.9591316603353,70.7567928522744,94.7840074318721,15.8207597182907,40.2517501976771,8.42325677789366,13.0872844856015,9.12439955101111,34.5882442836804,77.1368768903788,66.7670458302769,36.1064708137024,95.6710097643504,29.8329099650597,17.8280620333536,28.5762274036812,53.6132758241888,15.8618208267122,65.5484377711756,119.485352851183,7.06936369174073,10.0564826765656,9.08829791150465,9.18553699864132,9.82928734532135,50.1678352176514,74.9738008344606,104.431744770995,12.1862839032243,98.9896822687283,109.178469930292,67.2843327125387,52.5671576670372,76.9424830411107,90.2592791397601,39.6854640714636,93.0296931902599,153.084138503486,13.7804150110556,12.9392000878452,10.527640046508,90.6611283262774,12.4174473536764,22.0169734869847,60.9772694119205,17.6561556777113,17.8906781993575,29.8329099650597,47.0001946609859,7.06936369174073,134.234538768995,7.83071196157597,94.3635730018024,69.3158782085016,52.4622606741816,50.93526837631,73.0878304511521,51.0216393187806,105.389769931831,42.7222661855569,18.932909396599,35.2544156523983,126.933285050146,48.6093506979589,11.0156642188846,127.027385368141,28.5762274036812,95.4068976132476,9.73668983653886,17.3932205404877,11.6394081435671,18.1258906407513,12.4033407239738,97.4599218458919,60.2401950066637,8.60526820411152,10.1406733328063,54.4334149717779,46.2727142820166,44.5545047685912,90.2429446380693,7.87703885633351,145.499273184396,49.6506322577631,73.0933348203241,43.727086938337
9.84341492540423,43.0918515205729,77.5084711061798,12.1514810835491,12.534253377434,9.95187455398045,49.2509072994582,55.2018876290144,11.4532227157481,11.9590624036968,56.2160468241299,75.9141261117051,52.0771226409108,28.2226889591459,112.61563874142,25.5672079768211,11.2953755042011,97.7006719522552,133.40309831031,10.3263750441066,140.580379327896,14.0037693066959,71.3663884281854,19.7004827592503,10.3263750441066,12.534253377434,58.6565417461251,16.3484789343966,59.4511085756913,68.6411616093071,15.6202849592367,9.23828519358608,52.4178351803826,51.7472142204503,12.7903215563682,9.84341492540423,12.534253377434,11.3228404018077,114.251683946457,14.1245957727798,12.4093111731311,48.19662718346,55.7380899954666,22.2419116198438,19.4722766744621,12.1514810835491,63.7867633443133,131.055127596632,49.8413605492754,8.46990239123719,12.1567573402723,63.900038184245,18.4069275424056,10.4985103919196,11.9590624036968,16.6861199076529,19.4437477895577,52.7974550030312,68.9275914975652,62.6185903879537,69.6398763571194,125.543822858971,11.6997232028007,40.9166527601836,16.1425549190055,51.7681694196932,34.8859443559577,70.6010377194682,12.7184857091775,125.857675063458,70.0980611610262,68.1793769479427,15.5553180760389,74.5722334800126,9.26266475242202,15.6588500157266,20.2663466890269,59.0639172386209,10.9756475171762,103.65213200696,81.5827418816979,10.745376887206,24.3256548043915,72.1134125532141,117.467738099569,110.465605290572,54.4823117898889,50.5711038008731,66.3597996620777,83.3303604674209,12.4093111731311,92.3491199868217,57.2789712497572,140.498602564647,68.3180091062355,16.807928050343,10.4985103919196,13.5143378259074,44.5988911672547,94.3273697335409,86.8555591725123,98.3232595224373,15.7482628688327,51.8593204168242,13.6509776351501,119.64685545006,9.84341492540423,59.4769226562275,96.8323624520658,16.8098811272068,11.9901366800711,63.8102140164792,59.162289271535,71.9801250913844,60.0780986105264,69.3311712397299,67.9752054554599,9.64495305121834,49.0893180382943,10.2211876247765,12.9901956686933,9.94279385229451,47.7826991205051,79.601401145667,40.7037989242112,51.8039583174226,97.5089765630043,70.4158867159124,16.6289092548217,27.7011477152713,59.7181333595855,16.8098811272068,66.6025335868147,119.953814947657,31.396931845081,10.2417241000393,9.18178588541224,9.48627210867541,11.9054896648004,55.8803659696865,77.3692147806365,107.869205596547,11.8578160630793,106.769347313124,107.962658085689,76.4833426394825,75.4210196476785,74.6129295288651,88.4970448354409,56.9389386510041,88.7161290183181,148.39629716146,14.0787665288012,12.1514810835491,9.30320323290795,92.0263153684978,10.745376887206,22.2419116198438,69.6735938515529,19.1268623589605,18.5939789288801,132.495919259005,71.3494398490478,31.396931845081,131.529936085495,7.52689145321486,62.333486598265,65.0960319897542,52.2341721670667,59.1637509991892,79.8953286273038,134.965662200578,113.672422127338,70.6657180742783,18.2678987673564,48.2568574253667,86.9747121151626,66.731226009348,12.4379654625352,128.677455745793,27.7011477152713,102.904989225878,7.79194619064541,13.7223635746063,11.1899422286528,12.1567573402723,11.8562770256695,65.3648774432472,58.5614852371385,11.8133669582987,11.2953755042011,63.2270156236901,66.3900322539939,44.3607965610661,105.023686834099,13.5143378259074,148.433115269813,68.1607039618189,66.3276749438857,44.1878472291713
3.98276934679902,14.3021041431153,20.8320613690705,14.398893182062,3.98276934679902,9.94489965848682,15.1949490359358,29.2178814835081,3.98276934679902,3.98960994084555,56.176647106063,20.4035470106481,27.5639704125714,3.98276934679902,120.308594657902,24.6938701958166,10.828236989697,85.8875795868463,137.621176495344,4.00798858457927,147.813339597767,3.98276934679902,83.0259706391628,18.831333974594,4.00798858457927,3.98276934679902,18.9907683615623,3.98276934679902,70.4465699325705,81.3363200016107,15.1736407983001,10.1934426913814,27.7443066116727,50.2037188551825,3.98276934679902,3.98276934679902,4.0581168850055,3.98276934679902,119.350080688095,15.339535756926,12.7488477609978,18.7066158977807,18.2607869902664,22.4071729836416,18.4672345442439,14.398893182062,71.2484078931475,129.906376998243,19.3449882720852,8.35444175844039,3.98276934679902,70.9833221601789,17.3073735823431,4.14888639482475,3.98276934679902,3.98276934679902,19.4985878929368,17.5233756104513,24.939361956889,21.9163605293378,50.8402964706405,126.900409796068,12.9966310645192,48.4841731152439,15.1812289530166,22.4798060466305,11.0850375870963,22.4978266029098,3.98277548302226,120.522976156118,18.7648934608071,49.7740650692956,15.0348337668398,84.8701806504919,9.14388680126141,4.52200114745777,19.5828771225896,65.9730929514162,3.98276934679902,94.4953566578355,92.8487953001698,6.69649030170469,25.2657609380935,22.9797621079292,110.438670631205,103.855533409704,23.6583950280236,21.959992361159,78.6330209747745,94.8377488041334,12.7488477609978,22.4978266029098,18.6427040726575,144.941033797595,24.7188030258482,17.7621495570013,4.14888639482475,3.98276934679902,17.3102222144514,22.9797621079292,86.729027418902,89.637244275012,3.98276934679902,22.5193874488595,18.6539557062336,115.559896899965,3.98276934679902,19.4856948910566,93.5247130352823,17.7074291176601,3.98276934679902,63.3527556282395,19.3826154131204,26.0438288115666,55.9779417652502,73.9394218882462,23.9893265842454,4.18822369712316,16.0295030536268,3.98276934679902,14.2835223736602,3.98276934679902,16.8073966081943,90.5938441159304,17.6752146238579,15.2916386210148,104.026724614999,16.8073966081943,18.8245750361193,28.577031471782,57.2483934119247,17.7074291176601,64.2249730036514,124.244219491879,3.98276934679902,10.2229564516434,9.85860772809847,9.87472261264476,4.00147113357776,53.5693430967137,88.053407130139,113.541387354401,11.787652488495,100.380453154109,118.169375925689,26.768991467081,22.2629894382584,71.3211453724994,86.7289755564988,16.8073966081943,88.5868867742389,153.088445932552,14.8250003336501,14.398893182062,10.2701490783582,87.0927822771484,6.69649030170469,22.4071729836416,20.6382454836733,19.3589923875285,18.7282440735204,16.8073966081943,20.2922767233956,3.98276934679902,131.365882564552,9.90886787663521,22.4993162274741,77.13551992156,52.1975631955523,19.7373574245345,74.4427030257435,36.4219676297408,106.870459840909,25.5682504307459,18.7754158939429,16.0295030536268,20.8320613690705,22.4978266029098,9.65838063692786,134.419591865241,28.577031471782,96.747331610245,7.87055886242172,3.98276934679902,9.92565713288442,3.98276934679902,13.2061183159698,21.4146933225212,54.6518695071467,3.98276934679902,10.828236989697,21.0928851733641,19.5971970914848,44.3297057431152,95.7457463995303,3.98276934679902,157.288137401191,22.9797621079292,66.5382633426516,43.3963423076549
3.98276934679902,14.3021041431153,21.0011527898267,12.9991466432426,3.98277455317503,9.44718228406433,15.1949490359358,21.5098669553176,3.98276934679902,3.98960994084555,53.3651463105142,20.5691602301646,20.2922767233956,3.98276934679902,121.326995107066,25.6160632260956,10.7570396036629,87.1180517666912,134.870862330338,4.00798858457927,133.676720682067,3.98276934679902,75.2794824158637,19.1848625231725,4.00798858457927,3.98277455317503,18.9907683615623,3.98276934679902,63.5983114457542,73.4294461215824,15.8774897841923,9.86498187504107,20.4250381507457,55.6377253708546,3.98276934679902,3.98276934679902,4.0581168850055,3.98276934679902,110.118990615002,14.2248843169585,12.8014364890639,18.7066158977807,18.2607869902664,21.9786166355849,17.2081282479875,12.9991466432426,72.8536830354152,127.806308295672,19.3449882720852,8.26788065456976,3.98276934679902,62.0757450955293,18.8594787807212,4.01971937584346,3.98276934679902,3.98276934679902,20.3693147243995,17.5233756104513,24.939361956889,29.8732160916438,50.5702159405312,120.832828100217,11.3657058096151,43.7709251837896,16.805753594913,21.3770535957775,11.0850520777355,22.4978266029098,3.98279388784965,127.473725400207,18.7648934608071,49.509648714301,14.6035565609145,71.0714970700681,9.71642664798758,4.52200114745777,20.0999040734371,67.4595116561296,3.98276934679902,97.3194512203871,77.7529025219192,4.09064204389295,24.3449933021392,22.9797621079292,120.411516034596,113.23390760655,22.4978266029098,20.882739499335,70.9889404503439,79.4184804910717,12.8014364890639,22.4978266029098,18.6427040726575,142.044434680398,24.7188030258482,17.2254268126871,4.01971937584346,3.98276934679902,17.3102222144514,22.9797621079292,93.185125309199,92.3161489652795,3.98276934679902,21.4146933225212,13.9492741420577,119.875483345339,3.98276934679902,19.4856948910566,97.0173951396287,14.6356706754551,3.98276934679902,65.0141754051451,19.3826154131204,26.0438288115666,56.5031875569065,69.5937242813864,23.9893265842454,3.98276934679902,16.0295030536268,3.98276934679902,13.6310616023722,3.98611293142588,16.8073966081943,75.8645743098726,16.8081525947025,15.2916386210148,101.843615421585,16.8073966081943,16.329377689859,28.0059288518787,56.8719760903,14.6356706754551,68.1719379490473,116.142097827345,3.98276934679902,10.5947074219364,10.2387606135214,9.22328033338127,3.98276934679902,53.2171161179658,73.7371762248383,108.466473513125,12.8126246741253,109.445020258246,113.390434991144,36.4876214543475,22.2629894382584,72.6600872148838,86.1221030834736,16.8073966081943,95.181283481223,150.029023450713,14.5650655713672,12.9991466432426,9.56937561020564,91.5020341333453,4.09064204389295,21.9786166355849,20.6382454836733,16.4815654246694,17.4168405505407,16.8073966081943,20.2922767233956,3.98276934679902,131.438829305992,8.14563792164913,22.4993162274741,69.6370146083357,49.5852056055215,19.7373574245345,75.1412052437736,22.8466057358059,116.521088267448,25.5682504307459,19.2897861444594,16.0295030536268,20.8320613690705,22.4978266029098,10.9341994731948,124.022955742814,28.0059288518787,105.483820159274,8.73018707578101,3.98276934679902,10.5683621468464,3.98276934679902,13.4533203112792,21.4146933225212,56.8244654814953,3.98276934679902,10.7570396036629,21.0928851733641,19.5971970914848,42.1111147558692,98.6072101937086,3.98276934679902,143.454580048481,22.9797621079292,67.6134285335195,43.3230001307973
3.98276934679902,14.3021041431153,20.8320613690705,14.6679204381843,3.98276934679902,9.51126724558875,15.1949490359358,21.5098669553176,3.98276934679902,3.98960994084555,53.7271487833387,20.4035470106481,20.2922767233956,3.98276934679902,113.658262608816,25.6354740559676,9.5852944602862,91.270444642613,133.568735563987,4.3534425780454,137.61467139567,3.98276934679902,69.6478482410938,18.8440300875276,4.3534425780454,3.98276934679902,18.9907683615623,3.98276934679902,71.7627855036254,82.8559984044186,16.4479281781018,7.85393660980873,20.4250381507457,55.3893127855851,3.98276934679902,3.98276934679902,4.0581168850055,4.02603423926168,115.976903289782,14.410920300653,14.2351530291193,20.3189645933306,18.2607869902664,21.7904520586774,17.6675035986154,14.6679204381843,76.6096088365598,130.371805772861,21.0123591517976,8.21487264417134,3.98276934679902,54.4430525899732,17.5187659678112,4.01971937584346,3.9924961828024,3.98276934679902,19.9562792364399,17.5233756104513,24.939361956889,37.0859825437848,55.7484414850399,125.034663890185,9.96820445993496,49.3900458023753,14.1344372028483,21.7255252237488,11.0850375870963,22.4978266029098,3.98277548302226,128.681048355012,18.7648934608071,54.5792756261879,14.9310018361504,74.6679226720132,9.91764554226188,4.52200114745777,20.5826792562842,70.9373443449548,3.98276934679902,88.3552660124427,81.6874267796493,4.09064204389295,24.4650867988542,22.9797621079292,124.696479871114,117.263449091787,22.8645681759244,21.2231532143135,80.1021912509873,83.4372878650613,14.2351530291193,22.4978266029098,18.6427040726575,140.673049807396,24.7188030258482,17.0039272126156,4.01971937584346,3.98276934679902,18.8022138370762,22.9797621079292,89.0366985334978,83.8128225836404,3.98276934679902,21.7637785232094,13.9492741420577,119.966320200031,3.98276934679902,19.4856948910566,97.0909110477939,17.2505937004526,3.98276934679902,59.9508795764532,19.3826154131204,26.0438288115666,56.2675372494237,68.554573830005,23.9893265842454,4.04769326682827,16.0295030536268,3.98276934679902,11.8057595342275,3.98611293142588,16.9899756489352,79.7035436376146,17.0821456532699,15.2916386210148,101.395731555247,16.8073966081943,18.5953325232452,27.7355422839836,50.677013142004,17.2505937004526,64.8201892480297,113.902841272295,4.33747090726294,10.4252472234687,9.57425407482613,9.22328033338127,3.98276934679902,47.4202705495524,77.4684929878538,101.798433894436,13.2689213985573,113.339730410045,119.078360922669,45.2974091630754,22.2629894382584,71.3692301931193,88.8957351819463,16.8073966081943,90.9439914925183,148.580550416662,13.5433699560435,14.6679204381843,11.5410072699528,89.197253213193,4.09064204389295,21.7904520586774,23.2224995536811,16.7595769396452,16.6882430562645,18.3042469867014,20.2922767233956,4.33747090726294,130.640089158828,8.14563792164913,22.4993162274741,78.576711061162,49.9215668503734,19.7373574245345,74.8278238420166,22.8466057358059,120.667607353498,25.5682504307459,19.1138584665941,16.0295030536268,20.8320613690705,22.4978266029098,10.29527392896,130.620506631648,27.7355422839836,109.237567056626,8.73018707578101,3.98276934679902,11.9783141182646,3.98276934679902,13.7090786070973,21.4146933225212,58.0071996982479,3.98276934679902,9.5852944602862,21.0928851733641,19.5971970914848,42.3967755050465,89.524408308468,3.98276934679902,145.635863341929,22.9797621079292,67.663339556903,42.4411791858158
3.98276934679902,14.3021041431153,20.8320613690705,12.5467509065067,3.98276934679902,9.62914312582445,15.2979583232094,21.5098669553176,3.98276934679902,3.98960994084555,54.3930048456134,20.4035470106481,20.2922767233956,3.98276934679902,119.720562152659,25.869612470019,10.3237565385954,88.9308980308616,135.692463228837,4.00798858457927,132.65837485643,3.98276934679902,72.5266982492737,18.7210699102287,4.00798858457927,3.98276934679902,18.9907683615623,3.98276934679902,61.3849657738199,70.8739577277692,16.2514662535332,10.3140354603444,20.4250381507457,51.5512978512271,3.98276934679902,3.98276934679902,4.0581168850055,3.98276934679902,106.907443544502,13.9996395554486,12.8440510801871,18.7066158977807,18.2607869902664,21.6810111915222,17.1527728824461,12.5467509065067,72.8536830354152,130.86288860538,19.3449882720852,8.32882954493552,3.98276934679902,61.8130646927701,17.4730742182675,4.01971937584346,3.98276934679902,3.98276934679902,20.2133277798199,17.5233756104513,24.939361956889,33.6540831571165,52.8719211050034,124.514680852248,11.3176105644414,42.2476113471521,14.4507282093926,21.3770535957775,11.0850375870963,22.4978266029098,3.98277548302226,126.864262067648,18.7648934608071,51.7630821240163,15.2405026064076,74.8399599739459,9.90800965069679,4.52200114745777,21.4002179425018,67.4595116561296,3.98276934679902,94.1260511048333,81.8756372454302,4.09064204389295,23.7366452480272,22.9797621079292,116.397769127301,109.459416084276,22.4978266029098,20.882739499335,68.5183864288745,83.6295300672173,12.8440510801871,22.4978266029098,18.6427040726575,142.909735258623,24.7188030258482,17.0851070062378,4.01971937584346,3.98276934679902,17.3102222144514,22.9797621079292,85.2466511371889,89.2869251351368,3.98276934679902,21.4146933225212,13.9492741420577,121.062017665578,3.98276934679902,19.4856948910566,97.9776788088231,15.8403030110483,3.98276934679902,65.1140307181494,19.3826154131204,26.0438288115666,55.6249530121828,70.0791696366227,23.9893265842454,3.98276934679902,16.0295030536268,3.98276934679902,12.3040341042326,4.62071719317462,16.8073966081943,79.8871831726545,16.8081525947025,15.2916386210148,95.6696539014015,16.8073966081943,16.3179219662327,28.1765342436618,54.5812283544211,15.8403030110483,69.4333812644558,113.919363954253,4.01591429497281,10.3855437592427,9.52438298666556,9.22328033338127,3.98276934679902,51.0735825775859,77.6469828941146,100.006054875302,12.9129800212954,105.796825915653,110.119246312162,41.1056326464122,22.2629894382584,70.9035350547931,82.9778247861353,16.8073966081943,87.0727558801996,150.942964225897,13.0983943002951,12.5467509065067,9.55799569410372,76.7536530928875,4.09064204389295,21.6810111915222,20.6545296215998,17.5171948910167,16.6306413123784,16.9472692046234,20.2922767233956,4.01591429497281,132.182902472444,8.14530469053015,22.4993162274741,67.2135102512861,50.5402592373382,19.7373574245345,73.9732781757513,22.8466057358059,112.637023245513,25.5682504307459,18.9031208261362,16.0295030536268,20.8320613690705,22.4978266029098,11.5048172277185,120.405908783283,28.1765342436618,101.96766679723,8.73018707578101,3.98276934679902,12.8416763195262,3.98276934679902,11.6109289267214,21.4146933225212,58.4597980755155,3.98276934679902,10.3237565385954,21.0928851733641,19.5971970914848,42.9222109809691,95.3715540892169,3.98276934679902,145.776603875586,22.9797621079292,65.5132842442342,41.3633199742639
3.98276934679902,14.3021041431153,20.8320613690705,13.95470644021,3.98276934679902,10.0211228822425,15.2040926190337,21.5483201914218,3.98276934679902,3.98960994084555,56.6072160699796,20.4035470106481,20.3285532707846,3.98383958366919,116.525251556518,25.4361420330501,10.158210603122,94.3950626563628,133.90777340253,4.00798858457927,144.451140741039,3.98276934679902,72.4587599080445,18.5304345140622,4.00798858457927,3.98276934679902,19.0670261368072,3.98276934679902,68.2733867595763,78.827202493832,15.1018262569065,10.1535810954913,20.4615520360282,54.1612139191811,3.98276934679902,3.98276934679902,4.0744123270562,3.98276934679902,114.194871541418,14.444805741505,12.5044951768575,18.7066158977807,18.2607869902664,21.6470580504913,21.1251035048928,13.95470644021,73.6536077277772,131.510959206341,19.3449882720852,8.4180844450465,3.98276934679902,66.5779577423202,18.966576644188,16.3081399234318,3.98276934679902,3.98276934679902,20.0186028617469,17.5233756104513,24.939361956889,20.1133429483427,51.8059367330606,123.877252796711,12.1900346091649,46.9885007316,14.5400157002647,21.3770535957775,11.0850375870963,22.4978266029098,3.98277548302226,125.052677908481,18.7648934608071,50.7194537588164,15.1513731261657,81.0102395359073,11.8055943633893,4.52200114745777,20.9454389804213,68.2002089944123,3.98276934679902,91.0231950391405,88.625982532813,4.09064204389295,24.6663641428642,22.9797621079292,109.43136574555,102.908272947331,22.4978266029098,20.882739499335,76.2072966536663,90.5244773698325,12.5044951768575,22.4978266029098,18.6427040726575,141.030120543647,24.7188030258482,17.3900602664047,16.3081399234318,3.98276934679902,17.3102222144514,22.9797621079292,89.2830620607869,86.3435903835911,3.98276934679902,21.4146933225212,14.957412530988,119.033506192565,3.98276934679902,19.4856948910566,96.3359678131259,16.5428998769572,3.98276934679902,59.3632217641078,19.3826154131204,26.0438288115666,54.8218202131698,74.3660078329764,23.9893265842454,3.98276934679902,16.0295030536268,15.0819292956026,13.3299751714639,3.98611293142588,16.8073966081943,86.4735877319902,16.8081525947025,15.2916386210148,95.3277000106886,16.8073966081943,17.8678924217263,27.8059434768007,53.7059945697577,16.5428998769572,65.7414266854776,120.075007035447,3.98276934679902,10.6666221812654,9.39518343647944,8.94013374668851,3.98456216718248,50.2545954216826,84.0486911762451,104.936273749011,12.9438470877466,99.4648887027392,115.770323212289,24.566757105402,22.2629894382584,70.1815291245984,93.5960806881882,16.8073966081943,91.1956324776276,148.95769278048,13.0176250207763,13.95470644021,8.66842947576295,86.1703889743769,4.09064204389295,21.6470580504913,20.6382454836733,17.2828334596394,16.936542469185,16.8073966081943,20.2922767233956,3.98276934679902,130.810993419378,7.83183757430675,22.4993162274741,74.7559915201894,52.5976342546464,19.7373574245345,72.905225750782,22.8466057358059,105.895700404611,25.5682504307459,18.3280085416813,16.0295030536268,20.8320613690705,22.4978266029098,11.9359365690226,128.613470030374,27.8059434768007,95.8649046555549,8.31578457214907,3.98276934679902,10.7052942431912,3.98276934679902,12.476530930156,21.4146933225212,57.9380845477333,3.98276934679902,10.158210603122,21.0928851733641,19.5971970914848,44.6694731812911,92.2276401394997,9.15740880873046,157.419663476169,22.9797621079292,64.947822117007,43.2064062727179
11.6445752200878,64.2881247848834,68.6873740457655,12.9392000878452,7.06936369174073,9.99533093733715,31.0655737261677,39.8428909805533,8.75948590108755,37.8997219110375,55.278139253641,71.1312076639787,42.1381933186473,9.12439955101111,114.81599355279,56.9587970878796,37.3286931479497,86.8897261855758,136.488135308144,27.4774323248048,131.219038510328,9.22473792078456,57.8453745514836,44.3296225943192,7.06936369174073,7.06936369174073,52.3353188535272,77.21280360488,65.0421182021334,71.5589017282883,33.5609550727627,11.1239575508159,37.4685833453902,55.9878648931521,8.75948590108755,11.6445752200878,11.3295778654222,8.19621279273417,108.081375194656,14.413092421859,11.6223585012761,31.4332122817137,90.8174290680112,22.0169734869847,68.4621516965006,12.9392000878452,87.312568132536,130.979546515786,35.1820299276261,8.07806610025651,73.9567793536966,63.0315881275212,18.1651946068739,9.0150132931688,8.42325677789366,7.06936369174073,37.8446337698223,58.230171269648,41.0144644514981,12.2445951608908,51.4288566492631,120.839364722069,48.969524239745,61.5627328488198,58.1994717537185,74.8506547799872,7.06936369174073,47.5905417323313,40.2468184107868,122.402651394513,13.8454262617987,51.2090249899027,27.3294215910393,71.8787977870507,11.8210177336152,7.06936369174073,20.4928592030962,74.842990308334,34.3925827418169,87.3141432027203,77.3999116042564,12.4174473536764,44.0974290633946,47.7948398567525,103.45578358938,94.5864069994861,87.495067876067,75.3595310546595,69.4454115892257,77.732176297944,11.6223585012761,96.8095719836185,33.888115009043,148.620649116012,42.0419259372423,34.6898582394071,9.0150132931688,26.1711947781668,31.8101359130349,97.2251590574854,89.1697304705481,79.193107219475,26.0228899613105,78.6147946813328,13.953113058609,120.580448519792,38.7192873980205,91.1143125982084,98.9377210622542,54.7175077217589,34.875447749615,62.6413626796511,84.3795003113949,38.2110677224804,59.6713773726297,70.8104036104877,91.2412642132921,15.8207597182907,40.0120039360909,8.42325677789366,13.0872844856015,36.7284365074148,35.2737751053968,74.5128921205367,70.610507138837,9.40407687769201,88.3565331790559,30.4241911851992,72.7415869507914,105.191557707229,50.9413942944325,15.8618208267122,16.4410648354581,114.500670216626,23.354623076251,10.0564826765656,9.08829791150465,9.18553699864132,9.82928734532135,49.3768974269169,69.2417184401704,100.075067636645,12.1862839032243,93.1714729774957,104.623769206373,66.7809351428453,50.9684225226477,77.0007805513335,94.2824619652394,40.472020583901,89.5525210004971,141.380171445735,26.3415499609013,63.9060610859949,38.7531509960799,88.7609513223371,41.2891585780974,22.0169734869847,57.3932745215914,17.6561556777113,17.8906781993575,30.4241911851992,49.347705008124,7.06936369174073,124.055070942227,7.83071196157597,95.2659378101163,64.0163693040379,49.1758775763267,50.1322313613532,71.188258941515,48.4388121918617,96.9675568136126,43.8080881817218,77.2495559263599,35.0444343642416,115.042692101397,47.5905417323313,11.0156642188846,122.279480945442,121.230750668586,92.937322902868,9.73668983653886,17.3932205404877,11.6394081435671,68.6209965061435,50.6077826106551,90.0691999949617,60.28583758597,26.6817556820664,10.1406733328063,51.7206608296585,47.2155640820412,45.5933981150597,90.0202392510392,7.87703885633351,134.375203003617,47.7948398567525,67.5050224632031,53.4198802767701
9.84341492540423,60.8884240023933,70.2477933443198,12.1514810835491,12.534253377434,9.95187455398045,49.2882235538639,51.6998419905357,11.4532227157481,44.0223401497974,55.0378082405199,72.7471452465451,54.6782094051363,28.2226889591459,107.917546419484,55.7889726553649,41.5792514312761,92.607084378749,132.308507492693,40.1368897976622,134.715655670361,14.0037693066959,54.4377956033026,42.98747422674,10.3263750441066,12.534253377434,57.9001402250802,72.11151367131,61.0824520527845,67.2025036174901,29.8584996407689,9.23828519358608,48.6189578841396,51.7864218679135,12.7903215563682,9.84341492540423,12.534253377434,11.3228404018077,109.485339190827,14.1245957727798,12.4093111731311,45.9151845930941,60.9098592355538,22.2419116198438,71.6791298780376,12.1514810835491,62.4498492434161,129.9798022025,51.3911649884561,8.46990239123719,49.6016796134484,61.4450054449744,18.4069275424056,10.4985103919196,11.9590624036968,16.6861199076529,37.1671283785643,55.150828708446,67.8408904927638,13.9186572775156,67.0369456898941,124.513718480208,47.7369010195566,57.8148864369714,59.4221369153132,45.6318826694075,12.534253377434,69.1213024591034,56.0999747912983,120.607152281005,15.5811697943675,66.750397553894,27.879983627262,74.175326344188,9.26266475242202,15.6588500157266,20.2663466890269,53.531050130001,47.9216711081714,101.615181870315,79.8728398221946,10.745376887206,43.5991636013889,69.418028487762,111.586442510437,102.020015708435,53.3404107580369,45.9421135221281,65.2176795734433,80.2157203773194,12.4093111731311,90.4135641717479,50.5947724016233,144.069491628269,69.5403860993036,32.12870411538,10.4985103919196,43.1524139848233,46.4657652322762,90.8016942688251,85.035143529658,92.16401487556,52.0265697798248,47.9266493729763,13.6509776351501,118.103957407376,32.7302631715765,61.1089744738868,96.9057300562401,57.9879706389572,47.73811956757,66.6544662592181,56.5920389849897,63.2038695528472,65.2292491841912,69.3837018379685,65.4344952166361,9.64495305121834,48.7969337214459,10.2211876247765,12.9901956686933,40.0227182806617,48.7297409166497,76.8935800270967,43.046923055752,13.4925512133109,90.053979195642,71.8115129375365,67.8488355152361,101.970313900569,56.7420089750536,16.8098811272068,16.705456455411,114.949589040041,103.724117327461,10.2417241000393,9.18178588541224,9.48627210867541,11.9054896648004,54.9993653641442,71.4539922766668,103.369124681941,11.8578160630793,100.493881079485,103.458678525863,75.9111213324625,73.1272255738162,74.6694619911674,92.4416784983833,58.0674549492279,85.4001849790853,137.050736540688,26.9118550935335,60.0155563820423,34.2458934803425,90.097525252504,35.729369945419,22.2419116198438,65.5784645228195,19.1268623589605,18.5939789288801,135.121957043945,74.9131176064759,31.396931845081,121.555567603898,7.52689145321486,62.9295592446951,60.1191492019855,48.9620771727927,58.2309850884449,77.8188284893644,128.133404786107,104.588301672005,72.4617461858623,74.5361971541193,47.9694313853358,78.8272754661589,65.3325985771881,12.4379654625352,123.86787661869,117.518344337893,100.241328994578,7.79194619064541,13.7223635746063,11.1899422286528,46.0230517499295,48.3756677849734,60.4080334518568,58.6058558975245,36.6288840147157,11.2953755042011,60.0760219074969,67.7427912093646,45.3951731438762,104.764504901178,13.5143378259074,137.084739739989,65.6130603426362,61.2566275437477,53.9827752989647
3.98276934679902,20.208752941995,18.8805987410836,14.398893182062,3.98276934679902,9.94489965848682,15.2064618915358,27.3642790287774,3.98276934679902,14.6860982869882,54.9992343056703,19.5523530856988,28.9407031307751,3.98276934679902,115.289568072057,53.8833043623103,39.8596742697576,81.4098631150919,136.491975764556,15.5783801617157,141.646871746543,3.98276934679902,63.3316455962835,41.0909465407842,4.00798858457927,3.98276934679902,18.7458741750508,17.5675992460135,72.3796298047304,79.6315827266017,29.0047300358173,10.1934426913814,25.7335937288459,50.2417570325003,3.98276934679902,3.98276934679902,4.0581168850055,3.98276934679902,114.371041329356,15.339535756926,12.7488477609978,17.8211167928671,19.9551503325288,22.4071729836416,67.9794831141186,14.398893182062,69.7551043269413,128.840477261181,19.9465157659091,8.35444175844039,16.2503900986612,68.2561503963223,17.3073735823431,4.14888639482475,3.98276934679902,3.98276934679902,37.2719563769855,18.3044558990632,24.5461721020162,4.87149757106329,48.9400379731148,125.859174434416,53.0285101587815,68.5077290920538,55.8834131223414,19.815185343615,3.98276934679902,22.0262920705397,17.5676263122836,115.495006016056,4.17099968734386,48.7308447213542,26.9471133414998,84.4184631847956,9.14388680126141,4.52200114745777,19.5828771225896,59.7930024137346,17.389494554952,92.6383535655735,90.9027667327997,6.69649030170469,45.2841271288061,22.120847206795,104.909301657553,95.9153133864215,23.1625360087028,19.9498999660754,77.2796661825263,91.292996893504,12.7488477609978,22.0262920705397,16.467184185172,148.624830952942,25.1610831290051,33.9527183755629,4.14888639482475,12.717316517696,18.0348143302223,22.120847206795,84.9112637696078,84.0221159763442,13.1576307218159,20.8116646666576,18.6539557062336,114.069701958619,13.2430756866694,20.0203840166039,93.5955745112675,61.0841844743557,15.857193655145,66.176617294536,18.5405558269722,22.8684064771091,60.7775411784401,73.9954440496456,23.0926771770579,4.18822369712316,15.9340286105698,3.98276934679902,14.2835223736602,16.0318375209003,17.1405152340843,87.5120902676449,18.6926926728341,3.98276934679902,96.0734162584185,17.1405152340843,76.8075329354231,105.194517551257,54.3953514626294,17.7074291176601,16.1091092497846,119.061006750175,13.1576307218159,10.2229564516434,9.85860772809847,9.87472261264476,4.00147113357776,52.7247776954722,81.3213303359751,108.80467470851,11.787652488495,94.480500029561,113.239593135937,26.5687153447741,21.5859008298242,71.3751837273474,90.5947999709619,17.1405152340843,85.2757734242349,141.384149552584,28.3382965350409,71.1154121596716,37.8053045343133,85.2673946479913,22.2664483374608,22.4071729836416,19.4252136921188,19.3589923875285,18.7282440735204,17.1405152340843,21.3058114527465,3.98276934679902,121.403954826997,9.90886787663521,22.7144690722526,71.2381644347675,48.9277614898951,19.4261815125469,72.5079180294563,34.5782078590658,98.3299175339626,26.2180888218222,76.6069551043406,15.9340286105698,18.8805987410836,22.0262920705397,9.65838063692786,129.395388833236,121.234161817933,94.2430602271642,7.87055886242172,3.98276934679902,9.92565713288442,15.0779681312335,53.8832544987982,19.7907433041742,54.6932779436224,12.3490954760179,10.828236989697,20.0416960893619,19.9965082977852,45.3633573701869,95.5094609636559,3.98276934679902,145.262755825316,22.120847206795,61.4511155175709,53.0158209211094
3.98276934679902,20.208752941995,19.0338503665131,12.9991466432426,3.98277455317503,9.44718228406433,15.2064618915358,20.1452662325783,3.98276934679902,14.6860982869882,52.2466600782868,19.7110572630635,21.3058114527465,3.98276934679902,116.265482953635,55.8955773408791,39.5975905511545,82.5761850933101,133.764228306535,15.5783801617157,128.100003433231,3.98276934679902,57.4226770771928,41.8623641530404,4.00798858457927,3.98277455317503,18.7458741750508,17.5675992460135,65.3434545224234,71.8904299245839,30.3501520141782,9.86498187504107,18.9447745450713,55.6798807671374,3.98276934679902,3.98276934679902,4.0581168850055,3.98276934679902,105.525053306743,14.2248843169585,12.8014364890639,17.8211167928671,19.9551503325288,21.9786166355849,63.3446042425594,12.9991466432426,71.3267343230846,126.757639911909,19.9465157659091,8.26788065456976,16.2503900986612,59.6908015046549,18.8594787807212,4.01971937584346,3.98276934679902,3.98276934679902,38.936368828633,18.3044558990632,24.5461721020162,6.64012163130302,48.680052246891,119.841378083085,46.3740520904905,61.84794938076,61.8634284406985,18.8431465210179,3.98277455317503,22.0262920705397,17.5677074941456,122.155784328751,4.17099968734386,48.4719702991206,26.1741300195753,70.6932224358719,9.71642664798758,4.52200114745777,20.0999040734371,61.1401794706629,17.389494554952,95.4069496092456,76.1232705055379,4.09064204389295,43.6338242234312,22.120847206795,114.382833354636,104.576668931119,22.0262920705397,18.9712526843227,69.7671481096183,76.4500547955037,12.8014364890639,22.0262920705397,16.467184185172,145.654612355404,25.1610831290051,32.9267616846243,4.01971937584346,12.717316517696,18.0348143302223,22.120847206795,91.2320475625314,86.5332065659282,13.1576307218159,19.7907433041742,13.9492741420577,118.329637046885,13.2430756866694,20.0203840166039,97.0909029387197,50.4877360516326,15.857193655145,67.9120925655255,18.5405558269722,22.8684064771091,61.3478220198662,69.6464538098911,23.0926771770579,3.98276934679902,15.9340286105698,3.98276934679902,13.6310616023722,16.0452964487989,17.1405152340843,73.2838697806685,17.7757180060932,3.98276934679902,94.0572155268018,17.1405152340843,66.6266947499371,103.092239551097,54.0376933470721,14.6356706754551,17.0990993819228,111.296888901176,13.1576307218159,10.5947074219364,10.2387606135214,9.22328033338127,3.98276934679902,52.378103869002,68.0996393127601,103.941475812144,12.8126246741253,103.012288895223,108.660019766701,36.2146339812832,21.5859008298242,72.7151400544826,89.9608769948305,17.1405152340843,91.6236912699925,138.558633602755,27.8414258296408,64.2021341202714,35.2256969579343,89.5842324879896,13.6017623611283,21.9786166355849,19.4252136921188,16.4815654246694,17.4168405505407,17.1405152340843,21.3058114527465,3.98276934679902,121.471369765561,8.14563792164913,22.7144690722526,64.3129533898213,46.4790493036098,19.4261815125469,73.1882659952039,21.6900605161634,107.209316937176,26.2180888218222,78.7056749894773,15.9340286105698,18.8805987410836,22.0262920705397,10.9341994731948,119.387347929735,118.811336777328,102.75340777677,8.73018707578101,3.98276934679902,10.5683621468464,15.0779681312335,54.8918815387181,19.7907433041742,56.8675200428557,12.3490954760179,10.7570396036629,20.0416960893619,19.9965082977852,43.0930347022241,98.3638631154608,3.98276934679902,132.486835802837,22.120847206795,62.4440795209182,52.9262213026282
3.98276934679902,20.208752941995,18.8805987410836,14.6679204381843,3.98276934679902,9.51126724558875,15.2064618915358,20.1452662325783,3.98276934679902,14.6860982869882,52.6010752996957,19.5523530856988,21.3058114527465,3.98276934679902,108.916674168217,55.9379327774966,35.2842956180453,86.5120945374347,132.472785669863,16.9211019597028,131.873670960072,3.98276934679902,53.126904839437,41.1186501170966,4.3534425780454,3.98276934679902,18.7458741750508,17.5675992460135,73.7319624430315,81.1194100151811,31.4405568706886,7.85393660980873,18.9447745450713,55.4312799654931,3.98276934679902,3.98276934679902,4.0581168850055,4.02603423926168,111.138585939217,14.410920300653,14.2351530291193,19.3571431148503,19.9551503325288,21.7904520586774,65.0356045282943,14.6679204381843,75.003939243874,129.302087128522,21.6657331193666,8.21487264417134,16.2503900986612,52.351356241548,17.5187659678112,4.01971937584346,3.9924961828024,3.98276934679902,38.146842901222,18.3044558990632,24.5461721020162,8.24335197628737,53.6647311802242,124.008737230972,40.6720040635414,69.7877195849178,52.030082406577,19.1503124227574,3.98276934679902,22.0262920705397,17.5676263122836,123.312740258448,4.17099968734386,53.4353423181514,26.7610141236337,74.270506235054,9.91764554226188,4.52200114745777,20.5826792562842,64.2922229637674,17.389494554952,86.6189267042918,79.9753306173434,4.09064204389295,43.8490692416164,22.120847206795,118.453260507984,108.298133947676,22.3853470647933,19.2805068702628,78.723550534209,80.3186511480696,14.2351530291193,22.0262920705397,16.467184185172,144.248372593061,25.1610831290051,32.5033605913391,4.01971937584346,12.717316517696,19.5892595339253,22.120847206795,87.1705681402025,78.5625523897382,13.1576307218159,20.1133561706794,13.9492741420577,118.419302520977,13.2430756866694,20.0203840166039,97.1644745481599,59.5082685853974,15.857193655145,62.6231073117411,18.5405558269722,22.8684064771091,61.0919668416461,68.6065160186467,23.0926771770579,4.04769326682827,15.9340286105698,3.98276934679902,11.8057595342275,16.0452964487989,17.3267129482335,76.9922479119041,18.0654835420305,3.98276934679902,93.6435743852071,17.1405152340843,75.8721837005003,102.096923274452,48.1514637642462,17.2505937004526,16.258403255831,109.151049513988,14.3294365038372,10.4252472234687,9.57425407482613,9.22328033338127,3.98276934679902,46.6726504088432,71.5456802209203,97.5516130620059,13.2689213985573,106.67808388867,114.110657152467,44.9585099756001,21.5859008298242,71.4233049807052,92.8581399169606,17.1405152340843,87.5447766053202,137.220902810457,25.8884334071127,72.444124301599,42.4834431461864,87.3277577359211,13.6017623611283,21.7904520586774,21.8575758609059,16.7595769396452,16.6882430562645,18.6670328330941,21.3058114527465,4.33747090726294,120.733200837285,8.14563792164913,22.7144690722526,72.5691700660162,46.7943399370231,19.4261815125469,72.8830294566718,21.6900605161634,111.024467357519,26.2180888218222,77.9878595335656,15.9340286105698,18.8805987410836,22.0262920705397,10.29527392896,125.738302063442,117.664258608696,106.409990227537,8.73018707578101,3.98276934679902,11.9783141182646,15.0779681312335,55.9354197695607,19.7907433041742,58.0511503895143,12.3490954760179,9.5852944602862,20.0416960893619,19.9965082977852,43.3853563054095,89.3034761560328,3.98276934679902,134.501350232706,22.120847206795,62.4901746233368,51.8489309408693
3.98276934679902,20.208752941995,18.8805987410836,12.5467509065067,3.98276934679902,9.62914312582445,15.3095492265243,20.1452662325783,3.98276934679902,14.6860982869882,53.2529756082662,19.5523530856988,21.3058114527465,3.98276934679902,114.726067070864,56.4488349296175,38.0026382189673,84.294519303271,134.579087856365,15.5783801617157,127.124140896398,3.98276934679902,55.3228720414983,40.8503446386397,4.00798858457927,3.98276934679902,18.7458741750508,17.5675992460135,63.0693744569518,69.3885023055968,31.0650158149739,10.3140354603444,18.9447745450713,51.590357057464,3.98276934679902,3.98276934679902,4.0581168850055,3.98276934679902,102.447485360297,13.9996395554486,12.8440510801871,17.8211167928671,19.9551503325288,21.6810111915222,63.1408363677279,12.5467509065067,71.3267343230846,129.789140558681,19.9465157659091,8.32882954493552,16.2503900986612,59.4382132553133,17.4730742182675,4.01971937584346,3.98276934679902,3.98276934679902,38.6381965391487,18.3044558990632,24.5461721020162,7.48052050598426,50.8957265440942,123.493020725567,46.1778151438061,59.695519733368,53.1943768810426,18.8431465210179,3.98276934679902,22.0262920705397,17.5676263122836,121.571746550184,4.17099968734386,50.6781737391224,27.3157360756513,74.4416278766989,9.90800965069679,4.52200114745777,21.4002179425018,61.1401794706629,17.389494554952,92.2763055284765,80.1595963583499,4.09064204389295,42.5434746911741,22.120847206795,110.57004402398,101.090754167145,22.0262920705397,18.9712526843227,67.3391148521106,80.5037079106513,12.8440510801871,22.0262920705397,16.467184185172,146.541905268892,25.1610831290051,32.6585374555918,4.01971937584346,12.717316517696,18.0348143302223,22.120847206795,83.4599567826818,83.6937418095858,13.1576307218159,19.7907433041742,13.9492741420577,119.500870492952,13.2430756866694,20.0203840166039,98.0519141922707,54.6432790907833,15.857193655145,68.016398791324,18.5405558269722,22.8684064771091,60.3942868500647,70.1322669756587,23.0926771770579,3.98276934679902,15.9340286105698,3.98276934679902,12.3040341042326,18.5997683572973,17.1405152340843,77.1696405341506,17.7757180060932,3.98276934679902,88.3552809778935,17.1405152340843,66.5799534095329,103.720252712576,51.8611077561234,15.8403030110483,17.4154985523696,109.166882903711,13.2671296534362,10.3855437592427,9.52438298666556,9.22328033338127,3.98276934679902,50.2683649238132,71.710523775551,95.8340084010509,12.9129800212954,99.5785205183864,105.525298336744,40.7980948476304,21.5859008298242,70.9572569961228,86.6764468309479,17.1405152340843,83.818236222552,139.402699518075,25.0378531845376,61.9677742378514,35.1838065052714,75.1449644600852,13.6017623611283,21.6810111915222,19.4405407149156,17.5171948910167,16.6306413123784,17.2831600722953,21.3058114527465,4.01591429497281,122.159017298729,8.14530469053015,22.7144690722526,62.0747367799969,47.3742756982313,19.4261815125469,72.0506936520387,21.6900605161634,103.635646590179,26.2180888218222,77.1280133894084,15.9340286105698,18.8805987410836,22.0262920705397,11.5048172277185,115.905495386798,119.535106903517,99.3282688344151,8.73018707578101,3.98276934679902,12.8416763195262,15.0779681312335,47.3746049639299,19.7907433041742,58.5040916899302,12.3490954760179,10.3237565385954,20.0416960893619,19.9965082977852,43.9230435485276,95.1361921010827,3.98276934679902,134.631330523103,22.120847206795,60.5045006554489,50.5321473619057
3.98276934679902,20.208752941995,18.8805987410836,13.95470644021,3.98276934679902,10.0211228822425,15.2156124025117,20.181279968992,3.98276934679902,14.6860982869882,55.4207789252074,19.5523530856988,21.3438998983833,3.98383958366919,111.664058246535,55.5029799744387,37.3932493525314,89.4738117730346,132.809041656188,15.5783801617157,138.424936895864,3.98276934679902,55.2710491369781,40.4343683257971,4.00798858457927,3.98276934679902,18.8211485732423,17.5675992460135,70.1468143005867,77.1750541009214,28.8674550460204,10.1535810954913,18.9786421598749,54.2022505974548,3.98276934679902,3.98276934679902,4.0744123270562,3.98276934679902,109.430896882223,14.444805741505,12.5044951768575,17.8211167928671,19.9551503325288,21.6470580504913,77.7633279933881,13.95470644021,72.1098933019223,130.431893650994,19.9465157659091,8.4180844450465,16.2503900986612,64.0200396155753,18.966576644188,16.3081399234318,3.98276934679902,3.98276934679902,38.2659758074845,18.3044558990632,24.5461721020162,4.47072866809493,49.8695854854606,122.860822855126,49.7374566454168,66.3943565854094,53.5230518357849,18.8431465210179,3.98276934679902,22.0262920705397,17.5676263122836,119.835737948052,4.17099968734386,49.656418900723,27.155988236507,80.5790664216505,11.8055943633893,4.52200114745777,20.9454389804213,61.8114913002962,17.389494554952,89.2344261447354,86.76846038336,4.09064204389295,44.2098210454759,22.120847206795,103.952429834428,95.0404752230219,22.0262920705397,18.9712526843227,74.8956910603418,87.140942668074,12.5044951768575,22.0262920705397,16.467184185172,144.614518579625,25.1610831290051,33.2414619561951,16.3081399234318,12.717316517696,18.0348143302223,22.120847206795,87.4117681060204,80.9347857991485,13.1576307218159,19.7907433041742,14.957412530988,117.498517554315,13.2430756866694,20.0203840166039,96.4089593107543,57.0669825139687,15.857193655145,62.0092554632765,18.5405558269722,22.8684064771091,59.5222927176532,74.4223532085157,23.0926771770579,3.98276934679902,15.9340286105698,15.0819292956026,13.3299751714639,16.0452964487989,17.1405152340843,83.5319936935797,17.7757180060932,3.98276934679902,88.0394709915152,17.1405152340843,72.9041018474571,102.356076137154,51.0294922907571,16.5428998769572,16.4894709204916,115.065725243733,13.1576307218159,10.6666221812654,9.39518343647944,8.94013374668851,3.98456216718248,49.4622897839241,77.6227928278576,100.558548705646,12.9438470877466,93.6187487178601,110.940623956749,24.382957321358,21.5859008298242,70.2347040190116,97.7679968384804,17.1405152340843,87.7870120016845,137.56921095379,24.8834610265334,68.9215960917797,31.9092365325066,84.3643338924192,13.6017623611283,21.6470580504913,19.4252136921188,17.2828334596394,16.936542469185,17.1405152340843,21.3058114527465,3.98276934679902,120.891144838592,7.83183757430675,22.7144690722526,69.0405616221279,49.3027709761623,19.4261815125469,71.0104001842686,21.6900605161634,97.4330559023262,26.2180888218222,74.7814554647232,15.9340286105698,18.8805987410836,22.0262920705397,11.9359365690226,123.806282498282,117.96292607563,93.3834745905085,8.31578457214907,3.98276934679902,10.7052942431912,15.0779681312335,50.9064113531952,19.7907433041742,57.9819828720752,12.3490954760179,10.158210603122,20.0416960893619,19.9965082977852,45.7110472874186,92.0000368362773,9.15740880873046,145.384226143611,22.120847206795,59.9822706368789,52.783782590706
11.6445752200878,53.118178870465,75.4721749408766,32.4978810916338,7.06936369174073,9.99533093733715,8.19621279273417,37.1038917108792,8.75948590108755,10.2957984031418,55.2979379620412,68.9481530414512,38.1353985934933,9.12439955101111,111.292229600271,115.869794648654,10.1406733328063,87.1817017529123,131.803585434058,31.8714696903831,127.191856377602,9.22473792078456,71.2277164054744,90.1785945186176,7.06936369174073,7.06936369174073,57.0470666019577,42.7425672687163,62.59978611728,71.5845316400019,17.5572010666238,27.9387479365426,41.3898099213286,14.7716072627555,35.8375630060299,11.6445752200878,11.3295778654222,8.19621279273417,104.764300264023,36.1996847184011,11.6223585012761,16.6800347283272,74.6368138477333,22.0169734869847,18.5983557812651,12.9392000878452,87.3438404600686,126.484062591464,30.7121330555291,8.07806610025651,18.1258906407513,64.8982274236095,45.6234025544685,9.0150132931688,8.42325677789366,7.06936369174073,19.7981804435822,41.6695329754311,39.1832522502206,12.2445951608908,51.7731925283057,116.691912421432,12.0018238876281,50.8663188755381,15.81040699328,80.1944682629914,7.06936369174073,47.6075870104664,22.2793664128283,118.646048874861,13.8454262617987,51.2273662829876,72.4469117656304,76.4433275037852,11.8210177336152,7.06936369174073,20.4928592030962,82.2358306183805,31.4826226931203,87.9577126389612,77.427633562715,12.4174473536764,116.896822781437,48.1148446024931,104.837975707586,95.3475966424595,87.5264055686653,82.6050989487479,67.6589454590817,78.2526229693135,11.6223585012761,96.8442458078813,29.5374821475469,151.321721271334,34.715607463142,18.1477796076264,9.0150132931688,35.6252568542986,7.06936369174073,97.8761187091345,89.2016679690882,79.0571273700011,35.6768063022937,82.8944096889146,13.953113058609,131.436303977709,49.9297862733529,87.692969394772,26.1033200996816,72.3944733802964,39.571920112542,44.8261832464543,66.6268202334081,39.2436283554322,60.8619820701433,18.6823247188921,91.8521593986956,56.5442952625047,10.0011482767738,8.42325677789366,13.0872844856015,37.0169315640584,38.08022436664,69.3210286385258,51.586214472046,9.40407687769201,89.0675875480552,32.8447982401714,17.8280620333536,28.5762274036812,51.8139193162956,15.8618208267122,16.4410648354581,110.986583705123,32.0186714463026,25.257695684767,22.8260188302419,23.0702429144027,9.82928734532135,47.1723196459167,69.7989452194752,97.0037105462951,12.1862839032243,92.3898691670507,101.412810043818,61.5223071073982,50.4212712724255,20.3155682289474,67.4685660750097,43.6920522343078,90.1521094037448,142.517936645199,13.7804150110556,48.2722744443751,10.527640046508,88.7927424103927,53.2437191319894,22.0169734869847,56.9118095342252,17.6561556777113,44.9339316823433,32.8447982401714,44.6600637556556,7.06936369174073,130.808353775605,7.83071196157597,89.3527672682952,64.5315447805232,49.0914393131324,47.8939294604534,70.0322761314589,51.4063445856396,97.9186426758862,44.6042683078979,18.932909396599,8.75948590108755,126.406378240068,47.6075870104664,31.9128010124673,123.098188871371,130.555072587509,81.3632936063871,39.8355838946906,17.3932205404877,33.7198110443275,81.9368481527853,12.4033407239738,94.9723674150612,15.9055666442307,8.60526820411152,10.1406733328063,52.6065331412867,47.450601215791,47.2343956574178,87.5263618282361,28.1529849904621,135.456595309801,48.1148446024931,68.0482730800487,65.0397581593207
9.84341492540423,50.3091699769153,77.1867293246727,30.5194590592485,12.534253377434,9.95187455398045,13.0040015350831,48.1457367042637,11.4532227157481,11.9590624036968,55.0575208707034,70.5144966395319,49.4842124406083,28.2226889591459,104.605499481159,113.490051330667,11.2953755042011,92.9182719861666,127.767410929859,46.5553568299626,130.581160495932,14.0037693066959,67.0318049979983,87.4482971161024,10.3263750441066,12.534253377434,63.1128887344158,39.9186544205491,58.7888054651008,67.2265732187982,15.6202849592367,23.2027244090449,53.7071126187962,13.6631158704849,52.3288649379319,9.84341492540423,12.534253377434,11.3228404018077,106.125175857897,35.4751013026211,12.4093111731311,24.3648936260933,50.0577683370796,22.2419116198438,19.4722766744621,12.1514810835491,62.4722166090964,125.518631532487,44.8618883063582,8.46990239123719,12.1567573402723,63.2646591316291,46.2305350001767,10.4985103919196,11.9590624036968,16.6861199076529,19.4437477895577,39.4659542532862,64.8119330730518,13.9186572775156,67.4857836988719,120.24015489967,11.6997232028007,47.7696540288072,16.1425549190055,48.8896800872177,12.534253377434,69.1460593074725,31.0551726441754,116.905654584794,15.5811697943675,66.7743052265222,73.9063835340637,78.8856928468331,9.26266475242202,15.6588500157266,20.2663466890269,58.8187397801582,43.8670134676446,102.364160476884,79.9014474975992,10.745376887206,115.575982754086,69.8828087574023,113.077262027582,102.841027752308,53.3595154394318,50.3592947076248,63.5399708094187,80.7527953268469,12.4093111731311,90.4459471682929,44.0993010727612,146.687849807857,57.4221254816547,16.807928050343,10.4985103919196,58.7407584989149,10.3263750441066,91.4096463652103,85.0656001628451,92.005763112121,71.3272759238959,50.5356698347241,13.6509776351501,128.736854418138,42.2067438387556,58.8143319690679,25.5672079768211,76.7214877210137,54.1667326370515,47.6979617127793,44.685588255205,64.9117995176541,66.5307483939213,18.3059096099226,65.8726042063768,34.4716108980896,12.1969739476079,10.2211876247765,12.9901956686933,40.3370893096348,52.6067726487929,71.5358364369275,31.4489711955957,13.4925512133109,90.7786938607485,77.5249747609486,16.6289092548217,27.7011477152713,57.7138870185827,16.8098811272068,16.705456455411,111.421724970912,142.203469648067,25.7229449824379,23.060821680412,23.8255642464491,11.9054896648004,52.543755855054,72.0290224590734,100.196671227621,11.8578160630793,99.6508505051259,100.283476616408,69.9335418034061,72.3421972971373,19.7004827592503,66.1513007175442,62.6874131350928,85.971971903413,138.153660359511,14.0787665288012,45.3335311138542,9.30320323290795,90.1297950548913,46.0741900210575,22.2419116198438,65.0283350023111,19.1268623589605,46.7003301710069,145.872519335354,67.796964577975,31.396931845081,128.172783020939,7.52689145321486,59.0235123984738,60.6029615717394,48.8780060191576,55.6310903485668,76.5551758959456,135.98330886554,105.614134005501,73.7786856967099,18.2678987673564,11.9901366800711,86.6136754642956,65.3559984434955,36.0332621727299,124.697219461591,126.557130849913,87.7576890288129,31.8790812269222,13.7223635746063,32.4176910795636,54.9537895799013,11.8562770256695,63.6965127716465,15.4623272072974,11.8133669582987,11.2953755042011,61.1050049782256,68.0800120344805,47.0290361732567,101.862159432449,48.3010122087808,138.187937201547,66.0523648942392,61.7495938369915,65.7250939542146
3.98276934679902,16.6975185092712,20.7455863755415,36.1640221424008,3.98276934679902,9.94489965848682,4.0120101623182,25.4831218529198,3.98276934679902,3.98960994084555,55.0189331200109,18.9522809628317,26.191565478904,3.98276934679902,111.751269865483,109.613400048092,10.828236989697,81.6834246972639,131.807294078209,18.0695876266857,137.299653861623,3.98276934679902,77.9832186583775,83.5902403320354,4.00798858457927,3.98276934679902,20.4335648659943,9.72486760570269,69.6617740975632,79.660103992099,15.1736407983001,25.6016821944101,28.426710004254,13.2555778737269,16.2946489116072,3.98276934679902,4.0581168850055,3.98276934679902,110.860933197398,38.526524487223,12.7488477609978,9.4567759839018,16.3998128548333,22.4071729836416,18.4672345442439,14.398893182062,69.780088181113,124.418410535979,17.4122996159404,8.35444175844039,3.98276934679902,70.2775116901504,43.4689134466533,4.14888639482475,3.98276934679902,3.98276934679902,19.4985878929368,13.098675687408,23.4502355720873,4.87149757106329,49.2677102585552,121.539432074259,12.9966310645192,56.6046345277244,15.1812289530166,21.2298510525347,3.98276934679902,22.0341811228799,9.72488258873421,111.950402809637,4.17099968734386,48.748298416391,71.4334599467034,89.779301091262,9.14388680126141,4.52200114745777,19.5828771225896,65.6992351374923,15.9181675888498,93.321166347004,90.9353249447008,6.69649030170469,120.042612374931,22.2689547453325,106.310913098177,96.6871974812756,23.1708320241338,21.8680163962271,75.2916657801306,91.9042384490016,12.7488477609978,22.0341811228799,14.3530898298736,151.325979110108,20.7764574476895,17.7621495570013,4.14888639482475,17.3113100598026,4.00798858457927,22.2689547453325,84.9416760333701,83.8778443966058,18.0388205674791,21.9446055183283,18.6539557062336,124.339395029027,17.0773788226032,19.2686184286063,24.6938701958166,80.8179603020799,17.9925890854672,47.3560128097116,14.6397913658221,23.486369221257,61.990216823222,19.522652646614,23.2472914892026,14.9689497579411,3.98276934679902,3.98276934679902,14.2835223736602,16.1577646311589,18.5042475301681,81.4144766498558,13.6563989178671,3.98276934679902,96.8465726953829,18.5042475301681,18.8245750361193,28.577031471782,55.3270359184938,17.7074291176601,16.1091092497846,115.406961083235,18.0388205674791,25.6758084669038,24.7607162345196,24.8011901122119,4.00147113357776,50.3707238874609,81.9757684985844,105.465401330823,11.787652488495,93.687914955225,109.764209751244,24.4765764569465,21.3541739675505,18.831333974594,64.829673732392,18.5042475301681,85.8467273655859,142.521946766095,14.8250003336501,53.7179515473039,10.2701490783582,85.2979344654576,28.7133126993683,22.4071729836416,19.2622580088472,19.3589923875285,47.037548289256,18.5042475301681,19.2819280590453,3.98276934679902,128.012916780831,9.90886787663521,21.3045786908776,71.811457729992,48.8437492585773,18.5588421217797,71.3305060786475,36.6965907693264,99.2943658244856,26.6945835088231,18.7754158939429,3.98276934679902,20.7455863755415,22.0341811228799,27.9806985075437,130.261740486002,130.558746101433,82.5064198119973,32.2007081591039,3.98276934679902,28.7550087498756,18.0038362618474,13.2061183159698,20.8681074618886,14.4300487835666,3.98276934679902,10.828236989697,20.384970582743,20.0960500926719,46.9960752862705,92.8635127819685,14.2346442217624,146.431766349678,22.2689547453325,61.9456469641602,64.5478079221051
3.98276934679902,16.6975185092712,20.9139758888265,32.64844186942,3.98277455317503,9.44718228406433,4.0120101623182,18.7603800423329,3.98276934679902,3.98960994084555,52.2653730161994,19.1061144245233,19.2819280590453,3.98276934679902,112.697233399919,113.706914460695,10.7570396036629,82.8536658674997,129.173168450263,18.0695876266857,124.168546147116,3.98276934679902,70.7072292263777,85.1595150514888,4.00798858457927,3.98277455317503,20.4335648659943,9.72486760570269,62.8898072562118,71.9161785781757,15.8774897841923,24.7767254366338,20.927415648326,14.6903500017163,16.2946489116072,3.98276934679902,4.0581168850055,3.98276934679902,102.286433255443,35.7269843526894,12.8014364890639,9.4567759839018,16.3998128548333,21.9786166355849,17.2081282479875,12.9991466432426,71.3522810805021,122.407060392684,17.4122996159404,8.26788065456976,3.98276934679902,61.4585055878548,47.3671552109165,4.01971937584346,3.98276934679902,3.98276934679902,20.3693147243995,13.098675687408,23.4502355720873,6.64012163130302,49.0059838283879,115.728178709806,11.3657058096151,51.1019795486578,16.805753594913,20.1884154533634,3.98277455317503,22.0341811228799,9.72492752844677,118.406758290741,4.17099968734386,48.489331274336,69.3843768977549,75.1824643891978,9.71642664798758,4.52200114745777,20.0999040734371,67.1794836391905,15.9181675888498,96.1101689792269,76.150535215522,4.09064204389295,115.667863770246,22.2689547453325,115.911013271076,105.418255791347,22.0341811228799,20.7952754381329,67.9724053866317,76.9619171726978,12.8014364890639,22.0341811228799,14.3530898298736,148.30177895081,20.7764574476895,17.2254268126871,4.01971937584346,17.3113100598026,4.00798858457927,22.2689547453325,91.2647237113822,86.384623276088,18.0388205674791,20.8681074618886,13.9492741420577,128.982851991245,17.0773788226032,19.2686184286063,25.6160632260956,66.7982372700044,17.9925890854672,48.5979195816781,14.6397913658221,23.486369221257,62.5718763034294,18.3752330060578,23.2472914892026,14.2346442217624,3.98276934679902,3.98276934679902,13.6310616023722,16.1713292764398,18.5042475301681,68.1776413615754,12.9864808880912,3.98276934679902,94.8141464704448,18.5042475301681,16.329377689859,28.0059288518787,54.9632518289733,14.6356706754551,17.0990993819228,107.881128143445,18.0388205674791,26.609492059882,25.7155019386777,23.1650384501431,3.98276934679902,50.0395283404072,68.6476751434835,100.751456597006,12.8126246741253,102.148131713308,105.32518592617,33.362932531759,21.3541739675505,19.1848625231725,64.3760382066527,18.5042475301681,92.23714695091,139.673692311387,14.5650655713672,48.495917061731,9.56937561020564,89.6163184467472,17.5399170095985,21.9786166355849,19.2622580088472,16.4815654246694,43.7438488747937,18.5042475301681,19.2819280590453,3.98276934679902,128.084001639084,8.14563792164913,21.3045786908776,64.8305156440851,46.399241674513,18.5588421217797,71.9998062878555,23.0188700862613,108.260856946985,26.6945835088231,19.2897861444594,3.98276934679902,20.7455863755415,22.0341811228799,31.6767945250624,120.186691918195,127.949572296119,89.9569239231887,35.7176931289866,3.98276934679902,30.6169497833651,18.0038362618474,13.4533203112792,20.8681074618886,15.003691847922,3.98276934679902,10.7570396036629,20.384970582743,20.0960500926719,44.6440391669635,95.6388379490729,14.2346442217624,133.553031363516,22.2689547453325,62.9466019034059,64.4387186188907
3.98276934679902,16.6975185092712,20.7455863755415,36.839706552605,3.98276934679902,9.51126724558875,4.0120101623182,18.7603800423329,3.98276934679902,3.98960994084555,52.6199151768236,18.9522809628317,19.2819280590453,3.98276934679902,105.573963467501,113.793077020195,9.5852944602862,86.8028011490552,127.926050746504,19.6270299881589,127.826397809038,3.98276934679902,65.4176438608087,83.6465969944382,4.3534425780454,3.98276934679902,20.4335648659943,9.72486760570269,70.9633266339363,81.1484641687068,16.4479281781018,19.7258173854625,20.927415648326,14.6247601919583,16.2946489116072,3.98276934679902,4.0581168850055,4.02603423926168,107.727683583644,36.194229254679,14.2351530291193,10.2718683824986,16.3998128548333,21.7904520586774,17.6675035986154,14.6679204381843,75.0308030483003,124.864177015606,18.9130894287903,8.21487264417134,3.98276934679902,53.9017074490455,43.9998430682666,4.01971937584346,3.9924961828024,3.98276934679902,19.9562792364399,13.098675687408,23.4502355720873,8.24335197628737,54.0240370950056,119.752505632017,9.96820445993496,57.6622289773985,14.1344372028483,20.5175108531422,3.98276934679902,22.0341811228799,9.72488258873421,119.52820662717,4.17099968734386,53.454481000732,70.9401339693685,78.9869169601078,9.91764554226188,4.52200114745777,20.5826792562842,70.6428796597507,15.9181675888498,87.2573718837564,80.003975001389,4.09064204389295,116.238451654388,22.2689547453325,120.035822230196,109.169669515305,22.3933647181542,21.1342633839492,76.6984065620498,80.8564152585028,14.2351530291193,22.0341811228799,14.3530898298736,146.869981804023,20.7764574476895,17.0039272126156,4.01971937584346,17.3113100598026,4.3534425780454,22.2689547453325,87.2017896082727,78.4276552449824,18.0388205674791,21.208282657097,13.9492741420577,129.080590046242,17.0773788226032,19.2686184286063,25.6354740559676,78.7329311108214,17.9925890854672,44.8131196981508,14.6397913658221,23.486369221257,62.3109161252832,18.1008601100869,23.2472914892026,14.4666860054125,3.98276934679902,3.98276934679902,11.8057595342275,16.1713292764398,18.7052594918923,71.6276294015244,13.1981761114958,3.98276934679902,94.397176527568,18.5042475301681,18.5953325232452,27.7355422839836,48.9762028110577,17.2505937004526,16.258403255831,105.801145709164,19.645340364905,26.1838786261163,24.046538298536,23.1650384501431,3.98276934679902,44.5888117427136,72.1214482674214,94.5577021356506,13.2689213985573,105.783174811956,110.608540349486,41.4182768164819,21.3541739675505,18.8440300875276,66.4493206689889,18.5042475301681,88.1309223914022,138.325196052289,13.5433699560435,54.721611545788,11.5410072699528,87.3590355038417,17.5399170095985,21.7904520586774,21.674215396227,16.7595769396452,41.9139154498602,20.1522177997586,19.2819280590453,4.33747090726294,127.305648432054,8.14563792164913,21.3045786908776,73.1531747069128,46.7139909328701,18.5588421217797,71.6995262996984,23.0188700862613,112.113427466859,26.6945835088231,19.1138584665941,3.98276934679902,20.7455863755415,22.0341811228799,29.8258027600819,126.580168120578,126.714267946823,93.1581307391921,35.7176931289866,3.98276934679902,34.7016346291385,18.0038362618474,13.7090786070973,20.8681074618886,15.3159759948257,3.98276934679902,9.5852944602862,20.384970582743,20.0960500926719,44.9468820090177,86.8294555933648,14.2346442217624,135.583757716095,22.2689547453325,62.9930679588575,63.1270963495569
3.98276934679902,16.6975185092712,20.7455863755415,31.5122122138777,3.98276934679902,9.62914312582445,4.03920829943454,18.7603800423329,3.98276934679902,3.98960994084555,53.2720489734292,18.9522809628317,19.2819280590453,3.98276934679902,111.205063009938,114.832391936914,10.3237565385954,84.5777741963105,129.960060366182,18.0695876266857,123.222633350938,3.98276934679902,68.1216410311431,83.1007901607028,4.00798858457927,3.98276934679902,20.4335648659943,9.72486760570269,60.7011189163013,69.413354855665,16.2514662535332,25.9045609998744,20.927415648326,13.6113869398759,16.2946489116072,3.98276934679902,4.0581168850055,3.98276934679902,99.3033175072977,35.1612633323508,12.8440510801871,9.4567759839018,16.3998128548333,21.6810111915222,17.1527728824461,12.5467509065067,71.3522810805021,125.334513783326,17.4122996159404,8.32882954493552,3.98276934679902,61.198437102556,43.8850844252702,4.01971937584346,3.98276934679902,3.98276934679902,20.2133277798199,13.098675687408,23.4502355720873,7.48052050598426,51.2364929130336,119.254489563979,11.3176105644414,49.3235306765086,14.4507282093926,20.1884154533634,3.98276934679902,22.0341811228799,9.72488258873421,117.84064494245,4.17099968734386,50.6963248997379,72.4106331593497,79.168905364171,9.90800965069679,4.52200114745777,21.4002179425018,67.1794836391905,15.9181675888498,92.9564497496649,80.1883067399801,4.09064204389295,112.777482204943,22.2689547453325,112.047284232862,101.904287924409,22.0341811228799,20.7952754381329,65.6068326873976,81.0427110469382,12.8440510801871,22.0341811228799,14.3530898298736,149.20519776737,20.7764574476895,17.0851070062378,4.01971937584346,17.3113100598026,4.00798858457927,22.2689547453325,83.4898492387186,83.5500340702034,18.0388205674791,20.8681074618886,13.9492741420577,130.259531561904,17.0773788226032,19.2686184286063,25.869612470019,72.2962645459953,17.9925890854672,48.6725611570107,14.6397913658221,23.486369221257,61.599315538738,18.5034079472078,23.2472914892026,14.2346442217624,3.98276934679902,3.98276934679902,12.3040341042326,18.7458660879947,18.5042475301681,71.7926617697101,12.9864808880912,3.98276934679902,89.0663252697308,18.5042475301681,16.3179219662327,28.1765342436618,52.7493856449699,15.8403030110483,17.4154985523696,105.81649316373,18.1889411797375,26.0841600615542,23.9212828977424,23.1650384501431,3.98276934679902,48.0239849369525,72.2876184102002,92.8928116759291,12.9129800212954,98.7431687890598,102.286670765343,37.5854712912266,21.3541739675505,18.7210699102287,62.025698717084,18.5042475301681,84.3794313944829,140.524550896532,13.0983943002951,46.8081642630325,9.55799569410372,75.1718787748429,17.5399170095985,21.6810111915222,19.2774564551705,17.5171948910167,41.7692438619126,18.6582414655375,19.2819280590453,4.01591429497281,128.809083178342,8.14530469053015,21.3045786908776,62.5742868551731,47.2929309056785,18.5588421217797,70.880706289617,23.0188700862613,104.652135006907,26.6945835088231,18.9031208261362,3.98276934679902,20.7455863755415,22.0341811228799,33.3298960078655,116.681527039845,128.729010358163,86.9583375995788,35.7176931289866,3.98276934679902,37.2028279828094,18.0038362618474,11.6109289267214,20.8681074618886,15.4354781586534,3.98276934679902,10.3237565385954,20.384970582743,20.0960500926719,45.5039216908877,92.500584780481,14.2346442217624,135.714784030482,22.2689547453325,60.9914141635649,61.5238863633076
3.98276934679902,16.6975185092712,20.7455863755415,35.048410062737,3.98276934679902,10.0211228822425,4.0144243953783,18.7939180146816,3.98276934679902,3.98960994084555,55.4406287221809,18.9522809628317,19.3163984039218,3.98383958366919,108.23702886617,112.908263882474,10.158210603122,89.7744706437784,128.25076574478,18.0695876266857,134.176601906374,3.98276934679902,68.0578290638927,82.254580401859,4.00798858457927,3.98276934679902,20.5156162168052,9.72486760570269,67.5128008343561,77.2026955232367,15.1018262569065,25.5015664689739,20.9648276349573,14.300498154574,16.2946489116072,3.98276934679902,4.0744123270562,3.98276934679902,106.072404412721,36.279335367891,12.5044951768575,9.4567759839018,16.3998128548333,21.6470580504913,21.1251035048928,13.95470644021,72.1357205596689,125.955206284725,17.4122996159404,8.4180844450465,3.98276934679902,65.915951256605,47.6361404347699,16.3081399234318,3.98276934679902,3.98276934679902,20.0186028617469,13.098675687408,23.4502355720873,4.47072866809493,50.2034814472693,118.643990007811,12.1900346091649,54.8584566884502,14.5400157002647,20.1884154533634,3.98276934679902,22.0341811228799,9.72488258873421,116.157915368302,4.17099968734386,49.6742041042644,71.9871614232691,85.6960905588378,11.8055943633893,4.52200114745777,20.9454389804213,67.9171063034695,15.9181675888498,89.8921494782153,86.7995378304062,4.09064204389295,117.19476000568,22.2689547453325,105.341257256158,95.805319006584,22.0341811228799,20.7952754381329,72.9690178315264,87.7243846313836,12.5044951768575,22.0341811228799,14.3530898298736,147.242782227471,20.7764574476895,17.3900602664047,16.3081399234318,17.3113100598026,4.00798858457927,22.2689547453325,87.443075963536,80.795815371335,18.0388205674791,20.8681074618886,14.957412530988,128.076906826766,17.0773788226032,19.2686184286063,25.4361420330501,75.5029663907461,17.9925890854672,44.3738470790961,14.6397913658221,23.486369221257,60.7099227747553,19.6352865976271,23.2472914892026,14.2346442217624,3.98276934679902,15.0819292956026,13.3299751714639,16.1713292764398,18.5042475301681,77.7117027976672,12.9864808880912,3.98276934679902,88.7479737840144,18.5042475301681,17.8678924217263,27.8059434768007,51.90352625652,16.5428998769572,16.4894709204916,111.5342968927,18.0388205674791,26.7901119808617,23.5967874428042,22.4538921626314,3.98456216718248,47.2538994083152,78.2474667935318,97.4723533239576,12.9438470877466,92.8333927672823,107.535797159783,22.4629347478056,21.3541739675505,18.5304345140622,69.9628161720077,18.5042475301681,88.3747796464578,138.67630722578,13.0176250207763,52.060824046248,8.66842947576295,84.3945502649069,17.5399170095985,21.6470580504913,19.2622580088472,17.2828334596394,42.5375401516525,18.5042475301681,19.2819280590453,3.98276934679902,127.472190554378,7.83183757430675,21.3045786908776,69.5961695801733,49.2181148285331,18.5588421217797,69.8573055143223,23.0188700862613,98.38870751439,26.6945835088231,18.3280085416813,3.98276934679902,20.7455863755415,22.0341811228799,34.5788652464228,124.635212944973,127.035907073942,81.7538834105761,34.0222539215416,3.98276934679902,31.0136473093646,18.0038362618474,12.476530930156,20.8681074618886,15.2977271224156,3.98276934679902,10.158210603122,20.384970582743,20.0960500926719,47.3562792586783,89.4513120531403,32.7291000394678,146.554214207465,22.2689547453325,60.4649814683736,64.265296676948
11.6445752200878,66.3805639733437,64.8387409651145,12.9392000878452,7.06936369174073,9.99533093733715,32.793172878033,37.5641301673466,8.75948590108755,40.2360968316954,55.2033408585433,66.9435136737891,39.8091222051189,9.12439955101111,108.056453514471,26.1033200996816,39.6298662989433,82.2719044236735,123.462652470634,27.4421399908188,123.493805142099,9.22473792078456,73.6325704070267,20.3155682289474,7.06936369174073,7.06936369174073,59.348504987209,69.7818586179509,59.1041552655625,71.4620733784832,17.5572010666238,11.1239575508159,35.9333779227613,59.1014268301295,36.0486751467317,11.6445752200878,11.3295778654222,8.19621279273417,101.718321055435,14.413092421859,11.6223585012761,28.515716113016,69.4545565660757,22.0169734869847,72.6825851501666,12.9392000878452,87.1944230564472,118.479765261141,33.8239096228029,8.07806610025651,55.3703850218305,64.806430418195,18.1651946068739,9.0150132931688,8.42325677789366,7.06936369174073,19.7981804435822,56.9651313538201,42.0084966212517,32.2550549728003,51.1961914049414,109.307292225589,36.6627837932618,63.5664664340289,61.7872496936228,79.6017875630172,7.06936369174073,47.5261456402871,36.373472546545,115.196463499468,36.4720090234229,51.139732627036,67.8307940216607,74.287019444179,11.8210177336152,7.06936369174073,20.4928592030962,70.6494509227174,29.3015817662642,87.067568248511,77.2951796207478,34.7372065110791,109.448479094949,47.578614981904,100.144597136306,98.71248228644,87.3766758544748,77.3221093685967,68.4840274041127,77.380514274552,32.5129840220416,96.6785762462034,36.7722338939798,147.913479130689,31.5169323982114,18.1477796076264,25.2190623036716,27.9279017092879,33.2123698980935,96.7853103643558,89.0490724161971,80.5951487234261,7.87703885633351,77.6660845475171,13.953113058609,136.738812471274,34.8035515121567,82.7961116208369,104.439783393415,78.0691542489122,41.1511491515354,61.280490430029,75.3800643668971,41.230542436365,50.7558277353144,74.7482672501241,90.8284867880582,71.9640578010485,10.0011482767738,8.42325677789366,13.0872844856015,34.3820480667379,18.4969019729849,71.259768679568,59.1184945617154,10.9568930250029,92.2108471291883,15.9538716873511,54.4605878157803,111.676220520032,51.0332256530041,15.8618208267122,16.4410648354581,107.759694148794,7.06936369174073,10.0564826765656,9.08829791150465,9.18553699864132,9.82928734532135,50.5736026659435,72.2622004771269,94.1833673116693,12.1862839032243,94.8995202706215,98.4642740434867,62.8114222285371,49.8427412785501,81.2828995408631,92.2341925690146,21.2227637997983,89.1473834855743,147.547497702992,13.7804150110556,55.6360891018896,41.1421366012049,88.6408463984758,37.1135280123954,61.5914151260648,58.4577451101868,73.0291570212251,17.8906781993575,15.9538716873511,46.620148243072,7.06936369174073,122.557995189105,7.83071196157597,90.558600533644,66.8089096671298,50.0464914943304,51.3472429769174,71.4498354541748,49.3094062524786,102.991422257167,43.5996395895461,57.8356398397462,8.75948590108755,108.596716888928,47.5261456402871,48.8109164838311,121.72628596575,28.5762274036812,89.1681290632506,40.0702476018935,17.3932205404877,51.5747545974494,18.1258906407513,37.8893244505922,88.9822600223234,63.6384156777528,31.6522047334135,10.1406733328063,51.8138969614134,48.0746841571093,47.1018329858587,88.4178691067121,35.8303703268389,140.236956524878,47.578614981904,70.4497458517573,51.6667110225689
9.84341492540423,62.8702102954686,66.3117281640212,12.1514810835491,12.534253377434,9.95187455398045,52.0292092494502,48.7429387368407,11.4532227157481,46.7361513940088,54.9633350440326,68.4643164719863,51.6560238761567,28.2226889591459,101.564137340424,25.5672079768211,44.1424554698649,87.6854091897034,119.681899401727,40.0853375091094,126.784566628541,14.0037693066959,69.2949928778826,19.7004827592503,10.3263750441066,12.534253377434,65.6590393673827,65.1715158212408,55.5059833523477,67.1115700317181,15.6202849592367,9.23828519358608,46.6268866307844,54.6663357972606,52.637124143383,9.84341492540423,12.534253377434,11.3228404018077,103.039629747664,14.1245957727798,12.4093111731311,41.6535337654653,46.5821077200872,22.2419116198438,76.0978779040715,12.1514810835491,62.3653466071015,117.575429624699,49.4073287856299,8.46990239123719,37.1360694979864,63.1751727698685,18.4069275424056,10.4985103919196,11.9590624036968,16.6861199076529,19.4437477895577,53.9526869515879,69.4850915929459,36.6649162128095,66.7336691178737,112.630991095612,35.7399363831241,59.6966357407798,63.0852875512657,48.5283587836013,12.534253377434,69.0277724929936,50.7009242843964,113.506670462013,41.0443531741311,66.6600757254719,69.1972722674869,76.660490715688,9.26266475242202,15.6588500157266,20.2663466890269,50.5316434233909,40.8280115190303,101.328220813405,79.7647616504027,30.0596705054471,108.211799357369,69.1039798463818,108.015027709175,106.470361999647,53.2682343575208,47.1385779166527,64.3148230088866,79.852822747545,34.7144459407488,90.2912230512541,54.9007462961188,143.383977058886,52.1312855864146,16.807928050343,29.3690734621756,46.0489628578991,48.5140392581584,90.3909054673949,84.9200801004471,93.7956944315622,15.7482628688327,47.3482786206989,13.6509776351501,133.930459558639,29.4202057126869,55.5300844323583,102.294790581301,82.7353440038702,56.3284088176499,65.2064100617591,50.5562550809084,68.1982991071463,55.4832933421661,73.2422246357491,65.1384681647326,43.8721004063936,12.1969739476079,10.2211876247765,12.9901956686933,37.4658753418326,25.5529565012823,73.536519248386,36.0409433339183,15.7204627526294,93.982339621184,37.6566021461684,50.7974546565175,108.256399181304,56.844297022808,16.8098811272068,16.705456455411,108.182183860141,31.396931845081,10.2417241000393,9.18178588541224,9.48627210867541,11.9054896648004,56.3323375050493,74.5709787553745,97.283493966283,11.8578160630793,102.357736760044,97.3677755238728,71.3989027505532,71.5121481947829,78.8219331588743,90.4333997893091,30.4494775171443,85.0138327208816,143.029202950797,14.0787665288012,52.2490478309661,36.3570236583108,89.9756117731041,32.1160086085642,62.2206686393506,66.7947454775424,79.1122744969448,18.5939789288801,70.8554042308142,70.7725039612205,31.396931845081,120.088655437111,7.52689145321486,59.820046371217,62.7416839156294,49.8289059502729,59.6422792069577,78.1047685878888,130.436355170843,111.085586711919,72.1169571387718,55.804186858231,11.9901366800711,74.4104919709198,65.2441952121849,55.1131989281039,123.307495703096,27.7011477152713,96.1759117012874,32.0668747183571,13.7223635746063,49.5831503873648,12.1567573402723,36.2181719424516,59.6790394535648,61.8650079040307,43.4523481065189,11.2953755042011,60.1843201350142,68.9754184796433,46.8970498402211,102.899685209123,61.4728120370931,143.064689447379,65.3162254582945,63.9287816628038,52.2111325805561
3.98276934679902,20.8665040701736,17.8226969373399,14.398893182062,3.98276934679902,9.94489965848682,16.0521140883455,25.7992157214269,3.98276934679902,15.5914408591732,54.9248133046524,18.4012511404339,27.3410864799762,3.98276934679902,108.502147371601,24.6938701958166,42.3168728615588,77.0832729181859,123.46612642047,15.5583711088636,133.307722545755,3.98276934679902,80.6161579818417,18.831333974594,4.00798858457927,3.98276934679902,21.2579120819212,15.8768969601909,65.7717952042712,79.5238310065283,15.1736407983001,10.1934426913814,24.679207650993,53.0357700323136,16.3906375315123,3.98276934679902,4.0581168850055,3.98276934679902,107.637696878222,15.339535756926,12.7488477609978,16.1670370411978,15.2611247838478,22.4071729836416,72.170161870019,14.398893182062,69.6607167458111,116.54483396916,19.1765269924391,8.35444175844039,12.1664351041382,70.1781058145626,17.3073735823431,4.14888639482475,3.98276934679902,3.98276934679902,19.4985878929368,17.906794912586,25.1410764861163,12.832635125119,48.7186321975638,113.848046047047,39.701688611715,70.7375072593949,59.3284147824138,21.0729509164692,3.98276934679902,21.9964876791641,15.8769214216085,108.695490606798,10.9873640115531,48.6649056534672,66.8819165622197,87.2468128172617,9.14388680126141,4.52200114745777,19.5828771225896,56.4427312717979,14.8153949472483,92.3767430526532,90.7797636586486,18.7331067234912,112.393827637094,22.0207720222527,101.551594177141,100.099358607701,23.1311941338996,20.4694525759534,76.2098266179175,90.8799854285215,35.6642830719125,21.9964876791641,17.8686583266966,147.917641069513,18.8621272304788,17.7621495570013,11.6063083968191,13.5709496155068,18.8298134348221,22.0207720222527,84.7963679655624,85.5096506619344,3.98276934679902,20.5605129941147,18.6539557062336,129.355594345906,11.9037848528161,18.1926406780942,98.8005527476042,87.1529208557343,18.7106340802422,64.7389422792181,16.5631259544977,24.6754895873212,51.6967186958858,78.1104321554145,22.9882054130037,19.0510176243329,3.98276934679902,3.98276934679902,14.2835223736602,15.0076469530754,8.98816271022843,83.6914409260877,15.6504165584012,4.64041056274814,100.264358288379,8.98816271022843,57.5047035359948,111.679362827282,54.4934092228063,17.7074291176601,16.1091092497846,112.051550861432,3.98276934679902,10.2229564516434,9.85860772809847,9.87472261264476,4.00147113357776,54.0026226185574,84.8687526564286,102.399037895287,11.787652488495,96.2328257909953,106.572860217988,24.9894493693566,21.1091577308929,75.344455563706,88.6266443631242,8.98816271022843,84.8899840065587,147.551649343955,14.8250003336501,61.912490618205,40.1358589797822,85.1520169533014,20.0146111610828,62.6829792865423,19.7854922931361,80.0724076434278,18.7282440735204,8.98816271022843,20.1281921459663,3.98276934679902,119.938872297728,9.90886787663521,21.5920881936618,74.345736009654,49.7939827396074,19.8969971044896,72.7743435414771,35.1996843368465,104.438416208823,26.0933373448398,57.3545337769688,3.98276934679902,17.8226969373399,21.9964876791641,42.7967302988355,128.810001334495,28.577031471782,90.4209105144361,32.3903962924862,3.98276934679902,43.9810447861873,3.98276934679902,40.3416234982197,19.5519119391046,57.7348461252056,14.6495644041186,10.828236989697,20.077824982288,20.3603586942359,46.8641814575037,93.8093820700402,18.1164652383872,151.599449288352,22.0207720222527,64.1317536466223,51.275912356291
3.98276934679902,20.8665040701736,17.9673616967918,12.9991466432426,3.98277455317503,9.44718228406433,16.0521140883455,18.9930846982408,3.98276934679902,15.5914408591732,52.1759636623829,18.5506119571051,20.1281921459663,3.98276934679902,109.420607402928,25.6160632260956,42.0386326701273,78.1876098119892,120.998696297867,15.5583711088636,120.55839642081,3.98276934679902,73.0945100732849,19.1848625231725,4.00798858457927,3.98277455317503,21.2579120819212,15.8768969601909,59.3779813517029,71.793152974711,15.8774897841923,9.86498187504107,18.1685476900559,58.7763152845609,16.3906375315123,3.98276934679902,4.0581168850055,3.98276934679902,99.3124970173204,14.2248843169585,12.8014364890639,16.1670370411978,15.2611247838478,21.9786166355849,67.2495601960283,12.9991466432426,71.2302201254839,114.660768198714,19.1765269924391,8.26788065456976,12.1664351041382,61.3715739874986,18.8594787807212,4.01971937584346,3.98276934679902,3.98276934679902,20.3693147243995,17.906794912586,25.1410764861163,17.4915940812679,48.4598226523103,108.40454652318,34.7195908436288,63.8609661461929,65.6770754920947,20.0392120923157,3.98277455317503,21.9964876791641,15.8769947905441,114.964130191274,10.9873640115531,48.4063815214492,64.9633954432499,73.0617226685361,9.71642664798758,4.52200114745777,20.0999040734371,57.7144244387272,14.8153949472483,95.1375205870019,76.0202659807786,11.4433726509451,108.297825968162,22.0207720222527,110.721917791217,109.138542280119,21.9964876791641,19.4653185122997,68.8013098879404,76.104193117133,35.8113974872152,21.9964876791641,17.8686583266966,144.961555430312,18.8621272304788,17.2254268126871,11.244969928052,13.5709496155068,18.8298134348221,22.0207720222527,91.1085989292871,88.0651978128327,3.98276934679902,19.5519119391046,13.9492741420577,134.186381362581,11.9037848528161,18.1926406780942,102.490261181683,72.0342540734158,18.7106340802422,66.4367146645238,16.5631259544977,24.6754895873212,52.1817934071234,73.5195886051144,22.9882054130037,18.1164652383872,3.98276934679902,3.98276934679902,13.6310616023722,15.0202460601962,8.98816271022843,70.0844036501264,14.8826814996179,4.64041056274814,98.1602062720464,8.98816271022843,49.8824553107259,109.447487316952,54.135106361829,14.6356706754551,17.0990993819228,104.744528438241,3.98276934679902,10.5947074219364,10.2387606135214,9.22328033338127,3.98276934679902,53.6475467578163,71.0703012475176,97.822149177818,12.8126246741253,104.922853376983,102.262899196213,34.0620067835934,21.1091577308929,76.7589286995344,88.0064932487421,8.98816271022843,91.209183736598,144.602877929591,14.5650655713672,55.8938478408223,37.3972283250615,89.4630135593746,12.2261970403888,61.4841136952441,19.7854922931361,68.1708323898173,17.4168405505407,8.98816271022843,20.1281921459663,3.98276934679902,120.005473684141,8.14563792164913,21.5920881936618,67.1184314286922,47.3019183445638,19.8969971044896,73.4571914004785,22.0798974466191,113.869425954528,26.0933373448398,58.925815397241,3.98276934679902,17.8226969373399,21.9964876791641,48.449942436399,118.847237021487,28.0059288518787,98.5861098657175,35.9280991394657,3.98276934679902,46.8289003613833,3.98276934679902,41.0967681655761,19.5519119391046,60.0300008088867,14.6495644041186,10.7570396036629,20.077824982288,20.3603586942359,44.5187462947082,96.612975550084,18.1164652383872,138.26621443021,22.0207720222527,65.168033009597,51.189253277839
3.98276934679902,20.8665040701736,17.8226969373399,14.6679204381843,3.98276934679902,9.51126724558875,16.0521140883455,18.9930846982408,3.98276934679902,15.5914408591732,52.5298993146508,18.4012511404339,20.1281921459663,3.98276934679902,102.504443632215,25.6354740559676,37.4594393715691,81.9143423018081,119.830500006832,16.8993682993406,124.10989754078,3.98276934679902,67.6263329856323,18.8440300875276,4.3534425780454,3.98276934679902,21.2579120819212,15.8768969601909,67.0006678245699,81.0096450744228,16.4479281781018,7.85393660980873,18.1685476900559,58.513889451457,16.3906375315123,3.98276934679902,4.0581168850055,4.02603423926168,104.595545216298,14.410920300653,14.2351530291193,17.5604959771551,15.2611247838478,21.7904520586774,69.0448042719336,14.6679204381843,74.9024493175271,116.962390986111,20.8293779650784,8.21487264417134,12.1664351041382,53.8254647606551,17.5187659678112,4.01971937584346,3.9924961828024,3.98276934679902,19.9562792364399,17.906794912586,25.1410764861163,21.7148682877277,53.4219507918392,112.174201761229,30.4505488785211,72.0591586698403,55.2375407604889,20.3658752982521,3.98276934679902,21.9964876791641,15.8769214216085,116.052972875704,10.9873640115531,53.3630374630883,66.4200239578476,76.7588595062235,9.91764554226188,4.52200114745777,20.5826792562842,60.6898552860909,14.8153949472483,86.3743150399915,79.8671137623922,11.4433726509451,108.832057563371,22.0207720222527,114.662067614669,113.022346107539,22.3550568260704,19.7826265641586,77.6337222108174,79.955287857293,39.8221499479864,21.9964876791641,17.8686583266966,143.562006868404,18.8621272304788,17.0039272126156,11.244969928052,13.5709496155068,20.4527806938379,22.0207720222527,87.0526152082718,79.9534304973681,3.98276934679902,19.8706315677402,13.9492741420577,134.288062444361,11.9037848528161,18.1926406780942,102.567924209205,84.9044554971874,18.7106340802422,61.2626316566778,16.5631259544977,24.6754895873212,51.964165761798,72.4218184473416,22.9882054130037,18.4117853631378,3.98276934679902,3.98276934679902,11.8057595342275,15.0202460601962,9.08580127757541,73.6308794382455,15.1252870685993,4.64041056274814,97.7285211583194,8.98816271022843,56.8044209152513,108.390813545592,48.2382657530007,17.2505937004526,16.258403255831,102.725020643061,4.33747090726294,10.4252472234687,9.57425407482613,9.22328033338127,3.98276934679902,47.8038151472958,74.6666663373445,91.8084755957775,13.2689213985573,108.656637712158,107.3926422492,42.2861397014423,21.1091577308929,75.3952529059466,90.840813659057,8.98816271022843,87.148722168861,143.206792262234,13.5433699560435,63.0692564376405,45.1023871939273,87.2095921063554,12.2261970403888,60.9577324205799,22.2629673782199,69.3207399320636,16.6882430562645,9.78863973046661,20.1281921459663,4.33747090726294,119.276212854468,8.14563792164913,21.5920881936618,75.7348031490635,47.62279091016,19.8969971044896,73.1508332906302,22.0798974466191,117.921582993726,26.0933373448398,58.3883972117036,3.98276934679902,17.8226969373399,21.9964876791641,45.6188338659721,125.169459303244,27.7355422839836,102.094394865935,35.9280991394657,3.98276934679902,53.0764626105235,3.98276934679902,41.8780503432438,19.5519119391046,61.2794544621107,14.6495644041186,9.5852944602862,20.077824982288,20.3603586942359,44.8207392125568,87.7138644735089,18.1164652383872,140.368606584458,22.0207720222527,65.2161388857512,50.1473181495681
3.98276934679902,20.8665040701736,17.8226969373399,12.5467509065067,3.98276934679902,9.62914312582445,16.1609342513856,18.9930846982408,3.98276934679902,15.5914408591732,53.1809175186949,18.4012511404339,20.1281921459663,3.98276934679902,107.971821257124,25.869612470019,40.3453575418702,79.8146218201511,121.735791292871,15.5583711088636,119.639985652547,3.98276934679902,70.4216249319812,18.7210699102287,4.00798858457927,3.98276934679902,21.2579120819212,15.8768969601909,57.3115114243513,69.2946107839073,16.2514662535332,10.3140354603444,18.1685476900559,54.4593675538589,16.3906375315123,3.98276934679902,4.0581168850055,3.98276934679902,96.4161141402271,13.9996395554486,12.8440510801871,16.1670370411978,15.2611247838478,21.6810111915222,67.0332308002043,12.5467509065067,71.2302201254839,117.40296340837,19.1765269924391,8.32882954493552,12.1664351041382,61.1118733629119,17.4730742182675,4.01971937584346,3.98276934679902,3.98276934679902,20.2133277798199,17.906794912586,25.1410764861163,19.7053962973267,50.6654731917385,111.707701669214,34.5726710427887,61.6384795767848,56.4736095982806,20.0392120923157,3.98276934679902,21.9964876791641,15.8769214216085,114.41447635719,10.9873640115531,50.6095996859189,67.7968269882834,76.9357143940564,9.90800965069679,4.52200114745777,21.4002179425018,57.7144244387272,14.8153949472483,92.0157174384409,80.0511301682749,11.4433726509451,105.591611557888,22.0207720222527,107.031159882508,105.50056394574,21.9964876791641,19.4653185122997,66.4068896902632,80.139507419134,35.9306097383382,21.9964876791641,17.8686583266966,145.844626407478,18.8621272304788,17.0851070062378,11.244969928052,13.5709496155068,18.8298134348221,22.0207720222527,83.3470247826804,85.1754629310062,3.98276934679902,19.5519119391046,13.9492741420577,135.514565761526,11.9037848528161,18.1926406780942,103.504715588778,77.9632472607726,18.7106340802422,66.5387548564737,16.5631259544977,24.6754895873212,51.370726712353,74.0324185071748,22.9882054130037,18.1164652383872,3.98276934679902,3.98276934679902,12.3040341042326,17.4115260681375,8.98816271022843,73.8005273591221,14.8826814996179,4.64041056274814,92.2095403041488,8.98816271022843,49.8474607363646,110.114215121345,51.9545970696422,15.8403030110483,17.4154985523696,102.739921876658,4.01591429497281,10.3855437592427,9.52438298666556,9.22328033338127,3.98276934679902,51.4866758910154,74.8387007446415,90.1919911456614,12.9129800212954,101.425399046075,99.3127276217169,38.3730230209118,21.1091577308929,74.903287353899,84.7934167348225,8.98816271022843,83.4390407342616,145.483763929574,13.0983943002951,53.9486325765497,37.3527554839777,75.043283708577,12.2261970403888,60.6515769044867,19.801103585564,72.4543892577008,16.6306413123784,9.06296297137023,20.1281921459663,4.01591429497281,120.684822802413,8.14530469053015,21.5920881936618,64.7825786940418,48.2129939033962,19.8969971044896,72.3154391235596,22.0798974466191,110.073750330535,26.0933373448398,57.7446426772637,3.98276934679902,17.8226969373399,21.9964876791641,50.9783760384785,115.381136453712,28.1765342436618,95.2998818818253,35.9280991394657,3.98276934679902,56.9020603651126,3.98276934679902,35.4686904977942,19.5519119391046,61.7575844493135,14.6495644041186,10.3237565385954,20.077824982288,20.3603586942359,45.3762155703413,93.4427574342116,18.1164652383872,140.504256912242,22.0207720222527,63.1438452803619,48.8737496522018
3.98276934679902,20.8665040701736,17.8226969373399,13.95470644021,3.98276934679902,10.0211228822425,16.061773471784,19.0270386772108,3.98276934679902,15.5914408591732,55.3457875203838,18.4012511404339,20.1641753589981,3.98383958366919,105.090081492925,25.4361420330501,39.69840215007,84.7186567821738,120.134666049449,15.5583711088636,130.275472049582,3.98276934679902,70.3556584878988,18.5304345140622,4.00798858457927,3.98276934679902,21.3432736139485,15.8768969601909,63.7428226264387,77.0706263783847,15.1018262569065,10.1535810954913,18.2010276424166,57.2165120750235,16.3906375315123,3.98276934679902,4.0744123270562,3.98276934679902,102.988392610686,14.444805741505,12.5044951768575,16.1670370411978,15.2611247838478,21.6470580504913,82.557143887265,13.95470644021,72.0123193900202,117.984376594809,19.1765269924391,8.4180844450465,12.1664351041382,65.8227147049361,18.966576644188,16.3081399234318,3.98276934679902,3.98276934679902,20.0186028617469,17.906794912586,25.1410764861163,11.776918474076,49.643974417139,111.135836387336,37.2377238237007,68.5553490560527,56.8225461244167,20.0392120923157,3.98276934679902,21.9964876791641,15.8769214216085,112.780671457608,10.9873640115531,49.5892274125466,67.4003377052481,83.2787812032291,11.8055943633893,4.52200114745777,20.9454389804213,58.3481218894321,14.8153949472483,88.9824283155927,86.6510515546729,11.4433726509451,109.727432579597,22.0207720222527,100.625347814557,99.186358003834,21.9964876791641,19.4653185122997,73.8588546262168,86.7467151849596,34.9807185731042,21.9964876791641,17.8686583266966,143.926410651221,18.8621272304788,17.3900602664047,45.62123020913,13.5709496155068,18.8298134348221,22.0207720222527,87.2934887996751,82.367662128768,3.98276934679902,19.5519119391046,14.957412530988,133.243887833731,11.9037848528161,18.1926406780942,101.770393733489,81.4213082046382,18.7106340802422,60.6621156283521,16.5631259544977,24.6754895873212,50.6290179414209,78.561082317985,22.9882054130037,18.1164652383872,3.98276934679902,15.0819292956026,13.3299751714639,15.0202460601962,8.98816271022843,79.8851095233094,14.8826814996179,4.64041056274814,91.8799539642594,8.98816271022843,54.5822603991296,108.665942204909,51.1214824623884,16.5428998769572,16.4894709204916,108.291482799316,3.98276934679902,10.6666221812654,9.39518343647944,8.94013374668851,3.98456216718248,50.6610646037937,81.0088764877762,94.6383844921254,12.9438470877466,95.3550916148625,104.409237811778,22.9336145745228,21.1091577308929,74.1405522149698,95.6440048289347,8.98816271022843,87.3898616871259,143.570294402972,13.0176250207763,60.0025724640858,33.8763206221178,84.2501781544758,12.2261970403888,60.5565946397672,19.7854922931361,71.4850266125029,16.936542469185,8.98816271022843,20.1281921459663,3.98276934679902,119.432250814104,7.83183757430675,21.5920881936618,72.0522687388601,50.1756314257063,19.8969971044896,71.2713231667795,22.0798974466191,103.485839305316,26.0933373448398,55.9878082544927,3.98276934679902,17.8226969373399,21.9964876791641,52.8886857342736,123.246180235802,27.8059434768007,89.596186489726,34.2226724281143,3.98276934679902,47.4356527991696,3.98276934679902,38.1129035274196,19.5519119391046,61.2064404441848,14.6495644041186,10.158210603122,20.077824982288,20.3603586942359,47.223374522495,90.3624260775196,41.6544027312053,151.726218419597,22.0207720222527,62.5988343946242,51.0514892145505
11.6445752200878,30.3107258071814,71.7497355505415,12.9392000878452,7.06936369174073,9.99533093733715,8.19621279273417,39.1985065529038,8.75948590108755,43.6683876964679,54.2152824620658,69.4096059875709,39.3628697806035,9.12439955101111,112.037080984446,99.6108895783172,43.0104434120511,78.946995932165,139.042728582562,7.06936369174073,128.043120033825,9.22473792078456,63.52674910109,77.5246909529773,7.06936369174073,7.06936369174073,60.458958116831,62.7871156496364,62.9549385736639,70.1830076456278,17.5572010666238,11.1239575508159,38.2569247119968,14.7716072627555,37.073802634094,11.6445752200878,11.3295778654222,8.19621279273417,105.465461830685,14.413092421859,11.6223585012761,26.8885925394375,82.7967276283124,22.0169734869847,78.8826838844567,12.9392000878452,85.6337714638615,133.43103775977,33.2533968261986,8.07806610025651,76.7116738965504,64.4917870379833,18.1651946068739,9.0150132931688,8.42325677789366,7.06936369174073,19.7981804435822,62.0631866370216,41.0159766128771,52.2409292483352,51.5238826147874,123.101066281014,50.7936420051907,29.0257512031228,67.0579352069299,79.4201840514822,7.06936369174073,46.6754977171401,32.727494976342,119.440117553769,59.0707919904023,50.2244068255553,15.2481382832337,72.1153544702941,11.8210177336152,7.06936369174073,20.4928592030962,78.1797941330057,31.6462632332803,82.8652822336608,75.9117098878702,12.4174473536764,24.6036563215884,47.8831511881795,101.490401054993,98.6375279992463,85.8127622055612,80.1638534560404,69.4644095059701,77.8758033506586,11.6223585012761,94.9481722972046,37.3297283509989,144.368397116444,37.1941229789385,18.1477796076264,9.0150132931688,8.19621279273417,32.4603948933448,97.4048036230976,87.4552253350065,78.4169531277957,7.87703885633351,80.7444254955412,13.953113058609,139.29729380593,26.0223451025701,88.1904850480973,26.1033200996816,15.8618208267122,41.3616071223127,66.764745808175,73.9601576067192,39.3934817179785,43.8647641818821,18.6823247188921,91.4098522355119,15.8207597182907,10.0011482767738,8.42325677789366,13.0872844856015,9.12439955101111,35.122758387612,73.0223273235553,72.6392476669193,9.40407687769201,92.1408296586719,30.2939368679248,75.4512155025009,121.202623468772,50.9928553321839,15.8618208267122,16.4410648354581,111.72938947687,7.06936369174073,10.0564826765656,9.08829791150465,9.18553699864132,9.82928734532135,49.3787179026515,72.2073303978588,97.6529324041919,12.1862839032243,92.3387300651435,102.091540914837,64.2783029816817,50.3397162076068,20.3155682289474,100.488628248232,40.2987487497285,89.7179887034103,147.435462048925,13.7804150110556,12.9392000878452,44.6517160766748,87.0543059610173,27.7494965872983,22.0169734869847,56.8803080411099,17.6561556777113,17.8906781993575,30.2939368679248,46.0975455572469,7.06936369174073,127.415653423022,7.83071196157597,90.4276597788516,66.7581803765042,48.69391569943,50.1340796854779,71.9572892533144,50.3517137294791,103.816031083038,42.5546753371679,80.12710659743,8.75948590108755,120.171761549625,46.6754977171401,11.0156642188846,122.505418804024,94.0563753341457,93.9887941150529,41.2097378071484,17.3932205404877,11.6394081435671,49.8840906338169,52.4929256003634,92.5091242420184,15.9055666442307,8.60526820411152,10.1406733328063,51.7729090830946,48.705005739958,47.3688981486008,86.7669577473893,7.87703885633351,140.130471905394,47.8831511881795,70.3962520041609,56.3707730042692
9.84341492540423,28.7078263822981,73.3797246653479,12.1514810835491,12.534253377434,9.95187455398045,13.0040015350831,50.8636935015392,11.4532227157481,50.7229214367213,53.9795723977134,70.9864327361942,51.0769700156675,28.2226889591459,105.305598233433,97.5650729822706,47.9079734646048,84.1417211756898,134.784872362255,10.3263750441066,131.455107926871,14.0037693066959,59.7844894206624,75.1775101894092,10.3263750441066,12.534253377434,66.8875671250608,58.6389010263153,59.1223367750912,65.9103718933565,15.6202849592367,9.23828519358608,49.6419038372347,13.6631158704849,54.1339825603829,9.84341492540423,12.534253377434,11.3228404018077,106.835445428536,14.1245957727798,12.4093111731311,39.2767585709016,55.5304975791409,22.2419116198438,82.5893139956799,12.1514810835491,61.2490988690837,132.412581636164,48.5739681944807,8.46990239123719,51.4493452051308,62.8684493509501,18.4069275424056,10.4985103919196,11.9590624036968,16.6861199076529,19.4437477895577,58.7811455932093,67.8433917170487,59.3832283152122,67.160810984692,126.844191433657,49.5151034948508,27.2587072064735,68.4667005911407,48.4176461899029,12.534253377434,67.7922771562782,45.6188020731358,117.688075234899,66.4762516145639,65.4669586694018,15.5553180760389,74.4194410166462,9.26266475242202,15.6588500157266,20.2663466890269,55.9176812904691,44.0950256586563,96.4376493434578,78.3370900409314,10.745376887206,24.3256548043915,69.5462933493907,109.466599253972,106.389517005113,52.3148115138319,48.8710161051478,65.2355209256427,80.3639363163022,12.4093111731311,88.6751433054173,55.733082504861,139.947454835288,61.5217693985126,16.807928050343,10.4985103919196,13.5143378259074,47.4156128280823,90.9694700902474,83.4001358929435,91.2607357927856,15.7482628688327,49.2249554963997,13.6509776351501,136.436394594419,21.9972592675413,59.1480081006487,25.5672079768211,16.8098811272068,56.6164873491442,71.0420129193949,49.6039453560287,65.1596678171536,47.9503869226619,18.3059096099226,65.5553996366771,9.64495305121834,12.1969739476079,10.2211876247765,12.9901956686933,9.94279385229451,48.5211155140738,75.3553916647814,44.2837225201821,13.4925512133109,93.910977022332,71.504068130436,70.376208777476,117.491078467354,56.7993297984508,16.8098811272068,16.705456455411,112.167443035596,31.396931845081,10.2417241000393,9.18178588541224,9.48627210867541,11.9054896648004,55.0013931345243,74.514355576335,100.867262782141,11.8578160630793,99.5956923471475,100.95464913794,73.0663331720354,72.2251857176826,19.7004827592503,98.5266747562391,57.8188522286417,85.5579803407231,142.920598124875,14.0787665288012,12.1514810835491,39.4584149462062,88.3651810037342,24.0128901510885,22.2419116198438,64.9923408973241,19.1268623589605,18.5939789288801,134.543462839895,69.9791581215662,31.396931845081,124.848439937372,7.52689145321486,59.7335511959668,62.6940429477772,48.4822107062647,58.2331320053408,78.6594873118565,133.193532727821,111.975002094502,70.3885106903664,77.3126750453877,11.9901366800711,82.3417148703076,64.0764203293928,12.4379654625352,124.096749382738,91.1761202725639,101.375436029478,32.9787704974332,13.7223635746063,11.1899422286528,33.4564958486545,50.1776643612491,62.0444532884318,15.4623272072974,11.8133669582987,11.2953755042011,60.1367107534572,69.8797758501807,47.1629538922239,100.978373816995,13.5143378259074,142.956057675877,65.7342947004712,63.8802393087904,56.9647621213724
3.98276934679902,9.52807336315264,19.7223723504997,14.398893182062,3.98276934679902,9.94489965848682,4.0120101623182,26.92171286839,3.98276934679902,16.9214495887333,53.9417401406625,19.0791238948059,27.0345982819268,3.98276934679902,112.499193492691,94.2323952640336,45.9266617721485,73.968055998457,139.046640919245,4.00798858457927,138.218566508022,3.98276934679902,69.5518628956836,71.8608177807458,4.00798858457927,3.98276934679902,21.6556628762451,14.2854401608103,70.0569919045453,78.1004717002971,15.1736407983001,10.1934426913814,26.2750301707015,13.2555778737269,16.8567432344418,3.98276934679902,4.0581168850055,3.98276934679902,111.602898021354,15.339535756926,12.7488477609978,15.2445363759369,18.1927760323088,22.4071729836416,78.3265489652129,14.398893182062,68.4138926403333,131.251932410313,18.8530737262254,8.35444175844039,16.8557181212343,69.8373822738915,17.3073735823431,4.14888639482475,3.98276934679902,3.98276934679902,19.4985878929368,19.5093512174648,24.5470770942903,20.7839913528705,49.0304653064095,128.214829743268,55.0038253973404,32.3001953958093,64.3893524009629,21.0248750879986,3.98276934679902,21.6027829865422,14.2854621702822,112.699659184419,17.795353517062,47.7938756053419,15.0348337668398,84.6962885278775,9.14388680126141,4.52200114745777,19.5828771225896,62.4588167848707,16.0009071232269,87.918211555373,89.1549397563595,6.69649030170469,25.2657609380935,22.1617202691377,102.916306176597,100.02335123863,22.7171798690181,21.2217464063459,77.3008072864606,91.4616805030692,12.7488477609978,21.6027829865422,18.1395604970739,144.372459304964,22.2597894677919,17.7621495570013,4.14888639482475,3.98276934679902,18.4034798401249,22.1617202691377,83.2786380228428,83.1986338401292,3.98276934679902,21.3754410213341,18.6539557062336,131.775930369644,8.90036746274378,19.3779366482121,24.6938701958166,17.7074291176601,18.8063252616958,70.5327094289063,16.2511323961213,23.5760528603418,44.6779113996076,19.522652646614,23.1353459060218,4.18822369712316,3.98276934679902,3.98276934679902,14.2835223736602,3.98276934679902,17.0671319813971,85.7614879577493,19.2297603804743,3.98276934679902,100.188225631876,17.0671319813971,79.668618223114,121.206033826685,54.450301690708,17.7074291176601,16.1091092497846,116.179351348172,3.98276934679902,10.2229564516434,9.85860772809847,9.87472261264476,4.00147113357776,52.7267216041301,84.8043101795196,106.171255193632,11.787652488495,93.6360573665785,110.498834476256,25.5730461263002,21.3196341592885,18.831333974594,96.5582249948177,17.0671319813971,85.4333389085452,147.439610537468,14.8250003336501,14.398893182062,43.5595991776035,83.6279214181544,14.9647692864197,22.4071729836416,19.25159607606,19.3589923875285,18.7282440735204,17.0671319813971,19.9025590737281,3.98276934679902,124.692720055149,9.90886787663521,21.5608676987672,74.2892838617654,48.4482313437695,19.4268977360016,73.2912043134477,35.9437390104009,105.274610504215,25.4679513323109,79.4605688555869,3.98276934679902,19.7223723504997,21.6027829865422,9.65838063692786,129.634474874796,94.0590218602255,95.3093042471328,33.3114921560881,3.98276934679902,9.92565713288442,10.9609415066555,55.8904090161687,20.3268634702003,14.4300487835666,3.98276934679902,10.828236989697,20.0619422269744,20.627309455214,47.1298991473329,92.0578020327112,3.98276934679902,151.48433690948,22.1617202691377,64.083057172076,55.9443935721141
3.98276934679902,9.52807336315264,19.8824565544748,12.9991466432426,3.98277455317503,9.44718228406433,4.0120101623182,19.819454135824,3.98276934679902,16.9214495887333,51.2420908534342,19.2339869258331,19.9025590737281,3.98276934679902,113.451488127245,97.7515057740464,45.6246866426275,75.0277626002862,136.267839314321,4.00798858457927,124.999575535249,3.98276934679902,63.0625357287479,73.209891120105,4.00798858457927,3.98277455317503,21.6556628762451,14.2854401608103,63.246605113104,70.5081614053053,15.8774897841923,9.86498187504107,19.34337380134,14.6903500017163,16.8567432344418,3.98276934679902,4.0581168850055,3.98276934679902,102.971011070681,14.2248843169585,12.8014364890639,15.2445363759369,18.1927760323088,21.9786166355849,72.9862014037055,12.9991466432426,69.9553042239577,129.130111436038,18.8530737262254,8.26788065456976,16.8557181212343,61.0736072677807,18.8594787807212,4.01971937584346,3.98276934679902,3.98276934679902,20.3693147243995,19.5093512174648,24.5470770942903,28.3297340404683,48.769999200176,122.08440072939,48.1014883600327,29.1602258067022,71.279577821767,19.9934946355127,3.98277455317503,21.6027829865422,14.2855281849161,119.199225456916,17.795353517062,47.5399786740578,14.6035565609145,70.9258773319201,9.71642664798758,4.52200114745777,20.0999040734371,63.866056454711,16.0009071232269,90.5457411185645,74.6596153220216,4.09064204389295,24.3449933021392,22.1617202691377,112.209866168953,109.055671284957,21.6027829865422,20.1807083825998,69.7862340425971,76.5913128507017,12.8014364890639,21.6027829865422,18.1395604970739,141.487222962891,22.2597894677919,17.2254268126871,4.01971937584346,3.98276934679902,18.4034798401249,22.1617202691377,89.4778893605663,85.6851137873971,3.98276934679902,20.3268634702003,13.9492741420577,136.697104879017,8.90036746274378,19.3779366482121,25.6160632260956,14.6356706754551,18.8063252616958,72.3824227870998,16.2511323961213,23.5760528603418,45.0971280446398,18.3752330060578,23.1353459060218,3.98276934679902,3.98276934679902,3.98276934679902,13.6310616023722,3.98611293142588,17.0671319813971,71.8178904934207,18.2864397243754,3.98276934679902,98.0856713386572,17.0671319813971,69.1085431941097,118.783770914778,54.0922822686328,14.6356706754551,17.0990993819228,108.603149868705,3.98276934679902,10.5947074219364,10.2387606135214,9.22328033338127,3.98276934679902,52.3800349961503,71.0163362002687,101.425761192875,12.8126246741253,102.09159127479,106.030101361933,34.8574815617721,21.3196341592885,19.1848625231725,95.8825738826313,17.0671319813971,91.7929859091327,144.493078181977,14.5650655713672,12.9991466432426,40.5873529955739,87.8617575421341,9.14143255080992,21.9786166355849,19.25159607606,16.4815654246694,17.4168405505407,17.0671319813971,19.9025590737281,3.98276934679902,124.761961226691,8.14563792164913,21.5608676987672,67.0674671122373,46.0235184428951,19.4268977360016,73.9789019210605,22.546624668646,114.781130362342,25.4679513323109,81.6374661844828,3.98276934679902,19.7223723504997,21.6027829865422,10.9341994731948,119.607941945383,92.1792830964929,103.915935885569,36.9497977690721,3.98276934679902,10.5683621468464,10.9609415066555,56.9366074748596,20.3268634702003,15.003691847922,3.98276934679902,10.7570396036629,20.0619422269744,20.627309455214,44.7711654782215,94.8090476743612,3.98276934679902,138.161226233119,22.1617202691377,65.1185496681907,55.8498445067005
3.98276934679902,9.52807336315264,19.7223723504997,14.6679204381843,3.98276934679902,9.51126724558875,4.0120101623182,19.819454135824,3.98276934679902,16.9214495887333,51.589691579453,19.0791238948059,19.9025590737281,3.98276934679902,106.280543909856,97.8255779619375,40.654870879062,78.6038842030984,134.952225267683,4.3534425780454,128.681908294219,3.98276934679902,58.3448474561885,71.9092664492934,4.3534425780454,3.98276934679902,21.6556628762451,14.2854401608103,71.3659286447484,79.5596918874128,16.4479281781018,7.85393660980873,19.34337380134,14.6247601919583,16.8567432344418,3.98276934679902,4.0581168850055,4.02603423926168,108.448678342393,14.410920300653,14.2351530291193,16.5584837234591,18.1927760323088,21.7904520586774,74.9345865724843,14.6679204381843,73.5618059286685,131.722182043007,20.478045821429,8.21487264417134,16.8557181212343,53.5641353514518,17.5187659678112,4.01971937584346,3.9924961828024,3.98276934679902,19.9562792364399,19.5093512174648,24.5470770942903,35.1698330327667,53.7638884088163,126.32975865444,42.1870386962113,32.9036885136257,59.9495113906862,20.3194125920382,3.98276934679902,21.6027829865422,14.2854621702822,120.328179369867,17.795353517062,52.4079177836099,14.9310018361504,74.5149341492467,9.91764554226188,4.52200114745777,20.5826792562842,67.1586308210475,16.0009071232269,82.2054886510561,78.4376102010485,4.09064204389295,24.4650867988542,22.1617202691377,116.202966118765,112.9365260654,21.9549342744783,20.509678147876,78.745086636086,80.4670572739729,14.2351530291193,21.6027829865422,18.1395604970739,140.121217756626,22.2597894677919,17.0039272126156,4.01971937584346,3.98276934679902,19.989700826109,22.1617202691377,85.4945017670534,77.7925782261904,3.98276934679902,20.6582157388034,13.9492741420577,136.800688486825,8.90036746274378,19.3779366482121,25.6354740559676,17.2505937004526,18.8063252616958,66.7452887761756,16.2511323961213,23.5760528603418,44.9090474681306,18.1008601100869,23.1353459060218,4.04769326682827,3.98276934679902,3.98276934679902,11.8057595342275,3.98611293142588,17.2525325320001,75.4520857854319,18.5845306372321,3.98276934679902,97.6543140117434,17.0671319813971,78.6984271721268,117.636958884042,48.2001064119176,17.2505937004526,16.258403255831,106.50924662611,4.33747090726294,10.4252472234687,9.57425407482613,9.22328033338127,3.98276934679902,46.6743711817546,74.6099705008828,95.1905534638446,13.2689213985573,105.724622325568,111.348815970496,43.2736786275175,21.3196341592885,18.8440300875276,98.970549850279,17.0671319813971,87.7065345650637,143.09805258933,13.5433699560435,14.6679204381843,48.9497909864145,85.6486690101453,9.14143255080992,21.7904520586774,21.6622184108443,16.7595769396452,16.6882430562645,18.5871141393673,19.9025590737281,4.33747090726294,124.003795715047,8.14563792164913,21.5608676987672,75.6772962557679,46.3357189826906,19.4268977360016,73.670367982734,22.546624668646,118.865731311772,25.4679513323109,80.8929120590462,3.98276934679902,19.7223723504997,21.6027829865422,10.29527392896,125.970630844119,91.2893272546669,107.613888058015,36.9497977690721,3.98276934679902,11.9783141182646,10.9609415066555,58.0190175684648,20.3268634702003,15.3159759948257,3.98276934679902,9.5852944602862,20.0619422269744,20.627309455214,45.0748706816148,86.0760980729791,3.98276934679902,140.262022000551,22.1617202691377,65.1666190166275,54.7130450581102
3.98276934679902,9.52807336315264,19.7223723504997,12.5467509065067,3.98276934679902,9.62914312582445,4.03920829943454,19.819454135824,3.98276934679902,16.9214495887333,52.2290575176603,19.0791238948059,19.9025590737281,3.98276934679902,111.94933100967,98.7190557118578,43.7869687574456,76.5890211038997,137.097950261064,4.00798858457927,124.047331978532,3.98276934679902,60.7564950349488,71.440047491832,4.00798858457927,3.98276934679902,21.6556628762451,14.2854401608103,61.0454995096789,68.0543394352741,16.2514662535332,10.3140354603444,19.34337380134,13.6113869398759,16.8567432344418,3.98276934679902,4.0581168850055,3.98276934679902,99.9679300661816,13.9996395554486,12.8440510801871,15.2445363759369,18.1927760323088,21.6810111915222,72.751418294238,12.5467509065067,69.9553042239577,132.218351455402,18.8530737262254,8.32882954493552,16.8557181212343,60.8151675224282,17.4730742182675,4.01971937584346,3.98276934679902,3.98276934679902,20.2133277798199,19.5093512174648,24.5470770942903,31.9152521875141,50.9897674361345,125.804389691601,47.8979415751124,28.1453928950306,61.2910215638522,19.9934946355127,3.98276934679902,21.6027829865422,14.2854621702822,118.629323251913,17.795353517062,49.7037624823306,15.2405026064076,74.6866189606889,9.90800965069679,4.52200114745777,21.4002179425018,63.866056454711,16.0009071232269,87.5746107173447,78.6183329846233,4.09064204389295,23.7366452480272,22.1617202691377,108.469509613902,105.420455337529,21.6027829865422,20.1807083825998,67.3575365572791,80.6524559690549,12.8440510801871,21.6027829865422,18.1395604970739,142.349129141171,22.2597894677919,17.0851070062378,4.01971937584346,3.98276934679902,18.4034798401249,22.1617202691377,81.8552359456793,82.8734779957991,3.98276934679902,20.3268634702003,13.9492741420577,138.050140561459,8.90036746274378,19.3779366482121,25.869612470019,15.8403030110483,18.8063252616958,72.4935949959047,16.2511323961213,23.5760528603418,44.3961789932834,18.5034079472078,23.1353459060218,3.98276934679902,3.98276934679902,3.98276934679902,12.3040341042326,4.62071719317462,17.0671319813971,75.6259298244677,18.2864397243754,3.98276934679902,92.1395238259298,17.0671319813971,69.0600607359239,119.507373116354,51.9134978891583,15.8403030110483,17.4154985523696,106.524696797395,4.01591429497281,10.3855437592427,9.52438298666556,9.22328033338127,3.98276934679902,50.2702182670432,74.7818742791441,93.5145203037936,12.9129800212954,98.6885130457747,102.971250170176,39.2691760916788,21.3196341592885,18.7210699102287,92.3819452941738,17.0671319813971,83.9731085908006,145.373295308271,13.0983943002951,12.5467509065067,40.5390864533561,73.7001195917982,9.14143255080992,21.6810111915222,19.2667861098279,17.5171948910167,16.6306413123784,17.2091661178839,19.9025590737281,4.01591429497281,125.468236746892,8.14530469053015,21.5608676987672,64.733388035514,46.9099709220389,19.4268977360016,72.8290406467322,22.546624668646,110.9550643665,25.4679513323109,80.001036593562,3.98276934679902,19.7223723504997,21.6027829865422,11.5048172277185,116.119655924797,92.7408171484481,100.452045719453,36.9497977690721,3.98276934679902,12.8416763195262,10.9609415066555,49.1393118890491,20.3268634702003,15.4354781586534,3.98276934679902,10.3237565385954,20.0619422269744,20.627309455214,45.633496564046,91.6980228997433,3.98276934679902,140.397569326431,22.1617202691377,63.0958989436472,53.3235228832021
3.98276934679902,9.52807336315264,19.7223723504997,13.95470644021,3.98276934679902,10.0211228822425,4.0144243953783,19.8548854172412,3.98276934679902,16.9214495887333,54.3551795387165,19.0791238948059,19.9381389220241,3.98383958366919,108.961432546998,97.0649222274013,43.0848256298548,81.2948660811141,135.294774821425,4.00798858457927,135.074612737974,3.98276934679902,60.6995822622566,70.7125782915639,4.00798858457927,3.98276934679902,21.7426215838105,14.2854401608103,67.8958266965972,75.6911758174109,15.1018262569065,10.1535810954913,19.3779539929041,14.300498154574,16.8567432344418,3.98276934679902,4.0744123270562,3.98276934679902,106.782320797121,14.444805741505,12.5044951768575,15.2445363759369,18.1927760323088,21.6470580504913,89.599579737125,13.95470644021,70.7234050649714,132.873134697611,18.8530737262254,8.4180844450465,16.8557181212343,65.5031371365401,18.966576644188,16.3081399234318,3.98276934679902,3.98276934679902,20.0186028617469,19.5093512174648,24.5470770942903,19.074131644991,49.9617303593661,125.160359229086,51.5901799398234,31.3037772425083,61.6697236921553,19.9934946355127,3.98276934679902,21.6027829865422,14.2854621702822,116.935331584652,17.795353517062,48.7016533679729,15.1513731261657,80.8442561198425,11.8055943633893,4.52200114745777,20.9454389804213,64.5672980863397,16.0009071232269,84.6877222430544,85.1001255106933,4.09064204389295,24.6663641428642,22.1617202691377,101.977612352841,99.11104389369,21.6027829865422,20.1807083825998,74.9161799892821,87.3019544570431,12.5044951768575,21.6027829865422,18.1395604970739,140.476887776273,22.2597894677919,17.3900602664047,16.3081399234318,3.98276934679902,18.4034798401249,22.1617202691377,85.7310640763717,80.1415619017315,3.98276934679902,20.3268634702003,14.957412530988,135.736976619705,8.90036746274378,19.3779366482121,25.4361420330501,16.5428998769572,18.8063252616958,66.0910299785787,16.2511323961213,23.5760528603418,43.7551712158467,19.6352865976271,23.1353459060218,3.98276934679902,3.98276934679902,15.0819292956026,13.3299751714639,3.98611293142588,17.0671319813971,81.8610097111044,18.2864397243754,3.98276934679902,91.8101877472901,17.0671319813971,75.6197840889821,117.935557056019,51.0810423251757,16.5428998769572,16.4894709204916,112.280768373431,3.98276934679902,10.6666221812654,9.39518343647944,8.94013374668851,3.98456216718248,49.4641134079877,80.9473648891125,98.1247116921291,12.9438470877466,92.7820081687769,108.255507670126,23.4691999286802,21.3196341592885,18.5304345140622,104.203599313079,17.0671319813971,87.949217543854,143.461278715899,13.0176250207763,13.95470644021,36.7660985816888,82.7422242039429,9.14143255080992,21.6470580504913,19.25159607606,17.2828334596394,16.936542469185,17.0671319813971,19.9025590737281,3.98276934679902,124.166018331002,7.83183757430675,21.5608676987672,71.9975580648003,48.8195654451781,19.4268977360016,71.7775091290115,22.546624668646,104.314406719704,25.4679513323109,77.5670692430243,3.98276934679902,19.7223723504997,21.6027829865422,11.9359365690226,124.035041453835,91.5210471707369,94.4399934589113,35.1958733031605,3.98276934679902,10.7052942431912,10.9609415066555,52.8026782817817,20.3268634702003,15.2977271224156,3.98276934679902,10.158210603122,20.0619422269744,20.627309455214,47.4911288199947,88.675206546281,9.15740880873046,151.611009782485,22.1617202691377,62.5513018951619,55.6995375375499
30.2112939025251,70.5531884658179,74.6810505386893,50.6436167526677,29.969423922364,49.9108388250397,32.2634078099317,43.7171517822603,44.6131011890239,42.612506138019,66.4137612108029,79.4016288958821,46.1486301500445,9.84511958704874,92.2876275529966,125.580754613685,51.8527612085822,22.3221419702829,124.750060491908,35.1758927915072,122.64320825656,10.9980416081892,74.4015208415056,95.8985864969771,29.7602564086888,7.80090258289962,57.126775424074,88.7716648572179,71.1217385714605,79.463461723155,75.5645845205929,34.4074547939221,42.3223669428842,65.9805862951751,39.9478409565482,7.06936369174073,37.5451363844288,8.96539236465162,103.350674128872,49.2503450572368,14.0151621042558,37.9617367238715,73.3602050645858,23.0085118339711,85.8012560159252,25.1248859392141,83.5334876597302,120.091653727286,41.1667483597706,8.41029764307043,69.3213855256756,71.172704417495,64.857438485755,9.22876428608402,7.80090258289962,7.06936369174073,83.2259948644329,73.6903624828861,41.1342187114412,65.4785557060594,38.7582991889237,116.252917823387,62.4222714743857,69.5878569390025,69.5369929978694,91.8653041608416,33.9808114752944,57.5248294165361,41.0849496620845,117.547538902044,62.7698949905533,38.2338261631518,76.1135128735864,98.2317558881848,41.5343262771452,7.06936369174073,20.9809569736495,68.3407499110713,35.0940268589349,83.8570682505584,98.4508584496433,42.2545102710264,130.725737679413,58.3139270394724,105.588365773744,97.0539133981821,100.348287903684,91.7611525547238,75.8791858808973,99.8013594275101,56.85708225493,102.946149221255,35.1922257918396,131.722997717808,36.4561044648898,70.6954972064788,37.4394963270459,40.1451503559181,38.6412527285028,104.358314410877,89.673185465253,81.3499504218809,59.1448508934755,85.9961211085613,11.4593621223735,142.493833697232,29.7876288159422,74.6551752015374,108.145383428459,84.6021193724493,34.5672221210849,87.6129624653902,57.6242151061748,38.6208666525094,52.6762573529299,79.7360124688162,104.673375059907,84.1901926396742,32.9479296536261,8.09769322911612,15.2189296627142,34.5663892597725,33.2814274195129,91.1696336135914,80.169351543632,36.1118329930049,76.764483515352,26.2429690792403,84.31521468092,125.833142676044,58.0269831417451,17.1718195330401,14.5732809157244,108.151291820787,32.4115694978582,37.3000994761522,32.7901260972659,32.1554523000992,8.86269954484714,54.9302814428796,87.6518836260649,97.4614394828047,13.7087047047679,91.1561937746014,103.587541117913,70.9907229228722,51.9026766005884,82.5842258940582,109.053034164521,36.9022371139907,90.9032785956364,131.517651411811,62.6292119298894,65.0599397165623,48.2911513947191,78.1660213309983,43.8876409441561,93.3415425505764,48.102784498965,72.650000194815,62.543930237771,26.2429690792403,55.4864839041465,7.06936369174073,111.669947638482,8.54959543982928,102.172662441904,70.7471951912419,61.5517172400518,45.1416067455325,69.1207658828009,54.1417415373601,103.120220908023,40.6471293107999,89.3556406683206,29.8581984758993,110.777048192257,47.6451282677146,57.8029954423645,120.445934152309,27.4782977234284,100.094729402729,39.982467901847,19.1202333743208,44.4647472219074,60.3742459236649,58.4604145843725,71.4815449877356,67.1514152445221,37.2478794078241,45.7462960246953,47.6864706462167,50.4128076966733,56.1694725462188,88.8861679030278,31.8848468338648,128.648209965602,48.2987009569669,54.4912681524247,64.0018662437468
47.6167010093719,69.2882473391636,67.7954872694945,50.9821005421839,34.0074207118903,40.8759533264361,32.4855311261826,37.5395861518595,39.9302649586792,43.8646345049016,54.3915082854489,72.0808301725636,39.6274781563166,8.85197449094688,99.1399384928194,120.702324130849,51.3533623381516,20.6093206665838,125.615088134963,34.5742616518807,121.613044679421,10.6576418435239,69.6876510928039,90.0573785326833,29.2512516455444,8.85197449094688,62.2269182705098,85.4653499348143,71.5970907902055,79.99456703073,66.707155307916,42.0443677670296,36.3418950053307,62.9008979849546,33.3054678781328,11.1421833941377,40.8970769994562,8.85197449094688,98.0129388990684,50.2935990816523,13.8125924743204,37.3124578821729,77.7527707885227,22.5115677005241,90.7433529351738,25.2928116749569,79.9745019460792,121.69531330769,40.4626525781168,8.65132247880428,73.4721201334622,66.7351171715168,63.5797295737647,9.88664955748734,8.16727180299591,7.06936369174073,83.6956274606395,72.3691752740638,47.1064524243237,67.6308065754276,50.3166465633161,116.937714475221,58.5302699265053,70.0529572424832,71.9675635611951,84.7806230151079,38.5592914620367,53.7224635896958,37.8611448131221,112.287643765244,66.701879438081,49.6357672568965,79.0863236903444,88.5395260519063,43.7162300620965,7.06936369174073,20.4867036720746,65.4290583319473,35.0940268589349,84.1849013086006,88.7370104272276,43.5107719566334,123.53366029514,54.4594022081478,103.623606742409,95.2479610901016,92.6093963840618,84.6845036136064,76.3863351729356,89.9542615639075,56.035292394355,99.111903351003,40.6577573212367,132.636376306986,41.7491277176938,71.1344584397302,40.1084227877057,38.668025793979,37.9803517798493,100.471472221215,88.8044890904114,81.6679820866501,43.5908795691165,79.3640732054993,14.7758695979222,136.958381516974,46.9489529208253,79.1252794415144,103.944264103143,82.4654896587799,38.4068548270552,75.0214027101726,61.0745619518701,44.2281894379718,54.0281762018214,74.1624411953821,93.645758517897,77.6974185080425,34.4953284530224,8.56827795148974,13.9234929999023,34.7008838365051,32.8603963504587,82.1742019929039,73.9866659417596,35.4973985075521,78.7783111076817,26.2429690792403,79.9299777295144,126.705680504066,57.4681197531801,16.7381445834736,16.267879630567,106.688796876827,37.4452509721589,35.2929354200613,33.5330937543837,31.4130762116788,9.0778223237047,54.4012426826358,79.0035377423409,96.8380309441808,12.7578630967289,89.4599845978764,96.210128203321,73.3241562657474,51.0195645636867,77.5539991134725,103.73186393883,36.2743540852454,90.0226658665632,132.429606112052,56.7558219107967,65.4947770436141,41.4899095132184,75.7690826221539,45.1924569611016,91.3255263774265,49.5920726527219,69.7921141242827,62.0477761876273,30.3186355567167,53.769124874607,8.16727180299591,112.769343949772,7.89682166928416,94.1122585401642,71.2200440962269,50.4095939939224,46.4680503522442,70.8947276436126,55.5991014539582,101.201388431948,46.5486430287288,83.7733651198349,33.1747656853738,101.865968455723,49.822474903477,42.4143295340306,114.225282846158,27.6688346018967,98.2321944336348,40.7577969109235,17.0842161030855,46.8076787533143,63.9892554921272,54.0990166100537,75.7616227782864,63.7964564145758,38.9500795669296,45.3057091007084,49.0876926822839,49.5550454345545,46.0016459795083,89.2336618573149,38.6453777208285,130.791338296552,50.5059153745553,60.7807253109494,59.8147668126746
43.568502619287,68.6304810653358,71.0693626696404,51.1153479141851,30.9279759714527,41.1787217359755,29.2378684799031,44.708982044099,42.5471236134897,44.3942755067396,54.7943864843871,75.5616467612251,47.1956244316754,9.35470054510421,99.7316318489146,123.432947472288,51.5607625763264,19.6298180008518,123.919729750288,36.7446557119285,127.276832547587,12.2927077177451,73.9951510192683,92.5666291392139,31.0874945553622,8.05040925259573,61.0244533982076,87.2956463991602,71.7842177247427,80.2036417004251,67.8235403436693,38.6441591368669,43.2825531072451,62.0367084009127,39.6625883212236,10.1949155674711,40.1067872046458,8.88866351341104,105.03529788865,51.0914561755646,14.297737073128,39.6547417975503,84.8581035755922,22.7493386280959,88.0632777363422,25.3589172424084,79.695207474024,121.231189918869,43.0026894903597,8.55386562298349,80.1862713955398,68.1186617456728,61.9283254590763,8.05040925259573,8.05040925259573,7.06936369174073,84.6811957317772,71.6821611758864,44.7188495313845,58.9921677573694,49.1451141102669,116.550271789803,59.7437125757866,70.2360484127999,74.5642760534706,90.403196651844,35.067665081614,60.8466273597399,40.2378724678264,116.729219203914,61.4997455350669,48.4800878516668,77.2869545333353,96.9144083138187,39.1144974512018,7.06936369174073,21.0623576828356,65.2005608251269,35.0940268589349,82.0086554004065,97.130572576707,45.5948903069508,130.679372623889,61.6812917907388,97.6772651540815,89.7822479187643,98.7511671343226,90.3007026992525,76.5859793286363,98.4629625153148,58.0034399016582,101.234449697754,40.0760001165398,130.846255422436,39.6330622322576,75.5173832963316,32.6591142974859,33.4699694307928,40.3645626339088,102.623134626089,86.8080620297038,79.5568005198388,41.5600592964413,84.6274261963086,14.5250128265517,140.05676223225,42.9575240397516,86.3560370929807,106.295773370363,87.8236258330781,41.1651776042771,83.198323038132,66.6557789694967,41.9864720592069,49.4589973440247,78.7539758575898,102.262024546531,82.8502404785525,36.660767493418,8.67997105848539,14.4743683418007,35.519771066548,32.996593740218,89.9469933929135,78.8933941846036,36.4940770606828,91.0697875630554,26.2429690792403,81.4576791979518,124.995602988555,57.700215592315,17.8256935491614,15.8221808879583,109.13488920649,32.4115694978582,36.4717208194268,31.180387275772,30.7932595544307,8.88866351341104,54.6209523603603,86.476418571619,93.4754540260015,12.7058367936755,84.3264089230994,107.390009393848,63.9582927681384,52.4520668857899,79.714870576589,106.413406347273,37.2928476161936,87.9988527907392,130.642275892133,57.4934910901835,65.6659549046291,51.4045557668667,80.2881058792436,47.3571261823794,92.2901217981726,48.9430868879822,67.7714065206643,61.1246290720603,26.2429690792403,62.018234992961,7.06936369174073,113.436572059025,8.20869510420372,96.2406167425699,71.4061855774274,50.7829781319554,47.0291261487216,64.8991395366144,52.1370084367964,95.3940435252487,44.1893128512688,84.1543322262866,35.5573276585169,104.604854168084,48.7314008230986,40.8356707071447,122.409211935951,27.2954034207147,92.5952338853939,39.1306580231575,17.2320700908462,41.4146231581633,69.8368278738884,60.4789854679549,82.6849971721364,64.3363706338212,38.0971026257704,45.4886847507992,49.6803991991309,50.9464277065125,46.3423804225238,86.9269015182097,36.3096421632451,132.616178065826,49.3998744707721,53.8511984680262,61.7546373039282
46.1200056281691,67.949426960617,68.7423093507789,47.5053777901999,51.4724760584597,43.0721450214492,51.2503884375199,45.7007363626923,51.0248254990768,51.2554141199296,57.3138665194397,73.0875007400809,48.2425385462185,21.8610095388336,97.9036030062941,118.526409487587,56.015325847111,18.5351055420613,124.530466579122,44.4369823316264,123.095449821489,13.4931136921165,74.9045619046545,90.3042941601318,37.595520206295,13.3980477059835,69.7003457547788,76.1467656339169,66.7145294230015,74.5393400339386,68.8039333603796,41.8110102366568,44.242665751311,62.3355364218426,52.1757108995786,10.7919605927042,45.808799253567,12.1217876091771,97.7460692965081,51.9200843399624,13.732414541137,47.9562817090406,68.4864550865528,21.358056229245,94.6277390227492,23.5679691738283,81.478895810501,120.676123140106,52.0051070304405,8.29829378843126,64.7159580887494,70.3568496360954,63.8417830140588,9.717744573874,14.2079057522665,17.6519954682036,84.5519449897654,70.970823744673,70.0225723850854,71.7865182317242,44.0625473873796,119.186973678754,61.7067231603935,65.2756980142726,72.3585417715285,57.5522331176672,58.3620329052744,78.5793730287444,56.7864455455751,111.291490714397,73.1743815283018,43.4662978605665,77.4820478085101,102.443092192789,41.531272968349,14.5093465029984,20.5416017564235,66.6598390372257,55.4079977364491,85.0968615091902,102.671587995396,50.4996462092299,129.957557362737,79.6572866374892,98.0446466370319,90.1199348444884,62.8666950068554,57.4869837009301,71.1771714348372,104.079986887701,55.7100244232731,88.3053878765663,56.8231018410439,131.491129545891,62.0590421731033,75.4759731563076,39.4232045593946,65.7876785368125,48.8147003104059,89.5167182250894,89.9706544294322,82.5526769448465,65.9767171423591,53.8752780983523,14.0295429063302,134.489417062427,45.4732462990021,69.6953927393945,102.070448930372,86.0092476042448,53.2641445235093,72.6538266219657,53.795899511083,65.7441058920096,50.1617745270989,78.4443890544322,83.7947347028309,52.743891040043,57.1723876223023,11.2126076064372,15.218841054421,37.3175872712537,44.9986323075172,95.0782066045031,50.2248944917558,48.9803146120909,85.2534092902815,65.5279303001726,86.4430468797467,125.611642245107,62.6851934757082,17.4574264686047,16.4427719197004,110.025907607267,128.697098938333,39.655666525408,34.3771513018415,33.3499445714433,10.4970835375042,59.3398990175117,91.4096456282179,101.700527151126,12.2847044092948,84.6435754726868,104.910092770677,77.8297073054476,70.3982384277993,77.7666334879596,106.59312168585,50.0523798967326,91.2048280943415,131.28614470504,55.0946636320474,61.028362771506,43.9793871408996,79.7844863254561,52.4514501865451,86.6459303715688,80.7819133148661,67.4558205312321,60.243492489951,104.203345914791,68.0744320095103,28.0704270901519,116.060640419508,7.96281386658818,64.3194824399105,66.3631954165265,53.1180111112996,54.2974811264841,65.8213101611062,124.133925547922,95.7528374075268,69.1934025629071,86.4863671977461,46.0080764737484,72.0128436477952,60.166312882152,44.8596504367109,113.914270278043,27.4299284730249,92.9435009492321,50.2248017697884,13.0663613687181,46.8987323789244,56.3632296037792,56.5356816379746,66.732605450189,59.8806241525179,47.0366572224428,49.4186542509059,57.3585086259217,68.3774535050659,48.4732319520803,90.2003143912227,60.5437575238706,131.241122689741,60.9916450901342,55.4127212026597,59.3534721491228
69.3385903918725,64.6885662860218,71.6943405334037,52.423152956883,58.6314504026236,40.9698248203735,52.4058928204093,55.4256539737302,54.6963818573946,48.4688560527078,54.5164182074142,76.2261293849794,58.5083405890121,24.5153013541379,103.692182471206,124.518047421183,48.8563720681531,19.3152144883594,127.929735552743,44.254313266231,125.951142697235,13.6794277443194,75.8577280779871,91.0737237926139,37.4409746413446,15.2614956520292,67.9731070603448,77.3788782063241,73.6208434302774,82.2556814759275,73.7669917290169,34.5056611875582,53.6573122880663,57.9145065755125,55.383159079506,16.2250486501611,44.6736150624485,13.1326768550762,103.656986361679,49.3869446167511,13.0082226303725,47.7591457042991,67.611049526867,22.4502598948914,87.0799938189945,26.0077344998525,72.8993605150188,123.606732488463,51.7913273406736,8.20724657512622,63.8887476653205,65.9794849295619,65.4029477416533,10.7270474331591,16.1996336737756,16.7845734828564,83.0266655619116,67.5649676757651,69.19206487399,71.8663281869927,48.0104772838187,114.891303599921,57.8675400031709,72.0330636350703,75.7784675244722,53.1122102620136,66.4792312263262,69.7020334170046,54.5691571159538,114.227474984515,83.9392529900676,47.360804805492,81.4523488652886,90.7414109897959,46.4505605234888,15.3315486093743,20.3359394911062,59.6407154209562,59.5627814758608,79.0576316041919,90.9438065939308,50.1387776324767,135.724113528236,70.6581719999619,100.124815582552,92.0319687623609,58.0166735990127,53.0519946882038,78.5454598771029,92.1913294867744,52.7721034251142,89.7342362026671,58.9995093838592,135.080401546954,61.3229866569948,73.5371334467046,43.5177712339453,67.3310801775589,48.6140355664161,90.9651667973639,87.8515419970764,76.6940049973607,68.6050537292143,49.7189238936022,17.1782064615397,141.288002258943,68.3662275398645,68.8045343322621,107.23022029571,80.6231277711869,52.4886447940811,73.4808055390187,53.1082711404689,64.964343425511,50.7571657127622,82.6657447016744,78.2572172524431,48.6748207533159,72.7628746817448,10.8728908760392,14.3720389251208,37.0450704128854,48.7512664029534,84.2177880128382,46.3501590143286,43.3181509291464,93.8890870323374,62.3078769357211,79.6330076481939,129.040423730785,54.6738073785805,16.3641976175705,15.6278262796231,110.009171901028,134.468569314211,35.7794868212702,35.2655332626467,37.9789993343305,10.9804469390187,51.7560532058516,80.9682726754473,95.0331639618028,12.9500594643254,86.4394199494173,107.432468492101,77.9162358850698,62.2601455607772,78.4292371080921,107.851393184778,44.266284606396,89.0566467086299,134.869821299383,55.7703477235453,67.3460425977037,52.3513693903181,85.7817059429734,52.0766340918136,91.0768112415046,71.0829098674643,66.9591418165,59.8774979091726,108.876384615553,69.0144095097753,29.3292560748416,112.248217528699,8.5957243539739,57.0919315231343,73.233139190944,50.5253594626614,51.3455376750313,66.6025709571644,126.535564342446,97.7843820726628,68.3727294772239,86.7932724028571,45.3382215239302,77.356868884217,59.5885155865477,43.3208000834161,120.802913565687,28.1786746021319,94.9154411927244,26.6164923234125,13.9468272413896,43.9286490006465,55.642785181672,60.6683336693235,65.8796178959407,63.512503686948,46.5849484167091,43.1027780821916,54.2401489817797,60.472964997084,46.1072886099612,83.7988980939497,57.5464871448058,133.648594835636,60.4059218523389,60.181514549539,60.4672963531038
57.6095988812149,66.9231649070656,69.6706739103897,48.5142391244015,45.9020524665363,41.3996344322367,51.9019646713708,46.0217682569727,51.629263384076,57.8725930446824,55.088343536669,74.0745470886605,48.5814257232538,23.5833011060207,116.831746235662,120.123548767108,47.4160844608328,18.4331479105794,127.439926332338,45.674407233102,125.009368002145,13.3915255481107,67.3352750114183,87.1590043402176,38.642432720291,11.9480921813579,70.4045332530173,78.596019693967,68.1313313156539,76.122315720802,68.7079127779281,35.5278658505924,44.5534552029609,64.322261972483,54.5090646638878,13.480495338618,46.271608776165,12.488017630759,101.051115826395,52.3075892585065,11.8772655507735,49.2917076100634,67.1430490040257,21.6645700516323,77.6130614593531,24.0684769885464,84.2136847899108,126.236612011775,53.4532795000092,8.81138653644061,63.446512741883,60.1906164721255,63.2447813209995,10.5367604050255,16.9330692477165,17.5240344341821,84.0969148565982,69.8989285635605,69.9538306814966,66.7244417878299,45.3363753118924,116.458412674767,52.7903925020739,66.6619437585009,68.0651499666923,54.5721107913623,52.0460118030659,78.2778520055061,52.7945704251432,112.040110929119,73.8579337382682,44.7228884862333,85.4487548261519,70.0444548358321,37.3816739265294,15.5560037192577,21.8112524914406,68.897235498663,58.8435687071371,77.0512738893538,70.2006865893188,44.5360380920278,119.421230620162,79.3516294955502,103.220551553763,94.8774838780826,59.6113835928241,54.5102400661731,72.688745481371,71.163665453889,48.1840066750932,91.1457229581741,59.2585479576143,134.563214312197,61.9981183290233,70.9240290725709,42.7458097589257,65.2079660454666,50.174030367325,92.3960156414659,84.0074739773899,74.7476323893539,68.3024009578995,51.085552827944,14.8054535578077,136.301657318409,56.8017163795,68.3282725634139,103.445844708999,92.8942574382727,56.1840021718081,84.0602839659323,52.740658171363,65.679564392233,53.6490228548255,78.1069414755503,72.8526888493437,50.0127503223013,62.2187324639644,12.0930488881076,12.9487620258168,34.4893014431338,46.3581553921041,65.0087868867531,47.6241903782391,45.4728249006242,83.5958758892001,65.0529119526093,79.4199179946798,128.546361978251,53.0620215688903,18.8548872796353,17.672690985766,107.047969484037,132.704240956737,32.7286469684025,34.1594800080187,31.5628679446891,11.7700020592296,50.230282894208,62.5004444683856,94.6342283644304,12.6190501730343,89.1120203443452,101.430186683348,72.3414911655543,65.3570070893234,75.0580291750247,99.2525853795514,46.4681193848804,85.1598476340667,134.35344032086,53.8201546964327,62.3244087846903,38.0230177016765,74.7146517104584,46.257349483433,87.8894037957153,77.7520920772085,63.5190626282247,55.637551473827,107.447844891986,67.5619072239131,28.9444342651028,109.442655991503,8.85304595928828,56.98919972659,67.7725361056055,51.0554150641951,61.3073971313892,70.3972099563595,126.014193142908,100.807754722527,69.1254748617777,85.2457603502666,48.5301677450369,73.3070728912948,59.3391762658937,36.7815634249444,117.766005354417,28.0707858882273,97.8501097243374,48.0683028796653,13.6626930301422,42.8176801594018,55.2576284249052,60.5311668392921,65.4236022618744,58.280712626241,46.3900205975381,41.8321066326976,64.763609549438,63.4809309619848,46.5909947499899,81.6722145306539,56.7290602848971,130.419402728231,60.1531622161929,58.3702480407485,61.2377020551932
17.0205722224605,40.8352459949755,55.5993821409306,53.8113278857761,15.3009605838264,41.4692255643338,16.5930953026142,64.2844413229094,17.0037721261613,18.2698783585909,55.1809448420825,59.1138110102968,67.8598395839914,12.3719745562588,101.993115563996,125.807064328806,47.5723390156642,20.8246231038373,125.528324686863,16.9668953554556,115.728700777561,3.98276934679902,66.7827872229043,93.268098852814,14.3546934041049,3.98276934679902,22.1145456548243,18.4629838009197,75.5703371812146,84.4338273588699,74.1322310537148,36.2075444180958,62.2334622332483,58.1627287583815,18.7637816258911,3.98276934679902,14.5342289412709,3.98276934679902,96.5157457240602,52.4130184602214,16.0297226972825,18.3106316113401,18.8309890733296,21.8982621198019,90.0965454067656,26.6964241904496,81.1691095824071,123.487435810936,19.8565510670774,8.4180844450465,17.7942557853104,62.6974449866127,64.2051554275696,16.7429164768431,3.98276934679902,3.98276934679902,84.3560092100553,42.6510005413216,24.4552397380486,21.1092399132159,48.9019491899708,117.384321688841,54.9890152936589,73.9405126790414,66.5840325532019,19.6010429388796,17.3489840290832,21.411033447398,18.4630122467021,114.204355347817,19.6940229691033,48.240213412227,80.8175264742478,86.6347211243342,47.3007606977744,4.52200114745777,20.7332531259581,66.4063954934065,19.7714278857664,88.0242997579625,86.8279568976129,16.5950254042706,129.150458025208,21.7047395873261,98.4838555320196,90.5236435461572,21.411033447398,19.5788204020653,80.625358395787,88.019020566767,65.0298052311755,21.411033447398,19.8267516343972,132.544763193285,21.6739931505312,74.7509430434755,67.9231087182516,18.856459237343,18.6383923596251,21.7047395873261,95.4959111303283,85.3925920691051,18.2601732074602,18.348751771123,17.0135614039435,142.750622557991,16.7818859143671,19.1633977474569,108.340272772695,83.5655088331977,19.4746343053048,72.3624423017528,14.7916839118462,22.9609940936018,56.209872338985,73.0592333742223,21.7047395873261,17.9634258661304,16.8216437611475,21.7095565408703,13.0096973488662,13.4628016033205,14.7848798527518,80.4063381714551,17.1055102505031,14.4682044726713,76.0962275368838,14.7848798527518,84.233144121009,126.618163774208,53.2368816960599,16.9614171313258,15.92321091614,99.3995407046252,18.2601732074602,34.7318356667861,31.0351034985749,43.1486577687219,3.98276934679902,50.3958113342287,77.303886358404,92.0191843597761,12.9438470877466,85.0227518227102,92.6189075560397,22.886274531142,20.794805344877,80.3189496918491,105.658612505522,14.7848798527518,96.8058775785106,132.338135816346,60.4651749104024,69.1293784449616,41.5436508045937,83.3387127971866,17.2364207212497,88.8374519911915,17.9182384905,67.5353845312008,63.554081059166,14.7848798527518,20.093565302621,3.98276934679902,110.660938082064,8.51811139476625,21.8029075715878,75.1723664608607,51.1412371779102,19.3542163767833,73.7575071101555,22.5260890610024,96.1817797246468,24.1656538788858,85.9846084130526,16.8216437611475,17.5168800341089,21.411033447398,59.278188360339,112.480438585679,27.6497234940623,93.3598583307761,54.7443999564043,3.98276934679902,54.7139514674559,15.4975952466071,58.034194789301,18.348751771123,61.0020504478736,16.7386597715591,41.9699597952663,20.4453128204911,20.1978894269425,46.669312351453,93.3033177889642,44.5586093219268,125.899793426222,21.7047395873261,64.6663588349607,59.5491684472608
27.2499337836419,70.9388169133642,79.8318309767591,64.1808599385678,22.1558134518059,12.3539432604156,31.3761680115585,47.2064764618058,46.4882788821253,43.4011570066506,69.2978630318672,76.0051272294698,45.0816671042249,40.3273784719975,88.3399115535678,113.71552513864,52.8124260786944,54.717667919253,132.844196001047,36.2200759458378,117.396995212697,41.3659387399808,77.9221909540901,86.8378133027138,33.711718858029,31.9538983861221,56.0526334604598,80.2180576874985,69.9457646035488,82.914263341458,65.8151824384562,43.6047063493939,41.9655072126717,64.1661281813285,36.7652350703515,28.9573836693727,42.5302478882098,36.0237204223613,98.9297227984677,62.4151610948708,57.40862175694,36.1452404274729,74.9182817745544,101.37910601081,87.3892225830048,35.2460950352904,87.1610353168277,127.883538676698,42.6859701340676,31.6328915167232,67.1417362794045,73.9702140277787,82.194093596391,37.8026764330376,31.9538983861221,28.405313547608,72.4881115985218,75.6156668565343,42.8444154239123,55.9791633088389,39.3820258100226,123.795734768604,60.4595487743427,69.9682090934974,70.8239487510039,89.953656390589,30.274141140277,60.0229180995432,37.1262031345477,112.519299339264,53.6634653080731,39.8941785608032,66.7462836169702,97.6171898936333,10.9050888881593,28.9573836693727,78.9137749971705,73.054237405233,31.9787330342485,86.5742893554939,102.726211854771,41.6012474913787,114.637425521004,59.2523569870314,109.237943126772,100.251844470511,104.70603958959,91.6323707589382,79.7534367923806,101.407435184172,55.9780609301465,107.416716330054,28.1644880591875,136.76573328287,36.7149935889938,61.5743085962946,36.8606745803888,39.4745221065854,38.1474520753948,106.037723987489,93.5673572872655,74.8298155723223,54.1686803705746,88.1246742849192,49.6903223353704,139.814554056568,28.4025470990894,73.420777050279,105.17139851176,78.1286194060821,35.3883196179617,89.902021904636,77.2195452101631,37.1140027925246,13.2350895026889,77.5432818049422,106.357854820664,62.3500025512375,33.8634616978225,8.09769322911612,15.2189296627142,46.0514236244703,40.0869718565347,90.6500481264606,72.655627853577,41.1650021239924,79.2938769059911,31.609256107045,81.6641194563391,128.161999302141,57.8375198606286,68.99785317154,14.5732809157244,103.524988204577,29.684611963944,47.2705666316272,41.5550591636161,40.7507344985439,36.3032094906011,57.2140634054771,90.5400173692757,93.2924073581823,59.4439680242198,99.0402372090988,99.1564575127148,75.5298624702853,53.0224013763613,80.3131697067298,111.902257272703,44.4481819239641,92.3661599911511,135.851164294326,54.5487417855,71.2913522583353,49.1848997786164,81.5604799545737,41.8469290283753,91.8984645181467,52.2631649032614,20.3512006663894,79.2621752550186,31.609256107045,54.2036283204443,28.405313547608,114.433972558275,8.54959543982928,104.633248141202,73.078318644801,56.6183952829299,47.0184146653193,70.6930285091357,55.2381896273866,107.676503782777,42.2032184383215,86.546061007501,30.6878754168798,118.41738330672,49.7141783967322,56.6937744778123,122.384237357198,27.4782977234284,96.846082104387,36.7971033203794,19.1202333743208,43.611482967614,72.6718602511277,56.6222632315215,73.2508372264232,65.3047594766934,8.86269954484714,11.3231345889489,47.5307700616899,49.9683058860422,57.1995759234429,89.9315178576478,23.6134426006818,132.8871746157,49.0759586329169,56.2867580352521,61.4433913826909
42.9492346036993,69.6669618924761,72.4713677920404,64.6098218113447,25.1410261078616,10.1176261509122,31.5921829635757,40.5358427486299,41.6086136978287,44.6764591366764,56.7535285239741,68.9974846140169,38.7112850937198,36.2592777431049,94.8991065227295,109.298022744149,52.303784584709,50.5190749963337,133.7653490755,35.6005856119944,116.410898140932,40.0856239063142,72.9852615131782,81.5484994014952,33.1351302279824,36.2592777431049,61.0568794632331,77.2303232386177,70.4132570336263,83.4684325706786,58.1005457039794,53.2829969873592,36.0354622657698,61.171130925801,30.6520534363667,45.6403848390929,46.3272474197602,35.567997615477,93.8203157132497,63.7372811312096,56.5788601617546,35.5270300434652,79.4041399633291,99.1894923430635,92.4227853506971,35.4816673063519,83.4474961342759,129.59124821029,41.955890331686,32.5394364221686,71.1619607208013,69.3582032711485,80.5748479346287,40.497492691637,33.4546125286654,28.405313547608,72.8971518280748,74.2599610563271,49.064950788846,57.8191733945654,51.1263784814529,124.524962957179,56.6899221353883,70.4358515345043,73.29950309397,83.0164021220523,34.3531946798708,56.0554297136788,34.2130284885247,107.484402641989,57.0250116516434,51.791263408984,69.3532329801468,87.9855974226843,11.4779609400986,28.9573836693727,77.0547847766064,69.941725351313,31.9787330342485,86.9127451901582,92.5905276607515,42.8380871319676,108.330471357909,55.3358023504962,107.205273772056,98.3863859478026,96.6310768895696,84.5656535104098,80.2864801894245,91.4018706900256,55.1689760973938,103.415963469454,32.5385762003392,137.714078633933,42.0456046799362,61.956634706246,39.4883389294496,38.0220730396995,37.4949968498232,102.08833191828,92.6609366704753,75.1223572480998,39.9233472868923,81.3284716915311,64.0714304396277,134.383183743881,44.7658944196662,77.8169696237859,101.085809457923,76.1554781780697,39.3191575932693,76.9814831045208,81.8431954195586,42.5025456077522,13.5747637290784,72.1229830649611,95.1527738865514,57.5415507473029,35.453858439757,8.56827795148974,13.9234929999023,46.2306053921047,39.5798463536782,81.7058824321055,67.0524029855196,40.4645891346097,81.3740602134727,31.609256107045,77.4167660504421,129.050685622199,57.2804812109274,67.2553097889481,16.267879630567,102.125053268307,34.2947830735098,44.7268795212292,42.4966250745431,39.809918285015,37.1843910389034,56.6630293241385,81.6067080764789,92.6956658813018,55.3209090363997,97.1973239383397,92.0946224471757,78.012495301936,52.1202374814001,75.4212735519995,106.442061101648,43.6919063897076,91.4713758042612,136.793167945406,49.433141162652,71.7678381141933,42.2577839271537,79.0594511419748,43.0910729851144,89.9136163391503,53.8812606783604,19.5506306354586,78.6333972244971,36.5183342340075,52.5259748816226,32.8168031111032,115.560580835411,7.89682166928416,96.3787285719522,73.5667479437425,46.3693044934697,48.4000065054615,72.5073418740052,56.7250631771199,105.672889258397,48.3306590910204,81.1393070906081,34.0966008769312,108.891703014116,51.9860790719407,41.600412138288,116.063478824945,27.6688346018967,95.0439970633912,37.5106626165268,17.0842161030855,45.9094543935236,77.0232101710578,52.3979992416914,77.6368543670132,62.0420616073178,9.26771826846808,11.2140804037589,48.9274169826959,49.1181067194148,46.8452795180352,90.2830985309139,28.6201910690452,135.100919127301,51.3186931434797,62.7834531069232,57.4236712682521
39.2978471977584,69.0056004106565,75.9710436227655,64.7786867437479,22.8644523778818,10.1925674630711,28.4338306458407,48.2774705682562,44.3354641452901,45.2159024682533,57.1739022197197,72.3294050212239,46.1044547256786,38.3185339740202,95.4654894727546,111.770648969264,52.5150232823601,48.1180463826418,131.95999106078,37.8354070038285,121.832410564628,46.2354492296248,77.4965917656836,83.8206688219121,35.2151830299721,32.9759225282523,59.8770242686087,78.8842612108105,70.5972898873925,83.6865865730994,59.0728938650369,48.9738988650793,42.917597143284,60.3307064504177,36.5027082368349,41.7602056475083,45.4320257182684,35.7154172747693,100.542284719125,64.7484086469528,58.5660995931069,37.7572339955799,86.6603809099703,100.237148282158,89.6931086657029,35.5744025776042,83.1560729455093,129.097011187958,44.5896650186705,32.172880768781,77.6650011600533,70.7961293567862,78.4820168340298,32.9759225282523,32.9759225282523,28.405313547608,73.7555613062981,73.5549973755528,46.5780808927618,50.4337970992632,49.9359928796913,124.112381898397,57.8652109114335,70.6199434415035,75.94427423729,88.5219742373335,31.2424393664821,63.4889693318628,36.3607461912308,111.735984265812,52.5775845486609,50.5853971596962,67.7753107485868,96.3080840229291,10.2697481758781,28.9573836693727,79.2199401190658,69.697468284607,31.9787330342485,84.6659823722433,101.348590893127,44.8899846154968,114.596766575844,62.6739118106763,101.053401646012,92.7405772669586,103.039561825,90.1739705655494,80.4963178065234,100.047499819537,57.106695669238,105.630684083591,32.0729934337944,135.85542676841,39.9145121819293,65.7740711532452,32.154198167824,32.9108506628821,39.8487396213608,104.274620432906,90.5778122323502,73.180385231339,38.0633907128406,86.7221017992901,62.9836601347628,137.423306300512,40.9600612166323,84.9281691354036,103.372652505741,81.1036258721572,42.1430005884602,85.3720414163353,89.3223261812749,40.3482929390041,12.426741941358,76.5882510813167,103.907699108416,61.357653940966,37.6794690554861,8.67997105848539,14.4743683418007,47.3215762322458,39.7438940329257,89.434375863089,71.4992572300208,41.6007340310627,94.0705414038969,31.609256107045,78.8964325102173,127.308958850629,57.511819236424,71.6251754113422,15.8221808879583,104.466511010626,29.684611963944,46.2207590161277,39.5150306572686,39.0244221333339,36.4095625701806,56.8918736537493,89.3258206852599,89.4769272982404,55.0953115082796,91.6197484439312,102.79627056337,68.0477794522548,53.5836439580955,77.5227213121848,109.193664032975,44.9186663178965,89.4149940626821,134.946945109552,50.0756356847695,71.955411315792,52.3559254756996,83.7747187160192,45.1550882140938,90.8632989309049,53.1761445318474,18.9845765980318,77.4634891585655,31.609256107045,60.5843643734149,28.405313547608,116.24432399782,8.20869510420372,98.5583432223221,73.7590227956205,46.7127621851062,48.984409595191,66.3753745040874,53.1928577999125,99.6089515524074,45.8810069621796,81.508295575165,36.545367672551,111.819490714968,50.8476237156827,40.0520472685449,124.37910962883,27.2954034207147,89.5899881726968,36.0131563115954,17.2320700908462,40.6198898075039,84.0618730385493,58.5773648628439,84.7315942872052,62.5671282510732,9.06476232927469,11.2593705822547,49.5181882598433,50.497220840333,47.1922627592783,87.94920942844,26.8903801087871,136.98588745395,50.1948530284269,55.6255980242452,59.2859954287991
41.5992477357535,68.3208238117058,73.4834925521092,60.2037570336239,38.0526025594631,10.6612280664059,49.8410089766852,49.3483826699811,53.169500763073,52.2040235900422,59.8027938710511,69.9610936183441,47.1271640335193,89.5466223297308,93.7156567968444,107.327694750209,57.0520293736044,45.4346070932173,132.610354216315,45.7560774475625,117.829891592266,50.7504276019543,78.4490358537251,81.7720857330683,42.5873214972009,54.8808103190389,68.389785764339,68.809632534917,65.6114271724273,77.7763054220372,59.9267958042262,52.9872620471473,43.8696141735201,60.6213167370462,48.0189224311826,44.2058093280439,51.891130924842,48.7063889779027,93.5648617839245,65.7985324645328,56.250436943733,45.6615392754379,69.9410195949907,94.1069401738774,96.3790617057011,33.0619961141017,85.0172202104622,128.505930112238,53.9243086706774,31.2116215529694,62.6811157641163,73.1222913123271,80.9069493173178,39.8056275355304,58.1981343649561,70.9272415282705,73.6429865966007,72.8250748672505,72.9338315956181,61.3719894114089,44.7716338120696,126.920160436948,59.7664992077635,65.6324808420245,73.6977173327171,56.354614505097,51.9958277833463,81.9917819740976,51.3147790116335,106.530861254709,62.5585065129502,45.3538769786453,67.9463940501578,101.802178872355,10.9042872234446,59.432889832796,77.2612679737991,71.2573934695906,50.489434418525,87.8542556428088,107.130231934702,49.7189120570112,113.963784542549,80.9391893855464,101.433481375879,93.0893909929804,65.5967609788467,57.4063038403444,74.8113461839057,105.754917416232,54.8487368311189,92.1401613533494,45.4757702099984,136.524988529815,62.4997478191606,65.738003782032,38.8137143055045,64.6886896105373,48.1908920952863,90.9572860869102,93.8777442185295,75.9361445059075,60.4257454164706,55.2087846896397,60.8351932497502,131.960642674999,43.3588060243543,68.54300291891,99.2635239749438,79.4280784136457,54.52936206365,74.5520494755992,72.0893965629448,63.1789791674585,12.603317107967,76.2871778776657,85.1432202616866,39.0613400183521,58.7610505052727,11.2126076064372,15.218841054421,49.7167351543896,54.2001664819337,94.5363457421077,45.5176594660635,55.8341847513281,88.0625131898103,78.9273928863966,83.7250469357463,127.936399452439,62.4805207219253,70.1454464925008,16.4427719197004,105.319415010917,117.869128279092,50.2557862616259,43.5663026115572,42.264519375703,42.9979399362485,61.8070152870592,94.421597808505,97.3501628733763,53.2691885790737,91.9643465343649,100.422435403014,82.806130813313,71.9169780555256,75.6280605069996,109.378074785113,60.2873283943501,92.6725622427854,135.612029430533,47.986306830555,66.8736326385702,44.7933355568462,83.2492288443077,50.0125335099376,85.3063677791583,87.7686915788973,18.8961725542436,76.3468212112643,125.511341277204,66.5005412334861,112.78939911418,118.93334260224,7.96281386658818,65.8684642800175,68.5498658685551,48.8606440989053,56.5549537764302,67.3185213777494,126.647815971646,99.9835984498071,71.8423252113205,83.7670051474093,47.2865139581784,76.9795968425521,62.7791113351617,43.9988081162381,115.747461217334,27.4299284730249,89.9269519754863,46.2234403465402,13.0663613687181,45.9987607292286,67.8438410683742,54.7580490223659,68.3843531972568,58.2339142571304,11.1918253383549,12.2321176120065,57.1712279737866,67.774553105782,49.3621924082732,91.2611194273723,44.8378049475555,135.565523937684,61.9731668158915,57.2385730074114,56.9808168607351
62.5419090928665,65.0421399789097,76.6391264473145,66.4360733534419,43.3450933489573,10.1408612464781,50.9647371293099,59.8495035249027,56.9953799637531,49.3658933051928,56.8838628177389,72.9654635890708,57.1556192389365,100.419078440037,99.2566227043005,112.75322556626,49.7605812724872,47.3468672303137,136.230177341141,45.5679859196292,120.563428716976,51.4511937878257,79.4473057241438,82.4688174495171,42.4122559142698,62.513827868354,66.6950239522267,69.9230247143904,72.403547606122,85.8277387786996,64.2495164816033,43.7291637084686,53.2048769596528,56.321864674829,50.9708363140698,66.4607140478385,50.6052209589623,52.7682292288458,99.2229321513507,62.5882742680408,53.2840167785397,45.4738363697431,69.047021543461,98.9193605513433,88.6916266233021,36.4845867978127,76.0651077123269,131.626685654485,53.7026396339852,30.8691739079979,61.8799150426324,68.5728701982921,82.8854196783923,43.9399133651109,66.3566097388464,67.441865114455,72.3144999192675,69.3302341690839,72.0687948954521,61.4402208265872,48.7830966556754,122.345775176868,56.048030208394,72.4267807597762,77.1809373544133,52.0069851800523,59.2275917397134,72.7289326295306,49.311137743406,109.34125521132,71.7616492985368,49.4175078275213,71.4280733259604,90.1737067378692,12.1958759613299,62.8007773664235,76.4877291046695,63.7541582299001,54.2753983534063,81.6193365335757,94.8931567501363,49.3636225772118,119.020655245059,71.7952544776975,103.585549696093,95.0644265195797,60.5361212395084,52.9775390939165,82.555845808225,93.6749391300952,51.956236651361,93.6310592303897,47.2175584280588,140.2516681961,61.7584652835815,64.0493146955238,42.8449781991186,66.2063085918298,47.9927916672708,92.4290441426431,91.6666066408759,70.5470405291314,62.8329460827817,50.9495535082242,74.4884930855693,138.631395596743,65.1872967024767,67.6668745551782,104.281402254071,74.4540882862829,53.7354413895352,75.4006348289929,71.1679375902786,62.4296405619962,12.7529111760985,80.3924467570319,79.5165890699612,36.0478471778684,74.7847541776437,10.8728908760392,14.3720389251208,49.3536717983874,58.7201570302787,83.7378218368722,42.0060763802781,49.3797081790656,96.9827369250673,75.0488877078109,77.1291335005199,131.428639104325,54.4952925157316,65.752758600492,15.6278262796231,105.303395194955,123.155014190314,45.3434880759936,44.6921526565263,48.1309391623423,44.977883263502,53.9078634216734,83.6361811192758,90.9680042887696,56.1543148887998,93.9155125012746,102.836913421831,82.8981920214474,63.6033176685301,76.2724426080107,110.669221079856,53.3180648426624,90.4898107664028,139.313788339467,48.5748136295381,73.7964170725401,53.3202622503157,89.5068853307039,49.655145822254,89.6687463866181,77.2308272567234,18.7570396132507,75.8829948016709,131.13994513847,67.4187863171349,117.847482637977,115.026555631409,8.5957243539739,58.4668549800913,75.6461746177803,46.4757914505048,53.4802802927993,68.1175532030399,129.098091403899,102.104905259414,70.9902343973122,84.0642604343324,46.5980455877911,82.6922015305184,62.1762224591066,42.4894878082311,122.746961541836,28.1786746021319,91.8348914630673,24.4959821003308,13.9468272413896,43.0856722994726,66.9766495107642,58.7607594517556,67.5102527213489,61.7659175452313,11.0843464834342,10.6688103692326,54.0630500523173,59.939760367872,46.952859550167,84.7844189729157,42.6180711528929,138.052322405534,61.3780176955458,62.1644983223642,58.0501159376726
51.9626123886097,67.2889524320405,74.4758867682198,61.482291074825,33.934496510114,10.2472478286863,50.4746669431989,49.6950380201814,53.799344378869,58.9436699399682,57.4806247298576,70.9059178536699,47.4582160896978,96.6014379929608,111.834125578539,108.773931734921,48.293637545273,45.1846810857271,135.708587918081,47.0302348420705,119.661939584861,50.3683333081375,70.521571307167,78.9239719063515,43.7732393823198,48.9415320104174,69.080732582765,71.0228883502321,67.0048027234728,79.4280238359793,59.8431638727866,45.024607804161,44.177783066636,62.5534075762092,50.1663801558799,55.2185306337565,52.4153906723516,50.1779328179422,96.7285309113272,66.2896190120051,48.651413407772,46.9330640904549,68.5690812894774,95.4574880718818,79.0494850327244,33.7641265057039,87.8707708701615,134.427199173087,55.4259246410415,33.1414708787147,61.4515851646615,62.5564648603214,80.150366661848,43.1604635134351,69.3608936090038,70.4130830478539,73.2466648088295,71.725174334953,72.8622318862333,57.0443007371708,46.0659610981087,124.01456270509,51.1305217658653,67.0263035052537,69.3248655879916,53.4365062792428,46.3687663333204,81.6771670179702,47.7075416211087,107.247458325294,63.1428914368267,46.6650366461153,74.9326447961454,69.6062366683995,9.81478486582083,63.7201858191305,82.0366903987137,73.6491040152923,53.6200300419188,79.5479667972045,73.2492404483538,43.8475024575622,104.724155119466,80.6286133875084,106.788287303409,98.0037014939896,62.2000835375618,54.4337379036677,76.4000984059769,72.3088826983869,47.4390727512768,95.1038415886114,47.424868100955,139.714681545085,62.4383913309222,61.773355101417,42.0849513955866,64.1186612670832,49.5328511297231,93.8829192426312,87.6556050915452,68.7566681621313,62.5557570970127,52.3500088794053,64.1997130165258,133.738807783334,54.1605186081287,67.1984876141017,100.601096536616,85.7862679828903,57.5185769717788,86.2565227537019,70.6753164546084,63.1169558725259,13.4795001561728,75.9590100662409,74.0250870815901,37.0386978865328,63.9476193445328,12.0930488881076,12.9487620258168,45.948722596786,55.8376913075124,64.6382948614643,43.1607015190344,51.8358880863436,86.3503639841607,78.3552405297659,76.9227439540384,130.925433504935,52.8887693306245,75.7605646613675,17.672690985766,102.468861828508,121.539128150853,41.4771464154409,43.2904469022441,39.9997499529079,48.2120428768737,52.3186576674057,64.5598370925636,90.5861336488811,54.7189855742521,96.8192644693888,97.0913865493327,76.966998695956,66.7669894813962,72.9939424838775,101.845752657993,55.9701412600968,86.5303015788898,138.78039258309,46.8762360394681,68.2938133714676,38.7267286226277,77.9592302304785,44.1064495432108,86.5306168672454,84.4768229558967,17.793381778686,70.509693569199,129.419290823596,65.9998660955278,116.301235388262,112.151551579313,8.85304595928828,58.361649132432,70.0056444005123,46.9633635104772,63.8563141233413,71.9985073493933,128.566161688146,105.261863164501,71.7717970422373,82.5654062880062,49.8786871861035,78.3630895688458,61.9160552621865,36.0757370063008,119.661181204162,28.0707858882273,94.6743131914406,44.2387476391028,13.6626930301422,41.9960225943772,66.5130402751652,58.6279055126947,67.0429499092815,56.6780001036155,11.0379656767491,10.3542934554875,64.5521505815952,62.9212043757781,47.4454364754432,82.6327244476353,42.012696997035,134.716728264277,61.1211904682747,60.2935504957792,58.7897246687159
15.3521880763597,41.0584426053716,59.4340926576487,68.1953130443319,11.3117031947924,10.2644730430404,16.1367871959998,69.4153631344682,17.718474609059,18.6080080942753,57.577247364416,56.5851455358425,66.2909102160782,50.67783036709,97.6302354594839,113.920452463517,48.4527839809527,51.0468400862398,133.67295617036,17.4705512659528,110.778264237296,14.980029962106,69.9429398696712,84.4558616673147,16.2606592391826,16.3141387359401,21.6987308058717,16.6839802093123,74.3208071351778,88.1004734094106,64.5676323415818,45.8859671963471,61.7087133085789,56.5632607778003,17.2688892757682,16.3141387359401,16.4640328751771,16.0031110318744,92.3871668051485,66.4232298649138,65.6606238551808,17.4344547717857,19.2309351404787,96.4871719177479,91.7640070333035,37.4507055035189,84.6939811224745,131.499648672304,20.5893392018095,31.6621793104049,17.2347569248031,65.1618266105203,81.3674526437482,68.5819936991844,16.3141387359401,16.0031110318744,73.4723306051775,43.7653410753602,25.4719910442081,18.0467876190193,49.6889147733864,125.000547305497,53.2600139929908,74.344655507101,67.8163363970547,19.1931600023236,15.4565346833679,22.3408347330157,16.684005914197,109.319124545323,16.8368852383443,50.3351058684625,70.8713780197118,86.0927095002004,12.4191011657415,18.5229290626629,77.9821089284014,70.9864698282334,18.0163198884612,90.8765516913935,90.5985710601333,16.3384631496288,113.256014276062,22.0540279763404,101.887871174791,93.5064019156111,22.3408347330157,19.5513425905891,84.7419400990204,89.4354863931682,64.0244320520099,22.3408347330157,15.8674337043194,137.618958306498,21.8279086932075,65.106517624169,66.8730045159074,18.5414604358729,18.4002103735303,22.0540279763404,99.6429422000033,78.5484426559032,16.7238478251934,18.8029152073474,73.7745557917203,140.066514573891,16.0015524578867,18.8465374268236,105.360928422687,77.1713271905409,19.9372278404365,74.253052171989,19.8216514092329,22.0651288480009,14.1229223321008,71.0501133249667,22.0540279763404,13.30344560887,17.2890708213996,21.7095565408703,13.0096973488662,17.935954349974,17.8081623449846,79.948093855543,15.5023280477665,16.4927564868623,78.6036018611814,17.8081623449846,81.58462941372,128.961549176645,53.0630585238658,68.152438159317,15.92321091614,95.147603932817,16.7238478251934,44.0157955389696,39.3309119399746,54.6824681640785,16.3141387359401,52.4910681196005,79.8510530984311,88.082951345845,56.1273766533751,92.3763176149396,88.6570206498167,24.3496205789083,21.243423032385,78.1101883251034,108.419149730694,17.8081623449846,98.3637478717926,136.698683699097,52.6639105230149,75.7505600464755,42.3125198353673,86.9578021088221,16.4349520527464,87.4640080569856,19.4679759760085,18.9184605504561,80.542343468545,17.8081623449846,19.6289991482854,16.0031110318744,113.39998826499,8.51811139476625,22.3279787725489,77.6492995186697,47.0423070489553,20.1588874816905,75.4352398487879,22.9822747437193,100.431493233442,25.090784678969,83.281022997135,17.2890708213996,18.7250259073242,22.3408347330157,58.1406589162892,114.29055526693,27.6497234940623,90.3297961751598,50.3829665130533,3.98276934679902,53.6640082671643,18.6542963603049,56.2094449235673,18.8029152073474,59.3245014654918,3.98276934679902,10.3884149046303,20.378557048595,20.0197997939424,47.5251903593228,94.4006158423913,32.9994423078741,130.04819762035,22.0540279763404,66.7971184407507,57.1686901985662
7.06936369174073,70.8588925891649,87.5297514189714,14.7813808389515,7.80090258289962,12.3539432604156,30.5917278286762,44.5112589210591,10.4496632019615,32.3103289838596,67.379252794492,71.4436467776636,44.45182462298,9.84511958704874,83.0381537070306,85.5246330933879,39.3166214618864,89.2968282729657,114.098495807706,31.0965515910542,110.351363973284,10.9980416081892,79.1609964922639,65.3100982675155,33.3909048145269,7.80090258289962,54.1651973007552,74.1233986280271,73.8130098055861,80.6186636286907,18.1273044062222,10.0425231375518,43.2844294575957,62.5619013902535,33.1371487545563,7.06936369174073,42.1255132363333,8.96539236465162,92.992412868239,14.3747258474079,14.0151621042558,35.3646251651754,59.5374966246197,23.0085118339711,65.0575866184384,53.4312825792649,84.7478576610869,109.837838918178,38.8405106789293,8.41029764307043,61.5273316958915,75.7478866012828,18.9299769639047,9.22876428608402,7.80090258289962,7.06936369174073,19.9652119175897,66.0485262771071,42.6187042076222,54.2622989650861,39.0185642419098,106.326866733389,55.4039099635853,69.8893783197327,52.7254396404753,96.2343756637061,7.80090258289962,58.3610979494766,34.3054972137035,105.766405118886,52.017622735519,38.7896512918565,65.2445542179568,96.039623626647,10.9050888881593,7.06936369174073,20.9809569736495,80.098616829221,25.6877130729291,88.4652527284825,99.8820900725353,10.4156560202846,112.058189902134,58.7055096844376,106.873215787292,103.460140633581,101.807103450979,88.6213669902313,80.2207462901043,100.471533471342,14.0151621042558,104.442731237306,31.4470032631275,138.582746904187,37.3241800715817,16.9592515613162,9.22876428608402,23.773450383502,36.3467453744083,105.059088768835,90.9768114649083,84.4686235935164,12.9002226037645,93.8036106749979,11.4593621223735,135.106638858159,7.06936369174073,77.480152902225,102.541992937052,82.3169698171948,31.8325139765651,78.5273251295843,59.5530270650789,42.6351932298311,38.1660584332328,75.6046108321848,105.376265075111,77.117531778538,7.80090258289962,8.09769322911612,15.2189296627142,33.6735703955305,32.4746339944576,93.9064467913387,81.576889612181,9.9407705892555,81.8314685321212,25.6067988020409,74.8353504671632,95.4111974491097,56.6540711818513,17.1718195330401,14.5732809157244,97.3118914414744,7.06936369174073,10.8868009640867,9.57047250333677,9.38522990602701,8.86269954484714,56.9126505909392,93.4375120923341,87.6934233425185,13.7087047047679,101.359426246006,93.2055400009389,68.7355053126754,53.7929998382712,78.3052483598847,97.7440190267271,36.0076696455309,91.5137013209726,140.198722899917,15.0242179795949,60.8456431048819,36.6160812865367,79.3023616669416,10.4156560202846,23.0085118339711,53.4869923343469,78.77460515052,18.2547320134005,25.6067988020409,53.4463416017678,7.06936369174073,121.808334577718,8.54959543982928,99.0029285551118,75.4169977040249,63.9113952512754,46.7707141550628,70.7576284750468,53.5688262878415,105.433002720289,42.7639131454325,79.3090631499618,7.06936369174073,129.835981433769,48.3377704175885,60.0274160833038,121.254738152746,27.4782977234284,95.0142554100103,33.1658721651288,19.1202333743208,46.1758748331604,15.51574242162,51.8874989577318,77.9712727741782,63.6720655974372,35.5968199218729,11.3231345889489,46.5582140605626,50.2846873639812,58.9047828033522,90.5617665154688,29.2062603952951,137.139878540426,48.6230305644775,58.0880674354925,59.2411139990184
11.1421833941377,69.5884705235677,79.4595430195864,14.880174292529,8.85197449094688,10.1176261509122,30.8023421591642,38.2214799197614,9.35280913593923,33.2597375760922,55.1822260902585,64.8565708524962,38.1704441394747,8.85197449094688,89.2036957645791,82.2022611391854,38.9379593445841,82.4449092222619,114.889664585624,30.5646914934849,109.424447942067,10.6576418435239,74.1455798391973,61.3320431148355,32.8198032298197,8.85197449094688,59.0009374854325,71.3626607351724,74.3063495170173,81.1574898919105,16.0024820888176,12.2715132122681,37.1680107787088,59.6417825008155,27.6272313344352,11.1421833941377,45.8863790193192,8.85197449094688,88.1896490502467,14.679220984909,13.8125924743204,34.7597660400155,63.1024044207753,22.5115677005241,68.8048615807193,53.7883981283868,81.1371331106293,111.304572843518,38.1762017204633,8.65132247880428,65.2113842153022,71.0250387308424,18.5570513468089,9.88664955748734,8.16727180299591,7.06936369174073,20.0778728034337,64.8643487925799,48.8064687997654,56.0458764869513,50.6545268356173,106.953193226541,51.9495002113644,70.3564938840916,54.5683853302964,88.8127503497311,8.85197449094688,54.503455141827,31.6136543570561,101.033679915806,55.2760714492568,50.3573483669375,67.7928496413442,86.5636848412434,11.4779609400986,7.06936369174073,20.4867036720746,76.6859754926157,25.6877130729291,88.8111011457656,90.0270267606992,10.7253221246796,105.893136350903,54.8251014131672,104.884548623185,101.534983025511,93.9557076175957,81.7868592992148,80.7569130164009,90.5583115646088,13.8125924743204,100.552744929378,36.3308826987821,139.543691583892,42.7432383036808,17.0645546467253,9.88664955748734,22.8987158969655,35.7250885490669,101.146146125603,90.0954863965038,84.798847482319,9.50770931772737,86.5694467213538,14.7758695979222,129.858156736304,11.1421833941377,82.119407435716,98.5585482949676,80.2380516416778,35.3683827643299,67.2415350026135,63.1188647724906,48.8253518456708,39.1455777912252,70.3198257767717,94.2745972134181,71.1702034766543,8.16727180299591,8.56827795148974,13.9234929999023,33.8045910978488,32.0638093715986,84.6409821034639,75.2856542318341,9.77163067705008,83.9782226259971,25.6067988020409,70.9431615498734,96.0727868938364,56.1084304388309,16.7381445834736,16.267879630567,95.9959742034616,8.16727180299591,10.3009688647675,9.78732289031675,9.16855218053468,9.0778223237047,56.3645194450587,84.2183157709347,87.1324955624344,12.7578630967289,99.4733581487443,86.567524008922,70.9948106603647,52.8777243887255,73.5356552191121,92.9746646683721,35.3950074753417,90.627175207582,141.170872896087,13.6152414140776,61.2523135833013,31.4591359996686,76.870577406395,10.7253221246796,22.5115677005241,55.1429784668201,75.6757910257071,18.1099192523811,29.583664802143,51.7921269014056,8.16727180299591,123.007543823814,7.89682166928416,91.1925850391735,75.9210578958841,52.34212188812,48.1450275489578,72.5735997768302,55.0107647625623,103.471134641571,48.9727604696895,74.3544230099097,7.85460931969791,119.391771174443,50.5467702802316,44.0465513482301,114.992314679711,27.6688346018967,93.2462564921895,33.8090156265098,17.0842161030855,48.6089689109697,16.4447736079783,48.0164687152057,82.6399339364264,60.4909389164999,37.2235679004958,11.2140804037589,47.9262833392809,49.429105039688,48.2418089788889,90.9158110996387,35.3988517075227,139.424468112885,50.8450666019348,64.7926721170184,55.3654702204963
10.1949155674711,68.9278541749739,83.2966810604204,14.9190652777633,8.05040925259573,10.1925674630711,27.7229522714116,45.5211054410321,9.96575221456644,33.6613303610202,55.5909611402956,67.9885246211558,45.4603227308761,9.35470054510421,89.7360869978747,84.0619056373509,39.0952176364352,78.5265360907219,113.339061397268,32.4833853916391,114.520585962201,12.2927077177451,78.7286311358996,63.0409254839777,34.8800614270634,8.05040925259573,57.860811046088,72.8909388704579,74.5005573996045,81.3696039894331,16.2702934121517,11.2790924114437,44.2664423576193,58.8223696011264,32.9005287324714,10.1949155674711,44.9996766014361,8.88866351341104,94.5081961905765,14.9120919826059,14.297737073128,36.9418051100471,68.8689331055644,22.7493386280959,66.7727325363665,53.9289800702554,80.8537783887521,110.880077814619,40.5727070250031,8.55386562298349,71.1706391930497,72.4975214525363,18.0750551012123,8.05040925259573,8.05040925259573,7.06936369174073,20.3143022918955,64.248579413962,46.3327001310745,48.8870074932436,49.4751274492313,106.59883165394,53.0265111194718,70.5403783810734,56.5373057836059,94.702730995821,8.05040925259573,61.7311866068097,33.5981967407464,105.030101037,50.9650456170905,49.1848682457288,66.250429194694,94.7516738787914,10.2697481758781,7.06936369174073,21.0623576828356,76.4181655217117,25.6877130729291,86.5152643333877,98.5426105133035,11.2390533146338,112.018445745482,62.0954865570755,98.8658490907384,95.7084951120417,100.186764501637,87.210889255273,80.9679801618485,99.1241491177324,14.297737073128,102.706147842546,35.8110371845295,137.660346429518,40.5767860625274,18.1159812319341,8.05040925259573,19.8204926509381,37.9677255939958,103.312257114175,88.070036231406,82.6067305826805,9.06476232927469,92.3106535156892,14.5250128265517,132.795910556818,10.1949155674711,89.6237794624661,100.788217644009,85.4514616248768,37.9084870298745,74.5704925345087,68.886897664468,46.3506260848468,35.8350246873825,74.6734569718915,102.948722151793,75.8901464961539,8.67997105848539,8.67997105848539,14.4743683418007,34.6023272044355,32.1967051253679,92.6471042418813,80.2785301939854,10.0459937327782,97.0810212473161,25.6067988020409,72.2990980226958,94.7761448485385,56.3350349162555,17.8256935491614,15.8221808879583,98.1969083507335,7.06936369174073,10.6450216207251,9.10063713024419,8.98764594498966,8.88866351341104,56.592158186229,92.1844582423169,84.1069309619884,12.7058367936755,93.7651746075089,96.6269081034177,61.9264798462509,54.3623992114561,75.5845643753255,95.3781258301807,36.3888111432659,88.5897720664446,139.265566562352,13.7922020081267,61.4124032957135,38.9767760365252,81.4552960681972,11.2390533146338,22.7493386280959,54.4213508732142,73.4847319317932,17.8404797857606,25.6067988020409,59.7379314699161,7.06936369174073,123.735348810654,8.20869510420372,93.2549145313923,76.1194859978374,52.7298202708202,48.726351909969,66.4360289564531,51.5853068042009,97.5335425189564,46.4905632641051,74.6925566081655,8.41871559422265,122.601875797218,49.4398346852728,42.4071413223336,123.231199502412,27.2954034207147,87.8954092251794,32.4592870284893,17.2320700908462,43.008373480006,17.9475572118001,53.6791146238648,90.1918735800541,61.0028782920083,36.4084002438485,11.2593705822547,48.5049664859365,50.8169512189797,48.5991363214759,88.5655658796502,33.2593369322195,141.369759884772,49.7315985457623,57.4057487401971,57.1610442507601
10.7919605927042,68.2438490902559,80.56926363566,13.8654212720347,13.3980477059835,10.6612280664059,48.5949265939574,46.5308746382765,11.9514722624885,38.8636914959885,58.1470681744034,65.7623484473298,46.46874361929,21.8610095388336,88.0912712837939,80.7203915479409,42.4728271178464,74.1472811531344,113.897651535257,39.2836344429561,110.758279890152,13.4931136921165,79.6962171622852,61.5002007955846,42.1820437102991,13.3980477059835,66.0869259942067,63.5817416784524,69.2390303356718,75.6229574069719,16.5054814008688,12.2034030189357,45.2483800661009,59.1057142973137,43.2802938044803,10.7919605927042,51.3973144094635,12.1217876091771,87.9495262985332,15.1539441499119,13.732414541137,44.6754040599335,55.5820704830091,21.358056229245,71.7501422920529,50.1203000002799,82.6633971355145,110.372404437308,49.0664187834812,8.29829378843126,57.4397091049067,74.8795863734024,18.633537031472,9.717744573874,14.2079057522665,17.6519954682036,20.2832961325942,63.6110090800083,72.5496045341616,59.4897286897847,44.3584308876998,109.01040338574,54.76881333178,65.5585349840998,54.86483901834,60.2893907849446,13.3980477059835,79.7217224745168,47.4160797436162,100.137365725646,60.6398556635626,44.0981901671217,66.4176632808521,100.156980076223,10.9042872234446,14.5093465029984,20.5416017564235,78.1285091528576,40.5568945826757,89.77317615395,104.1641785713,12.4480662700302,111.399705220133,80.1921916349034,99.2377010482519,96.0684717023951,63.7806210338848,55.5199552085324,75.2496978589594,104.778892254267,13.732414541137,89.5891294872637,50.7758810024085,138.338803714762,63.5367628861603,18.106047289751,9.717744573874,38.9586313085044,45.9160963330164,90.1178300875689,91.2786048910075,85.7174584536172,14.3903370275624,58.7665530328433,14.0295429063302,127.517188848367,10.7919605927042,72.3326905529478,96.7818220388831,83.6860907451907,49.0502713540343,65.1194812332173,55.5965691449478,72.5776737132381,36.3442149067074,74.3799109436065,84.3574229921461,48.3129752513179,13.5363960941404,11.2126076064372,15.218841054421,36.3537074273574,43.9077956608623,97.9323508895909,51.1066959486072,13.483172428347,90.8807219187311,63.9394316262045,76.7239428041112,95.2432478858885,61.2020687779993,17.4574264686047,16.4427719197004,98.9986249500369,28.0704270901519,11.5743216405183,10.0336784403142,9.7338670355225,10.4970835375042,61.4814060692025,97.4433122872756,91.5076509124874,12.2847044092948,94.1178420254805,94.3955396827997,75.3572303495163,72.9621799180634,73.7372722630912,95.5392043330193,48.8390325694067,91.8172757484775,139.951935154823,13.2167435995677,57.0752139741842,33.3467471363572,80.9443551335437,12.4480662700302,21.358056229245,89.8239389513739,73.1425411314919,17.5833019571134,101.677295175046,65.5714525687347,28.0704270901519,126.597653339025,7.96281386658818,62.3240793820071,70.7436237271426,55.154370264862,56.2570132565792,67.3800376867533,122.820369372786,97.9003834356375,72.7967929742804,76.7623924622435,10.893082702658,84.4024857443494,61.0409820418303,46.5859750261734,114.679213637535,27.4299284730249,88.2259994166097,41.6619944297833,13.0663613687181,48.7035265342998,14.4849403781966,50.1791706904734,72.7911824426995,56.7779996172996,44.951697747455,12.2321176120065,56.0014126986384,68.2036773856238,50.833754893538,91.9006860598558,55.4575895178431,139.903941376196,61.4012088241803,59.0703427382249,54.9384887689472
16.2250486501611,64.9688592377234,84.0291849106338,15.3007750694164,15.2614956520292,10.1408612464781,49.6905602540605,56.4324420580124,12.8114556832528,36.7508233254813,55.3089518930922,68.586409860055,56.3570898288481,24.5153013541379,93.2996937354029,84.800894467959,37.0446518533083,77.2680056205499,117.006679901309,39.1221494722739,113.327762606783,13.6794277443194,80.7103575084814,62.024207736072,42.0086441206618,15.2614956520292,64.4492311659057,64.6105426084117,76.4066816583023,83.4514753404482,17.6960771065809,10.0711866927683,54.8770382278321,54.9137534673188,45.9409053648496,16.2250486501611,50.1236416711624,13.1326768550762,93.2680251355015,14.4145952374926,13.0082226303725,44.4917549038121,54.871610970129,22.4502598948914,66.0271714386188,55.3087729301581,73.9591366480127,113.052788856595,48.8647192892494,8.20724657512622,56.705504938059,70.2208323171009,19.0891950565221,10.7270474331591,16.1996336737756,16.7845734828564,19.9173945046203,60.5583470156094,71.6891249853489,59.5558674676864,48.332871446505,105.081511547545,51.3612834077247,72.345179997908,57.4579492620812,55.6382024897608,15.2614956520292,70.7153283336489,45.56466742183,102.779092678303,69.5607407881716,48.0493135964834,69.8210080061287,88.7164326852788,12.1958759613299,15.3315486093743,20.3359394911062,69.9017616596255,43.5980643238137,83.4020733837608,92.2659042775177,12.3591128555927,116.342801027781,71.1326472288626,101.343182489882,98.1067130376794,58.8600923280874,51.2367179348935,83.0395758189984,92.8104015760003,13.0082226303725,91.038749728824,52.7206711815132,142.114994523593,62.7831807624209,17.640936049693,10.7270474331591,39.8726142430008,45.727347008385,91.5760051068831,89.1286858128447,79.6341854715975,14.9636097053331,54.2328481793698,17.1782064615397,133.96332038304,16.2250486501611,71.4081217549707,101.674247606465,78.4454529571733,48.3361235440259,65.860700802415,54.8859243076958,71.7168612480063,36.7755996694935,78.3825433930133,78.7827206728968,44.5857399605186,17.2276711469048,10.8728908760392,14.3720389251208,36.0882294352746,47.5694600849359,86.7459143516052,47.163931510174,11.924506873434,100.086413913796,60.7974373500854,70.6795808877356,97.8430728634951,53.3802311838707,16.3641976175705,15.6278262796231,98.9835665702305,29.3292560748416,10.442978895254,10.2929709817069,11.0849518466403,10.9804469390187,53.6238681961552,86.3127367517037,85.508520324612,12.9500594643254,96.1146977327136,96.6651117632198,75.4410101083275,64.5276933568328,74.3655440725914,96.6669905910936,43.1932012039957,89.6546691543879,143.772159105142,13.3788344955441,62.9836623009182,39.6946840506897,87.0287594694189,12.3591128555927,22.4502598948914,79.0393133118093,72.6039909658378,17.4764789134532,106.237052169129,66.4768687177184,29.3292560748416,122.43910493047,8.5957243539739,55.3207509970891,78.0670311422562,52.4623254008859,53.198537643425,68.1797996749716,125.196594587138,99.9774916140297,71.9333816300597,77.0347912063088,10.734484779719,90.6659380812764,60.4547850047294,44.9879054150704,121.614114711196,28.1786746021319,90.0978505626836,22.0786566764592,13.9468272413896,45.6191460556486,14.2997913976753,53.8471737228468,71.8607531231222,60.2216987726511,44.520011507313,10.6688103692326,52.956833096451,60.3192775365298,48.3525961363878,85.3785962706502,52.7121142260159,142.470323277397,60.8115524083893,64.1539093152513,55.9694616220138
13.480495338618,67.2131402845701,81.657351156427,14.1598781957445,11.9480921813579,10.2472478286863,49.2127423846211,46.8577379673288,12.0930488881076,43.8810736539713,55.8891915999974,66.6504686491656,46.7951704993853,23.5833011060207,105.122352356567,81.8080960397662,35.9525741831246,73.739412897405,116.558692180416,40.3775554279007,112.480376733271,13.3915255481107,71.6427219322503,59.3581547579729,43.3566759320085,11.9480921813579,66.7546068583141,65.6268428413787,70.7094445029217,77.2289456393528,16.4824468756557,10.3695381413517,45.5662343135786,60.9895006497509,45.2158349735017,13.480495338618,51.9165850939665,12.488017630759,90.9233264604243,15.2670454279257,11.8772655507735,45.9194682282581,54.4917922451888,21.6645700516323,58.8490041180384,51.1846938664265,85.4379431727184,115.458120738457,50.4327583781862,8.81138653644061,56.312992084839,64.0598390676179,18.4592898123268,10.5367604050255,16.9330692477165,17.5240344341821,20.1741382540688,62.6502715473024,72.4783820234696,55.2947689442494,45.6408126677534,106.514815768012,46.8549779436877,66.9507872752921,51.6094355172749,57.1675352150626,11.9480921813579,79.4158180824566,44.0829063565788,100.810955914348,61.2063176750638,45.3730485079593,73.2467298726726,68.4813482029603,9.81478486582083,15.5560037192577,21.8112524914406,80.7508444666041,43.0716234193366,81.2854606043042,71.221230687944,10.9780482674515,102.367958878905,79.8844819810146,104.47658886517,101.140051763957,60.4779854551739,52.6450666228173,76.8477592598293,71.6415351114237,11.8772655507735,92.470756005558,52.9521423854757,141.570873687457,63.47438835217,17.0140744221769,10.5367604050255,38.6153329019093,47.1947097311317,93.0164622144543,85.2287345657597,77.6131957310281,14.897597397201,55.723551792994,14.8054535578077,129.235478569657,13.480495338618,70.9138380757452,98.0859537525679,90.385132694763,51.7391310221173,75.3430664108129,54.5060065065024,72.5064236468149,38.8708660040979,74.0599477038143,73.3419004329358,45.8112725649547,14.7311917891467,12.0930488881076,12.9487620258168,33.5984736881275,45.2343617970579,66.9602799175917,48.460331118441,12.5176398680746,89.1137798885095,63.4759284602097,70.4904496738497,97.4684575402139,51.8065800469673,18.8548872796353,17.672690985766,96.3191489448179,28.9444342651028,9.55252855549797,9.97014659764557,9.21227197770013,11.7700020592296,52.0430346313591,66.6259045921341,85.1495678156768,12.6190501730343,99.0864457993844,91.2644051610057,70.0433626480901,67.737344238351,71.1690102113877,88.959896146997,45.341660092079,85.7317027649828,143.221693422844,12.9109996906862,58.2873078296238,28.830414407478,75.800817681028,10.9780482674515,21.6645700516323,86.4549858439603,68.873903161072,16.2389633682331,104.843142464337,65.0777724354301,28.9444342651028,119.378829667268,8.85304595928828,55.2212062806206,72.2459906156835,53.0127014841828,63.519908872249,72.0643002743607,124.680740415726,103.068672509597,72.7253277967754,75.6612715248843,11.4902245722485,85.919384116099,60.201820907957,38.1970206735232,118.556813420429,28.0707858882273,92.88356512598,39.8731562147525,13.6626930301422,44.4654240317532,14.2008089103827,53.7254290550936,71.3633363507347,55.260985101965,44.3337241108999,10.3542934554875,63.2313097588541,63.3195989837425,48.8598575335033,83.211822464836,51.9633578700893,139.027982233462,60.5570954712401,62.2230867325953,56.6825610158527
3.98276934679902,41.0121834708005,65.1651263973965,15.7059424648507,3.98276934679902,10.2644730430404,15.7333490102245,65.4521462553459,3.98276934679902,13.8528763914802,55.9831390990219,53.1891636510272,65.3647503365434,12.3719745562588,91.7709148216913,85.6787574686612,36.0710519852862,83.3061986447453,114.810309282065,14.9992479192548,104.129858988558,3.98276934679902,71.0548914229554,63.5186494797151,16.1059163777313,3.98276934679902,20.9680787987437,15.4163956521437,78.4299449283541,85.6612860693455,17.7836949299558,10.5679163062329,63.6481392822925,55.1491143908797,15.5647516373033,3.98276934679902,16.3073546298084,3.98276934679902,86.8425111912303,15.2978171081891,16.0297226972825,17.0579293614208,15.2828082664785,21.8982621198019,68.3144289372035,56.7733596175065,82.3491073829926,112.943678116231,18.7345033187319,8.4180844450465,15.7935833175005,66.7278135895691,18.7395947417004,16.7429164768431,3.98276934679902,3.98276934679902,20.2362927970315,38.228007504409,25.3378005313248,17.4932979926839,49.2303296572098,107.361667668076,48.8064016312869,74.260893941744,50.4863992250981,20.5332595021726,3.98276934679902,21.722296839422,15.4164194040704,102.758290193759,16.3205029593508,48.9415066260993,69.2768378273088,84.7013873930084,12.4191011657415,4.52200114745777,20.7332531259581,77.831461237366,14.4720572709761,92.8614854632007,88.0902203214157,4.09064204389295,110.707859127388,21.8504886350644,99.682254448295,96.4988279609655,21.722296839422,18.9088931402915,85.2384793712638,88.610075270688,16.0297226972825,21.722296839422,17.7167516209982,139.447307526673,22.1900840776817,17.9321187008179,16.7429164768431,11.166556710166,17.5316495571043,21.8504886350644,96.8841851384876,88.6662460118701,3.98276934679902,20.0146139770396,17.0135614039435,135.350115217614,3.98276934679902,19.8885473591191,102.72678438285,81.3083586960465,17.9339423497954,64.8583140428022,15.2867948086963,25.3476036345268,40.7263040318284,69.273779010658,21.8504886350644,16.4543520052466,3.98276934679902,21.7095565408703,13.0096973488662,13.1150695001303,14.4264714315902,82.8200489341277,17.4058327103453,3.98276934679902,81.1191030530715,14.4264714315902,74.7625073968203,96.0064285734844,51.9773030029986,16.9614171313258,15.92321091614,89.4372794955537,3.98276934679902,10.1372003649325,9.05823307267147,12.5938229547057,3.98276934679902,52.2145367977837,82.4064756806878,82.7966150768665,12.9438470877466,94.5394600822793,83.3362313642654,22.1592284154051,21.5521632759334,76.1573440392064,94.7016056013339,14.4264714315902,97.4559367241538,141.073364930399,14.5050838104937,64.6514814992009,31.49988457237,84.5502512544918,4.09064204389295,21.8982621198019,19.9238504541664,73.2288126065769,18.549565300461,14.4264714315902,19.3547595666096,3.98276934679902,120.707718196682,8.51811139476625,21.1265092737598,80.1342607782516,53.1018137182014,20.0526872460815,75.5041732927993,22.2877232536122,98.3389460772758,25.4241305868722,76.3170482305457,3.98276934679902,20.5306184629417,21.722296839422,61.5593785432544,113.23575365164,27.6497234940623,88.6212238887464,45.4110480415571,3.98276934679902,56.8194970721454,3.98276934679902,51.5092005941337,20.0146139770396,57.8413208947525,15.996697452165,10.3884149046303,19.961578995721,20.1465580206731,48.9419890026935,95.0621843653014,40.8153237645858,134.210047565787,21.8504886350644,68.9347842356245,55.1196282792081
18.373323251027,61.7248098715329,87.0947037176006,54.7854079653593,7.80090258289962,12.3539432604156,24.6914989573302,47.4527620476137,10.4496632019615,38.4691022526929,68.9617799428079,79.2267053222487,43.700377625232,40.3964016672037,92.0843158346075,117.997678784376,46.8108861411865,56.372916315964,67.7435283109277,40.3687854734647,122.373022511401,37.5826296725459,78.4055580950061,90.107840490018,35.9449595296727,32.0085897707216,50.3503011972351,86.596082539452,76.6872475689085,82.512142979708,76.7577194616337,37.2214025933561,35.0674256641026,50.4955827142923,35.5288449483208,29.0069463045203,45.3476740704531,8.96539236465162,103.122990270148,53.2781902124576,57.5068807228383,40.2183422979244,74.3153584240261,64.5283306725386,77.4584174982664,52.0473332708131,86.7383188186087,65.2138549039677,42.0379899185524,28.7397623155059,65.6356136266385,71.2251279924432,70.1616798891662,37.867378419966,32.0085897707216,7.06936369174073,84.5401004484923,14.9864300179514,40.4900687450794,65.9235818391709,40.9669158064209,63.1292906692211,59.1033208745144,60.8802710739058,62.7756012593018,97.5017548554455,33.4884429969438,59.7318169479828,40.0780552870054,117.288579031038,63.1965116643978,39.7006984420868,70.9492777823708,101.520654762481,17.4460144831237,29.0069463045203,71.6963586980027,79.700503975367,29.692627884024,88.7126039928647,102.228006843866,40.2376150589366,121.856111034138,61.6369084650274,115.310844782773,104.061291140357,104.198232744056,90.568162407844,70.2284797054581,105.488475361209,54.143176065086,106.895763153991,30.4740282341012,125.781141843515,40.8896909287803,71.8117511821534,35.6524316941646,8.47926284822058,29.4194383843314,110.305105477698,93.113571194933,81.2260922355355,12.9002226037645,82.7074568838878,11.4593621223735,125.59097537266,28.9526621838586,80.4971871888111,82.7647109658973,68.0846390949061,31.2549185732005,17.8178731439666,79.2169755238599,39.3279353720399,13.2350895026889,61.0227437948878,110.638119654089,56.6937721425803,36.5825146273149,8.09769322911612,15.2189296627142,38.538286640176,8.96539236465162,92.9464083275903,80.0625872769107,51.3673662406379,82.3069466097367,7.06936369174073,79.8322308718744,113.597825406086,60.9206653271831,17.1718195330401,14.5732809157244,107.913032093355,7.06936369174073,40.3506166814565,35.4718037664571,34.7852243882007,36.3653450325139,54.0700891248515,93.9804265655039,97.2467297404121,13.7087047047679,98.1208529445213,103.359335435885,71.7559665346527,51.3193559386208,63.2025091573666,22.178146635273,9.9407705892555,96.0833431467835,141.013341291159,63.6181024472857,69.2793654360557,43.5955875227499,81.1649252166781,42.6574417908209,88.8861575738767,51.7780092454895,72.9440415203221,67.6589657995302,7.06936369174073,52.542844539996,7.06936369174073,107.399464772095,8.54959543982928,98.9395613790917,75.8552047865943,61.4580025662965,44.4347022417511,73.2698372148714,52.7124220124005,107.445544518765,38.8135893196592,84.6046607665446,33.1519459332597,129.19065976471,49.4730729150532,41.2018366640826,127.309467827564,119.389955681919,80.3450606949225,35.5596414905392,19.1202333743208,31.6943652889662,15.51574242162,55.352113276671,68.7479472778018,51.3916294664619,8.86269954484714,11.3231345889489,50.0644934749807,52.4593016464794,53.7348355638646,86.7103318533283,21.4712923741232,137.936723653712,51.050971200228,58.4255855459708,62.5202546699079
28.9586087446447,60.6181518701125,79.0646065439054,55.1515740033986,8.85197449094688,10.1176261509122,24.8614920858899,40.7473263103323,9.35280913593923,39.5994805980334,56.4782833670984,71.9220344831101,37.5251823106389,36.3213380926869,98.9215309793702,113.413827740828,46.3600460486266,52.0473129690193,68.2132677595177,39.678337655873,121.345128407783,36.4194118241508,73.4380038803355,84.6193483782787,35.3301746514653,36.3213380926869,54.8454565173225,83.3707975300697,77.199797655753,83.0636245805044,67.7604349404352,45.4828858691453,30.1121320391163,48.1386673769948,29.6212455001149,45.7185016250432,49.3962067207917,8.85197449094688,97.7970141910625,54.40676476941,56.6756989312819,39.5304675862859,78.7651155626284,63.1346301324847,81.9199723083382,52.3951989986058,83.0427896823297,66.0846966314813,41.318992850526,29.5633950554045,69.5656564397975,66.7842721593082,68.7794760006439,40.5668070495082,33.5118724929528,7.06936369174073,85.0171483578849,14.7177397987898,46.3687790055721,68.0904605186909,53.1839081321166,63.5011585560007,55.4182544567876,61.2871729932635,64.9698366142963,89.9823888596513,38.0005826249259,55.7835702197135,36.933258225456,112.040271561482,67.1552199120349,51.5400844110866,73.7203859925898,91.5039192354539,18.362497990742,29.0069463045203,70.0073908381528,76.3048244345515,29.692627884024,89.0594194117745,92.1414790293449,41.4339127747193,115.152009792397,57.5627360285919,113.165172558019,102.124947490351,96.1624322676533,83.5835172420131,70.6978617019842,95.0802469931523,53.3606119350782,102.914413278147,35.2067997026179,126.653319093294,46.8264219115008,72.257643439885,38.1939647720731,8.16727180299591,28.9162628047592,106.196774099157,92.2115465671034,81.5436396858093,9.50770931772737,76.3290318000177,14.7758695979222,120.712147844415,45.6329431993945,85.317091727077,79.5495535946809,66.3651589682414,34.7266296397053,15.257124048286,83.9602252344314,45.0379167171246,13.5747637290784,56.7572356347658,98.9821015140794,52.3215306064741,38.3006116309297,8.56827795148974,13.9234929999023,38.6882354968736,8.85197449094688,83.7756677272388,73.8881353688619,50.4933623856897,84.4661743219892,7.06936369174073,75.6801540485237,114.385522492402,60.3339326105223,16.7381445834736,16.267879630567,106.453759058638,8.16727180299591,38.179300556793,36.275533610616,33.9821344930523,37.248034786118,53.549334958561,84.7076625173768,96.6246945848148,12.7578630967289,96.2950473212181,95.9981751278101,74.114553093126,50.4461689678563,59.3528278081529,21.0959787300812,9.77163067705008,95.1525492707634,141.991139921279,57.6519739198217,69.7424038928587,37.4556607008605,78.6760259770903,43.9256829651735,86.9663700243942,53.3810843397407,70.0745885316058,67.1222347405393,8.16727180299591,50.9165939261648,8.16727180299591,108.456817962474,7.89682166928416,91.1342169012584,76.3621937975904,50.3328435982047,45.7403741252744,75.1502835290872,54.1313082315419,105.446227620326,44.4488933053497,79.3191910910701,36.8343736223004,118.798360193948,51.7339552505388,30.2328324735383,120.734336729111,120.217815897464,78.8500220846857,36.2492042675959,17.0842161030855,33.3644012712435,16.4447736079783,51.2226079278726,72.8643463055531,48.8240469302487,9.26771826846808,11.2140804037589,51.5355914726105,51.5667187631732,44.0077282253631,87.0493195361602,26.0238416159191,140.234587731414,53.3839623041798,65.1691470322849,58.4300845214016
26.4966533631474,60.0426924319952,82.8826729198775,55.2957187565479,8.05040925259573,10.1925674630711,22.3760243598276,48.5293437435364,9.96575221456644,40.0776222447822,56.8966183204637,75.3951827545681,44.6918273243881,38.3841188880592,99.511920821699,115.979564958409,46.5472798373115,49.5736515309691,67.2926304606133,42.1691393171773,126.996438823938,42.0067770506395,77.977318828589,86.9770802454723,37.5480210360407,33.0323631803356,53.7856300515354,85.1562377823517,77.4015678858387,83.2807205723631,68.8944472549231,41.8045976876247,35.8630157828658,47.4772947055457,35.2751467156035,41.8316812289983,48.4416808490697,8.88866351341104,104.803902765907,55.2698730778374,58.6663396651831,42.0119867262764,85.9629601205623,63.8014686116259,79.5004927655291,52.5321396600889,82.7527798474707,65.8326618364169,43.9127863941998,29.2303644075993,75.9228207510231,68.1688358088706,66.9930149629039,33.0323631803356,33.0323631803356,7.06936369174073,86.0182783627175,14.5780215458626,44.018565283288,59.3931090429222,51.9456166597635,63.2907639924629,56.5671791685826,61.4473538146084,67.3140591780349,95.9499388655372,34.5595485256543,63.1810584093508,39.2517379395811,116.472062109601,61.9177296162319,50.3400664121823,72.0431024547021,100.15920105446,16.4295933074823,29.0069463045203,71.9745221035806,76.0383455551947,29.692627884024,86.757163376924,100.857067114341,43.4185518435299,121.812891806966,65.1961603192487,106.67129733898,96.2646050301898,102.53983711895,89.1266999150973,70.8826384016045,104.073810766403,55.234815689189,105.118392866329,34.7030382870658,124.943948271207,44.4530124385309,76.7097729486862,31.1002271908743,7.06936369174073,30.7314768406261,108.47104759487,90.1385249354059,79.435672467852,9.06476232927469,81.391103611402,14.5250128265517,123.442993425664,41.7533966688975,93.1136798486066,81.3491864469134,70.6771876780949,37.2206441572355,16.9200666655894,91.6328179294302,42.7551580988968,12.426741941358,60.2711816503987,108.089359890929,55.7914468226975,40.7049267488331,8.67997105848539,14.4743683418007,39.6012180638466,8.88866351341104,91.6999404776644,78.7883291539268,51.9110902610033,97.645106167013,7.06936369174073,77.1266286473626,112.841723435121,60.5776025753252,17.8256935491614,15.8221808879583,108.894462591903,7.06936369174073,39.4544906626506,33.7304155381257,33.311627317451,36.4718801430027,53.7656040462866,92.720091902293,93.2695254991866,12.7058367936755,90.7692481077289,107.153426788719,64.6477303868309,51.86257176952,61.0065636996864,21.641324773855,10.0459937327782,93.0134105154459,140.074762890548,58.4012906041665,69.9246833975661,46.4062617121112,83.3684252890745,46.029675098643,87.8849233096801,52.6825137418659,68.045702379596,66.1235898059687,7.06936369174073,58.7280766521336,7.06936369174073,109.098529930018,8.20869510420372,93.1952263921615,76.5617748571302,50.7056592456374,46.2926636370781,68.7948018008894,50.7606130343641,99.3952966757038,42.1959894931959,79.6799024302031,39.4797631550961,121.992509685871,50.6010212130653,29.1075682439619,129.384621726217,118.595301554679,74.3252889635134,34.8020580922694,17.2320700908462,29.5202441639654,17.9475572118001,57.26335809078,79.5229569706491,49.2372485194944,9.06476232927469,11.2593705822547,52.1578550023527,53.014583812654,44.3336937086836,84.7990261639887,24.4509546164355,142.191182533891,52.2148943746795,57.7393022684996,60.3250479694662
28.0483773544936,59.4468591884506,80.1688115336307,51.3905141391294,13.3980477059835,10.6612280664059,39.2224194084744,49.6058430068987,11.9514722624885,46.2716217721936,59.5127602853211,72.9264873327344,45.6832011094381,89.6998877843006,97.6879191677181,111.369303658075,50.5687060683778,46.809036293256,67.6242813431181,50.9970569181026,122.824267777994,46.1088176501149,78.9356711203153,84.8513542376489,45.4085285339719,54.9747427547005,61.4323734580267,74.2805895614654,71.9351598690803,77.3991033000924,69.8903202901052,45.2304436400348,36.6585449842543,47.7059906886446,46.4040783739947,44.2814707353088,55.328670985228,12.1217876091771,97.5307325082366,56.1662690098228,56.3467135934114,50.8070051467652,69.3781519894512,59.8995591209224,85.426662224859,48.8221100415814,84.6049008582993,65.5312416856504,53.1057285834922,28.3570215021172,61.2750536992313,70.4086722780788,69.0629609797155,39.8737577166577,58.2977446382025,17.6519954682036,85.8869868025442,14.4333566497643,68.9260391565628,72.2744165409297,46.5734231586476,64.7225828497629,58.4258177878083,57.1076961477742,65.3227982707447,61.0833848108476,57.5163902002463,81.5941354932722,55.3947448602669,111.046313058202,73.6717124743378,45.1339182323158,72.2249588222677,105.872990880295,17.4447319759963,59.5346134784191,70.194989180414,77.7401882931788,46.8800307585208,90.0241844079753,106.610668160222,48.0891935972288,121.140051078196,84.1965056087533,107.072506968906,96.6266732483759,65.2786276180543,56.7395932942093,65.8766232343276,110.010917640585,53.05086967733,91.6932969234922,49.2048675777339,125.559732948135,69.6063139779027,76.6677089589085,37.5414534277148,13.8953525778896,37.1649718015555,94.6177705300947,93.4224528012981,82.4269875646892,14.3903370275624,51.8149793617068,14.0295429063302,118.536056107941,44.1986015950952,75.1492855035884,78.115504666642,69.2170435610434,48.1602627518632,14.7756294245307,73.9541258306326,66.9477453957006,12.603317107967,60.034251866899,88.5697234767533,35.517796631435,63.4792452351011,11.2126076064372,15.218841054421,41.6056147540133,12.1217876091771,96.9311541995679,50.1580082823963,69.6721697773776,91.408780277274,17.6519954682036,81.8469276498663,113.397862449222,65.8111706992405,17.4574264686047,16.4427719197004,109.783518059111,28.0704270901519,42.8988292708829,37.1886207882075,36.0774059224827,43.0715339885806,58.4106533638096,98.0095022828108,101.476478603294,12.2847044092948,91.110647315861,104.678973477624,78.6686716640292,69.6070509644424,59.5155589575365,21.6778735334754,13.483172428347,96.4020762486852,140.765119596941,55.96458660802,64.9863228406131,39.7030753238088,82.845483955682,50.9812018837759,82.5101408193394,86.9539403602606,67.7288390973572,65.1703911558838,28.0704270901519,64.4629835331291,28.0704270901519,111.622248651134,7.96281386658818,62.2841886336613,71.1546763798287,53.0371370544084,53.4471982783642,69.7723270160384,120.85684138961,99.7691399792957,66.0721767131771,81.8879446554098,51.0833654274934,83.9829814407521,62.4746431056548,31.9758513543498,120.405601310908,119.179797006147,74.604839530752,44.6689771439691,13.0663613687181,33.4293040774277,14.4849403781966,53.5297170991243,64.1806167170432,45.8272225158755,11.1918253383549,12.2321176120065,60.2188554095668,71.1532172701636,46.3721845714473,87.9923094746335,40.7702356544605,140.716846952616,64.4672145473475,59.4135683152929,57.9794686013395
42.1690093496442,56.5940326963572,83.6115360181052,56.710480130193,15.2614956520292,10.1408612464781,40.1067381212832,60.1617502999372,12.8114556832528,43.7560131648561,56.6079855612552,76.0582015081629,55.4043872949727,100.590952881576,103.463746261925,116.999142166815,44.1058492710555,48.7791436604407,69.4702000788922,50.7874210644431,125.673669498131,46.7454920941833,79.9401334610331,85.5743225849892,45.2218656907037,62.6208247599828,59.910022723915,75.4825059859201,79.3819155685693,85.4114885465321,74.9317433899405,37.3276406088288,44.4593236606222,44.3225336625278,49.2567213788662,66.5744663177127,53.9575756140011,13.1326768550762,103.428627690219,53.4259613053562,53.3752161877457,50.598150547314,68.4913486077381,62.9626898356406,78.6128179257213,53.8761938425336,75.6962046141486,67.1226622955957,52.8874245201089,28.0458939557536,60.4918255030783,66.0280833424164,70.7518025748981,44.0151196724004,66.4701838267431,16.7845734828564,84.3376238150206,13.7407067304515,68.1085371528549,72.3547689259356,50.7463232874358,62.3898878077536,54.7907614420862,63.0195070417389,68.4101894009563,56.3709416966708,65.5159735376561,72.3762094246191,53.2317968951241,113.975829288963,84.5097475706465,49.1778411486707,75.9258784345955,93.7795255155723,19.5110219492815,62.9082653926604,69.4921978080591,69.5543300693514,50.3953425809239,83.6352678603185,94.4329407513181,47.7455500243859,126.515351465568,74.684582242589,109.344215945943,98.67675769352,60.2425311382309,52.3622637380874,72.6961968673902,97.4447927850771,50.253181727825,93.1769641942473,51.0894856550606,128.987097482062,68.7807435281283,74.6982557361461,41.4405779620416,14.2213423444302,37.0121961109434,96.1487580076685,91.2220388724688,76.5772356531475,14.9636097053331,47.8175724815804,17.1782064615397,124.528181688608,66.4498776648899,74.188714508154,82.0643277431704,64.8824946434063,47.4590730290699,14.9438123625589,73.008831570154,66.153707080509,12.7529111760985,63.2648962915811,82.7166541751093,32.7776800402402,80.7895656981731,10.8728908760392,14.3720389251208,41.3017839800453,13.1326768550762,85.8590805164841,46.2884329226951,61.6180110291194,100.667961532784,16.7845734828564,75.3989736686393,116.493248229807,57.4002738232516,16.3641976175705,15.6278262796231,109.766819222009,29.3292560748416,38.7056436325952,38.1496573664099,41.0850390644306,45.0548661305786,50.9455683838245,86.814253037316,94.8238037649776,12.9500594643254,93.0437007323761,107.195792348624,78.7561329773956,61.5604200032267,60.0226559353885,21.9337685667867,11.924506873434,94.1314821357599,144.60754078718,56.6509394844228,71.713732230999,47.2610124272374,89.072791850791,50.6168921282432,86.7295265765738,76.5138983667994,67.2301501408186,64.7744644092026,29.3292560748416,65.3530938481535,29.3292560748416,107.955620461396,8.5957243539739,55.2853427539476,78.5206361252597,50.4484328099094,50.5414814074694,70.6004840918237,123.195077915875,101.885896720483,65.2885231402557,82.1785319151698,50.3396167683965,90.2153026422919,61.8746781401932,30.8789625093739,127.686789481983,122.433010435553,76.1876966851251,23.6721987016843,13.9468272413896,31.3122357612617,14.2997913976753,57.4426387743914,63.3602491184113,48.6067351534068,11.0843464834342,10.6688103692326,56.9449898048961,62.9278482429844,44.1087918301753,81.7475928380314,38.7518703485671,143.298140700747,63.8481142495852,64.5266727279079,59.0675083254499
35.0358970397523,58.5490141510925,81.2514909506714,52.4818832655613,11.9480921813579,10.2472478286863,39.7210770206377,49.9543069270749,12.0930488881076,52.2453828989433,57.2018532775346,73.9113591960164,46.0041098246186,96.7667782695774,116.574363271993,112.870001183413,42.8056072468048,46.5515498461687,69.2042170031433,52.4171584826392,124.733969553868,45.7616695185379,70.9590309047255,81.895989787135,46.6730078257467,49.0252989460735,62.0530290503026,76.6698182312817,73.4628311504673,79.0428111549418,69.7927835805855,38.4334443226891,36.9160586060144,49.2264510241159,48.4793185400877,55.3130411019134,55.8876604418805,12.488017630759,100.828497946311,56.5854652760512,48.7346837846707,52.2218143898597,68.0172546958283,60.7591899144928,70.0663975912119,49.8589345310658,87.4446122727673,68.5507763761765,54.5845497705342,30.1103677271166,60.0731039159831,60.2349509865947,68.4171346464582,43.2343357365042,69.4796097438146,17.5240344341821,85.4247719233145,14.2153650213197,68.8583739281676,67.177935607183,47.9198393437596,63.2408813668711,49.9835624921455,58.3204798200411,61.4468720856908,57.9204152963736,51.2918857382918,81.2810463672599,51.5007011023617,111.79328404576,74.3599104586879,46.4387189938684,79.6511317561619,72.3896142659709,15.7017407812029,63.8292474787526,74.5336537433934,80.3494898563209,49.786825433633,81.5127369736836,72.8939938372164,42.4102408358979,111.318604863956,83.8734307922242,112.72500442059,101.727721498416,61.8984234963937,53.8015504138258,67.2756306962279,75.2188809141274,45.8840843297872,94.6426038034316,51.3137951050234,128.493239901672,69.5379809184277,72.0438914761393,40.7054638056372,13.7729085330439,38.1998949479266,97.6611428479401,87.2304900123257,74.6338264665065,14.897597397201,49.1319387832961,14.8054535578077,120.133325375339,55.2095272826433,73.6751836959317,79.1681083975919,74.7578434037873,50.8003335311478,17.0953639051123,72.5034678524486,66.8820222736675,13.4795001561728,59.7759999614834,77.0041522156205,33.6786433442621,69.0822675167839,12.0930488881076,12.9487620258168,38.4523409444378,12.488017630759,66.2757215463535,47.5607676154747,64.6829323540356,89.6315715096363,17.5240344341821,75.1972138500808,116.047226303384,55.7081116846241,18.8548872796353,17.672690985766,106.812140400519,28.9444342651028,35.4052966847732,36.9531476644638,34.1441766560929,48.2945612396551,49.4436911939104,67.0130314224735,94.4257470316954,12.6190501730343,95.9204973544314,101.206733701644,73.1212953667491,64.6224767117681,57.4426378029378,20.1850265730046,12.5176398680746,90.0126264856701,144.053876648723,54.6699536797519,66.3664231874703,34.3258702312444,77.5811409536923,44.9607258566935,83.6942606838437,83.6926299457046,63.776147684248,60.1877620742149,28.9444342651028,63.9776489392296,28.9444342651028,105.257349226816,8.85304595928828,55.1858617514284,72.6657727037916,50.97768138298,60.3473410263507,74.6229016418789,122.687470699801,105.036083151304,66.0073131437254,80.7133000477429,53.8836761539423,85.4923403971698,61.6157727108282,26.2178102862373,124.476825020011,121.964246726051,78.5433264240621,42.7510283171038,13.6626930301422,30.5203398329358,14.2008089103827,57.312765013357,62.9216724371991,44.6027947054095,11.0379656767491,10.3542934554875,67.9932329603276,66.057921752171,44.5715319756215,79.6729681594022,38.2014141649445,139.835798088571,63.5809512690121,62.5846311872362,59.8200795162702
10.3512440205211,35.7254980236408,64.8412372284096,58.2121842872659,3.98276934679902,10.2644730430404,12.6988567908582,69.7775169035061,3.98276934679902,16.4934166614019,57.298007308415,58.9835819555935,64.2597755505692,50.7645691016815,101.768422437311,118.210323000066,42.9466684748817,52.5910433285015,68.1661522544866,19.4716581271956,115.473747847836,13.6099635520983,70.376810099167,87.6361923697542,17.3378503997286,16.3420615522812,19.4912810375637,18.0104999914171,81.4839635909465,87.673200792975,75.3027496993033,39.1687091002393,51.5653416461648,44.5125005068736,16.688148146869,16.3420615522812,17.554696569632,3.98276934679902,96.30311936628,56.6995168031296,65.7730067134135,19.3990927020204,19.0761694467915,61.4145890623915,81.3360567585802,55.3028455667803,84.2832294260292,67.0578801398226,20.2767895652099,28.7663714615181,16.8481470565188,62.7436259520996,69.4560511102006,68.6993766910398,16.3420615522812,3.98276934679902,85.6879572742685,8.67394613449717,24.0722777577777,21.25270922634,51.6885951437188,63.7436814718247,52.0652859742266,64.6882754154858,60.1097703192924,20.8036766545899,17.0976041327102,22.2324854070663,18.0105277400611,113.952760585345,19.8278737358596,50.0909889920067,75.3341281859999,89.5353395058801,19.868138721928,18.5546323817707,70.8499023644206,77.4446167901155,16.7283638696598,93.1211287144581,90.1591830863331,15.8029105017975,120.387712722832,22.9415701380515,107.552157812501,97.0595300726844,22.2324854070663,19.3242754320328,74.6212058038077,93.0347275391499,61.9257980619379,22.2324854070663,17.1685926508585,126.565838529924,24.3098623433901,75.9312309069867,64.6809981864906,3.98276934679902,14.1903017342531,22.9415701380515,99.1596905331786,85.2625788173924,3.98276934679902,17.6470586861416,17.0135614039435,125.817303506662,16.3114787245732,20.6629963895512,82.9138616715,67.2504134871973,17.6085340998195,14.7163705122922,20.3343760993949,23.3813627207221,14.1229223321008,55.912939987934,22.9415701380515,12.0965915509095,18.6772897543786,21.7095565408703,13.0096973488662,15.0097629020336,3.98276934679902,81.9733505948437,17.0827302576053,20.5803332701528,81.5904419630218,3.98276934679902,79.7545239489733,114.306515404228,55.8916917142863,16.9614171313258,15.92321091614,99.1805612816669,3.98276934679902,37.5723123347122,33.5732500054316,46.6774881138911,16.3420615522812,49.6066275064419,82.8852948115499,91.816464027777,12.9438470877466,91.5187940949234,92.4148660203557,23.1329768418289,20.5610979445322,61.4688713062623,21.4878221351617,3.98276934679902,102.322297915975,141.89306538993,61.4198961380707,73.6127253194594,37.5041764869636,86.5360712577985,16.7532726248462,84.5970565771628,19.2872559850242,67.8087251221566,68.7517298713961,3.98276934679902,19.0275721880978,3.98276934679902,106.429041765719,8.51811139476625,21.1129871764706,80.599877306336,51.0633728294813,19.051134946806,78.1849053654732,21.9314096509643,100.216074057057,23.0755721547817,81.4128640511176,18.6772897543786,20.4285754635589,22.2324854070663,42.2533506416757,118.890063646696,120.13478039285,74.939045530314,48.6886212437753,3.98276934679902,38.9999735196499,3.98276934679902,54.9485553042329,17.6470586861416,46.6854609377317,3.98276934679902,10.3884149046303,21.4648770694172,21.0178171476875,44.6464549408124,91.0193547473435,30.0058185482416,134.989869027603,22.9415701380515,69.335326707575,58.1706346268886
28.2046911145989,59.4749501068571,85.1017197297273,14.7813808389515,7.80090258289962,12.3539432604156,27.2552731733977,45.43592695655,10.4496632019615,38.7349381381477,66.6014296173162,82.7252403711972,47.0080973812007,9.84511958704874,96.1506240963918,104.314759736818,47.1343668734511,22.3221419702829,121.776249427889,36.6812935722738,127.776835614073,10.9980416081892,75.2250820399886,79.659005397014,8.30939154200726,7.80090258289962,55.4412533557986,81.8818219001648,75.3841223196369,79.6880052660253,50.6459704554665,10.0425231375518,42.6530575070087,55.7386533440636,24.0003338612036,7.06936369174073,10.4830158192184,8.96539236465162,107.676750196741,14.3747258474079,14.0151621042558,35.9611033058107,73.679819892508,69.2784157944403,77.9936841355359,14.7813808389515,83.7695320612788,117.228890477774,39.6350244328169,8.41029764307043,60.6535689672812,74.6575686217073,18.9299769639047,9.22876428608402,7.80090258289962,7.06936369174073,55.7809098504629,71.7471773522813,40.6164131803405,55.7648837030443,38.9643697870458,113.481662948764,54.6171072498786,58.6611946176669,63.2094041444355,92.5255295008599,24.2043343060578,57.6873799614041,37.8962198852408,122.467870570581,53.4580498371711,38.3418652366831,63.0448999658417,95.5144881570643,10.9050888881593,7.06936369174073,20.9809569736495,77.8767211106435,30.5626684831414,88.0710645767735,98.7290555489834,12.6547510302294,108.280261202076,58.6239712384012,107.957398173179,104.64544118985,100.631846656327,96.1011104143136,78.5895190169649,100.33198451326,17.0280572565238,103.237048869594,30.6067484219659,140.475455303007,37.7149150267053,47.3825415116006,11.212708458269,37.7752488687103,35.8249968298826,104.913167970494,89.9265790920621,81.545175372717,12.9002226037645,94.8966011598463,42.9497662335981,138.289561716065,30.9030888691819,79.1293206862766,91.3583582102924,75.5946118998326,28.9459172899401,85.3026439898837,63.5622996371435,42.3516849066321,57.2850779056576,67.358873383674,105.229903737827,18.6662678402909,33.0219392554343,8.09769322911612,15.2189296627142,10.2345362637667,38.4400014380559,93.7089219393129,68.293882817965,9.9407705892555,82.7689782298406,30.3105920436995,73.7725977324292,114.382828869494,56.8296288721046,17.1718195330401,14.5732809157244,112.678313237905,7.06936369174073,10.8868009640867,9.57047250333677,9.38522990602701,8.86269954484714,54.2388083956931,94.5079874887636,101.541002624898,51.3803173464299,90.7266882811289,107.923532018183,67.9385346347156,54.0925676452218,69.7649687167657,106.177349647634,42.6220314966899,91.3865942566295,141.804922381416,41.9762410813749,60.0358399240691,43.8968493389187,78.3868986371354,45.5311054376419,27.954743154722,47.876136047136,20.3512006663894,18.2547320134005,30.3105920436995,56.5198583408878,7.06936369174073,123.227633362814,8.54959543982928,99.5893101462302,76.2810194304913,61.6994300648261,44.5733554358485,70.1269351212991,54.5272129052327,106.971406342664,43.3479657738071,78.1827782695456,29.9252677395266,126.234396004646,47.7797612885992,14.6143864570111,121.086322564896,76.1349230631169,94.1368866899924,24.0211374447731,19.1202333743208,11.2420644404528,51.7934908008709,51.1506335449075,78.8797864083598,56.7277386583543,28.3915255377461,11.3231345889489,46.7024870554645,48.4999545040718,57.3772193006606,89.4045339898991,7.06936369174073,138.711034091976,48.5554960796375,58.753558688667,58.9281043765807
44.4540491446245,58.4086296182752,77.2553748900447,14.880174292529,8.85197449094688,10.1176261509122,27.4429170732071,39.0154853378881,9.35280913593923,39.8731278206584,54.5452048613044,75.0980059867514,40.3654961390384,8.85197449094688,103.289760628948,100.262448494739,46.6804113072205,20.6093206665838,122.620656409395,36.0539147993834,126.703551215182,10.6576418435239,70.4590337850437,74.8069545613384,8.16727180299591,8.85197449094688,60.3909167947199,78.8321202858315,75.8879627842057,80.2206113421902,44.7094182853905,12.2715132122681,36.6258564807578,53.1370141533597,20.0096508181314,11.1421833941377,11.41891457672,8.85197449094688,102.115586829396,14.679220984909,13.8125924743204,35.3460423124101,78.0915230920935,67.7821216163564,82.4860699581343,14.880174292529,80.2004895587108,118.794321775288,38.9571265025505,8.65132247880428,64.2853034730063,70.0027016043175,18.5570513468089,9.88664955748734,8.16727180299591,7.06936369174073,56.0956736878254,70.4608293171641,46.5134672557721,57.5978505138713,50.584170723813,114.150135313045,51.2117543055452,59.0532650250533,65.4188024864594,85.3899315692832,27.4655589620163,53.8742696153151,34.9226244828317,116.98780554459,56.8067286996505,49.7760253175355,65.5072821826652,86.0903628979522,11.4779609400986,7.06936369174073,20.4867036720746,74.5587447442338,30.5626684831414,88.4153719443882,88.9877586613589,13.0309872889909,102.323056204966,54.748952622414,105.948556843872,102.698227837705,92.8710869965297,88.6897625582796,79.1147832046124,90.4325314795648,16.7819404273844,99.3919683951938,35.3601320102063,141.449524185448,43.1907036537138,47.6767483519,12.0120219436462,36.3853238729727,35.2122637345884,101.005660170844,89.0554280020916,81.8639702551132,9.50770931772737,87.5781454362984,55.3800585365783,132.917432718999,48.7070546431278,83.867321915948,87.8093637730004,73.6854671269052,32.1611507947167,73.0431185857407,67.3681992863459,48.500681248853,58.7552806207442,62.6504678580157,94.1436554296092,17.226719394473,34.5728139141695,8.56827795148974,13.9234929999023,10.2743578839106,37.9537111508063,84.4629464303385,63.0270370986904,9.77163067705008,84.9403268081823,30.3105920436995,69.9356826180965,115.175969237304,56.2822973162873,16.7381445834736,16.267879630567,111.154600847327,8.16727180299591,10.3009688647675,9.78732289031675,9.16855218053468,9.0778223237047,53.7164292780729,85.1831706021767,100.89149930961,47.8165566105057,89.0384712235272,100.237313672745,70.1716439123174,53.172195118733,65.5155662408499,100.996496534135,41.896827489552,90.5012994750516,142.788209902861,38.0396940962017,60.4370979681684,37.7144933261269,75.983186788812,46.8847830189879,27.3509689639791,49.3584070425747,19.5506306354586,18.1099192523811,35.0179810411851,54.7705153975199,8.16727180299591,124.4408156776,7.89682166928416,91.7327069718667,76.790854434004,50.5305677678226,45.8831015129178,71.9267198852446,55.9949487444478,104.98091207593,49.6416110815082,73.2985000283233,33.2492848197859,116.079902933679,49.9632605524633,10.7236553812061,114.832597223965,76.6628491642488,92.3852136060249,24.4869487283004,17.0842161030855,11.8344300536924,54.8947132172294,47.3345766264963,83.6028463532412,53.8935582167103,29.6889969658095,11.2140804037589,48.0747956602837,47.6747389965686,46.990765800511,89.7540544583845,8.56827795148974,141.021797273658,50.7744458417775,65.5349752864527,55.0729381636196
40.6747278904157,57.8541455875949,80.9860726336299,14.9190652777633,8.05040925259573,10.1925674630711,24.6993776082862,46.4667518271786,9.96575221456644,40.3545736050292,54.9492214916194,78.7245233893434,48.0745907741452,9.35470054510421,103.906221220369,102.530664820323,46.8689389514177,19.6298180008518,120.965712237763,38.3171938625761,132.604415206523,12.2927077177451,74.8142140513961,76.8912856751697,8.67997105848539,8.05040925259573,59.2239305760534,80.5203617912614,76.0863043884154,80.4302768037541,45.4576577403733,11.2790924114437,43.6207461937306,52.4069696606816,23.8289564270632,10.1949155674711,11.1982569571568,8.88866351341104,109.431889321725,14.9120919826059,14.297737073128,37.5648847870078,85.2278123045719,68.4980476746349,80.0498709067083,14.9190652777633,79.9204058714755,118.341262230952,41.4026542424918,8.55386562298349,70.1599298028616,71.4539893533447,18.0750551012123,8.05040925259573,8.05040925259573,7.06936369174073,56.7562352704578,69.7919315036013,44.1559199715879,50.2407443002863,49.4064094527204,113.77192854575,52.2734703525905,59.2076072802566,67.7792245049407,91.0529139939181,24.9784938062872,61.0185644611799,37.1148869670457,121.615297460059,52.3763256618754,48.6170802560853,64.0168628836155,94.2335807951542,10.2697481758781,7.06936369174073,21.0623576828356,74.2983636884758,30.5626684831414,86.1297650430973,97.4050388837926,13.6551573165604,108.241856979526,62.0092396356714,99.8688002170825,96.804988232979,99.0302128296658,94.5715867661498,79.3215584617389,98.9864715960281,17.3713784905861,101.52051251836,34.8541766178948,139.540457047124,41.0015715139638,50.6143345796847,9.78103775553354,31.4941260318368,37.4227082791425,103.16876256065,87.0533595460109,79.7477222400072,9.06476232927469,93.3862482099314,54.4398456718985,135.924395897878,44.566158360681,91.531424765657,89.7958565770291,78.4731276206023,34.4709164648867,81.0044168233743,73.5245519197077,46.0424115023609,53.7863291426603,66.5292748408624,102.805732526615,18.3691797217291,36.7431170927008,8.67997105848539,14.4743683418007,10.5168168514593,38.1110189426932,92.4522283182222,67.2069327468923,10.0459937327782,98.1932388393558,30.3105920436995,71.2723631485652,113.621501951099,56.5096039878848,17.8256935491614,15.8221808879583,113.703082267107,7.06936369174073,10.6450216207251,9.10063713024419,8.98764594498966,8.88866351341104,53.9333732077189,93.2405779127986,97.3881708805699,47.6215616770811,83.9290836906874,111.885164877669,61.208458084394,54.6651379462601,67.3410132725708,103.607327751052,43.0731860723977,88.4667261651681,140.861075252989,38.5341052241415,60.5950570241899,46.7269463382262,80.5149796568708,49.1305128060373,27.6398544537444,48.7124791386298,18.9845765980318,17.8404797857606,30.3105920436995,63.1732560745682,7.06936369174073,125.177100976869,8.20869510420372,93.8072513759746,76.9915558456415,50.9048479592596,46.4371143783397,65.8438558888241,52.5082067652626,98.9566828188901,47.125513007284,73.6318317194054,35.6371986455269,119.200960853778,48.8691033740896,10.3245215646396,123.060038727816,75.6281724701237,87.0837764617107,23.5093770846312,17.2320700908462,10.4708986649035,59.9111930378653,52.9168060957629,91.2427804579907,54.3496634620838,29.0388306478058,11.2593705822547,48.6552720104019,49.013326946158,47.338826659443,87.4338415612657,8.05040925259573,142.989375458507,49.6625243262192,58.0634229468827,56.8590249997486
43.0567627173807,57.2800303735411,78.33431240919,13.8654212720347,13.3980477059835,10.6612280664059,43.2949719799083,47.4974977687917,11.9514722624885,46.5913759859633,57.4758209367883,76.1468140002706,49.1410025069786,21.8610095388336,102.001674329908,98.4550058342933,50.918154741905,18.5351055420613,121.561890228456,46.3387241948234,128.248007209477,13.4931136921165,75.7336913374447,75.0120572017214,10.4970835375042,13.3980477059835,67.6438412511726,70.2367800799785,70.71278553557,74.7499692606484,46.1147506903851,12.2034030189357,44.5883607856984,52.6594116652675,31.3467374218696,10.7919605927042,12.7903215563682,12.1217876091771,101.837546538201,15.1539441499119,13.732414541137,45.4289226345357,68.7848360212602,64.3089092718299,86.016992413612,13.8654212720347,81.70913445777,117.799427219143,50.0701116777312,8.29829378843126,56.6239955744362,73.8017667405479,18.633537031472,9.717744573874,14.2079057522665,17.6519954682036,56.6696070000477,69.0993517534822,69.141114649441,61.1370668988063,44.2968196770547,116.345776330911,53.9910297604713,55.0261294635896,65.7742032399748,57.9658543757256,41.570936475353,78.8014183617034,52.3790742010412,115.949955292351,62.3190421958303,43.5891225689975,64.1784588414559,99.609331295666,10.9042872234446,14.5093465029984,20.5416017564235,75.9612632395392,48.2536892372213,89.3731600878705,102.961711803505,15.124076596639,107.643976666095,80.0808094711965,100.244424451303,97.1690889280377,63.0443403059561,60.2059021080215,73.7195530383274,104.633360632146,16.6845263249431,88.5549164550898,49.4191641327744,140.228180433891,64.2019090232598,50.5865800867365,11.8068067837726,61.9040134907963,45.256982121131,89.9926618049832,90.2248886279161,82.7507882186009,14.3903370275624,59.4512951534294,52.5828210816951,130.521314911983,47.176087100836,73.8722944195564,86.2264142993672,76.8519245223165,44.6023552744923,70.7379745238555,59.3394821547289,72.0950589291276,54.5505946335245,66.2677441017462,84.2402555709042,11.6941364097628,57.300811644292,11.2126076064372,15.218841054421,11.0491205006594,51.9733564551788,97.7263578637767,42.7850917204666,13.483172428347,91.9219052148748,75.6846665024539,75.6343697677636,114.181484093804,61.3917196470234,17.4574264686047,16.4427719197004,114.631397119138,28.0704270901519,11.5743216405183,10.0336784403142,9.7338670355225,10.4970835375042,58.592916848195,98.5596804997239,105.957530990787,46.0431546707055,84.2447558297499,109.301443339394,74.4834824562313,73.3684989613237,65.6951941337508,103.782304068651,57.8104277486749,91.6897470373893,141.555307289966,36.9263289709761,56.315591962429,39.9774384247373,80.0099370022466,54.415604425847,25.9494825428528,80.4012888712024,18.8961725542436,17.5833019571134,120.354716650955,69.3422430669894,28.0704270901519,128.072756797282,7.96281386658818,62.6932168748709,71.5541045175487,53.2454845892051,53.6139738925347,66.7794502609142,125.017718213648,99.3288764181326,73.7910228084231,75.6722733941198,46.1114225551436,82.061202846637,60.3363275878172,11.3419081968203,114.519931060432,76.0009049665391,87.4113139586601,30.1746472831619,13.0663613687181,11.8574512286816,48.3525445217437,49.4665656108542,73.6393381716553,50.5855667412799,35.8528452081672,12.2321176120065,56.1749479531965,65.7829534917735,49.5154954078971,90.7263443136348,13.4234874462756,141.506763666228,61.3159262130728,59.7470875181742,54.6482127348546
64.7331931771715,54.5311889654605,81.698257192037,15.3007750694164,15.2614956520292,10.1408612464781,44.2711115059696,57.6047583797834,12.8114556832528,44.0583835822171,54.6704677469565,79.4168200781764,59.5979937666272,24.5153013541379,108.032553473087,103.432012648719,44.4106371867622,19.3152144883594,124.880126907235,46.1482375551792,131.223234328334,13.6794277443194,76.6974082450524,75.6511907018637,10.4539327127055,15.2614956520292,65.9675646303903,71.3732645919798,78.03300056911,82.4881151220246,49.4411622507935,10.0711866927683,54.0765697198139,48.9246426390279,33.2737458738282,16.2250486501611,12.4733656206812,13.1326768550762,107.995884116787,14.4145952374926,13.0082226303725,45.2421759563378,67.9056165055327,67.5975243820497,79.1560619017336,15.3007750694164,73.1053555764981,120.660176252643,49.8642862588008,8.20724657512622,55.9002179971789,69.2100709684827,19.0891950565221,10.7270474331591,16.1996336737756,16.7845734828564,55.6473125306278,65.7833067351254,68.3210617281332,61.2050371346477,48.2657399753465,112.152507093869,50.6318908938892,60.7224557656311,68.8829293976964,53.493921588174,47.3527696118027,69.8989936448795,50.3338763714459,119.00883466106,71.4869567698538,47.4946344005486,67.4670632365073,88.2313397228262,12.1958759613299,15.3315486093743,20.3359394911062,67.9627216224712,51.8720052132478,83.0304460143489,91.2007906730521,15.0160005128279,112.420420990838,71.033848231142,102.371265088275,99.230681561452,58.1806139705114,55.5611547728778,81.3510298120089,92.6814934724645,15.804651998162,89.9878023433407,51.3119900802046,144.055944964697,63.4404378882485,49.2871033639646,13.033083493898,63.3563030093726,45.0709422463937,91.4488115063032,88.0997881225141,76.8780565336847,14.9636097053331,54.8647640150156,64.3840332434492,137.119308261738,70.9263438983242,72.928046142143,90.5852526125126,72.0392597634879,43.9529669334862,71.5431463404845,58.5809947644634,71.2399705495658,55.1980785697226,69.833833648314,78.673296180158,10.7919605927042,72.9263189842619,10.8728908760392,14.3720389251208,10.9684327652844,56.3076435098408,86.5634511184449,39.4843199722755,11.924506873434,101.233063061579,71.9655094362651,69.6758451210239,117.298260147924,53.5456440111634,16.3641976175705,15.6278262796231,114.613960885893,29.3292560748416,10.442978895254,10.2929709817069,11.0849518466403,10.9804469390187,51.1045379599701,87.3015865083185,99.0110837938143,48.5369098876833,86.032138730407,111.929401238531,74.5662908100769,64.8870415925624,66.2549441384243,105.007395455763,51.1274958996982,89.5301441746704,145.419297985098,37.3791955718095,62.1454039233609,47.5876037005028,86.0241032378836,54.0267525586287,27.2764815754766,70.747984734943,18.7570396132507,17.4764789134532,125.752069718572,70.2997266092946,29.3292560748416,123.865753389941,8.5957243539739,55.6484086781796,78.9614132189911,50.6466110524401,50.6991900783509,67.5720836245387,127.436455885396,101.436292286368,72.9158193332239,75.9408037456623,45.4400629372438,88.1509101367475,59.7568975839341,10.9528391945921,121.445199970775,78.0754777623918,89.2658802916603,15.9909693910842,13.9468272413896,11.1065222159632,47.7344940437944,53.0824785517223,72.6980675807686,53.6536824662806,35.5085383027137,10.6688103692326,53.12093391229,58.1783912677897,47.0986799414175,84.2875962560358,12.7589462457958,144.102547556219,60.7270887948188,64.8888944402714,55.6737382828033
53.7832291103825,56.4149116488063,79.392216924313,14.1598781957445,11.9480921813579,10.2472478286863,43.8454063404544,47.8311512915989,12.0930488881076,52.6064180365099,55.2440091918059,77.1751763598241,49.486201083134,23.5833011060207,121.722116091665,99.7816836419082,43.1014100037846,18.4331479105794,124.401993834105,47.6291063992981,130.242038613457,13.3915255481107,68.0806189124754,72.3993945140642,10.7893930482005,11.9480921813579,68.3272517396872,72.4959399713227,72.2144975201707,76.3374180344036,46.0503944100878,10.3695381413517,44.90157862561,54.3377448383244,32.748597147421,13.480495338618,12.9195430751557,12.488017630759,105.280936458846,15.2670454279257,11.8772655507735,46.6939698354383,67.4355770038412,65.2318195490056,70.5505826060307,14.1598781957445,84.4516512556403,123.227364304763,51.464400843168,8.81138653644061,55.5132793025026,63.1377592916925,18.4592898123268,10.5367604050255,16.9330692477165,17.5240344341821,56.3646302331279,68.0557220158731,69.0732382797627,56.8259439495327,45.5774203054219,113.682259182378,46.1895804325556,56.194707358744,61.8714929552402,54.9643142541589,37.0720713922423,78.4990453167015,48.6970208320452,116.729911422606,62.9011901843237,44.8492640003416,70.7772903501077,68.1068987456611,9.81478486582083,15.5560037192577,21.8112524914406,78.5108562783635,51.2456575584831,80.9232645500549,70.3990558842988,13.3380429760625,98.9167265312038,79.7735272076352,105.536458511186,102.298772010061,59.7798302093831,57.0883696800337,75.285119087785,71.5420292988338,14.4305685760206,91.4032776016126,51.5372764404765,143.50439274118,64.1388815101367,47.5357113888872,12.801889706332,61.3585233521683,46.5172413400039,92.8872679050012,84.2448577437829,74.927012988637,14.897597397201,56.3728371611523,55.4909394170127,132.280085128359,58.9287754337231,72.4232416173922,87.388312257849,83.0038938842018,47.0473870936532,81.8436481892396,58.1754998583766,72.0242826493892,58.3429538892658,65.9826773165415,73.2400329144898,11.0886002713069,62.3584918862735,12.0930488881076,12.9487620258168,10.211711835998,53.5436036885037,66.8194342159998,40.569629345471,12.5176398680746,90.1347200518052,75.1360209851426,69.489399799748,116.84915604316,51.9671164981568,18.8548872796353,17.672690985766,111.528807783373,28.9444342651028,9.55252855549797,9.97014659764557,9.21227197770013,11.7700020592296,49.5979743412286,67.3892103569565,98.5954494593029,47.2962848397719,88.6921464917031,105.675874550107,69.2312276974223,68.1145666970937,63.4070368844425,96.6353347434399,53.6706119441045,85.6126265512323,144.862525842404,36.0721094671187,57.5115538910865,34.5630748337067,74.925776323401,47.9895526687333,26.3218888610032,77.385743403648,17.793381778686,16.2389633682331,124.10210836517,68.8201730737242,28.9444342651028,120.769820099083,8.85304595928828,55.54827437118,73.0736834096477,51.1779386901363,60.5356477138371,71.4219599895736,126.911372694634,104.572577501878,73.7185815877618,74.5867897094781,48.6391790980493,83.5360232134082,59.5068536937431,9.29951775459774,118.392145088866,77.7765473477359,92.0258713589383,28.8790405095551,13.6626930301422,10.8256349044425,47.4040781084349,52.9624628058995,72.1948549568642,49.2340038202507,35.359958081665,10.3542934554875,63.4272487701446,61.0722235916163,47.5927866512618,82.1485103059263,12.5777100681782,140.620769017523,60.4729852831547,62.9359512122416,56.3830699052928
15.8900834792811,34.4233091510678,63.3574782622028,15.7059424648507,3.98276934679902,10.2644730430404,14.017407830234,66.8118361172733,3.98276934679902,16.6073923396893,55.3368721649689,61.5882103816379,69.1236540947217,12.3719745562588,106.262366636114,104.502745894661,43.2434460177096,20.8246231038373,122.53596124167,17.6930170111782,120.572899105431,3.98276934679902,67.5220155566973,77.473967670209,4.00798858457927,3.98276934679902,21.462057317186,17.0300146309536,80.0993290691418,84.672415891538,49.6859581451292,10.5679163062329,62.7197303751297,49.1343341707361,11.2731254740386,3.98276934679902,4.0581168850055,3.98276934679902,100.555723801307,15.2978171081891,16.0297226972825,17.3456372599513,18.9130316920352,65.9354641994439,81.8981193335212,15.7059424648507,81.3984728525445,120.5437233876,19.1177325888625,8.4180844450465,15.5692952804012,65.7673308862373,18.7395947417004,16.7429164768431,3.98276934679902,3.98276934679902,56.5382841353311,41.5263108632574,24.1473924323885,17.9777072986235,49.1619516702084,114.586096235449,48.1132915371619,62.3303977904841,60.5251513155098,19.7419133725787,12.3575803837318,21.471535585142,17.0300408689711,118.984747277341,16.7724362377085,48.3765279924568,66.9412392056848,84.2382483139149,12.4191011657415,4.52200114745777,20.7332531259581,75.6724552852077,17.2185311859466,92.4477083451718,87.0733106317593,4.97002363734353,106.975455465641,21.820139611642,100.693487652631,97.604375602414,21.471535585142,20.5048250687435,83.5052203491088,88.4870011694736,19.4756959545006,21.471535585142,17.2433651366123,141.351823752859,22.4223850013632,50.1006400937254,20.3422078380604,17.7432998546066,17.2799870617329,21.820139611642,95.7657582997045,85.5975186179475,3.98276934679902,20.2478222989518,63.7669424612782,138.538774036953,17.4103187269004,20.3118757903063,91.5229955712007,74.6683683023049,16.3076787564407,70.4542738906166,16.3159436221446,25.1790514113717,61.1278605925241,61.718507083448,21.820139611642,3.98276934679902,16.85942953918,21.7095565408703,13.0096973488662,3.98611293142588,17.0765152479022,82.6458434512301,14.5716747122941,3.98276934679902,82.0484514705779,17.0765152479022,73.7007891220271,115.0964161806,52.1383684846215,16.9614171313258,15.92321091614,103.56022932929,3.98276934679902,10.1372003649325,9.05823307267147,12.5938229547057,3.98276934679902,49.76141907711,83.350573000354,95.8709443468203,48.5136258585231,84.6221455943687,96.49577089329,21.9022978056284,21.6721851060418,67.8513233241857,102.872437518409,17.0765152479022,97.3205762498094,142.689584828252,40.5258294149995,63.7910258824845,37.7633443744587,83.5742068144864,17.8818745401551,26.6058186427344,17.8338121718227,18.9184605504561,18.549565300461,17.0765152479022,20.4677857481369,3.98276934679902,122.114192707496,8.51811139476625,21.2516388664246,81.052326260233,51.2639667611733,19.1105817435277,74.8311719316418,22.6864673960283,99.7738382548913,25.7713633165549,75.2332535906124,16.85942953918,19.9611093369624,21.471535585142,14.9873608891652,113.078475954229,76.6098974588969,87.8028888985477,32.8899846530903,3.98276934679902,13.8333805232091,13.2949827291531,50.7777074768616,20.2478222989518,51.5329180007566,12.7587420794763,10.3884149046303,20.0234352512238,19.4315048703313,47.6727882249022,93.8474437972666,9.87933285476309,135.747637241022,21.820139611642,69.7245418910884,54.8283951663929
7.06936369174073,57.7456307267663,85.1247593630866,53.3459019544954,20.0686996926994,50.0136143908977,30.2336644582696,46.459093444328,10.4496632019615,37.4744014876695,68.0099135794178,81.1885129674948,45.4072721751631,9.84511958704874,94.3645029770211,115.797257051219,45.6004907451566,22.3221419702829,118.118054310605,25.0896092713024,125.403217067116,30.9858448154049,80.6373014548632,88.4275087022679,36.0701549507145,7.80090258289962,56.8306475262095,76.5808248564058,74.8354628946184,81.3732435264347,76.0069155753772,36.2433970485256,41.2545767872139,61.8296405190698,21.819500310245,7.06936369174073,45.5056189178755,8.96539236465162,105.676516507163,51.8782868822264,14.0151621042558,33.8553643863465,61.9230906921471,51.4904378619009,75.4555647507049,14.7813808389515,85.5410862621273,113.707299389486,40.3831900061146,23.6951438177413,50.2380981646676,75.3265684444655,68.3181568839779,9.22876428608402,7.80090258289962,7.06936369174073,83.7131733797044,69.5581059760879,41.1367290039736,54.2550204001186,39.3917811331908,110.072639701203,45.2382216283055,56.9555363442368,61.1524040714064,97.3336800281668,7.80090258289962,58.90735001247,35.4428334690685,120.192872856046,52.0106452639824,39.152717234504,68.1952798315863,93.1594099666008,10.9050888881593,7.06936369174073,59.1116764261117,77.8978047163251,25.9301699208432,86.9289901445446,100.816973062664,28.9284385962533,117.126091355742,59.2670343907199,105.396154527304,93.903671870122,102.760004308595,93.610929346848,78.807628132255,101.432554823945,38.9257052613785,105.420301218125,34.727479642516,134.584881291509,38.4208742117254,71.1093261720747,25.631965999006,8.47926284822058,30.8676745743883,106.063990596284,91.8283422395742,81.3341485793957,52.3249433993532,93.8816623183974,40.406020232303,141.755188830299,7.06936369174073,78.5534030227962,101.341781827537,74.2140624754116,29.8582710663665,82.6999830467918,58.7880131005838,41.4959136218049,13.2350895026889,74.7196905058646,106.384200729081,18.6662678402909,25.4368174522642,8.09769322911612,15.2189296627142,10.2345362637667,40.6734234323757,94.7765495333972,64.6249727302839,9.9407705892555,74.2728100177774,32.0716831050603,61.1043186715619,110.660511114367,57.4515713999667,17.1718195330401,14.5732809157244,110.585169102225,28.6742381431334,39.2903899274319,34.5397695508812,33.8712302891201,8.86269954484714,54.9336336659103,84.8068195359784,99.6547483132398,48.3372629073346,99.2135504962373,105.918714039867,71.5659251854182,53.8992041941853,77.3887182016245,102.937782524701,45.0984357377434,92.3890400162891,127.248762578337,62.9958234258569,14.7813808389515,42.4683305367232,80.0446211545599,10.4156560202846,63.903830971754,52.354621680435,20.3512006663894,65.8812024940375,32.0716831050603,54.5951173087194,7.06936369174073,121.909688252967,8.54959543982928,101.364102448163,68.4508349056875,61.5397611105708,45.1443615964053,71.9825909073988,53.9684009251123,106.830557163448,41.5302503580592,64.7571801028007,23.0514497289919,126.268571509096,48.7902054768804,55.550410780175,122.414553161465,27.4782977234284,94.8704646503183,21.8384135387349,19.1202333743208,42.7319545381775,15.51574242162,42.3670130705779,78.0361507243358,62.9268107188553,33.5750479257348,45.8404960335617,47.2135983091046,47.2653515278321,56.6230310013228,91.8567503593143,7.06936369174073,124.472459402289,49.0881152405673,52.7225537354577,64.9440615680277
11.1421833941377,56.7103150340352,77.2762902783371,53.7024468501118,22.7727004482367,40.960124406947,30.4418136361695,39.8940706287813,9.35280913593923,38.5755514876878,55.6987243382605,73.7029642407811,38.9908796947781,8.85197449094688,101.371020895244,111.298885701523,45.1613080856719,20.6093206665838,118.937095052706,24.6604889556321,124.349870302015,30.0268036825486,75.5283502984109,83.0413660388343,35.4532287917077,8.85197449094688,61.904352777162,73.7285597287892,75.3356363161669,81.9171131313363,67.0976377879853,44.2878069232795,35.4249917097881,58.9437003990494,18.1914378674488,11.1421833941377,49.5682525091079,8.85197449094688,100.218658879453,52.9772077427151,13.8125924743204,33.2763189139557,65.6308399474156,50.3783332977845,79.801756536352,14.880174292529,81.8965658133078,115.225704660529,39.6924958204933,24.3742063656723,53.2461888296217,70.6299895783363,66.9722708924954,9.88664955748734,8.16727180299591,7.06936369174073,84.1855550558267,68.3110055848142,47.1093271835743,56.0383586788054,51.139042998685,110.721030954836,42.4176381339517,57.3362067428357,63.2899027869046,89.8272760159067,8.85197449094688,55.0136001846305,32.6617474670576,114.814607064021,55.2686569002077,50.8286864054393,70.8588235031534,83.967653139652,11.4779609400986,7.06936369174073,57.7191688645201,74.578930072428,25.9301699208432,87.2688326559291,90.8696676776979,29.788505102759,110.682219416662,55.3495095842811,103.434972109544,92.1563383828537,94.8351204614142,86.3916250378233,79.3343500830838,91.4245118510228,38.3630884574401,101.493905159175,40.1208337328584,135.518104427397,43.9991603062141,71.5508569448338,27.4591762717057,8.16727180299591,30.3397290765475,102.11362022301,90.9387680865277,81.6521184680207,38.5644780860147,86.6414789974695,52.1001151327487,136.248430757239,11.1421833941377,83.2569202132507,97.4049617377611,72.3397835302352,33.1748463389921,70.814506868532,62.3080443095565,47.5206614362098,13.5747637290784,69.4967616476369,95.1763441839274,17.226719394473,26.6314570305287,8.56827795148974,13.9234929999023,10.2743578839106,40.1588789468292,85.4252344432674,59.6410745107322,9.77163067705008,76.2212714327982,32.0716831050603,57.926281147219,111.42784061089,56.8982498565643,16.7381445834736,16.267879630567,109.089761622887,33.1274930631186,37.1761259034832,35.3223811085338,33.0892418655909,9.0778223237047,54.4045626200879,76.4391875090998,99.0173103547758,44.9845697258245,97.3674122598898,98.375277054861,73.9182651696553,52.9821217020896,72.6749511523044,97.9150019329867,44.3310962852538,91.4940341823729,128.13111643645,57.0880524488222,14.880174292529,36.487164630719,77.5900757189198,10.7253221246796,62.5236185470934,53.9755490066852,19.5506306354586,65.3585742338453,37.0525784950923,52.9053469163321,8.16727180299591,123.109895331149,7.89682166928416,93.3674858646022,68.9083357612757,50.3998021690976,46.4708861518158,73.8300004677962,55.4210949470969,104.842683779185,47.5599834868878,60.711633337392,25.6119418619561,116.111329306876,51.0198812824807,40.7614416960522,116.092228913866,27.6688346018967,93.1051413510816,22.2618980412513,17.0842161030855,44.9835819495848,16.4447736079783,39.206251959018,82.708696563022,59.7829177942932,35.1094024401332,45.3990018603382,48.600925436825,46.4611425043972,46.3731010517548,92.2158575878443,8.56827795148974,126.54602462515,51.3314052989843,58.8078634419528,60.6953222858418
10.1949155674711,56.1719534209186,81.0079980356853,53.8428041487855,20.7105836762827,41.2635162721395,27.3984667182086,47.5131313433472,9.96575221456644,39.0413297613928,56.1112850936414,77.2621144329841,46.4374469421557,9.35470054510421,101.976029940803,113.816777029309,45.3437005450318,19.6298180008518,117.331865901174,26.208547430057,130.141118179093,34.6334326849208,80.1968727447067,85.3551309018039,37.6787998813754,8.05040925259573,60.7081211184842,75.3075051411211,75.5325343539176,82.1312125884123,68.2205577868241,40.7061670673556,42.1905375263925,58.1338783843949,21.6636953952376,10.1949155674711,48.6104020469574,8.88866351341104,107.399051672598,53.8176375744432,14.297737073128,35.3652348144106,71.6284263252648,50.9104376450733,77.4448378023807,14.9190652777633,81.6105589291714,114.786255161015,42.1841862584461,24.0996317533693,58.1120204577525,72.0942821876181,65.2327497516642,8.05040925259573,8.05040925259573,7.06936369174073,85.1768925302982,67.6625164494922,44.7215785827086,48.8804499520613,49.948362526459,110.354185632452,43.2970356022728,57.4860612758532,65.5735104716627,95.7845390793883,8.05040925259573,62.3089822484234,34.7120837376348,119.356137384154,50.9582093347605,49.6452320272764,69.2466461308337,91.9100856351843,10.2697481758781,7.06936369174073,59.3410145057953,74.3184785235698,25.9301699208432,85.0128646969699,99.4649561540975,31.2153418910159,117.084549744844,62.6894367678453,97.4994551392513,86.8680350243713,101.12449920363,92.1210388602,79.54169920259,100.072282589667,39.7105288596173,103.667463635296,39.5467591743891,133.689090428939,41.7690513290462,75.959438050155,22.3592032306825,7.06936369174073,32.2443009929116,104.30045030325,88.8943599790668,79.5413469882273,36.7678287713791,92.387462906696,51.2155873840691,139.330750405507,10.1949155674711,90.8652423211614,99.6085337402751,77.0400091952748,35.5574141045572,78.5328986848611,68.001981459848,45.112064250893,12.426741941358,73.7994354117818,103.933438088665,18.3691797217291,28.3032427285562,8.67997105848539,14.4743683418007,10.5168168514593,40.3253265584126,93.5055383771197,63.5964162065688,10.0459937327782,88.1137828365306,32.0716831050603,59.0334260168096,109.923959774036,57.128044168654,17.8256935491614,15.8221808879583,111.590901732832,28.6742381431334,38.4178099373675,32.8441369154171,32.436352503664,8.88866351341104,54.6242857060059,83.6695085208665,95.5790607429978,44.8011235766115,91.7800764097871,109.806754489693,64.4765147722837,54.4697277414053,74.6998786843925,100.446174324345,45.5758030739748,89.4371430543914,126.401800589018,57.8300397090702,14.9190652777633,45.2063287445129,82.2177067335605,11.2390533146338,63.1840034200998,53.2691989576633,18.9845765980318,64.3861690488617,32.0716831050603,61.0219386142686,7.06936369174073,123.838305906355,8.20869510420372,95.479000957964,69.0884353364505,50.7731137790307,47.0319961889917,67.586175468995,51.9700861933187,98.8263866207799,45.1493932531218,60.9877250909871,27.4513531577999,119.233232192628,49.9025849185577,39.2443032563548,124.409919582987,27.2954034207147,87.7623918415101,21.3731552051857,17.2320700908462,39.8006939110284,17.9475572118001,43.8298973079998,90.2669199871545,60.2888651336778,34.3405333894846,45.5823542908321,49.1877545106143,47.7656556866302,46.7165868645193,89.832005143681,8.05040925259573,128.311632511629,50.2072867974522,52.1032598655529,62.6637503335207
10.7919605927042,55.6145314292095,78.3555198988047,50.0402101667388,34.4679853417552,43.1608384632247,48.0261433170421,48.5670885359574,11.9514722624885,45.0751702076798,58.691316947358,74.7322893007499,47.4675428299106,21.8610095388336,100.106862450692,109.292487921525,49.261144215698,18.5351055420613,117.910134525921,31.6951876816458,125.865636046037,38.0154523719223,81.1825036684002,83.2690454509351,45.5666853360127,13.3980477059835,69.339040277346,65.6896784776097,70.1981249537448,76.3307781633426,69.206689712574,44.0419977032073,43.1264266001876,58.4139066495041,28.4983596835412,10.7919605927042,55.5213794024947,12.1217876091771,99.945783543148,54.6904803856227,13.732414541137,42.7687859405257,57.8091755029122,47.7969055564564,83.2177734987771,13.8654212720347,83.4371154651184,114.26069703574,51.0152538681175,23.3795845407159,46.9004857682613,74.4630977988743,67.2483072032716,9.717744573874,14.2079057522665,17.6519954682036,85.0468851955332,66.9910679349515,70.0268456433621,59.4817489347166,44.7827241952488,112.850714256903,44.7196545776427,53.426165917226,63.6337378662006,60.9780884562649,13.3980477059835,80.4679071231468,48.9880734752258,113.796036210867,60.6317216342736,44.5109433228955,69.4214434827297,97.1532875244287,10.9042872234446,14.5093465029984,57.8738385396221,75.9818282723036,40.93969614986,88.2142005413457,105.13914133646,34.5732539585942,116.437826293744,80.9592388353446,97.866167847264,87.194761079589,64.3775991073427,58.6458410750873,73.9241465603886,105.781113971,38.1404022999527,90.4276717444119,56.0726998082356,134.347975428954,65.4036597719677,75.9177855083361,26.9900596421296,13.8953525778896,38.9944988123133,90.9798171198377,92.1329604117354,82.5366414784319,58.3690369998026,58.8154512149935,49.468547068284,133.792264666479,10.7919605927042,73.3346383544081,95.649031318875,75.4484133791479,46.0081883273746,68.5796948401858,54.8823795584566,70.6382838009247,12.603317107967,73.5093252168975,85.1643110921391,11.6941364097628,44.1388458257358,11.2126076064372,15.218841054421,11.0491205006594,54.993086764312,98.8397561845075,40.4865746624456,13.483172428347,82.4861965015184,80.0820596469816,62.6463859870371,110.465718626646,62.0635896216276,17.4574264686047,16.4427719197004,112.501971946274,113.857221987724,41.7716473279556,36.2114765969255,35.1294592956249,10.4970835375042,59.3435203456917,88.4426095588751,103.989234002207,43.3161994192239,92.1252775220781,107.271028891637,78.460322432216,73.1062302842371,72.8742083531684,100.615811955984,61.1693006936458,92.6955181668372,127.02477027275,55.4171702776137,13.8654212720347,38.6764675506677,81.7019834601672,12.4480662700302,59.3198562778723,87.922280472402,18.8961725542436,63.4580160311322,127.347507005595,66.9808454200126,28.0704270901519,126.702992086889,7.96281386658818,63.8104797470563,64.2091339591775,53.1076931892806,54.3007947316935,68.5465269633949,123.736497426029,99.1980901529591,70.6967350533163,62.6777807777164,35.5196534318129,82.0834193192608,61.6123174611255,43.1114683615159,115.776133025522,27.4299284730249,88.0924817310166,27.4327736257361,13.0663613687181,45.071087212365,14.4849403781966,40.9721343910961,72.8517501689711,56.1134368955805,42.3986021652053,49.5204163185077,56.7897256638016,64.108398721625,48.8646446394612,93.2148157225705,13.4234874462756,126.981209612457,61.9885181914902,53.6140976396998,60.2272367316392
16.2250486501611,52.9456165231477,81.7203754041927,55.2203921659305,39.2619148678263,41.0541891994972,49.108953043719,58.9019534027244,12.8114556832528,42.6246080313659,55.8266362776417,77.9415508232136,57.5684291604016,24.5153013541379,106.025710281467,114.817341153127,42.9653983781872,19.3152144883594,121.128690377993,31.5648968741349,128.785594506558,38.5403729454353,82.2155571219625,83.9785318782896,45.3793723505949,15.2614956520292,67.6207550650557,66.7525874279223,77.465062123887,84.2325699765366,74.1988002470782,36.3468436224898,52.3035423082766,54.2710109665257,30.2502670427686,16.2250486501611,54.1455085393898,13.1326768550762,105.989722105475,52.0221752372873,13.0082226303725,42.5929744036948,57.0702487534966,50.2411333876313,76.5801156906207,15.3007750694164,74.6513842648442,117.035508308837,50.8055432114521,23.1230684333168,46.3009957531683,69.8302562499725,68.892773886996,10.7270474331591,16.1996336737756,16.7845734828564,83.5126772668156,63.7761984540826,69.1962874489945,59.5478788409819,48.7951807184739,108.783412087499,41.9373492491774,58.9568633712947,66.6412979075822,56.273768714469,15.2614956520292,71.3772143389629,47.0752809511915,116.798092973448,69.5514101409142,48.4990487385505,72.9787065935829,86.055840404284,12.1958759613299,15.3315486093743,57.2944063766486,67.981121205855,44.0095703703463,81.9537365417742,93.1295007883164,34.3261947832076,121.604476688975,71.8130388830186,99.9425500889852,89.0447329080491,59.4110149116556,54.1214488724417,81.576802934967,93.6981433529654,36.1290319953213,91.8908602373474,58.2203658605051,138.015229853431,64.627935189971,73.9675964474564,29.7932969737956,14.2213423444302,38.8342024042348,92.4519397448167,89.9629183788479,76.6791075502173,60.6943038838014,54.2779739788585,60.570819774032,140.555608056892,16.2250486501611,72.3972624885984,100.484193092858,70.723640090303,45.3383317490226,69.360300135291,54.1808636144128,69.8004736024513,12.7529111760985,77.4651085287413,79.536286127379,10.7919605927042,56.1751824785088,10.8728908760392,14.3720389251208,10.9684327652844,59.5792024265556,87.5496702226735,37.3631282362946,11.924506873434,90.8415715778347,76.1468139522494,57.7110631162432,113.481066599648,54.1316466624785,16.3641976175705,15.6278262796231,112.484859613417,118.963192434632,37.6886391284267,37.1472615984333,40.0055151020058,10.9804469390187,51.7592117156749,78.3401497476162,97.1718259681072,45.6622593070375,94.0798578890035,109.850169103436,78.5475521095693,64.6550913850556,73.4951265040945,101.803524695075,54.0980804362492,90.5122260010002,130.492125469682,56.0968096089742,15.3007750694164,46.0389780551236,87.8433370060013,12.3591128555927,62.3533422738311,77.3659756460798,18.7570396132507,63.072492400041,133.05845441768,67.9057225843897,29.3292560748416,122.540983453987,8.5957243539739,56.640125230808,70.8560884545866,50.5155451509427,51.3486711323775,69.3601345031319,126.130447115489,101.30273118813,69.8582315897645,62.9001989204684,35.0025047594335,88.17477527903,61.0206336982417,41.6325870578648,122.777367196526,28.1786746021319,89.9615000927134,14.537921164251,13.9468272413896,42.2167480824972,14.2997913976753,43.9671203807287,71.9205466623775,59.5168289936406,41.9914341588087,43.1915346030543,53.7022885432371,56.6974163731427,46.4795967275737,86.599463608323,12.7589462457958,129.310538400027,61.3932216467324,58.2281022684937,61.3574579568112
13.480495338618,54.7745672707933,79.4137108209737,51.10290318258,30.7378115981078,41.4848838681359,48.6367278324561,48.9082555646162,12.0930488881076,50.8944669873331,56.4123069505168,75.7415485109892,47.8009859296143,23.5833011060207,119.460971722723,110.765200426448,41.6987768873126,18.4331479105794,120.664920566022,32.5777951953946,127.822625760097,37.7292382824154,72.9788155971783,80.3687926622208,46.8355687784502,11.9480921813579,70.0395774809196,67.8025812434103,71.6889072039577,77.951798230557,69.1101070561591,37.423591951859,43.4293748571943,60.2756440711239,29.7728369009617,13.480495338618,56.0823158058484,12.488017630759,103.325208081173,55.098662121388,11.8772655507735,43.9597570180334,56.6752111606442,48.4828486995563,68.2546812993004,14.1598781957445,86.2376308817539,119.525577260628,52.4358621583114,24.8251702942639,45.9805024259358,63.7035311291001,66.6194501858088,10.5367604050255,16.9330692477165,17.5240344341821,84.5891914606268,65.9792802860524,69.9580997446824,55.2873518871802,46.077372099151,110.267209963695,38.2578752654652,54.5607657359364,59.8580320272344,57.8205713108855,11.9480921813579,80.1591395069337,45.5443947975966,114.561503656004,61.1981076624377,45.7977341671159,76.5593588658586,66.4276030183757,9.81478486582083,15.5560037192577,61.4509481784611,78.5321115637927,43.4781605843674,79.8738802618186,71.8878518715602,30.4904265840951,106.997613597211,80.6485859045138,103.032650635637,91.7978863706194,61.0440513017962,55.6090904423973,75.4940575177963,72.3267943345749,32.9879122839502,93.3362699011041,58.4759835884066,137.486805935047,65.3394524907934,71.3391957910575,29.2647938628723,13.7729085330439,40.0803683137753,93.9061749842632,86.0264641102445,74.733113015869,60.4265495672468,55.7699179697563,52.2044289740358,135.595110817971,13.480495338618,71.8961320234741,96.937898716681,81.4880321706928,48.5302857303051,79.3465243415011,53.8058262103645,70.568937648653,13.4795001561728,73.19310701291,74.0434238388335,11.0886002713069,48.0347796184804,12.0930488881076,12.9487620258168,10.211711835998,56.6545677275075,67.580709346625,38.3901322043314,12.5176398680746,80.882464440037,79.5015369985671,57.5566343083084,113.046577522329,52.5358437702159,18.8548872796353,17.672690985766,109.457017185317,117.402306236626,34.4750099663394,35.9821906129625,33.2470263133681,11.7700020592296,50.233348291048,60.4717627924728,96.7639125742531,44.4951116090973,96.9886912140773,103.71280969103,72.927638026456,67.8710791302105,70.3360067338624,93.686903139266,56.7889553540997,86.5517360033101,129.992505534026,54.1352007718735,14.1598781957445,33.4383015753701,76.5103031857506,10.9780482674515,60.171167637672,84.6246513162286,17.793381778686,58.6063072944848,131.31262782394,66.4765541255481,28.9444342651028,119.478161812114,8.85304595928828,56.5382064190561,65.5727293154773,51.045497791687,61.3111385298168,73.311883926503,125.610745141956,104.434886858993,70.6273315189958,61.7786970661776,37.4667856474073,83.5586389649258,60.7653018913922,35.3481846702916,119.690822480082,28.0707858882273,92.7429988674251,26.2548944944642,13.6626930301422,41.1490737340864,14.2008089103827,43.8677138178074,71.4227160019077,54.6141784002183,41.8157272199232,41.9182466081301,64.121395542143,59.5175840093161,46.9672087082601,84.4017061194409,12.5777100681782,126.186161592928,61.1363308007787,56.4756270724344,62.1392050883449
3.98276934679902,33.4224021215563,63.3746310656287,56.6826385140552,10.2461223065919,41.5546183011301,15.5491967450784,68.3163642799206,3.98276934679902,16.0669441624291,56.5071337855537,60.4441304102317,66.7697003298857,12.3719745562588,104.288406934585,116.005935875738,41.8361906761911,20.8246231038373,118.854944153264,12.1018328529315,118.333102915444,11.2210407372504,72.3800224025144,86.0019518974992,17.3982377115842,3.98276934679902,21.9999105495103,15.927498161255,79.5163515073005,86.4630642379907,74.5661775666684,38.1395373867928,60.6633166311457,54.503617088984,10.2487726296104,3.98276934679902,17.6158391514308,3.98276934679902,98.6877723070449,55.2097169041713,16.0297226972825,16.3299458571993,15.8951715468082,49.0058250224815,79.232939369713,15.7059424648507,83.1198840025923,116.922553722846,19.4786060730392,23.7170823269991,12.895725642681,66.3566660804908,67.6310687512626,16.7429164768431,3.98276934679902,3.98276934679902,84.8498024700594,40.2593055004774,24.4567321647342,17.4909514996609,49.7012232164266,111.143895480158,39.8512454324509,60.5180521781853,58.5555038815359,20.7678149989134,3.98276934679902,21.9256146294979,15.9275227006335,116.774453043765,16.318313781167,49.3995925754702,72.409925979393,82.1612057077637,12.4191011657415,4.52200114745777,58.4137964527326,75.6929421288426,14.6086536810493,91.2488791437019,88.9147329894566,11.3613474711097,115.714691030415,22.0594909804811,98.3045772139273,87.585365931318,21.9256146294979,19.9735021011134,83.7369719867351,89.4576404610335,44.5209449947478,21.9256146294979,19.5649208956942,135.424500878693,22.8420939846808,75.1885112997203,46.5017690944557,3.98276934679902,14.8888503690332,22.0594909804811,97.7910081398155,85.3760049626314,16.1546189585227,20.0312676378281,59.9902768557317,142.010646575395,3.98276934679902,20.1640422446042,101.524410366804,73.304734436193,16.8216846574856,68.3046501702692,15.0904217261283,24.6702756867566,14.1229223321008,68.4629584211093,22.0594909804811,3.98276934679902,12.9868275821159,21.7095565408703,13.0096973488662,3.98611293142588,18.0686865099783,83.587429174114,13.7888496313298,3.98276934679902,73.6262447435892,18.0686865099783,61.0448410830231,111.350876419651,52.7089699356164,16.9614171313258,15.92321091614,101.636465292704,16.1546189585227,36.5850865120612,32.6911009627958,45.4510205706639,3.98276934679902,50.398886832751,74.7947045587214,94.0900186373813,45.6403542994941,92.537969522394,94.7032382296468,23.0717105479841,21.594714046966,75.2659542020382,99.7337062584311,18.0686865099783,98.3881135596613,128.042615145434,60.8191188216343,15.7059424648507,36.5344259375978,85.3416302860234,4.09064204389295,60.8202238883116,19.5020435328462,18.9184605504561,66.9452538026271,18.0686865099783,19.7707707834237,3.98276934679902,120.808156076508,8.51811139476625,21.6303667139035,72.7323709748879,51.131303234863,19.3553975039899,76.8113083362256,22.4539693626235,99.6424661087649,24.6906896667282,62.3141497439559,12.9868275821159,19.9665134185959,21.9256146294979,56.9681153808855,114.318866184887,27.6497234940623,88.4871080863039,29.901376976348,3.98276934679902,52.5817469520988,3.98276934679902,42.0581261125036,20.0312676378281,57.1643124425221,15.0881422775605,42.0563836356293,20.2425713987545,18.9368612363107,47.0461587103621,96.4215217286322,9.87933285476309,121.813252824832,22.0594909804811,62.5673744464121,60.4258139479114
23.6183907261073,67.7365536816299,81.2533603596933,14.7813808389515,9.45428180024347,12.3539432604156,30.8322443311206,45.0545763860548,10.4496632019615,34.403188703878,68.8571665550393,82.5696200101007,46.7753001024258,9.84511958704874,95.9697482866101,101.843473530406,41.8633047044463,22.3221419702829,116.84556476861,32.5522293137218,127.536465477839,10.9980416081892,80.0572429573923,77.7718304492811,8.30939154200726,7.80090258289962,58.1872000008692,67.1593684414532,74.0011786423021,82.3869740119651,18.1273044062222,10.0425231375518,41.9717837019798,63.0537719309737,33.3735745845082,7.06936369174073,10.4830158192184,8.96539236465162,107.47419176751,14.3747258474079,14.0151621042558,35.7399495813418,62.6602205499693,23.0085118339711,69.2716075460295,44.8812996912987,86.6067388421566,112.482327050024,39.4590558383953,8.41029764307043,15.51574242162,74.0660985869799,18.9299769639047,9.22876428608402,7.80090258289962,7.06936369174073,19.9652119175897,70.0384139727693,39.5889701553717,42.5821896421239,39.1589620515153,108.886823665738,13.9715598328639,66.8097602622456,56.1406617169492,97.6314299503143,35.6668344704184,59.6412051955935,31.0824323976857,122.237487507862,40.8206861541479,39.6404734223113,37.7385200095753,91.9348275633114,10.9050888881593,7.06936369174073,20.9809569736495,74.3550812384356,31.1820409151152,86.9859058859926,102.072929377338,10.4156560202846,64.8162945175674,58.9167456725271,107.654170273718,107.00043072085,104.040166491476,94.5202166521053,78.192373602219,100.833053263296,14.0151621042558,106.733604811632,34.571464574744,137.414745906209,36.9840149257863,16.9592515613162,9.22876428608402,17.9822604434019,36.8969787561649,105.437115644731,92.9723201115356,79.2495486347149,50.8714253167645,93.1924884556394,11.4593621223735,145.138897455384,22.555819972913,77.6776702542283,103.348192627146,72.3424068924987,28.519426219636,83.2710374569917,62.1688112881138,40.6175562890495,13.2350895026889,76.1990250041422,105.755433224642,59.0962492242485,29.5949100644819,8.09769322911612,15.2189296627142,39.5067377199738,41.0110277606175,91.8721252992231,67.5546208326111,9.9407705892555,84.6316496946132,32.3378898345791,18.8717109921036,101.591334212177,57.0649449345335,17.1718195330401,14.5732809157244,112.466346011033,27.8777055348246,10.8868009640867,9.57047250333677,9.38522990602701,8.86269954484714,52.8667698279017,96.634839061095,101.349986588877,13.7087047047679,99.8398356798004,107.720509350033,72.3993644430508,53.423174919569,78.920895327066,103.648581638815,45.4727692906421,91.8429887630912,144.996166107424,15.0242179795949,67.8401446370625,38.9878405362736,81.0417999463915,33.2326461528361,23.0085118339711,52.6851100430176,20.3512006663894,18.2547320134005,32.3378898345791,56.2399561548495,7.06936369174073,121.014764061318,11.8660896728679,101.089265393642,77.9976828620776,59.9624927079694,43.4458166022573,68.7649921651254,54.3131112804074,106.575879471868,42.4034909836042,19.9998758538227,26.8196122752265,120.525988204805,49.3980234345256,55.9572270969006,121.691040717222,27.4782977234284,90.431789215126,33.4025029299179,19.1202333743208,43.0448965328011,67.3611442796364,13.0848038837348,77.4632968346479,64.1726644065882,27.4308823481011,11.3231345889489,46.8958693734145,45.4259108990413,55.3443949648786,90.2636133213519,22.3811681134355,141.832651521331,48.7979874630787,60.0757760165084,54.7936320279877
37.2254777685498,66.5221117209915,73.761832729113,14.880174292529,10.7281254235162,10.1176261509122,31.0445145413424,38.6880224998132,9.35280913593923,35.4140940082461,56.3926071481365,74.9567337612874,40.1655948841255,8.85197449094688,103.095454879281,97.8871642433904,41.4601152388402,20.6093206665838,117.655781958844,31.9954720215764,126.465200110926,10.6576418435239,74.9850426653414,73.0347279328392,8.16727180299591,8.85197449094688,63.382015035248,64.6580069719535,74.4957760068199,82.9376190282273,16.0024820888176,12.2715132122681,36.0408518394613,60.1106946527209,27.8243451883125,11.1421833941377,11.41891457672,8.85197449094688,101.923489901969,14.679220984909,13.8125924743204,35.1286710922851,66.4121066958682,22.5115677005241,73.261607391499,45.1812702181298,82.9168157361,113.984374492967,38.7841675882705,8.65132247880428,16.4447736079783,69.4481094696778,18.5570513468089,9.88664955748734,8.16727180299591,7.06936369174073,20.0778728034337,68.7827021870048,45.3368508645889,43.9818471893715,50.8367935271909,109.528229779848,13.1004391380952,67.2562927628898,58.1029818273259,90.1020633704249,40.4724845041731,55.6989478641514,28.6434931485115,116.767731423789,43.3777448065429,51.461899323048,39.2124958682279,82.8638965731689,11.4779609400986,7.06936369174073,20.4867036720746,71.1871460871714,31.1820409151152,87.325970905294,92.0017025867522,10.7253221246796,61.2503264518496,55.022374795706,105.650971325081,105.009396376536,96.0165561341787,87.2307878201559,78.7149834122057,90.8841612936358,13.8125924743204,102.758294549306,39.9405887321173,138.367591566592,42.3536849401118,17.0645546467253,9.88664955748734,17.3206104472096,36.2659110101544,101.51009332976,92.0716638337144,79.5593689327458,37.4932076248924,86.0054544397317,14.7758695979222,139.500692590557,35.5507360636959,82.3287514715396,99.3334295783871,70.5153966796173,31.6872862601345,71.3034904809049,65.8912734775482,46.5147763312256,13.5747637290784,70.8726902191807,94.6138189968786,54.5387279000979,30.9848343718194,8.56827795148974,13.9234929999023,39.6604547289388,40.4922123671726,82.8073809515701,62.3447872301225,9.77163067705008,86.8518633081824,32.3378898345791,17.8901927134394,102.295777256468,56.5153470273583,16.7381445834736,16.267879630567,110.945499984715,32.2072548923751,10.3009688647675,9.78732289031675,9.16855218053468,9.0778223237047,52.3576049441038,87.1001721715197,100.701705100688,12.7578630967289,97.9820437024221,100.048750099172,74.7790992032944,52.5141919554719,74.1138029686381,98.5911180773748,44.699060639336,90.9532727239077,146.001581987187,13.6152414140776,68.2935638576966,33.4968607963792,78.5566763080351,34.2206803249365,22.5115677005241,54.3162694672321,19.5506306354586,18.1099192523811,37.3601284826969,54.4992764482333,8.16727180299591,122.206160565339,10.9600968511141,93.1143307122028,78.518991428912,49.108051697141,44.7224310124463,70.5298231102901,55.7750840407624,104.592745059469,48.5600089953528,18.750432426228,29.7986616212423,110.830688422548,51.655476065026,41.0599528923209,115.406083597563,27.6688346018967,88.749059557571,34.0502350699375,17.0842161030855,45.3130134490973,71.3945061442523,12.1086213239872,82.1015420827285,60.9665272565654,28.6844531027234,11.2140804037589,48.2738603355485,44.6529995324296,45.3259243627313,90.6164922974767,27.1266379319231,144.195417189119,51.028018899613,67.009804757848,51.208949284253
34.0607033096236,65.890604889253,77.3238257078135,14.9190652777633,9.75667070220441,10.1925674630711,27.9409140535998,46.0767493884631,9.96575221456644,35.8416994457796,56.8103074972799,78.5764290628474,47.8365119210557,9.35470054510421,103.710755802633,100.101645011967,41.627559732906,19.6298180008518,116.067845991827,34.003982951564,132.354963565345,12.2927077177451,79.6199824387706,75.0696798529284,8.67997105848539,8.05040925259573,62.1572292233539,66.0427005541208,74.6904789765393,83.1543856906052,16.2702934121517,11.2790924114437,42.9240160300672,59.2848394126123,33.1352663337372,10.1949155674711,11.1982569571568,8.88866351341104,109.226029174867,14.9120919826059,14.297737073128,37.3338681213276,72.4810880888009,22.7493386280959,71.0978498197817,45.2993564769582,82.6272458392956,113.549659196836,41.2188378584568,8.55386562298349,17.9475572118001,70.887899480014,18.0750551012123,8.05040925259573,8.05040925259573,7.06936369174073,20.3143022918955,68.1297351477335,43.0389406907131,38.3639444663534,49.6531503893056,109.165336493748,13.3720358963955,67.4320745405312,60.1994365533662,96.0775500807763,36.8076143984776,63.0852142393122,30.4415841103517,121.386518233542,39.9946791598861,50.2637017230423,38.320334589991,90.7019256265064,10.2697481758781,7.06936369174073,21.0623576828356,70.9385396451215,31.1820409151152,85.0685258776508,100.704069330932,11.2390533146338,64.7933058456538,62.3189204652263,99.5882913587369,98.9835325751417,102.384286613277,93.0158541533195,78.9207137482501,99.4808207094614,14.297737073128,104.958930752624,39.3690932344399,136.50011959318,40.2069773133359,18.1159812319341,8.05040925259573,14.9922394610858,38.5424981035009,103.683998486161,90.0017869267614,77.5026966743357,35.7464668643275,91.709257780056,14.5250128265517,142.656587475578,32.5283420412486,89.852254122529,101.580628904043,75.0970841146572,33.9630196893168,79.0751788219004,71.9126592246255,44.1571626962088,12.426741941358,75.260550280151,103.319155440988,58.1556866197522,32.9299026757871,8.67997105848539,14.4743683418007,40.5963801672718,40.6600415549636,90.6400642379045,66.4794366889445,10.0459937327782,100.403025016875,32.3378898345791,18.2321279229229,100.915146901759,56.7435949141632,17.8256935491614,15.8221808879583,113.489187273986,27.8777055348246,10.6450216207251,9.10063713024419,8.98764594498966,8.88866351341104,52.5690610054259,95.3389071123544,97.204967033099,12.7058367936755,92.3594378146984,111.674689698854,65.2273924905179,53.9886596927589,76.1788209391962,101.139768551603,45.9540989508009,88.9085385355148,144.031078205572,13.7922020081267,68.4720566583434,41.5014462317365,83.2419573613375,35.8598134549262,22.7493386280959,53.6054605860456,18.9845765980318,17.8404797857606,32.3378898345791,62.8604043974145,7.06936369174073,122.929223967121,11.3929498640298,95.2201206763046,78.724209518179,49.4717953042732,45.2624294287883,64.5650950877142,52.3020327874244,98.5907903955045,46.0987322064729,18.8357017475203,31.9387568581661,113.810609917562,50.5242606616695,39.5317038836227,123.674613831498,27.2954034207147,83.6562796364475,32.6908764730792,17.2320700908462,40.092169193976,77.9187974354672,13.5366071137474,89.6042815081315,61.4824915720429,28.056285526728,11.2593705822547,48.8567402806181,45.9067445627156,45.6616537320408,88.273984703931,25.4870976683243,146.207274665775,49.9105443281011,59.3701091399857,52.8697219478953
36.0554008951374,65.236739926839,74.7919799379724,13.8654212720347,16.2377259861116,10.6612280664059,48.9769867981531,47.098844124319,11.9514722624885,41.3810367865242,59.4224808367037,76.0035687871059,48.8976424839782,21.8610095388336,101.809791691423,96.1225411046203,45.2239494946768,18.5351055420613,116.639884910356,41.1225621889021,128.006750718686,13.4931136921165,80.5985232989037,73.2349715549265,10.4970835375042,13.3980477059835,70.9941691694703,57.6081196298235,69.4155388919266,77.2816906925119,16.5054814008688,12.2034030189357,43.8761754468752,59.5704118049825,43.5890886093405,10.7919605927042,12.7903215563682,12.1217876091771,101.645972652234,15.1539441499119,13.732414541137,45.1495436801749,58.4973334879703,21.358056229245,76.3976648469497,42.1001349086708,84.4765572263926,113.029762925899,49.8478141693898,8.29829378843126,14.4849403781966,73.2170767440365,18.633537031472,9.717744573874,14.2079057522665,17.6519954682036,20.2832961325942,67.4536501916686,67.3921035866048,46.6844007191225,44.5180427713037,111.634969936217,13.8114034360185,62.669751981398,58.418637919123,61.1646243098904,61.2577768633614,81.470359121156,42.9612514872835,115.731833545823,47.5869596936593,45.0654511467292,38.4170655276518,95.8762055166446,10.9042872234446,14.5093465029984,20.5416017564235,72.5262417138181,49.2315817557051,88.2719577592969,106.44894230022,12.4480662700302,64.4354161799718,80.4807416692718,99.9628605494913,99.3558271610698,65.1796014851779,59.2154959131258,73.3470175802599,105.155910918362,13.732414541137,91.554200362545,55.8207901922544,137.17285871506,62.9577014796112,18.106047289751,9.717744573874,29.4683457136777,46.6111948542768,90.4420948624657,93.2807331518154,80.4212215562313,56.7476219493363,58.383694142284,14.0295429063302,136.98589760265,34.4332999260176,72.5170856653235,97.5427344485173,73.5456278501952,43.9451812057432,69.053246777512,58.0385714341899,69.1430605576124,12.603317107967,74.9646963513635,84.6609604913384,37.0229124346977,51.3541120076879,11.2126076064372,15.218841054421,42.6511465107929,55.4495495488101,95.8108151165381,42.321955191341,13.483172428347,93.9905583925884,80.7467701057973,19.3479694520734,101.412505933483,61.6459260886242,17.4574264686047,16.4427719197004,114.415755806612,110.694418165283,11.5743216405183,10.0336784403142,9.7338670355225,10.4970835375042,57.1107356555584,100.777713250281,105.758206707658,12.2847044092948,92.7068180077793,109.095828583795,79.3740521536175,72.4605675830447,74.3170051544085,101.310577553708,61.677028318394,92.1476555215289,144.740933562214,13.2167435995677,63.6362864063356,35.5067395001052,82.7198093175691,39.7173428954755,21.358056229245,88.4772895542212,18.8961725542436,17.5833019571134,128.404538008342,68.9988408365346,28.0704270901519,125.772880834881,11.0516882411898,63.6374650024109,73.1643912641372,51.7465392801519,52.2577412958216,65.4825191781187,124.526834943161,98.9616078085803,72.1832481518333,19.3576655493254,41.3259618978985,78.3503377795848,62.3798705509102,43.4271896770048,115.091855945493,27.4299284730249,83.9709257111761,41.9592430459353,13.0663613687181,45.4011595454591,62.8859472001828,12.6540037720485,72.316954333099,57.2243963020577,34.6397440828743,12.2321176120065,56.4075531597031,61.6134719001067,47.7612050241818,91.5981247898567,42.4979308328254,144.691297490259,61.6221445606312,61.0916636794786,50.8140231432736
54.2070765176951,62.1060598125017,78.003804781687,15.3007750694164,18.4961264487221,10.1408612464781,50.0812344854652,57.121272976429,12.8114556832528,39.1313103163081,56.5221125871349,79.2674234229084,59.3028477908859,24.5153013541379,107.829325716888,100.981639309366,39.4441712065351,19.3152144883594,119.823767158244,40.9535178567364,130.976380925204,13.6794277443194,81.6241455584246,73.8589635563304,10.4539327127055,15.2614956520292,69.2348683404597,58.5402628125016,76.6014624488817,85.2819213401952,17.6960771065809,10.0711866927683,53.2128344433949,55.3454931844744,46.2686830128325,16.2250486501611,12.4733656206812,13.1326768550762,107.792725341935,14.4145952374926,13.0082226303725,44.9639454573808,57.7496105857198,22.4502598948914,70.3039959673837,46.4583572320934,75.5813752635651,115.774681069224,49.6429025586425,8.20724657512622,14.2997913976753,68.6617584017202,19.0891950565221,10.7270474331591,16.1996336737756,16.7845734828564,19.9173945046203,64.2165816083618,66.5927949306846,46.7363029428953,48.5067842855568,107.611484941968,12.9521047286257,69.1573490563527,61.1797135209825,56.4459137545912,69.7777255141169,72.26641642815,41.283782772177,118.784958637968,54.5875997217591,49.1032395277442,40.3856159232185,84.9246345722896,12.1958759613299,15.3315486093743,20.3359394911062,64.8893997507219,52.9232252674785,82.0073947940092,94.2896882155347,12.3591128555927,67.2945838497056,71.3885989291983,102.083727372442,101.463814831035,60.1511446445041,54.647156145569,80.9399293385765,93.1443548452466,13.0082226303725,93.0356169451705,57.9588077394165,140.917223089996,62.2109873533067,17.640936049693,10.7270474331591,30.159683273174,46.4195881574618,91.905516732419,91.0836571988299,74.7138166342951,59.008295978701,53.8795259745739,17.1782064615397,143.910682585103,51.7683475292632,71.5901598975434,102.473624959713,68.9400118747907,43.305360995739,69.8392422562662,57.2967125068224,68.3229845567276,12.7529111760985,78.9987980647064,79.0661991050775,34.1666796095207,65.3579983591597,10.8728908760392,14.3720389251208,42.3396805961172,60.0737316526445,84.8667134665924,39.0569133647048,11.924506873434,103.511258852914,76.7788604288595,17.8237238848989,104.180731207399,53.7673619839708,16.3641976175705,15.6278262796231,114.398352373912,115.65855147121,10.442978895254,10.2929709817069,11.0849518466403,10.9804469390187,49.8117846870976,89.2662618914899,98.8248269688912,12.9500594643254,94.6737366562979,111.718842843537,79.4622976864544,64.0840678103588,74.9502165259711,102.506491607633,54.5471143400517,89.9772673692311,148.691881295622,13.3788344955441,70.2239395004991,42.2658558078712,88.9376705340088,39.4335242535839,22.4502598948914,77.8543480913425,18.7570396132507,17.4764789134532,134.162888377984,69.9515826518706,29.3292560748416,121.641425001063,11.9301125656006,56.4865520741363,80.7383974752507,49.2208281782264,49.4166905876577,66.2597587216004,126.936075418226,101.061231504755,71.3271137979612,19.4263580902238,40.7242762319241,84.1646642409048,61.7808157180993,41.9374779755874,122.051710395566,28.1786746021319,85.7524988819954,22.2361827438834,13.9468272413896,42.5259170286463,62.082128288318,13.5789876561753,71.3925866781702,60.6951703085244,34.3070869946676,10.6688103692326,53.3408932758979,54.4909050947316,45.4300152006879,85.0975074384998,40.3940345028603,147.345498104535,61.0303664248128,66.3491842087266,51.7675964866566
45.0376610925996,64.2514484581837,75.8020452699824,14.1598781957445,14.4804564930043,10.2472478286863,49.5996599441763,47.4296972429132,12.0930488881076,46.7234133765855,57.1150794201463,77.0299966207395,49.2411315399946,23.5833011060207,121.493135920987,97.4177890304564,38.2813556194394,18.4331479105794,119.364993553153,42.2676913087256,129.997031007701,13.3915255481107,72.4538478544742,70.6842045882421,10.7893930482005,11.9480921813579,71.7114282567187,59.4610797617552,70.889701532841,78.922905081454,16.4824468756557,10.3695381413517,44.1843904306711,61.469008752865,45.5384394133031,13.480495338618,12.9195430751557,12.488017630759,105.082884966039,15.2670454279257,11.8772655507735,46.4068110891805,57.3498704820367,21.6645700516323,62.6608721539029,42.9942062801606,87.3119608658641,118.237924429291,51.2359130748691,8.81138653644061,14.2008089103827,62.6375542438949,18.4592898123268,10.5367604050255,16.9330692477165,17.5240344341821,20.1741382540688,66.4348760141415,67.3259442346818,43.3924176142342,45.8050388573036,109.079297816626,11.8157207359195,64.0006558187964,54.9523698718259,57.9974481185985,54.6283742863239,81.1577449439366,39.9412358954102,116.510322444867,48.0314891968106,46.3682725564126,42.3671096242242,65.5544107796297,9.81478486582083,15.5560037192577,21.8112524914406,74.9605403697333,52.2841842685313,79.9261767524355,72.78341537405,10.9780482674515,59.211305997822,80.1719248049502,105.240030483349,104.600951009725,61.8045250531566,56.1492478828691,74.9046721755465,71.8993179079423,11.8772655507735,94.4990332137611,58.2132770909443,140.377688204809,62.8958954147047,17.0140744221769,10.5367604050255,29.2086744729611,47.9091644771863,93.3511569374892,87.098163423823,72.8176980766368,58.7479795247702,55.3605177861234,14.8054535578077,138.8317778478,43.0114560888703,71.0946161588084,98.8571194306757,79.4329293334994,46.3541877634817,79.8944226721889,56.9001073424606,69.0751822776209,13.4795001561728,74.6422175152056,73.6058015367604,35.1058224808484,55.8869043049094,12.0930488881076,12.9487620258168,39.4186322447255,57.1248214132165,65.509700737899,40.1304745705852,12.5176398680746,92.1631535859192,80.1614289065404,17.7760294519102,103.781850661656,52.1822982171444,18.8548872796353,17.672690985766,111.319002973353,114.141024638093,9.55252855549797,9.97014659764557,9.21227197770013,11.7700020592296,48.3433314813774,68.9057683941584,98.4099745138271,12.6190501730343,97.600931981359,105.477080111035,73.7769354587212,67.271652458726,71.7285510622457,94.3338236977064,57.2603245063854,86.040185240333,148.122579294462,12.9109996906862,64.9877163242506,30.697867167089,77.4634521993004,35.0270393732725,21.6645700516323,85.1588441257638,17.793381778686,16.2389633682331,132.402570783373,68.4793562802586,28.9444342651028,118.601087160282,12.287252416827,56.3849096034692,74.7181674642291,49.7371980955405,59.0043227115679,70.0348662123301,126.413053971651,104.18592030287,72.1123852960494,19.0799888100908,43.5913869225626,79.7584657364304,61.5223030421421,35.6070525722304,118.983408228348,28.0707858882273,88.403860523619,40.1576418873341,13.6626930301422,41.4504237039258,61.6523986997175,13.5482865213463,70.8984105320198,55.6954548034736,34.1635340687277,10.3542934554875,63.6898837851449,57.2013193753857,45.9066161450649,82.9378672228969,39.8202519764025,143.785364007157,60.77499389281,64.3522910407438,52.4271604811155
13.3062333056315,39.2050152883073,60.4924087206421,15.7059424648507,4.82690603425192,10.2644730430404,15.8570468313109,66.2510743253213,3.98276934679902,14.7501785211059,57.2110875876379,61.4723523980784,68.7813343781474,12.3719745562588,106.062468904869,102.027006170837,38.4075076678145,20.8246231038373,117.574516073644,15.7013859357128,120.346080808947,3.98276934679902,71.8593620346174,75.6385577230222,4.00798858457927,3.98276934679902,22.5250503182322,13.9679968107946,78.6298835508238,87.5402026226975,17.7836949299558,10.5679163062329,61.7179426520331,55.5827045489932,15.6758025110855,3.98276934679902,4.0581168850055,3.98276934679902,100.366561243688,15.2978171081891,16.0297226972825,17.2389649965698,16.0843869979653,21.8982621198019,72.7394076085798,47.6885832507419,84.1553737620709,115.662943346566,19.0328551205038,8.4180844450465,3.98276934679902,65.2462932178353,18.7395947417004,16.7429164768431,3.98276934679902,3.98276934679902,20.2362927970315,40.5373013731564,23.5365539071922,13.727817412785,49.4074717582665,109.94653877224,12.3078237811465,70.9886486385753,53.7565903580872,20.8313450667923,18.2097870748356,22.1987592529723,13.9680183311838,118.760916566748,12.8074697409536,50.0150021474171,40.0708589687391,81.0811949307649,12.4191011657415,4.52200114745777,20.7332531259581,72.2504938574578,17.5674759628576,91.3086232820398,90.0224137397627,4.09064204389295,64.035241055357,21.9291117418541,100.410662433915,99.800909728602,22.1987592529723,20.1675141895393,83.083233857986,88.9289147953782,16.0297226972825,22.1987592529723,19.477024437589,138.272019852016,21.9878480695224,17.9321187008179,16.7429164768431,8.4463940984171,17.7970515545654,21.9291117418541,99.0092676298636,83.1878119547654,15.7058648988321,19.8842205388208,17.0135614039435,145.400452998963,12.7075975006054,19.9392485137041,103.534436929496,71.4560118237244,16.0674003331541,68.7763028874749,15.9582460959274,24.1480720368249,14.1229223321008,69.8184192850505,21.9291117418541,12.6092013644579,15.1097516439283,21.7095565408703,13.0096973488662,15.3869519874153,18.2186632332692,81.0258951642685,14.4139404506992,3.98276934679902,83.8949078670629,18.2186632332692,18.8533416871868,102.225120661845,52.3542593115856,16.9614171313258,15.92321091614,103.365414781624,15.7058648988321,10.1372003649325,9.05823307267147,12.5938229547057,3.98276934679902,48.5026416780245,85.2263329435186,95.690594662601,12.9438470877466,93.1221151248749,96.3142458032048,23.3403980450242,21.4039929367565,76.7561038780212,100.422380798693,18.2186632332692,97.8066057022406,145.900737408169,14.5050838104937,72.0834825978567,33.5402488051104,86.4047980861087,13.0517808304977,21.8982621198019,19.6251501130737,18.9184605504561,18.549565300461,18.2186632332692,20.3664235341746,3.98276934679902,119.92131809857,11.8223925757816,21.5717184732317,82.8763653930966,49.8208043391771,18.6271556510191,73.3778674725458,22.5973887640528,99.4049243985489,25.2098513164611,19.2453602339879,15.1097516439283,19.0584539923097,22.1987592529723,57.3853140756307,113.643202057049,27.6497234940623,84.3470888037846,45.7350452810823,3.98276934679902,52.9668226395982,17.2910772370396,12.9894059555893,19.8842205388208,58.296077562185,12.3270428856168,10.3884149046303,20.1063468597128,18.1998894205117,45.9837833334252,94.7492146099753,31.2773566494205,138.802565013562,21.9291117418541,71.2936553119913,50.9815637413645
