"ENSBTAG00000025644-ENSBTAG00000011515","ENSBTAG00000014583-ENSBTAG00000011515","ENSBTAG00000010562-ENSBTAG00000011515","ENSBTAG00000010452-ENSBTAG00000011515","ENSBTAG00000014906-ENSBTAG00000011515","ENSBTAG00000039355-ENSBTAG00000011515","ENSBTAG00000025644-ENSBTAG00000010785","ENSBTAG00000017745-ENSBTAG00000015361","ENSBTAG00000009476-ENSBTAG00000013745","ENSBTAG00000002006-ENSBTAG00000003585","ENSBTAG00000014583-ENSBTAG00000012100","ENSBTAG00000017246-ENSBTAG00000006161","ENSBTAG00000021316-ENSBTAG00000019289","ENSBTAG00000012849-ENSBTAG00000003585","ENSBTAG00000009615-ENSBTAG00000013290","ENSBTAG00000000575-ENSBTAG00000019289","ENSBTAG00000009476-ENSBTAG00000015910","ENSBTAG00000047567-ENSBTAG00000019866","ENSBTAG00000021316-ENSBTAG00000003585","ENSBTAG00000007737-ENSBTAG00000007909","ENSBTAG00000030710-ENSBTAG00000013755","ENSBTAG00000007740-ENSBTAG00000007909","ENSBTAG00000021302-ENSBTAG00000019289","ENSBTAG00000021048-ENSBTAG00000008483","ENSBTAG00000025644-ENSBTAG00000012100","ENSBTAG00000000575-ENSBTAG00000015296","ENSBTAG00000013155-ENSBTAG00000019289","ENSBTAG00000016177-ENSBTAG00000011628","ENSBTAG00000032436-ENSBTAG00000007909","ENSBTAG00000015978-ENSBTAG00000013290","ENSBTAG00000017122-ENSBTAG00000019289","ENSBTAG00000019269-ENSBTAG00000019289","ENSBTAG00000007773-ENSBTAG00000010347","ENSBTAG00000017246-ENSBTAG00000010444","ENSBTAG00000019993-ENSBTAG00000027516","ENSBTAG00000008300-ENSBTAG00000019289","ENSBTAG00000011966-ENSBTAG00000019289","ENSBTAG00000012849-ENSBTAG00000019289","ENSBTAG00000032436-ENSBTAG00000006161","ENSBTAG00000007148-ENSBTAG00000034848","ENSBTAG00000010138-ENSBTAG00000019866","ENSBTAG00000011757-ENSBTAG00000007909","ENSBTAG00000014583-ENSBTAG00000012687","ENSBTAG00000008026-ENSBTAG00000007175","ENSBTAG00000011802-ENSBTAG00000019289","ENSBTAG00000017746-ENSBTAG00000010462","ENSBTAG00000003505-ENSBTAG00000006161","ENSBTAG00000005198-ENSBTAG00000019866","ENSBTAG00000003505-ENSBTAG00000011628","ENSBTAG00000011412-ENSBTAG00000019289","ENSBTAG00000006045-ENSBTAG00000011944","ENSBTAG00000021466-ENSBTAG00000019289","ENSBTAG00000013103-ENSBTAG00000019289","ENSBTAG00000013201-ENSBTAG00000020319","ENSBTAG00000005111-ENSBTAG00000018114","ENSBTAG00000016542-ENSBTAG00000019289","ENSBTAG00000014583-ENSBTAG00000020667","ENSBTAG00000012829-ENSBTAG00000016933","ENSBTAG00000040333-ENSBTAG00000013290","ENSBTAG00000005710-ENSBTAG00000009851","ENSBTAG00000005077-ENSBTAG00000015127","ENSBTAG00000013472-ENSBTAG00000019289","ENSBTAG00000001745-ENSBTAG00000019289","ENSBTAG00000007773-ENSBTAG00000015910","ENSBTAG00000021217-ENSBTAG00000019289","ENSBTAG00000013363-ENSBTAG00000009851","ENSBTAG00000005339-ENSBTAG00000019866","ENSBTAG00000017246-ENSBTAG00000007909","ENSBTAG00000019604-ENSBTAG00000009851","ENSBTAG00000017473-ENSBTAG00000019289","ENSBTAG00000014575-ENSBTAG00000019929","ENSBTAG00000011808-ENSBTAG00000018105","ENSBTAG00000005947-ENSBTAG00000015910","ENSBTAG00000007737-ENSBTAG00000006161","ENSBTAG00000016260-ENSBTAG00000011628","ENSBTAG00000000793-ENSBTAG00000019289","ENSBTAG00000010663-ENSBTAG00000013745","ENSBTAG00000010361-ENSBTAG00000007909","ENSBTAG00000011104-ENSBTAG00000017425","ENSBTAG00000005339-ENSBTAG00000007213","ENSBTAG00000017468-ENSBTAG00000013557","ENSBTAG00000025644-ENSBTAG00000012687","ENSBTAG00000011082-ENSBTAG00000012687","ENSBTAG00000020638-ENSBTAG00000000782","ENSBTAG00000019866-ENSBTAG00000009851","ENSBTAG00000006276-ENSBTAG00000047138","ENSBTAG00000017745-ENSBTAG00000016933","ENSBTAG00000013718-ENSBTAG00000005072","ENSBTAG00000017746-ENSBTAG00000009851","ENSBTAG00000015509-ENSBTAG00000012687","ENSBTAG00000002880-ENSBTAG00000012687","ENSBTAG00000000575-ENSBTAG00000012119","ENSBTAG00000015991-ENSBTAG00000021190","ENSBTAG00000011851-ENSBTAG00000018572","ENSBTAG00000015043-ENSBTAG00000007909","ENSBTAG00000017122-ENSBTAG00000000782","ENSBTAG00000005947-ENSBTAG00000018517","ENSBTAG00000025868-ENSBTAG00000013755","ENSBTAG00000007773-ENSBTAG00000003418","ENSBTAG00000010312-ENSBTAG00000020199"
25.1352185328936,17.8202173022794,15.134745357868,15.1032857232159,17.788998167618,8.44511798959742,116.998920680383,20.7578520230757,58.3840438888441,60.5814134894054,17.8202173022794,140.025282026653,52.2589685009459,88.7345144938834,24.518344567371,39.115301371647,56.6606933988006,18.3509238927553,66.7194711486257,130.207041373564,67.9811328145613,93.9084548213759,27.9269470136485,15.0560943068394,25.1352185328936,11.8222174459486,41.9770037273439,71.5275120488084,122.506039476438,22.8997877368627,53.3950532449828,51.6078647173781,94.3376430509482,141.672828529861,7.67668598795579,54.334206732595,53.7387350618031,69.5025622663091,133.587352230029,48.6766812913732,8.99495372579132,109.213617758589,52.746235911535,8.07102448630301,60.7767173673927,12.2018899154262,138.991002714408,10.542306482666,140.691146330892,75.1713047560248,107.428043579917,92.6974419462489,66.9178999357567,36.8711072243258,34.9433150018427,44.0317233567645,17.8202173022794,8.70917338332433,20.4888165769973,11.9109665149304,81.847807399634,82.0103522043336,75.0098923603498,85.3458433070692,33.4100514485059,23.680532982999,15.0157146746148,128.409931339297,17.8339941109433,49.3524757996443,89.7883953702286,38.6115518148413,80.5874734802439,141.984950073793,62.8213709926074,40.8398519848701,92.6954182688553,74.5655529529821,24.8260962776997,15.0157146746148,114.923895970124,74.3979797740407,45.2813074045527,57.8134526207121,17.3631434983702,11.0743209032697,20.7578520230757,8.20762328620902,12.2018899154262,56.6994123981413,37.9643953617242,56.7400406017407,81.8339492726354,75.0702333161569,67.6578522120847,47.4189273212455,14.6270978643946,87.6408331938126,90.5496543146169,61.5465980032623
25.3933169006917,17.6623262265341,15.2777858070146,12.3039705307313,15.1544667221335,7.06936369174073,118.200311884611,17.7729574941023,56.7717861006117,60.5264379550363,17.6623262265341,145.358583956932,31.3717736674308,68.2271148508165,26.7921595915022,42.7752650868972,55.0960254153223,17.4025104962237,40.0526112192108,136.542755360708,68.3464778007936,78.6915214853542,29.6125042595382,15.7008627036745,25.3933169006917,12.9284056988488,21.3452353309009,62.3866874663938,127.899435974904,26.5957327456124,49.4057567350479,47.7620951753824,87.6108817442919,147.068882434774,7.08738916451169,60.6204186962135,46.5254231695357,53.4398517331874,139.468609683424,58.9687082826334,11.5398392550357,98.1049155392978,52.2788925683919,7.06936369174073,57.2545026157849,10.7898431653427,136.368880281369,8.05620887114222,138.036949989262,62.6851519821103,106.667478836855,91.2611753863139,67.1331297694718,36.4654599954739,31.7566202299224,61.1928702130949,17.6623262265341,8.02637679574033,21.0208723758027,9.11113840219209,108.488774227841,84.3776946400127,74.2750211744702,79.2602437746334,19.076371960949,23.8434129004574,14.3341742856621,133.30082621747,19.3192214767185,43.7876679495148,100.21682486628,33.1546360133324,93.2771102763481,148.893762567011,62.6120108607303,56.7401973872518,90.6763324187222,66.1838717706642,24.2492666057572,14.3341742856621,114.807942587169,75.1619276634147,30.6208576901753,57.8347122346194,15.4773456982173,10.0643637907944,17.7729574941023,10.1320032777847,10.7898431653427,50.9259733053317,31.0487236683706,62.0491263692538,88.463512932847,63.2330186778746,66.3433660511245,43.8761242005224,16.9303411758472,87.0430502349459,84.0929961739666,60.1077307496498
26.2057131474979,19.0456324976758,14.4017780330903,14.2568622588304,19.6162783877629,8.83212642346941,121.981837949989,20.7949180774583,58.2577080797551,65.3708352857528,19.0456324976758,142.680430561962,37.0794166187474,92.260493215916,25.957769729663,44.2694212748313,56.5380867058194,17.6658200122273,47.3396076935123,132.263669683941,69.1180320268888,96.94854286773,29.5091103369086,15.4409019633044,26.2057131474979,13.3799997996876,37.1365324836166,64.6304377963052,122.948266155078,24.353336183497,57.8692430982127,56.1256334422424,97.4781866024687,144.359217714155,7.74799869810032,59.5115085420281,53.5919102836096,72.2643349212398,134.0695806274,46.9057651155808,8.65932337618368,107.832440567714,56.3733543629857,8.37419552134981,64.4956552083594,13.8864762946638,146.300467059698,9.71687811571372,148.090020342304,76.6367872957055,112.124071494505,96.7620461292146,74.2668366854136,38.4235269008724,36.5854371880024,42.8262547416663,19.0456324976758,7.86283129594072,21.9184529839136,12.4538687818617,98.162902285237,89.8802022298732,75.8534227626755,88.1870457070734,38.1435073974651,24.0398925977878,13.2772024316262,130.844830495935,18.8086551255518,50.9042555159142,100.571950343053,36.5265350707786,82.8254236174597,144.227611184044,65.8881765009202,40.1813882696906,92.5933910830522,66.0022136626745,25.2067550807044,13.2772024316262,122.394824773052,77.5665472794845,47.5232477623371,60.4501250226215,17.5801868248079,11.471803320763,20.7949180774583,7.30679735373242,13.8864762946638,57.3603070815232,40.7583568524385,64.2165258215349,73.6326636771507,76.9467043675477,64.5135476826702,51.3923531458878,15.0332989060579,94.0953105991201,93.5640939778656,61.9859843642641
26.0474096729795,18.6210757241755,15.802942821396,14.4625121056921,18.9276413989941,7.06936369174073,121.244970051492,20.9046734980988,59.8286126212099,58.7276851585749,18.6210757241755,141.851513492808,47.4545090217802,93.0973022572135,26.583361185864,48.4576182727739,58.0626220866097,17.612750176594,60.5855767224636,131.245238316594,66.3650410913055,98.6104512968619,29.2019860486202,14.9344233608025,26.0474096729795,14.6458413982401,45.2004418368313,68.8293224907679,121.650246759702,24.4366445780169,58.7892284856304,56.9518845352038,102.323079137681,143.520547553281,6.5777170766271,57.6248530942982,53.5863190696696,72.9197774266676,132.654148580845,52.0846531443531,9.24341621163022,108.296796044467,55.1167046065307,9.0655296876217,64.5814759888121,12.7208595284643,145.111674940698,10.9713816182355,146.886686869597,77.0184679575553,111.094723370285,97.978891545783,73.1019755094826,37.1384789445464,37.5266029422993,44.26354499361,18.6210757241755,8.32360639516881,21.7411715579894,11.8048292777887,84.0081925837774,90.7756056986941,73.6191412188161,92.5701469355674,34.5137789743819,23.5548450527453,12.4367621076599,130.084673598585,18.4173204737031,54.0434736191095,86.6350053521071,38.2810190827319,82.7786822692113,143.11705736667,63.6472588949416,41.2643692259606,91.1581901391725,73.0633577542412,24.9395540080379,12.4367621076599,115.470006594816,77.0979832731693,49.1022995807441,58.9971371676584,17.8486310705599,11.8591567932769,20.9046734980988,10.2900949988083,12.7208595284643,55.1349890046856,33.778725775277,70.291858475973,73.5550313597612,74.8253149531136,64.5045395278225,52.2093711573206,15.0248150779192,90.7330772686603,98.2144470083949,58.1944546465426
26.0075532508056,19.108660159502,14.9108597736489,13.8606682061505,18.4083800828901,7.06936369174073,121.059447161749,20.6928901291614,53.1982739983408,63.5555437477496,19.108660159502,142.703249690934,43.1346845538166,92.5099113788659,26.7039739177249,51.4584468992564,51.6279944243693,17.8056642171882,55.0704199517706,131.909243553557,65.0613686424681,96.2049983473601,29.8183667024261,16.4116386902433,26.0075532508056,15.5528125143061,32.4227801967355,67.4515102251527,121.5465736506,24.4639473517641,60.2046020998504,57.1605403348818,96.9998786397456,144.382305334471,7.22406811571191,58.1163781372575,53.9978967339299,72.4596952215654,132.541097696157,48.7873536031114,9.46092443286487,106.511497712663,56.5599105571806,8.88050571391758,64.6662877479205,12.7504853564503,142.223914344578,10.4001559991397,143.963603068036,76.543746234636,112.124411207898,97.4366303556095,74.1674872386629,38.0881429048947,33.8183471338661,45.9679415083211,19.108660159502,8.23520997266978,21.7399582994726,12.8376330018053,94.757041291185,90.065523041149,72.1737281861389,87.7543277048117,34.9323222484756,23.9486127228736,12.6176445610172,130.86575673684,18.5311744995511,51.8337524709396,96.9612457624407,41.8373413875729,88.159642845248,143.841125354271,64.3365467773815,41.8338652078323,93.8643675606783,69.0940435288973,24.8772564722461,12.6176445610172,117.376967759931,76.9800118584038,47.5181496142071,58.7617303354125,17.7210846581075,11.1164197788341,20.6928901291614,8.8240659639957,12.7504853564503,53.748885166575,38.2883069267121,74.6448132567049,76.110254503764,72.6726562917056,64.8968903897434,53.4663321390276,16.001490900489,94.0556892769808,93.1049917650076,55.6030824854205
25.8239614858231,19.9581871907378,15.1346297936111,14.3585120532444,17.7073692981287,13.2630181423894,120.204867826358,19.9810608562226,53.2146848087545,69.3432645932311,19.9581871907378,143.107498847932,37.131019797141,91.1127825492715,25.5428339528816,40.286260954608,51.6439208288343,18.0143615787871,47.4054899118332,132.586006186175,68.1690055935077,95.5256993203996,25.5044312984853,17.2505026657192,25.8239614858231,12.1761285325244,32.1481693869815,73.1632710903983,124.324218698823,24.9684583091552,54.4294049089122,54.8527263891532,94.3582519945276,144.791310913133,7.92494060875202,58.6812094517198,53.788702766228,71.3653743248231,135.569995283678,56.2875263362961,8.65011695492578,103.400157922109,59.0744339461326,15.5258031054385,62.7508492131034,12.8984772785943,146.044467758405,9.98511102870764,147.830889647112,76.1661772362399,107.909819359779,93.9534358527214,74.330401279811,37.0698625495778,34.7213386361846,41.674021918532,19.9581871907378,8.05447073307629,21.7968196294484,10.3428191445225,95.9902104000897,88.4189216786637,72.9970355098617,85.3644879075973,36.2681514314647,23.7888806840967,12.9331729429822,131.236472694293,19.01562689818,54.3621599418968,87.0192480780706,39.9094833148522,83.9211634898937,144.579104710768,64.119308902418,47.5991054925939,89.2938389769032,72.7766596825159,24.4195176181604,12.9331729429822,115.871667386183,76.4365967932048,41.8464804445267,54.9469945063976,17.164177879448,11.3665714973855,19.9810608562226,9.77314097949081,12.8984772785943,54.2207975009886,33.3018304727044,58.4386161450795,78.2600266035901,77.0106669752022,71.0947004355407,48.3375114108885,15.2321821028607,93.9233815397648,90.5694357365027,59.3796849803566
24.8720615079932,18.8622792308229,17.048744091187,14.8325307187257,18.4230008220519,4.0120101623182,115.773982538608,18.8172301939894,48.6032418582847,60.8456260947712,18.8622792308229,141.056519923723,44.7272371419708,97.0416604641275,25.8270061975704,54.2752894080298,47.1685961041528,19.2710853413207,57.1036454345143,134.082449541851,66.2628355233952,99.4165997144046,29.8254735396516,18.4566799655376,24.8720615079932,16.4041756249544,33.9210073287661,67.9661165477428,123.163592980203,24.6620897465799,61.4587790369124,54.7107064569485,85.5430362455193,142.716200038567,7.71188805790322,60.2427156404899,54.381477272242,76.0092517246936,134.304384891381,49.3461953492793,9.67061447746417,103.982035759419,55.8306452307388,3.98276934679902,62.0004837207314,12.8797975987413,144.437175208317,10.1524395831413,146.203936628969,80.6143964729889,107.622952933307,96.4139759085963,71.7152301966703,33.6695891613373,33.1012100684051,46.5761547464693,18.8622792308229,8.21885303198343,21.0818578472038,13.9254714323936,104.151333274592,87.8183943049636,79.9009326976819,77.3894951295124,31.8874495288445,24.0133478416495,14.7699300661854,129.355626185547,19.6557929181747,54.4484259846411,94.0962630077262,41.1985740637473,78.6710145566895,146.210909203847,61.9529350598458,39.8642853361996,22.6103256095928,72.636774930094,24.2071283692217,14.7699300661854,109.302900172735,73.6190587159121,42.649657136434,54.8342057371739,18.6881416164593,12.8462820891562,18.8172301939894,8.33164433658597,12.8797975987413,55.1037243156944,36.1562946174601,78.7308806705269,70.2800933523949,75.8485633391355,66.9361248814401,54.5801380332489,14.2792493586986,96.0653975952109,82.1081819573471,54.8515787745603
57.6919735234025,40.9021112523435,34.7382429688007,34.6660347877965,40.8304550824181,19.3837790914872,128.640922989776,20.7578520230757,58.2212514176402,14.3416758550794,72.8315361470401,145.359300525672,15.7947623424675,21.0064699835979,24.518344567371,11.8222174459486,56.5851063580754,18.3509238927553,15.7947623424675,99.337904145236,68.1861243079117,71.6448894396512,8.44064671929524,50.330771071049,102.728072620531,11.8222174459486,12.6871390067768,71.5212806657169,93.46263518736,22.8997877368627,16.1381328499172,15.5979725891155,95.0560640786095,148.100551249391,7.67668598795579,16.4219828103248,16.2420073191962,21.0064699835979,138.676129040307,48.3047432058312,8.99495372579132,83.3215452698231,70.3410832715092,8.07102448630301,18.3691686673056,50.1820566899149,144.285622149881,10.542306482666,140.678889502642,22.7197919831334,24.8238764019222,28.0168956122657,20.2252810620089,27.7180360766554,50.6525146838114,13.3081579277016,17.8202173022794,8.70917338332433,20.4888165769973,26.4295191105865,80.7457392968018,24.7868272154293,22.6710066645183,85.2319894280075,10.0978614315591,52.5452823864899,15.0157146746148,97.9668481528779,39.5722620479565,14.9163033375535,84.5390188445042,38.5199142457089,80.4799674072593,147.39361870359,62.8158980771126,12.3434460094806,92.4369552504663,56.8877510282155,24.8260962776997,63.7532718566178,105.459082398767,99.2153165070383,60.3860381644767,52.0340220360686,38.5274807325502,11.0743209032697,20.7578520230757,24.9229076417278,27.0750557732479,75.6129422321698,50.6283841745671,11.8222174459486,21.0189024060739,78.0825583709872,51.6177095095349,42.6786050185914,14.6270978643946,87.9051068905142,90.9899910575906,58.7563866947066
58.2843775314264,40.5397094793271,35.0665586265359,28.2408661441606,34.7835087150905,16.2260591606743,129.961858879483,17.7729574941023,56.6134890944712,14.3286612809969,72.186232591232,150.895765275874,9.4818118985602,16.1516727550242,26.7921595915022,12.9284056988488,55.0225256879619,17.4025104962237,9.4818118985602,104.171564000396,68.5525709617863,60.0355459727235,8.95008991875239,52.4861567848732,103.782925111099,12.9284056988488,6.45138870640967,62.3812524199581,97.5773796645404,26.5957327456124,14.9324069794015,14.4356263415308,88.2780756412505,153.741425128892,7.08738916451169,18.3219289219273,14.0618543175465,16.1516727550242,144.781422722018,58.5181289110809,11.5398392550357,74.846464470837,69.7178456802705,7.06936369174073,17.3046136920238,44.3748079315143,141.563614543521,8.05620887114222,138.024924391117,18.9459743726279,24.6481293199847,27.5827980855571,20.290332175149,27.4130887786179,46.0332018418843,18.4949467965829,17.6623262265341,8.02637679574033,21.0208723758027,20.2169157488678,107.027989615639,25.5023333233257,22.4488990327329,79.1545082653286,5.76564693339188,52.9067004028869,14.3341742856621,101.698222750343,42.8678674044251,13.2343945667613,94.3577620579237,33.0759494517485,93.1526758525834,154.565610339257,62.6065561844159,17.1491699645798,90.4234992257654,50.4931764101175,24.2492666057572,60.8596080757241,105.352678615078,100.23409862813,40.8352229008747,52.0531563926653,34.343040373712,10.0643637907944,17.7729574941023,30.7663952294459,23.9418325776666,67.913625817034,41.4058144489002,12.9284056988488,22.7216938857397,65.770354690322,50.6148582130135,39.489964878682,16.9303411758472,87.3055213664892,84.5019346323453,57.3827504012574
60.1490417554482,43.7147631859428,33.0558891257556,32.723269100957,45.0245464105869,20.2720657913246,134.119666494555,20.7949180774583,58.0952678712105,15.4754944799697,77.8398292326261,148.115592305972,11.2068911823213,21.8411887692885,25.957769729663,13.3799997996876,56.4626632260487,17.6658200122273,11.2068911823213,100.90695251469,69.3264517459494,73.964241540398,8.91884011642304,51.6171382835024,107.103202614529,13.3799997996876,11.2241538941098,64.6248072772819,93.8000199474298,24.353336183497,17.4904129930962,16.9634240202162,98.2205241967595,150.908822413262,7.74799869810032,17.9867716685998,16.1976309653554,21.8411887692885,139.176727086039,46.5473585846683,8.65932337618368,82.2678138744442,75.1781192536981,8.37419552134981,19.493181273169,57.1101645295935,151.873527769999,9.71687811571372,148.077118933848,23.162719754103,25.9090084833325,29.2453824907425,22.4464253509276,28.8850751986115,53.0328732199916,12.9438168235247,19.0456324976758,7.86283129594072,21.9184529839136,27.6341775084633,96.8411539461302,27.1654124495028,22.9259554822153,88.069401579982,11.5285022175707,53.342673748033,13.2772024316262,99.8244879277612,41.7349599179951,15.3853135865006,94.6921255271593,36.4398459136382,82.714932052805,149.721710070977,65.8824364093496,12.1444317887501,92.3352125474876,50.3545853206625,25.2067550807044,56.3719486192572,112.31472621046,103.440840222619,63.3758347001227,54.4071145196283,39.0090831899762,11.471803320763,20.7949180774583,22.1874992617999,30.8130234560287,76.4942951316531,54.3543425198287,13.3799997996876,18.9124169795729,80.0343261213901,49.2188482908833,46.2548198534766,15.0332989060579,94.3790472395435,94.0190897336567,59.1758535015321
59.7856934181888,42.7402931170272,36.2719328519347,33.1952898834584,43.4439424118073,16.2260591606743,133.309476400211,20.9046734980988,59.661792253031,13.9028354696732,76.1046583606245,147.255099089162,14.342661433586,22.0392898589071,26.583361185864,14.6458413982401,57.9851648315531,17.612750176594,14.342661433586,100.129968132887,66.565159393492,75.2321491626718,8.82601480275411,49.9240392582574,106.456213577806,14.6458413982401,13.6613916628369,68.8233261704138,92.8097315197359,24.4366445780169,17.7684695826085,17.2131503355815,103.102312636528,150.03210163038,6.5777170766271,17.416548503585,16.1959410756021,22.0392898589071,137.707376628386,51.6866747764222,9.24341621163022,82.6220811963369,73.5022820373672,9.0655296876217,19.5191197650715,52.3163951180049,150.639450692008,10.9713816182355,146.873890293976,23.2780790028131,25.6711524286312,29.6131621219434,22.0943574482581,27.919034081458,54.3971516860418,13.3782237511354,18.6210757241755,8.32360639516881,21.7411715579894,26.1940087400497,82.8770352276479,27.4360393944336,22.2506657280599,92.4466556218077,10.4314522861459,52.2663905307832,12.4367621076599,99.2445469951686,40.8666184071104,16.3341115689989,81.5699881911907,38.1901659735517,82.6682530588975,148.568851646033,63.6417140291754,12.4717521954931,90.9040133803395,55.7416922507041,24.9395540080379,52.8036322510947,105.960216865902,102.815974784988,65.4816193789552,53.0993773298206,39.6047403362149,11.8591567932769,20.9046734980988,31.2464495916649,28.2266094518188,73.5266656611643,45.046478132568,14.6458413982401,18.8924772587446,77.8278122281597,49.2119757653014,46.9901631219312,15.0248150779192,91.006675372068,98.6920571112273,55.5562125548934
59.6942123892974,43.8594283374537,34.2243663466366,31.8138989768252,42.2521003730683,16.2260591606743,133.105493016147,20.6928901291614,53.0499410307845,15.0457533874304,78.097424375979,148.139280689798,13.0370367190181,21.9002345102074,26.7039739177249,15.5528125143061,51.5591211529173,17.8056642171882,13.0370367190181,100.636552783652,65.2575558280188,73.3969745668684,9.01230982959114,54.8621981893525,106.29331969144,15.5528125143061,9.79946834733699,67.4456339379972,92.7306369541442,24.4639473517641,18.1962524207256,17.276214511202,97.7385737167231,150.932957523228,7.22406811571191,17.5651071426399,16.3203364010159,21.9002345102074,137.590019267742,48.4145698714271,9.46092443286487,81.260036619604,75.4269060071773,8.88050571391758,19.5447532901369,52.4382356680988,147.641685900807,10.4001559991397,143.951061147644,23.13459900297,25.9090869824189,29.4492689783928,22.4163979518936,28.6329486312296,49.0218035893289,13.8933609354199,19.108660159502,8.23520997266978,21.7399582994726,28.4857208128833,93.4811523450599,27.2214238530031,21.8138037693814,87.6372608363328,10.5579528990354,53.1401307222061,12.6176445610172,99.8404530314242,41.1192517386033,15.6662449543367,91.2925166876908,41.73804798745,88.0420352743847,149.320501738697,64.3309418617585,12.6438767885855,93.6026451561411,52.713412428968,24.8772564722461,53.571617556681,107.710125994422,102.658651006973,63.3690359351313,52.887503384549,39.3217246513692,11.1164197788341,20.6928901291614,26.7947703465758,28.2923468868072,71.6781916645929,51.0603446732011,15.5528125143061,19.5487817187751,75.588774354462,49.5113091339246,48.1214696337514,16.001490900489,94.3393064425785,93.5577549383042,53.0823200944082
59.2728207379529,45.8093175309505,34.7379777182701,32.9565822603519,40.6430952402445,30.4421340323651,132.165878583523,19.9810608562226,53.0663060828675,16.4159032654966,81.5694560371991,148.558929012221,11.2224877385149,21.5694867173166,25.5428339528816,12.1761285325244,51.5750263110877,18.0143615787871,11.2224877385149,101.152870340821,68.3745636017119,72.8787219369468,7.70846502705226,57.6664228341361,105.542976974469,12.1761285325244,9.71646991470131,73.1568972021232,94.8497653410508,24.9684583091552,16.4507555284534,16.5787003074389,95.0768299680055,151.360519761468,7.92494060875202,17.7358218856099,16.2571095693712,21.5694867173166,140.73429741747,55.8574338519687,8.65011695492578,78.8863249476629,78.7802125708358,15.5258031054385,18.9658307184354,53.0468740903558,151.607776622546,9.98511102870764,147.818010813782,23.0204824643429,24.9352024766994,28.3965074918221,22.4656371281728,27.8674513692921,50.3307460960183,12.5955657170325,19.9581871907378,8.05447073307629,21.7968196294484,22.9499206378294,94.6977170221111,26.7237546884698,22.0626403592727,85.2506091560872,10.9616942104443,52.7856976066286,12.9331729429822,100.123280640884,42.1942143717098,16.4304313945639,81.9317666027232,39.8147653388994,83.8092101758429,150.086593129553,64.1137229122739,14.3863643033053,89.0448605961317,55.5229637912658,24.4195176181604,54.9112785152033,106.328797987658,101.933966037675,55.8054373871315,49.4541148012554,38.0859913184825,11.3665714973855,19.9810608562226,29.676689768487,28.6207295860293,72.3075223502462,44.4105022831005,12.1761285325244,20.1009468087307,80.100855341097,54.2397589454321,43.5053611211208,15.2321821028607,94.2065997423045,91.0098686751709,56.6877105430061
57.0879585595707,43.2939189508764,39.1313762173523,34.0445804515257,42.2856588358885,9.20862429571395,127.294097119529,18.8172301939894,48.4677212378615,14.4042239424337,77.0904612616326,146.429821628891,13.518370169894,22.9730532625916,25.8270061975704,16.4041756249544,47.105671801946,19.2710853413207,13.518370169894,102.294540906842,66.4626456331299,75.8471780688193,9.01445780166565,61.6985331750417,101.652545310943,16.4041756249544,10.2522928512311,67.960195428759,93.9642976645834,24.6620897465799,18.5753151390404,16.5357761713258,86.1944826249416,149.191260718531,7.71188805790322,18.2077718657835,16.4362698688133,22.9730532625916,139.420475808261,48.9691415128205,9.67061447746417,79.330252743097,74.454375699227,3.98276934679902,18.7390400839859,52.9700511752313,149.939257070653,10.1524395831413,146.191199533654,24.3649132425809,24.868914974132,29.1401816693169,21.6752272343695,25.3112791374054,47.9822686815318,14.0771874407196,18.8622792308229,8.21885303198343,21.0818578472038,30.8995506691275,102.74895163584,26.542251160562,24.1492757913608,77.2862552542273,9.63766988639302,53.2837729746354,14.7699300661854,98.6883401935263,43.614693561051,16.4565044626412,88.595031894792,41.1007966629055,78.5660650965878,151.780558364084,61.9475378013512,12.0485905271205,22.5472811451204,55.4162425419318,24.2071283692217,62.7097269239305,100.301016237191,98.1765665362603,56.8765340747121,49.3526011735931,41.4675497050914,12.8462820891562,18.8172301939894,25.2995045049596,28.5792808123269,73.4849718406712,48.2171454801346,16.4041756249544,18.0513153329839,78.8921202541263,51.0670873647242,49.1239318257958,14.2792493586986,96.3550748703168,82.507468400661,52.3648857589561
25.1352185328936,17.8202173022794,15.134745357868,15.1032857232159,17.788998167618,8.44511798959742,117.296347254916,20.7578520230757,59.0539880107698,66.8844127853167,17.8202173022794,140.547170687264,15.7947623424675,97.9666130892024,24.518344567371,11.8222174459486,57.3517566596676,18.3509238927553,73.6610850108858,113.08970006528,69.5466692304503,81.563015926875,8.44064671929524,15.0560943068394,25.1352185328936,11.8222174459486,12.6871390067768,70.3279348264983,106.401091019556,22.8997877368627,16.1381328499172,15.5979725891155,95.0722985036581,147.249718109006,7.67668598795579,16.4219828103248,16.2420073191962,21.0064699835979,134.085246062634,48.7971490005984,8.99495372579132,94.8561241010619,61.8041365994365,8.07102448630301,18.3691686673056,12.2018899154262,139.509036509404,10.542306482666,138.331636127265,22.7197919831334,48.1612575818971,28.0168956122657,20.2252810620089,10.8295146766367,47.2314881763727,13.3081579277016,17.8202173022794,8.70917338332433,20.4888165769973,11.9109665149304,82.2217226750932,24.7868272154293,22.6710066645183,86.3867655626813,10.0978614315591,23.680532982999,15.0157146746148,111.528842583106,17.8339941109433,14.9163033375535,81.1565856395026,38.3610117973077,81.5703601847238,142.514142619228,61.767803161734,12.3434460094806,93.7590779001904,64.7629800178115,24.8260962776997,53.8009189171631,107.443281780864,87.1740480664587,53.0572856976138,19.6757124551703,17.3631434983702,11.0743209032697,20.7578520230757,8.20762328620902,12.2018899154262,66.4361763148328,44.4838695368951,36.1222838504835,21.0189024060739,68.7591366152587,58.7633827864485,16.1381328499172,14.6270978643946,89.6591125340235,90.9629071060067,59.3218259075282
25.3933169006917,17.6623262265341,15.2777858070146,12.3039705307313,15.1544667221335,7.06936369174073,118.500792552878,17.7729574941023,57.4232299173801,66.823717497405,17.6623262265341,145.900350383621,9.4818118985602,75.3255866773605,26.7921595915022,12.9284056988488,55.7680051723708,17.4025104962237,44.2197569784996,118.592505343298,69.9204277405035,68.3465384711984,8.95008991875239,15.7008627036745,25.3933169006917,12.9284056988488,6.45138870640967,61.3404096480209,111.08545820823,26.5957327456124,14.9324069794015,14.4356263415308,88.2931524679245,152.858185340476,7.08738916451169,18.3219289219273,14.0618543175465,16.1516727550242,139.988423568828,59.1146472623319,11.5398392550357,85.2077994878804,61.256538248212,7.06936369174073,17.3046136920238,10.7898431653427,136.877141155756,8.05620887114222,135.721952916089,18.9459743726279,47.8202874471197,27.5827980855571,20.290332175149,10.7103709093594,42.9241596806727,18.4949467965829,17.6623262265341,8.02637679574033,21.0208723758027,9.11113840219209,108.984396666467,25.5023333233257,22.4488990327329,80.2269428959183,5.76564693339188,23.8434129004574,14.3341742856621,115.776768263536,19.3192214767185,13.2343945667613,90.5824777939627,32.9395044607873,94.4147663854628,149.448704968802,61.5619541773619,17.1491699645798,91.7168234819545,57.4831754776587,24.2492666057572,51.3589772580821,107.334876023357,88.0691856794803,35.8792554344458,19.6829477616809,15.4773456982173,10.0643637907944,17.7729574941023,10.1320032777847,10.7898431653427,59.671287556913,36.3805971303154,39.5021951273674,22.7216938857397,57.9170674953986,57.6217022435625,14.9324069794015,16.9303411758472,89.0475632409968,84.4767819064276,57.9349704924114
26.2057131474979,19.0456324976758,14.4017780330903,14.2568622588304,19.6162783877629,8.83212642346941,122.291931752614,20.7949180774583,58.9262025259295,72.1721346455191,19.0456324976758,143.21221523487,11.2068911823213,101.859440983651,25.957769729663,13.3799997996876,57.2276545917452,17.6658200122273,52.2649056813697,114.875958905914,70.7097500764813,84.2034464420562,8.91884011642304,15.4409019633044,26.2057131474979,13.3799997996876,11.2241538941098,63.5465303762418,106.785181479801,24.353336183497,17.4904129930962,16.9634240202162,98.237299073289,150.041855840872,7.74799869810032,17.9867716685998,16.1976309653554,21.8411887692885,134.569271774953,47.0218500647395,8.65932337618368,93.6565198968244,66.0541256339482,8.37419552134981,19.493181273169,13.8864762946638,146.845743981804,9.71687811571372,145.606424727614,23.162719754103,50.2665422214523,29.2453824907425,22.4464253509276,11.2854801449144,49.4510793804607,12.9438168235247,19.0456324976758,7.86283129594072,21.9184529839136,12.4538687818617,98.6113517894325,27.1654124495028,22.9259554822153,89.2626207436092,11.5285022175707,24.0398925977878,13.2772024316262,113.643643844302,18.8086551255518,15.3853135865006,90.903463273764,36.2895241684207,83.8356055247815,144.765162358622,64.7831757328783,12.1444317887501,93.6558799747665,57.3253985960841,25.2067550807044,47.5718743296517,114.427913669313,90.8867410301695,55.6842255299212,20.5730539157955,17.5801868248079,11.471803320763,20.7949180774583,7.30679735373242,13.8864762946638,67.2105638058773,47.7576268892735,40.8820217436755,18.9124169795729,70.4778541904895,56.0324363461158,17.4904129930962,15.0332989060579,96.2622299958466,93.9911041448605,59.7453294326477
26.0474096729795,18.6210757241755,15.802942821396,14.4625121056921,18.9276413989941,7.06936369174073,121.553190639443,20.9046734980988,60.515132853088,64.8378192225438,18.6210757241755,142.380208706351,14.342661433586,102.783313143722,26.583361185864,14.6458413982401,58.7707839982764,17.612750176594,66.8890091686355,113.991413057584,67.8933605568522,85.6468762581695,8.82601480275411,14.9344233608025,26.0474096729795,14.6458413982401,13.6613916628369,67.6749962025751,105.657802940565,24.4366445780169,17.7684695826085,17.2131503355815,103.119921263427,149.170171792091,6.5777170766271,17.416548503585,16.1959410756021,22.0392898589071,133.148564267251,52.2135550884385,9.24341621163022,94.0598300483775,64.5816764276039,9.0655296876217,19.5191197650715,12.7208595284643,145.65252111203,10.9713816182355,144.423272180867,23.2780790028131,49.8050733302763,29.6131621219434,22.0943574482581,10.9080451625976,50.7232156730172,13.3782237511354,18.6210757241755,8.32360639516881,21.7411715579894,11.8048292777887,84.3919774091596,27.4360393944336,22.2506657280599,93.699180552399,10.4314522861459,23.5548450527453,12.4367621076599,112.983419062163,18.4173204737031,16.3341115689989,78.3063468530182,38.032623803563,83.7882940947603,143.650469392689,62.5798402214003,12.4717521954931,92.2042104142565,63.4582671338306,24.9395540080379,44.5605982962261,107.95384503002,90.3377123961557,57.5344416182521,20.0785570480393,17.8486310705599,11.8591567932769,20.9046734980988,10.2900949988083,12.7208595284643,64.6031007325173,39.5794116090392,44.7497470449329,18.8924772587446,68.534808350377,56.0246124256955,17.7684695826085,15.0248150779192,92.8225678480131,98.6626805735945,56.0908550484425
26.0075532508056,19.108660159502,14.9108597736489,13.8606682061505,18.4083800828901,7.06936369174073,121.367196126225,20.6928901291614,53.8087125460652,70.1679769086791,19.108660159502,143.235119413088,13.0370367190181,102.134809061185,26.7039739177249,15.5528125143061,52.2576762732625,17.8056642171882,60.8000455611541,114.568126515609,66.559665856126,83.5576501325267,9.01230982959114,16.4116386902433,26.0075532508056,15.5528125143061,9.79946834733699,66.3202910206975,105.56775895608,24.4639473517641,18.1962524207256,17.276214511202,97.7552662819448,150.065852295369,7.22406811571191,17.5651071426399,16.3203364010159,21.9002345102074,133.035092030262,48.9080952102177,9.46092443286487,92.5092314729025,66.2727183791979,8.88050571391758,19.5447532901369,12.7504853564503,142.753997534484,10.4001559991397,141.549210981194,23.13459900297,50.2666945189685,29.4492689783928,22.4163979518936,11.1869735857094,45.7109138819094,13.8933609354199,19.108660159502,8.23520997266978,21.7399582994726,12.8376330018053,95.1899313871053,27.2214238530031,21.8138037693814,88.8246250877265,10.5579528990354,23.9486127228736,12.6176445610172,113.661819069563,18.5311744995511,15.6662449543367,87.6398738721812,41.565870085537,89.2348836622408,144.377236056321,63.2575681597053,12.6438767885855,94.9414406292254,60.010768822882,24.8772564722461,45.2086954675893,109.736678478879,90.1994822209214,55.6782518971494,19.998440796003,17.7210846581075,11.1164197788341,20.6928901291614,8.8240659639957,12.7504853564503,62.9789668114681,44.8634051428523,47.5209588119737,19.5487817187751,66.5631220448021,56.3653838680609,18.1962524207256,16.001490900489,96.221696234916,93.5299066697684,53.5931552048939
25.8239614858231,19.9581871907378,15.1346297936111,14.3585120532444,17.7073692981287,13.2630181423894,120.510444338277,19.9810608562226,53.8253116669356,76.5578626478599,19.9581871907378,143.640875248366,11.2224877385149,100.59232043356,25.5428339528816,12.1761285325244,52.2737969244326,18.0143615787871,52.3376424042618,115.155920250348,69.7388685286061,82.9676534441509,7.70846502705226,17.2505026657192,25.8239614858231,12.1761285325244,9.71646991470131,71.9362607974937,107.980247882006,24.9684583091552,16.4507555284534,16.5787003074389,95.0930679396166,150.490958201618,7.92494060875202,17.7358218856099,16.2571095693712,21.5694867173166,136.075278631325,56.4268297804872,8.65011695492578,89.8069161449206,69.2190508392794,15.5258031054385,18.9658307184354,12.8984772785943,146.588790544726,9.98511102870764,145.351639874611,23.0204824643429,48.3772433399679,28.3965074918221,22.4656371281728,10.8878916518324,46.9314515573668,12.5955657170325,19.9581871907378,8.05447073307629,21.7968196294484,10.3428191445225,96.4287341321658,26.7237546884698,22.0626403592727,86.4056375624463,10.9616942104443,23.7888806840967,12.9331729429822,113.983799785778,19.01562689818,16.4304313945639,78.6536503944996,39.650521367469,84.9447096101095,145.117965937953,63.0439735486994,14.3863643033053,90.3184662305523,63.2092591032458,24.4195176181604,46.3392255330586,108.329360959261,89.5627486542632,49.0326096052967,18.7001677840701,17.164177879448,11.3665714973855,19.9810608562226,9.77314097949081,12.8984772785943,63.5319187686081,39.0206209784952,37.203644160897,20.1009468087307,70.5364395109782,61.7484143996423,16.4507555284534,15.2321821028607,96.0863415849443,90.9827788068436,57.2332419520876
24.8720615079932,18.8622792308229,17.048744091187,14.8325307187257,18.4230008220519,4.0120101623182,116.068295160009,18.8172301939894,49.1609534181671,67.1761145456835,18.8622792308229,141.582252114282,13.518370169894,107.138049477673,25.8270061975704,16.4041756249544,47.7438888137713,19.2710853413207,63.0448114825904,116.45563744285,67.7888012985598,86.347046400938,9.01445780166565,18.4566799655376,24.8720615079932,16.4041756249544,10.2522928512311,66.8262669575051,106.972200905267,24.6620897465799,18.5753151390404,16.5357761713258,86.2092035991513,148.334161485581,7.71188805790322,18.2077718657835,16.4362698688133,22.9730532625916,134.804951178631,49.4683200084589,9.67061447746417,90.3122988753926,65.418219227292,3.98276934679902,18.7390400839859,12.8797975987413,144.975507449616,10.1524395831413,143.751972242559,24.3649132425809,48.248637741313,29.1401816693169,21.6752272343695,9.88918796933948,44.7415882519178,14.0771874407196,18.8622792308229,8.21885303198343,21.0818578472038,13.9254714323936,104.627140455115,26.542251160562,24.1492757913608,78.3333776281721,9.63766988639302,24.0133478416495,14.7699300661854,112.3502140342,19.6557929181747,16.4565044626412,85.0503163093141,40.9312475517804,79.6305271322347,146.755852334592,60.9139316383045,12.0485905271205,22.8697741460082,63.0877639480821,24.2071283692217,52.9202789958709,102.188167252681,86.2613660021405,49.9737126266265,18.6617822649423,18.6881416164593,12.8462820891562,18.8172301939894,8.33164433658597,12.8797975987413,64.5664670832008,42.3652708643479,50.1222626776209,18.0513153329839,69.4720330326223,58.136535524653,18.5753151390404,14.2792493586986,98.277686093733,82.4829093447309,52.8688166752135
25.1352185328936,17.8202173022794,15.134745357868,15.1032857232159,17.788998167618,8.44511798959742,124.99612823515,20.7578520230757,57.9625805185636,48.5376274155245,70.8315367891579,143.932399063098,26.0919306816107,71.0937984990195,24.518344567371,19.5295422250987,58.350840197176,18.3509238927553,53.4554188396276,123.575087893472,69.5591362726892,89.1253302131152,13.9434050562239,15.0560943068394,99.9070957450361,11.8222174459486,20.9583369686248,72.9877403268491,116.266328119299,22.8997877368627,26.6591566571733,25.7668466764207,94.2732346544421,143.481685052377,7.67668598795579,27.1280585203574,26.8307505940273,34.7013362273702,137.31483209793,48.0687022030302,8.99495372579132,103.650941387735,75.3579733836916,8.07102448630301,30.3446842158232,12.2018899154262,142.869260317308,10.542306482666,143.563344516706,37.5316338841424,110.070403813694,46.2821081051453,33.4108624140012,34.5599664713674,44.3695280033982,21.9842202510324,17.8202173022794,8.70917338332433,20.4888165769973,11.9109665149304,79.8832685753356,40.9462430329298,37.4510436780991,87.8916470233214,16.6810170860469,23.680532982999,15.0157146746148,121.869511696547,17.8339941109433,24.6407729518596,90.2961987552353,42.5368499612213,82.9913385253315,145.946747610088,64.1038641167369,20.3905782605943,92.0262675764584,70.7676379309921,47.5176854297693,52.4733714672027,112.950022153986,106.291584275619,64.6929112419338,52.7339891118829,17.3631434983702,11.0743209032697,20.7578520230757,8.20762328620902,12.2018899154262,81.0058336207395,54.2393186121382,43.365602679255,89.1398876806196,83.3450046365126,64.2117733848562,43.2527220517508,43.6862494491467,89.6751849635939,89.0612622592385,53.3299883818471
25.3933169006917,17.6623262265341,15.2777858070146,12.3039705307313,15.1544667221335,7.06936369174073,126.279637930375,17.7729574941023,56.3619613143677,48.493581199854,70.2039536710273,149.414515796896,15.6633429126135,54.6633379698918,26.7921595915022,21.3568940136016,56.7394993188889,17.4025104962237,32.0900191725783,129.588099206608,69.9329617832642,74.6834547612876,14.7849724288911,15.7008627036745,100.932981329023,12.9284056988488,10.6572788673862,63.660306562072,121.385017856132,26.5957327456124,24.6673751316017,23.8467254955868,87.5510659991965,148.946634929814,7.08738916451169,30.2666471972785,23.2292781716531,26.6815237088471,143.360193924903,58.2321802254342,11.5398392550357,93.1080487864595,74.6902850338974,7.06936369174073,28.5861079220138,10.7898431653427,140.173972959468,8.05620887114222,140.854962974968,31.2975301120582,109.291131794903,45.5650069338609,33.5183226655714,34.1797458681988,40.3231991730184,30.5524615890567,17.6623262265341,8.02637679574033,21.0208723758027,9.11113840219209,105.884789884919,42.1282130660784,37.0841361674478,81.6245185340557,9.52447759952811,23.8434129004574,14.3341742856621,126.511294184439,19.3192214767185,21.8623679269032,100.783606828379,36.525177345396,96.0594978511993,153.048336283458,63.8902299149796,28.329324890182,90.0217571251947,62.8128685277892,46.4136209569935,50.0916851622627,112.836060326787,107.383028313645,43.7476862362686,52.7533808658344,15.4773456982173,10.0643637907944,17.7729574941023,10.1320032777847,10.7898431653427,72.7573840021163,44.3589737042636,47.4232611078075,96.3613228587504,70.2030085972023,62.9642391412252,40.0211879930701,50.5652669260946,89.0635260433061,82.7107341613097,52.0832131512469
26.2057131474979,19.0456324976758,14.4017780330903,14.2568622588304,19.6162783877629,8.83212642346941,130.319642011129,20.7949180774583,57.8371567037857,52.3748962624713,75.7022990263619,146.661634048557,18.5130628461105,73.9188009482446,25.957769729663,22.1028983990951,58.2245762367459,17.6658200122273,37.9283365619495,125.52696408648,70.7224256143705,92.0105746942818,14.7333497669914,15.4409019633044,104.162081943619,13.3799997996876,18.5415797347851,65.9498628705049,116.686030464927,24.353336183497,28.8930364074927,28.0224845465516,97.411634020802,146.202373633729,7.74799869810032,29.7129889888388,26.7574437139863,36.0802379305202,137.810516085318,46.3199050372756,8.65932337618368,102.340112948978,80.5399980533257,8.37419552134981,32.2014806880683,13.8864762946638,150.382680207322,9.71687811571372,151.113265932782,38.2633220505433,114.881937856893,48.3114893507435,37.0800498043363,36.0150779667863,46.4546245753741,21.3823521995527,19.0456324976758,7.86283129594072,21.9184529839136,12.4538687818617,95.8067630217431,44.875512730194,37.8722027138905,90.8176004006231,19.0443435742547,24.0398925977878,13.2772024316262,124.180391923293,18.8086551255518,25.4155476929513,101.140740737517,40.2398678343663,85.2960450686631,148.251985558636,67.2332782073731,20.061819578484,91.9249769056126,62.6404629771787,48.2462746149124,46.3980296867116,120.292634120613,110.818482197588,67.8959470394663,55.1390046823261,17.5801868248079,11.471803320763,20.7949180774583,7.30679735373242,13.8864762946638,81.9500466645526,58.2310209964644,49.0797735547157,80.2064110084549,85.4283135802826,61.2276205734006,46.8770445005106,44.89943611113,96.279486110347,92.0261526660029,53.7107156728361
26.0474096729795,18.6210757241755,15.802942821396,14.4625121056921,18.9276413989941,7.06936369174073,129.532407105052,20.9046734980988,59.3967211824711,47.0524264294632,74.0147770275465,145.809587756196,23.6931534518089,74.5892495747287,26.583361185864,24.1939872377367,59.7945873863326,17.612750176594,48.5409629840328,124.56040540881,67.9055312244509,93.5878356322035,14.5800083239716,14.9344233608025,103.53285962893,14.6458413982401,22.5677396438361,70.2344674508053,115.454124270155,24.4366445780169,29.3523679948768,28.4350163446632,102.253218737954,145.352995463377,6.5777170766271,28.7710170254741,26.7546521248919,36.4074881788119,136.355589323358,51.4341079737443,9.24341621163022,102.780816986549,78.7446362182483,9.0655296876217,32.2443294070317,12.7208595284643,149.160717293207,10.9713816182355,149.885366506159,38.4538881037427,113.827271310597,48.919037627529,36.4984562917215,34.8105788988704,47.6496766272161,22.099964481211,18.6210757241755,8.32360639516881,21.7411715579894,11.8048292777887,81.9917994617949,45.3225710229754,36.756667508397,95.3314463140816,17.2320877045958,23.5548450527453,12.4367621076599,123.458952787498,18.4173204737031,26.9829008859549,87.1249745602266,42.1727148624708,85.2479094603845,147.11044402478,64.9466124526992,20.6025318208236,90.5001364058979,69.3419554044613,47.7348459804851,43.4610574365625,113.486753063052,110.149049899601,70.1519211928175,53.8136756758402,17.8486310705599,11.8591567932769,20.9046734980988,10.2900949988083,12.7208595284643,78.7707589389635,48.2592980128023,53.7230635355231,80.1218478642588,83.0730896416912,61.2190712390841,47.6222796830861,44.8740977538024,92.8392073634188,96.6000664372359,50.4253637223546
26.0075532508056,19.108660159502,14.9108597736489,13.8606682061505,18.4083800828901,7.06936369174073,129.334203200418,20.6928901291614,52.8142457200816,50.92049070725,75.9528204465922,146.685089898315,21.5363454663472,74.118633952571,26.7039739177249,25.6922451397876,53.1680195149331,17.8056642171882,44.1222376843842,125.190590264051,66.5715974435739,91.3049018021852,14.8877557165038,16.4116386902433,103.374438910169,15.5528125143061,16.1880909184614,68.8285272610606,115.355731637665,24.4639473517641,30.0590377070841,28.5391943033501,96.9336526196499,146.225756033171,7.22406811571191,29.0164263344799,26.9601451951538,36.1777776937465,136.239383986623,48.1779922009086,9.46092443286487,101.08645087592,80.8065288582968,8.88050571391758,32.2866743404109,12.7504853564503,146.192379686572,10.4001559991397,146.902608189102,38.2168683798031,114.882285926067,48.6482967041776,37.0304464739945,35.7007163831891,42.9410918828275,22.9509379502915,19.108660159502,8.23520997266978,21.7399582994726,12.8376330018053,92.4826506580523,44.9680399633249,36.0349996734448,90.3719747387079,17.4410585742506,23.9486127228736,12.6176445610172,124.200252308967,18.5311744995511,25.879628229077,97.5096156114574,46.0905772944236,90.78938013159,147.854715637962,65.6499720905913,20.8868705689598,93.1867784444348,65.5748138651155,47.6156071490678,44.0931626924625,115.360961242547,109.980505422819,67.8886633706993,53.5989515802226,17.7210846581075,11.1164197788341,20.6928901291614,8.8240659639957,12.7504853564503,76.7904474658461,54.7020875409764,57.0499647061964,82.9051951923522,80.6831497388766,61.5914381382586,48.7688046477558,47.7911017973451,96.2389450832725,91.5745968550765,48.1799455883035
25.8239614858231,19.9581871907378,15.1346297936111,14.3585120532444,17.7073692981287,13.2630181423894,128.421210947392,19.9810608562226,52.8305380639587,55.5575934389678,79.3295079552605,147.100618795267,18.5388273529927,72.9992589714276,25.5428339528816,20.1141805588812,53.184420992326,18.0143615787871,37.9811211766025,125.83288273093,69.7513700247849,90.6602021294404,12.7338880311412,17.2505026657192,102.644701071682,12.1761285325244,16.0509828503526,74.6568932547937,117.991900368251,24.9684583091552,27.1755891986072,27.3869457376917,94.2938295274027,146.639983731109,7.92494060875202,29.2984361009659,26.8556985391853,35.6314036301115,139.352796721656,55.5844866458501,8.65011695492578,98.133583780345,84.3990010668374,15.5258031054385,31.33033151718,12.8984772785943,150.119537772896,9.98511102870764,150.848845105752,38.0283552036676,110.564029620047,46.9092024945726,37.1117864236841,34.746263490736,44.0876719009752,20.8070637885358,19.9581871907378,8.05447073307629,21.7968196294484,10.3428191445225,93.6862208238901,44.1459225384577,36.4460617023452,87.9108477785663,18.1080132318878,23.7888806840967,12.9331729429822,124.552086253909,19.01562689818,27.1420150376855,87.511390392816,43.9667307839518,86.4244700553476,148.61328678813,65.4282993222699,23.7653477794334,88.6492436420522,69.0698599859755,46.7394850783996,45.1957967231479,113.881515134946,109.204134231361,59.7856113340248,50.1193766966442,17.164177879448,11.3665714973855,19.9810608562226,9.77314097949081,12.8984772785943,77.4646634837591,47.5779628824936,44.6637997082306,85.2468937810272,85.4993265983064,67.473569496724,44.0905997633516,45.4934337056849,96.1035661694193,89.0807185279097,51.4523631339023
24.8720615079932,18.8622792308229,17.048744091187,14.8325307187257,18.4230008220519,4.0120101623182,123.687462102513,18.8172301939894,48.2523842479563,48.7493136780111,74.973509166721,144.992411529289,22.3314773437816,77.7494562786221,25.8270061975704,27.0986421963732,48.5756006236384,19.2710853413207,45.7512511928001,127.253106378242,67.800953222706,94.3529237603271,14.8913040281061,18.4566799655376,98.861103085442,16.4041756249544,16.9361278506015,69.3536392294194,116.890389853329,24.6620897465799,30.68522491749,27.3160378278575,85.4846323081445,144.538378165363,7.71188805790322,30.0780670888136,27.1516598213232,37.9500052153901,138.051872078578,48.72985392941,9.67061447746417,98.6858243053607,79.764635420596,3.98276934679902,30.9556879875724,12.8797975987413,148.467397035295,10.1524395831413,149.188677975499,40.2492683083677,110.270107266533,48.1377043655205,35.8060801577706,31.5591247488448,42.0305018856688,23.2546075041426,18.8622792308229,8.21885303198343,21.0818578472038,13.9254714323936,101.65145766007,43.8460903937282,39.8930491195253,79.697966833175,15.9208102759416,24.0133478416495,14.7699300661854,122.767038608401,19.6557929181747,27.1850860678268,94.6284297835637,45.386872093866,81.0177130420411,150.290623423996,63.2176991358041,19.9034959835696,22.4471059454548,68.9371001106789,46.3329674605331,51.6144614959816,107.425569693659,105.178748234296,60.9331011354329,50.0164974971055,18.6881416164593,12.8462820891562,18.8172301939894,8.33164433658597,12.8797975987413,78.7260914179522,51.6561047503982,60.1728876739854,76.5545312587135,84.2091276917946,63.5268064477483,49.7847520654607,42.6473422967346,98.2953035019744,80.7585449362905,47.5287693174888
25.1352185328936,17.8202173022794,15.134745357868,15.1032857232159,17.788998167618,8.44511798959742,130.232252885188,20.7578520230757,56.2935135345605,64.4261120561102,54.0995430920941,141.198084658614,72.2233598895011,94.3659027537751,24.518344567371,54.058443348334,57.7776809518153,18.3509238927553,70.9537113276088,104.518052566652,64.7060183740287,75.3809372667796,38.595823887057,67.9350767259391,76.3068045177848,48.4366185399503,58.0133962504066,70.124007056319,98.3364074527712,22.8997877368627,73.7934608633093,71.3235162026672,92.853389438912,140.929870777664,26.353841017409,75.0913973184859,74.2684387715174,96.0544900099061,134.706233020872,47.9928125829458,8.99495372579132,87.6664926986346,86.5502953619426,8.07102448630301,83.995127673602,13.8236349890844,140.155142585744,10.542306482666,137.930520096056,103.88885109088,102.6972837788,128.110464147391,92.4824141912082,10.8295146766367,49.6687070353106,60.8530763957386,17.8202173022794,8.70917338332433,20.4888165769973,44.116936160304,77.8464006889571,113.340606441765,103.665774633807,87.0283190933178,46.1736279706423,87.7101417876869,15.0157146746148,103.07550046618,66.0551919686358,68.2065054738134,90.1116489045502,38.1855596541466,82.1761445572597,143.174166197734,61.5886969445712,56.4418206548382,89.3763164614678,59.8542621119993,24.8260962776997,63.3293949361595,115.224028068641,122.078230085929,74.3012361453054,92.3901896303256,64.3112120498033,11.0743209032697,20.7578520230757,19.5113639055877,45.1944850788677,93.0369874760018,62.2950543296724,50.9222881600848,91.0628234750454,86.9533324290586,54.3094050786499,75.7789664633687,60.9272996997434,83.4185770105221,88.1631169360953,66.2730183914458
25.3933169006917,17.6623262265341,15.2777858070146,12.3039705307313,15.1544667221335,7.06936369174073,131.569529179816,17.7729574941023,54.7389851124482,64.3676475909616,53.6202091473255,146.57605645458,43.3566709207783,72.5570351278205,26.7921595915022,59.1166158337755,56.1821676934681,17.4025104962237,42.5944835209229,109.603772052864,65.0537622025478,63.1662043188542,40.925311266473,70.8443564911139,77.0903529747898,52.9687647878158,29.4997137802643,61.1625427308099,102.665722463641,26.5957327456124,68.2801412206198,66.0085548543847,86.2324630825875,146.297626806961,24.3308020626471,83.7791185271792,64.2994394641351,73.8553736302261,140.636749823156,58.1402447698995,11.5398392550357,78.7494640168137,85.7834405582688,7.06936369174073,79.1273281186055,12.2239140445446,137.511058175223,8.05620887114222,135.328404103788,86.6326378265595,101.970211678746,126.125503486456,92.7798678567754,10.7103709093594,45.1391136344236,84.570262575923,17.6623262265341,8.02637679574033,21.0208723758027,33.7466746072496,103.184933807183,116.612340071767,102.650162048012,80.8227503454945,26.3640809806009,88.3134314461122,14.3341742856621,107.001454105725,71.5563140477977,60.5157849792335,100.577622525074,32.7888487199314,95.1159400701618,150.140844480317,61.3834448542282,78.4165438708697,87.4295270809942,53.126231237716,24.2492666057572,60.4549702822404,115.107771865007,123.33177764859,50.2451830262471,92.424164071763,57.3264202567692,10.0643637907944,17.7729574941023,24.0860473430395,39.9644161125323,83.5634610697776,50.9472601725716,55.6870150170412,98.4400402740922,73.242368522208,53.2542583506385,70.1173040420995,70.5211642393317,82.8495933305117,81.8766312396098,64.7236545101725
26.2057131474979,19.0456324976758,14.4017780330903,14.2568622588304,19.6162783877629,8.83212642346941,135.778770222165,20.7949180774583,56.1717013731352,69.5194865345617,57.8197223157546,143.875471786449,51.2447935305128,98.1156518462564,25.957769729663,61.181581583919,57.6526572367018,17.6658200122273,50.343937096943,106.168921702349,65.7881454036407,77.8212360316096,40.7824179660755,69.6713794571727,79.556667779847,54.8189837756855,51.323729257378,63.3622664379614,98.6913857301125,24.353336183497,79.9769167035816,77.5671992655562,95.9445215046316,143.602172054696,26.5986554892551,82.2465735985626,74.0655228108632,99.8713372633383,135.192500394102,46.2467763727907,8.65932337618368,86.5578126401917,92.5019650471941,8.37419552134981,89.134804054508,15.7321186236338,147.525828439738,9.71687811571372,145.184214213517,105.914189055084,107.186514852052,133.727861105951,102.638850854631,11.2854801449144,52.0028326263214,59.187084966494,19.0456324976758,7.86283129594072,21.9184529839136,46.1277876408675,93.3638770159856,124.216959859661,104.831557303701,89.9255318865246,52.7153968254293,89.0411710676666,13.2772024316262,105.030010109924,69.6652313139336,70.3511085559687,100.934026514121,36.123546408937,84.4582127999484,145.435611050567,64.5953259317299,55.5318053361332,89.2779425157399,52.980413073969,25.2067550807044,55.9971479653441,122.714467744573,127.277472244751,77.9799934404334,96.6037878875275,65.1151171371418,11.471803320763,20.7949180774583,17.3698983471386,51.4340114561927,94.1214369928502,66.8796126033052,57.6321835135136,81.9366328281546,89.1268358793267,51.7854510541664,82.1287959369541,62.6192780288153,89.5620982537152,91.0981076717242,66.746147066764
26.0474096729795,18.6210757241755,15.802942821396,14.4625121056921,18.9276413989941,7.06936369174073,134.958557813862,20.9046734980988,57.6863572649787,62.4547399423751,56.530830767834,143.039611998765,65.5834621649216,99.0055675804548,26.583361185864,66.9697872785083,59.2072467333583,17.612750176594,64.4305395018247,105.35142011361,63.1677848023059,79.1552609101769,40.3579635874274,67.3860814230484,79.0760818534206,60.0052431996397,62.4682781078398,67.4787610777057,97.649456983654,24.4366445780169,81.2483623067865,78.7091014453699,100.713187318328,142.767900030742,22.5811125226301,79.6391628651033,74.057795596412,100.777177185447,133.765213185353,51.3529051383313,9.24341621163022,86.9305538500133,90.4399523612063,9.0655296876217,89.2534107796393,14.4115805082449,146.327079415058,10.9713816182355,144.004492418167,106.441682432669,106.202495662113,135.40957559385,101.02898004501,10.9080451625976,53.3406131465546,61.1734603984913,18.6210757241755,8.32360639516881,21.7411715579894,43.7238152738215,79.9011681412623,125.45443256205,101.743717557424,94.3950399205509,47.6990103616065,87.2446072411686,12.4367621076599,104.419827145024,68.2157699430796,74.6895960030488,86.9469061446378,37.8586736118519,84.4105500103785,144.315755624076,62.3983793651131,57.0285153861363,87.8941311457546,58.6484400989107,24.9395540080379,52.4525562925471,115.77156490088,126.508614478093,80.5710295383297,94.2818054186494,66.1094056894264,11.8591567932769,20.9046734980988,24.4618668698124,47.1166925889667,90.4699548823999,55.4268687097147,63.0845913161294,81.850245478195,86.6696451818112,51.7782201487409,83.4344513784807,62.5839397310611,86.3618466154855,95.6258954488058,62.6634499418806
26.0075532508056,19.108660159502,14.9108597736489,13.8606682061505,18.4083800828901,7.06936369174073,134.752051089249,20.6928901291614,51.2934280989927,67.588990540731,58.0110649716338,143.898482040439,59.6133436157282,98.3808989177506,26.7039739177249,71.1170165881193,52.6457692467359,17.8056642171882,58.5653724868981,105.884421505311,61.9269191395007,77.2243879314927,41.2098189352409,74.0514711782591,78.9550836527633,63.721180093585,44.8091914161037,66.1279840931749,97.5662378938676,24.4639473517641,83.2044483308738,78.9974696115518,95.4737389612256,143.625138599386,24.8000169499055,80.318464257585,74.6266074696853,100.141330676589,133.651215426121,48.1019300366106,9.46092443286487,85.4974830811659,92.8080815582613,8.88050571391758,89.3706230089781,14.4451438853256,143.415131949406,10.4001559991397,141.138765046201,105.785603699673,107.186839605641,134.6601554232,102.501547133311,11.1869735857094,48.0696687226685,63.5289841757003,19.108660159502,8.23520997266978,21.7399582994726,47.5492089479159,90.1245230484528,124.473078417522,99.7461162146779,89.4842834446671,48.2774489029958,88.7030802494897,12.6176445610172,105.046807741787,68.6374729831842,71.6356994123264,97.3103227813103,41.3757598499834,89.8975888150099,145.04588815109,63.0741421163614,57.815574802619,90.5034097286923,55.4622453395367,24.8772564722461,53.2154354877048,117.683506233535,126.315037427223,77.9716279861252,93.9056078230109,65.6369875251586,11.1164197788341,20.6928901291614,20.9767865978597,47.2264234626382,88.1955234558239,62.8265546564041,66.9912226005182,84.6936354913846,84.1762355316321,52.0931627784039,85.4431683499391,66.652157575973,89.5243857606718,90.6511056109854,59.8730754863499
25.8239614858231,19.9581871907378,15.1346297936111,14.3585120532444,17.7073692981287,13.2630181423894,133.80081332167,19.9810608562226,51.3092512951367,73.7440194557577,60.5901033444352,144.306117046538,51.3161105700846,96.8951036325678,25.5428339528816,55.6767423274791,52.6620096183355,18.0143615787871,50.4140004205859,106.427663342811,64.8848400409116,76.6791101134932,35.2478392376655,77.8365357092837,78.3977262180843,49.8866220080738,44.4296715765177,71.7276694134916,99.7958719297777,24.9684583091552,75.2229638676583,75.8080060239313,92.8736741333587,144.031999279351,27.2060919520657,81.0990769729036,74.3374955402033,98.6289485108641,136.705481997094,55.4967313002548,8.65011695492578,82.9999900704085,96.9341151651583,15.5258031054385,86.7234332420426,14.6128053154181,147.267684978119,9.98511102870764,144.930168152391,105.263792756279,103.157843818186,129.846282946121,102.726698906536,10.8878916518324,49.3531880562426,57.5946668945565,19.9581871907378,8.05447073307629,21.7968196294484,38.3086873214279,91.2974045173517,122.197429161354,100.883950022856,87.0473312464732,50.1236022925747,88.11144999441,12.9331729429822,105.344383890662,70.4318324515134,75.1300294375916,87.332532209937,39.4691713814954,85.5755536752194,145.790048563743,62.8611668591422,65.7832985422917,86.0965359400131,58.4183056621304,24.4195176181604,54.5461894310258,116.174274658567,125.423357981585,68.6650939112698,87.8093767443292,63.5742648426152,11.3665714973855,19.9810608562226,23.2329510629298,47.7745695911059,88.9698754303788,54.6443402774753,52.4467028831317,87.0858494683227,89.2009233257182,57.0681858595771,77.246932038618,63.4477004711334,89.3984521887986,88.1823769964907,63.9396990646476
24.8720615079932,18.8622792308229,17.048744091187,14.8325307187257,18.4230008220519,4.0120101623182,128.868766342571,18.8172301939894,46.8629281414963,64.7070924746822,57.2630889261094,142.237959842482,61.8142959501612,103.200247915415,25.8270061975704,75.009971923805,48.098460028879,19.2710853413207,60.7276332405119,107.628868313461,63.0705031731048,79.8023615722641,41.2196407835731,83.2789662452712,75.5078987262845,67.2092863154502,46.8797833251442,66.6324928669724,98.8642299955994,24.6620897465799,84.9377560269279,75.611730495169,84.1971518623004,141.967770658826,26.4746887056347,83.2571223127994,75.156726529816,105.046917298891,135.429271296213,48.6529205001309,9.67061447746417,83.4670672556806,91.6114439535113,3.98276934679902,85.6864070901914,14.591642931739,145.646930309579,10.1524395831413,143.33513902784,111.411356476319,102.883609997814,133.246818300637,99.1124591362492,9.88918796933948,47.0503243700602,64.3695519260481,18.8622792308229,8.21885303198343,21.0818578472038,51.578445243294,99.0595433155028,121.367483491196,110.425329532232,78.9151224667095,44.0693494215898,88.9428521520291,14.7699300661854,103.834615968765,72.8029383899528,75.2492515276955,94.4350256001334,40.7440398956538,80.2219052848414,147.435520478709,60.7373013663862,55.0935601899986,21.8007281775088,58.3060192469514,24.2071283692217,62.2927882295357,109.588352632608,120.800113335423,69.9830112699415,87.6291319171414,69.2188622656764,12.8462820891562,18.8172301939894,19.8061897962842,47.7053820703001,90.4186532488365,59.3281762054652,70.6583314020193,78.205974313144,87.8548667155254,53.7300697809014,87.2231128630888,59.4783813734197,91.4372727335994,79.9441290207913,59.0638606659233
25.1352185328936,17.8202173022794,15.134745357868,15.1032857232159,17.788998167618,8.44511798959742,128.341464387718,20.7578520230757,57.8025044537927,61.6880523921705,56.5862270404861,140.608500832799,15.7947623424675,90.3554252666912,24.518344567371,11.8222174459486,56.437525346099,18.3509238927553,67.9382337705625,125.942341188409,67.0493017037503,90.8326503146492,8.44064671929524,71.2859591368997,79.8142446014181,45.2484058737323,12.6871390067768,69.602517881749,118.493571919181,22.8997877368627,16.1381328499172,15.5979725891155,94.8272717329368,147.081097613141,7.67668598795579,16.4219828103248,16.2420073191962,21.0064699835979,134.143756437584,47.257395394006,8.99495372579132,105.636519846194,17.8202173022794,8.07102448630301,18.3691686673056,58.3837039038331,139.569913647454,10.542306482666,136.904776187624,22.7197919831334,90.8048483763455,28.0168956122657,20.2252810620089,40.3145240858652,46.6454762487551,13.3081579277016,17.8202173022794,8.70917338332433,20.4888165769973,41.4718861864299,79.7262352289512,24.7868272154293,22.6710066645183,85.0096937735124,10.0978614315591,82.4514423303851,15.0157146746148,124.204092298785,62.0948243865349,14.9163033375535,80.8855367943559,35.8549689813264,80.2700656186397,142.57633108638,61.1306820637805,12.3434460094806,91.7721173533764,72.123290813161,24.8260962776997,68.3226271918766,116.198840532429,25.1352185328936,15.2982051465018,78.2559753980026,60.4554055374463,11.0743209032697,20.7578520230757,38.5516426769172,42.4848301938879,19.1557905959593,12.8262000767266,51.7954665459917,74.5096397961511,68.7571498863566,65.4418395309559,64.1860024205098,14.6270978643946,86.4395226012079,90.2587007562929,63.3266696945353
25.3933169006917,17.6623262265341,15.2777858070146,12.3039705307313,15.1544667221335,7.06936369174073,129.659325318027,17.7729574941023,56.2063057019146,61.632072621328,56.084860524678,145.964016480055,9.4818118985602,69.4734175560272,26.7921595915022,12.9284056988488,54.8790200811837,17.4025104962237,40.784251093217,132.070540126221,67.4096388325042,76.1141205805452,8.95008991875239,74.3387384734816,80.6338088408023,49.4822355481425,6.45138870640967,60.7076970187319,123.7103173026,26.5957327456124,14.9324069794015,14.4356263415308,88.0655973717869,152.683142404299,7.08738916451169,18.3219289219273,14.0618543175465,16.1516727550242,140.049509895565,57.2493335464939,11.5398392550357,94.8916634213519,17.6623262265341,7.06936369174073,17.3046136920238,51.6273309217249,136.936869821558,8.05620887114222,134.322011276075,18.9459743726279,90.1619718622373,27.5827980855571,20.290332175149,39.8709931965318,42.3915897675269,18.4949467965829,17.6623262265341,8.02637679574033,21.0208723758027,31.7233781465911,105.676643132997,25.5023333233257,22.4488990327329,78.9480634393992,5.76564693339188,83.0185614966108,14.3341742856621,128.934794609241,67.266124313975,13.2343945667613,90.2799481125682,30.7876371181817,92.9097220604029,149.513919450039,60.9269563657197,17.1491699645798,89.773142786505,64.0161366987578,24.2492666057572,65.2215673409364,116.081600783972,25.3933169006917,10.3451995880101,78.2847522958954,53.8893899550391,10.0643637907944,17.7729574941023,47.5905577468241,37.5683322727515,17.2052449800048,10.4897533097293,56.6418954759808,80.545843654312,57.9153940376215,64.1704070275775,59.390483362443,16.9303411758472,85.8499335740326,83.8227891074445,61.8461870316435
26.2057131474979,19.0456324976758,14.4017780330903,14.2568622588304,19.6162783877629,8.83212642346941,133.807454121513,20.7949180774583,57.6774270237084,66.5649624159511,60.4774041955869,143.274708317866,11.2068911823213,93.9458129385877,25.957769729663,13.3799997996876,56.3154015610259,17.6658200122273,48.2043589183156,127.931608294326,68.1706172090691,93.7731656810821,8.91884011642304,73.107904610625,83.2134877352193,51.2106687509963,11.2241538941098,62.891062104229,118.921314249061,24.353336183497,17.4904129930962,16.9634240202162,97.9841152486087,149.870037976245,7.74799869810032,17.9867716685998,16.1976309653554,21.8411887692885,134.627993362745,45.5381145451718,8.65932337618368,104.300580659036,19.0456324976758,8.37419552134981,19.493181273169,66.4441267602545,146.909822616796,9.71687811571372,144.104526967892,23.162719754103,94.7742225597083,29.2453824907425,22.4464253509276,42.0119252531461,48.8375284747111,12.9438168235247,19.0456324976758,7.86283129594072,21.9184529839136,43.3621761974299,95.6184275057849,27.1654124495028,22.9259554822153,87.8397056008478,11.5285022175707,83.7026691746417,13.2772024316262,126.559240661805,65.4884222627046,15.3853135865006,90.5998615568357,33.9188072066739,82.4992011977517,144.828333096477,64.1149517401329,12.1444317887501,91.6711064183851,63.8404284791813,25.2067550807044,60.4122661854152,123.752650445262,26.2057131474979,16.05564050969,81.8249608376041,61.2111121478431,11.471803320763,20.7949180774583,34.3204154078378,48.3502630706724,19.3790726305586,13.7701347488089,58.6204183080385,67.0423864005085,70.4758178009016,62.4005211071108,69.5644100312602,15.0332989060579,92.8055271817584,93.2634544416877,63.7787641376753
26.0474096729795,18.6210757241755,15.802942821396,14.4625121056921,18.9276413989941,7.06936369174073,132.999150039702,20.9046734980988,59.2326844314824,59.8004620603087,59.1292687845901,142.442338729165,14.342661433586,94.7979079460908,26.583361185864,14.6458413982401,57.8339322925294,17.612750176594,61.6922916748849,126.946533836061,65.4553620759849,95.3806412538135,8.82601480275411,70.70988476392,82.7108116904525,56.0555563268702,13.6613916628369,66.9769437273771,117.665809171632,24.4366445780169,17.7684695826085,17.2131503355815,102.854153613945,148.999352121542,6.5777170766271,17.416548503585,16.1959410756021,22.0392898589071,133.206665905187,50.5659996183547,9.24341621163022,104.749726997582,18.6210757241755,9.0655296876217,19.5191197650715,60.8668740055724,145.716079063952,10.9713816182355,142.933578375488,23.2780790028131,93.9041536537544,29.6131621219434,22.0943574482581,40.6068658262185,50.0938810799485,13.3782237511354,18.6210757241755,8.32360639516881,21.7411715579894,41.1023350325949,81.8306211966188,27.4360393944336,22.2506657280599,92.2055432184102,10.4314522861459,82.0138191087973,12.4367621076599,125.823981352379,64.125863974766,16.3341115689989,78.0448173084357,35.5480338725298,82.4526439484799,143.713153715333,61.9343431424898,12.4717521954931,90.2502009204954,70.6702973478641,24.9395540080379,56.5881997206705,116.751009607937,26.0474096729795,16.5891202177543,79.8582043704275,62.1457877002655,11.8591567932769,20.9046734980988,48.3331229604742,44.2917909219826,18.6272530739471,11.4120794234324,64.1663200367212,66.9717023377614,68.5328281032236,62.3918079983623,70.6703211731163,15.0248150779192,89.4893806622917,97.8988649882071,59.877574504766
26.0075532508056,19.108660159502,14.9108597736489,13.8606682061505,18.4083800828901,7.06936369174073,132.795641501259,20.6928901291614,52.6683878831275,64.7165110006835,60.677541911162,143.297622490712,13.0370367190181,94.1997872158024,26.7039739177249,15.5528125143061,51.424648536957,17.8056642171882,56.0763896972751,127.588790761817,64.1695593285755,93.0539746397579,9.01230982959114,77.7040433727089,82.5842518109683,59.5269014753705,9.79946834733699,65.6362120269689,117.56553169093,24.4639473517641,18.1962524207256,17.276214511202,97.5033247848415,149.894006951613,7.22406811571191,17.5651071426399,16.3203364010159,21.9002345102074,133.09314415266,47.3648407879036,9.46092443286487,103.022902939105,19.108660159502,8.88050571391758,19.5447532901369,61.0086279126336,142.816290666403,10.4001559991397,140.089162475363,23.13459900297,94.7745097065469,29.4492689783928,22.4163979518936,41.6452195260413,45.1437680689917,13.8933609354199,19.108660159502,8.23520997266978,21.7399582994726,44.6983755757068,92.3008496329522,27.2214238530031,21.8138037693814,87.4086919341341,10.5579528990354,83.3848487375841,12.6176445610172,126.579481500888,64.5222836268502,15.6662449543367,87.3471719747976,38.8504607353285,87.8124106699874,144.440237515944,62.6050804684359,12.6438767885855,92.9294232223481,66.830990954149,24.8772564722461,57.4112284405207,118.679126249443,26.0075532508056,16.0539181098648,79.5395589611382,61.7016935712052,11.1164197788341,20.6928901291614,41.4471066883766,44.3949428336998,18.1589604807073,12.9356329940724,68.1399393949473,69.2982276704708,66.561198767622,62.7713081052409,72.3717367295619,16.001490900489,92.76644895708,92.805827413064,57.2112537944923
25.8239614858231,19.9581871907378,15.1346297936111,14.3585120532444,17.7073692981287,13.2630181423894,131.858214363455,19.9810608562226,52.6846352322119,70.6099559730389,63.3751257088853,143.703555384441,11.2224877385149,92.7771370748693,25.5428339528816,12.1761285325244,51.440512212492,18.0143615787871,48.2714446051856,128.243387237413,67.2345992725899,92.3969248449087,7.70846502705226,81.6758053621397,82.0012754577714,46.6029666878786,9.71646991470131,71.1942543294644,120.252199913118,24.9684583091552,16.4507555284534,16.5787003074389,94.8479876404974,150.318626055105,7.92494060875202,17.7358218856099,16.2571095693712,21.5694867173166,136.134657390793,54.6463279183393,8.65011695492578,100.013469552696,19.9581871907378,15.5258031054385,18.9658307184354,61.7167408871401,146.65275705372,9.98511102870764,143.852370163759,23.0204824643429,91.2120751598181,28.3965074918221,22.4656371281728,40.5318413011665,46.3491622530297,12.5955657170325,19.9581871907378,8.05447073307629,21.7968196294484,36.0118734168879,93.5020538383815,26.7237546884698,22.0626403592727,85.0282649390198,10.9616942104443,82.8286899301375,12.9331729429822,126.938055316136,66.2090614977725,16.4304313945639,78.3909609166462,37.0602376505565,83.5906253070185,145.181290627644,62.3936890381507,14.3863643033053,88.404419792938,70.392989561846,24.4195176181604,58.8469062271993,117.15712635024,25.8239614858231,14.1377552723904,74.3759532663917,59.7626423185578,11.3665714973855,19.9810608562226,45.9049624640475,44.9102246241383,18.3183951816209,11.2509612360316,53.3460208247306,71.2555906747688,70.5344014286239,68.7661199001676,65.4293928540773,15.2321821028607,92.6359547887269,90.2784186166431,61.0970844743894
24.8720615079932,18.8622792308229,17.048744091187,14.8325307187257,18.4230008220519,4.0120101623182,126.997773745226,18.8172301939894,48.1191249672768,61.9570913614465,59.895185168133,141.644033935181,13.518370169894,98.8143176286439,25.8270061975704,16.4041756249544,46.9828143371148,19.2710853413207,58.1467560502577,129.69081725104,65.3545574604261,96.1603857129427,9.01445780166565,87.3866825627198,78.9786171280984,62.7854123048882,10.2522928512311,66.1369689349639,119.129588426793,24.6620897465799,18.5753151390404,16.5357761713258,85.9870193972668,148.164299157934,7.71188805790322,18.2077718657835,16.4362698688133,22.9730532625916,134.863775609135,47.9073881568019,9.67061447746417,100.576289015787,18.8622792308229,3.98276934679902,18.7390400839859,61.6273622003043,145.038769975126,10.1524395831413,142.269202746154,24.3649132425809,90.9695978560153,29.1401816693169,21.6752272343695,36.8140141533474,44.1864690848428,14.0771874407196,18.8622792308229,8.21885303198343,21.0818578472038,48.4860372676469,101.451632729945,26.542251160562,24.1492757913608,77.0846830650702,9.63766988639302,83.6102450120826,14.7699300661854,125.118812591406,68.4380067549322,16.4565044626412,84.7662630826616,38.2572967337394,78.3611550038051,146.819891743836,60.2856180344607,12.0485905271205,22.3851134607673,70.2576864858316,24.2071283692217,67.2042888020553,110.515486441614,24.8720615079932,14.4091070178669,74.2232830010912,65.0688154636468,12.8462820891562,18.8172301939894,39.1341761402381,44.8451852710438,18.6166903571564,12.2153366167967,71.8699291128396,63.9898781260198,69.4700257052661,64.7437510960896,73.8793783372715,14.2792493586986,94.7486097976931,81.8443524829132,56.4380148370873
25.1352185328936,17.8202173022794,15.134745357868,15.1032857232159,17.788998167618,8.44511798959742,129.052627769592,20.7578520230757,57.3306322497986,58.1184676313475,17.8202173022794,139.391441289344,66.9647439591552,85.1270003678271,75.7661329004039,50.1224233155333,57.3364506267762,18.3509238927553,64.0069816959645,124.867760949561,66.186984954075,90.0576371606198,35.7856442630707,47.2664974004488,25.1352185328936,11.8222174459486,53.789414284425,69.6557246511062,117.482546956382,70.7644986509877,68.4205251615522,66.1304183035185,93.7635107061007,139.969382045849,7.67668598795579,69.6239582686402,68.8609197106021,89.0607185747341,132.982653531285,49.4146990639688,8.99495372579132,104.73519535392,79.5063872070639,8.07102448630301,77.879403936412,46.2745981361962,138.36184376279,10.542306482666,137.009431321837,96.3246562352588,91.0151069214572,118.782682545425,85.7487272333209,44.3352853504841,48.0927813384848,56.4223360170747,17.8202173022794,8.70917338332433,63.3141603618155,45.7278728315314,78.6573617471283,105.088224947722,96.1178220772518,86.3637106686014,42.8117049587557,90.9128910296318,15.0157146746148,123.144343354079,68.467207405986,63.2403585542215,82.4547103308696,37.1194439007417,81.5485906925815,141.342238670974,61.1774126448026,52.3322658281539,91.0229333571129,71.5079118839053,98.2703157479457,15.0157146746148,112.584775066594,112.142875887085,68.2542194249949,19.6757124551703,66.6595457936896,11.0743209032697,20.7578520230757,19.5487631987734,46.8447686136591,85.4651589565613,57.2251624319454,11.8222174459486,95.4252391976435,79.5592370944902,64.8834688758591,16.1381328499172,14.6270978643946,85.3278294697522,90.5660657923978,59.915940593574
25.3933169006917,17.6623262265341,15.2777858070146,12.3039705307313,15.1544667221335,7.06936369174073,130.377791206854,17.7729574941023,55.7474641067182,58.065727135035,17.6623262265341,144.700601407667,40.1998518425799,65.4533319320927,82.7926338469043,54.8123079443717,55.7531218109679,17.4025104962237,38.4242666952916,130.94367213874,66.5426878102301,75.464690618379,37.9455205988898,49.2906573938577,25.3933169006917,12.9284056988488,27.351826101501,60.7541042541565,122.654781403708,82.1856392567924,63.308632848559,61.2024417266177,87.0776880016536,145.300554850079,7.08738916451169,77.6791225149277,59.6177678111446,68.4779300315379,138.837288788271,59.8627699479939,11.5398392550357,94.082017472406,78.8019429911601,7.06936369174073,73.3660310977133,40.9195345876366,135.751590672146,8.05620887114222,134.424692048137,80.3248757664777,90.3707418273562,116.942247779832,86.0245231611882,43.8475189936627,43.7069062476306,78.412663002936,17.6623262265341,8.02637679574033,64.9583093071879,34.9789395918184,104.259857790399,108.121742152832,95.1761567092394,80.20553193489,24.4445001629039,91.5382099022029,14.3341742856621,127.834681803019,74.1692037992213,56.1096029431712,92.0313725460395,31.8734055924,94.3895689790729,148.21977762029,60.9735312111943,72.7069993767764,89.0402774695705,63.4699305951176,95.9870234670932,14.3341742856621,112.471181758362,113.294403302244,46.1559716263103,19.6829477616809,59.4197032600645,10.0643637907944,17.7729574941023,24.1322153685361,41.4237228791205,76.7626368505443,46.800910123764,12.9284056988488,103.155865712369,67.0141879539171,63.6228846402695,14.9324069794015,16.9303411758472,84.7458231090722,84.1082374285985,58.5151956671865
26.2057131474979,19.0456324976758,14.4017780330903,14.2568622588304,19.6162783877629,8.83212642346941,134.548905546015,20.7949180774583,57.2065758924718,62.7131748131561,19.0456324976758,142.034570985762,47.5136366303197,88.5096299306237,80.214217796459,56.7269225919642,57.2123816792052,17.6658200122273,45.4150093063978,126.840054993825,67.2938792929187,92.97306311173,37.813031425176,48.4745470927061,26.2057131474979,13.3799997996876,47.5868250107391,62.9391383856315,117.906639652226,75.2562270579468,74.1537607484882,71.9194959413931,96.8849411276445,142.623470610058,7.74799869810032,76.2581628848617,68.6727781540307,92.5996594305506,133.462699065687,47.6169329144961,8.65932337618368,103.410654826159,84.9736794045695,8.37419552134981,82.6448581247364,52.6632443430741,145.638220966938,9.71687811571372,144.214685861034,98.2025284141663,94.9936721871875,123.991074257226,95.1656690890312,46.2019764949797,50.3528480558496,54.877646187244,19.0456324976758,7.86283129594072,67.7319962278561,47.8121508614515,94.336490622135,115.172666089106,97.1987235767232,89.2387983414954,48.8771646254205,92.2925230473404,13.2772024316262,125.47939683982,72.2090678901041,65.2288121031878,92.3574922878803,35.1150007114475,83.8132314841178,143.574748114675,64.163963608574,51.4885091418238,90.9227470274387,63.2957215741329,99.777095563229,13.2772024316262,119.903643189851,116.918976979911,71.633580532015,20.5730539157955,67.4928055982431,11.471803320763,20.7949180774583,17.4031928889264,53.3121322509379,86.4613503945281,61.4366057754083,13.3799997996876,85.8618532602253,81.5479162111491,61.8680999511854,17.4904129930962,15.0332989060579,91.6119612755112,93.5810518012944,60.3436855536126
26.0474096729795,18.6210757241755,15.802942821396,14.4625121056921,18.9276413989941,7.06936369174073,133.736122504367,20.9046734980988,58.749136917144,56.3401028856731,18.6210757241755,141.209406106204,60.8083002306756,89.3124183830387,82.1474088926868,62.0936863774503,58.755099255466,17.612750176594,58.1224616075821,125.863385505141,64.6135448811755,94.5668231899852,37.419481764346,46.8845285221089,26.0474096729795,14.6458413982401,57.9199341523419,67.0281434095957,116.661846944705,75.5136651110571,75.3326318146761,72.9782557002109,101.700347983315,141.794884455777,6.5777170766271,73.8405989217673,68.6656135616047,93.4395447328242,132.05367413704,52.8743413211191,9.24341621163022,103.855968904838,83.0794839156641,9.0655296876217,82.7548290398587,48.2427449113832,144.454810053833,10.9713816182355,143.042842151706,98.6916147572017,94.1215886374609,125.550342342606,93.6730137107918,44.6567837377852,51.6481824802533,56.7193927137691,18.6210757241755,8.32360639516881,67.1841644588541,45.3203970757544,80.7335346385117,116.320037836955,94.3357108573943,93.6741741215071,44.226023558818,90.4303574179477,12.4367621076599,124.750410997417,70.7066792156098,69.251412291108,79.5588810933346,36.8016843021188,83.7659326805679,142.469221348418,61.9816880721154,52.8762430472098,89.5134411274435,70.0673158224541,98.7194208694142,12.4367621076599,113.119770346065,116.212692812452,74.0137447868606,20.0785570480393,68.5234007490829,11.8591567932769,20.9046734980988,24.5087552644608,48.8371658249757,83.1070446773834,50.9159450800372,14.6458413982401,85.7713274757287,79.299673253359,61.8594611854608,17.7684695826085,15.0248150779192,88.3384635027943,98.2322476750793,56.6526112018875
26.0075532508056,19.108660159502,14.9108597736489,13.8606682061505,18.4083800828901,7.06936369174073,133.531486288123,20.6928901291614,52.2384281693388,60.9716842071083,19.108660159502,142.057286821291,55.2728687488919,88.7489079631941,82.5201241160389,65.9389540205356,52.2437297481959,17.8056642171882,52.8315243085476,126.500162489885,63.3442787600649,92.2600084378393,38.2093131339174,51.5220389617983,26.0075532508056,15.5528125143061,41.5466136550143,65.6863868037023,116.562425063464,75.5980356352822,77.1462943189614,73.2456276480666,96.4095441139691,142.646280629326,7.22406811571191,74.4704400685685,69.1930099817235,92.8499944996566,131.94113499034,49.5270493482151,9.46092443286487,102.143878660197,85.2548825796436,8.88050571391758,82.8635069930661,48.3550982676261,141.580121242173,10.4001559991397,140.196251873622,98.0833054174075,94.9939599989144,124.855487798006,95.0383625145812,45.7986974430872,46.5444785033197,58.9034097253265,19.108660159502,8.23520997266978,67.1804152699244,49.2854755849218,91.0633908436457,115.410136537402,92.4835557838264,88.8009195778635,44.7623457249358,91.9420867912294,12.6176445610172,125.499464977605,71.1437808067199,66.4198713106226,89.0417007642972,40.2205758017545,89.2110686625975,143.190011757995,62.652938134774,53.6059963069037,92.1707915304138,66.2607676158795,98.4728255753292,12.6176445610172,114.987917888601,116.034870057527,71.625895901401,19.998440796003,68.0337321632942,11.1164197788341,20.6928901291614,21.0169948065664,48.9509035382818,81.0177181774442,57.713406528642,15.5528125143061,88.7509316850706,77.018291229339,62.2357232763422,18.1962524207256,16.001490900489,91.5733856333629,93.121866379441,54.1298966165355
25.8239614858231,19.9581871907378,15.1346297936111,14.3585120532444,17.7073692981287,13.2630181423894,132.588864696159,19.9810608562226,52.2545428827789,66.5241044502612,19.9581871907378,142.459706097427,47.5797610435588,87.4085796020243,78.9319909673856,51.6228932044116,52.2598460970877,18.0143615787871,45.4782130738972,127.149173739491,66.3698994228192,91.6085648014815,32.6814279102356,54.1555348145806,25.8239614858231,12.1761285325244,41.1947268288659,71.2486778817287,119.226169775158,77.1570660234217,69.7459453970762,70.2883903658518,93.7839942250806,143.050368404609,7.92494060875202,75.1942160143642,68.9249484243143,91.4477295724762,134.956321920383,57.1409369162607,8.65011695492578,99.1601227196473,89.0451183518898,15.5258031054385,80.4090603261519,48.9163446624127,145.383380476279,9.98511102870764,143.962336298803,97.5994877679249,91.4232766381823,120.39211558197,95.2471208840205,44.5742766562336,47.787273380372,53.4011728048595,19.9581871907378,8.05447073307629,67.3561270954926,39.7075348979785,92.2484907476772,113.300178346405,93.538543391012,86.3825776318084,46.4740798402085,91.3288530669004,12.9331729429822,125.854979326653,73.0036615854683,69.6597775654503,79.911739862393,38.3672180314656,84.9220395718235,143.924650565038,62.4413851089687,60.9935864298332,87.6827280807069,69.7923741149455,96.6609361337536,12.9331729429822,113.513255873747,115.215760070981,63.0767754320034,18.7001677840701,65.8956888465208,11.3665714973855,19.9810608562226,23.2774838773746,49.519065306465,81.7290494059057,50.1971028360682,12.1761285325244,91.2577460166494,81.6157036155938,68.1793854242982,16.4507555284534,15.2321821028607,91.4445697421021,90.585850799525,57.8064392374637
24.8720615079932,18.8622792308229,17.048744091187,14.8325307187257,18.4230008220519,4.0120101623182,127.701491493017,18.8172301939894,47.7263032761211,58.3719386362033,18.8622792308229,140.418011168042,57.3135687352552,93.0964181541081,79.810134758804,69.5484614942597,47.7311469279929,19.2710853413207,54.7820887242613,128.584253818417,64.5140367072832,95.3399146205998,38.2184198489715,57.9421593564082,24.8720615079932,16.4041756249544,43.4664448182963,66.1875265090172,118.11313676822,76.2103315828152,78.7533990873671,70.1064057482832,85.0224272669964,141.000208258844,7.71188805790322,77.1951330841248,69.6845308301558,97.3984031119741,133.696440460838,50.0943640454922,9.67061447746417,99.7181400275029,84.1556334973393,3.98276934679902,79.4475405236405,48.8455036136489,143.783363523,10.1524395831413,142.377958648778,103.299444556351,91.1802378783997,123.545056399007,91.8960355676554,40.4856527366938,45.5574766668564,59.6827753525762,18.8622792308229,8.21885303198343,65.1467654779735,53.4618400598652,100.091491245762,112.530661400819,102.385210685916,78.3124720217128,40.860639895158,92.1906140014613,14.7699300661854,124.051258961307,75.4613488198915,69.7703190405396,86.4107224271875,39.6064930537708,79.6092753426046,145.549068505145,60.3317026169145,51.0821728256078,22.2023720220493,69.6582254879463,95.8202256845065,14.7699300661854,107.078187057572,110.968778850945,64.2874338981274,18.6617822649423,71.7463996077812,12.8462820891562,18.8172301939894,19.8441542103901,49.4473513927553,83.0599182345978,54.4997441078029,16.4041756249544,81.952475452967,80.3841092189063,64.1913367542549,18.5753151390404,14.2792493586986,93.5300540311022,82.1230634785856,53.3983037558973
100.420145094608,80.2233027147822,60.7939419988609,62.5327054951209,75.1561879061513,28.3491739414644,133.747639856251,81.4708358272678,46.1644741574609,79.855892469124,90.1083921911097,136.321980928642,72.0676125057151,109.34365348561,98.5296721855569,82.2631690734681,46.2186317214274,63.441791455252,72.9604621233454,138.88362745105,54.5336725762509,103.049707177882,42.5500889120978,91.5150769160192,112.793882972431,83.5455626744331,69.0434422377789,56.2333016937304,129.14307966114,97.0240633887876,88.2559144688044,83.2729659677766,98.4011791063462,134.794321284056,28.8904474304552,89.9764751549639,80.258227191308,108.005566577116,133.814313156695,44.7569984558635,34.96575586984,106.228009871045,92.9443294918234,27.1182435874344,97.2308442998694,65.648405475781,138.406767583373,37.3613761466345,131.693411743308,110.065971969879,114.469362402708,141.784365398297,108.275118963663,50.4640407485068,52.1805038520907,73.8519777419515,55.9768436793591,8.65047318823665,78.1135430259455,63.4667650683869,75.5827570526997,128.570605247076,105.535646058012,89.9898317622727,52.6208253440035,111.200534526981,54.0372734860745,131.56320895222,89.5711985891275,78.1024999989365,87.3958630822925,38.2230357803348,94.4932554615407,143.907186237444,56.5117755717335,64.3750768916424,84.3531885586087,75.6591001829805,111.411452767725,65.6194123149538,105.7671735045,116.34378961526,75.5563316650238,96.7440948454905,83.0423242866133,12.9672301423711,20.718002017616,38.7006836946789,61.3707053256683,83.1136190987235,56.7787779105034,83.5997969366271,96.8281095363535,87.434549450208,69.920014607525,88.1829576288834,74.5142615632374,80.6972525445765,93.3572277628194,64.9660025542244
104.858269264296,80.0740514412358,65.1103260995575,63.9750848775937,77.3124103910306,31.2827510178056,139.65869119486,82.5048718329963,38.2364045586391,85.3243967565507,89.940750223793,134.508188968767,51.904851078699,106.204425609224,100.852431241128,86.6237450595215,38.2812613573686,64.3701411863018,52.5479031353368,134.8482250475,53.0379846187941,101.662161988346,47.3664434887618,80.4795407514804,117.77887137034,87.9741153115688,62.0820425218209,55.084100016225,125.663262713155,94.0146430877932,88.4927075045108,84.6235793220149,100.319988172634,133.000855149567,31.8670199624719,91.4158759390174,79.5426630552514,104.904754828144,130.208627772488,45.2571357615678,32.5437620676498,104.321876477504,92.7714114109648,38.6331542811024,96.7313405535515,64.910844294434,136.677292732212,37.019850391877,130.047824264817,109.398417736969,119.864174866643,138.658058426083,104.542442641213,46.00229754664,54.6562350600037,71.1573601374467,55.872701679148,8.41029764307043,79.8366198042324,64.7935637896297,67.593154642087,124.057444932659,111.050762430097,91.7446207457716,39.811455393767,114.462508545183,50.2631130162529,129.81273343105,92.7500756838334,68.7757690559584,75.2194631343086,50.9803293975585,89.7844394357669,139.725819319767,54.8529659177063,62.7970952412814,87.9443793114735,72.892155351995,112.471981151118,61.0363129830483,108.521894793424,121.485668111832,72.9299347081888,102.324299044275,87.5181743923919,13.0263509050551,20.9809569736495,37.8092369854726,60.6812041932029,84.0890781130541,55.6158182113109,88.031224403702,95.4101604391716,93.0361790670881,74.3040457431782,88.41955491939,70.8010447068186,82.2181573534985,95.1776804917562,65.5448117297682
103.091799570729,76.5423716256147,57.6931071353676,57.6112454030892,73.6377920053783,28.3491739414644,137.305964536582,81.3087840080104,44.3573083231114,64.1980821316121,85.9738979607938,138.362774935567,78.6534502665117,106.723346102289,100.267270001622,74.9022829417755,44.4093458217884,63.7636402681686,79.6278921906172,138.716861738838,55.750428066005,103.252363760567,41.8281797679705,75.587529945028,115.794737851086,76.0699283099769,61.5881148684762,57.5964416887303,126.009286391556,91.4112752993717,87.9574898901205,82.4585514048132,117.151872098041,136.812245621495,26.8533431311182,84.428368977423,76.9315905742014,105.417325060391,130.567167471114,43.321040654575,32.1143966904266,109.948612301524,88.6797123492879,27.5785368620781,93.5568317629294,63.3255314456663,140.740150123502,39.2585580172739,133.913614649403,109.113188893268,117.93389880868,137.796807451962,103.241967614793,48.596600222656,47.9920741652042,63.3663568365111,53.4084265586457,8.25526843153104,80.7384642795878,59.8104288823799,70.7076057000647,126.002133301389,115.060578784625,107.137712743709,45.1145350628186,112.34077897197,44.9022175247851,133.532762259268,88.2608644055166,79.8694725363303,89.2716739455651,38.623116526768,88.769463267643,143.734388443738,55.4035875402934,55.7390879325374,86.7503401933939,74.0758888913331,112.687374714679,54.526384022205,107.675091725533,119.439088929971,73.2234157893148,97.7510123792678,82.0359976260649,12.8275946516108,20.676792302701,36.9508689454573,59.1991915382784,86.0551425458658,56.1385087902107,76.1193097050501,93.5761897028516,86.296194209907,71.1530501191569,87.8847797431757,70.0006680100626,81.4968838641794,111.146777971811,59.3117351385517
103.886312214644,76.5900004735199,58.8955159874487,61.3551755995282,75.3664365257394,31.8248946585739,138.364160487798,82.1425439157411,47.0401413042069,76.3322285205,86.0273956199703,133.527191197896,67.8583406253788,105.874359407394,98.2496553103724,85.1085301137808,47.0953261516068,60.8248972741265,68.6990413420231,134.77477293981,56.4944711509647,101.563058244234,42.9273315411494,83.8669020323116,116.687150086634,86.4352798078994,54.8758726236098,55.9940212712694,127.316386975227,93.3233584023237,86.4585067553566,81.5897577492552,96.6797586201687,132.030850695371,28.1765046194642,89.8696130314925,80.2556633927929,104.578727793193,131.921547181506,45.7927985744173,31.1057662394886,106.132493969478,88.7348937140935,24.7732331369775,93.8438076452701,65.7764053742463,143.259828083877,34.9100860424273,136.311076803097,110.089760774833,116.185224931774,143.104316475089,108.137357901485,46.760944611456,55.7749765468488,64.6890946148652,53.4416602012856,8.09034460996208,78.8741908234719,66.1080940792986,78.2401326885579,131.233934893487,109.783314385389,88.415558553861,58.4402447594683,112.314864361941,48.2155677104429,128.865980648912,89.1127105889497,68.2201124434893,79.1070366117432,38.8967479052429,90.4701975831045,139.649710376367,60.1185307780051,61.1441846893799,85.6968771120005,71.2740851082612,112.980137168383,58.5499047875993,107.658362319375,120.359587618787,75.3841900779514,97.7751982826943,84.6365758069056,12.4465633179934,20.8888171245304,38.5653664398597,61.4903646531644,86.4331391657944,54.4691783685597,86.4913899528054,91.6792652497593,89.3890204611005,69.4079706170093,86.3870357443186,71.3418109415118,81.4764575475831,91.7240456621256,61.1054424753122
100.301574555371,72.7766159235879,56.5092513775232,62.3671658629886,75.7328555413727,50.3243875450016,133.58971805914,85.7699004665758,44.7259044881725,81.8645188879538,81.7441270561908,141.390825559086,72.2412467095482,96.6599774249576,100.872125802689,61.7673271099705,44.7783744031339,62.7696004957653,73.1362474908859,137.755827919735,59.99660957379,93.2764083393421,43.9396512501277,88.3676110307536,112.660702209606,62.7302127600942,42.8967285948619,59.0052808471001,125.885391791535,89.3852823651266,81.4752941947771,75.4614581218716,96.2483725687887,139.8063631206,26.7954856924774,83.4432597519436,79.0002706871251,95.4771063003459,130.438791480319,44.7583694087991,33.9028275291779,112.644016938077,84.3168199363531,44.6148253671114,82.5443409163219,67.2100800789741,138.55902767254,32.4827448536286,131.83828652772,108.282372649922,116.458874915818,136.742235497606,102.216367422419,44.2982764102885,49.9796847363903,68.5169022847217,50.7808219707811,8.81138653644061,78.5421236322279,54.7957897601704,79.3450888317829,126.450889596351,103.574525257385,88.0210474459573,48.3080163568423,109.244296286879,48.1497341691905,136.455108708359,88.4840695570802,65.7390198917167,87.1184540551992,45.1260986590919,84.1116987239999,142.738593076607,62.5634594515454,63.9605119103549,82.4132877210557,66.4263271950803,116.686269786985,58.4699607414085,114.201490003265,116.206417319506,67.109014627055,88.9605616180922,82.4369155625331,11.0230725884078,21.8112524914406,45.4555696643925,62.8306200211211,93.3213756267323,60.1988113734466,62.7709345734067,93.2705920031694,82.7627106594473,61.3592886987716,81.4079425613838,66.327708666988,81.8323626283671,91.3147720516044,60.3348956457105
106.154294252108,80.9110621814578,57.8665889586472,63.359571157688,72.0331407025754,16.0887427646936,141.384841691369,84.8587098828619,51.888495974268,74.0373177680246,90.8808971573623,137.149604448275,77.2384884493186,104.928126990295,103.159687969772,67.3772281570195,51.9493686386087,64.7108441913203,78.1954003335974,135.570846423049,59.1306931175209,100.570522781032,42.2652354477063,66.190624712472,119.234592138985,68.427566081178,54.6512098156066,64.8823595349768,125.969670689043,96.7663417013664,79.3095026422149,80.2433416133212,113.974774364369,135.612670238844,27.3749281342218,81.0674943286934,75.1058365613242,103.644074842934,130.526118829282,52.9612849576987,32.6733984756773,111.855185890488,93.7411471285777,11.9274641505823,85.7262801417161,62.0170008974159,129.5519727888,35.165221526311,123.268114648773,102.016621065793,117.092912256844,128.847192587918,97.5472292263722,49.4469732580445,47.7141960760318,60.1940572478123,56.456736713581,8.36648301109347,80.9944692539858,56.0122051169132,67.4826246877015,115.860121082536,100.111868410096,104.232193794222,47.5598933000327,115.212914272275,46.6085633770736,132.361941521285,85.7308156425846,77.5853007640362,83.2550364414745,52.4067850953923,93.1826539388253,140.474578628397,57.2345990041606,60.4351079234609,21.4124773549939,76.9697466261119,115.067126707559,56.5984614015733,105.369901569164,122.987204067352,69.7603409403705,102.024667325816,80.3433726637754,11.7054958019847,21.5795370786782,40.4084272929186,57.9759258381551,85.6984384345181,59.2588443393086,68.4719863764198,98.3862789523197,81.712188052825,62.6544346910183,79.2439413625736,73.4807644719181,77.8495479171108,108.132535262112,61.2867896212791
104.860051009603,78.6538750074523,65.0960430615319,60.0756270678144,68.612168056492,16.0887427646936,139.661064266811,80.512830449824,48.1222732307625,72.8159323110186,88.3455801080611,138.845738353627,67.8639642723349,105.06849076114,101.228450687597,70.3913668245794,48.1787275744603,62.2355987499436,68.7047346606508,135.796228459814,59.3694045371979,98.1003520666569,48.7440993926938,79.3326417584446,117.780872661729,71.4886919020804,54.3451622962127,61.2998935637882,125.078271845028,93.7486454564445,85.0526317836624,79.1695421379029,94.8706974145481,137.28979682563,26.4312879919729,85.8421611556542,73.6133678951073,103.782720919901,129.60247720347,45.3952773989536,32.7453551431128,109.350539926604,91.1260372873466,11.9274641505823,88.9280883716824,57.9934129627187,133.875571653183,34.5268359314708,127.381999362662,106.079470970562,116.827094117325,133.080546375857,98.9299432910677,50.4366279808733,51.8851833204975,66.5735973252369,54.8817552640691,8.35444175844039,79.4273341198394,56.778276564997,76.8486087199752,121.937662399207,102.200836907739,86.7611361676667,48.1337956569165,112.609282182961,44.9106759507887,133.998866233504,92.0286734004736,70.5337926843917,87.2367079892852,47.4542483554588,86.8939735602283,140.708112957349,57.2345990041606,61.3524160378293,21.4124773549939,71.1701351510021,114.132615254217,54.5366553943092,107.065741274339,121.487732388885,67.2211485897448,95.882505653936,76.956285903726,11.7054958019847,20.4743816209277,35.0646171243828,54.2145179608029,88.3752729801906,59.0873582563763,71.5350993513381,92.3861747810653,90.4328813552432,70.1770170534721,84.9823229405752,68.5217187460663,76.6587630757622,90.0077152223502,64.5335556574871
103.56813221688,82.7381559209232,62.6997204295164,64.4929909680612,77.5121963690426,29.2378684799031,136.462785008366,98.0293273491378,46.7945802422456,81.9977822931453,96.0773333682589,131.938964802589,76.7937802280262,112.276462217448,48.2914903543726,87.6579576739537,46.1613611484524,63.9220609261414,74.9174031397934,136.857618787363,53.091260760647,101.546437113839,45.3405082115005,96.2029528167444,120.265551662033,81.2607293810074,73.5712859777885,55.628101771413,127.259164306604,47.5535594237823,94.0437051248698,88.7339766799992,100.286970305169,136.333960541894,29.0680103968697,95.8770995527958,85.5215324349969,115.088532209511,129.511923413917,43.3951263105586,35.2304549693712,104.678375315303,99.5879664337012,41.5162702429481,103.607207578265,62.5694182716549,133.956721522272,37.6442106622124,130.276087130379,117.28405823585,113.654680571853,151.082532327591,115.375761743176,48.7773640741186,52.4421369177713,78.6951634851336,20.005087436213,8.65047318823665,38.2851107276522,61.1440304713411,83.6689823259192,137.002218608883,112.456635204324,89.878323285388,56.0716798626332,107.130856034978,54.4463485161163,129.643989199311,86.2931030120542,83.2244334402241,83.134871733045,38.3309327737301,94.3761666884421,139.280291046829,55.9035786287138,68.5967709362793,85.5045383433043,74.555399226498,92.9730242721061,74.8130752567349,90.0243658386968,124.660013992499,80.9570789616803,90.0974192906165,80.0031701808104,12.9672301423711,20.718002017616,40.9251539298867,59.1246815941698,89.0545593716426,60.8373104590014,82.1083272813929,100.625908297233,85.4691146413012,68.9000343696824,82.1244637253074,62.178365116378,78.5628158734663,94.5755022375658,63.7600894655427
108.145383428459,82.5842258940582,67.1514152445221,65.9805862951751,79.7360124688162,32.2634078099317,142.493833697232,99.2735253872096,38.7582991889237,87.6129624653902,95.8985864969771,130.183489772641,55.3087522663519,109.053034164521,49.4299240265806,92.3044986414935,38.2338261631518,64.857438485755,53.9573397532139,132.881084087523,51.6351336447835,100.179133176832,50.4727175632569,84.6021193724493,125.580754613685,85.568168410393,66.1533602094785,54.4912681524247,123.830110284487,46.0785784539478,94.2960269614245,90.1731627650133,102.242552032946,134.520009190803,32.0628771782159,97.4108957148636,84.7590418640899,111.784370357886,126.022167809169,43.8800453690844,32.7901260972659,102.800048243071,99.4026882125716,59.1448508934755,103.074946558591,61.8664495746671,132.282852642435,37.3000994761522,128.648209965602,116.572726040014,119.011097996251,147.75120328529,111.398297869986,44.4647472219074,54.9302814428796,75.8238338417032,19.9678690136821,8.41029764307043,39.1296273465827,62.4222714743857,74.82461187753,132.193086888422,118.333430894986,91.6309378693691,42.422276106682,110.273449462432,50.6436167526677,127.919049291205,89.3556406683206,73.2860588864092,71.5521330066969,51.1242380158041,89.673185465253,135.233363186627,54.262621589481,66.9153058252757,89.1447458170633,71.8288180748202,93.8580367971287,69.5878569390025,92.3690634313506,130.1694326512,78.1429478209326,95.2942429130616,84.31521468092,13.0263509050551,20.9809569736495,39.982467901847,58.4604145843725,90.099743947267,59.5912226974332,86.4606954703512,99.1523443031988,90.9448256378549,73.2201120701776,82.3448059107383,59.0798743226558,80.043492856842,96.4197111463431,64.3281546591083
106.323538154206,78.941834402318,59.5016800878855,59.4172521406432,75.9462015453877,29.2378684799031,140.093345490509,97.8343394043574,44.9627481204702,65.9199991321959,91.6689628400985,133.914143323431,83.8115148252413,109.585873111055,49.1431240431183,79.8143473165841,44.3543171767176,64.2463462112247,81.7636666052265,136.693285822509,54.275833153019,101.746137379788,44.5712565292095,79.4595144525625,123.46518853886,73.9895412820213,65.6270409609189,56.9765712385543,124.171086233483,44.8026124667001,93.7257099712454,87.8661531072708,119.39700748498,138.37493388837,27.0183858939894,89.9651505972779,81.9767362028152,112.330554758868,126.369179760984,42.0028620320459,32.3575103218776,108.34470228584,95.0185155466433,42.2209493612512,99.6922546402251,60.3554897576375,136.21508128741,39.5557546514537,132.472395536493,116.268791992856,117.094559769966,146.833471786656,110.012538166027,46.9723396435515,48.2327064428803,67.5218993881312,19.0871827153457,8.25526843153104,39.5716405271478,57.621507605558,78.2722626471782,134.265307210531,122.606209542397,107.004955931845,48.0731298047223,108.229370210296,45.2421380055552,131.584811027085,85.030723983219,85.1072833916474,84.9192273079397,38.732142878645,88.6594669775178,139.113049037387,54.8073172544384,59.3944369735082,87.9344090734284,72.9952835282779,94.0377830486635,62.1658489068979,91.6483019072283,127.976564511945,78.457406854807,91.0351578820695,79.033672713429,12.8275946516108,20.676792302701,39.0747618663861,57.0326401132147,92.2063421637679,60.1512750654614,74.7612963513991,97.2464414407303,84.356348404755,70.1150825873831,81.8467717583227,58.4120006373036,79.3412970007378,112.597198960076,58.2107777931109
107.142957310347,78.9909563271323,60.7417822491975,63.2785476728321,77.729035896723,32.8225466581651,141.173023358041,98.8375563481335,47.6821995060141,78.3796068473548,91.7260042799705,129.234032983056,72.308465834228,108.714114947377,48.1542481213774,90.6899164526885,47.0369692463353,61.2853562328138,70.5416827930267,132.808703485592,55.0001963505558,100.081475139804,45.7424902744658,88.1629988302911,124.416715758154,84.0714175187525,58.4746123197082,55.3913965577469,125.459119075654,45.7397651099066,92.1284240696561,86.9403842809047,98.5325599744415,133.538925212457,28.3496796371052,95.7632294502735,85.518800503511,111.436962588987,127.680013536443,44.3994089597058,31.3412442982062,104.584252782037,95.0776412613165,37.9262114963405,99.998050296179,62.6914148247739,138.653746713654,35.1743637081065,134.844055472186,117.30940710195,115.358331256654,152.489045314196,115.228966360825,45.1980377696999,56.054632299955,68.9313818271697,19.0990598038547,8.09034460996208,38.6579204098781,63.6886930416486,86.6106574351629,139.840208441348,116.982864070144,88.3060007952324,62.2727346791844,108.204404014153,48.5805710412404,126.986107563503,85.8513945962651,72.6939625161178,75.250167570358,39.0065466709911,90.3580938738477,135.159701293395,59.4715168367849,65.153998002719,86.8665671106593,70.2343519404579,94.282093754951,66.7530884325083,91.6340625725624,128.96286021202,80.7726327379145,91.0576821248713,81.5390758383731,12.4465633179934,20.8888171245304,40.7820587968256,59.2399616712105,92.6113578855804,58.3626213314779,84.9483325737136,95.2751156864876,87.3796512420324,68.3954599821718,80.4519282873021,59.5311162685326,79.3214109587831,92.9210077638124,59.9711899436259
103.445844708999,75.0580291750247,58.280712626241,64.322261972483,78.1069414755503,51.9019646713708,136.301657318409,103.202152821499,45.3363753118924,84.0602839659323,87.1590043402176,136.844836245551,76.9788012995674,99.2525853795514,49.4395767505627,65.8180058757951,44.7228884862333,63.2447813209995,75.0979034116233,135.746271386967,58.409703457676,91.915709350689,46.8211975404463,92.8942574382727,120.123548767108,61.0146449426091,45.7098803981314,58.3702480407485,124.048998984966,43.8096301896671,86.8184142483049,80.4101930008832,98.0929067048596,141.403250608927,26.9601728589717,88.915438268372,84.1810796024436,101.738460080875,126.244931307319,43.3964555479484,34.1594800080187,111.000786858207,90.3437646979492,68.3024009578995,87.9575686636297,64.0578485045485,134.104086154217,32.7286469684025,130.419402728231,115.383491123533,115.630033665685,145.709741388469,108.919679487397,42.8176801594018,50.230282894208,73.0102157268052,18.1481254896627,8.81138653644061,38.4951672086621,52.7903925020739,87.8338273699928,134.743492779513,110.366904817431,87.911978535145,51.4760384363372,105.246211521695,48.5142391244015,134.464526826813,85.2457603502666,70.0501608204378,82.8709878022545,45.2534818004247,84.0074739773899,138.149270422966,61.8901324431794,68.1550189348416,83.5381594976307,65.4573122228758,97.3748669783942,66.6619437585009,97.2032850527182,124.512822360118,71.9059498585749,82.8486434571008,79.4199179946798,11.0230725884078,21.8112524914406,48.0683028796653,60.5311668392921,99.9919637300674,64.5018070406857,61.6510641003014,96.9288575670875,80.9022937712445,60.4641907467456,75.8149171404575,55.3471026929351,79.6679023751374,92.5063932964039,59.2149461720965
109.482036419427,83.4474753837756,59.6806002477172,65.345777350571,74.2912473712616,16.5930953026142,144.255025927243,102.1057678501,52.5967301227215,76.0231421401769,96.9010104461261,132.73997862063,82.3037603285601,107.742502742729,50.5607596782665,71.7958021858074,51.8849969772936,65.2007206936648,80.2927525399429,133.593163996131,57.566690430955,99.1034186003201,45.0369741608902,69.5812510977648,127.132904931533,66.5561850506902,58.2352162067617,64.1840758175419,124.132048437509,47.4272445370467,84.5105908762737,85.5056706662392,116.159022849359,137.161656790882,27.5431765996219,86.3838710158568,80.0312499082025,110.441015439413,126.329450912613,51.3497716468905,32.9207438837769,110.223463132006,100.44174039169,18.2601732074602,91.3481783019673,59.1083308266422,125.386625556995,35.4314306283674,121.941465649645,108.706833837614,116.259558544241,137.296944446578,103.944340912763,47.7942903738284,47.9534350728657,64.1415615503448,20.1765923207083,8.36648301109347,39.6971140162763,53.962289912606,74.7022568701106,123.458185532359,106.677168198021,104.103037277927,50.6788537425387,110.996392101681,46.9614013023363,130.431070005425,82.593269065074,82.6733164682849,79.1959313814973,52.5547203503993,93.0671891623132,135.958048431031,56.6186228151785,64.3984202413152,21.7047395873261,75.8469262017876,96.0236896525109,64.5282364299134,89.6862254416424,131.778298013455,74.7467922998394,95.0151969969893,77.4029938508895,11.7054958019847,21.5795370786782,42.731056641635,55.8541430657868,91.8241409336134,63.4946514029364,67.2504057786649,102.245192341023,79.8753857850622,61.7404433888602,73.7995907924671,61.3159643068869,75.7904328337089,109.543621588862,60.1491708843729
108.147221028209,81.1195295372982,67.1366844594859,61.9588876446017,70.7630335155048,16.5930953026142,142.496254943751,96.8766127391295,48.7791016194701,74.7689967577518,94.197749457701,134.381578530742,72.3144582778987,107.886631341981,49.6142191639684,75.0076069669777,48.1190282014882,62.7067370547817,70.5475288174956,133.81525820144,57.7990879503206,96.6692822793427,51.9407196385026,83.3964702769036,125.582888474197,69.5335941310852,57.9090982027581,60.640165436407,123.253653154921,45.9482073508717,90.6303523304848,84.3614518131767,96.6888293499107,138.857939747971,26.5937367707019,91.4716587505011,78.4409056916297,110.5887538755,125.435506156764,44.0139836136031,32.9932452803224,107.755354480082,97.639703166688,18.2601732074602,94.7599599469444,55.2734538846314,129.571212330912,34.7882123025335,126.011075483093,113.036123956134,115.995632240267,141.80792003069,105.417732861108,48.7508675326743,52.1453356489231,70.9394695374143,19.6137231137845,8.35444175844039,38.9290277176423,54.7003249442385,85.0702612009761,129.93428979018,108.903130487233,86.6536284419895,51.2903924065035,108.488046834145,45.2506604638582,132.044115562774,88.6606400148555,75.1593730626888,82.9834762576052,47.588203459151,86.786301232673,136.184074178295,56.6186228151785,65.375885086992,21.7047395873261,70.1319183859444,95.2438384444367,62.1775593582279,91.1296496059085,130.17164448225,72.0260991282881,89.2950244491357,74.1398665142057,11.7054958019847,20.4743816209277,37.0800904870115,52.2303938858791,94.6923149291712,63.3109075385793,70.2588710125593,96.00975167197,88.4000472638802,69.1532877114937,79.1437244257238,57.1778926236676,74.631144167913,91.182279898416,63.3356697422874
100.720021152875,80.4628666765413,60.9754857287167,62.7194415451335,75.3806203779671,28.4338306458407,133.896905825425,20.718002017616,47.5476325183006,84.1401342040225,86.9996716575009,129.193414345011,73.9588886686673,115.209903667342,110.115570247247,84.4220080490928,48.1659768082775,81.0086858393497,76.8747663426261,147.550154876811,56.7529851925594,109.480149195164,43.6667343245508,88.8417919327958,108.902517789506,82.8703559891803,70.8553548566702,57.4610503761708,137.201783644264,108.432920061288,90.5720215447973,85.4583051246787,99.4734400454624,142.357765419295,32.1756758732214,92.3377350437045,82.3644503155399,110.839965365022,126.816877859157,41.820853243685,44.6476977938613,112.856782303245,79.7006733262985,38.0232858650547,99.7824811827129,63.8983125036098,131.169183067492,47.7066601267599,134.568690410645,112.954442142556,107.836199639846,145.505223925917,111.116591636572,47.8413420840376,54.6224717572608,75.7900811456011,20.005087436213,32.5362420624049,87.2987511633647,59.2214990775987,83.1921438522251,131.944694002144,108.305226522683,93.7814034774406,54.0017579042447,103.762376195196,69.000077252485,139.772932297813,83.5798177031657,80.1521502007279,79.5786760440558,38.6031357904139,98.474571435423,136.381973120906,57.7456042090496,66.0644772225292,86.8805393006614,80.3803310348699,77.1363991644267,75.2219873228621,90.6299161857668,99.7659396798938,64.7902948000425,98.7269106641845,77.4876571358597,52.7703695377639,77.9247463145952,37.6646864635113,57.2656439148808,71.270742830379,48.688358449125,83.556992988469,103.016140324973,83.8752720098721,74.2831187064535,89.9903089055171,81.7939431810729,83.9813231419345,92.2661449177302,70.0321024029459
105.17139851176,80.3131697067298,65.3047594766934,64.1661281813285,77.5432818049422,31.3761680115585,139.814554056568,20.9809569736495,39.3820258100226,89.902021904636,86.8378133027138,127.4744694279,53.2669942685951,111.902257272703,112.71145768174,88.8970189821692,39.8941785608032,82.194093596391,55.3670804400155,143.26293786958,55.196428436116,108.006019296831,48.6094848825226,78.1286194060821,113.71552513864,87.263117517239,63.7112665669437,56.2867580352521,133.504821381386,105.069628321784,90.8150287592229,86.8443627340189,101.41315804831,140.463666106884,35.490724324231,93.8149101385359,81.6301075721931,107.657778763425,123.399741439437,42.2881805798597,41.5550591636161,110.831703590983,79.5523943774904,54.1686803705746,99.2698689193252,63.1804136526829,129.530146137988,47.2705666316272,132.8871746157,112.269369230113,112.918398593954,142.29687302788,107.285958388574,43.611482967614,57.2140634054771,73.0247484741408,19.9678690136821,31.6328915167232,89.2244409359189,60.4595487743427,74.3981784164004,127.313094457878,113.965076538186,95.6101275727809,40.8562306260906,106.806158103757,64.1808599385678,137.913224721067,86.546061007501,70.5806571059673,68.4914031152324,51.4872913204473,93.5673572872655,132.419258780606,56.0505775571615,64.4450844725474,90.5793276294945,77.4407250795791,77.8706624620889,69.9682090934974,92.9903854245498,104.175150877386,62.53813367277,104.421483777935,81.6641194563391,53.0109625140538,78.9137749971705,36.7971033203794,56.6222632315215,72.1072084939588,47.6911091109054,87.9861515195116,101.507573816049,89.2488710135695,78.9407193532856,90.2317553689994,77.7179630639626,85.5641229795826,94.0653216856039,70.6560475721075
103.399653761398,76.7709435388687,57.865391108276,57.7832849193343,73.8576902218693,28.4338306458407,137.459201691959,20.676792302701,45.6863212273241,67.6422876155723,83.0078166064816,131.127490888891,80.7175591005764,112.449017675445,112.057488556038,76.8679495894287,46.280459659981,81.419653890145,83.899901787366,147.372982757126,58.0192579930282,109.695451824501,42.9258800605751,73.3795111624353,111.799843807498,75.4551389364018,63.2043767303864,58.8539519765261,133.872437408388,102.160135960484,90.2657653858448,84.6225178147054,118.428456154613,144.488917508839,29.9069256985074,86.6440294686217,78.9505125055953,108.183800417586,123.739532333966,40.4790970369762,41.0068034451706,116.809555390524,76.0437223364174,38.6686765854054,96.0120512386756,61.6373629861451,133.380548067317,50.1291675404596,136.837367283422,111.97665510288,111.099976354348,141.413020175037,105.95135489123,46.0709554940286,50.2380299563972,65.0292852456978,19.0871827153457,31.0497941712221,90.2323314167791,55.8097337255489,77.8261806557913,129.308817440192,118.080122826459,111.651781870318,46.2984794422749,104.826350155022,57.335544118755,141.865388412523,82.3571312378567,81.9654935408217,81.2867036296148,39.0071950459488,92.5096167883805,136.218211291683,56.613220970241,57.2018533091918,89.3495132703992,78.698325203278,78.0197915101676,62.5056339729687,92.2647756864242,102.420189173948,62.7897965757374,99.7544654473699,76.5486432545753,52.2021204693734,77.7697479427579,35.9617133476198,55.2393817977187,73.7931280111012,48.1393214043008,76.0803358426027,99.5563988150155,82.7832568279504,75.593097312636,89.6860197235127,76.8393934494417,84.8134964084145,109.847785428459,63.936910778103
104.196538990213,76.8187146167134,59.0713906106858,61.5383952931041,75.5914968449581,31.9199306093384,138.518578618364,20.8888171245304,48.4495359941165,80.4274268713516,83.0594686076951,126.544770118806,69.639152527148,111.554483130314,109.802626773409,87.3420401284955,49.079609298449,77.6671793381793,72.3847217716647,143.184902250375,58.7935807955922,107.900731344168,44.0538769623188,81.4170310673537,112.661468009061,85.7367187245847,56.315984571345,57.2165457144323,135.261102847935,104.297056916083,88.7274443158714,83.730924337228,97.7332615325632,139.439233732948,31.3805482611012,92.2280685289147,82.3618192350537,107.323195774721,125.023088646112,42.7887028815589,39.7188854111146,112.755306079387,76.0910408974755,34.7352778336062,96.306558252224,64.022900107121,135.768466703278,44.5766131120426,139.287173527036,112.978855239035,109.452632983712,146.859814585193,110.975215299737,44.330701904714,58.3851602856853,66.3867357381694,19.0990598038547,30.4294811243334,88.1488419443854,61.6861506698894,86.1170540405842,134.677917623104,112.664366752297,92.140800888786,59.9738968124194,104.802168962672,61.5663537807903,136.907393276437,83.1519977780385,70.0104183522366,72.0312497332231,39.283547487458,94.2820087122544,132.347129735877,61.4311061511345,62.7487964558235,88.2644868213848,75.7216850498345,78.2224873814472,67.1179463563089,92.2504405706443,103.209525819828,64.6426817022651,99.7791470522858,78.9752698231727,50.6515068024842,78.5672177199791,37.532991581424,57.3772992788387,74.117263816783,46.7078542095069,86.4471054795492,97.5382468901113,85.7501805981227,73.7391224738453,88.1575787555224,78.3115595345818,84.7922388185885,90.6520501123179,65.8704928202501
100.601096536616,72.9939424838775,56.6780001036155,62.5534075762092,75.9590100662409,50.4746669431989,133.738807783334,21.8112524914406,46.0659610981087,86.2565227537019,78.9239719063515,133.997198299223,74.1370795689048,101.845752657993,112.7334680856,63.3882920531771,46.6650366461153,80.150366661848,77.0599825359293,146.351979119383,62.4382429036683,99.0969832039662,45.0927630590032,85.7862679828903,108.773931734921,62.2232336020508,44.0224709004456,60.2935504957792,133.740811616658,99.8959107547897,83.6134569064651,77.4417992488403,97.2971747406354,147.65103793435,29.8424890989344,85.6330679423477,81.0734811574384,97.9827196955333,123.617869397016,41.8221342594702,43.2904469022441,119.673156945857,72.3024993391425,62.5557570970127,84.7105587072784,65.4183550865266,131.313481152468,41.4771464154409,134.716728264277,111.124035681904,109.710425756306,140.330773003895,104.898839790353,41.9960225943772,52.3186576674057,70.3149968731908,18.1481254896627,33.1414708787147,87.7777276666948,51.1305217658653,87.3332529992102,129.769350482768,106.292639870837,91.729667712269,49.575767523262,101.936989931899,61.482291074825,144.97009325845,82.5654062880062,67.4642142886753,79.3260800707434,45.5748445581284,87.6556050915452,135.274488184139,63.9294152570376,65.6390327790278,84.8825160624608,70.5714204432506,80.7884509150239,67.0263035052537,97.8571245155308,99.6481415901361,57.5466376624002,90.7838502549643,76.9227439540384,44.858586417092,82.0366903987137,44.2387476391028,58.6279055126947,80.0239940817617,51.6210706574478,62.7387952150856,99.2312711670196,79.3936139945302,65.1881918466285,83.0764367111905,72.8076038092951,85.1626278796122,90.2475597566779,65.0398581443379
106.47129370773,81.1526799402683,58.0393909854311,63.5487764056427,72.2482470866395,16.1367871959998,141.542630983533,21.5795370786782,53.4431547968381,78.0093949299492,87.7455253652801,129.977759668966,79.2654643263823,110.557485662735,115.290019903107,69.1454141855085,54.1381687829553,82.6291365241673,82.3905572246913,144.030651802722,61.5370869481086,106.846260316849,43.3744054277368,64.2571028378589,115.121023847668,67.8745414968128,56.0854259191658,66.298944174921,133.830349632106,108.144893419709,81.3908283116468,82.3491740941304,115.216738126444,143.222032752126,30.4878218594475,83.194955115631,77.0768450830197,106.364014651764,123.700630212999,49.4869227657676,41.7205916117129,118.835101767003,80.3839522580505,16.7238478251934,87.9760018201987,60.3637159982762,122.777424342727,44.902395057765,125.95944275487,104.693851473993,110.307722498865,132.228539846862,100.10716902434,46.8771332531147,49.9471475969473,61.7737347432356,20.1765923207083,31.4680955060477,90.518439480641,52.2655715962719,74.2765207232469,118.90064757733,102.739112240847,108.623843718005,48.8080114127809,107.506369498287,59.5143734347401,140.621506866563,79.9963164032136,79.6213780646247,75.8082286775258,52.9279320722428,97.1087498998898,133.128863871037,58.4842091355393,62.0211113311917,22.0540279763404,81.7727636003351,79.667427323856,64.8809337945325,90.2895012818843,105.462732673209,59.8201759571443,104.115710966192,74.9692372846171,47.635719603302,81.1651601835249,39.3267146513133,54.0979398406022,73.4872507401789,50.8150397146789,68.4369280214652,104.673888265874,78.3858559636715,66.5641567119717,80.8680832879316,80.6594784411461,81.0177277902852,106.868770719743,66.0659815589366
105.17318557774,78.8887523219837,65.2904337864575,60.2550257554587,68.8170586836322,16.1367871959998,139.816929776932,20.4743816209277,49.5640902508094,76.7224825545467,85.297676219675,131.585199121693,69.6449237559244,110.705379902611,113.131692468414,72.2386531370321,50.2086580362337,79.4685009914019,72.3907205349192,144.270097985411,61.7855130127071,104.221947587066,50.0232947213674,77.0152229566563,113.717457385898,70.9109276121879,55.7713467700558,62.6382617778151,132.883326286696,104.772352585342,87.284674853995,81.2471948125407,95.9044872941835,144.993264588495,29.4368772719313,88.0949239089244,75.5452094413165,106.506299228903,122.825287774041,42.4172598600453,41.812472924214,116.174162485208,78.141469943014,16.7238478251934,91.2618353615793,56.4473911862154,126.874933018457,44.087241877022,130.163146426299,108.86332307624,110.057307738449,136.572989879426,101.526169765669,47.815354002735,54.3133306757179,68.3206936050424,19.6137231137845,31.4228058319998,88.7670282039849,52.980400838115,84.5854366891897,125.137682300567,104.882901707125,90.4166721702029,49.3969747354675,105.076893295907,57.3463446645641,142.360577909294,85.8729130281998,72.3848166901616,79.43375669501,47.9261459928381,90.5551064451065,133.350186192783,58.4842091355393,62.9624924363318,22.0540279763404,75.6112484737275,79.020412616678,62.5174084310894,91.7426346620443,104.176921015188,57.6427936342382,97.8476627960879,71.8087113744044,47.635719603302,77.0084389605918,34.1259555095285,50.5881309997221,75.7826625941313,50.6679887181251,71.4984726513183,98.2903331574441,86.7515481008688,74.5561584549047,86.7240757008346,75.2159580220593,79.7784825446235,88.9557787375364,69.5659329579217
98.2019051170362,78.4512027337765,59.4510286580268,61.1513835790423,73.4960184210521,27.7229522714116,129.388253044539,20.718002017616,47.1088095598646,73.4944502371132,65.4318307784404,138.213921125894,63.2166805663795,100.63317122089,87.7100822469533,72.1600771953295,46.832432999646,18.6569677907174,67.1483203931916,134.870747340795,62.2254885727907,100.072206316972,37.3243303795282,93.6044583998901,81.904804691693,52.9074519404089,60.5639215924186,59.2999399090421,125.411641296082,86.3698050647897,77.4168278798701,73.0458566111436,101.60863333948,139.391660589071,27.138889417371,78.9260791442073,70.4013708068167,94.7409406847623,135.67145076799,46.6183136499112,10.2827326605653,103.158675668108,88.9896286734734,9.05521139577606,85.2895081659154,50.7799361503067,140.327641424692,10.9872368890512,138.875206818339,96.5482988727583,120.560359859337,124.371220650333,94.9773881890397,50.6544532219513,54.3347118610147,64.7819002709168,35.2829854551878,8.65047318823665,69.5358578936886,54.2693862147418,86.1806341152508,112.780298937833,92.5743616758053,91.1849314808296,46.1582365677414,95.0857468318705,15.8912862925535,127.761843779555,76.590857667204,68.5103976973967,74.8027275207457,39.2436509099936,95.7481623859801,145.904397460911,59.5936001376688,56.4688981749236,86.0787080996704,73.4730189014337,90.1632886485434,75.137237297935,113.561810885979,111.393462010369,72.3414751127101,84.261304924514,71.0081247094291,12.9672301423711,20.718002017616,33.9478400109999,52.47708002765,79.5772065035402,54.3628900269146,85.4379934228578,92.6651155553049,80.1163200829194,67.8997574967567,76.8048023373407,17.5553648392811,92.0793654424617,96.2731549773967,63.2759036767975
102.541992937052,78.3052483598847,63.6720655974372,62.5619013902535,75.6046108321848,30.5917278286762,135.106638858159,20.9809569736495,39.0185642419098,78.5273251295843,65.3100982675155,136.374956513047,45.5301941663102,97.7440190267271,89.7777780312279,75.9851121813838,38.7896512918565,18.9299769639047,48.3618569980654,130.951943173763,60.5188381766515,98.7247526241479,41.5491678367597,82.3169698171948,85.5246330933879,55.7119508068285,54.4574811701873,58.0880674354925,122.032369592156,83.6908506314614,77.6245393493933,74.2305953587578,103.589987309377,137.537025910732,29.9349995497475,80.1887009573732,69.7736881649051,92.0209528980749,132.015723995956,47.1392502316692,9.57047250333677,101.30761777139,88.8240681073725,12.9002226037645,84.851350612546,50.2094225266428,138.574164112822,10.8868009640867,137.139878540426,95.9627298323066,126.242234191243,121.628868817889,91.7031378215078,46.1758748331604,56.9126505909392,62.4182201873146,35.2173432996606,8.41029764307043,71.0697227953879,55.4039099635853,77.0707652916611,108.821419157839,97.4121430016796,92.9630247397032,34.922040164864,97.8750071262232,14.7813808389515,126.061946202894,79.3090631499618,60.3291224996918,64.3808620528687,52.3415843171614,90.9768114649083,141.664999577889,57.8443286234316,55.0847152047638,89.7433598553216,70.7860217077775,91.0215552304463,69.8893783197327,116.51954462974,116.316558024896,69.8268290744227,89.1215011802725,74.8353504671632,13.0263509050551,20.9809569736495,33.1658721651288,51.8874989577318,80.5111605806322,53.249413256904,89.9668593371235,91.3081292672212,85.2490960186781,72.1571171760989,77.0108717255709,16.6805406744267,93.8147894536641,98.1504678743395,63.8396550575045
100.814543837309,74.8515819084906,56.4186899697937,56.3386365297359,72.0111632653726,27.7229522714116,132.830597258225,20.676792302701,45.2646765401083,59.0839649605588,62.4295851467715,140.283038226348,68.9936834045581,98.2216015215856,89.2568736243993,65.7032129938715,44.9991190845402,18.751617118839,73.2846128086574,134.708800128949,63.6138638874682,100.269007374534,36.6910819871436,77.3132694712441,84.0838628663674,48.1733074424801,54.0242148859475,60.737417655438,122.368395320747,81.3733598921084,77.1550541009438,72.3314637863309,120.9705180888,141.478408915405,25.2252898289798,74.0593596320804,67.4832926705752,92.4705721863129,132.379239676176,45.1226384822719,9.44420469422307,106.771775639403,84.9064673012441,9.20891061646911,82.0667168333153,48.9831614368988,142.693407738833,11.5451603058043,141.216486717471,95.712531163673,124.209246749964,120.873391762031,90.5623796990822,48.7799664119689,49.9733679990969,55.5840633470586,33.6640763142567,8.25526843153104,71.8725353020449,51.1429133214797,80.6219107852065,110.52727202479,100.929496647798,108.56054294396,39.5738259227161,96.0607510895743,13.2048482061323,129.674489145495,75.4704124735009,70.0603607748766,76.4082470949813,39.6544144411548,89.9483560213028,145.729201498622,58.4249779566305,48.8935319816946,88.524895604461,71.9355526498545,91.1958693746565,62.4352110258249,115.610335404729,114.357059016829,70.1078227894227,85.1383009363424,70.1476313450572,12.8275946516108,20.676792302701,32.4129205862139,50.620254328853,82.3935706725725,53.7498638038253,77.7930248665858,89.5530076293012,79.0732446239218,69.0971658882546,76.5450980340498,16.4919740212031,92.9917824352989,114.618345438703,57.7687327521537
101.591506021525,74.8981586546048,57.5945381015874,59.9998648377526,73.7016227345324,31.1218957379177,133.854302242132,20.8888171245304,48.0023892573867,70.2514867347695,62.4684322474373,135.380343996385,59.5243673812415,97.4402464021239,87.46081415737,74.6559872682102,47.7207702704248,17.8873913123576,63.2263708930543,130.880613378886,64.4628520867518,98.6285123669051,37.6552422267174,85.7816679716631,84.7318842654966,54.7374422530726,48.1363318393954,59.0476105197661,123.637728760583,83.0754762445011,75.840167500569,71.5693703980262,99.8311019664664,136.53393816667,26.4682312337464,78.8323412154865,70.3991218793702,91.7349666386732,133.752416101515,47.6971897245204,9.14758655964281,103.065919586893,84.9593007467118,8.27217523468669,82.3184479792964,50.878945815876,145.248054968176,10.2663612726658,143.744692555758,96.5691660727602,122.367524672971,125.529062886027,94.8565461525215,46.9373844484567,58.0775779459336,56.7443500375697,33.6850239428262,8.09034460996208,70.21297859654,56.5279431785151,89.2106151097386,115.116533671386,96.3003556759868,89.589751316249,51.2629481778291,96.0385919330653,14.1792385295327,125.142548735984,76.1988121244753,59.8417084539959,67.7082632512022,39.9353522074956,91.6716767452723,141.587834358983,63.3970468597449,53.6348056721556,87.4498829982211,69.214703712795,91.4327967727204,67.0423268755002,115.592373105129,115.238391282714,72.1766580012564,85.159366157809,72.371342944752,12.4465633179934,20.8888171245304,33.8291411127176,52.5793987491272,82.7554838633093,52.1515619475607,88.3931669298593,87.7376388847582,81.9072028184749,67.402508418952,75.2406063853542,16.8079437828202,92.9684750461226,94.5889619346699,59.5157765628067
98.0859537525679,71.1690102113877,55.260985101965,60.9895006497509,74.0599477038143,49.2127423846211,129.235478569657,21.8112524914406,45.6408126677534,75.3430664108129,59.3581547579729,143.353113552376,63.3689900104899,88.959896146997,89.7953099236619,54.1814173050401,45.3730485079593,18.4592898123268,67.3101024301541,133.775534258946,68.458956953981,90.5812955269057,38.543234619534,90.385132694763,81.8080960397662,39.7255774043876,37.6283977592433,62.2230867325953,122.248080510405,79.5698422009125,71.4689646025746,66.1937134768448,99.3856545895089,144.574644767355,25.1709401470296,73.1952358868241,69.2979093249336,83.7511542360665,132.249082023352,46.6197416168472,9.97014659764557,109.389299708939,80.729212186358,14.897597397201,72.4067171207543,51.9879127350077,140.482014650576,9.55252855549797,139.027982233462,94.9837510190441,122.655735770328,119.948336302931,89.6627378558752,44.4654240317532,52.0430346313591,60.1020482645737,32.0078604871075,8.81138653644061,69.9173758607401,46.8549779436877,90.4705032747903,110.920914638502,90.8540945142487,89.1900009484779,42.3751021110039,93.4129997103542,14.1598781957445,132.512397809111,75.6612715248843,57.6653294975182,74.5652912035837,46.3310364170091,85.2287345657597,144.719586017739,65.9753077666444,56.1052476933153,84.099124864094,64.5070160992323,94.4321033678642,66.9507872752921,122.617704349413,111.261934786966,64.2535841073521,77.4820728927156,70.4904496738497,11.0230725884078,21.8112524914406,39.8731562147525,53.7254290550936,89.3506318215058,57.6374040245108,64.1511449997277,89.2605486905686,75.835511932252,59.5863837587313,70.9039604163688,15.6266344210408,93.3745795039942,94.1669050390435,58.7652756076702
103.809389262386,79.1237698748236,56.5883396504746,61.9599841169467,70.4419580542537,15.7333490102245,136.776526995814,21.5795370786782,52.9499213369582,68.1393920742329,65.9927820172566,139.05303079174,67.7524991041344,96.5693923030588,91.8316738064319,59.1023423942703,52.6392763162141,19.0301709345512,71.9662354385527,131.65368524915,67.4709054986307,97.6646550559961,37.0744609882641,67.7018234169981,86.5816986194564,43.3335780853743,47.9392608323941,68.4206672148855,122.329924267661,86.1403839178486,69.5691631801142,70.3883133903723,117.689860665423,140.237920421553,25.7152523937708,71.1112483834175,65.8817673221992,90.9151024175258,132.337621342098,55.1637928958765,9.6085959899785,108.623261012612,89.7525424090712,3.98276934679902,75.1978687712606,47.9709952279968,131.349955647344,10.3413915389288,129.990442872896,89.4875232042156,123.323510696246,113.022917403559,85.5670365054752,49.6335481010962,49.684018054327,52.8013674482076,35.5854687292267,8.36648301109347,72.1004282490324,47.8951146943397,76.9447373200825,101.630843734082,87.8167013744567,105.616437580754,41.7188592487483,98.516666712582,13.7066505492837,128.537497904469,73.3070094182209,68.0567179141338,71.2585651771335,53.8061286240571,94.4201555689079,142.424150518334,60.355842168934,53.0128136586892,21.8504886350644,74.7457957472645,93.1217599408027,64.8078346788075,113.135261523865,117.754204924413,66.7920987795668,88.8605306307581,68.7002955986044,11.7054958019847,21.5795370786782,35.4458550566829,49.5742599623257,82.0520440125956,56.7374317745565,69.977551812874,94.1562935786768,74.8729175581091,60.8441080210912,69.0191780411636,17.3118756317413,88.8300003550969,111.509955628033,59.6924059395439
102.543735324333,76.9164430432974,63.6580980658862,58.7485810103331,67.0965532962527,15.7333490102245,135.108934581915,20.4743816209277,49.1066571555302,67.0153040462271,64.1517721833698,140.772704436564,59.5293003640459,96.6985744817622,90.1125066043031,61.746301791632,48.8185596825675,18.3022505304363,63.2316106732338,131.872555135353,67.7432864701586,95.2658570376727,42.7576279227983,81.1438859636893,85.52608632273,45.2721175130644,47.6708003187324,64.642834321937,121.46428135152,83.4540623259127,74.606954051257,69.446391824364,97.9630731643732,141.972247637441,24.8288228730121,75.2995179419092,64.5725951206075,91.0367207763789,131.401160985897,47.2831367835369,9.62975701327053,106.190983866825,87.2487032293828,3.98276934679902,78.0064492288488,44.8586951357358,135.733559438537,10.1536550452424,134.328675005432,93.051397123288,123.043548181518,116.736354894158,86.7799335379052,50.6269370196182,54.027199384013,58.397408904458,34.5927359504079,8.35444175844039,70.7053809657206,48.5501697808775,87.6239778570725,106.961976189934,89.649114710173,87.9133575618524,42.222278200896,96.2903437660162,13.2073356608193,130.127125590103,78.6922039309728,61.8712357220218,74.6665055688605,48.7213513693718,88.047959086287,142.660925945908,60.355842168934,53.8174632374772,21.8504886350644,69.1137572680708,92.3654765981127,62.4469722180687,114.956078148826,116.318534468746,64.3609468669309,83.5108856900875,65.8040534579202,11.7054958019847,20.4743816209277,30.7583199712097,46.3579419951623,84.6149815639465,56.5732422761089,73.1080166679852,88.4141557941483,82.8636930622406,68.1493341573716,74.0171422134414,16.1435374486121,87.47125877329,92.819023490903,62.8547069414675
87.4916175085728,69.8950047302119,52.9670646780245,54.4819721760104,65.480252388527,24.6993776082862,132.436458755528,89.4747833912019,47.0433782375443,79.8355338535123,79.8074830597644,132.887194917257,57.6433231413415,109.315777203196,110.779870400244,65.7982451847796,46.2918014206381,18.6569677907174,72.9418614420771,132.790577524555,60.4993845260622,98.5287494359993,34.0337141688766,85.9603156013603,99.8996395971148,82.9352580965592,55.2244387364327,59.9793150899614,123.477363359814,109.087069199551,70.591546188053,66.605931837104,101.972034714013,141.425564869954,29.1156334194702,71.9677376861231,64.1945912163094,86.3883172871124,130.442710662198,45.7987809440061,10.2827326605653,101.567614836615,86.6118515072231,9.05521139577606,77.7701492031302,62.8420199340478,134.919453021642,10.9872368890512,140.466243316895,88.0363337778456,99.427190021347,113.406309809361,86.6039189253654,12.3324274715881,51.7819851169251,59.0705487471071,20.005087436213,8.65047318823665,87.825403058497,53.4986951141856,85.9993599047705,102.837275817168,84.4127498766499,90.1322965795299,42.0887987516993,93.7354139096757,15.8912862925535,125.791317654822,75.5031746012022,62.4703315269157,86.61475013772,39.6544801940608,94.6428497446695,140.281282426047,60.2763396638347,51.4904439108397,85.9591499162392,72.3398127819435,24.2217879679287,63.0659508803146,101.923645399848,108.41706089053,70.4085317994277,83.1398594229899,69.9997232220011,12.9672301423711,20.718002017616,24.5874954470455,51.7318418486064,77.4509265381254,52.9103293125455,82.775685951709,84.2621720829614,83.448775783205,66.8525101962144,75.7825964724562,17.5553648392811,89.5251297272289,96.0576411436308,67.5834366184148
91.3583582102924,69.7649687167657,56.7277386583543,55.7386533440636,67.358873383674,27.2552731733977,138.289561716065,90.610406300821,38.9643697870458,85.3026439898837,79.659005397014,131.119103490845,41.5161263056326,106.177349647634,113.391418185185,69.286054505874,38.3418652366831,18.9299769639047,52.5345064713205,128.932214767575,58.8400757615066,97.2020781037375,37.8860782693789,75.5946118998326,104.314759736818,87.3314599317938,49.6563589931057,58.753558688667,120.15021162362,105.703487548166,70.7809452398636,67.6862207395731,103.960474959283,139.543868677348,32.1154067839112,73.1190432676493,63.622246812368,83.9081311475714,126.927874586626,46.3105596533953,9.57047250333677,99.7451066057128,86.4507146716127,12.9002226037645,77.3706208316717,62.1359885517946,133.233554239325,10.8868009640867,138.711034091976,87.5023901237671,104.113081798172,110.905731300199,83.618335527276,11.2420644404528,54.2388083956931,56.9152572379497,19.9678690136821,8.41029764307043,89.7627100438365,54.6171072498786,76.9086529763737,99.2274218294018,88.8240190188458,91.8898636068029,31.8432165046127,96.4850633251162,14.7813808389515,124.117638333041,78.1827782695456,55.0103401812082,74.5471784944433,52.8895316949749,89.9265790920621,136.205269762317,58.5070274606307,50.2282943401756,89.6187116895186,69.6942583071034,24.4523557686202,58.6611946176669,104.578261444928,113.208613201986,67.961076376723,87.9353706464856,73.7725977324292,13.0263509050551,20.9809569736495,24.0211374447731,51.1506335449075,78.3599256321262,51.8266043201111,87.1634292450383,83.0282383481841,88.795050646619,71.0442067775426,75.9859232543543,16.6805406744267,91.2124139411034,97.9307515513158,68.1855656042158
89.8193115317157,66.6879727683934,50.2654448229804,50.1941223272566,64.1573414003795,24.6993776082862,135.959899769305,89.2968110986757,45.2018066083887,64.1817153484391,76.1456312585824,134.876568818199,62.911009429297,106.696137846105,112.733503824589,59.9106359919244,44.4796512019977,18.751617118839,79.6075917018373,132.631128094537,61.8492470013228,98.722515145809,33.4562947064195,70.9995352521474,102.5574461462,75.5142336207565,49.2612906629605,61.4332614315283,120.481054682197,102.776442935023,70.3528511095802,65.9545218598387,121.403166881591,143.542761548336,27.0626509532243,67.5300816282219,61.5337789203771,84.3181107556476,127.277380473294,44.3293991924371,9.44420469422307,105.124988405769,82.6377910271058,9.20891061646911,74.83148806911,60.618445803849,137.194043357803,11.5451603058043,142.834346303158,87.2742496618453,102.436459159761,110.216859191343,82.5781497964223,11.8760614235871,47.6255437700876,50.6836185689779,19.0871827153457,8.25526843153104,90.7766808800827,50.4166219277016,80.4523289136522,100.782881988971,92.0312730380231,107.307324736181,36.0848879625533,94.6965719244638,13.2048482061323,127.674463464795,74.3986410880925,63.8836455720673,88.4737956748639,40.0695438778203,88.9099960935722,140.112838467583,59.0943290559802,44.5829429557432,88.4019398127146,70.8260595367284,24.4991841430524,52.4045878363026,103.762230792359,111.301471441254,68.2345620208461,84.0051833721414,69.1514499069843,12.8275946516108,20.676792302701,23.4757951339688,49.9013853266356,80.1920382702975,52.3136829730146,75.3689399482926,81.4322724812589,82.3623133743878,68.031450440669,75.5263486100893,16.4919740212031,90.4122367273323,114.361764681053,61.7013627876949
90.5115351516047,66.7294696706272,51.3130503136525,53.456042616428,65.6634326835701,27.727618876624,137.007721806383,90.212482165346,47.9357168062467,76.3127682345877,76.1930132329429,130.162823064879,54.2765345000674,105.847367593519,110.465039015396,68.0741089215938,47.1698837644222,17.8873913123576,68.6815270756073,128.861985122947,62.6746846909997,97.1073222015693,34.3354519122685,78.776367896424,103.347840610455,85.8038656996225,43.8924996725122,59.7240948659771,121.730810643888,104.926255409184,69.1538885490574,65.2596167327054,100.188146033328,138.526144588126,28.3961257961522,71.8822639524908,64.1925405605275,83.6473582278772,128.597635059831,46.8586907763913,9.14758655964281,101.476289372522,82.689212778176,8.27217523468669,75.0610259009374,62.9645480002303,139.650235191051,10.2663612726658,145.39151676268,88.0553612677737,100.917574750911,114.462073470801,86.4937306570528,11.4274629888965,55.3490057058937,51.741611175336,19.0990598038547,8.09034460996208,88.6806222281245,55.7251778299622,89.0229675716751,104.967541634255,87.8102499391475,88.5555311057083,46.7434648658852,94.6747274548512,14.1792385295327,123.21242113055,75.1166965806415,54.5658979060373,78.4000062315293,40.3534226921711,90.6134228777127,136.131078469559,64.1233609208747,48.9062128426176,87.3284203347663,68.1471754285515,24.5628331656836,56.2715405261313,103.746109324757,112.159254763639,70.2481185535713,84.0259682336268,71.3435821051117,12.4465633179934,20.8888171245304,24.5015250695446,51.8327075201495,80.5442812451459,50.7580872805497,85.6387741908918,79.7815227613666,85.314150674347,66.3629304058066,74.2392186233394,16.8079437828202,90.3895758735179,94.3772182785773,63.5673373180619
87.388312257849,63.4070368844425,49.2340038202507,54.3377448383244,65.9826773165415,43.8454063404544,132.280085128359,94.196201472666,45.5774203054219,81.8436481892396,72.3993945140642,137.828324292156,57.7822045635496,96.6353347434399,113.413561372399,49.4046336819417,44.8492640003416,18.4592898123268,73.117601994556,131.712256387328,66.5599396004274,89.184221064236,35.1451564394215,83.0038938842018,99.7816836419082,62.2719653703713,34.3109741273025,62.9359512122416,120.362595539165,100.498558215537,65.1680629899174,60.3578925955249,99.7411055221678,146.684175478567,27.0043425459866,66.7421414226362,63.1884139510001,76.3674208110419,127.152239060331,45.8001838078116,9.97014659764557,107.702141270504,78.572150961949,14.897597397201,66.0231406521379,64.3369349412457,135.067876746191,9.55252855549797,140.620769017523,86.6097207906761,101.15526497991,109.373359180351,81.7578228666494,10.8256349044425,49.5979743412286,54.8032854387777,18.1481254896627,8.81138653644061,88.3072691092701,46.1895804325556,90.2802056607003,101.141819980987,82.8441462265592,88.1603954388761,38.6391958933543,92.0864218259432,14.1598781957445,130.468601836782,74.5867897094781,52.5813945385355,86.339820493224,46.8160612829408,84.2448577437829,139.142133287477,66.7311599094783,51.1588538615988,83.9823162035218,63.5120965153267,25.3685776043272,56.194707358744,110.051462902447,108.289048036534,62.5367469048866,76.4508531392102,69.489399799748,11.0230725884078,21.8112524914406,28.8790405095551,52.9624628058995,86.9632087554452,56.0973492422362,62.1521505737908,81.1663339425218,78.9899064895799,58.6673572137043,69.9602896825673,15.6266344210408,90.7844151960855,93.9561061852654,62.7657457044107
92.4875272869589,70.4942190426349,50.4165918394756,55.2023835457822,62.7592799069691,14.017407830234,139.998790075402,93.1954927002808,52.8763770593124,74.0184425510962,80.4916776781416,133.693965529174,61.7792513700904,104.901376410742,115.985536238251,53.8917164033285,52.0316107893583,19.0301709345512,78.175465047061,129.623133571698,65.5992962001133,96.158330878466,33.8058739543205,62.1730012351586,105.604067067227,67.9276992361266,43.7128029906145,69.2045348417167,120.443176984787,108.797304964082,63.4357533159813,64.1826849778175,118.110776248369,142.284172725903,27.5883014397394,64.841884022135,60.0734484767602,82.8997755043269,127.237366098275,54.1940338265234,9.6085959899785,106.947917520008,87.3543804082355,3.98276934679902,68.5682166524142,59.3658532663531,126.287764765625,10.3413915389288,131.479690261342,81.5980556233487,101.705984839474,103.058504367839,78.0232098765916,12.0838760105122,47.3497879222976,48.1462528379013,20.1765923207083,8.36648301109347,91.0645149635272,47.2149459799011,76.7828900947574,92.670787425155,80.0745380678315,104.397205997827,38.040809217096,97.1176105671629,13.7066505492837,126.555008530992,72.2659609799087,62.0566494082879,82.5109327233837,54.3694078498291,93.3301733807996,136.935163235947,61.0473143905914,48.3390573655766,21.820139611642,73.592959040492,25.0165622649226,54.3960340504235,101.540810135155,114.607846591729,65.0074331985165,87.6778733905435,67.7246680834171,11.7054958019847,21.5795370786782,25.6724669239761,48.8702453486641,79.8596371039974,55.2214239907703,67.7970024865098,85.6181289439519,77.9872727937875,59.9056830512812,68.1005921398119,17.3118756317413,86.3659004082646,111.260333206849,63.7559908116358
91.3599105659353,68.527631992922,56.7152944809572,52.3412287450192,59.778738204142,14.017407830234,138.291911523851,88.4226605945716,49.0384509422458,72.79736847646,78.2461901320527,135.347363428403,54.2810325774623,105.041704396976,113.814188144973,56.302577026652,48.2550003431183,18.3022505304363,68.6872189427694,129.838627733068,65.8641214592154,93.7965305585417,38.9879971714603,74.5173271209025,104.316532246844,70.9664633774599,43.468010698437,65.3834208609785,119.5908852534,105.404418420319,68.02939860868,63.3238058225571,98.3134362612027,144.043806014865,26.6373061141131,68.6609041510024,58.8796965178168,83.0106716522498,126.336996664625,46.451916732917,9.62975701327053,104.55315443567,84.9174430879903,3.98276934679902,71.1291848879294,55.5142685802344,130.502425681798,10.1536550452424,135.86762374677,84.8477285595348,101.475097289178,106.444554937372,79.1291745515973,12.3257283257484,51.4889200400713,53.2489317999241,19.6137231137845,8.35444175844039,89.3025378533888,47.8606984897786,87.4396676861362,97.5319124970307,81.7454007751559,86.8984895682354,38.4998453618941,94.922904106457,13.2073356608193,128.120118701926,77.5746791995749,56.4164964361537,86.4570175159712,49.2313996813337,87.0315372584993,137.162813404174,61.0473143905914,49.0727668117237,21.820139611642,68.0477859244649,24.813391605945,52.4144595164312,103.175023842851,113.210536835827,62.64124096255,82.3994276231925,64.8695560936075,11.7054958019847,20.4743816209277,22.2774129961093,45.6996029972896,82.3540937044895,55.0616215882817,70.8299198731232,80.3966926005715,86.3104263371361,67.0982375281461,73.0320377073422,16.1435374486121,85.0448496408909,92.6112419592431,67.133566743597
97.0524929189584,77.5329642406575,58.7551792501526,60.4356322284822,72.6357782863762,27.3984667182086,135.755403270795,89.6656848516516,47.5594105442288,77.399679393291,88.5923301151078,139.792766166193,66.1391392983289,105.980453812467,26.1459100037451,75.4959823046811,47.2707783022516,67.3328686525059,70.7163391720495,135.633503179693,60.5157635562671,100.638160470743,39.0498055904147,84.3904621257746,110.896140440117,50.3474368066844,63.3637453084553,53.8224872403585,126.120901558596,25.7463804891534,80.9957485478065,76.4227106245682,102.169693592735,141.23934992324,8.15836908060161,82.574771342326,73.6559722666252,99.120741821055,137.221252665008,46.0173663321946,37.1103115677326,103.742085219476,98.2728144966573,36.7290889705185,89.2323768146643,52.8146255695373,141.93063191129,39.6528624910063,126.047497829631,101.011652794027,104.32503845006,130.120806938893,99.3681201123863,46.8765085676778,52.4453372971346,67.776717911179,20.005087436213,24.3718135773315,20.7282701822429,44.3118639610128,86.9791523066869,117.994045791824,96.8540035236561,92.0384102309799,48.2920964968013,77.6391069096081,57.3515431156095,128.484395513365,62.5377197408679,71.677580918443,85.0057701032804,40.3967447464367,96.6443523664436,147.571092338044,54.0890224836068,59.079412094293,86.9020604824815,73.8885424695424,84.2767839395802,61.232218008152,103.40793795386,123.013762294174,79.887965262238,20.469804812965,57.9793246564512,33.6778842643883,58.3708280322459,22.3533084013546,42.8484159016479,87.878510894559,60.033897059171,17.3914388283205,86.9180530536604,84.3846187780259,68.2837617194037,18.6583784093086,75.5133319341349,89.5493669127042,96.668767595211,65.548344601001
101.341781827537,77.3887182016245,62.9268107188553,61.8296405190698,74.7196905058646,30.2336644582696,141.755188830299,90.8037307017211,39.3917811331908,82.6999830467918,88.4275087022679,137.932794695754,47.6350201760999,102.937782524701,26.7622791429115,79.4978457289712,39.152717234504,68.3181568839779,50.9316310883051,131.69253638052,58.8560055661766,99.283086310233,43.4699540479602,74.2140624754116,115.797257051219,53.0162353269857,56.9750088217487,52.7225537354577,122.722518525681,24.9477983909093,81.2130623595026,77.6622189372248,104.161988158165,139.360131358752,8.99892294775196,83.8957631950128,72.9992723368505,96.2750110819256,133.523765800823,46.53158762511,34.5397695508812,101.88055874268,98.0899830471622,52.3249433993532,88.7739635731387,52.2212521685361,140.157124280227,39.2903899274319,124.472459402289,100.399013345258,109.241760321462,127.251678281298,95.942503657748,42.7319545381775,54.9336336659103,65.3037667073919,19.9678690136821,23.6951438177413,21.1855071685772,45.2382216283055,77.7848747751327,113.852150031267,101.915431775506,93.8331462046923,36.5364593387738,79.9165847168223,53.3459019544954,126.774884237457,64.7571801028007,63.1180916334782,73.1623690753704,53.8795339438211,91.8283422395742,143.28326697198,52.5013287372157,57.6312394054148,90.6017650383176,71.1863490762731,85.0790167370943,56.9555363442368,106.101212612591,128.450423943365,77.1109973466608,21.6505041719081,61.1043186715619,33.8314299469615,59.1116764261117,21.8384135387349,42.3670130705779,88.9098928334952,58.8042650481521,18.3133178584119,85.6452266456433,89.7908498700647,72.565198717347,18.7084393496036,71.750329105687,91.2371079259217,98.5537948822118,66.132342104389
99.6345517965011,73.9754754705503,55.7583328171135,55.6792163690662,71.1683027388243,27.3984667182086,139.367144027238,89.4873328412958,45.697638187759,62.2234730714725,84.52739821693,141.885519201763,72.1832085537517,103.440742025271,26.6070003038933,68.7406222157848,45.420304814358,67.6744574278065,77.1786919631545,135.470640082202,61.8659914805058,100.836074528408,38.3872826097847,69.7029035867003,113.846506322503,45.8423617709098,56.521712968979,55.1271871739903,123.060444633647,24.2569667014003,80.7218731675439,75.6752919665385,121.638490359311,143.35375889017,7.58311150559597,77.4830671140335,70.6029936127772,96.7454159255453,133.891433992774,44.5409716127267,34.0840698947815,107.375618925691,93.7637074684062,37.3525125555458,85.860598306736,50.9458563091633,144.323422843365,41.666404271203,128.172516972828,100.137248183772,107.482546154987,126.461276099684,94.7490091609026,45.1418259994321,48.235649933886,58.1536720299325,19.0871827153457,23.2583650473249,21.4248213159501,41.7590464116153,81.3689238821888,115.636863169934,105.595389987134,109.57665509103,41.4032935899254,78.4352142371873,47.6562065075845,130.407857764725,61.6228574499497,73.2991976020503,86.8302814860497,40.8195777177503,90.7902605907138,147.393895077522,53.0283443020738,51.1538425230827,89.3716460418589,72.3423811422436,85.2419504065446,50.8808493684576,105.273298277715,126.286514672177,77.4213036558403,20.6828555982568,57.2767173936655,33.3152294919045,58.2547239223748,21.3426247389374,41.3322865789607,90.9886714566836,59.356921402555,15.8352575831361,83.9989571220348,83.2859721493099,69.4879420036964,18.5952878079678,70.9392211391511,90.4367140797524,115.089343441201,59.8433934810768
100.40241996354,74.0215070553454,56.9204181386628,59.2975915321039,72.8389760874207,30.7576269740293,140.441225171782,90.4049575639268,48.4615374305904,73.9843965446441,84.5799957848912,136.926820523,62.2761333021745,102.617868521985,26.0716045092103,78.1072763888907,48.1674302909478,64.555472426242,66.5859914665025,131.620803182989,62.6916526413628,99.1863017702633,39.3960152388908,77.3377115342287,114.723903837295,52.0888799918042,50.3616375980605,53.5934651645267,124.336956735363,24.7643585522055,79.3462003665594,74.8779675844952,100.382347087192,138.343747306158,7.95675887817994,82.476699980944,73.6536193729851,95.9758038967569,135.280296484834,47.0823348320242,33.0135770837482,103.648804560146,93.8220523728976,33.5529947226028,86.1239667908228,52.9176024303062,146.907252314807,37.0512273412141,130.467195967122,101.033484668705,105.888840506456,131.332175334481,99.2416916410593,43.436668728841,56.058053138597,59.3675978856113,19.0990598038547,22.793709236449,20.9301162700002,46.1560135987276,90.0372079953174,120.438282868047,100.752247373141,90.4282993936333,53.6327950154918,78.4171209142808,51.172774494288,125.850287156842,62.2176079804883,62.6081448097061,76.9436255974468,41.1087702615973,92.5297113659288,143.205220279471,57.541150141448,56.1143016654387,88.2863508209,69.6061445584599,85.4634094885645,54.6353648689081,105.256942036581,127.259785418064,79.7059548228059,20.6879730240093,59.0924152072412,32.3256327149689,58.8520819303067,22.2751498770024,42.9319608536549,91.388338568316,57.5918885085906,17.9929829097659,82.2961769991743,86.2709130656265,67.7837004703538,18.2783844624421,72.2983458117843,90.4140470909532,94.9776537445113,61.6531792459495
96.937898716681,70.3360067338624,54.6141784002183,60.2756440711239,73.19310701291,48.6367278324561,135.595110817971,94.3971764485017,46.077372099151,79.3465243415011,80.3687926622208,144.99066460729,66.2984898914036,93.686903139266,26.767505306997,56.6861827355224,45.7977341671159,66.6194501858088,70.8867177210705,134.532096166325,66.5779594078964,91.0935742338926,40.3250588400126,81.4880321706928,110.765200426448,37.8033892130961,39.3679297722425,56.4756270724344,122.939449387956,23.7193476496771,74.7729201060095,69.2537981604661,99.9344400489843,146.49103652278,7.56677315224835,76.5789955897704,72.5014986054533,87.6229059606929,133.75978952326,46.0187758914956,35.9821906129625,110.00794629251,89.1506910626778,60.4265495672468,75.7540242049841,54.0710042862988,142.086768573158,34.4750099663394,126.186161592928,99.3747770911492,106.13823951164,125.493456035107,93.80777756422,41.1490737340864,50.233348291048,62.8805199303616,18.1481254896627,24.8251702942639,20.8419986633456,38.2578752654652,91.3087698226634,116.048703580231,95.0542097285824,90.0248074159413,44.3340706312113,76.2732808323331,51.10290318258,133.261816101425,61.7786970661776,60.3311535207173,84.7359476294242,47.6923784759069,86.0264641102445,146.37274655871,59.8812606875424,58.6989503293995,84.9035423138657,64.8718328156049,88.2668998855574,54.5607657359364,111.654119148731,122.868514464517,70.9563647568001,18.822909401162,57.5566343083084,28.6286091011312,61.4509481784611,26.2548944944642,43.8677138178074,98.6714766321009,63.6500005472891,13.0583674701681,83.7246363984222,79.8757451367744,59.9233720458649,17.2248724546754,67.2170155876837,90.8089933085784,94.553862502136,60.8757253911308
102.594343809337,78.1976592648142,55.9259968192871,61.2347684355213,69.6174644179281,15.5491967450784,143.507251573324,93.3943325855481,53.4563932028227,71.7600728161666,89.3518377849445,140.641461148217,70.8846452536045,101.70074038716,27.3745345726163,61.8345984232377,53.1319728947999,68.6797562360801,75.7902607899671,132.398247128699,65.617055932089,98.2169934048724,38.7883849285396,61.0375644770011,117.228485505697,41.2368107751296,50.1554561493203,62.1007456971887,123.021756009139,25.6779912628842,72.7852923186356,73.6423112158179,118.339717875979,142.096827250798,7.73040181573979,74.3986669399759,68.9274309739762,95.1180379805088,133.84934024421,54.4526875216066,34.6773569524042,109.237575296555,99.1153135736053,16.1546189585227,78.6742086588603,49.8931338484838,132.850392248288,37.3220110569774,117.983407126997,93.6244628733916,106.716088191784,118.247880323427,89.5227350768338,45.9317452823086,47.9563615208144,55.2423342306355,20.1765923207083,23.5717006234484,21.4927549939239,39.1071643658313,77.6576790745281,106.329159812133,91.8764002299398,106.604993295804,43.6474901639772,80.440510529941,49.4672077184965,129.264436317557,59.8564025742841,71.2029278662228,80.9781863590079,55.3871108680783,95.303915583367,144.05108984422,54.7808572825081,55.4635554375044,22.0594909804811,75.1685174512916,87.0421050544863,52.8143914308927,103.01952753994,130.038042738656,73.7596912252694,21.5871059582764,56.0949434843578,30.4009667869162,60.7981139669731,23.3396919914497,40.4782146369981,90.6115175500781,62.6561453386511,14.2443690792911,88.3167486660404,78.8618673249147,61.1882093148904,16.7669976642253,74.4659779474954,86.3892822939241,111.968180410099,61.8361519508858
101.343503820904,76.0161682699989,62.9130066714151,58.0609534581734,66.3112162224374,15.5491967450784,141.75759752581,88.611317268604,49.5763677735622,70.5762548177085,86.8591771179805,142.38077896624,62.2812943329963,101.836786839412,26.8620599540007,64.6007860388246,49.2754948650079,66.0526964957435,66.5915096696412,132.618354824338,65.8819528874729,95.8046290852503,44.734280318351,73.1564516500096,115.799224671138,43.0815507456506,49.8745849116961,58.6718659548347,122.151217485894,24.8772130537597,78.0559764038669,72.6568453371261,98.504003445913,143.854143631786,7.4639274186828,78.7805569928262,67.5577367440545,95.2452786629577,132.902182515582,46.673619364338,34.7537269401674,106.791542509672,96.3502798623418,16.1546189585227,81.6126276402229,46.6561277296446,137.28407081522,36.6444713403168,121.920922813476,97.3530919545675,106.473826969707,122.132987185506,90.7917034102499,46.8510445973382,52.1485179154346,61.0970763980216,19.6137231137845,23.5377756394027,21.0768988028677,39.6420278294934,88.4358695429854,111.906746438897,93.7935246309244,88.7362148181434,44.17418178877,78.6226805078519,47.6651837144705,130.863054075708,64.2535042055503,64.7314955691433,84.850967567213,50.1529279088751,88.8720761948254,144.290570004475,54.7808572825081,56.305403350128,22.0594909804811,69.5046272153634,86.3351973005174,50.8904340153438,104.677539957233,128.452606565124,71.0749273433983,20.2875036336708,53.7301132054908,30.4009667869162,57.6844527597582,20.2531357518244,37.8520370780266,93.4418146341865,62.4748279833169,14.8815948128405,82.9307365340078,87.2783615418113,68.5347498503254,17.9811653199525,69.4404424578228,85.0678738777811,93.2004421415623,65.1120213381481
98.9739824212148,79.0679972149433,59.9184410761691,61.6321644287032,74.0738545404508,27.9409140535998,138.995896495344,98.0872343830063,47.2783179414217,77.934134500018,77.9167905772086,140.220401135206,56.9434796800262,106.712262977535,77.1993188671984,64.9993933984993,47.8596675607236,18.6569677907174,71.2046449233885,130.282717453261,57.763559985012,96.6679523735011,33.6205132805975,82.2621609074626,97.5329505304411,51.3958343237248,54.5539627775825,61.3291174082216,121.145391053861,76.019654193473,69.7344992772995,65.7972739849757,102.600205549172,140.902643717134,8.15836908060161,71.0939825328716,63.4152092781032,85.3394829088588,137.641021210553,46.5210652263108,10.2827326605653,99.6494262833775,97.8313185985481,35.7088032041641,76.8259473868699,53.4433286430088,142.364806747685,10.9872368890512,143.627360788511,86.9674909493096,109.397619633781,112.029451917296,85.5524669430501,47.2198026727731,50.4720949700232,58.3533774418441,20.005087436213,8.65047318823665,61.2030080090996,13.6854596921123,84.3136790533223,101.588735810485,83.3879007209556,93.1850050851052,41.5778016579202,23.9783835109688,15.8912862925535,123.415644404935,19.3144085182984,61.7118837022108,86.4518129418626,38.8859920891504,97.8483270638068,148.022521701879,61.6328263608311,50.8653021159631,86.3884391803924,70.9736154852473,101.651388371279,71.8263766444917,104.424938291366,122.461116359059,79.529064286905,93.9475502548844,17.9065748906407,12.9672301423711,20.718002017616,34.190049934042,13.2334823289944,87.4837119637396,59.7641915517538,70.3983263241606,83.020647635909,87.2707787478816,65.5899451549869,85.6338865611913,17.5553648392811,85.4767406590237,95.3972460078004,62.6272394760953
103.348192627146,78.920895327066,64.1726644065882,63.0537719309737,76.1990250041422,30.8322443311206,145.138897455384,99.3321673829501,39.1589620515153,83.2710374569917,77.7718304492811,138.354739893658,41.0120819870409,103.648581638815,79.0192317219275,68.4448574762132,39.6404734223113,18.9299769639047,51.2833207922218,126.497223073534,56.1792863249424,95.3663363284737,37.4261061042299,72.3424068924987,101.843473530406,54.1202059162543,49.0534846919687,60.0757760165084,117.881075334694,73.6617330488216,69.9215988487755,66.8644471771852,104.600895036824,139.027905097886,8.99892294775196,72.2313101957196,62.8498136666132,82.8894085317564,133.932223498719,47.0409151050672,9.57047250333677,97.8613376303332,97.6493085291612,50.8714253167645,76.4312696607792,52.8428917500884,140.585873843901,10.8868009640867,141.832651521331,86.4400298669264,114.553406558224,109.559232752873,82.6031312993493,43.0448965328011,52.8667698279017,56.2242531726672,19.9678690136821,8.41029764307043,62.5530617613248,13.9715598328639,75.4011598534423,98.0227088016638,87.7456129601655,95.0020994962005,31.4566102917238,24.6817691947155,14.7813808389515,121.773573903761,19.9998758538227,54.3424635775962,74.4069424699365,51.8645535390903,92.9723201115356,143.721579605116,59.8236967354036,49.6184762129174,90.0662771997992,68.3780244984617,102.619010459501,66.8097602622456,107.144700870572,127.873353513747,76.7645720488606,99.3664496226966,18.8717109921036,13.0263509050551,20.9809569736495,33.4025029299179,13.0848038837348,88.5104603639117,58.5400837285974,74.1299750642345,81.8048947628387,92.8619161414667,69.7024780736272,85.8636446242084,16.6805406744267,87.0877246990005,97.2574788037996,63.1852116372651
101.607162077608,75.4400756602619,56.8622617111489,56.7815788795929,72.5773252429679,27.9409140535998,142.693849816209,97.8921312566387,45.4275493049628,62.6531344499435,74.3416904866093,142.319556035508,62.1472113657141,104.155014141801,78.5607500471656,59.1832652475386,45.9861412694015,18.751617118839,77.7116211222098,130.126279357829,59.0523807337197,96.8580586573494,33.050104226514,67.9450180284678,100.127791870378,46.7969489615233,48.6632128581487,62.8157840324315,118.205670148011,71.6219594905737,69.4987021786935,65.1537727296296,122.15103789294,143.0120120589,7.58311150559597,66.7102037396116,60.7867017138486,83.294410606749,134.30101641107,45.0285101211724,9.44420469422307,103.139615905455,93.34246897584,36.314908902251,73.922964327388,51.5523136322401,144.764917379514,11.5451603058043,146.048756662429,86.2146592420271,112.708654376986,108.878724190995,81.5755743890183,45.4724163789709,46.420796011105,50.0682723828406,19.0871827153457,8.25526843153104,63.2596689962547,12.897036941394,78.8753758938352,99.5592842307441,90.9139279378064,110.941737653238,35.6467839200267,24.2242565970517,13.2048482061323,125.263225446133,19.0318586572225,63.1080388026766,88.3073612956017,39.293012003273,91.9213062632407,147.844782383659,60.4242152381775,44.0416646356633,88.8434286330309,69.4884507241871,102.81553473271,59.6840547282468,106.308644132176,125.719165721199,77.0734842902773,94.925361208185,17.6895787520287,12.8275946516108,20.676792302701,32.6441792170491,12.7652346662032,90.5798999624684,59.0902572446407,64.0991031144264,80.2324439631313,86.1345557223443,66.7466201361931,85.3443279897131,16.4919740212031,86.3237320592671,113.575528914474,57.1765245547385
102.390232848699,75.4870185993591,58.0473545277035,60.471592283771,74.2810753442007,31.3665804956484,143.793569370625,98.8959408120251,48.1751129451622,74.4952686679054,74.3879499504069,137.345688381883,53.617566978719,103.326458587253,76.9799218920938,67.2476260365451,48.767489848359,17.8873913123576,67.0457766161918,126.428319773929,59.8404915529463,95.2733699700216,33.9185876476391,75.3872784931766,100.899461362807,53.1735400244192,43.3596039749259,61.0681535899752,119.431823432965,73.1201022316495,68.3142961368205,64.4673043959176,100.805327710081,138.013944044395,7.95675887817994,71.0095465297228,63.4131835191863,82.6318016374193,135.694127521889,47.5976907047637,9.14758655964281,99.5598255763358,93.4005517627137,32.6209366756005,74.1497153568248,53.5475313359816,147.35665094976,10.2663612726658,148.663474871693,86.9862874278442,111.037458210309,113.072397627673,85.4436164626181,43.7547716075581,53.9488833071239,51.1134199766747,19.0990598038547,8.09034460996208,61.7989857543242,14.2550145082982,87.278020726247,103.693138222728,86.7441519783187,91.5548358308863,46.1759558039007,24.2186685802273,14.1792385295327,120.885452478096,19.2155438756938,53.9034172442839,78.2525223774484,39.5713893587471,93.6824267446453,143.643294162807,65.5664227680435,48.3124460122133,87.7645478830459,66.8601595618031,103.082650088831,64.0881618017002,106.292127030056,126.688063995979,79.3478715391493,94.9488479789409,18.2503463889444,12.4465633179934,20.8888171245304,34.0705041467969,13.2592846981788,90.9777715481326,57.3331538557658,72.8333000466913,78.6060164993896,89.2215889051167,65.1096114845296,83.8898787044486,16.8079437828202,86.3020959451335,93.7283760298781,58.9056587866864
98.8571194306757,71.7285510622457,55.6954548034736,61.469008752865,74.6422175152056,49.5996599441763,138.8317778478,103.263115501957,45.8050388573036,79.8944226721889,70.6842045882421,145.434200278463,57.0806749528256,94.3338236977064,79.0346626748999,48.8048155597941,46.3682725564126,18.4592898123268,71.3761999590088,129.224761304081,63.5500525142005,87.4999031618219,34.7184616100702,79.4329293334994,97.4177890304564,38.59057882791,33.8944070457087,64.3522910407438,118.089448204037,70.0345668698114,64.3768622005693,59.6250917407203,100.355533328097,146.14181060831,7.56677315224835,65.9318298596771,62.4212479389702,75.4402494198111,134.168969232745,46.5224902144274,9.97014659764557,105.668097103211,88.7501767941146,58.7479795247702,65.2215584260819,54.7146632389827,142.521421041539,9.55252855549797,143.785364007157,85.5581983683293,111.298983707079,108.045465053276,80.7652069897975,41.4504237039258,48.3433314813774,54.1379226719767,18.1481254896627,8.81138653644061,61.538806658895,11.8157207359195,88.5106155833374,99.9138643822846,81.8383413755316,91.1463172363271,38.1700801810255,23.5565561253406,14.1598781957445,128.004594200068,19.0799888100908,51.9430075901563,86.177400487167,45.9087845757786,87.098163423823,146.820510106536,68.2329088742824,50.5377378777816,84.4017329469403,62.3126179539389,106.464111480905,64.0006558187964,112.752219343988,122.31652106308,70.6375894765222,86.3890126489517,17.7760294519102,11.0230725884078,21.8112524914406,40.1576418873341,13.5482865213463,98.228189722933,63.364049500703,52.8586060935175,79.9704237805093,82.607690620614,57.5593755678122,79.0547142659928,15.6266344210408,86.6790803569956,93.3101590771792,58.1628514885964
104.625553402121,79.745852174231,57.0332452016776,62.4471222987055,70.9957827179481,15.8570468313109,146.932782087711,102.166082883539,53.1404473883117,72.2555856874903,78.5847761689135,141.071692329196,61.029193900116,102.402997560367,80.8269982957124,53.2374209309552,53.7938796634828,19.0301709345512,76.3136026466374,127.175093303626,62.6328500812676,94.3423011342784,33.3954392577821,59.4982160771121,103.102236310558,42.0954954027762,43.1820889775841,70.7619457828614,118.168507802298,75.8177257968297,62.6655843744207,63.4034475924008,118.83836538754,141.758076869765,7.73040181573979,64.0546433482934,59.3441010376467,81.8932952622188,134.25879389505,55.0487181220606,9.6085959899785,104.928117493105,98.6700327031359,15.7058648988321,67.7357348407639,50.4870596078241,133.256790053629,10.3413915389288,134.438570176071,80.6073794691647,111.904929039622,101.807278441154,77.0759356688038,46.2681205345182,46.1520157527436,47.5617126275317,20.1765923207083,8.36648301109347,63.4602523252332,12.0780187010928,75.2778620608871,91.5456780265276,79.1023588312665,107.93305553015,37.5789584745833,24.8435806139644,13.7066505492837,124.164912346204,18.4862994133116,61.3032240685822,82.3557155117177,53.3157502807689,96.4911914056204,144.491751296391,62.4211514603277,47.7521763292335,21.9291117418541,72.2030950384927,104.986811455579,61.9521306685295,104.032707923873,129.453839846316,73.4283218502438,99.0754792438553,17.3245948006596,11.7054958019847,21.5795370786782,35.6987529677918,12.5014595484113,90.2044404400481,62.3746592399774,57.6593893480953,84.3566257383362,81.5591357124151,58.7743145960144,76.9532670231244,17.3118756317413,82.4603739025356,110.49541974462,59.0804774717255
103.349948713323,77.5211710261313,64.1585870603234,59.2104706854541,67.6240759133231,15.8570468313109,145.141363646665,96.9338388514232,49.2833542543506,71.0635932679018,76.3924857198924,142.816330831126,53.6220104452783,102.539983431512,79.3138479984696,55.6190114679716,49.8893584541867,18.3022505304363,67.051332923259,127.386517679226,62.8856997566739,92.0251053701074,38.5146466877742,71.3114686833083,101.845204048488,43.9786488641787,42.9402686911087,66.8548396813095,117.332312306368,73.4533203391789,67.203458548341,62.5549960275032,98.9190693010521,143.511203913066,7.4639274186828,67.8272970270645,58.1648423358123,82.0028450279455,133.308738750647,47.184501501497,9.62975701327053,102.578581493635,95.9174210543512,15.7058648988321,70.2656105441941,47.2115203047805,137.704031525485,10.1536550452424,138.925251751272,83.8175983587785,111.65088838535,105.152219213026,78.1684729058329,47.1941522203089,50.1864433412191,52.6024403294232,19.6137231137845,8.35444175844039,62.2323809414625,12.2432081496606,85.7257552379653,96.3477845267667,80.7529357140278,89.841671627205,38.0324214943959,24.2821544569356,13.2073356608193,125.700464114892,19.8443185025054,55.7315477900746,86.2943770422199,48.2773146735856,89.979225535896,144.731964041699,62.4211514603277,48.4769778614991,21.9291117418541,66.7626471108438,104.134166737991,59.6952976732136,105.70702662501,127.87552632996,70.7556194143312,93.1108666929377,16.5942308175828,11.7054958019847,20.4743816209277,30.9777734124513,11.6903799883356,93.0220222624693,62.194156462602,60.2387978476104,79.2121223852738,90.2634945786648,65.8310317226742,82.5257713970814,16.1435374486121,81.1990619761049,91.9745407766516,62.2103605810138
