"ENSBTAG00000001725-ENSBTAG00000014798","ENSBTAG00000009476-ENSBTAG00000015910","ENSBTAG00000009476-ENSBTAG00000013745","ENSBTAG00000011851-ENSBTAG00000011425","ENSBTAG00000010138-ENSBTAG00000019866","ENSBTAG00000005339-ENSBTAG00000019866","ENSBTAG00000040584-ENSBTAG00000021923","ENSBTAG00000001725-ENSBTAG00000039292","ENSBTAG00000021105-ENSBTAG00000000477","ENSBTAG00000021457-ENSBTAG00000023147","ENSBTAG00000000575-ENSBTAG00000019289","ENSBTAG00000014906-ENSBTAG00000011515","ENSBTAG00000005710-ENSBTAG00000014064","ENSBTAG00000005339-ENSBTAG00000003166","ENSBTAG00000005111-ENSBTAG00000002081","ENSBTAG00000005198-ENSBTAG00000019866","ENSBTAG00000010452-ENSBTAG00000011515","ENSBTAG00000003505-ENSBTAG00000011628","ENSBTAG00000011104-ENSBTAG00000023147","ENSBTAG00000021316-ENSBTAG00000019289","ENSBTAG00000017745-ENSBTAG00000015361","ENSBTAG00000014583-ENSBTAG00000012100","ENSBTAG00000014583-ENSBTAG00000011515","ENSBTAG00000010312-ENSBTAG00000014064","ENSBTAG00000021302-ENSBTAG00000019289","ENSBTAG00000001941-ENSBTAG00000023144","ENSBTAG00000012413-ENSBTAG00000014064","ENSBTAG00000010562-ENSBTAG00000011515","ENSBTAG00000015991-ENSBTAG00000021190","ENSBTAG00000016542-ENSBTAG00000019289","ENSBTAG00000017246-ENSBTAG00000010444","ENSBTAG00000000575-ENSBTAG00000012897","ENSBTAG00000018103-ENSBTAG00000011154","ENSBTAG00000025644-ENSBTAG00000011425","ENSBTAG00000010673-ENSBTAG00000006359","ENSBTAG00000007737-ENSBTAG00000010444","ENSBTAG00000013155-ENSBTAG00000019289","ENSBTAG00000014906-ENSBTAG00000020755","ENSBTAG00000021048-ENSBTAG00000020704","ENSBTAG00000015978-ENSBTAG00000039292","ENSBTAG00000013688-ENSBTAG00000019866","ENSBTAG00000047567-ENSBTAG00000019866","ENSBTAG00000005077-ENSBTAG00000014798","ENSBTAG00000025644-ENSBTAG00000012100","ENSBTAG00000005198-ENSBTAG00000014064","ENSBTAG00000005710-ENSBTAG00000009851","ENSBTAG00000025644-ENSBTAG00000011515","ENSBTAG00000021326-ENSBTAG00000014798","ENSBTAG00000007740-ENSBTAG00000011154","ENSBTAG00000002317-ENSBTAG00000011154","ENSBTAG00000011412-ENSBTAG00000015910","ENSBTAG00000015089-ENSBTAG00000023144","ENSBTAG00000003806-ENSBTAG00000016455","ENSBTAG00000015327-ENSBTAG00000011425","ENSBTAG00000032436-ENSBTAG00000010444","ENSBTAG00000039355-ENSBTAG00000011515","ENSBTAG00000021217-ENSBTAG00000019289","ENSBTAG00000005305-ENSBTAG00000020979","ENSBTAG00000004129-ENSBTAG00000014798","ENSBTAG00000008300-ENSBTAG00000019289","ENSBTAG00000012829-ENSBTAG00000016933","ENSBTAG00000024394-ENSBTAG00000019866","ENSBTAG00000005898-ENSBTAG00000017851","ENSBTAG00000005947-ENSBTAG00000015910","ENSBTAG00000016648-ENSBTAG00000015910","ENSBTAG00000005947-ENSBTAG00000018517","ENSBTAG00000002080-ENSBTAG00000022799","ENSBTAG00000000575-ENSBTAG00000015296","ENSBTAG00000005691-ENSBTAG00000014064","ENSBTAG00000020645-ENSBTAG00000014798","ENSBTAG00000005947-ENSBTAG00000013745","ENSBTAG00000032436-ENSBTAG00000014064","ENSBTAG00000005691-ENSBTAG00000019866","ENSBTAG00000007737-ENSBTAG00000014064","ENSBTAG00000017246-ENSBTAG00000014064","ENSBTAG00000003832-ENSBTAG00000022799","ENSBTAG00000025868-ENSBTAG00000013755","ENSBTAG00000017122-ENSBTAG00000019289","ENSBTAG00000010123-ENSBTAG00000014611","ENSBTAG00000011802-ENSBTAG00000019289","ENSBTAG00000019604-ENSBTAG00000009851","ENSBTAG00000003837-ENSBTAG00000002606","ENSBTAG00000009615-ENSBTAG00000013290","ENSBTAG00000010963-ENSBTAG00000009024","ENSBTAG00000000575-ENSBTAG00000012119","ENSBTAG00000021466-ENSBTAG00000019289","ENSBTAG00000007773-ENSBTAG00000010347","ENSBTAG00000013363-ENSBTAG00000009851","ENSBTAG00000025644-ENSBTAG00000020661","ENSBTAG00000013760-ENSBTAG00000019289","ENSBTAG00000021316-ENSBTAG00000003585","ENSBTAG00000003837-ENSBTAG00000011761","ENSBTAG00000003329-ENSBTAG00000002081","ENSBTAG00000013472-ENSBTAG00000019289","ENSBTAG00000006655-ENSBTAG00000008218","ENSBTAG00000020194-ENSBTAG00000014064","ENSBTAG00000005691-ENSBTAG00000011154","ENSBTAG00000007897-ENSBTAG00000017489","ENSBTAG00000005111-ENSBTAG00000008997","ENSBTAG00000010562-ENSBTAG00000020755","ENSBTAG00000002006-ENSBTAG00000014269","ENSBTAG00000038045-ENSBTAG00000018572","ENSBTAG00000018200-ENSBTAG00000020892","ENSBTAG00000018255-ENSBTAG00000015127","ENSBTAG00000017745-ENSBTAG00000018474","ENSBTAG00000007737-ENSBTAG00000002081","ENSBTAG00000010123-ENSBTAG00000014269","ENSBTAG00000013103-ENSBTAG00000019289","ENSBTAG00000004226-ENSBTAG00000026278","ENSBTAG00000010303-ENSBTAG00000020892","ENSBTAG00000000575-ENSBTAG00000015910","ENSBTAG00000007773-ENSBTAG00000003418","ENSBTAG00000019269-ENSBTAG00000019289","ENSBTAG00000019716-ENSBTAG00000039292","ENSBTAG00000016267-ENSBTAG00000020755","ENSBTAG00000000575-ENSBTAG00000013745","ENSBTAG00000017753-ENSBTAG00000014420","ENSBTAG00000019866-ENSBTAG00000009851","ENSBTAG00000015978-ENSBTAG00000013290","ENSBTAG00000018200-ENSBTAG00000007626","ENSBTAG00000000793-ENSBTAG00000019289","ENSBTAG00000025644-ENSBTAG00000011628","ENSBTAG00000012849-ENSBTAG00000019289","ENSBTAG00000011966-ENSBTAG00000019289","ENSBTAG00000003835-ENSBTAG00000002081","ENSBTAG00000020457-ENSBTAG00000008997","ENSBTAG00000007773-ENSBTAG00000015910","ENSBTAG00000001745-ENSBTAG00000019289","ENSBTAG00000001764-ENSBTAG00000021190","ENSBTAG00000038735-ENSBTAG00000017489","ENSBTAG00000017746-ENSBTAG00000009851","ENSBTAG00000005077-ENSBTAG00000009851","ENSBTAG00000020645-ENSBTAG00000021527","ENSBTAG00000021048-ENSBTAG00000008483","ENSBTAG00000031998-ENSBTAG00000015708","ENSBTAG00000010312-ENSBTAG00000014420","ENSBTAG00000017753-ENSBTAG00000039292","ENSBTAG00000009812-ENSBTAG00000039292","ENSBTAG00000014575-ENSBTAG00000019289","ENSBTAG00000003505-ENSBTAG00000006161","ENSBTAG00000034077-ENSBTAG00000018999","ENSBTAG00000005947-ENSBTAG00000015739","ENSBTAG00000021048-ENSBTAG00000019903","ENSBTAG00000020645-ENSBTAG00000011628","ENSBTAG00000005198-ENSBTAG00000010543","ENSBTAG00000005359-ENSBTAG00000008997","ENSBTAG00000012829-ENSBTAG00000017745","ENSBTAG00000017745-ENSBTAG00000016933","ENSBTAG00000000575-ENSBTAG00000015127","ENSBTAG00000011851-ENSBTAG00000015510","ENSBTAG00000011412-ENSBTAG00000019929","ENSBTAG00000005947-ENSBTAG00000002402","ENSBTAG00000022635-ENSBTAG00000012897","ENSBTAG00000023600-ENSBTAG00000005910","ENSBTAG00000011808-ENSBTAG00000018105","ENSBTAG00000009357-ENSBTAG00000012119","ENSBTAG00000006045-ENSBTAG00000011944","ENSBTAG00000015150-ENSBTAG00000016933","ENSBTAG00000034077-ENSBTAG00000003848","ENSBTAG00000019964-ENSBTAG00000003166","ENSBTAG00000003253-ENSBTAG00000007665","ENSBTAG00000017468-ENSBTAG00000013557","ENSBTAG00000020457-ENSBTAG00000013843","ENSBTAG00000011851-ENSBTAG00000007338","ENSBTAG00000011082-ENSBTAG00000012687","ENSBTAG00000005108-ENSBTAG00000009851","ENSBTAG00000032436-ENSBTAG00000007909","ENSBTAG00000045582-ENSBTAG00000012314","ENSBTAG00000038221-ENSBTAG00000006359","ENSBTAG00000017122-ENSBTAG00000011154","ENSBTAG00000007737-ENSBTAG00000007909","ENSBTAG00000011412-ENSBTAG00000019289","ENSBTAG00000000575-ENSBTAG00000020679","ENSBTAG00000007148-ENSBTAG00000034848","ENSBTAG00000003253-ENSBTAG00000011434","ENSBTAG00000000130-ENSBTAG00000010785","ENSBTAG00000016515-ENSBTAG00000000815","ENSBTAG00000005111-ENSBTAG00000018114","ENSBTAG00000017473-ENSBTAG00000015910","ENSBTAG00000016177-ENSBTAG00000011628","ENSBTAG00000005691-ENSBTAG00000027464","ENSBTAG00000007740-ENSBTAG00000015127","ENSBTAG00000018773-ENSBTAG00000019866","ENSBTAG00000001725-ENSBTAG00000015127","ENSBTAG00000001460-ENSBTAG00000020661","ENSBTAG00000020457-ENSBTAG00000013222","ENSBTAG00000012638-ENSBTAG00000014420","ENSBTAG00000019993-ENSBTAG00000027516","ENSBTAG00000010123-ENSBTAG00000018517","ENSBTAG00000005198-ENSBTAG00000027464","ENSBTAG00000017473-ENSBTAG00000019289","ENSBTAG00000000073-ENSBTAG00000014611","ENSBTAG00000017246-ENSBTAG00000007909","ENSBTAG00000019770-ENSBTAG00000012314","ENSBTAG00000021048-ENSBTAG00000017981","ENSBTAG00000034077-ENSBTAG00000017846","ENSBTAG00000016542-ENSBTAG00000019569","ENSBTAG00000008096-ENSBTAG00000019733","ENSBTAG00000000575-ENSBTAG00000019929","ENSBTAG00000015362-ENSBTAG00000006420"
12.4142550209969,59.1768825112811,59.9531606040859,97.292189587587,9.24341621163022,12.4367621076599,108.924714008489,12.4142550209969,18.5395791542722,64.6977610203969,14.6458413982401,18.9276413989941,50.2692319550015,12.4367621076599,11.1515458222435,10.9713816182355,14.4625121056921,152.834232155714,111.828841569091,14.342661433586,20.9046734980988,68.3810242243982,18.6210757241755,51.7934922701328,8.82601480275411,15.0962840312158,57.0221687861491,15.802942821396,18.8924772587446,13.3782237511354,147.553145910692,74.9902251481342,132.192936629067,143.923361090308,88.8192099060901,148.869557525051,13.6613916628369,18.9276413989941,14.9344233608025,24.4366445780169,16.4313366584767,17.612750176594,15.6259909264136,95.65229088878,46.7201104273177,11.8048292777887,26.0474096729795,9.19471792402613,111.37713778301,125.791410307165,130.710943319687,24.4367849964755,29.9009051892349,134.366869634624,137.986098697497,7.06936369174073,10.4314522861459,14.5521619449655,10.1232722466862,17.416548503585,8.32360639516881,10.3921701810391,74.022399177723,84.3672603654856,121.274935966644,15.0248150779192,47.0008486816595,45.1579852734011,62.0746843011495,20.9998538131751,85.4739840250024,108.33172884978,14.5771284372049,116.876241099807,115.842737381624,67.9258469751332,92.0430887618057,17.7684695826085,24.1822834468228,19.5191197650715,18.4173204737031,34.7723930020255,26.583361185864,31.8332606657886,69.2100471707123,29.6131621219434,103.176938369545,23.5548450527453,146.01683927017,10.8316666831723,52.4877216133027,39.4541153052573,20.0318654418391,27.4360393944336,106.274432570459,62.1876788569003,78.730851099754,45.579631505897,11.1515458222435,15.802942821396,13.9028354696732,51.8902746370376,40.9719827384384,86.7225093633167,89.053795197724,27.4462930734239,24.1822834468228,22.0943574482581,55.1545103406616,69.4104773581372,82.2392494089885,97.9616661715759,17.2131503355815,8.99454851988599,17.3201930076202,83.3180579736799,83.4059235996763,17.8486310705599,24.4366445780169,8.88286332811882,12.4717521954931,143.050877687843,22.0392898589071,16.1959410756021,15.6351137536372,9.55033957792913,94.3466297661648,22.2506657280599,9.0655296876217,33.8705962901885,12.7208595284643,15.6259909264136,104.049562166803,63.0119619951151,17.2679797015305,41.5246405820616,24.4300114052223,9.64938320651939,16.9654409357031,146.048639641139,78.1023647640516,15.0248150779192,14.9344233608025,115.329990851542,10.9713816182355,12.347102754743,38.3415517004682,20.9046734980988,77.1548783167598,73.6513068945003,114.761423476354,82.8555280492096,92.9190679504871,20.5869962257391,41.411723212596,45.6923774188525,25.6711524286312,10.2426818407641,72.4811177960735,17.2811955068489,33.0497416456099,115.524862859582,9.55033957792913,17.6080484847691,74.014549924281,15.334846051293,83.2073622938456,109.571159878407,44.2034179909703,95.9672365517761,89.7702255838622,23.2780790028131,14.6458413982401,51.4128951084717,10.2333942941778,50.583684318959,71.2952167743109,53.1000743346917,91.7192149410116,71.6162701798393,14.5771284372049,108.635595887707,9.31423784908863,65.3987920184182,110.042916530183,41.8985059811491,38.9182142156252,6.5777170766271,24.1822834468228,10.9713816182355,16.3341115689989,19.7785227431132,88.9764127349032,38.5656154631646,14.9344233608025,81.3137755602887,75.895539696788,65.9901990920214,72.2043088979907,44.3397965438756
11.2556741206043,50.9867692255518,51.6556100007505,97.8678278365429,9.82455177555015,12.7836715445014,114.009714811086,11.2556741206043,18.0906318520441,63.5437915423686,11.7056450789672,17.7010477893767,46.4065047787293,12.7836715445014,9.06218704821144,9.40292941931486,13.3207663986915,150.355879233344,112.784764241565,9.17251013482178,20.5375213024486,72.6124587367678,19.7733524467083,53.85733000972,7.68184854203767,14.7042059722708,45.4876673801081,13.3796597042212,17.2871992729703,12.4861818510493,148.355726455937,59.9357139072518,136.148430242685,148.106719537825,89.7017946823741,152.665634818214,8.40990555300608,17.7010477893767,16.3751269631336,24.2986241070174,15.0503750220985,17.5996555280641,19.5221147376767,98.4325748960639,40.0410737769339,10.8977369453778,26.8045185291507,11.006443567506,105.062781573413,129.781647451055,132.010850896588,24.9384935211154,28.4849827268238,132.494791502588,137.185797948627,7.06936369174073,9.8228494116273,16.0969138077123,12.1246754553126,17.438715319955,7.44389805212855,10.090165514465,74.2637184324763,82.661656705416,124.186820898036,14.7210671610406,66.7885287768171,36.0923851158994,61.2582134709673,22.3374939785764,83.7460063786711,107.703419443663,14.3853948780126,119.856509546394,116.472836636754,64.7343024702347,97.6399799505661,16.8989961141274,20.8687651803633,18.9175643563962,19.0538844115413,72.2180589461283,26.690349273565,26.1696037060726,55.3159238892407,28.6986510706559,85.1268027202522,24.3744813897803,150.261047947713,14.7633338356064,33.5672818243017,81.9414305082898,13.8580093137623,26.5182460592742,117.825898702815,60.1205825989291,77.6953010348273,45.6039629537941,9.06218704821144,13.3796597042212,14.7553661802654,51.3326229682355,39.4004213677221,98.1732620864253,87.489728844772,28.1461557696637,20.8687651803633,21.618405960829,56.3608411981014,60.1878931562767,65.7294749387335,80.8239085411403,16.4679040361746,8.98784545485546,17.7576035569521,66.5917094681846,82.7223429122007,16.5091065678277,24.2986241070174,8.54214354999766,12.3999477402523,147.208876035482,21.3711148961452,15.4425545611888,14.6578660058593,8.99482021202471,77.8412992897614,20.4511861975628,7.06936369174073,35.4677453711198,13.1603958699405,19.5221147376767,110.677268949191,69.0906406587037,16.5221649600003,43.1792909367639,24.2297872092578,10.405674312003,20.9690531424268,143.680321576805,86.8320799146529,14.7210671610406,16.3751269631336,122.676233802129,9.40292941931486,14.9288023363227,34.2892958254681,20.5375213024486,61.6658064995448,74.0870716718559,115.902714634723,81.1804861990236,89.9148406189984,18.7911009181841,38.8040639693241,43.7960563029759,25.7283828733759,9.59961659361123,80.5825307823309,16.6900225571627,25.987392008378,122.704103556815,8.99482021202471,17.7122281341353,65.6958852449589,20.0321699283832,82.7247708227925,111.500704351649,47.1662967929171,91.2712234462413,92.0593081915246,23.5095772270853,11.7056450789672,49.4683184178866,8.04663564244298,52.6696651499682,63.7560678132719,43.1512198905262,82.2263828327342,70.3290984397295,14.3853948780126,102.476667196136,9.1789767727461,59.2953414921376,114.615502329388,39.4613746849196,39.4196966626575,6.57460031516782,20.8687651803633,9.40292941931486,14.6435500125998,20.2066375674298,89.4603789519972,41.1995858913214,16.3751269631336,90.4024388882904,70.834927563325,64.3208217202907,57.7090786490122,51.3418528426744
13.6497129122788,52.6350020974101,53.325464272993,100.133710313318,8.65011695492578,12.9331729429822,108.532088971402,13.6497129122788,18.2346309275758,65.705502418146,12.1761285325244,17.7073692981287,44.0434641120048,12.9331729429822,10.3179229787039,9.98511102870764,14.3585120532444,153.816666367937,109.497000869974,11.2224877385149,19.9810608562226,73.2912159308316,19.9581871907378,52.848355976745,7.70846502705226,14.7471727660862,54.1311062000706,15.1346297936111,20.1009468087307,12.5955657170325,148.85961480766,62.3447021757556,130.851259006883,142.688711866879,82.8100924183364,150.390370943111,9.71646991470131,17.7073692981287,17.2505026657192,24.9684583091552,14.1776041193833,18.0143615787871,17.8547128631593,94.8317359366833,42.5202135996136,10.3428191445225,25.8239614858231,10.6900208204368,107.893015751416,127.79860513995,129.264488630051,24.4201030184686,28.9353648189895,135.715364636062,141.019146025668,13.2630181423894,10.9616942104443,21.8508410830315,10.0986987628313,17.7358218856099,8.05447073307629,9.42589289766773,72.6526854869368,85.5316665624159,120.518098078447,15.2321821028607,53.7773263933561,37.5430416053018,61.5084277119168,22.5765392002982,86.6536648187591,110.712948870097,14.4441532135273,118.070218959835,116.868435155769,65.9541539000593,95.2794549034826,16.4507555284534,23.3133614795706,18.9658307184354,19.01562689818,45.7063012051974,25.5428339528816,30.0791328050895,57.5392295449777,28.3965074918221,95.145646834939,23.7888806840967,144.764231105333,10.2349164271955,41.0692823612582,51.860154629612,16.8336433846741,26.7237546884698,107.754676494214,62.6939819999181,78.0126539198079,47.5888359913526,10.3179229787039,15.1346297936111,16.4159032654966,55.0134431290179,48.5652489628125,90.5500501859515,85.1192103758588,27.7266774009923,23.3133614795706,22.4656371281728,51.0547268563429,69.0798083904417,68.3713310825903,90.3363313567189,16.5787003074389,12.0361809031921,18.0377239712071,69.2682212911139,83.5070542308084,17.164177879448,24.9684583091552,10.5291089227177,14.3863643033053,141.82371307947,21.5694867173166,16.2571095693712,15.0979162070422,10.3041850449546,87.0026893378721,22.0626403592727,12.4306586980335,38.7795415475381,12.8984772785943,17.8547128631593,111.861684368436,72.7840635094008,17.4006623768265,42.3703614315396,24.4596330719499,12.4284930799946,17.0406858929327,146.987455364607,71.2671354047188,15.2321821028607,17.2505026657192,123.989056428398,9.98511102870764,14.1536734673513,37.1018151712939,19.9810608562226,64.1443321521316,75.8023707764528,113.491467075147,83.9990698673566,94.7348443168137,19.7931983067592,43.1733667544368,43.9945902289261,24.9352024766994,12.7702823169113,66.1378391277046,17.0404281120001,26.2063059194122,115.926714467694,10.3041850449546,18.1223100603513,63.0774615947209,12.9811202848113,85.0363281844079,110.542393442676,46.4323190855491,88.8502827953037,90.6872953050322,23.0204824643429,12.1761285325244,55.5615620482841,8.11441929994071,51.1762966649467,66.5865068834856,49.1306304867583,92.2600695045893,76.1257034072011,14.4441532135273,105.23723532124,10.7744305094928,71.9072336077685,110.915242449546,45.2057181018596,57.8138512075711,7.92494060875202,23.3133614795706,9.98511102870764,16.4304313945639,19.2160954441638,89.7642299995537,41.6483514525948,17.2505026657192,74.1974954360318,71.4554694003692,67.3200873188506,60.0285720593478,42.969328500767
12.8014364890639,49.2151991377121,49.8608005837894,96.2356818999977,10.2387606135214,12.9991466432426,109.261873305301,12.8014364890639,18.2504253202944,66.9173091427661,13.7645241140271,18.3752330060578,48.3992854306553,12.9991466432426,10.7570396036629,10.5947074219364,14.6903500017163,147.0669559407,111.05516918566,13.3556924596268,20.0999040734371,70.4513836026997,19.1848625231725,54.5607891939484,8.83358409540427,14.6035565609145,28.2760391225176,15.003691847922,21.1373818685893,14.0771874407196,143.948233055244,70.4776690051995,132.029185752854,141.539982811649,90.2333217996033,151.90503960239,10.518773146286,18.3752330060578,14.6356706754551,24.5273773607918,14.2326196199989,18.8594787807212,15.3615553807849,94.0682840209499,45.1160954856659,11.3657058096151,25.6160632260956,4.01971937584346,114.119978344912,116.089176598435,127.301628775785,24.3449933021392,30.9415475658018,136.967726790714,136.094002964667,4.0120101623182,9.68265465618212,15.2921240436031,4.09064204389295,17.498403448906,8.26788065456976,9.86498187504107,74.6323826639626,92.6309238271807,122.77099512434,16.4964761801081,54.3598430032693,42.4405918605197,60.5747014577916,21.9786166355849,93.8460496302272,106.846260358231,14.2248843169585,119.259372621277,113.012550531863,65.6500666310478,93.5784879582554,17.363010726176,22.3541231435661,18.9959845843772,19.2897861444594,42.3990432293119,26.6470051173896,32.9308116511176,65.0453147286366,28.7413089265717,95.8988535459126,24.5710591629393,143.598792884938,11.749393614944,48.8758568986532,48.1076105491049,17.2081282479875,26.0936760277663,101.458113783167,17.7616249954445,76.828385912502,47.5446461097768,10.7570396036629,15.003691847922,15.7586620247274,52.5471282001575,42.4422289696555,93.3952210018337,85.6254818336463,28.0059288518787,22.3541231435661,21.4952106167127,56.7179102726917,65.4857941438254,77.2904813611825,91.0514658193671,16.3914798463048,10.8191818972333,17.2896900551272,78.3043723422017,84.9904929339957,16.329377689859,24.5273773607918,9.20161764406093,12.6620935293946,140.681947779305,20.8749723716989,16.1063209856766,16.805753594913,9.44718228406433,87.6914335070691,23.948565077809,3.98276934679902,36.4170624677671,13.4533203112792,15.3615553807849,108.899112265718,61.7514518033081,20.942286356445,43.7432785828737,24.8941396738042,11.4078727273269,17.9456908258999,140.537421154567,95.0561404017864,16.4964761801081,14.6356706754551,120.705300049339,10.5947074219364,14.0151108300974,38.0848587163471,20.0999040734371,72.5120636110043,72.8515184195479,111.768117941255,90.9711192960224,93.0267622185093,20.4555179408302,44.4134266042009,45.9615469108482,25.8258035439228,3.98276934679902,88.2146824941357,17.5968656597775,31.3801443786066,117.372346059619,9.44718228406433,17.4168405505407,64.9928077988367,3.98276934679902,82.0664046421518,112.055842789779,45.8687290072564,93.7773593760087,91.6006596589591,22.6709202502035,13.7645241140271,45.5450180842251,9.71642664798758,55.0730076718969,67.0688646224669,51.2215626138912,90.957842528128,69.316024011072,14.2248843169585,111.310921585587,9.22328033338127,67.4384794793792,108.295347280462,41.4459423357702,47.6238866231025,8.0170221445386,22.3541231435661,10.5947074219364,16.1985201125566,19.2874819484446,86.8026047003807,36.3758551686918,14.6356706754551,98.964656058862,79.8608064942542,76.744323173832,67.8593959840696,48.3330072672937
13.4011973655915,48.0737929078344,48.7044214690005,98.6226761485912,9.67061447746417,14.7699300661854,108.783591518416,13.4011973655915,18.818154761838,72.458869597013,16.4041756249544,18.4230008220519,59.2996931209218,14.7699300661854,9.83647950807323,10.1524395831413,14.8325307187257,152.123836877528,108.544648487774,13.518370169894,18.8172301939894,69.2667809376718,18.8622792308229,48.8183081793612,9.01445780166565,16.0427671859336,37.2730570356975,17.048744091187,18.0513153329839,14.0771874407196,146.726198074825,83.9933186517156,128.156940351358,137.429047049874,85.67611391683,152.087764792047,10.2522928512311,18.4230008220519,18.4566799655376,24.6620897465799,15.2382866555844,19.2710853413207,19.3727270956301,91.336132545807,43.2327590941384,13.9254714323936,24.8720615079932,4.01971937584346,112.28765489548,138.721031677494,136.813729064809,24.7556954114818,29.2579832453935,138.191213476941,139.702665219208,4.0120101623182,9.63766988639302,15.6032976071042,4.09064204389295,18.2077718657835,8.21885303198343,13.8104153292496,73.5210919193003,80.1807637712275,121.554801600396,14.2792493586986,54.3387448275744,50.5795127197673,63.7663003586183,22.4301100285894,81.232569269229,109.679390829775,14.9743741874455,119.402828635229,115.193507570986,71.3158703934827,97.4523975596305,18.5753151390404,24.4422124033239,18.7390400839859,19.6557929181747,42.3990432293119,25.8270061975704,32.9330680626106,77.5191904601788,29.1401816693169,86.2568704248209,24.0133478416495,139.428060337909,14.1604377658957,49.4711845098312,48.1076105491049,19.6909321331391,26.542251160562,105.446822589428,17.7616249954445,80.8763694127012,44.2365898873921,9.83647950807323,17.048744091187,14.4042239424337,57.619936820152,44.2692160003929,85.8863218470098,80.1612980961583,28.0396169288141,24.4422124033239,21.6752272343695,65.4838502614353,78.4754528858225,92.1126382490793,81.8968548504186,16.5357761713258,9.00328270554884,19.2751269107751,93.3209652191521,80.9501307486293,18.6881416164593,24.6620897465799,9.59771456228648,12.0485905271205,136.595933081029,22.9730532625916,16.4362698688133,15.7113050263819,12.2647998170959,78.8746511319315,24.1492757913608,3.98276934679902,37.0606770537881,12.8797975987413,19.3727270956301,111.136160689068,77.8732187006893,16.3375224810971,39.1393322234282,23.7106974192289,11.4092799473649,18.4265538605306,145.369784763385,68.5015786121015,14.2792493586986,18.4566799655376,123.184875828675,10.1524395831413,13.6270707941233,37.8590196945457,18.8172301939894,86.4178533561209,74.6585005288395,120.11953934251,78.7440470731677,100.563948603442,18.7460690604702,44.5678821191868,45.9615469108482,24.868914974132,3.98276934679902,63.5713272395819,18.0243500303822,32.1219200469198,109.35482663406,12.2647998170959,17.8488414196779,64.2881332306478,3.98276934679902,84.2424736117369,108.873047171027,47.9325581528586,100.324997247758,91.7108452588099,24.3649132425809,16.4041756249544,48.7097563741713,9.94610719959587,52.293539201064,69.1845628289845,46.8381515348765,92.4064748554432,70.7181124209158,14.9743741874455,109.523700673376,9.22328033338127,70.5980437672459,103.142419540305,53.8071745303969,51.0657929798078,7.71188805790322,24.4422124033239,10.1524395831413,16.4565044626412,20.0364495118318,88.4777527334494,36.3419773118005,18.4566799655376,71.3182245584665,79.8608064942542,72.5757372228655,80.8729339499354,47.2585004255539
12.7933412717471,47.536494624586,48.1600749454784,93.5249218769992,9.66606317498043,12.9868977637721,111.926640309493,12.7933412717471,18.067871704768,59.592893559317,15.8308069404573,16.6147992880434,56.4773778762651,12.9868977637721,9.80857819128041,10.565910137782,14.2982376633,152.10937456285,108.043903324122,14.6191373673404,20.2925947393675,67.5936253356049,18.4066563805103,52.603689989583,8.83358409540427,15.1813935667149,33.2719168051999,13.4546444444722,20.0237668374961,14.0771874407196,148.353779073423,81.0575332929793,131.847618075393,137.094031554663,83.0643986263547,147.783127638272,12.210427090668,16.6147992880434,16.0490540770881,24.296838761914,14.2050272680021,18.1055976317688,17.7902973313391,91.1134793270562,44.9934662359947,13.262701218178,24.8114300317377,4.01971937584346,108.661718459872,130.246797139788,128.712305662181,23.2539513307541,28.8867094468273,131.042000368991,141.390381135587,4.0120101623182,9.84586190676158,15.2921240436031,4.65800907747897,18.3021899885443,8.4943490105016,10.8439799487998,73.6837215467688,89.7320446664382,119.230219063463,15.980219955422,52.9582409104165,48.8116269488712,66.0039699393623,21.3868117355939,90.9091431809443,111.004402441484,15.4998508329695,116.023294107177,116.471307763074,65.1955050155794,91.4644087184309,17.5953618777944,23.0269306859128,18.6225984834953,18.1476423033875,42.3990432293119,25.5801123736129,32.9308116511176,74.8096927521795,28.5648255939036,97.4099704604105,23.4578413917842,139.088171779536,11.6669507064714,53.4994997906567,48.1076105491049,18.773922939685,25.90426119057,110.08939042457,17.7616249954445,83.7144608594061,40.2865457294886,9.80857819128041,13.4546444444722,16.878186874712,50.9963085169203,42.1453909444376,94.7183671974632,86.4463430205879,27.245993740424,23.0269306859128,20.9061218888519,50.8390621767716,56.3853832629218,88.8930615128921,92.4862004903463,16.9388115269647,10.8191818972333,18.1957462341797,90.0591543066727,83.37195013179,18.6688541527235,24.296838761914,9.13726216423385,12.3484084735028,136.262948496275,20.2839879081939,16.7450529929692,15.9199605775154,9.89774076563047,89.0732227936913,23.983152474551,3.98276934679902,32.9008321585781,11.780247215901,17.7902973313391,105.966851818572,67.7148598999324,21.540341731776,42.1742042169118,24.4200604068745,11.4092799473649,16.9651314944565,145.355964552069,68.5225815243268,15.980219955422,16.0490540770881,117.455141533519,10.565910137782,12.2327784432895,39.1280541493413,20.2925947393675,83.3973241915534,70.7994418940065,113.006662193453,88.1241836177313,90.0896827615809,20.9240627916332,52.3107962927278,45.9615469108482,24.8806931799202,3.98276934679902,63.5908185131133,15.9897902178317,32.1219200469198,113.803435940297,9.89774076563047,16.9262441921088,69.9895996502833,3.98276934679902,85.2601876498089,110.731373662876,47.9176400637481,95.0322844457662,89.1150946246615,22.9221451834416,15.8308069404573,46.0439237636888,9.94610719959587,53.1773933942736,71.6865286317695,46.7052944387079,81.4872234741582,79.6864615043409,15.4998508329695,105.987016456363,11.1823968718841,67.395833550747,114.375833499787,43.4225974149658,47.6238866231025,7.52471904191184,23.0269306859128,10.565910137782,14.5119144394212,18.5641486901186,89.4592046557172,36.3758551686918,16.0490540770881,71.3400910678348,79.8608064942542,62.5351554214221,78.0462141677016,48.3258017620222
13.570510413814,50.4178090880921,51.0791862850886,100.006549997234,9.38357289328947,13.078715472698,115.349508074974,13.570510413814,18.0634717022609,70.1001071690918,14.9923549968107,17.3663873645665,51.8867661388794,13.078715472698,10.3617893094183,9.50350308654541,14.6486392662867,155.374107128078,110.393603830702,12.8327684099676,20.5569764345461,70.6084364103916,19.2276301221943,51.6809599925079,7.74620028710646,15.2448563605421,19.0379793841828,15.3526904555278,20.6507034983042,14.8126269487884,146.700219254313,76.764457987828,133.705026349946,141.068489256732,85.2339186429431,151.988863436426,11.6798685226493,17.3663873645665,17.0860161355485,24.9452854211374,14.763729057181,18.0328418698081,17.7839705547335,93.754926701294,40.4693528216881,12.1846782261227,25.5307317990774,5.06330409060314,112.176358305809,141.787594868437,137.502866997829,25.2302969490091,32.8781489520236,137.866612988268,139.398014168575,4.0120101623182,10.1756377403339,17.0433366933445,4.09064204389295,18.2620850339595,8.4180844450465,10.4277963151158,74.7730994601528,94.5692758128719,122.840625332412,16.8416738315994,60.28399508225,46.2264015941711,58.4897089349259,22.4137163992822,95.8098287779921,109.440211844917,13.735261145474,119.32518201038,115.173111816877,67.1393928080949,93.5654077655448,18.6551029628877,24.431265373373,19.7993543180738,19.2180797650472,47.1558723569093,26.2799676157055,32.9299060926213,70.8475237656214,30.244106635638,86.0393313107227,24.4084168368174,143.120441086427,12.5714977991851,46.9621889179571,53.5048946784055,21.4953012576058,27.4183138166058,102.713895674205,17.7616249954445,74.1839385389887,47.0483885515043,10.3617893094183,15.3526904555278,17.0928481457987,54.0135304270639,51.5963137288061,92.8493916310989,87.5726076015011,28.0213830088854,24.431265373373,22.0777534890446,57.863897539585,72.1330117065254,84.1849906936022,81.6903116595534,16.8410131271138,9.00291904498718,18.8314210670825,85.2893233526597,84.4297470283012,19.197797606844,24.9452854211374,11.1862539339045,12.7516958696124,140.213312483797,22.2002383069228,16.077834564436,15.8175420146142,10.2644730430404,78.6757299138588,24.2248345624244,3.98276934679902,33.8743162752607,14.1730369749156,17.7839705547335,111.054933935447,72.0900548598918,18.711238779563,41.434419548927,24.7298943986448,11.5821952103048,17.0192878027842,148.475748276031,79.8641985702005,16.8416738315994,17.0860161355485,123.094842958215,9.50350308654541,15.0630105105297,38.776751884375,20.5569764345461,78.9803258145072,75.7061089541584,120.72458776582,92.8747389776848,98.7900430164666,23.1426954363886,47.6460504780467,44.8746935697577,25.6483893265927,3.98276934679902,74.116147465487,17.1412067567519,28.6219986976691,115.908343790576,10.2644730430404,18.0992964451738,71.4301569536783,3.98276934679902,84.0587651760139,111.178587431101,45.645413238197,100.755930082435,91.6512064908021,24.4876405892075,14.9923549968107,46.9956340050764,8.86240507721481,55.3152415856547,67.2810062961005,49.3395078441091,85.6579063531728,62.3463169311192,13.735261145474,109.415143642913,8.94013374668851,71.4899916777715,104.225940653042,45.0314966999768,49.7366811870732,7.52274945641742,24.431265373373,9.50350308654541,15.2546639222701,19.8880812820511,88.4620871761889,34.8303654580324,17.0860161355485,83.148052398391,84.0330029993759,69.0250217496722,73.9126282924338,55.7548836527894
12.4142550209969,57.9851648315531,59.661792253031,96.9322054401119,9.24341621163022,12.4367621076599,107.452930181671,12.4142550209969,63.9677184765969,14.4285971537175,14.6458413982401,43.4439424118073,11.8048292777887,12.4367621076599,46.3165387228618,10.9713816182355,33.1952898834584,146.873890293976,24.9395540080379,14.342661433586,20.9046734980988,76.1046583606245,42.7402931170272,12.162774527701,8.82601480275411,65.9568932810839,13.3906356113079,36.2719328519347,18.8924772587446,13.3782237511354,150.03210163038,78.6734442526277,126.9817694571,143.390840148355,91.0863540179864,151.370629520748,13.6613916628369,18.9276413989941,14.9344233608025,24.4366445780169,16.4313366584767,17.612750176594,15.6259909264136,106.456213577806,10.9713816182355,26.1940087400497,59.7856934181888,9.19471792402613,106.986548550916,120.832597191851,128.078656259646,106.766302012637,57.5748672215746,133.869708010249,140.304323947745,16.2260591606743,10.4314522861459,14.5521619449655,10.1232722466862,17.416548503585,8.32360639516881,10.3921701810391,17.1299666366489,82.6682530588975,118.832673394401,15.0248150779192,57.9905105465792,14.6458413982401,14.5771284372049,20.9998538131751,85.0585861788752,25.439767322964,14.5771284372049,27.4462930734239,27.2035932254924,83.8081578500063,91.006675372068,17.7684695826085,31.629181148022,19.5191197650715,40.8666184071104,35.4095678484084,26.583361185864,42.8737885508333,14.6458413982401,29.6131621219434,103.102312636528,52.2663905307832,143.973175318615,10.8316666831723,14.342661433586,40.061247662366,83.1998259449771,27.4360393944336,112.696089463362,14.6036631859584,75.6272085214572,60.9786556619453,11.1515458222435,15.802942821396,13.9028354696732,54.7802853726715,38.9154786894577,87.3110901688256,95.7800284226772,113.994715727985,24.1822834468228,22.0943574482581,54.7170166775074,65.9265618093108,80.5830964768098,98.6920571112273,17.2131503355815,8.99454851988599,17.3201930076202,82.9131377839805,24.4300114052223,39.6047403362149,24.4366445780169,8.88286332811882,12.4717521954931,137.472074283561,22.0392898589071,16.1959410756021,64.9384724907129,9.55033957792913,92.4466556218077,22.2506657280599,9.0655296876217,45.3137368602234,28.2266094518188,34.6728727088452,102.747854699559,49.9240392582574,17.2679797015305,12.162774527701,24.4300114052223,9.64938320651939,16.9654409357031,150.639450692008,78.8233504119034,38.6873666405358,14.9344233608025,110.832266992885,50.2064997304499,12.347102754743,41.0060692182928,20.9046734980988,77.6785241471447,72.3842327224831,111.921207151011,81.5282204534464,97.4828799082577,20.5869962257391,38.1901659735517,9.66916423470128,25.6711524286312,10.2426818407641,76.0567396048088,17.2811955068489,10.2333942941778,105.960216865902,9.55033957792913,17.6080484847691,65.4816193789552,34.0268446110158,92.8097315197359,109.216357951413,45.331727046296,92.1841198024577,100.129968132887,23.2780790028131,55.3749028979012,51.6866747764222,10.2333942941778,50.8173440733074,80.0443291084505,54.3971516860418,89.8721522811098,68.8233261704138,61.4597935290931,109.37289958203,9.31423784908863,65.8426499506679,108.502746624021,42.4930335723156,11.3993392330506,6.5777170766271,24.1822834468228,46.257316857046,16.3341115689989,25.8692889800029,99.2445469951686,38.4407363006439,14.9344233608025,82.3343419151893,76.8292130643257,14.4950318833769,70.41733335621,41.6336261232881
11.2556741206043,49.9599859321479,51.4045671907134,97.5057138095247,9.82455177555015,12.7836715445014,112.469222775953,11.2556741206043,62.4187008640188,14.1712441871921,11.7056450789672,40.6285857059402,10.8977369453778,12.7836715445014,37.6386506429527,9.40292941931486,30.5746815520633,144.49219000278,25.1527394866958,9.17251013482178,20.5375213024486,80.8140332433766,45.3850729139882,12.6474298770147,7.68184854203767,64.2438723390949,10.6819644300053,30.7098572625461,17.2871992729703,12.4861818510493,150.848165870743,62.8795157970124,130.781333873638,147.558720038644,91.991467106343,155.230482529841,8.40990555300608,17.7010477893767,16.3751269631336,24.2986241070174,15.0503750220985,17.5996555280641,19.5221147376767,109.550530560036,9.40292941931486,24.1812405818596,61.5234584599926,11.006443567506,100.921110071953,124.665535516735,129.352385998586,108.958307379617,54.8484765904738,132.004556625913,139.490577805307,16.2260591606743,9.8228494116273,16.0969138077123,12.1246754553126,17.438715319955,7.44389805212855,10.090165514465,17.1858117704006,80.9969972378836,121.685918116866,14.7210671610406,82.4049137634798,11.7056450789672,14.3853948780126,22.3374939785764,83.3390063883433,25.2922201060209,14.3853948780126,28.1461557696637,27.3515607564371,79.8703716086397,96.540545066798,16.8989961141274,27.2952699308455,18.9175643563962,42.2791048530353,73.5413941164283,26.690349273565,35.2458413711627,11.7056450789672,28.6986510706559,85.0652322748336,54.0851005579035,148.157981694885,14.7633338356064,9.17251013482178,83.2023710582032,57.5574933945366,26.5182460592742,124.945555578572,14.1182426319314,74.6324807927376,61.0112074605021,9.06218704821144,13.3796597042212,14.7553661802654,54.1915754888021,37.4227985958016,98.8395585082249,94.0978281367928,116.901507143972,20.8687651803633,21.618405960829,55.9137787417055,57.1668861729027,64.4057996446049,81.4265223268457,16.4679040361746,8.98784545485546,17.7576035569521,66.2680782136157,24.2297872092578,36.6324384327814,24.2986241070174,8.54214354999766,12.3999477402523,141.46791595162,21.3711148961452,15.4425545611888,60.8795972573349,8.99482021202471,76.2737132892835,20.4511861975628,7.06936369174073,47.4504808537395,29.2019068067631,43.3180719542558,109.292645847996,54.7401437347829,16.5221649600003,12.6474298770147,24.2297872092578,10.405674312003,20.9690531424268,148.196688245527,87.6336521023929,37.9052467298655,16.3751269631336,117.892015754524,43.0290541139882,14.9288023363227,36.6722048458068,20.5375213024486,62.084328868516,72.8125007381688,113.034252635165,79.8800120062127,94.3310969789598,18.7911009181841,35.7853653138021,9.2678754126498,25.7283828733759,9.59961659361123,84.5578096305276,16.6900225571627,8.04663564244298,112.545066935241,8.99482021202471,17.7122281341353,58.1219902948117,44.4498452149172,92.271447603176,111.139654374547,48.3702344564819,87.6732278536104,102.683217465481,23.5095772270853,44.258226071122,49.7317429879666,8.04663564244298,52.9129606154181,71.5800008135336,44.2052762304542,80.5704890106293,67.5863525011002,60.6514103820749,103.172170586974,9.1789767727461,59.6977756480977,113.011334128166,40.0213200931425,11.54622594531,6.57460031516782,20.8687651803633,39.6444404787407,14.6435500125998,26.4292411185279,99.7843643074215,41.066177679874,16.3751269631336,91.5370767389451,71.7063448511072,14.1283459427135,56.2808437741354,48.2083291386693
13.6497129122788,51.5750263110877,53.0663060828675,99.7632124501965,8.65011695492578,12.9331729429822,107.065610269182,13.6497129122788,62.9155456007765,14.6533390062008,12.1761285325244,40.6430952402445,10.3428191445225,12.9331729429822,42.8541914098955,9.98511102870764,32.9565822603519,147.818010813782,24.4195176181604,11.2224877385149,19.9810608562226,81.5694560371991,45.8093175309505,12.4104903865596,7.70846502705226,64.4315977573799,12.7117213145745,34.7379777182701,20.1009468087307,12.5955657170325,151.360519761468,65.4068239078093,125.69298200105,142.160759165706,84.9238515210161,152.916993252208,9.71646991470131,17.7073692981287,17.2505026657192,24.9684583091552,14.1776041193833,18.0143615787871,17.8547128631593,105.542976974469,9.98511102870764,22.9499206378294,59.2728207379529,10.6900208204368,103.639773815003,122.760666557821,126.661330607456,106.693417093352,55.7156974652703,135.213213537964,143.388327763328,30.4421340323651,10.9616942104443,21.8508410830315,10.0986987628313,17.7358218856099,8.05447073307629,9.42589289766773,16.8129929896776,83.8092101758429,118.091076881785,15.2321821028607,66.351453236581,12.1761285325244,14.4441532135273,22.5765392002982,86.2325338028676,25.9989542195902,14.4441532135273,27.7266774009923,27.4444599871973,81.3754467124028,94.2065997423045,16.4507555284534,30.4926759719847,18.9658307184354,42.1942143717098,46.5438307202773,25.5428339528816,40.5112876502716,12.1761285325244,28.3965074918221,95.0768299680055,52.7856976066286,142.738098762904,10.2349164271955,11.2224877385149,52.6581950286094,69.9164141098643,26.7237546884698,114.26577746474,14.7225594159919,74.9373233350455,63.6666674870778,10.3179229787039,15.1346297936111,16.4159032654966,58.0773976437926,46.1276165990245,91.1646082962806,91.5482644059616,115.159256659988,23.3133614795706,22.4656371281728,50.6497532769246,65.6124900874767,66.9944534814066,91.0098686751709,16.5787003074389,12.0361809031921,18.0377239712071,68.9315823680823,24.4596330719499,38.0859913184825,24.9684583091552,10.5291089227177,14.3863643033053,136.292767543699,21.5694867173166,16.2571095693712,62.7072902523669,10.3041850449546,85.2506091560872,22.0626403592727,12.4306586980335,51.8811634194427,28.6207295860293,39.6182353664908,110.462243690276,57.6664228341361,17.4006623768265,12.4104903865596,24.4596330719499,12.4284930799946,17.0406858929327,151.607776622546,71.925023062097,39.2213155830995,17.2505026657192,119.153639957861,45.6931944959497,14.1536734673513,39.6801781243455,19.9810608562226,64.5796761356499,74.4982903705736,110.682680744256,82.6534432556263,99.3878399273701,19.7931983067592,39.8147653388994,9.30988804680485,24.9352024766994,12.7702823169113,69.4005357742022,17.0404281120001,8.11441929994071,106.328797987658,10.3041850449546,18.1223100603513,55.8054373871315,28.804108064126,94.8497653410508,110.184446568229,47.6175216889926,85.3477229102617,101.152870340821,23.0204824643429,46.0370911323625,55.8574338519687,8.11441929994071,51.4126938564163,74.7577819706453,50.3307460960183,90.4021149910071,73.1568972021232,60.8991460856056,105.951474533062,10.7744305094928,72.395263967931,109.362863396519,45.8471740693383,16.9339656396571,7.92494060875202,23.3133614795706,42.0990227830574,16.4304313945639,25.1336630429329,100.123280640884,41.5134900952093,17.2505026657192,75.1287456078279,72.334520646471,14.7871475689552,58.5429323279347,40.3468012262854
12.8014364890639,48.2240921304688,49.6184804274875,95.8796068640435,10.2387606135214,12.9991466432426,107.785533803449,12.8014364890639,62.9700415123894,14.9235905694999,13.7645241140271,42.1760190660176,11.3657058096151,12.9991466432426,44.678006913859,10.5947074219364,33.7182381064011,141.331530561138,24.7670131507744,13.3556924596268,20.0999040734371,78.4088647535017,44.0343329137377,12.8126246741253,8.83358409540427,63.8041268712763,6.64012163130302,34.4374405064684,21.1373818685893,14.0771874407196,146.366624703005,73.9392494499487,126.824473791069,141.016280443946,92.5365616553858,154.457108990322,10.518773146286,18.3752330060578,14.6356706754551,24.5273773607918,14.2326196199989,18.8594787807212,15.3615553807849,104.693293193322,10.5947074219364,25.2196275192267,58.7956392533334,4.01971937584346,109.621263814609,111.512834461427,124.737999276692,106.36525663121,59.578647584637,136.460941913435,138.380440200432,9.20862429571395,9.68265465618212,15.2921240436031,4.09064204389295,17.498403448906,8.26788065456976,9.86498187504107,17.2711265677544,90.7655009638971,120.298604568457,16.4964761801081,67.0701729311874,13.7645241140271,14.2248843169585,21.9786166355849,93.3899641051563,25.0909316384252,14.2248843169585,28.0059288518787,26.538974505724,81.0002582535704,92.5247858366075,17.363010726176,29.2380416377072,18.9959845843772,42.8025526648116,43.1759700245097,26.6470051173896,44.351996182869,13.7645241140271,28.7413089265717,95.829491900235,54.5212915257742,141.588972113768,11.749393614944,13.3556924596268,48.847905617479,71.4717897456066,26.0936760277663,107.588743511861,4.17099968734386,73.7997402620474,63.6075481067026,10.7570396036629,15.003691847922,15.7586620247274,55.4737221657403,40.3119289477828,94.0290891268627,92.0927745473747,116.319092331613,22.3541231435661,21.4952106167127,56.2680154920402,62.1988699628008,75.7339878589225,91.7303350982947,16.3914798463048,10.8191818972333,17.2896900551272,77.9238183293716,24.8941396738042,36.2336338681777,24.5273773607918,9.20161764406093,12.6620935293946,135.195529646975,20.8749723716989,16.1063209856766,69.8005773865947,9.44718228406433,85.9254832366886,23.948565077809,3.98276934679902,48.7205235995428,29.8518836252368,34.0861105600346,107.536734715438,48.9253437993525,20.942286356445,12.8126246741253,24.8941396738042,11.4078727273269,17.9456908258999,144.9549956536,95.9336312841293,42.4767439031331,14.6356706754551,115.997945926706,48.4827885705424,14.0151108300974,40.7315375468323,20.0999040734371,73.004198918465,71.5982035596518,109.001982565677,89.5138036469691,97.595863686808,20.4555179408302,40.958356761949,9.72612437055106,25.8258035439228,3.98276934679902,92.5664688926862,17.5968656597775,9.71642664798758,107.65474145296,9.44718228406433,17.4168405505407,57.4999686819261,8.83745902839503,91.5371040693532,111.692995221159,47.0395457596113,90.0805695995226,102.17163957146,22.6709202502035,52.0427038313866,45.7875506220561,9.71642664798758,55.3274048281558,75.2993330501413,52.4727534945005,89.1261125611088,66.6127866945688,59.9746690071105,112.066382565323,9.22328033338127,67.8961806559904,106.77963650036,42.0340481806802,13.9492741420577,8.0170221445386,22.3541231435661,44.6691907434562,16.1985201125566,25.2270329134989,96.8198752534181,36.2580666600713,14.6356706754551,100.20675799795,80.8432609103063,16.8572216265274,66.1799521564877,45.3831210522011
13.4011973655915,47.105671801946,48.4677212378615,98.2577691591858,9.67061447746417,14.7699300661854,107.313714529732,13.4011973655915,64.9288970390083,16.1594438994488,16.4041756249544,42.2856588358885,13.9254714323936,14.7699300661854,40.854576692279,10.1524395831413,34.0445804515257,146.191199533654,24.2071283692217,13.518370169894,18.8172301939894,77.0904612616326,43.2939189508764,11.4641058014115,9.01445780166565,70.0921551971278,8.75291023665445,39.1313762173523,18.0513153329839,14.0771874407196,149.191260718531,88.11873360142,123.104875865547,136.920555273193,87.8630293082422,154.64290404102,10.2522928512311,18.4230008220519,18.4566799655376,24.6620897465799,15.2382866555844,19.2710853413207,19.3727270956301,101.652545310943,10.1524395831413,30.8995506691275,57.0879585595707,4.01971937584346,107.861172241188,133.252520993239,134.058542700861,108.159647564781,56.3369065205108,137.679901660618,142.049729518402,9.20862429571395,9.63766988639302,15.6032976071042,4.09064204389295,18.2077718657835,8.21885303198343,13.8104153292496,17.0139561221711,78.5660650965878,119.106903029609,14.2792493586986,67.0441416144247,16.4041756249544,14.9743741874455,22.4301100285894,80.8377844151622,25.7562416150768,14.9743741874455,28.0396169288141,27.051133226034,87.9908310210051,96.3550748703168,18.5753151390404,31.9691548344967,18.7390400839859,43.614693561051,43.1759700245097,25.8270061975704,44.3550351712483,16.4041756249544,29.1401816693169,86.1944826249416,53.2837729746354,137.476613489915,14.1604377658957,13.518370169894,48.847905617479,81.7838024585456,26.542251160562,111.818470959954,4.17099968734386,77.6881485287522,59.1818690340437,9.83647950807323,17.048744091187,14.4042239424337,60.8290590913595,42.0472141380178,86.4692274947596,86.215881007674,116.459011509164,24.4422124033239,21.6752272343695,64.9644227594709,74.536539613415,90.2576527400522,82.507468400661,16.5357761713258,9.00328270554884,19.2751269107751,92.867431569203,23.7106974192289,41.4675497050914,24.6620897465799,9.59771456228648,12.0485905271205,131.268864356945,22.9730532625916,16.4362698688133,65.2549233299669,12.2647998170959,77.2862552542273,24.1492757913608,3.98276934679902,49.5815826060181,28.5792808123269,42.9865922598576,109.745796642961,61.6985331750417,16.3375224810971,11.4641058014115,23.7106974192289,11.4092799473649,18.4265538605306,149.939257070653,69.1339366102712,36.7676109440751,18.4566799655376,118.380821384991,46.4589121890713,13.6270707941233,40.4900040107739,18.8172301939894,87.0043664784016,73.3740989108596,117.14671566798,77.4826035188006,105.503246438431,18.7460690604702,41.1007966629055,9.72612437055106,24.868914974132,3.98276934679902,66.7074133127524,18.0243500303822,9.94610719959587,100.301016237191,12.2647998170959,17.8488414196779,56.8765340747121,8.83745902839503,93.9642976645834,108.520505799951,49.1560549290547,96.3700935629103,102.294540906842,24.3649132425809,62.02304173942,48.9691415128205,9.94610719959587,52.5350972387641,77.6746627173858,47.9822686815318,90.54557199721,67.960195428759,63.1346530115538,110.267031885052,9.22328033338127,71.0771887294125,101.698829569831,54.5706826582387,14.9574256967795,7.71188805790322,24.4422124033239,42.8045100435503,16.4565044626412,26.2066439079883,98.6883401935263,36.2242985029305,18.4566799655376,72.2133371021173,80.8432609103063,15.9415737409438,78.8714196751467,44.3741940926098
12.7933412717471,46.5791937551863,47.9260202020395,93.178876737998,9.66606317498043,12.9868977637721,110.414294644901,12.7933412717471,62.3401707808208,13.2901330869963,15.8308069404573,38.1353581377475,13.262701218178,12.9868977637721,40.7386920929371,10.565910137782,32.8182365959107,146.177301230967,24.0954544854727,14.6191373673404,20.2925947393675,75.228322796704,42.2481440202748,12.35303495913,8.83358409540427,66.3287437668398,7.81331407612834,30.8819670710826,20.0237668374961,14.0771874407196,150.846185771373,85.0387542400836,126.650063678486,136.586779345803,85.1846489917099,150.265947148973,12.210427090668,16.6147992880434,16.0490540770881,24.296838761914,14.2050272680021,18.1055976317688,17.7902973313391,101.404743419437,10.565910137782,29.4289145103756,56.9487932876141,4.01971937584346,104.378173555529,125.112348576827,126.120267627279,101.59840548274,55.62201044897,130.557140864993,143.765799781266,9.20862429571395,9.84586190676158,15.2921240436031,4.65800907747897,18.3021899885443,8.4943490105016,10.8439799487998,17.0515912180827,87.9250000988783,116.829133470813,15.980219955422,65.3408505204752,15.8308069404573,15.4998508329695,21.3868117355939,90.4673308248058,26.0673968736516,15.4998508329695,27.245993740424,27.3512017278211,80.4394117817453,90.4345113176001,17.5953618777944,30.118039247587,18.6225984834953,40.2682232771158,43.1759700245097,25.5801123736129,44.351996182869,15.8308069404573,28.5648255939036,97.3395158553061,52.051146863701,137.141482040363,11.6669507064714,14.6191373673404,48.847905617479,77.9751204610129,25.90426119057,116.741567018284,4.17099968734386,80.4143597997439,53.8973071673444,9.80857819128041,13.4546444444722,16.878186874712,53.8365301214983,40.0299900941439,95.3612154414873,92.975635380445,113.16279771761,23.0269306859128,20.9061218888519,50.4357992812139,53.5552354098441,87.1029125811725,93.1757669863124,16.9388115269647,10.8191818972333,18.1957462341797,89.6214728396185,24.4200604068745,41.424752305673,24.296838761914,9.13726216423385,12.3484084735028,130.948865750083,20.2839879081939,16.7450529929692,66.1215478381616,9.89774076563047,87.2794457326344,23.983152474551,3.98276934679902,44.0163390730753,26.1394630343236,39.4753022529498,104.641158183538,53.6501200244122,21.540341731776,12.35303495913,24.4200604068745,11.4092799473649,16.9651314944565,149.925002442563,69.1551334064887,41.1474367708117,16.0490540770881,112.874539484593,48.3510083728021,12.2327784432895,41.8472290678158,20.2925947393675,83.96333715186,69.5814303202862,110.209874238828,86.7124745738064,94.5145266663664,20.9240627916332,48.24136349922,9.72612437055106,24.8806931799202,3.98276934679902,66.7278661253003,15.9897902178317,9.94610719959587,104.381311986284,9.89774076563047,16.9262441921088,61.9206943698757,8.83745902839503,95.0994588334204,110.372814852347,49.1407560500461,91.28602436857,99.3992331743755,22.9221451834416,59.8551748094572,46.2891130325009,9.94610719959587,53.4230341941616,80.4836614580751,47.8461662804825,79.8462150133358,76.5787902345027,65.3501569962644,106.706344390683,11.1823968718841,67.8532452918332,112.775019723643,44.0387514194768,13.9492741420577,7.52471904191184,23.0269306859128,44.5477762175465,14.5119144394212,24.2809502696373,99.7830544939691,36.2580666600713,16.0490540770881,72.2354780572804,80.8432609103063,13.7361166375847,76.114658032412,45.3763553172207
13.570510413814,49.4024836448841,50.8309448557602,99.636522631263,9.38357289328947,13.078715472698,113.790912838241,13.570510413814,62.3249893077502,15.6334035494115,14.9923549968107,39.8604515302927,12.1846782261227,13.078715472698,43.0363846804564,9.50350308654541,33.6225009382163,149.314713352984,24.6194738874832,12.8327684099676,20.5569764345461,78.5836566699659,44.1324958633533,12.1363483366903,7.74620028710646,66.6060178768873,4.47072866809493,35.2384846033538,20.6507034983042,14.8126269487884,149.164845442765,80.534820293693,128.434251210144,140.546531429943,87.409546831817,154.542341100485,11.6798685226493,17.3663873645665,17.0860161355485,24.9452854211374,14.763729057181,18.0328418698081,17.7839705547335,104.344542176096,9.50350308654541,27.0368643577316,58.5997810624922,5.06330409060314,107.754263065469,136.19819744213,134.733802615579,110.233220299435,63.307617225094,137.356502203916,141.739960200315,9.20862429571395,10.1756377403339,17.0433366933445,4.09064204389295,18.2620850339595,8.4180844450465,10.4277963151158,17.3036906841669,92.6648179711835,120.366832547373,16.8416738315994,74.3795005976413,14.9923549968107,13.735261145474,22.4137163992822,95.3441994175945,25.700074711918,13.735261145474,28.0213830088854,27.0463436482766,82.837816250923,92.5118529280336,18.6551029628877,31.9548366831892,19.7993543180738,42.6434417209053,48.0199640437632,26.2799676157055,44.3507765552633,14.9923549968107,30.244106635638,85.9771008523589,54.1604007062893,141.117315367222,12.5714977991851,12.8327684099676,54.3282448554813,89.2780219825331,27.4183138166058,108.920406310861,4.17099968734386,71.2595394367405,62.9436305240952,10.3617893094183,15.3526904555278,17.0928481457987,57.0217951528838,49.0065433295273,93.4795552428124,94.1869667260863,116.383279223084,24.431265373373,22.0777534890446,57.4049126199,68.5124441692734,82.4896539756164,82.2993852474703,16.8410131271138,9.00291904498718,18.8314210670825,84.8748229450505,24.7298943986448,42.5984371709249,24.9452854211374,11.1862539339045,12.7516958696124,134.745170535606,22.2002383069228,16.077834564436,65.6961652580093,10.2644730430404,77.0913399574264,24.2248345624244,3.98276934679902,45.3187136378166,31.4488795778273,39.4612636219961,109.665586073066,57.1165635063733,18.711238779563,12.1363483366903,24.7298943986448,11.5821952103048,17.0192878027842,153.142851698881,80.6014482184059,43.365592653513,17.0860161355485,118.294299682672,43.489292575506,15.0630105105297,41.4715133141528,20.5569764345461,79.5163608546432,74.4036846067243,117.736789822433,91.386928213551,103.642213723425,23.1426954363886,43.9395039515614,9.49613057185453,25.6483893265927,3.98276934679902,77.7724281812819,17.1412067567519,8.86240507721481,106.311948273378,10.2644730430404,18.0992964451738,63.1951738489915,8.83745902839503,93.7593887463419,110.818580499489,46.8105297706168,96.7840386288102,102.228019653261,24.4876405892075,56.6850466002602,47.2458912420183,8.86240507721481,55.5707576860464,75.5375080457472,50.5447257077976,83.9329077206391,59.9148893805746,57.9103297131183,110.157738084114,8.94013374668851,71.9751902403644,102.767185630031,45.6704805165287,14.5681222174347,7.52274945641742,24.431265373373,40.0684771365146,15.2546639222701,26.0125859057048,98.6708667858449,34.7175813933559,17.0860161355485,84.1916406977733,85.0667841307597,15.1616437710255,72.0833737645093,52.3520214679084
12.4142550209969,58.7707839982764,60.515132853088,96.8816900089655,9.24341621163022,12.4367621076599,108.756155908844,12.4142550209969,18.5395791542722,50.5605366603245,14.6458413982401,18.9276413989941,22.4888285531347,12.4367621076599,47.1556710722297,10.9713816182355,14.4625121056921,144.423272180867,87.3929198578156,14.342661433586,20.9046734980988,18.6210757241755,18.6210757241755,23.1707333200112,8.82601480275411,15.0962840312158,25.5098740857533,15.802942821396,18.8924772587446,13.3782237511354,149.170171792091,74.5367361467815,126.744016125502,143.316113177276,90.7267505011406,150.50100988064,13.6613916628369,18.9276413989941,14.9344233608025,24.4366445780169,16.4313366584767,17.612750176594,15.6259909264136,26.0474096729795,20.9010663684694,11.8048292777887,26.0474096729795,9.19471792402613,106.786233116166,120.606357215271,129.81394575133,24.4367849964755,53.8931559680277,133.799942899811,139.498279894923,7.06936369174073,10.4314522861459,58.5163624858515,10.1232722466862,17.416548503585,8.32360639516881,10.3921701810391,17.1299666366489,83.7882940947603,120.442692545382,15.0248150779192,57.316507302389,14.6458413982401,27.7702061170963,20.9998538131751,86.2751762649061,48.4641117880651,14.5771284372049,52.2866502193871,51.8242940817789,82.8340852000486,92.8225678480131,17.7684695826085,90.6993787630633,19.5191197650715,18.4173204737031,34.5339830061706,26.583361185864,42.2446234887382,44.7497470449329,29.6131621219434,103.119921263427,23.5548450527453,145.936792273636,10.8316666831723,66.8890091686355,39.0317369301625,84.707185245506,27.4360393944336,113.21132864789,27.8207562268332,75.485608503893,15.8609823408157,11.1515458222435,15.802942821396,13.9028354696732,48.239263727326,35.642671447393,88.9070841983804,96.6135906970758,116.059996430343,24.1822834468228,22.0943574482581,55.2492347476622,60.3821117292866,81.6748865112092,98.6626805735945,17.2131503355815,8.99454851988599,17.3201930076202,84.0990415940624,24.4300114052223,17.8486310705599,24.4366445780169,8.88286332811882,12.4717521954931,135.178327215163,22.0392898589071,16.1959410756021,66.1149846932234,9.55033957792913,93.699180552399,22.2506657280599,9.0655296876217,11.7864254686235,12.7208595284643,15.6259909264136,102.848992724268,14.9344233608025,17.2679797015305,12.162774527701,24.4300114052223,9.64938320651939,16.9654409357031,145.65252111203,80.7071288571525,43.2554534782241,14.9344233608025,108.983010052349,53.3354132231057,12.347102754743,37.3692683682543,20.9046734980988,79.0984406837926,77.2322851464857,107.443203826798,83.3140246918288,92.3571577115427,20.5869962257391,38.032623803563,29.5437211064425,49.8050733302763,10.2426818407641,74.8901506916368,17.2811955068489,10.2333942941778,107.95384503002,9.55033957792913,17.6080484847691,57.5344416182521,15.334846051293,105.657802940565,95.801818999006,45.1527600797697,92.0115195804164,113.991413057584,23.2780790028131,61.2073905435867,52.2135550884385,31.4442022397658,46.335868077291,77.1677618342376,50.7232156730172,91.0897962352458,67.6749962025751,62.3642482054918,111.372170171717,9.31423784908863,67.0462138508339,109.982590577353,30.6478924547935,11.3993392330506,6.5777170766271,24.1822834468228,46.9380488306933,16.3341115689989,74.1823959509986,112.983419062163,33.7192388607313,14.9344233608025,78.2865745928773,76.287194526844,14.4950318833769,67.5999133079621,42.2087962763388
11.2556741206043,50.6368749714659,52.1398049795172,97.4548994991522,9.82455177555015,12.7836715445014,113.833287807861,11.2556741206043,18.0906318520441,49.6587231326454,11.7056450789672,17.7010477893767,20.7607693440248,12.7836715445014,38.3205627679075,9.40292941931486,13.3207663986915,142.081311000972,88.1399621443457,9.17251013482178,20.5375213024486,19.7733524467083,19.7733524467083,24.0940275754041,7.68184854203767,14.7042059722708,20.3497112092139,13.3796597042212,17.2871992729703,12.4861818510493,149.981547768336,59.5732641747505,130.536466457061,147.481821010831,91.6282902567711,154.338688152168,8.40990555300608,17.7010477893767,16.3751269631336,24.2986241070174,15.0503750220985,17.5996555280641,19.5221147376767,26.8045185291507,17.9130813866213,10.8977369453778,26.8045185291507,11.006443567506,100.732151213915,124.432118967798,131.10493277494,24.9384935211154,51.3411084757389,131.935763523961,138.689208699202,7.06936369174073,9.8228494116273,64.7280346960045,12.1246754553126,17.438715319955,7.44389805212855,10.090165514465,17.1858117704006,82.0943950578601,123.334594806338,14.7210671610406,81.447150524455,11.7056450789672,27.4049434742328,22.3374939785764,84.5310013826935,48.183026480752,14.3853948780126,53.6199259335972,52.1061801096529,78.9420664588574,98.4668570509872,16.8989961141274,78.2715181373776,18.9175643563962,19.0538844115413,71.7229101902461,26.690349273565,34.7286150488705,35.7661019287354,28.6986510706559,85.0797603867535,24.3744813897803,150.178674259551,14.7633338356064,42.7772849096736,81.0642016564133,58.6002819099929,26.5182460592742,125.516798524741,26.8960042157034,74.4927432459244,15.8694492953011,9.06218704821144,13.3796597042212,14.7553661802654,47.7208485501566,34.2755263435436,100.646285980737,94.9167504207948,119.019451166545,20.8687651803633,21.618405960829,56.4576374025744,52.3591282993332,65.278409575023,81.4022850237895,16.4679040361746,8.98784545485546,17.7576035569521,67.2159082986992,24.2297872092578,16.5091065678277,24.2986241070174,8.54214354999766,12.3999477402523,139.107497523532,21.3711148961452,15.4425545611888,61.9825734486431,8.99482021202471,77.3071171133701,20.4511861975628,7.06936369174073,12.3422077891765,13.1603958699405,19.5221147376767,109.400226121557,16.3751269631336,16.5221649600003,12.6474298770147,24.2297872092578,10.405674312003,20.9690531424268,143.290626487658,89.727985622172,42.380983222217,16.3751269631336,115.92496559591,45.7106628442582,14.9288023363227,33.4197715280451,20.5375213024486,63.2191929277263,77.6892371132679,108.511716004844,81.6297136826302,89.371097868546,18.7911009181841,35.6377434336229,28.3176001352759,49.9161071650509,9.59961659361123,83.2608278804601,16.6900225571627,8.04663564244298,114.662588225884,8.99482021202471,17.7122281341353,51.0680140330826,20.0321699283832,105.04500194383,97.488885838321,48.1792716431304,87.5090735651382,116.898120257614,23.5095772270853,48.91982443556,50.2386952416366,24.7249379059535,48.2466765503933,69.007617608855,41.2196905651217,81.6621082312163,66.4586616684637,61.5439687295786,105.058095593232,9.1789767727461,60.7890149549009,114.552669667322,28.8651812073171,11.54622594531,6.57460031516782,20.8687651803633,40.2278560342654,14.6435500125998,75.7881065403299,113.5979657295,36.022209446121,16.3751269631336,87.0368793804051,71.2004673780187,14.1283459427135,54.0290291991722,48.8743290678346
13.6497129122788,52.2737969244326,53.8253116669356,99.711221662753,8.65011695492578,12.9331729429822,108.364138448566,13.6497129122788,18.2346309275758,51.3480746690812,12.1761285325244,17.7073692981287,19.7036213759472,12.9331729429822,43.6305952455365,9.98511102870764,14.3585120532444,145.351639874611,85.570613872349,11.2224877385149,19.9810608562226,19.9581871907378,19.9581871907378,23.642645225611,7.70846502705226,14.7471727660862,24.21650618841,15.1346297936111,20.1009468087307,12.5955657170325,150.490958201618,61.967684548812,125.457641720654,142.086673241335,84.5885771980915,152.038489799726,9.71646991470131,17.7073692981287,17.2505026657192,24.9684583091552,14.1776041193833,18.0143615787871,17.8547128631593,25.8239614858231,19.0221683621573,10.3428191445225,25.8239614858231,10.6900208204368,103.445724687983,122.530816575512,128.377417287505,24.4201030184686,52.1528736107634,135.142748270538,142.564566202845,13.2630181423894,10.9616942104443,87.8654142436732,10.0986987628313,17.7358218856099,8.05447073307629,9.42589289766773,16.8129929896776,84.9447096101095,119.69104842083,15.2321821028607,65.5802737053667,12.1761285325244,27.5168812331248,22.5765392002982,87.465914822125,49.5293926109777,14.4441532135273,52.8207972979506,52.2831580924869,80.4296486057017,96.0863415849443,16.4507555284534,87.4403530884756,18.9658307184354,19.01562689818,45.3929250426698,25.5428339528816,39.9167918599168,37.203644160897,28.3965074918221,95.0930679396166,23.7888806840967,144.684870793444,10.2349164271955,52.3376424042618,51.3049626635738,71.1831133591852,26.7237546884698,114.788193160624,28.0472598780016,74.7970150186616,16.5601533479085,10.3179229787039,15.1346297936111,16.4159032654966,51.1426854109333,42.2482656890903,92.8310423113207,92.3449981379534,117.245635743079,23.3133614795706,22.4656371281728,51.1424101427354,60.0944535642264,67.9021361080241,90.9827788068436,16.5787003074389,12.0361809031921,18.0377239712071,69.9175084631514,24.4596330719499,17.164177879448,24.9684583091552,10.5291089227177,14.3863643033053,134.018697427085,21.5694867173166,16.2571095693712,63.84337937394,10.3041850449546,86.4056375624463,22.0626403592727,12.4306586980335,13.4946598589954,12.8984772785943,17.8547128631593,110.570975236687,17.2505026657192,17.4006623768265,12.4104903865596,24.4596330719499,12.4284930799946,17.0406858929327,146.588790544726,73.6439402028984,43.8524494914037,17.2505026657192,117.165539365311,48.5408348124127,14.1536734673513,36.1609696685415,19.9810608562226,65.7601536367759,79.4879352646463,106.254231258031,84.4638945136306,94.1619535186108,19.7931983067592,39.650521367469,28.4459679565576,48.3772433399679,12.7702823169113,68.3360423969807,17.0404281120001,8.11441929994071,108.329360959261,10.3041850449546,18.1223100603513,49.0326096052967,12.9811202848113,107.980247882006,96.6510017787918,47.4295305409501,85.1879227629413,115.155920250348,23.0204824643429,50.8860525069382,56.4268297804872,24.9332170920807,46.8787151999227,72.0711982800238,46.9314515573668,91.6269392103671,71.9362607974937,61.7953501615231,107.888203537938,10.7744305094928,73.718605697343,110.85443828427,33.0670498692925,16.9339656396571,7.92494060875202,23.3133614795706,42.7185604651996,16.4304313945639,72.0729257379697,113.983799785778,36.4145805510889,17.2505026657192,71.4352238723787,71.8242114876694,14.7871475689552,56.200610865837,40.9041938436786
12.8014364890639,48.8774621982367,50.3281718776259,95.8296399860911,10.2387606135214,12.9991466432426,109.092793460606,12.8014364890639,18.2504253202944,52.295087322364,13.7645241140271,18.3752330060578,21.6522749565491,12.9991466432426,45.4874534299519,10.5947074219364,14.6903500017163,138.973387748597,86.7883040212145,13.3556924596268,20.0999040734371,19.1848625231725,19.1848625231725,24.4087324629266,8.83358409540427,14.6035565609145,12.6497853907386,15.003691847922,21.1373818685893,14.0771874407196,145.525752917632,70.0514688214863,126.587014970791,140.94279095536,92.1712328049026,153.569757619996,10.518773146286,18.3752330060578,14.6356706754551,24.5273773607918,14.2326196199989,18.8594787807212,15.3615553807849,25.6160632260956,20.1834819611372,11.3657058096151,25.6160632260956,4.01971937584346,109.41601529116,111.304044270342,126.42802746468,24.3449933021392,55.7688015898683,136.389826402506,137.585448800937,4.0120101623182,9.68265465618212,61.4918578489064,4.09064204389295,17.498403448906,8.26788065456976,9.86498187504107,17.2711265677544,91.9952485629878,121.928485068988,16.4964761801081,66.2906399745374,13.7645241140271,27.0991623059015,21.9786166355849,94.7257176083498,47.7995612284421,14.2248843169585,53.3527861860928,50.5581600200014,80.0588208299543,94.3709697758868,17.363010726176,83.8425819618306,18.9959845843772,19.2897861444594,42.1083426232316,26.6470051173896,43.7011386921822,42.0569194727595,28.7413089265717,95.8458584173927,24.5710591629393,143.520071470792,11.749393614944,62.2861412104112,47.5925916666332,72.7666682597723,26.0936760277663,108.080632243186,7.94597657082131,73.6615618905109,16.5447759763028,10.7570396036629,15.003691847922,15.7586620247274,48.8499009321435,36.9216796833521,95.7478841225588,92.8942470868129,118.426484548648,22.3541231435661,21.4952106167127,56.8153197208711,56.9679202502987,76.7600791463614,91.7030307769546,16.3914798463048,10.8191818972333,17.2896900551272,79.0383600717634,24.8941396738042,16.329377689859,24.5273773607918,9.20161764406093,12.6620935293946,132.939767148268,20.8749723716989,16.1063209856766,71.0651779829414,9.44718228406433,87.0896552578738,23.948565077809,3.98276934679902,12.6725549466302,13.4533203112792,15.3615553807849,107.642586589081,14.6356706754551,20.942286356445,12.8126246741253,24.8941396738042,11.4078727273269,17.9456908258999,140.156250356337,98.2263238155067,47.4922689073202,14.6356706754551,114.062498674628,51.5042788583416,14.0151108300974,37.1190847271015,20.0999040734371,74.3386716112353,76.3936103943475,104.64077835157,91.4745250886662,92.4642007191378,20.4555179408302,40.7893952442662,29.7177603850072,50.1051147935149,3.98276934679902,91.1466471003929,17.5968656597775,9.71642664798758,109.680251884229,9.44718228406433,17.4168405505407,50.5214840829794,3.98276934679902,104.208999909164,97.9742623938683,46.8538364262171,89.9119079433956,116.315722319056,22.6709202502035,57.5242200284314,46.2542968204247,29.8557131470051,50.4481959442445,72.593287542175,48.9287896509768,90.3336487039645,65.5013399880667,60.8572682924998,114.114888398227,9.22328033338127,69.1372818579913,108.23597935186,30.3168514878731,13.9492741420577,8.0170221445386,22.3541231435661,45.3265515339662,16.1985201125566,72.3406718176386,110.223089031136,31.8046564138986,14.6356706754551,95.2803368829703,80.2729238692752,16.8572216265274,63.5320710864311,46.0100906225243
13.4011973655915,47.7438888137713,49.1609534181671,98.2065629212795,9.67061447746417,14.7699300661854,108.615251802073,13.4011973655915,18.818154761838,56.6257514146503,16.4041756249544,18.4230008220519,26.5287648127122,14.7699300661854,41.5947528338373,10.1524395831413,14.8325307187257,143.751972242559,84.8263617255312,13.518370169894,18.8172301939894,18.8622792308229,18.8622792308229,21.8397321821527,9.01445780166565,16.0427671859336,16.6747602206724,17.048744091187,18.0513153329839,14.0771874407196,148.334161485581,83.4853851694462,122.874381405608,136.849200238496,87.5161512859456,153.754485283807,10.2522928512311,18.4230008220519,18.4566799655376,24.6620897465799,15.2382866555844,19.2710853413207,19.3727270956301,24.8720615079932,19.3409381710341,13.9254714323936,24.8720615079932,4.01971937584346,107.659219211552,133.003026668616,135.874851422492,24.7556954114818,52.73435852108,137.608150898722,141.233658163924,4.0120101623182,9.63766988639302,62.7431320655289,4.09064204389295,18.2077718657835,8.21885303198343,13.8104153292496,17.0139561221711,79.6305271322347,120.72063761467,14.2792493586986,66.2649112105852,16.4041756249544,28.5269804304218,22.4301100285894,81.9940045160863,49.0670121714017,14.9743741874455,53.416963767035,51.5338496620971,86.9681446364886,98.277686093733,18.5753151390404,91.6742823501886,18.7390400839859,19.6557929181747,42.1083426232316,25.8270061975704,43.7041330839588,50.1222626776209,29.1401816693169,86.2092035991513,24.0133478416495,139.351625335491,14.1604377658957,63.0448114825904,47.5925916666332,83.2655071841063,26.542251160562,112.329697729817,7.94597657082131,77.542689726143,15.3936253506361,9.83647950807323,17.048744091187,14.4042239424337,53.5657856440642,38.5110266986267,88.0498327827592,86.9662076367797,118.568938689118,24.4422124033239,21.6752272343695,65.5963146609162,68.267986974197,91.4805196947644,82.4829093447309,16.5357761713258,9.00328270554884,19.2751269107751,94.1957113071786,23.7106974192289,18.6881416164593,24.6620897465799,9.59771456228648,12.0485905271205,129.078618997225,22.9730532625916,16.4362698688133,66.4371687790352,12.2647998170959,78.3333776281721,24.1492757913608,3.98276934679902,12.8965225226262,12.8797975987413,19.3727270956301,109.853822967453,18.4566799655376,16.3375224810971,11.4641058014115,23.7106974192289,11.4092799473649,18.4265538605306,144.975507449616,70.7861503126969,41.1090188555378,18.4566799655376,116.405615413732,49.3542727097796,13.6270707941233,36.8989726387945,18.8172301939894,88.594753784026,78.2884492424797,112.459638075311,79.179792062782,99.9558074152514,18.7460690604702,40.9312475517804,29.7177603850072,48.248637741313,3.98276934679902,65.6842281328277,18.0243500303822,9.94610719959587,102.188167252681,12.2647998170959,17.8488414196779,49.9737126266265,3.98276934679902,106.972200905267,95.1914351415432,48.9619897431404,96.1896557653509,116.45563744285,24.3649132425809,68.5557597355126,49.4683200084589,30.5614537358751,47.9021361598797,74.8832545652152,44.7415882519178,91.772339861535,66.8262669575051,64.0637552567815,112.282646673563,9.22328033338127,72.3764368390207,103.085876466638,39.3588377362634,14.9574256967795,7.71188805790322,24.4422124033239,43.434429818037,16.4565044626412,75.1497900244566,112.3502140342,31.7750358429602,18.4566799655376,68.6631443228011,80.2729238692752,15.9415737409438,75.7157489271158,44.987225298015
12.7933412717471,47.2102777141765,48.6115044507208,93.1303173236033,9.66606317498043,12.9868977637721,111.75343680869,12.7933412717471,18.067871704768,46.5711429882521,15.8308069404573,16.6147992880434,25.2661522524726,12.9868977637721,41.4767687141344,10.565910137782,14.2982376633,143.738305835632,84.4350352900407,14.6191373673404,20.2925947393675,18.4066563805103,18.4066563805103,23.5331895760201,8.83358409540427,15.1813935667149,14.8847794877012,13.4546444444722,20.0237668374961,14.0771874407196,149.979579044576,80.5673534095008,126.41293141363,136.515598255718,84.8483450558575,149.402673875327,12.210427090668,16.6147992880434,16.0490540770881,24.296838761914,14.2050272680021,18.1055976317688,17.7902973313391,24.8114300317377,20.1286216009486,13.262701218178,24.8114300317377,4.01971937584346,104.182741891479,124.87809544092,127.829023648722,23.2539513307541,52.0651775512619,130.489102072003,142.939869655578,4.0120101623182,9.84586190676158,61.4918578489064,4.65800907747897,18.3021899885443,8.4943490105016,10.8439799487998,17.0515912180827,89.1162628212056,118.412007413708,15.980219955422,64.581416868075,15.8308069404573,29.5280414294233,21.3868117355939,91.761282002876,49.6597795125321,15.4998508329695,51.9050693211681,52.1054961410158,79.5044928787965,92.2389871760578,17.5953618777944,86.3660502791274,18.6225984834953,18.1476423033875,42.1083426232316,25.5801123736129,43.7011386921822,48.3703589872113,28.5648255939036,97.3561402662759,23.4578413917842,139.011923105341,11.6669507064714,68.178393384629,47.5925916666332,79.387822010587,25.90426119057,117.275301862833,7.94597657082131,80.2637965965968,14.0190731973165,9.80857819128041,13.4546444444722,16.878186874712,47.4081972561369,36.6634519994863,97.1043609021775,93.7847913534352,115.213006280862,23.0269306859128,20.9061218888519,50.9263750726239,49.0512188025062,88.2830371492407,93.1480324197681,16.9388115269647,10.8191818972333,18.1957462341797,90.9033257394878,24.4200604068745,18.6688541527235,24.296838761914,9.13726216423385,12.3484084735028,128.763959626497,20.2839879081939,16.7450529929692,67.3194942156592,9.89774076563047,88.4619620819065,23.983152474551,3.98276934679902,11.4489630702221,11.780247215901,17.7902973313391,104.744159847883,16.0490540770881,21.540341731776,12.35303495913,24.4200604068745,11.4092799473649,16.9651314944565,144.961724721989,70.8078536855521,46.0060012232295,16.0490540770881,110.991206848573,51.3642860020612,12.2327784432895,38.1358263133743,20.2925947393675,85.4981362768825,74.2417604673661,105.80034189223,88.6118353565301,89.5448826868109,20.9240627916332,48.0423581035864,29.7177603850072,48.2714888542348,3.98276934679902,65.7043672318968,15.9897902178317,9.94610719959587,106.345233253516,9.89774076563047,16.9262441921088,54.4056883286274,3.98276934679902,108.264507575256,96.8162336597909,48.9467512631977,91.1151056885516,113.15951914965,22.9221451834416,66.1595572884689,46.760972025617,30.5614537358751,48.7117677999532,77.5913058191709,44.6146780879099,80.9280213182246,75.3010589096699,66.3118630434982,108.656871960936,11.1823968718841,69.093561661292,114.313132225101,31.7627338855573,13.9492741420577,7.52471904191184,23.0269306859128,45.2033502474861,14.5119144394212,69.6276990202974,113.59647459264,31.8046564138986,16.0490540770881,68.6841967718475,80.2729238692752,13.7361166375847,73.0692862001494,46.0032314186537
13.570510413814,50.0718192956132,51.5579781436761,99.584597867189,9.38357289328947,13.078715472698,115.171007777286,13.570510413814,18.0634717022609,54.7824064158596,14.9923549968107,17.3663873645665,23.2124610321952,13.078715472698,43.8160893730134,9.50350308654541,14.6486392662867,146.823369654222,86.2712985042539,12.8327684099676,20.5569764345461,19.2276301221943,19.2276301221943,23.1203900185566,7.74620028710646,15.2448563605421,8.5169762440821,15.3526904555278,20.6507034983042,14.8126269487884,148.307897964768,76.300239653725,128.193778335596,140.473286747238,87.0644591314089,153.654500074292,11.6798685226493,17.3663873645665,17.0860161355485,24.9452854211374,14.763729057181,18.0328418698081,17.7839705547335,25.5307317990774,18.1046795797068,12.1846782261227,25.5307317990774,5.06330409060314,107.552510206399,135.943187803045,136.559260179558,25.2302969490091,59.2593166727738,137.284919979019,140.925668461101,4.0120101623182,10.1756377403339,68.5337389514964,4.09064204389295,18.2620850339595,8.4180844450465,10.4277963151158,17.3036906841669,93.9202987013078,121.997637443103,16.8416738315994,73.5150139043609,14.9923549968107,26.1664040846645,22.4137163992822,96.7079042824752,48.9600112291792,13.735261145474,53.3822271783492,51.5247252613545,81.8750215390208,94.3577788118321,18.6551029628877,91.6332238282323,19.7993543180738,19.2180797650472,46.832557498122,26.2799676157055,43.6999369623901,45.8085046445836,30.244106635638,85.9917847003933,24.4084168368174,143.041981906589,12.5714977991851,59.8474117100235,52.9320948500724,90.8955020101619,27.4183138166058,109.418383317812,7.94597657082131,71.126117190526,16.3720862877686,10.3617893094183,15.3526904555278,17.0928481457987,50.213126782245,44.8850735360467,95.1883050907926,95.0066647727024,118.491834335675,24.431265373373,22.0777534890446,57.9632751489105,62.7505203538662,83.6072752397428,82.2748881292761,16.8410131271138,9.00291904498718,18.8314210670825,86.088784671753,24.7298943986448,19.197797606844,24.9452854211374,11.1862539339045,12.7516958696124,132.496922362241,22.2002383069228,16.077834564436,66.8864048358689,10.2644730430404,78.135821497401,24.2248345624244,3.98276934679902,11.7877199638966,14.1730369749156,17.7839705547335,109.773533443709,17.0860161355485,18.711238779563,12.1363483366903,24.7298943986448,11.5821952103048,17.0192878027842,148.073046852999,82.5277209537851,48.4860702205105,17.0860161355485,116.320537342071,46.1995837739785,15.0630105105297,37.7934325385877,20.5569764345461,80.9698719370331,79.3869931249663,113.026103173962,93.3886788077479,98.1926291820285,23.1426954363886,43.7582445978956,29.0150240905387,49.7609102188069,3.98276934679902,76.5795233455215,17.1412067567519,8.86240507721481,108.312194219725,10.2644730430404,18.0992964451738,55.5254905858149,3.98276934679902,106.738925517549,97.207247978932,46.6257245787479,96.6028257844159,116.379907350896,24.4876405892075,62.6555281124482,47.7275033795134,27.2315567609095,50.6700880191861,72.8229032006546,47.1309791734551,85.0700830863678,58.9151983336017,58.7625497664777,112.17135504791,8.94013374668851,73.2908532755822,104.168803588906,32.9396105092678,14.5681222174347,7.52274945641742,24.431265373373,40.6581329007361,15.2546639222701,74.5933121261277,112.330321703566,30.4533818112593,17.0860161355485,80.0525638059058,84.4666507689326,15.1616437710255,69.199294906224,53.0752666666581
12.4142550209969,58.5904560258272,60.3288376944578,95.9769090414058,9.24341621163022,12.4367621076599,108.486914922194,12.4142550209969,18.5395791542722,51.2081842808927,14.6458413982401,18.9276413989941,45.5331625867431,12.4367621076599,30.9799630257961,10.9713816182355,14.4625121056921,150.684726090059,88.5123663735966,14.342661433586,20.9046734980988,74.4188191666102,18.6210757241755,46.9138161208079,8.82601480275411,15.0962840312158,51.6498776968106,15.802942821396,77.7780502965445,13.3782237511354,149.423727142692,77.3338096251166,124.012142278668,141.97767975879,88.8320341463508,150.756827353178,13.6613916628369,74.4939430861836,14.9344233608025,24.4366445780169,16.4313366584767,17.612750176594,15.6259909264136,104.098039174797,42.3184182734662,37.3373737726164,26.0474096729795,9.19471792402613,104.484534571572,118.006776082288,129.415634140689,24.4367849964755,61.8511656297872,132.550381276917,139.735395229993,7.06936369174073,10.4314522861459,14.5521619449655,10.1232722466862,17.416548503585,8.32360639516881,10.3921701810391,17.1299666366489,83.5312042252508,120.073135002238,55.262672272124,56.5243365811294,14.6458413982401,56.2263751181854,20.9998538131751,86.0095791011829,98.1253548380344,14.5771284372049,105.864853739732,104.92872062204,81.6892363579583,91.8102763749827,17.7684695826085,116.860276437706,19.5191197650715,58.2519545378402,34.9255713107577,26.583361185864,35.2177643949571,14.6458413982401,29.6131621219434,102.681539302627,74.5013784778054,146.295216009529,10.8316666831723,62.5901075705203,39.9014490162884,55.6502623598641,27.4360393944336,113.884447567702,56.3287239959846,73.8585718516855,15.8609823408157,11.1515458222435,62.1959967602647,64.5231710451335,53.0524709981315,37.8435976798681,85.9320402402821,107.885683373171,76.2481864096195,112.23017164411,22.0943574482581,54.6838758111882,64.110692340125,81.4242812668582,98.3355686464506,17.2131503355815,8.99454851988599,68.167472372968,83.8401436365475,24.4300114052223,56.4532526416904,24.4366445780169,8.88286332811882,12.4717521954931,141.038967627183,22.0392898589071,16.1959410756021,43.4357042254746,9.55033957792913,93.4116808442163,22.2506657280599,37.3216923515042,11.7864254686235,40.2346764825209,49.4232868648743,109.02222756151,14.9344233608025,17.2679797015305,12.162774527701,24.4300114052223,9.64938320651939,16.9654409357031,150.355921570319,77.8485228807417,44.7239827371732,14.9344233608025,113.70795558241,57.5615495064295,12.347102754743,43.8382053822104,20.9046734980988,76.4516174281088,48.919106587372,119.673777917859,79.5934351311831,95.8229622224976,67.6135383535019,41.8712370954929,9.66916423470128,100.268278234275,10.2426818407641,77.5467661203409,17.2811955068489,10.2333942941778,118.339601449788,9.55033957792913,17.6080484847691,75.2680376154546,48.5024277174392,109.153242273695,83.6922905966999,44.2098003406135,90.0282790959083,117.762550235826,23.2780790028131,14.6458413982401,52.9110738937047,10.2333942941778,48.6059085399373,77.3310801042026,54.1260827508114,90.8103029709327,70.6090376706045,61.2845093977663,107.645390636013,9.31423784908863,64.8026869684853,110.252710061164,40.9501004432767,11.3993392330506,6.5777170766271,88.944695690621,46.1253903871181,16.3341115689989,95.5792136161292,116.721209135306,29.4570642490738,14.9344233608025,82.3853708751803,75.876082653016,36.721137741322,75.2950091243075,44.798747545149
11.2556741206043,50.4815044901901,51.9792931739299,96.5447653112152,9.82455177555015,12.7836715445014,113.551477675212,11.2556741206043,18.0906318520441,50.2948191079191,11.7056450789672,17.7010477893767,42.0343586920889,12.7836715445014,25.1755428495345,9.40292941931486,13.3207663986915,148.241229459792,89.2689777863918,9.17251013482178,20.5375213024486,79.0238739074989,19.7733524467083,48.7832112894748,7.68184854203767,14.7042059722708,41.2020887123197,13.3796597042212,71.1693144379527,12.4861818510493,150.236482273479,61.8088168143631,127.722849138677,146.104483923717,89.7147463554192,154.601028804562,8.40990555300608,69.6664110858379,16.3751269631336,24.2986241070174,15.0503750220985,17.5996555280641,19.5221147376767,107.123812115706,36.2686409067268,34.4683407129663,26.8045185291507,11.006443567506,98.5609439423688,121.75007636014,130.702659994198,24.9384935211154,58.922275879217,130.703611527378,138.924948797332,7.06936369174073,9.8228494116273,16.0969138077123,12.1246754553126,17.438715319955,7.44389805212855,10.090165514465,17.1858117704006,81.8425026241865,122.956163961942,54.1454590820282,80.3214704889444,11.7056450789672,55.4868273349351,22.3374939785764,84.2707736418079,97.5562410236624,14.3853948780126,108.56433894078,105.49945565645,77.8510091584795,97.3930108724154,16.8989961141274,100.847782768473,18.9175643563962,60.2653361054968,72.5361917858395,26.690349273565,28.9519489475468,11.7056450789672,28.6986510706559,84.718070504471,77.0937978642573,150.547516144048,14.7633338356064,40.0280239960069,82.8704885777172,38.4987537149467,26.5182460592742,126.263081894526,54.4563773072406,72.8871070725292,15.8694492953011,9.06218704821144,52.6586270052501,68.4797729182381,52.4823294987249,36.3920317006894,97.2784202171502,105.990869491802,78.1924657766464,96.8521067641578,21.618405960829,55.8799130235212,55.5922916483156,65.0781140805181,81.1323992050256,16.4679040361746,8.98784545485546,69.8889988896825,67.0089848779183,24.2297872092578,52.2164842938249,24.2986241070174,8.54214354999766,12.3999477402523,145.138486650242,21.3711148961452,15.4425545611888,40.7208250889146,8.99482021202471,77.0699136129819,20.4511861975628,29.1037176993967,12.3422077891765,41.6248814810144,61.7462970145618,115.966681166054,16.3751269631336,16.5221649600003,12.6474298770147,24.2297872092578,10.405674312003,20.9690531424268,147.917756819115,86.5498654290373,43.8198240822761,16.3751269631336,120.950878788726,49.332637046892,14.9288023363227,39.2050171717459,20.5375213024486,61.1037273306787,49.2085410114075,120.863921961815,77.9843411095311,92.7248471806373,61.7153084745635,39.234642673214,9.2678754126498,100.491813121269,9.59961659361123,86.2143804893295,16.6900225571627,8.04663564244298,125.693762812051,8.99482021202471,17.7122281341353,66.8084905853894,63.3595453599576,108.520168200597,85.166109044484,47.1731069404394,85.6228799858169,120.765418991313,23.5095772270853,11.7056450789672,50.9098319727733,8.04663564244298,50.6103294288699,69.1536657052932,43.9849948960837,81.4115421948044,69.3399690964143,60.4784317700083,101.542600114305,9.1789767727461,58.7548689327821,114.834013358512,38.5681355250299,11.54622594531,6.57460031516782,76.7572662229428,39.5313740183406,14.6435500125998,97.6480677351679,117.356086630403,31.468935061987,16.3751269631336,91.5938093455095,70.8167678889661,35.7921901513308,60.1793115916614,51.8732805127599
13.6497129122788,52.1134038316353,53.6596110478912,98.7800156154159,8.65011695492578,12.9331729429822,108.09586795565,13.6497129122788,18.2346309275758,52.0058101398023,12.1761285325244,17.7073692981287,39.8939497243655,12.9331729429822,28.6640863498645,9.98511102870764,14.3585120532444,151.653343055526,86.666717832584,11.2224877385149,19.9810608562226,79.7625628852671,19.9581871907378,47.8692968153015,7.70846502705226,14.7471727660862,49.0311939083215,15.1346297936111,82.7531736831374,12.5955657170325,150.746758588589,64.2930904617298,122.753494725952,140.759721598762,82.8220490268482,152.296920638296,9.71646991470131,69.69129078972,17.2505026657192,24.9684583091552,14.1776041193833,18.0143615787871,17.8547128631593,103.205032214328,38.5142108554062,32.7131968768248,25.8239614858231,10.6900208204368,101.21602834033,119.889755139503,127.98351341567,24.4201030184686,59.8539084569913,133.880646148583,142.806893526951,13.2630181423894,10.9616942104443,21.8508410830315,10.0986987628313,17.7358218856099,8.05447073307629,9.42589289766773,16.8129929896776,84.6840714798656,119.323797167508,56.0253875454874,64.6738895733486,12.1761285325244,55.7134678717324,22.5765392002982,87.1966519830914,100.282230408303,14.4441532135273,106.946342075863,105.857783225519,79.3180314513191,95.0384565014333,16.4507555284534,112.661232889185,18.9658307184354,60.1443318078177,45.9076452402946,25.5428339528816,33.2771381309589,12.1761285325244,28.3965074918221,94.6888096249173,75.2416073822861,145.040219784668,10.2349164271955,48.9739451785184,52.4481489426417,46.7653236564223,26.7237546884698,115.470687620412,56.7873262549139,73.1848204914783,16.5601533479085,10.3179229787039,59.5657021764814,76.1863388637872,56.2455896894864,44.8570857481855,89.7246933173978,103.119065944299,77.027118428511,108.197497817236,22.4656371281728,50.6190758605672,63.8052713538239,67.6937901630441,90.6811292678347,16.5787003074389,12.0361809031921,70.9914750913869,69.702268196526,24.4596330719499,54.2884026447074,24.9684583091552,10.5291089227177,14.3863643033053,139.829062226594,21.5694867173166,16.2571095693712,41.9433227748362,10.3041850449546,86.1405168277922,22.0626403592727,51.1755226269927,13.4946598589954,40.7964618475777,56.4724886812932,117.207701355618,17.2505026657192,17.4006623768265,12.4104903865596,24.4596330719499,12.4284930799946,17.0406858929327,151.322424946411,71.0355088217864,45.3412468562754,17.2505026657192,122.245237487389,52.3870632528947,14.1536734673513,42.4207399387054,19.9810608562226,63.5596614091355,50.3478405468143,118.34946112464,80.6919547310874,97.6954849887368,65.0064807016053,43.652428234038,9.30988804680485,97.3937506978916,12.7702823169113,70.7601606941371,17.0404281120001,8.11441929994071,118.751244086436,10.3041850449546,18.1223100603513,64.1457221162042,41.0578525665967,111.552519831105,84.4341350910751,46.4390232570503,83.3517598782826,118.96558240386,23.0204824643429,12.1761285325244,57.180633554752,8.11441929994071,49.1753502853642,72.2237301552216,50.0799406525211,91.3457978158602,75.0550488887858,60.7254609280871,104.278005869444,10.7744305094928,71.2518046043059,111.126699043816,44.1824512242629,16.9339656396571,7.92494060875202,85.7487195899316,41.9789558219678,16.4304313945639,92.8612978421344,117.75468509687,31.8117097282912,17.2505026657192,75.1753087024567,71.4371506401176,37.4611720104997,62.5980907498655,43.4140941036033
12.8014364890639,48.7274901703507,50.1732371642498,94.9346841448017,10.2387606135214,12.9991466432426,108.822719080886,12.8014364890639,18.2504253202944,52.9649534098083,13.7645241140271,18.3752330060578,43.8393913511335,12.9991466432426,29.8839904799366,10.5947074219364,14.6903500017163,144.998562561853,87.9000058010058,13.3556924596268,20.0999040734371,76.6719837240481,19.1848625231725,49.4203947148608,8.83358409540427,14.6035565609145,25.6120381514324,15.003691847922,87.0200518225552,14.0771874407196,145.773113585379,72.6802276817233,123.858525168124,139.626522063278,90.2463502176617,153.830791265444,10.518773146286,72.3198169752615,14.6356706754551,24.5273773607918,14.2326196199989,18.8594787807212,15.3615553807849,102.374170279986,40.865524121529,35.9484746468685,25.6160632260956,4.01971937584346,107.05763373015,108.904967636318,126.04010495791,24.3449933021392,64.0037741741462,135.116077781003,137.819312758383,4.0120101623182,9.68265465618212,15.2921240436031,4.09064204389295,17.498403448906,8.26788065456976,9.86498187504107,17.2711265677544,91.7129770750183,121.554368628803,60.6755791707532,65.3744378793131,13.7645241140271,54.8677117762613,21.9786166355849,94.4341055477592,96.7798383916382,14.2248843169585,108.023460720833,102.365177218465,78.9523288815621,93.3417919560903,17.363010726176,108.025737760628,18.9959845843772,61.0114672835348,42.585818230197,26.6470051173896,36.432006706437,13.7645241140271,28.7413089265717,95.4383998503884,77.715551692213,143.872559691143,11.749393614944,58.283062149772,48.6530582366089,47.8056751381002,26.0936760277663,108.723245657383,16.0882298628768,72.0738412185827,16.5447759763028,10.7570396036629,59.050366764722,73.1360769881742,53.7240362355713,39.2015843611502,92.5439306161778,103.73239682003,77.8029032175674,103.745664997803,21.4952106167127,56.2339352206237,60.485675373494,76.5245541372359,91.3989932731285,16.3914798463048,10.8191818972333,68.0474212182004,78.7950413656278,24.8941396738042,51.6480216641217,24.5273773607918,9.20161764406093,12.6620935293946,138.70335505296,20.8749723716989,16.1063209856766,46.687843397688,9.44718228406433,86.8224357333833,23.948565077809,16.3965810482311,12.6725549466302,42.5513692002378,48.5869063824829,114.103544036512,14.6356706754551,20.942286356445,12.8126246741253,24.8941396738042,11.4078727273269,17.9456908258999,144.68216564517,94.7471967510703,49.1046386978575,14.6356706754551,119.007664834026,55.585321611665,14.0151108300974,43.54471283277,20.0999040734371,71.8511216277427,48.3878880753964,116.552344155567,87.3895086179243,95.9340221373664,67.1817263513104,44.9062480694387,9.72612437055106,100.872325952834,3.98276934679902,94.3799372824167,17.5968656597775,9.71642664798758,120.232098183095,9.44718228406433,17.4168405505407,66.0935060355213,12.5970604277481,107.656509009401,85.5901330991432,45.8753518043052,87.9739230401373,120.1637537899,22.6709202502035,13.7645241140271,46.8722061315598,9.71642664798758,52.919703456954,72.7469243699209,52.2112741159394,90.0564755473974,68.3411428476223,59.8036204702562,110.296330942213,9.22328033338127,66.8237828322893,108.501809122906,40.5077809308918,13.9492741420577,8.0170221445386,82.2205514548456,44.541793629881,16.1985201125566,93.206271328303,113.869560092391,27.7844885904287,14.6356706754551,100.268863876563,79.8403328904847,42.7054153632875,70.7641125269839,48.8332910712108
13.4011973655915,47.597394959497,49.0096119737439,97.2894089264182,9.67061447746417,14.7699300661854,108.346359643132,13.4011973655915,18.818154761838,57.3510904950672,16.4041756249544,18.4230008220519,53.7128271749984,14.7699300661854,27.3265945655956,10.1524395831413,14.8325307187257,149.984322022205,85.9129322993777,13.518370169894,18.8172301939894,75.3827849658707,18.8622792308229,44.2189362576768,9.01445780166565,16.0427671859336,33.7614103121881,17.048744091187,74.3150880987696,14.0771874407196,148.586295808882,86.6182666015792,120.225914682923,135.571161511157,85.6884843383935,154.015832924251,10.2522928512311,72.5078178408211,18.4566799655376,24.6620897465799,15.2382866555844,19.2710853413207,19.3727270956301,99.4007797981878,39.1596245327366,44.0447311516367,24.8720615079932,4.01971937584346,105.338704095135,130.13624446293,135.457942972461,24.7556954114818,60.5212570071588,136.323024308726,141.473723247192,4.0120101623182,9.63766988639302,15.6032976071042,4.09064204389295,18.2077718657835,8.21885303198343,13.8104153292496,17.0139561221711,79.3861946505846,120.350227245217,52.5204119657611,65.3490647122815,16.4041756249544,57.7586171275327,22.4301100285894,81.7415868916364,99.3460480863826,14.9743741874455,108.153401158618,104.340657399781,85.7661590113033,97.2059029495225,18.5753151390404,118.116376581337,18.7390400839859,62.1691063642821,42.585818230197,25.8270061975704,36.4345030189943,16.4041756249544,29.1401816693169,85.8427122437489,75.9515722588638,139.693875767184,14.1604377658957,58.9929733076206,48.6530582366089,54.7031200115165,26.542251160562,112.997574749738,16.0882298628768,75.8713142044277,15.3936253506361,9.83647950807323,67.099124779873,66.8501189730262,58.9104615161043,40.8890731653642,85.1034745100324,97.1127216530523,77.8964916217675,113.436504018286,21.6752272343695,64.92507526977,72.4835184500446,91.1998275631834,82.209440761926,16.5357761713258,9.00328270554884,75.8615496142355,93.9057308650493,23.7106974192289,59.1085319600686,24.6620897465799,9.59771456228648,12.0485905271205,134.674807279825,22.9730532625916,16.4362698688133,43.6473701998737,12.2647998170959,78.0930252251276,24.1492757913608,16.3965810482311,12.8965225226262,40.7373800792427,61.2738003695998,116.447503945593,18.4566799655376,16.3375224810971,11.4641058014115,23.7106974192289,11.4092799473649,18.4265538605306,149.657045832703,68.2789404144345,42.5046763308764,18.4566799655376,121.452367122635,53.2649555006556,13.6270707941233,43.2864974767929,18.8172301939894,85.6301611495824,49.5880833486796,125.261247546593,75.6438266733704,103.706759662157,61.5674110734429,45.0624174578865,9.72612437055106,97.1348400872615,3.98276934679902,68.0142773084355,18.0243500303822,9.94610719959587,112.019233610473,12.2647998170959,17.8488414196779,65.3768973152176,12.5970604277481,110.511123996505,83.1590603959785,47.9394789377059,94.1163586350062,120.308297675729,24.3649132425809,16.4041756249544,50.1291653275026,9.94610719959587,50.2489096604589,75.0417378915972,47.7431660432814,91.4907523303113,69.7235118693484,62.954592159177,108.525400413635,9.22328033338127,69.9545479303017,103.339057480043,52.5892069416516,14.9574256967795,7.71188805790322,89.900738654389,42.6824310236086,16.4565044626412,96.8256382376675,116.067056011708,27.7586121148407,18.4566799655376,72.2580932925973,79.8403328904847,40.3857493977626,84.3346940453765,47.7476622571271
12.7933412717471,47.0654211531475,48.4618544787893,92.2605705364716,9.66606317498043,12.9868977637721,111.476775636396,12.7933412717471,18.067871704768,47.1676890681743,15.8308069404573,16.6147992880434,51.156413760506,12.9868977637721,27.2490822837658,10.565910137782,14.2982376633,149.97006310982,85.516593226531,14.6191373673404,20.2925947393675,73.5618958288608,18.4066563805103,47.6476818086735,8.83358409540427,15.1813935667149,30.1372338216722,13.4546444444722,82.4354330500613,14.0771874407196,150.234510203337,83.5907324718412,123.688193853724,135.24067504716,83.0763919530936,149.656624426567,12.210427090668,65.3912384782209,16.0490540770881,24.296838761914,14.2050272680021,18.1055976317688,17.7902973313391,99.1584671125997,40.7544482736193,41.9484620204864,24.8114300317377,4.01971937584346,101.937159681247,122.186440139105,127.436802427793,23.2539513307541,59.7532629593603,129.270460489494,143.182834910158,4.0120101623182,9.84586190676158,15.2921240436031,4.65800907747897,18.3021899885443,8.4943490105016,10.8439799487998,17.0515912180827,88.842825002386,118.048680676205,58.776740589026,63.6888379237502,15.8308069404573,59.7854667306185,21.3868117355939,91.4787959240908,100.546224950021,15.4998508329695,105.092266362068,105.498070824195,78.4056622899942,91.2330600360958,17.5953618777944,111.277063284163,18.6225984834953,57.3989922114529,42.585818230197,25.5801123736129,36.432006706437,15.8308069404573,28.5648255939036,96.9422612102898,74.1945665907898,139.353339221434,11.6669507064714,63.7966241235657,48.6530582366089,52.1555888117738,25.90426119057,117.972583887992,16.0882298628768,78.5337696219682,14.0190731973165,9.80857819128041,52.9537461304935,78.331800805981,52.1384825486084,38.9274111810494,93.8550164341663,104.726842591949,75.6917374625999,106.868170204025,20.9061218888519,50.4052514519794,52.080119550214,88.0121559390929,92.8392040743659,16.9388115269647,10.8191818972333,71.6134068585883,90.6234808694491,24.4200604068745,59.0475278383078,24.296838761914,9.13726216423385,12.3484084735028,134.346505889239,20.2839879081939,16.7450529929692,44.2270334467707,9.89774076563047,88.1905318715901,23.983152474551,16.3965810482311,11.4489630702221,37.2596234205187,56.2687494545973,111.031147006855,16.0490540770881,21.540341731776,12.35303495913,24.4200604068745,11.4092799473649,16.9651314944565,149.642818034253,68.2998750647216,47.5679119986551,16.0490540770881,115.803217513569,55.4342361462985,12.2327784432895,44.7374610032834,20.2925947393675,82.6371638802212,47.024901395171,117.843904205008,84.6546592292616,92.9051534664528,68.7205606179868,52.8912487650507,9.72612437055106,97.1808442710766,3.98276934679902,68.0351308117462,15.9897902178317,9.94610719959587,116.576232331569,9.89774076563047,16.9262441921088,71.1749220194871,12.5970604277481,111.846183586192,84.5784813544854,47.9245586946338,89.1511867447521,116.903135079051,22.9221451834416,15.8308069404573,47.3856499906617,9.94610719959587,51.0982059633319,77.7555204799244,47.6077418603334,80.679707700372,78.5657274257369,65.1637774976784,105.020952806148,11.1823968718841,66.7815256180757,114.593887607451,42.4396928723627,13.9492741420577,7.52471904191184,84.6952003954213,44.4207253797799,14.5119144394212,89.7107815533015,117.354546162796,27.7844885904287,16.0490540770881,72.2802479702229,79.8403328904847,34.7985320168956,81.3869767270674,48.8260109834171
13.570510413814,49.9181825898192,51.3992574854856,98.6545743632227,9.38357289328947,13.078715472698,114.885885932842,13.570510413814,18.0634717022609,55.4841334446408,14.9923549968107,17.3663873645665,46.9983022779573,13.078715472698,28.7859508272448,9.50350308654541,14.6486392662867,153.188879505923,87.3763777793213,12.8327684099676,20.5569764345461,76.8429037216321,19.2276301221943,46.8118859680269,7.74620028710646,15.2448563605421,17.2443336989717,15.3526904555278,85.0164556692371,14.8126269487884,148.559987646059,79.1634905519904,125.430655932917,139.161402568838,85.2462252177504,153.91567776263,11.6798685226493,68.3492805404369,17.0860161355485,24.9452854211374,14.763729057181,18.0328418698081,17.7839705547335,102.033144652328,36.6565700359155,38.5387941258753,25.5307317990774,5.06330409060314,105.234295123934,133.013032591246,136.140251739785,25.2302969490091,68.009708186512,136.00281205214,141.165210031953,4.0120101623182,10.1756377403339,17.0433366933445,4.09064204389295,18.2620850339595,8.4180844450465,10.4277963151158,17.3036906841669,93.6321205303796,121.623308820834,61.9452483536711,72.4989638285811,14.9923549968107,52.9791549027294,22.4137163992822,96.4101900824117,99.1294031291924,13.735261145474,108.083069938982,104.322183212852,80.7434279036388,93.3287448482199,18.6551029628877,118.063475334478,19.7993543180738,60.7846679095673,47.3636019996176,26.2799676157055,36.4310048692045,14.9923549968107,30.244106635638,85.6262176331594,77.2011319425695,143.393295929227,12.5714977991851,56.001067788339,54.1115371771571,59.715814184316,27.4183138166058,110.068950578758,16.0882298628768,69.593046160275,16.3720862877686,10.3617893094183,60.4239284179731,79.3280454886797,55.2232817523607,47.6567158338994,92.003076438933,106.091274323365,77.8458362082301,113.385698764387,22.0777534890446,57.3701437554639,66.6253496172151,83.3507407952401,82.0021092319762,16.8410131271138,9.00291904498718,74.1152465662076,85.8237613124615,24.7298943986448,60.7205176788499,24.9452854211374,11.1862539339045,12.7516958696124,138.241310783533,22.2002383069228,16.077834564436,43.9425057819598,10.2644730430404,77.89607526113,24.2248345624244,16.3965810482311,11.7877199638966,44.8277536737628,56.2487385575874,116.362395258609,17.0860161355485,18.711238779563,12.1363483366903,24.7298943986448,11.5821952103048,17.0192878027842,152.854610749809,79.6046305195359,50.1321797175737,17.0860161355485,121.363600501225,49.860298587323,15.0630105105297,44.3357959647075,20.5569764345461,78.2604261097832,50.2839035639735,125.892195023954,89.2181811665665,101.87741621526,76.0071798884054,48.1747418717246,9.49613057185453,100.179368433478,3.98276934679902,79.2960667275772,17.1412067567519,8.86240507721481,118.732425811697,10.2644730430404,18.0992964451738,72.6398761590459,12.5970604277481,110.270131242506,84.9200707352191,45.6520037916007,94.5206230788504,120.230062232208,24.4876405892075,14.9923549968107,48.3650931984642,8.86240507721481,53.1524662462981,72.9770259882263,50.2928539727074,84.8090602693248,61.469459799543,57.7451686988073,108.417832872306,8.94013374668851,70.8383658029882,104.424644293393,44.0121734604285,14.5681222174347,7.52274945641742,89.860474456434,39.9542013180458,15.2546639222701,96.1086524995394,116.046505590209,26.6040176150164,17.0860161355485,84.2438207694762,84.011459785846,38.4099058063596,77.0764530070202,56.3319895863497
12.4142550209969,57.8339322925294,59.2326844314824,96.3882173551117,9.24341621163022,12.4367621076599,107.771071339669,12.4142550209969,18.5395791542722,57.5179419880812,14.6458413982401,18.9276413989941,11.8048292777887,12.4367621076599,35.1125306009317,10.9713816182355,14.4625121056921,142.933578375488,99.4186617978554,14.342661433586,20.9046734980988,59.1292687845901,18.6210757241755,12.162774527701,8.82601480275411,73.996977970369,13.3906356113079,15.802942821396,66.9717023377614,13.3782237511354,148.999352121542,75.1022272474169,127.976263465197,142.586124025528,91.0716955324128,150.328666223618,13.6613916628369,18.9276413989941,14.9344233608025,24.4366445780169,16.4313366584767,17.612750176594,15.6259909264136,82.7108116904525,10.9713816182355,41.1023350325949,26.0474096729795,9.19471792402613,107.824444273552,121.778932200441,127.744611156262,119.781016130313,46.3283147780686,133.118424927714,139.338535825934,7.06936369174073,10.4314522861459,64.5825366607709,10.1232722466862,17.416548503585,8.32360639516881,10.3921701810391,17.1299666366489,82.4526439484799,118.522742967047,15.0248150779192,47.7453291050862,56.0555563268702,14.5771284372049,20.9998538131751,84.4468160117232,25.439767322964,14.5771284372049,27.4462930734239,27.2035932254924,69.001773575101,89.4893806622917,17.7684695826085,87.1084116305534,19.5191197650715,64.125863974766,32.9674517890482,26.583361185864,41.6615612469922,64.1663200367212,29.6131621219434,102.854153613945,82.0138191087973,142.73460984161,10.8316666831723,61.6922916748849,39.9628431605684,63.0737208573668,27.4360393944336,112.962913398117,14.6036631859584,76.2195046128191,15.8609823408157,32.1301616011933,15.802942821396,44.2383421317371,48.2378699003499,33.3284099074764,86.2086913008383,85.7915135825939,86.4193019321562,76.947190447643,22.0943574482581,54.5524328347424,56.4615302128231,80.3729257147194,97.8988649882071,17.2131503355815,8.99454851988599,17.3201930076202,82.3167984084996,24.4300114052223,62.1457877002655,24.4366445780169,8.88286332811882,12.4717521954931,133.783992952872,22.0392898589071,16.1959410756021,49.2298035514135,27.5167191057106,92.2055432184102,22.2506657280599,32.1362808835734,11.7864254686235,44.2917909219826,54.4069464420116,103.808634836835,70.70988476392,44.1132445660444,12.162774527701,24.4300114052223,9.64938320651939,16.9654409357031,145.716079063952,77.8555866879597,57.750947822538,14.9344233608025,107.85887463764,48.1454541646351,35.5748353761971,36.0229903809129,20.9046734980988,76.6977470554699,59.8986766952597,107.084362260378,81.2830665358046,93.0578477801689,90.3875379416009,35.5480338725298,42.3625157408858,93.9041536537544,10.2426818407641,72.6011263731733,17.2811955068489,41.1380033863924,116.751009607937,9.55033957792913,17.6080484847691,16.5891202177543,53.3932312989432,117.665809171632,115.679861904415,45.3244318320557,92.9060860750743,126.946533836061,23.2780790028131,53.771152184359,50.5659996183547,10.2333942941778,50.6990481962035,78.4770428776857,50.0938810799485,89.637754503394,66.9769437273771,14.5771284372049,107.991946023272,9.31423784908863,65.011313832535,107.569324437345,9.55033957792913,11.3993392330506,6.5777170766271,24.1822834468228,10.9713816182355,16.3341115689989,71.2453687154895,125.823981352379,40.7156871934952,14.9344233608025,77.5702489988935,75.970388721584,14.4950318833769,67.37414138459,43.7265193244135
11.2556741206043,49.8296840602113,51.0348481291186,96.9585071686463,9.82455177555015,12.7836715445014,112.802215917346,11.2556741206043,18.0906318520441,56.4920340053874,11.7056450789672,17.7010477893767,10.8977369453778,12.7836715445014,28.5338306557463,9.40292941931486,13.3207663986915,140.615774002245,100.268501173334,9.17251013482178,20.5375213024486,62.7882024063685,19.7733524467083,12.6474298770147,7.68184854203767,72.0751413494879,10.6819644300053,13.3796597042212,61.2811728238047,12.4861818510493,149.809798964466,60.0252312512305,131.805585256055,146.730613578315,91.9766629613313,154.161949843521,8.40990555300608,17.7010477893767,16.3751269631336,24.2986241070174,15.0503750220985,17.5996555280641,19.5221147376767,85.114931286917,9.40292941931486,37.9439993993636,26.8045185291507,11.006443567506,101.711502580154,125.641889276945,129.015018849245,122.240224937498,44.134491510018,131.263740860459,138.530391124254,7.06936369174073,9.8228494116273,71.4381498806442,12.1246754553126,17.438715319955,7.44389805212855,10.090165514465,17.1858117704006,80.7857469710065,121.368546071556,14.7210671610406,67.8464405715717,44.802236295229,14.3853948780126,22.3374939785764,82.739604021588,25.2922201060209,14.3853948780126,28.1461557696637,27.3515607564371,65.7596758893337,94.9309877710292,16.8989961141274,75.1725944967072,18.9175643563962,66.3422674166965,68.4694141259256,26.690349273565,34.2492891022557,51.2847400125157,28.6986510706559,84.8604870624581,84.8676483795932,146.883415367763,14.7633338356064,39.4538470595957,82.9979967975369,43.6342892594225,26.5182460592742,125.241381857268,14.1182426319314,75.2169863896834,15.8694492953011,26.1102396887875,13.3796597042212,46.9510653985313,47.7194697022869,32.0500328786573,97.5916000048877,84.2847432145771,88.622938157114,66.4036898033934,21.618405960829,55.7455951467726,48.9594752439906,64.2378212895136,80.7720940171613,16.4679040361746,8.98784545485546,17.7576035569521,65.7914557454227,24.2297872092578,57.4817994629038,24.2986241070174,8.54214354999766,12.3999477402523,137.672634746825,21.3711148961452,15.4425545611888,46.1527735149051,25.9161403802483,76.0747819358069,20.4511861975628,25.0600974343636,12.3422077891765,45.8221789980174,67.9725628902151,110.420995127939,77.5311716150194,42.2079662032741,12.6474298770147,24.2297872092578,10.405674312003,20.9690531424268,143.353153786737,86.5577187773285,56.5834306179743,16.3751269631336,114.729225459786,41.2626525193943,43.0133040947162,32.2157794587648,20.5375213024486,61.300445701646,60.2530727625473,108.149305794061,79.6398142222346,90.0491334669811,82.5026307180875,33.3096059126026,40.6043902578385,94.1135005653089,9.59961659361123,80.7159530466715,16.6900225571627,32.347285249843,124.00644864394,8.99482021202471,17.7122281341353,14.7246310253234,69.7484851708514,116.983363359442,117.716980416721,48.3624502566244,88.3598657871002,130.183588224832,23.5095772270853,42.97643309403,48.6534548377791,8.04663564244298,52.7897864275437,70.1784480624176,40.7082683919802,80.3603511303826,65.7731554123991,14.3853948780126,101.869508074767,9.1789767727461,58.9440253493834,112.039125682728,8.99482021202471,11.54622594531,6.57460031516782,20.8687651803633,9.40292941931486,14.6435500125998,72.787506058463,126.508371230585,43.4965041140026,16.3751269631336,86.2404881135129,70.9047857561883,14.1283459427135,53.8485816624328,50.6317280516815
13.6497129122788,51.440512212492,52.6846352322119,99.2033366210246,8.65011695492578,12.9331729429822,107.382604670127,13.6497129122788,18.2346309275758,58.4138495178093,12.1761285325244,17.7073692981287,10.3428191445225,12.9331729429822,32.4877278991363,9.98511102870764,14.3585120532444,143.852370163759,97.3455965798027,11.2224877385149,19.9810608562226,63.3751257088853,19.9581871907378,12.4104903865596,7.70846502705226,72.2857503237782,12.7117213145745,15.1346297936111,71.2555906747688,12.5955657170325,150.318626055105,62.4378174785707,126.677382501959,141.362946315069,84.9101847641699,151.864385523875,9.71646991470131,17.7073692981287,17.2505026657192,24.9684583091552,14.1776041193833,18.0143615787871,17.8547128631593,82.0012754577714,9.98511102870764,36.0118734168879,25.8239614858231,10.6900208204368,104.451458315071,123.72210179253,126.330982066074,119.699246606334,44.8323112985564,134.454390639369,142.401310828543,13.2630181423894,10.9616942104443,96.9740957151581,10.0986987628313,17.7358218856099,8.05447073307629,9.42589289766773,16.8129929896776,83.5906253070185,117.783080630592,15.2321821028607,54.629144346586,46.6029666878786,14.4441532135273,22.5765392002982,85.6123202067048,25.9989542195902,14.4441532135273,27.7266774009923,27.4444599871973,66.998849427896,92.6359547887269,16.4507555284534,83.978417204482,18.9658307184354,66.2090614977725,43.3338102830681,25.5428339528816,39.3658584576732,53.3460208247306,28.3965074918221,94.8479876404974,82.8286899301375,141.510158342824,10.2349164271955,48.2714446051856,52.5288479975078,53.0035770727459,26.7237546884698,114.536317857899,14.7225594159919,75.5242163934594,16.5601533479085,29.728302961654,15.1346297936111,52.234837033399,51.1412076923894,39.5051060873543,90.013554509276,82.0010632549301,87.3021394722334,74.1823107684629,22.4656371281728,50.4974033950122,56.1925495542742,66.8197235943755,90.2784186166431,16.5787003074389,12.0361809031921,18.0377239712071,68.4358030756933,24.4596330719499,59.7626423185578,24.9684583091552,10.5291089227177,14.3863643033053,132.636324487133,21.5694867173166,16.2571095693712,47.5383460984085,29.6887208231356,85.0282649390198,22.0626403592727,44.0652839109108,13.4946598589954,44.9102246241383,62.1669634302264,111.602668026806,81.6758053621397,44.4521992906954,12.4104903865596,24.4596330719499,12.4284930799946,17.0406858929327,146.65275705372,71.0419544307895,58.548005368698,17.2505026657192,115.957002987753,43.8174262904503,40.7799800140201,34.8582222616099,19.9810608562226,63.7642864557219,61.648080547665,105.899360652676,82.40490581291,94.8763361101474,86.9023554150672,37.0602376505565,40.7884558950031,91.2120751598181,12.7702823169113,66.2473449991303,17.0404281120001,32.6197739521761,117.15712635024,10.3041850449546,18.1223100603513,14.1377552723904,45.1979730065757,120.252199913118,116.705242713711,47.6098586228588,86.016147987356,128.243387237413,23.0204824643429,44.7037792186773,54.6463279183393,8.11441929994071,51.293012085853,73.2940075392754,46.3491622530297,90.1663350044723,71.1942543294644,14.4441532135273,104.613720241357,10.7744305094928,71.4811938665089,108.422041838826,10.3041850449546,16.9339656396571,7.92494060875202,23.3133614795706,9.98511102870764,16.4304313945639,69.2194165850021,126.938055316136,43.9702888052769,17.2505026657192,70.7815884382336,71.5259395784893,14.7871475689552,56.0129106249793,42.3750066418693
12.8014364890639,48.0983176859847,49.2616075069676,95.3415260116403,10.2387606135214,12.9991466432426,108.104659717295,12.8014364890639,18.2504253202944,59.4911762720612,13.7645241140271,18.3752330060578,11.3657058096151,12.9991466432426,33.8703609597921,10.5947074219364,14.6903500017163,137.539908284274,98.7308475278382,13.3556924596268,20.0999040734371,60.91951450771,19.1848625231725,12.8126246741253,8.83358409540427,71.5817913131835,6.64012163130302,15.003691847922,74.9296361358606,14.0771874407196,145.359106591016,70.5829313492656,127.817735893215,140.224890461594,92.5216697885559,153.393899838995,10.518773146286,18.3752330060578,14.6356706754551,24.5273773607918,14.2326196199989,18.8594787807212,15.3615553807849,81.3411163852578,10.5947074219364,39.5733845086339,25.6160632260956,4.01971937584346,110.47979406261,112.386179085398,124.412667023207,119.331083685373,47.9406809351422,135.695116704654,137.427895177755,4.0120101623182,9.68265465618212,67.8664905875877,4.09064204389295,17.498403448906,8.26788065456976,9.86498187504107,17.2711265677544,90.5287732214408,119.98485080984,16.4964761801081,55.2208878582374,52.6823987646845,14.2248843169585,21.9786166355849,92.7182718455321,25.0909316384252,14.2248843169585,28.0059288518787,26.538974505724,66.6899455007785,90.9821806650734,17.363010726176,80.5230889263137,18.9959845843772,67.1636356748056,40.198223156016,26.6470051173896,43.0979735604227,60.3050951760245,28.7413089265717,95.5988379756379,85.5520975403741,140.370917344908,11.749393614944,57.4470281233819,48.7279179961084,54.1827060860931,26.0936760277663,107.843475082547,4.17099968734386,74.3777240136006,16.5447759763028,30.9934986884708,15.003691847922,50.143518112474,48.8484894613947,34.5243727529101,92.8418681081937,82.4887886185805,88.1814099582182,71.1300475242771,21.4952106167127,56.0987663849658,53.2690205469225,75.5364641766571,90.9930946214855,16.3914798463048,10.8191818972333,17.2896900551272,77.3633638296432,24.8941396738042,56.8560151856844,24.5273773607918,9.20161764406093,12.6620935293946,131.568523133237,20.8749723716989,16.1063209856766,52.9157613463841,27.219499278518,85.7013788638809,23.948565077809,14.1184683999195,12.6725549466302,46.8420902770221,53.4862284769151,108.646955775987,69.2953830156118,53.4997269965586,12.8126246741253,24.8941396738042,11.4078727273269,17.9456908258999,140.217409917144,94.7557939075421,63.407578076169,14.6356706754551,112.885969468941,46.4925037082609,40.3807492707831,35.7818199408097,20.0999040734371,72.0824403412852,59.248229699738,104.291296397592,89.244637221834,93.1657028956091,89.8102804177059,38.1247113339402,42.6120693313481,94.4698618794931,3.98276934679902,88.3607414795284,17.5968656597775,39.059805657636,118.618101448592,9.44718228406433,17.4168405505407,14.5670480056597,13.8673009323136,116.052349717852,118.303068379393,47.0319757068812,90.786061317709,129.535000777496,22.6709202502035,50.5354592307389,44.794780807537,9.71642664798758,55.1986101419836,73.8249549250481,48.3217189139233,88.8936605479932,64.8257082913824,14.2248843169585,110.651420811431,9.22328033338127,67.0389164464713,105.861037802208,9.44718228406433,13.9492741420577,8.0170221445386,22.3541231435661,10.5947074219364,16.1985201125566,69.476562069771,122.749939893612,38.4038455670172,14.6356706754551,94.4085176180758,79.9395661092381,16.8572216265274,63.3198850467886,47.6644987351042
13.4011973655915,46.9828143371148,48.1191249672768,97.7063419483986,9.67061447746417,14.7699300661854,107.631443505125,13.4011973655915,18.818154761838,64.4177633394301,16.4041756249544,18.4230008220519,13.9254714323936,14.7699300661854,30.9718215965842,10.1524395831413,14.8325307187257,142.269202746154,96.4989312824628,13.518370169894,18.8172301939894,59.895185168133,18.8622792308229,11.4641058014115,9.01445780166565,78.6363245144695,8.75291023665445,17.048744091187,63.9898781260198,14.0771874407196,148.164299157934,84.1187673751477,124.069006873795,136.152150692672,87.84888955085,153.578415965081,10.2522928512311,18.4230008220519,18.4566799655376,24.6620897465799,15.2382866555844,19.2710853413207,19.3727270956301,78.9786171280984,10.1524395831413,48.4860372676469,24.8720615079932,4.01971937584346,108.705917829147,134.296126183638,133.708901308112,121.344209225047,45.3321746945659,136.907235592542,141.071926856196,4.0120101623182,9.63766988639302,69.2474797594153,4.09064204389295,18.2077718657835,8.21885303198343,13.8104153292496,17.0139561221711,78.3611550038051,118.796257377178,14.2792493586986,55.1994554932839,62.7854123048882,14.9743741874455,22.4301100285894,80.2563716841787,25.7562416150768,14.9743741874455,28.0396169288141,27.051133226034,72.4454940253278,94.7486097976931,18.5753151390404,88.0447168635722,18.7390400839859,68.4380067549322,40.198223156016,25.8270061975704,43.1009266234658,71.8699291128396,29.1401816693169,85.9870193972668,83.6102450120826,136.293936321148,14.1604377658957,58.1467560502577,48.7279179961084,62.0002345958724,26.542251160562,112.083217008746,4.17099968734386,78.2965854606226,15.3936253506361,28.3411538829723,17.048744091187,45.8337429294574,53.5642379123773,36.0105242297566,85.3774580720935,77.2247727246855,88.2874825737223,77.7742754068751,21.6752272343695,64.7690156450117,63.835379365222,90.0222495290783,81.8443524829132,16.5357761713258,9.00328270554884,19.2751269107751,92.1994975405961,23.7106974192289,65.0688154636468,24.6620897465799,9.59771456228648,12.0485905271205,127.747201863245,22.9730532625916,16.4362698688133,49.4697046770888,35.3377017331126,77.0846830650702,24.1492757913608,14.1184683999195,12.8965225226262,44.8451852710438,67.4524214490608,110.878824301483,87.3866825627198,41.7362735692822,11.4641058014115,23.7106974192289,11.4092799473649,18.4265538605306,145.038769975126,68.2851358983601,54.8852135871622,18.4566799655376,115.204917482057,44.5517102237092,39.2627169134475,35.5696376855493,18.8172301939894,85.9058403354994,60.7178008685649,112.084042493194,77.2496146997626,100.714146490346,82.3049176227402,38.2572967337394,42.6120693313481,90.9695978560153,3.98276934679902,63.6765836809606,18.0243500303822,39.9831160508675,110.515486441614,12.2647998170959,17.8488414196779,14.4091070178669,13.8673009323136,119.129588426793,114.942828713629,49.1481442674655,97.1248434850272,129.69081725104,24.3649132425809,60.226749696632,47.9073881568019,9.94610719959587,52.4128026655248,76.1537750953369,44.1864690848428,90.3094178569179,66.1369689349639,14.9743741874455,108.874788919223,9.22328033338127,70.1797607824757,100.823939792078,12.2647998170959,14.9574256967795,7.71188805790322,24.4422124033239,10.1524395831413,16.4565044626412,72.174461751285,125.118812591406,38.3680789856361,18.4566799655376,68.0348735382175,79.9395661092381,15.9415737409438,75.4628715278955,46.6048537244859
12.7933412717471,46.4577094107382,47.5813200288169,92.6559525097807,9.66606317498043,12.9868977637721,110.741203659839,12.7933412717471,18.067871704768,52.9795860101879,15.8308069404573,16.6147992880434,13.262701218178,12.9868977637721,30.8839695754106,10.565910137782,14.2982376633,142.255677305163,96.0537561972742,14.6191373673404,20.2925947393675,58.4484026954341,18.4066563805103,12.35303495913,8.83358409540427,74.4141566886796,7.81331407612834,13.4546444444722,70.981996376405,14.0771874407196,149.807832495157,81.1785972566301,127.641959838004,135.820247931447,85.1709402648453,149.231587958995,12.210427090668,16.6147992880434,16.0490540770881,24.296838761914,14.2050272680021,18.1055976317688,17.7902973313391,78.7860882479508,10.565910137782,46.1783881900298,24.8114300317377,4.01971937584346,105.195641044136,126.092201681178,125.791330245605,113.983157761723,44.7569249053047,129.824448064703,142.776184508946,4.0120101623182,9.84586190676158,67.8664905875877,4.65800907747897,18.3021899885443,8.4943490105016,10.8439799487998,17.0515912180827,87.6956807368097,116.524428525366,15.980219955422,53.7970847764913,60.5908985370583,15.4998508329695,21.3868117355939,89.8166591338363,26.0673968736516,15.4998508329695,27.245993740424,27.3512017278211,66.228183755239,88.9267559244664,17.5953618777944,82.9466481603188,18.6225984834953,63.1868921144831,40.198223156016,25.5801123736129,43.0979735604227,69.3578878099142,28.5648255939036,97.1052274237888,81.676069457499,135.96168792424,11.6669507064714,62.8815015035657,48.7279179961084,59.1128758494043,25.90426119057,117.017969193457,4.17099968734386,81.0441478341024,14.0190731973165,28.2607637889235,13.4546444444722,53.7058075063629,47.4068274420246,34.2829116685456,94.1571748579908,83.2795794379113,85.788625560341,73.2708978790174,20.9061218888519,50.2840929535909,45.8663467221904,86.8757373258416,92.4269095139566,16.9388115269647,10.8191818972333,18.1957462341797,88.9768848458303,24.4200604068745,65.0016599141898,24.296838761914,9.13726216423385,12.3484084735028,127.435788133668,20.2839879081939,16.7450529929692,50.1266920168721,28.5176616189025,87.0518100568357,23.983152474551,14.1184683999195,11.4489630702221,41.0167446255062,61.9426799011829,105.721484993934,75.9873171494073,55.027535315309,12.35303495913,24.4200604068745,11.4092799473649,16.9651314944565,145.024981233171,68.3060724482123,61.4232417538724,16.0490540770881,109.846357332307,46.3661332680952,35.245440809695,36.7619320484713,20.2925947393675,82.9032073602188,57.5793296687664,105.446987198214,86.4517316956722,90.2242367460913,91.8674341187567,44.9038536495214,42.6120693313481,91.0126821097968,3.98276934679902,63.6961072266213,15.9897902178317,39.9831160508675,115.011311972138,9.89774076563047,16.9262441921088,15.6869951081084,13.8673009323136,120.568765712237,116.90475877067,49.1328478504985,92.0009569501967,126.020095209687,22.9221451834416,58.1216678543868,45.2854682964273,9.94610719959587,53.2986726242529,78.9077729996452,44.0611335244037,79.6379661299709,74.5243453004135,15.4998508329695,105.359059033967,11.1823968718841,66.9965231886692,111.804844232347,9.89774076563047,13.9492741420577,7.52471904191184,23.0269306859128,10.565910137782,14.5119144394212,66.8710012115137,126.506710626064,38.4038455670172,16.0490540770881,68.055733356431,79.9395661092381,13.7361166375847,72.825247524986,47.6573928913689
13.570510413814,49.2736358084177,50.4653514803248,99.0773577912992,9.38357289328947,13.078715472698,114.127819172193,13.570510413814,18.0634717022609,62.320764025187,14.9923549968107,17.3663873645665,12.1846782261227,13.078715472698,32.6258484704107,9.50350308654541,14.6486392662867,145.308919379304,98.1426992347963,12.8327684099676,20.5569764345461,61.0553185232935,19.2276301221943,12.1363483366903,7.74620028710646,74.7252302579804,4.47072866809493,15.3526904555278,73.2044161711855,14.8126269487884,148.138065712342,76.8791100031801,129.440120744086,139.757777701099,87.3954800531536,153.478545251918,11.6798685226493,17.3663873645665,17.0860161355485,24.9452854211374,14.763729057181,18.0328418698081,17.7839705547335,81.0701554075639,9.50350308654541,42.4249021251643,25.5307317990774,5.06330409060314,108.598171363673,137.264872539262,134.382400060786,123.670548570842,50.9412415553883,136.585651068765,140.764289842513,4.0120101623182,10.1756377403339,75.6383773753006,4.09064204389295,18.2620850339595,8.4180844450465,10.4277963151158,17.3036906841669,92.4231365731801,120.052900841681,16.8416738315994,61.2388768651016,57.3818039636252,13.735261145474,22.4137163992822,94.6584516355657,25.700074711918,13.735261145474,28.0213830088854,27.0463436482766,68.2028621919122,90.9694633784161,18.6551029628877,88.0052839294079,19.7993543180738,66.913966699404,44.7081381027288,26.2799676157055,43.0967884169606,65.6844644613654,30.244106635638,85.7701608452292,84.9858056253081,139.903318144236,12.5714977991851,55.1977675419498,54.1947955951487,67.6815963647351,27.4183138166058,109.178290781612,4.17099968734386,71.8176288797569,16.3720862877686,29.8546919230744,15.3526904555278,54.3888522545715,50.2116759224007,41.9707072671178,92.2992726958831,84.3645858980681,88.2300699888056,77.7394423357829,22.0777534890446,57.2322438289778,58.6761592028216,82.2745106738743,81.6379417025847,16.8410131271138,9.00291904498718,18.8314210670825,84.2643744653298,24.7298943986448,66.8433477991187,24.9452854211374,11.1862539339045,12.7516958696124,131.130246192297,22.2002383069228,16.077834564436,49.8042098263942,29.5743014359629,76.8902761316639,24.2248345624244,14.1184683999195,11.7877199638966,49.3480168551374,61.9206511800893,110.797785628855,80.8970124142905,47.8002329562249,12.1363483366903,24.7298943986448,11.5821952103048,17.0192878027842,148.137661042448,79.6118536721771,64.7344158080382,17.0860161355485,115.120716971709,41.7039975618245,43.3999886310313,36.4318734684081,20.5569764345461,78.5123790463399,61.5697933316626,112.648615697187,91.1121293359574,98.9375914760721,101.608376418323,40.8996121120287,41.6044211333144,93.8208870439907,3.98276934679902,74.2388631970859,17.1412067567519,35.626659112067,117.138560692185,10.2644730430404,18.0992964451738,16.0098718710021,13.8673009323136,118.869801298045,117.376905154878,46.8029965733258,97.5420304799811,129.606480436337,24.4876405892075,55.0433519123263,46.2215015542561,8.86240507721481,55.4413965074631,74.0584663998865,46.5462142841337,83.7140002331963,58.3075012175141,13.735261145474,108.766875073136,8.94013374668851,71.066424033337,101.883105050377,10.2644730430404,14.5681222174347,7.52274945641742,24.431265373373,9.50350308654541,15.2546639222701,71.6400159095161,125.096659497973,36.7721932553854,17.0860161355485,79.320079333103,84.1158772809253,15.1616437710255,68.9681813271903,54.9837208896906
12.4142550209969,58.2832161961809,58.5334161586248,92.4745497195201,9.24341621163022,12.4367621076599,108.013992243539,12.4142550209969,18.5395791542722,43.2525238712867,69.6876434365394,71.740211511366,11.8048292777887,12.4367621076599,41.049801967009,10.9713816182355,54.8163215678413,137.682348092058,74.7611596317925,68.2450566503371,20.9046734980988,40.6321521431403,70.5782555185409,12.162774527701,41.9958236481966,27.0572513892284,13.3906356113079,59.8968691666583,75.2194376403225,63.6560823808589,137.977289054695,75.21958007042,121.622026176267,136.796674711124,86.647823622378,139.208268609271,65.0034480887586,18.9276413989941,14.9344233608025,24.4366445780169,16.4313366584767,17.612750176594,15.6259909264136,56.836797639631,10.9713816182355,48.1657520454559,98.7258073983834,9.19471792402613,102.470778789738,115.73240285944,128.736997378254,43.7983435809079,60.3359316359612,127.713394254502,129.031121010716,26.7945506682732,49.6347944563677,63.5245812297739,10.1232722466862,82.8711843184971,8.32360639516881,10.3921701810391,17.1299666366489,83.0931787395811,119.443488946455,15.0248150779192,56.9716382569826,57.06752763445,14.5771284372049,20.9998538131751,83.4498836635169,25.439767322964,14.5771284372049,27.4462930734239,27.2035932254924,82.3356788379977,83.3632684609545,84.5456904124754,132.564966477653,92.8756103112564,75.1458636464288,34.8973774515791,110.849370809667,34.4055895772451,69.1221336800105,140.904945429111,101.777312159665,96.107855487105,142.722967354569,51.5390891595384,61.8098255667447,38.7569795359524,73.739024394004,130.545789664218,110.009215598448,14.6036631859584,72.435077678943,61.8460807803979,11.1515458222435,15.802942821396,62.2561938701315,61.5577927246832,33.7845689539142,87.6455691197516,105.738037143123,101.032171983299,108.287041860768,105.129071246032,53.5253113833501,57.2343074876405,80.9973041787386,97.9031008970835,81.9033779206221,8.99454851988599,17.3201930076202,81.3450118686398,24.4300114052223,72.8255121921125,101.89782462923,8.88286332811882,59.3429217479334,128.868908875241,104.867049391004,77.0633066483562,57.5542022199521,9.55033957792913,92.9218435762335,105.872815178034,36.0939455252711,45.9583275475193,51.9033144347055,63.7567546904132,102.34205074257,51.5183240620498,73.6083943971157,12.162774527701,24.4300114052223,9.64938320651939,80.7247304216345,131.662750199495,76.7547780066901,15.0248150779192,51.4517565652311,103.896252311444,59.8369414952131,12.347102754743,44.5271048911914,20.9046734980988,77.976101822741,45.6534617734852,114.277574267662,79.0759138222243,93.2032575974252,83.4258888623128,42.5253503162176,45.6343370538829,99.0654598534632,10.2426818407641,75.579740282128,17.2811955068489,10.2333942941778,112.292617586852,9.55033957792913,17.6080484847691,68.5894849309497,62.5688330750831,121.203465106701,101.965972342367,43.1227655553061,88.2931422328181,130.76321739115,110.761439054677,14.6458413982401,51.9839324243196,37.1859019146211,45.8666083679803,83.5315853359089,54.2990308577569,90.3341069501572,64.516280815344,24.8134582840255,109.791894839576,9.31423784908863,66.0948857255174,107.560550290225,9.55033957792913,11.3993392330506,27.2147530317758,24.1822834468228,18.6756891986617,77.7207476116621,108.423971217772,129.606915048573,35.8888277175058,27.460860907298,82.641780318021,71.8095953498312,58.3551038385133,71.8998860643749,42.7015083717974
11.2556741206043,50.2167868229813,50.4323589721721,93.0216839560829,9.82455177555015,12.7836715445014,113.056477250268,11.2556741206043,18.0906318520441,42.4810583428364,55.6976412810106,67.0911333120551,10.8977369453778,12.7836715445014,33.3586921173798,9.40292941931486,50.4888368704205,135.44969742905,75.4002245323112,43.6445130267706,20.5375213024486,43.1464796607588,74.9456552410715,12.6474298770147,36.5516673009548,26.3545251697734,10.6819644300053,50.7120563464365,68.8281049583976,59.4115807388352,138.727783984488,60.1190251451923,125.261215682779,140.772884830243,87.5088316195007,142.757989292757,40.0158982728903,17.7010477893767,16.3751269631336,24.2986241070174,15.0503750220985,17.5996555280641,19.5221147376767,58.4888483959107,9.40292941931486,44.4646579137986,101.595427988392,11.006443567506,96.6613549597427,119.403557602945,130.01727425538,44.6975618022418,57.4787940224613,125.934016248585,128.282757923802,26.7945506682732,46.7389485325549,70.2678895818951,12.1246754553126,82.9766581627992,7.44389805212855,10.090165514465,17.1858117704006,81.4133324440977,122.311399721619,14.7210671610406,80.957089242384,45.6110513461725,14.3853948780126,22.3374939785764,81.7628260727847,25.2922201060209,14.3853948780126,28.1461557696637,27.3515607564371,78.4670780762185,88.432363262008,80.4085735749048,114.400576051818,90.0132975436116,77.743154981144,72.4776365468038,111.295498074119,28.2842732939994,55.2456592938634,136.5535313773,83.9720320308588,99.4521139806483,146.871434473557,70.2466943547515,39.529013082252,80.493563745764,51.0125275055781,126.178757893909,121.966632801217,14.1182426319314,71.4823361761443,61.8790956302866,9.06218704821144,13.3796597042212,66.0737832614933,60.8962466819843,32.4886950433635,99.2182017226883,103.880942723333,103.608426929715,93.449274698889,102.864405348924,54.6960086550146,49.6295734455967,64.7368539156376,80.7755888812749,78.3573571101204,8.98784545485546,17.7576035569521,65.0147582502905,24.2297872092578,67.3600197619247,101.322296114902,8.54214354999766,59.0012627651603,132.614686033872,101.687748366771,73.4785531774737,53.9568689749978,8.99482021202471,76.6657701955135,97.3105561392529,28.1463121053393,48.1254668554541,53.696698984395,79.6536159677535,108.860993155251,56.4882270351409,70.4292022396873,12.6474298770147,24.2297872092578,10.405674312003,99.7746635961033,129.527713060749,85.3338696957864,14.7210671610406,56.4152378620279,110.514193624886,51.2827424225217,14.9288023363227,39.8211080186163,20.5375213024486,62.322166938671,45.9235747075806,115.414053592863,77.4772822268133,90.1898419440614,76.1482772722783,39.8475669683435,43.740424724239,99.2863132156959,9.59961659361123,84.0274947875472,16.6900225571627,8.04663564244298,119.270991853855,8.99482021202471,17.7122281341353,60.8805557237641,81.7347296600363,120.500501367555,103.761589716596,46.0132100899626,83.9726494484868,134.097594738486,111.86295075828,11.7056450789672,50.0177575364046,29.2397024038073,47.7580654084703,74.698495357479,44.1255393658601,80.9846319085258,63.3567184249268,24.4870858648512,103.567411550247,9.1789767727461,59.9264711017082,112.029986945667,8.99482021202471,11.54622594531,27.2018576924985,20.8687651803633,16.0058407867431,69.6767405965365,110.770855764838,130.311881302631,38.339977784057,30.1099729805565,91.8788783738145,67.0214284696924,56.878874167844,57.4657696067152,49.4448493198572
13.6497129122788,51.8401287216333,52.0626696022804,95.1753662058645,8.65011695492578,12.9331729429822,107.624649952429,13.6497129122788,18.2346309275758,43.926231248092,57.9362892536854,67.1150933166527,10.3428191445225,12.9331729429822,37.9811643818754,9.98511102870764,54.4221369146921,138.567384430298,73.2022494946888,53.3986885920079,19.9810608562226,43.5497986500583,75.6462223826293,12.4104903865596,36.6783134981104,26.4315350709681,12.7117213145745,57.363805645514,80.0308977104056,59.932049562925,139.198971151172,62.5353812181802,120.387636843173,135.623161899025,80.7856125899274,140.630384764686,46.2327750564699,17.7073692981287,17.2505026657192,24.9684583091552,14.1776041193833,18.0143615787871,17.8547128631593,56.3492221165445,9.98511102870764,42.2004969867198,97.8788862278838,10.6900208204368,99.2652672720013,117.579090804491,127.312386486021,43.7684442711394,58.3876034030133,128.995115516873,131.867330603759,50.2699574002214,52.15778437213,95.3855196614368,10.0986987628313,84.3903465844493,8.05447073307629,9.42589289766773,16.8129929896776,84.2400005259928,118.698080530342,15.2321821028607,65.1856822088727,47.4442903358187,14.4441532135273,22.5765392002982,84.6016285613596,25.9989542195902,14.4441532135273,27.7266774009923,27.4444599871973,79.9457095549379,86.2944397540511,78.2757613138086,127.801619306003,90.2429578913036,77.5870576874795,45.870586041646,106.510499277208,32.5097170847962,57.466140813957,135.115875908018,93.8549675109495,97.0627614772056,141.498615731073,48.6996402041392,48.363409591347,50.9438099463193,61.9660931622395,127.156606259536,111.541479464817,14.7225594159919,71.7743116921473,64.5723297386799,10.3179229787039,15.1346297936111,73.5095843203635,65.2628291697276,40.0458042956474,91.5138496410578,101.066307262173,102.064290875585,104.396053251339,106.895689171597,49.5466306508571,56.961645346505,67.3388137732266,90.2823248024278,78.8845464218178,12.0361809031921,18.0377239712071,67.6278878802624,24.4596330719499,70.0328243934125,104.115422963483,10.5291089227177,68.4530030509118,127.763404549455,102.631638469481,77.3543577438463,55.576731718876,10.3041850449546,85.6888084863492,104.978155424403,49.4920355842735,52.619176152522,52.6280256787496,72.8503269613432,110.025971656,59.5079545487064,74.173982199607,12.4104903865596,24.4596330719499,12.4284930799946,81.0827599541983,132.509091941439,70.0374844434884,15.2321821028607,59.4310635463839,111.69686388968,54.4579092440753,14.1536734673513,43.087364556652,19.9810608562226,64.8270736000869,46.9868191414368,113.012972169157,80.1672907815287,95.0245874508438,80.2091351289459,44.3343672548389,43.9387064641098,96.2254151527062,12.7702823169113,68.9652816635213,17.0404281120001,8.11441929994071,112.683225875314,10.3041850449546,18.1223100603513,58.4540553980231,52.9652234858564,123.867616419601,102.869793885027,45.2971761261611,81.7453011897389,132.099061057937,109.535746707254,12.1761285325244,56.1786781470649,29.486013292127,46.4039578859801,78.0147215144185,50.2399601937776,90.8667937380035,68.5786518336048,24.5871053929369,106.357362696666,10.7744305094928,72.6726020689349,108.413198137788,10.3041850449546,16.9339656396571,32.7887774658242,23.3133614795706,16.9968411158288,78.1790552962348,105.340798522551,130.754483962118,38.7575951284366,31.7195811876885,75.4092781416303,67.6085625541696,59.531123408662,59.7754837287049,41.3816770424369
12.8014364890639,48.4719702991206,48.680052246891,91.4703573676039,10.2387606135214,12.9991466432426,108.348332544564,12.8014364890639,18.2504253202944,44.7363628269498,65.4941715159657,69.6464538098911,11.3657058096151,12.9991466432426,39.5975905511545,10.5947074219364,55.6798807671374,132.486835802837,74.2439348823552,63.5488742959073,20.0999040734371,41.8623641530404,72.7151400544826,12.8126246741253,42.031839753583,26.1741300195753,6.64012163130302,56.8675200428557,84.1574112049339,66.9818819064966,134.606326680404,70.6932224358719,121.471369765561,134.531314726273,88.0273643553004,142.046754941909,50.0502833859933,18.3752330060578,14.6356706754551,24.5273773607918,14.2326196199989,18.8594787807212,15.3615553807849,55.8955773408791,10.5947074219364,46.3740520904905,97.0909029387197,4.01971937584346,104.994285984021,106.806015775669,125.379168979552,43.6338242234312,62.4358054321775,130.18546416488,127.261817901408,15.2064618915358,46.0718757530893,66.7547392378848,4.09064204389295,83.260665406537,8.26788065456976,9.86498187504107,17.2711265677544,91.2320475625314,120.916955199322,16.4964761801081,65.8917742584745,53.6334744377803,14.2248843169585,21.9786166355849,91.6236912699925,25.0909316384252,14.2248843169585,28.0059288518787,26.538974505724,79.5771130215856,84.7538768937028,82.616441593855,122.543166433421,90.386435606298,78.7056749894773,42.5514405946387,111.114758234385,35.5918296277943,64.9626914549162,136.756505407401,94.5979567462857,100.254185408944,140.359467658052,55.905804970151,57.5564740947961,47.2575715650828,63.3446042425594,124.158574541853,105.023637797213,4.17099968734386,70.6847445922921,64.5123693814913,10.7570396036629,15.003691847922,70.5664912949136,62.3370226626983,34.9969006952137,94.3893039750209,101.667428753842,103.092239551097,100.100632511863,102.278218937343,55.0425303317508,53.9981026028865,76.1232705055379,90.9970317300234,77.9937165688392,10.8191818972333,17.2896900551272,76.4500547955037,24.8941396738042,66.6266947499371,102.276169256611,9.20161764406093,60.2486012952862,126.734833101295,99.3270097518178,76.6368775548231,61.8634284406985,9.44718228406433,86.3671515083817,113.951736781723,15.857193655145,49.4135760372466,54.8918815387181,62.6778117745066,107.11201701601,50.4877360516326,89.2708991061597,12.8126246741253,24.8941396738042,11.4078727273269,85.3889421230497,126.69439044842,93.4160313423703,16.4964761801081,50.422500190991,108.738656932678,57.7825938632574,14.0151108300974,44.2290002260989,20.0999040734371,73.2838697806685,45.1577052946434,111.296888901176,86.8212967696146,93.3112812445154,82.8930917187008,45.607774286311,45.9031646355549,99.662261414897,3.98276934679902,91.9859267448872,17.5968656597775,9.71642664798758,114.088410452082,9.44718228406433,17.4168405505407,60.229011940205,16.2503900986612,119.541496536697,104.278196738839,44.7473642808311,86.2783802796788,133.429507325539,107.872464532099,13.7645241140271,46.0508815416745,35.307355302262,49.9372892374886,78.5798661125996,52.378103869002,89.5842324879896,62.4440795209182,24.2138618119783,112.49569625276,9.22328033338127,68.1562832756437,105.85240299554,9.44718228406433,13.9492741420577,33.1697571014675,22.3541231435661,18.034507398227,77.0755781869318,105.732132515792,126.440451661229,33.8510557538759,26.9115256072461,100.580932430091,75.5613863683516,67.8649710024416,67.5732918729962,46.5471760208959
13.4011973655915,47.3478011431846,47.5510572234249,93.7391542695696,9.67061447746417,14.7699300661854,107.874049681495,13.4011973655915,18.818154761838,48.4410733463127,78.0541254502158,69.827505064541,13.9254714323936,14.7699300661854,36.2089294430854,10.1524395831413,56.2187791167032,137.042380928978,72.5655714474845,64.3229251653598,18.8172301939894,41.1584706934071,71.492473524863,11.4641058014115,42.8924705638076,28.7536445280906,8.75291023665445,64.6187489144796,71.8703942007765,66.9818819064966,137.204008214911,84.25020921357,117.908771463481,130.623941122004,83.5815677167743,142.217621690668,48.7823204687599,18.4230008220519,18.4566799655376,24.6620897465799,15.2382866555844,19.2710853413207,19.3727270956301,54.2721270390554,10.1524395831413,56.8183400492509,94.2709614839792,4.01971937584346,103.308485696859,127.628097053479,134.747621221342,44.3699305523524,59.0386032037491,131.348367177714,130.636286347489,15.2064618915358,45.8578298330294,68.1131058081544,4.09064204389295,86.6359725641336,8.21885303198343,13.8104153292496,17.0139561221711,78.9699049922491,119.719128158014,14.2792493586986,65.8662003025292,63.9188777443644,14.9743741874455,22.4301100285894,79.3089094012844,25.7562416150768,14.9743741874455,28.0396169288141,27.051133226034,86.4448639546544,88.2624702105636,88.3848119703354,133.989872172805,89.1638457775974,80.1990461424933,42.5514405946387,107.6954628454,35.5942683716152,77.4207223488522,138.65441626941,85.0867700270329,97.9786264337094,136.282819182921,67.3780024719938,58.2575351176593,47.2575715650828,72.4840194799611,126.292978640516,109.152521070586,4.17099968734386,74.4090279600472,60.0237347524633,9.83647950807323,17.048744091187,64.5013860852391,68.354930714754,36.5033928196465,86.8004813646163,95.1795293700086,103.216248267816,109.450990577826,103.13477156022,63.5495348281601,64.7090809867836,90.721588932101,81.8478937417337,78.6803053809015,9.00328270554884,19.2751269107751,91.1110413272342,23.7106974192289,76.2508609067623,102.837903459463,9.59771456228648,57.3294396502025,123.053903180934,109.310069724262,78.2068358450365,57.8346688662488,12.2647998170959,77.6835167591727,114.906755770361,15.857193655145,50.2868836609237,52.5518093433062,79.0440884636996,109.312354225396,63.6688271520256,69.6421248487892,11.4641058014115,23.7106974192289,11.4092799473649,87.6769780772822,131.05076298475,67.3196448707237,14.2792493586986,63.5865598320757,110.972409219426,55.3705043274043,13.6270707941233,43.9667271211699,18.8172301939894,87.3376704054217,46.277780309335,119.613099614779,75.1519859564806,100.871519844509,75.9657920415187,45.7663833557604,45.9031646355549,95.9696104340584,3.98276934679902,66.2890494552784,18.0243500303822,9.94610719959587,106.295211476865,12.2647998170959,17.8488414196779,59.5759880992783,16.2503900986612,122.711253300449,101.316314703519,46.7607384595018,92.3024312232265,133.590008465566,115.932798959248,16.4041756249544,49.2507702283187,36.1419638610919,47.4170143002385,81.0586807270806,47.8957189303023,91.0109881320639,63.7071658189098,25.4896573649738,110.689452462728,9.22328033338127,71.3494774326576,100.815715848258,12.2647998170959,14.9574256967795,31.907290395676,24.4422124033239,17.2816708834372,78.3031158143065,109.837901110871,128.880545188742,33.8195293136828,33.9374550392354,72.4829834307985,75.5613863683516,64.1786922917319,80.5319630564858,45.5123705757987
12.7933412717471,46.8186169301022,47.019601312264,88.8938266760134,9.66606317498043,12.9868977637721,110.990819377251,12.7933412717471,18.067871704768,39.8397565940621,75.3259303703679,62.9739960736193,13.262701218178,12.9868977637721,36.1062222895463,10.565910137782,54.1936828039991,137.029352398553,72.2308072794096,69.5605806797435,20.2925947393675,40.1642780244112,69.7655557878979,12.35303495913,42.031839753583,27.2097942330738,7.81331407612834,50.9962661437554,79.7236095790582,66.9818819064966,138.725962982581,81.3054448602852,121.304321287905,130.305514666602,81.0337017080556,138.192345501698,58.0994881867684,16.6147992880434,16.0490540770881,24.296838761914,14.2050272680021,18.1055976317688,17.7902973313391,54.1398260160441,10.565910137782,54.1141225591183,94.0411539322021,4.01971937584346,99.9725000736446,119.83151123694,126.768542371047,41.6783365792584,58.2894235255171,124.553163309768,132.214473416285,15.2064618915358,46.8484462740568,66.7547392378848,4.65800907747897,87.0852315922756,8.4943490105016,10.8439799487998,17.0515912180827,88.3769461499156,117.429650564459,15.980219955422,64.1928354168574,61.6847464058127,15.4998508329695,21.3868117355939,88.7563333912303,26.0673968736516,15.4998508329695,27.245993740424,27.3512017278211,79.0261204193587,82.8391589329301,83.7220116847613,126.231433072642,88.6097949371215,74.0455299120027,42.5514405946387,106.665945740654,35.5918296277943,74.7146663579343,135.916764813123,96.0885749052173,95.7120637165164,135.950597886642,55.5135262438362,63.0013010343832,47.2575715650828,69.1084295489101,123.257303438528,113.958241821605,4.17099968734386,77.0201692284369,54.6639996689485,9.80857819128041,13.4546444444722,75.5796669348831,60.4972745156353,34.752134782977,95.726533515494,102.642078407812,100.294852863167,103.113430648257,99.4752249608694,49.3373364506702,46.4941099140876,87.5506329943728,92.4309086611017,80.5980227309921,10.8191818972333,18.1957462341797,87.9264730134515,24.4200604068745,76.1721647076034,101.314851443778,9.13726216423385,58.7560293267691,122.75393046631,96.514995511774,79.6760835086073,58.6027479460353,9.89774076563047,87.728073549424,114.116310062698,15.857193655145,44.6424741972404,48.0654529670207,72.5875004129434,104.227876600395,55.363394277605,91.8202358959622,12.35303495913,24.4200604068745,11.4092799473649,80.7232580425018,131.038304073563,67.3402853964008,15.980219955422,55.2918585155331,105.810716969113,57.6255360316071,12.2327784432895,45.4404919473996,20.2925947393675,84.2849912380993,43.8857061792813,112.530211288411,84.1042295363909,90.3652188350854,84.7918034210535,53.7175168067366,45.9031646355549,96.0150627516316,3.98276934679902,66.3093739954629,15.9897902178317,9.94610719959587,110.619354100828,9.89774076563047,16.9262441921088,64.8595525534832,16.2503900986612,124.193699859282,103.04565724111,46.7461850767888,87.4329542953206,129.808925124639,109.067839594127,15.8308069404573,46.5553285111096,36.1419638610919,48.2184465146007,83.9900578855854,47.7598620288777,80.2566350477398,71.7863987427039,26.3841334532589,107.115124375676,11.1823968718841,68.1131834309431,111.795724605008,9.89774076563047,13.9492741420577,31.1328942813301,23.0269306859128,17.9854881272411,69.050394001773,101.766888730894,130.310170771564,33.8510557538759,29.5104023139824,72.505207060818,75.5613863683516,55.2998102503962,77.7171610954884,46.5402367481059
13.570510413814,49.656418900723,49.8695854854606,95.0545025165805,9.38357289328947,13.078715472698,114.385068475234,13.570510413814,18.0634717022609,46.8641651718831,71.3364197305396,65.822691610616,12.1846782261227,13.078715472698,38.1426401286059,9.50350308654541,55.5217872720772,139.970421549967,73.8016572693989,61.0607041917693,20.5569764345461,41.9556852702513,72.8772393110659,12.1363483366903,36.8578648995039,27.3235393615368,4.47072866809493,58.1903068285428,82.2197260182226,70.4812401757731,137.179715359582,76.999239337815,123.013200472739,134.083168226832,83.1501829055502,142.125138803582,55.574991621161,17.3663873645665,17.0860161355485,24.9452854211374,14.763729057181,18.0328418698081,17.7839705547335,55.7093797453935,9.50350308654541,49.7156016730661,96.767476765653,5.06330409060314,103.206089025089,130.449440146314,135.42635206073,45.2205645947456,66.3436018050866,131.039840006562,130.351406443271,15.2064618915358,48.4175811621855,74.3993112705372,4.09064204389295,86.8944047425819,8.4180844450465,10.4277963151158,17.3036906841669,93.1411273087447,120.985533879013,16.8416738315994,73.0726796823108,58.4177180280536,13.735261145474,22.4137163992822,93.5409663717813,25.700074711918,13.735261145474,28.0213830088854,27.0463436482766,81.382385789745,84.7420301854803,88.7644573090808,133.929861600947,94.2090185516714,78.4131005176596,47.3253674718819,109.584256660834,35.5908508944409,70.7575302838015,143.907097036725,84.8721818964643,99.5905764936653,139.891906598218,59.8175299234173,55.3029283045839,52.5594882075059,79.1260578498346,130.46144806077,106.323551402531,4.17099968734386,68.2517624989624,63.8390075305332,10.3617893094183,15.3526904555278,76.5409092468083,64.0766257957772,42.5451516483059,93.8376648885652,103.979348827621,103.149127635925,109.401970331531,105.050066513026,56.1546664911139,59.4792476461315,82.9136616335497,81.6414740303798,80.1326797143534,9.00291904498718,18.8314210670825,83.269595920995,24.7298943986448,78.3303457924556,104.018794849429,11.1862539339045,60.6749459324012,126.312657997103,105.632872108321,76.5013338525382,58.2257363826291,10.2644730430404,77.4875995721406,115.266278487643,15.857193655145,45.9633751200791,57.8284504248873,72.5616860664536,109.232460448166,58.9405358971488,79.7605896897487,12.1363483366903,24.7298943986448,11.5821952103048,80.9809438525525,133.850786997976,78.4862129393476,16.8416738315994,58.8643780638485,110.891302147826,51.831262276396,15.0630105105297,45.0325149066458,20.5569764345461,79.8209790756354,46.9271503370439,120.215597074604,88.6380791792086,99.092188830723,93.782498246958,48.9273285576978,44.8176918609429,98.9776166147381,3.98276934679902,77.2846687038382,17.1412067567519,8.86240507721481,112.665369187417,10.2644730430404,18.0992964451738,66.1945209286806,16.2503900986612,122.443655597973,103.461830500319,44.5295079703548,92.6989041803735,133.503136040603,116.516758551536,14.9923549968107,47.5176092924475,32.2040289326532,50.1569341329793,78.8284175739203,50.4535538320989,84.3643338924192,56.1653445624826,23.3804161719225,110.57973996955,8.94013374668851,72.250919086239,101.87479471323,10.2644730430404,14.5681222174347,31.1247452864462,24.431265373373,16.1770391477266,72.5845344936716,109.024560656465,128.85772605627,32.4128364152526,31.4171294882143,84.5060142987011,79.5089667393421,61.0387961709417,73.6010029602592,53.6948253407588
12.4142550209969,57.1625794850804,58.6415693385378,94.6168285476011,9.24341621163022,12.4367621076599,107.147565926792,12.4142550209969,70.3929422223866,54.9384392959715,58.4812687756766,18.9276413989941,50.3646909502863,12.4367621076599,47.2979372082551,10.9713816182355,14.4625121056921,143.579261500082,94.9600407678009,57.2706623981921,96.4837588298316,71.058467302516,18.6210757241755,51.8918457667373,35.2425326659613,15.0962840312158,57.1304513027022,15.802942821396,89.2087995536821,53.419634806731,147.722135113593,75.4671314336069,124.916698835292,139.965726313693,91.7092051515023,149.040054383706,54.550332477324,18.9276413989941,14.9344233608025,24.4366445780169,16.4313366584767,17.612750176594,15.6259909264136,99.3975340618839,46.8088298015261,49.959929247628,26.0474096729795,9.19471792402613,105.246654869439,118.867528917212,126.261715217206,24.4367849964755,57.0283943733883,130.672021264892,138.144130982654,7.06936369174073,41.6530910228243,65.9471396000527,10.1232722466862,69.5447824735531,8.32360639516881,10.3921701810391,17.1299666366489,81.4955101033107,117.146897108339,56.7749387429434,46.3276124293502,48.0290824406006,62.1925613158871,20.9998538131751,83.6040754205318,108.53744589759,14.5771284372049,117.098183789483,116.062717494537,66.9528827854394,87.0799408158627,70.9500135320209,126.953572498806,77.9404104009305,77.9450516517301,34.3522197929814,26.583361185864,44.966047247157,68.6149816460329,118.24621380641,101.783461663634,99.6878789673131,139.31263854987,43.2511586984179,65.8784725599831,38.9395900642517,84.9627422901722,109.552899716552,107.323773347694,62.3057704431828,74.3973034162226,15.8609823408157,11.1515458222435,15.802942821396,62.2743004778687,61.4565197761782,37.2367713625203,85.89229668295,104.027921665345,116.410143228466,108.318536092396,88.2234090362827,54.8041922873655,63.0826702248789,79.43993383292,96.560848575668,68.7326076992908,8.99454851988599,17.3201930076202,81.495314418551,24.4300114052223,75.5382669641813,24.4366445780169,33.6538495737848,49.8000676380337,134.388344061773,88.003522557514,64.6708616707488,66.3144500638101,9.55033957792913,91.1351949324086,88.8475525234604,42.8067219388431,11.7864254686235,53.8367160638971,66.1316976922802,101.427343540163,14.9344233608025,17.2679797015305,12.162774527701,24.4300114052223,9.64938320651939,67.7434968931141,139.70057956479,78.6099162258331,43.1566114553929,60.031413251242,108.346112528014,57.5945372238253,12.347102754743,41.5944418472164,20.9046734980988,76.416258565083,17.6080484847691,111.511693160112,79.0934689849793,93.5099941339773,91.1449029776127,37.6218042852008,45.2995159824843,25.6711524286312,10.2426818407641,74.5312381832095,17.2811955068489,10.2333942941778,94.5759127736085,27.3588105090391,17.6080484847691,75.5553042570834,64.8995259243069,126.562703131568,97.7614761056703,45.6417067120695,90.6849540685481,136.545157753001,92.9500434784533,14.6458413982401,50.6489973299874,42.6793501384801,52.9861557171715,71.1334948625932,54.3010328075197,88.5972138423356,67.2795030195544,64.0449278879505,107.595604656972,9.31423784908863,64.7727157342681,104.990418448776,42.0416477140382,11.3993392330506,19.985401203037,91.3786728314262,48.2030015443709,65.2225804516291,103.834450808119,135.33772733849,34.4089767671214,14.9344233608025,79.6551522266698,74.1820457686162,56.0237717806143,70.1596799235386,42.5424747981147
11.2556741206043,49.2512468528135,50.5255436921374,95.1766377752255,9.82455177555015,12.7836715445014,112.149603009868,11.2556741206043,68.6883338683531,53.9585401291661,46.7409797390008,17.7010477893767,46.4946286300111,12.7836715445014,38.4361738550016,9.40292941931486,13.3207663986915,141.250986758805,95.7717674625901,36.6260985597311,94.7891988118444,75.4555826477506,19.7733524467083,53.9596026407411,30.6738436574172,14.7042059722708,45.574046400775,13.3796597042212,81.6288024945563,49.8576856704823,148.525634835761,60.3168798342803,128.654471949931,144.034049893003,92.6205074294376,152.840479236332,33.5809963832125,17.7010477893767,16.3751269631336,24.2986241070174,15.0503750220985,17.5996555280641,19.5221147376767,102.286679441967,40.1171099629709,46.1209691337715,26.8045185291507,11.006443567506,99.2798569974296,122.638133189234,127.517375654771,24.9384935211154,54.3278813261248,128.85142193007,137.342913667859,7.06936369174073,39.2229221226855,72.9476091608832,12.1246754553126,69.6332952131617,7.44389805212855,10.090165514465,17.1858117704006,79.8479629421336,119.959665317451,55.6271529442735,65.8318554385226,38.3871009681757,61.3745400445683,22.3374939785764,81.9139006250453,107.907943360361,14.3853948780126,120.084111630903,116.694013279621,63.8070536989179,92.3750364067042,67.4781807966427,109.558069613724,75.5383822359643,80.639092247118,71.3454099577033,26.690349273565,36.9658530755314,54.8403195425035,114.594544698816,83.9771057190242,103.156711293766,143.361979107986,58.9504194800913,42.1310201053768,80.872823749415,58.7770758244421,105.888124354419,118.989297246875,60.2347488630161,73.4187526790353,15.8694492953011,9.06218704821144,13.3796597042212,66.0930001779294,60.7960620882652,35.8084814060122,97.2334289605681,102.200862283058,119.378526481228,93.4764535104275,86.3229209657326,56.002861042921,54.700863039988,63.492130309191,79.6681548909709,65.7568176470423,8.98784545485546,17.7576035569521,65.1348871152621,24.2297872092578,69.8691846075323,24.2986241070174,32.3629896633992,49.5133503691484,138.294552269528,85.3354805841005,61.6625675042783,62.1695715556565,8.99482021202471,75.1916841348421,81.6621786539897,33.3809822773068,12.3422077891765,55.6969042974727,82.6207180220315,107.888021304698,16.3751269631336,16.5221649600003,12.6474298770147,24.2297872092578,10.405674312003,83.7300363597457,137.435201352476,87.3963617929719,42.2841394308701,65.8225624127882,115.247499231555,49.3609088898713,14.9288023363227,37.1983933341179,20.5375213024486,61.0754668648085,17.7122281341353,112.620666067586,77.4944824870893,90.4866611804619,83.1939274311946,35.2527928536015,43.4194993681347,25.7283828733759,9.59961659361123,82.8617987382787,16.6900225571627,8.04663564244298,100.453290380085,25.7674169316836,17.7122281341353,67.0634706716353,84.7793533263157,125.828656535198,99.4830524413145,48.700991524151,86.2474215513857,140.026970834566,93.8744225910376,11.7056450789672,48.7333133483403,33.5592639302471,55.1712101793563,63.6114472673662,44.127166229391,79.4275052179503,66.0702767535407,63.2025423642811,101.49563667508,9.1789767727461,58.7276948136125,109.353059058358,39.5961902212331,11.54622594531,19.9759313934522,78.8577335968173,41.3119730123597,58.4721192064677,106.081993167227,136.073864994717,36.7590553586143,16.3751269631336,88.5584266834334,69.2356870971902,54.606518640354,56.0749150361258,49.2607014668335
13.6497129122788,50.8433760517379,52.1588666746841,97.3802125403003,8.65011695492578,12.9331729429822,106.761346716315,13.6497129122788,69.2350840680008,55.7941681300624,48.6196337919728,17.7073692981287,44.1271006560593,12.9331729429822,43.7622264164421,9.98511102870764,14.3585120532444,144.502203806093,92.9799461451146,44.8117184886823,92.2209025169086,76.1609164216708,19.9581871907378,52.9487126117639,30.7801240527647,14.7471727660862,54.2338987196805,15.1346297936111,94.9150982235155,50.2944586145793,149.030100279151,62.741188254772,123.648870585628,138.765027733624,85.5045632835262,150.562609554174,38.7981457112259,17.7073692981287,17.2505026657192,24.9684583091552,14.1776041193833,18.0143615787871,17.8547128631593,98.5448504717385,42.6009575599181,43.7724680740278,25.8239614858231,10.6900208204368,101.954307837712,120.764242605738,124.864495937328,24.4201030184686,55.1868709589867,131.983435067883,141.18065198973,13.2630181423894,43.7703623797813,99.0231192266095,10.0986987628313,70.8196503325864,8.05447073307629,9.42589289766773,16.8129929896776,82.6202814491526,116.415820983585,57.5585257672965,53.0070244372044,39.9299886701109,61.6252294310316,22.5765392002982,84.7579484168406,110.923187746903,14.4441532135273,118.294428959403,117.090363022311,65.0094320781907,90.1417956043846,65.6883431591739,122.391854900551,75.7311112171462,80.4771803197415,45.1540078025027,25.5428339528816,42.4882553209746,57.0445092952663,113.38807663992,93.8606383376093,100.678355263802,138.1175424953,40.8683176473106,51.546942940816,51.1838409332348,71.3978690027294,106.70872626133,108.818633019299,62.8130350329437,73.7186376484484,16.5601533479085,10.3179229787039,15.1346297936111,73.5309638671278,65.1554608115515,44.1377973659921,89.6831956585154,99.4317482992815,117.599359551557,104.42641582682,89.7059395486399,50.7304488886226,62.7821466982202,66.0440611545271,89.0445533841739,66.1992303663232,12.0361809031921,18.0377239712071,67.7528450689088,24.4596330719499,72.6415513746044,24.9684583091552,39.8908589203949,57.4451692224043,133.235491158834,86.1275850099233,64.9151092375116,64.0359914328465,10.3041850449546,84.0412325496157,88.096761781591,58.6965978535096,13.4946598589954,54.5884228459946,75.5640060850798,109.042587524106,17.2505026657192,17.4006623768265,12.4104903865596,24.4596330719499,12.4284930799946,68.0439521860608,140.598589303158,71.7302678445742,43.7522432869763,69.3412815010617,116.480823078586,52.4170855447301,14.1536734673513,40.2495263004629,19.9810608562226,63.5302650740764,18.1223100603513,110.277698458336,80.1850882342455,95.337318074143,87.6305178037912,39.2222256975429,43.6163263064488,24.9352024766994,12.7702823169113,68.0085405804376,17.0404281120001,8.11441929994071,94.9048937539442,29.5183478864441,18.1223100603513,64.3905395280958,54.9381812919879,129.344654880352,98.6280291931043,47.9431316849021,83.9597356741904,137.940068247357,91.9214530415959,12.1761285325244,54.7360229743173,33.8419621600669,53.6069141784655,66.4354659346672,50.2418124897542,89.1196584299579,71.5158647523689,63.460698377454,104.229777305416,10.7744305094928,71.2188506540286,105.82269249408,45.3601585687466,16.9339656396571,24.0787367001447,88.0952386455612,43.8698004577218,65.6071883040652,100.88178692799,136.536038159061,37.1594525410861,17.2505026657192,72.6840286663694,69.842218958494,57.1528084487671,58.3287267232346,41.22755892727
12.8014364890639,47.5399786740578,48.769999200176,93.5893729300475,10.2387606135214,12.9991466432426,107.479224341613,12.8014364890639,69.2950538097531,56.8231800947578,54.9621433411418,18.3752330060578,48.4911934821618,12.9991466432426,45.6246866426275,10.5947074219364,14.6903500017163,138.161226233119,94.3030728511102,53.3296667073406,92.7694133706814,73.209891120105,19.1848625231725,54.6643976621076,35.2727570706834,14.6035565609145,28.3297340404683,15.003691847922,99.8090634901689,56.2106170578378,144.113093634887,70.9258773319201,124.761961226691,137.647886670945,93.1693293508337,152.079012928411,42.0017657457525,18.3752330060578,14.6356706754551,24.5273773607918,14.2326196199989,18.8594787807212,15.3615553807849,97.7515057740464,45.2017689081301,48.1014883600327,25.6160632260956,4.01971937584346,107.838522462075,109.699331000376,122.968449243482,24.3449933021392,59.0131558204726,133.201359505277,136.249868276373,4.0120101623182,38.663120404833,69.3004821482012,4.09064204389295,69.8716316403418,8.26788065456976,9.86498187504107,17.2711265677544,89.4778893605663,118.592032385613,62.335970176198,53.5811971275849,45.1389200150483,60.689730073029,21.9786166355849,91.7929859091327,107.049156568638,14.2248843169585,119.485840769804,113.227156248099,64.709700529961,88.5325482082717,69.3310045781647,117.355989122972,75.8515164769616,81.6374661844828,41.8867131733097,26.6470051173896,46.5163920258653,64.4860574254092,114.764878752652,94.6036724652222,103.988659931699,137.005614074156,46.9156689099016,61.3451431796865,47.4802341722562,72.9862014037055,104.19280392512,102.45989881649,17.795353517062,72.5995547853147,16.5447759763028,10.7570396036629,15.003691847922,70.5870148717313,62.2344677495567,38.5729825756299,92.5011290604147,100.023147772321,118.783770914778,100.12974580605,85.8309983895368,56.3576621662172,59.5157808103585,74.6596153220216,89.7494616738927,65.4516536440184,10.8191818972333,17.2896900551272,76.5913128507017,24.8941396738042,69.1085431941097,24.5273773607918,34.8614905565919,50.5601060956636,132.162866156621,83.3543691181066,64.3130060567132,71.279577821767,9.44718228406433,84.7065327757488,95.6273137899354,18.8063252616958,12.6725549466302,56.9366074748596,65.0125640869324,106.154677069056,14.6356706754551,20.942286356445,12.8126246741253,24.8941396738042,11.4078727273269,71.6576630879505,134.428908301202,95.6738666788074,47.3837454368633,58.8305268506942,113.395916580865,55.6171767805477,14.0151108300974,41.3159710778531,20.0999040734371,71.8178904934207,17.4168405505407,108.603149868705,86.8405714377368,93.6183732922398,90.5628085627554,40.3487977247502,45.5663711647586,25.8258035439228,3.98276934679902,90.7098250157339,17.5968656597775,9.71642664798758,96.0883786242693,27.0632963199945,17.4168405505407,66.3457573245651,16.8557181212343,124.827247511102,99.9783575308545,47.3612035393338,88.6156133410688,139.329342686424,90.5256409989119,13.7645241140271,44.8683057912845,40.5232871013535,57.6886994216511,66.9167295214851,52.3800349961503,87.8617575421341,65.1185496681907,62.4973357557059,110.245318903629,9.22328033338127,66.7928768415004,103.323086896853,41.5875379337095,13.9492741420577,24.358512557733,84.4705219695752,46.5480753465846,64.6811598399843,101.256555992564,132.031252846886,32.4552309188269,14.6356706754551,96.9459933339822,78.0577887204363,65.1537123104134,65.9378030855922,46.3738199960223
13.4011973655915,46.4374244067269,47.6389181135701,95.9107291100312,9.67061447746417,14.7699300661854,107.008745903746,13.4011973655915,71.4506661590935,61.5288248932635,65.5023482557746,18.4230008220519,59.4123005530601,14.7699300661854,41.7202419771376,10.1524395831413,14.8325307187257,142.911884643625,92.1712511808277,53.9792435147946,86.8493401749333,71.9789056136123,18.8622792308229,48.911011936094,35.99499101701,16.0427671859336,37.343836883279,17.048744091187,85.2368987489508,56.2106170578378,146.894240193509,84.5274808245,121.10285412937,133.649994283171,88.463839253802,152.261947389,40.9377022116219,18.4230008220519,18.4566799655376,24.6620897465799,15.2382866555844,19.2710853413207,19.3727270956301,94.9123775441902,43.3148561460729,58.9348266824383,24.8720615079932,4.01971937584346,106.107054788097,131.085470813032,132.156770185156,24.7556954114818,55.8021837977334,134.391202497933,139.862663448272,4.0120101623182,38.4834949165244,70.7106510639725,4.09064204389295,72.7041602688013,8.21885303198343,13.8104153292496,17.0139561221711,77.4515163311197,117.417236485062,53.9576363123931,53.560401160406,53.7953048949242,63.8873896756524,22.4301100285894,79.4554498103378,109.887667026663,14.9743741874455,119.629569200231,115.412254825885,70.2943477899426,92.1975688344996,74.1717712011859,128.31816280709,74.8255296470331,83.1864655040558,41.8867131733097,25.8270061975704,46.5195793181402,76.8526832169439,116.357589163853,85.0919110689688,101.62833624581,133.026376071768,56.5430380167917,62.0923517170686,47.4802341722562,83.5167147632147,105.983977418933,106.487991646713,17.795353517062,76.4247269062995,15.3936253506361,9.83647950807323,17.048744091187,64.5201456852684,68.2424753281664,40.2334123083124,85.0641141642418,93.6401780566972,118.926654831766,109.482823332604,86.549809956248,65.0679246226393,71.3212371325669,88.9772455399232,80.7257584429418,66.0278330479489,9.00328270554884,19.2751269107751,91.2793887344318,23.7106974192289,79.0912101274243,24.6620897465799,36.3621537560814,48.1103708435131,128.324282584197,91.7320668656835,65.6305015007969,66.6376061617667,12.2647998170959,76.1898620432989,96.4287574807564,18.8063252616958,12.8965225226262,54.5093674474063,81.9884855812658,108.335348224475,18.4566799655376,16.3375224810971,11.4641058014115,23.7106974192289,11.4092799473649,73.5777631086913,139.051231374382,68.9467389662591,41.0150816001502,74.1897129530395,115.725340128253,53.2954809002361,13.6270707941233,41.0709719152596,18.8172301939894,85.5905572112902,17.8488414196779,116.718081807828,75.168669991872,101.203493011879,82.9945576806381,40.4891177767736,45.5663711647586,24.868914974132,3.98276934679902,65.369435187887,18.0243500303822,9.94610719959587,89.5247333700525,35.1349113179895,17.8488414196779,65.6264136082795,16.8557181212343,128.137161001916,97.1386066495355,49.4921854599319,94.8028524550841,139.496940684712,97.2898040672924,16.4041756249544,47.9860220929907,41.4811918199928,54.7772201336285,69.0276286015808,47.8974847964999,89.2610803357779,66.4357337545287,65.7902356512424,108.475207430188,9.22328033338127,69.9221939610658,98.406750100863,53.9910009467282,14.9574256967795,23.4314086596648,92.3608779704805,44.6049620671201,65.711298819847,105.188529913341,134.579239676008,32.4250044495565,18.4566799655376,69.8634886228901,78.0577887204363,61.6147033185,78.582833171648,45.3428684852303
12.7933412717471,45.9184150483423,47.1064802223618,90.9531539548456,9.66606317498043,12.9868977637721,110.100514659979,12.7933412717471,68.6019158478122,50.6036146173231,63.2128704966026,16.6147992880434,56.5846258595486,12.9868977637721,41.6019019056596,10.565910137782,14.2982376633,142.898298103282,91.7460408282252,58.374638807075,93.6587609006524,70.2402379936109,18.4066563805103,52.7035820149708,35.2727570706834,15.1813935667149,33.335098668656,13.4546444444722,94.5506604375581,56.2106170578378,148.523685222954,81.5730251058919,124.590387499214,133.324191114329,85.767144094897,147.952380233923,48.7565889277598,16.6147992880434,16.0490540770881,24.296838761914,14.2050272680021,18.1055976317688,17.7902973313391,94.6810063905133,45.0789067910664,56.1298769258204,24.8114300317377,4.01971937584346,102.680699180356,123.077679847795,124.331108549353,23.2539513307541,55.0940731746222,127.438579951842,141.552312266628,4.0120101623182,39.3148116820869,69.3004821482012,4.65800907747897,73.0811745668755,8.4943490105016,10.8439799487998,17.0515912180827,86.6776842228252,115.171779671554,60.385169758342,52.1996714666836,51.9150188077159,66.1293084896082,21.3868117355939,88.9203299648741,111.215194775426,15.4998508329695,116.243617089136,116.692481502679,64.2616500173136,86.5324643610165,70.2587894543389,120.888133690414,74.3605749646902,76.8037304185679,41.8867131733097,25.5801123736129,46.5163920258653,74.1664816738966,114.060175695207,96.0943806890423,99.2773439291238,132.7020931184,46.5864719892238,67.1483771937691,47.4802341722562,79.6273308210464,103.436464995661,111.17639963007,17.795353517062,79.1066025310907,14.0190731973165,9.80857819128041,13.4546444444722,75.6016485450174,60.3977462984019,38.3032057931075,93.8116085013844,100.98203428652,115.560597755032,103.143420185443,83.4787500420374,50.5161540196116,51.245009013921,85.8672589492046,91.1636801404104,67.6371648929632,10.8191818972333,18.1957462341797,88.0889362400837,24.4200604068745,79.0095824900457,24.296838761914,34.6176716935353,49.3075525846904,128.01146208518,80.9945510432885,66.8634814564122,67.5225935270142,9.89774076563047,86.0412877776387,95.7654222666095,18.8063252616958,11.4489630702221,49.855894022402,75.2913892317177,103.296314366432,16.0490540770881,21.540341731776,12.35303495913,24.4200604068745,11.4092799473649,67.7422612852565,139.038011863846,68.967878366782,45.9008739882192,64.5118578948221,110.34257340717,55.4660047302183,12.2327784432895,42.447671018219,20.2925947393675,82.5989442027732,16.9262441921088,109.806621927805,84.1229010049395,90.6626152455196,92.637199333455,47.523415773469,45.5663711647586,24.8806931799202,3.98276934679902,65.3894777699309,15.9897902178317,9.94610719959587,93.1666445162438,28.3540089716049,16.9262441921088,71.446566949586,16.8557181212343,129.685156709537,98.7966409455215,49.4767819667444,89.8014641209756,135.548669668103,91.5287894315868,15.8308069404573,45.3597986818085,41.4811918199928,55.7030529697141,71.523919091056,47.7616228861701,78.7135058689868,74.8609989592584,68.0989286160031,104.97238062926,11.1823968718841,66.7506391712428,109.124394356419,43.570946042082,13.9492741420577,22.8627238357679,87.0128898326354,46.4215538581458,57.9464945512381,97.4591585526734,136.072078829318,32.4552309188269,16.0490540770881,69.8849091032503,78.0577887204363,53.090539561936,75.8361583792164,46.3669065672221
13.570510413814,48.7016533679729,49.9617303593661,97.2565489052646,9.38357289328947,13.078715472698,113.467537037766,13.570510413814,68.585209474939,59.5258695449461,59.8649076081218,17.3663873645665,51.9852967583371,13.078715472698,43.9482801697746,9.50350308654541,14.6486392662867,145.965332785885,93.7413011990402,51.2416158357079,94.8789923344969,73.3730932939057,19.2276301221943,51.7790997954126,30.9308020387912,15.2448563605421,19.074131644991,15.3526904555278,97.5110063012009,59.1472483083163,146.868231620056,77.2526476477868,126.345559265293,137.189358344714,88.0072558510358,152.162932763945,46.6380532032593,17.3663873645665,17.0860161355485,24.9452854211374,14.763729057181,18.0328418698081,17.7839705547335,97.4258790215177,40.5462022902385,51.5675108684193,25.5307317990774,5.06330409060314,106.001884247765,133.983242512115,132.822450771912,25.2302969490091,62.706731881082,134.075527941595,139.557663487842,4.0120101623182,40.6316161342493,77.2365857676249,4.09064204389295,72.9210343219738,8.4180844450465,10.4277963151158,17.3036906841669,91.3502624013565,118.659292473245,63.640383935435,59.4204921442862,49.1654275463547,58.6007782437711,22.4137163992822,93.7138035924524,109.648033851743,13.735261145474,119.551775127957,115.391820341163,66.1776937225615,88.5201733257855,74.4903662920763,128.260692446047,79.0593950853017,81.3339932957407,46.5860630195904,26.2799676157055,46.5151128799256,70.2383792754026,120.765593518684,84.877309972735,103.30033154384,136.549225266271,50.1983547217243,58.9432571827289,52.8071317551618,91.169728875331,109.482120971039,103.728080144662,17.795353517062,70.1006645679814,16.3720862877686,10.3617893094183,15.3526904555278,76.5631704249085,63.9712089421612,46.8925350704578,91.9605250281559,102.297676852202,118.849317858615,109.433788829247,88.1571089463728,57.4963706081157,65.5570046915493,81.3194446506439,80.5221687475344,67.2466530505917,9.00291904498718,18.8314210670825,83.4234545573083,24.7298943986448,81.2481559519742,24.9452854211374,42.3805357889602,50.9178908346023,131.722609358829,88.6461943707267,64.1992589518711,67.0881975397424,10.2644730430404,75.9977118411117,96.7304658414287,18.8063252616958,11.7877199638966,59.9825637311917,75.2646132992462,108.256168517491,17.0860161355485,18.711238779563,12.1363483366903,24.7298943986448,11.5821952103048,67.958508992513,142.02219299299,80.3831993821576,48.3752758379676,68.6801003741856,115.640759253478,49.8888728257368,15.0630105105297,42.0665643341419,20.5569764345461,78.2242306729795,18.0992964451738,117.305996911035,88.6577571801454,99.4183061316073,102.459761835136,43.2855782611492,44.4888625500497,25.6483893265927,3.98276934679902,76.2125144856877,17.1412067567519,8.86240507721481,94.8898543631701,29.4045851111585,18.0992964451738,72.9171122068243,16.8557181212343,127.857730966253,99.1956535886749,47.130621532357,95.2100656428705,139.40622703291,97.7798579159609,14.9923549968107,46.2973683201894,36.9615084190288,57.9424382318457,67.1283899853186,50.4554140030546,82.7422242039429,58.5708974747217,60.3461658016869,108.367689638833,8.94013374668851,70.8056030681023,99.4405225472081,45.1853419582092,14.5681222174347,22.8567395473209,92.3195119402391,41.7538455864373,60.9123147426747,104.409617663081,134.555411552891,31.076315558363,17.0860161355485,81.452013825558,82.1357895270067,58.6002485045255,71.8196243749235,53.4948492675985
59.6402506229279,46.1613611484524,46.7945802422456,87.3927178449569,35.2304549693712,54.4463485161163,101.674024644382,14.7012077874662,75.7222124605284,62.5046030434194,87.6579576739537,77.5121963690426,64.6180239085158,27.0114652939368,49.5040173004148,37.6442106622124,64.4929909680612,130.276087130379,100.076772258167,76.7937802280262,98.0293273491378,96.0773333682589,82.7381559209232,64.1561846760011,45.3405082115005,79.681082859177,69.6952231749057,62.6997204295164,100.625908297233,78.6951634851336,136.333960541894,93.2868411249227,110.764113861537,127.564354106519,78.3785680532712,143.919832418372,73.5712859777885,18.7415134949059,19.5264581616695,25.7463804891534,53.268997828652,63.9220609261414,68.1816888408291,120.265551662033,51.8779457875598,61.1440304713411,103.56813221688,42.051350684181,96.741478820622,106.842422494765,125.093753670927,124.627319367781,83.5561446016545,127.32722952547,133.82607240277,29.2378684799031,56.0716798626332,96.3328121048024,36.735422347279,95.8770995527958,8.65047318823665,34.6774001633429,16.5988811795352,94.3761666884421,117.511959583001,62.178365116378,73.4538334058778,81.2607293810074,65.9207722731164,90.2864114308692,95.6707730271492,124.253895125504,47.8341114088598,133.625678783817,126.582401553514,90.1475170141416,78.5628158734663,94.0437051248698,125.949440803239,103.607207578265,86.2931030120542,35.3330254918145,48.2914903543726,52.020295076684,82.1083272813929,151.082532327591,100.286970305169,107.130856034978,127.492565362914,62.1936540797703,74.9174031397934,41.0306066251412,94.6559007861653,137.002218608883,98.7486113120466,64.9948946077279,64.3204942887692,14.4444311437114,43.6741530644195,15.1600356021639,76.5169730617505,64.2312751899218,47.698554561089,86.6321769614001,99.0176837547163,129.59876410875,108.953964056388,115.375761743176,50.7164108721631,77.6103668973623,93.4949142236476,94.5755022375658,88.7339766799992,15.6824710843454,19.2894568940088,94.7774319697899,25.8149892477426,80.0031701808104,47.5535594237823,41.0315262335878,68.5967709362793,119.854675663967,115.088532209511,85.5215324349969,75.1438373356933,45.6785865789801,89.878323285388,112.456635204324,34.5672221210849,12.9044422447268,59.1246815941698,75.0889417421516,100.04682232706,96.2029528167444,80.8225338805496,13.5876467009604,25.8149892477426,16.6507054002735,89.608348303106,133.956721522272,67.0788157879059,74.7789527922446,78.7431277276262,106.519757219165,56.2451757754888,59.8096367398944,43.6427100771238,20.718002017616,86.5802209217303,17.1556300455442,108.811236033355,89.0296331411109,103.759363433095,98.380290887267,38.3309327737301,48.0689807995894,113.654680571853,11.2816078057346,58.6645638254457,28.0436932163593,43.0896936420295,90.0243658386968,20.2141165361665,17.1556300455442,80.9570789616803,73.1916567793428,127.259164306604,103.799639794811,44.0820672130179,85.9597742357943,136.857618787363,117.28405823585,72.0958973542663,43.3951263105586,49.6968704180744,63.3763339425128,82.1390261624088,52.4421369177713,88.7661710616999,55.628101771413,61.9440492246084,104.538082201522,35.0111774954136,73.1873786073625,94.1901270728631,22.9201691870979,21.5827417087794,29.0680103968697,84.1016076018024,48.7483674223686,83.2244334402241,101.625704544547,129.643989199311,36.4687948214769,19.5264581616695,70.0064139706532,84.5182812893807,60.1657793828283,81.3253810119859,42.6868818033183
61.4606754384331,42.661354518485,43.2465622241527,89.6344457587945,35.5742697095643,44.7998035423264,104.212752683363,15.1499390250896,79.3429580206856,62.6100520200534,88.6644560348557,79.1120965568198,57.2859682131699,22.2257023939915,47.4797545197251,38.9448607995685,57.1608667048098,128.436372770489,100.797258458161,65.8800353684083,94.6842062233247,93.0778479387933,80.1551128196494,55.9811458567672,45.9530252344061,75.5814255574001,63.9055745650471,65.1088043420316,97.6345398462002,80.2690472647363,138.756120029077,94.3579709479012,114.639008111401,130.206527058811,81.1614988537598,143.889385813994,64.9548411957432,19.1283500492072,17.0506878119433,25.1775037390841,50.8596347109457,61.850209916104,65.134749568356,122.756548382234,53.6703876033759,54.206160667577,105.713284125339,48.4848592215635,99.1423596104095,107.16518919176,123.405945561076,132.162857808951,64.1096709271549,124.450091518079,129.467424523626,29.2378684799031,43.3396122954719,62.0793367950536,40.4807686594474,92.355263536858,9.21095089917052,41.1720779123621,17.0190235955314,94.0048981443294,113.586971798795,61.9337602346362,74.4047295125117,82.1937740594141,69.4238453248307,89.1469003251492,95.294411601778,120.207008246584,50.3760474458776,133.597409933665,128.83131124274,90.5020028509804,79.3181053779101,93.9424145399775,132.48555137617,100.489244661549,85.3915546441487,29.3711770937309,50.3217094348162,51.2614116573067,83.0511041725967,148.695093268288,98.5626685697529,107.164802388145,130.133251392954,57.2650904572152,64.2703244182481,34.1073881071808,86.2187230013482,134.545775787745,100.387490612614,63.9725474275151,67.7385275193632,15.5864051723937,41.8882785567014,15.7425230141036,75.2646535736828,62.5499465216085,52.7495785117713,84.9921006608156,95.6388362739282,129.571347162577,114.608099175131,109.730297743937,48.7802738279045,70.6015923419798,94.5684331649489,92.9494016370601,87.2776658469103,8.98492467022675,17.4851084202195,95.8656769216391,24.5607102706667,82.6297917950953,46.5028441843868,45.3765472440981,66.7992776896735,122.337162127079,108.013930648952,79.3439132445489,68.0810845952323,42.9647842625315,88.3329844607557,115.945752755729,38.9314079271507,11.6708745023211,57.3762037438054,71.7333275088825,98.7841243935951,84.00532761673,76.6029129916796,11.8562541656444,24.5607102706667,12.5380110399383,82.3119936650583,132.065030501942,70.1167504950301,74.4847781726597,68.759243335553,105.175363922254,58.1885103363975,51.2867952353161,46.4703896399296,20.0110276038578,87.5743445900957,17.5956925095677,107.343117272581,88.6793974466658,100.001532720531,100.537793173012,70.6460969912266,47.6468367087036,116.595050034715,10.9627116842477,61.3214251971062,29.6291730544471,38.2922524464546,90.6049411130333,19.0131792833039,17.5956925095677,80.3250782076052,67.7925269506755,123.114397321757,107.089849758645,42.6697722860341,85.8671905184898,136.828666212132,115.701621232901,72.9237104181382,45.4069377543488,44.1638115057626,57.5116723156804,77.9622531428194,50.2977318433656,81.3918906709473,58.6791378546701,65.235796606659,107.132455126338,30.9593440147032,75.4213081902707,96.4779897797985,21.558463125423,12.0296930593717,28.15483328259,88.4660367182868,50.4326787591828,76.3105348208599,103.686229072439,131.947292185208,31.8822244749371,17.0506878119433,73.1769367687181,86.2086259828813,55.972519099538,82.2591680275669,45.4113355671727
55.5759729361224,40.6426819649339,41.2001985026373,88.8762929998901,34.8981559370192,43.8403894867259,99.5246539658683,13.6993711057685,81.2815653956807,63.4650283725282,88.0376154501133,72.5619181052292,59.4507189658264,21.7497259479733,48.3620243448599,37.2652153665374,59.0186934884439,133.112825993965,101.205412850503,84.2859159202599,98.3339996148568,90.8787095542318,78.2612982415937,56.0868310769734,38.7997662527309,77.6024605067447,62.3180837905586,68.0730883447389,96.7757078054851,67.2398069070507,137.619548373629,93.6908783120334,114.272542113747,125.946087020232,81.6532778032941,139.589105520218,59.2215480524896,17.5445959615272,17.8775888743952,25.1658841068296,52.9325914969134,64.0869658363583,76.548712706103,118.739876364793,51.3556477487141,56.2545301158702,102.254278509639,36.2043309644021,90.5127257993385,114.844224276437,126.147720945722,126.951809921664,60.8324087306761,123.905297123956,130.822680324817,29.2378684799031,58.1305023726369,72.7311857745699,44.1009097043098,90.2882031876352,9.58604565197116,36.2100939433893,16.9774223438496,88.666270111346,108.279798665,58.4164827831032,72.4027638465873,81.6126799468722,74.5981239296817,87.7072330388954,89.8825508667893,121.465326668144,54.1306609115615,129.604715781923,127.776035146364,88.7915000104711,79.20448884293,91.8275356629063,131.010342422101,96.4655100151362,83.5328338773878,32.9978778551881,48.8189781698298,51.385551889225,82.4639489016889,148.242909702016,104.055994435504,107.913520211896,125.875208980576,68.3544845994204,82.2264761970962,38.3189077893808,90.4014633454236,134.155536201122,98.4314214374892,68.4010741608497,72.7871964893344,15.7050451276935,42.6666474545874,16.4592511064798,69.3501175981559,65.3795177619105,49.1948292269552,83.5589017666457,99.3254278030698,125.698975981832,113.331953268232,106.014617705605,50.61728824219,72.5445359209529,93.8998526018428,98.1298757417928,84.3798388821063,12.8227764214948,18.7279364458602,95.1879250956463,24.90064627979,84.7306038171101,46.4813827260226,42.318660272975,60.3293124415093,118.334212693547,109.461490342324,81.5998234596067,71.2229753324614,43.013240397629,93.2561655736317,123.028614920876,34.5672221210849,11.5020547687923,58.2498751539984,84.3036000801321,97.1888219010578,88.0793037181066,79.8687468075879,11.8786372521843,24.90064627979,11.7028884123745,92.4547649050856,136.873605551806,67.2284538397989,70.2547164138289,72.0938355816047,103.476846865504,55.6789092328163,56.6063780861647,48.3627891875277,20.7823929584352,86.955210882788,17.4468633099444,109.728016276523,83.6432096894069,101.087933581095,99.829102109226,42.29073836688,49.0028485102987,112.620435051091,11.0640939497026,58.7954315359573,30.0756367655709,47.0441165416543,86.3011595129861,19.0346225466601,17.4468633099444,79.9507741142554,75.305178193,124.403150085585,105.0677105594,45.1454154931217,83.934105145389,132.739402687884,118.272225555227,72.4081538656668,41.1389924918846,54.257646460103,56.9008585609532,80.3321813433853,51.232365384061,84.607788125262,68.3719633400554,70.0979327368731,97.8073406076368,31.6441886469236,68.1999108029375,95.7614838654036,21.5827769866382,16.379384088082,27.5907569130074,87.4809791920725,48.257577428372,79.3256614218615,103.877918993102,130.866492633597,35.6945125788971,17.8775888743952,70.1625828487638,72.2152755307172,63.2329939956248,81.6776115922966,43.2313043487824
48.1840066750932,44.7228884862333,45.3363753118924,82.723114217725,34.1594800080187,48.5142391244015,108.449227351379,11.8772655507735,79.5938502107142,59.8889592654766,65.8180058757951,78.1069414755503,55.7897609716425,24.0684769885464,47.4160844608328,32.7286469684025,64.322261972483,130.419402728231,104.814944577314,76.9788012995674,103.202152821499,87.1590043402176,75.0580291750247,59.5828057024536,46.8211975404463,85.4487548261519,66.7244417878299,58.280712626241,96.9288575670875,73.0102157268052,141.403250608927,70.0444548358321,109.442655991503,127.413733190371,80.9665502109905,142.751136564675,45.7098803981314,18.8853156829716,18.8548872796353,23.7193476496771,44.9835423587758,63.2447813209995,71.575612861073,120.123548767108,45.1037475154534,52.7903925020739,103.445844708999,42.7458097589257,87.5664563145986,100.052200722454,123.066631845851,119.421230620162,61.2616642571213,125.481308024363,130.450254094524,51.9019646713708,51.4760384363372,79.1121379440062,44.5360380920278,88.915438268372,8.81138653644061,35.5278658505924,17.2358773234294,84.0074739773899,114.869665715901,55.3471026929351,79.7062285693079,61.0146449426091,72.0857266521114,87.8894037957153,85.1598476340667,121.119538968259,52.3075892585065,132.540576236671,131.289100517631,82.6961191181542,79.6679023751374,86.8184142483049,118.299570641745,87.9575686636297,85.2457603502666,41.162590477678,49.4395767505627,44.9418450698153,61.6510641003014,145.709741388469,98.0929067048596,105.246211521695,127.342029210934,59.5365126231925,75.0979034116233,47.8002105410604,77.6130614593531,134.743492779513,121.356015606865,73.8579337382682,70.3357896084568,14.7411554307272,41.8321066326976,14.0915728536066,78.4416151742927,65.5050032563476,46.3121981550288,83.8626731161315,104.2426629583,128.546361978251,102.336358822923,108.919679487397,57.3523631867991,72.3169141135634,70.2006865893188,92.5063932964039,80.4101930008832,11.7602276761414,17.6070627314359,71.163665453889,23.9345915872444,79.4199179946798,43.8096301896671,39.8389467148205,68.1550189348416,119.713157908639,101.738460080875,84.1810796024436,68.0651499666923,41.3996344322367,87.911978535145,110.366904817431,56.1840021718081,11.5440219249647,60.5311668392921,78.8266925571588,97.390686224292,92.8942574382727,74.6678130784954,12.6190501730343,23.9345915872444,11.2697314376651,89.3239164793846,134.104086154217,72.9731360465832,66.5633194394225,76.0349257944163,103.691771619753,48.9007066225871,68.4412887990764,44.4545378754868,21.8112524914406,65.0087868867531,16.2389633682331,107.047969484037,79.2483404629995,101.367474324607,100.263522567226,45.2534818004247,43.759567242375,115.630033665685,13.3915255481107,63.8195106288616,27.801850732393,37.3816739265294,97.2032850527182,18.3205545014176,16.2389633682331,71.9059498585749,63.446512741883,124.048998984966,107.009864633048,44.851055873823,79.3555642919943,135.746271386967,115.383491123533,54.1332278506164,43.3964555479484,43.1136090353959,62.1007342444148,78.2657903580377,50.230282894208,74.7146517104584,58.3702480407485,67.7370978244906,94.6236249425635,31.5628679446891,59.1288786099438,103.26762732723,20.7731170453404,14.8054535578077,26.9601728589717,78.9934755257595,42.382828052076,70.0501608204378,99.3523654499313,134.464526826813,37.791715700556,18.8548872796353,76.1579868518632,78.4126708239472,63.1171968801269,61.0631886406433,39.5514492711064
56.8664211325535,48.1190282014882,48.7791016194701,90.3896152479851,32.9932452803224,45.2506604638582,106.431936336213,14.0174641197405,77.5012512612678,59.7957143614733,75.0076069669777,70.7630335155048,57.8082092037931,22.4493777445043,49.2238445993884,34.7882123025335,61.9588876446017,126.011075483093,102.52109150608,72.3144582778987,96.8766127391295,94.197749457701,81.1195295372982,63.729128340705,51.9407196385026,80.6990038379932,27.5217854282849,67.1366844594859,96.00975167197,70.9394695374143,138.857939747971,79.8241585814201,113.384747894418,133.204395054543,80.0322638958882,140.720478012223,57.9090982027581,17.1096473806151,16.9271071210762,24.8772130537597,51.7295269855293,62.7067370547817,69.3235882351135,125.582888474197,47.9420596189726,54.7003249442385,108.147221028209,18.9615863039228,92.0951004292522,119.352089124785,120.562958502426,126.907456812999,61.9784872273409,123.546974066816,129.6138663246,16.5930953026142,51.2903924065035,70.5197533900127,17.7697711159264,91.4716587505011,8.35444175844039,35.6168031388563,16.316401206853,86.786301232673,115.633957063496,57.1778926236676,72.076791504549,69.5335941310852,67.5083116687645,90.4034879344561,87.9767934896817,120.342975505082,48.9860781364759,130.655164595413,128.925848102756,87.3825267208823,74.631144167913,90.6303523304848,126.952022012971,94.7599599469444,88.6606400148555,43.5870617633482,49.6142191639684,47.4261351224109,70.2588710125593,141.80792003069,96.6888293499107,108.488046834145,133.129432293742,60.0572889351916,70.5475288174956,50.6156367948729,82.3966051220968,129.93428979018,99.4471964499958,20.7198997280115,65.869494931661,14.6114679989216,43.4269750353145,16.2328399496008,69.7713663805426,62.7706335890806,46.4839493022836,86.3124884213568,97.8533471852454,126.717768696127,109.821258078434,105.417732861108,50.0696975480517,80.5075493340333,80.0022036285978,91.182279898416,84.3614518131767,12.3713657003621,18.3064491787525,81.0996349352754,25.2666221226367,74.1398665142057,45.9482073508717,39.9866914791867,65.375885086992,125.153846292719,110.5887538755,78.4409056916297,67.6646903366704,40.4407240234498,86.6536284419895,108.903130487233,19.4746343053048,11.6715380366929,52.2303938858791,76.3465230451461,100.176555383977,83.3964702769036,77.1702493698889,13.4972003841367,25.2666221226367,11.3696814156302,89.445164091572,129.571212330912,83.3549119240121,68.7651231302484,68.2608872053708,106.657883882309,51.9779557454006,62.5574216295266,42.1491947996146,20.4743816209277,74.0854037024969,17.7439360783422,104.87018056071,81.8697435118973,96.4812503788654,96.3599454708962,47.588203459151,45.0602343253124,115.995632240267,3.98276934679902,72.8990142907719,30.3201565502208,43.5082095333684,91.1296496059085,17.8962084740411,17.7439360783422,72.0260991282881,25.6033139243071,123.253653154921,107.537129149446,43.9052900350299,82.8398308519935,133.81525820144,113.036123956134,61.6913840588737,44.0139836136031,50.1795596242814,56.0972863629764,81.6831184218913,52.1453356489231,80.1640755051176,60.640165436407,63.4358190428169,99.5172422046783,30.2966546185286,69.783480954621,101.500539293276,20.2919640489213,14.2006935997204,26.5937367707019,84.7710721976916,45.0499167191622,75.1593730626888,101.786942460438,132.044115562774,36.1512965587404,16.9271071210762,86.9928665570125,76.1886979498466,61.0779213354039,69.5889155674372,43.4786764352209
67.1458632077816,45.4802799157584,46.1041562685614,89.211161154642,32.5958894689678,47.2659493167599,99.0879517364924,16.5513269440704,78.8431257971227,63.8845952052023,82.060715413956,81.1418140992192,65.222971732122,23.4491859298282,52.6741405085508,34.8772574874303,60.4770056897938,131.375467005588,102.010947669707,64.5811225374824,99.4421707836257,94.9593596774979,81.7753993757646,61.9511182647276,44.52385730635,77.3060355997746,40.4634011039627,59.7072135421496,93.0020432939989,79.5033518701344,137.625512619921,87.3301765698545,114.589569265305,131.842796523384,80.5770809588359,142.313101964283,59.0894641728506,19.619111251878,17.6213777794788,25.1492361143546,49.102225570644,60.9565013620873,74.9958577725673,124.299196022345,48.0647738741916,61.7164550972089,107.041753770612,16.3073044388595,96.6320569585008,110.611393910215,123.560420688244,129.113647366281,57.4141230045608,122.825375213946,131.497165289296,16.5930953026142,53.9957526973414,87.016040238102,16.5950254042706,91.9410591624363,8.21487264417134,44.1111275198924,17.0341911905284,92.967697389004,116.968175085337,61.2504155987335,81.2776493724217,76.0719707030858,68.2335701206537,89.2483481879815,94.2429830311103,122.091567747594,49.51234766263,132.133872936475,127.78157278802,89.7028246494506,76.1664014787323,84.6722501857007,123.763242335936,96.3196532322166,83.1197172388491,40.2251602539277,49.4263785675426,48.8283626509479,76.8654467540304,148.702732981558,97.7131363108012,107.026388471446,131.768600022472,65.2604860541221,63.0031491872727,46.711616224162,89.3108710759026,135.064719211528,109.546571652062,19.6940229691033,66.577147170918,14.7291386826225,46.4709451991872,14.4364835569327,68.3745462492379,62.7473486173391,47.7516053161221,84.632673230025,100.444771833091,128.151915001113,107.062768766377,109.748705641582,49.6569607883248,70.0767026706028,87.5249635326454,92.1482513000534,80.8971267755513,10.8191818972333,17.8367013188851,88.7255883997109,24.3456979303793,75.4806100779308,46.4506338873741,41.0771618606395,61.6372181065893,123.874539455949,105.596836766726,80.2543479242126,77.7167633511865,39.7280395733127,87.5716239891104,124.25279434058,19.4746343053048,11.4000023505281,55.2300900475309,82.5934307425775,98.8965392758281,86.8170029121288,75.692017800953,13.1206353987789,24.3456979303793,16.9742549633514,84.380385551155,135.087161705382,65.2432099647167,73.6629521858657,71.0606291083571,105.295051941171,52.1110004284576,58.1817126013405,41.4450513085917,21.0165993243388,81.0517956163453,17.5125996129067,107.477485528631,87.7009554736501,97.8623577026698,101.174431217588,47.0055278386866,45.918903598493,117.215577417764,3.98276934679902,57.0592132582363,28.5965039996937,49.0869480923728,94.2740542158684,17.5808246671522,17.5125996129067,79.835235106873,17.7942557853104,125.04453775673,106.058467543637,43.3558150531955,77.3938829859518,135.32973134972,115.846452363786,67.4923426496868,47.5467506916286,56.6137164685235,58.1869123863781,82.2163277561466,55.8004105366253,79.9626432789718,64.2444158704372,64.11732570142,104.419841796718,33.7342386370582,82.3978715913859,99.7616256934877,19.9343599854525,13.9492741420577,27.1468967313726,82.6417932154569,45.1652281392765,74.9705163991978,104.079500449095,130.872164211528,35.0371942911822,17.6213777794788,68.0906946837856,85.3862722844209,59.7405113136567,76.1324941196877,45.5289745839533
56.0387909652519,45.0954111665601,45.714008077108,87.2456849558262,34.5587538742254,49.4594688801159,104.272972827942,13.8134548653596,78.1938931983906,64.3800254490758,83.7281521673141,81.0311964263925,65.6900281057691,24.5374164387966,48.5490634297837,35.0593863060259,66.3196390385346,131.137234205074,101.959343572357,73.1037504960116,93.2092035012778,93.1387860015374,80.2075903683082,61.4839320471854,44.5852391334008,80.1629541298148,34.3707267956378,62.1520327112178,98.1867731649214,70.9531576442931,139.378860831339,89.1046863990128,112.81646235448,131.834838299347,77.3473195734342,143.151683180134,66.5262013697464,19.5923652337651,18.0582778503666,25.7148143274372,56.3916509342459,63.5975426680576,72.24320946472,124.291693141067,48.3157678201728,62.1584015916195,107.03529257379,16.3073044388595,92.6909584810029,103.400813962024,124.460376255882,130.148733196722,65.2098779512897,125.482158094262,132.887819288401,17.5445561752649,56.9027701124885,79.2076108864293,16.5950254042706,93.0493986021712,8.21487264417134,33.9916512649238,16.7971858422983,94.6570923328361,117.874877870691,62.3634488922993,76.3108185084185,77.6177188629797,67.9820463582421,90.3935929258459,95.9555522728569,123.382752440219,49.3298343931658,132.912472954975,129.409509264585,94.027659425622,78.9466833535867,93.6259044224345,129.575913174014,101.960995682838,87.7389654586278,40.2251602539277,49.8591120323765,48.8283626509479,78.4273179896688,149.490525251353,88.5874344942616,110.191334011177,131.760646277045,69.1398019317341,71.3175354915243,46.711616224162,88.0172831161463,139.066840758954,91.0960586178895,19.6940229691033,66.3317293433377,15.2779852361912,42.8316597923624,15.0276113225755,79.9721212644738,63.4524644431998,46.2384437371181,86.4317209223777,94.1489622023781,128.907051297153,112.091084299376,120.944513225589,48.5904333019731,71.5370726441976,89.3034313450993,83.542269586345,85.3186739072891,10.8191818972333,17.8456763580343,90.5284523683553,25.6443045499809,79.2859019961953,47.4952567296392,39.7755012632509,59.6440843778386,123.867062207564,111.996678295645,82.6869776847209,74.0114760917352,45.7251945969441,79.39306624051,112.67125076233,19.4746343053048,11.5469017886306,59.8467127932314,79.561921081573,100.165590675638,88.9695221533174,83.953013805483,13.0216899689722,25.6443045499809,11.4495599245576,94.3956150917578,134.842198215774,67.3156483484289,75.0015442179974,72.8224887247449,106.646209767698,52.3831237439818,58.6940725110997,41.4450513085917,19.6992932464189,82.6987315741249,17.1267667499212,108.260300615845,89.2946439795241,100.829507624986,103.991696402227,47.0055278386866,45.9867969515501,117.125360314344,3.98935153937445,58.871688514508,30.6659184335746,40.318944366347,91.9921403145587,20.234741953396,17.1267667499212,80.9625933614778,17.7942557853104,126.366951712309,106.61806320354,43.8913812869286,85.577887388512,136.127162992272,116.690223040635,68.8637566342789,46.4513531813142,46.5012671060969,54.5365082149421,79.2423073860393,51.4305054509777,80.26250216635,57.7223488588268,63.8809753101438,100.161121735503,31.6005845120563,68.7678567449889,98.3186584832385,22.9435557175757,16.0208486599067,26.5507460662742,86.5231519481734,45.4010806757201,75.2516548747633,107.613171451984,132.539474804428,35.0371942911822,18.0582778503666,70.2535828879776,76.2033989202273,61.7514711470369,77.6794720881298,45.5831821738658
14.7012077874662,45.8744140669517,47.3350990163463,87.5002063011516,44.4600733942599,68.7101160964424,101.527624202901,14.7012077874662,82.5101718678037,68.7525424313416,82.612871805796,86.3763239707938,60.3267271816479,61.6992278059677,50.1050697937348,47.5061809552559,71.8682703194253,137.025959224795,110.080413218395,72.373973679123,94.4937770010717,86.7291653203621,92.1999129858999,59.8955587909038,42.7309703748587,71.1447568096785,65.0667485636697,69.8699252297423,100.298273310843,74.1659242953734,138.616724901678,95.0418463006841,90.7813145629557,127.721251566931,73.4695304985179,146.329613978335,69.3369475898315,86.9583943076914,77.5065274431746,25.7463804891534,67.2243249529288,80.668260536498,16.8066559828313,108.563909371437,48.4327203614469,62.5461358871732,115.411960445855,10.3655775704284,79.2884835523438,87.5671300660639,124.316149054495,111.275851307557,83.4892103948055,127.483835335093,136.066844894647,32.5814480602721,52.8445177522514,103.098063631765,9.05521139577606,90.3589673390278,8.65047318823665,43.7621301718847,16.5988811795352,93.7895079565347,116.781484722536,74.6059162659119,70.0260224682686,79.6013002152469,61.5429597499614,22.2554278522699,96.775855040626,116.002167492861,60.3656156537302,124.751569002894,118.176037313179,85.940675376457,84.7040167758389,88.6310925075483,131.719714071212,97.6441749835906,88.2719066033364,33.6345421438659,93.352801714067,44.957304641064,81.6436662152972,142.387094183726,99.6779520718088,109.587494112178,135.334829999101,58.6141464844185,70.3162894420643,40.9317401332867,95.8051643869297,129.11716201675,93.836265361705,60.6785698174782,52.7165236221981,56.2167808381721,10.8102372471821,70.3407627121436,73.4017176893032,60.9197337648246,38.6112446014788,87.3427846122705,106.523477373381,131.172286108511,104.518093055555,108.735399127571,50.6137885498454,62.8243955704504,92.9137335109439,95.0462059535163,83.62696137126,15.6824710843454,89.5007865307333,95.8721951042282,92.9000782067816,81.8377381235768,91.9262994600145,9.90276452272285,64.6487369090765,126.064592990083,108.464700867274,80.5994068669357,76.0561954280511,11.3063751300768,89.3196239334782,105.984280655976,34.4546722664717,50.2232448126895,60.4804809360432,76.8108205760161,100.283741746988,86.3496430797181,79.202274221758,48.8976938572897,25.8149892477426,16.6507054002735,84.4510092127466,135.861662249565,67.8071405954671,55.0892235943818,70.7250214094381,112.038764986401,58.7398011085668,14.8040961864186,43.3974057932785,20.718002017616,87.2904023988556,44.5663088530601,97.214862492147,89.866018659373,105.711388152368,92.5131132752651,33.74496051287,47.7969525583134,47.7301128734989,11.2816078057346,67.0843809172389,64.0570290226059,11.3134600088229,101.842874136637,11.3063751300768,17.1556300455442,73.8109058177616,74.8700286101323,130.805508339791,94.1811715113333,41.3211016989148,70.4518912543758,140.671443924651,110.533865093469,80.0755082503292,44.665256244817,47.5359215561672,57.2158296943384,82.634464362587,52.6178913155357,88.2143850422142,58.5103081692486,61.0586639065516,105.395564532282,44.1833499572693,73.7877041793346,99.9839072867823,55.9576960925695,77.6695420408788,34.6028124606452,100.910943586645,48.0515920365926,78.4345156258433,106.281605218123,133.256791389555,33.0894579854298,19.5264581616695,69.3411865584708,87.5186656800276,68.6591421348356,72.6582660064455,40.8126569576204
15.1499390250896,42.3961640893601,43.7460982532496,89.7446914226675,44.8939601719441,56.5363846499257,104.062696727043,15.1499390250896,86.455491593028,68.8685320527033,83.5614419330081,88.1591852934485,53.4815948662431,50.7676521888775,48.0562294482773,49.1475733419673,63.6976601390427,135.090925479029,110.87291897996,62.0883609528675,91.2693018541764,84.0215249376817,89.3214786465621,52.2634260403647,43.3082344548682,67.4843005097382,59.6615917507806,72.5545067826828,97.3166446671655,75.6492244129185,141.079440823435,96.1331272871126,93.9571445455329,130.366674253281,76.0781596735597,146.298657578576,61.2164156143035,88.7532699259656,67.6794322800215,25.1775037390841,64.1837607268985,78.0536293020073,16.0555912758162,110.812536168048,50.1061257346104,55.4491724686897,117.802427299992,11.9514251284556,81.2562247873643,87.831666873418,122.638832654576,118.004098848752,64.0583146804621,124.603158598957,131.635216182291,32.5814480602721,40.8452344737047,66.4390385297922,9.9784321032028,87.0398278675391,9.21095089917052,51.9582732431137,17.0190235955314,93.4205472825224,112.88089534777,74.3124223586452,70.9325438714497,80.5152911445167,64.8133929744026,21.9745405426704,96.3951463080409,112.224035233273,63.573484041112,124.725177493099,120.275596431083,86.2786187079915,85.5183467377137,88.5356316238261,138.555271341762,94.7056640078731,87.3496846579854,27.9592839849761,97.2774401516464,44.301457667845,82.5811078167702,140.137062330555,97.9641215989449,109.622218895639,138.137948705978,53.9692425242863,60.3231097839328,34.0252036579163,87.2655466988342,126.802097859817,95.3936170135462,59.7241169311916,55.5179142448061,60.6612690325907,10.3681971441112,73.0434350475707,72.2003842093996,59.3250885621261,42.699970623521,85.6892554491574,102.888504613773,131.144536279781,109.94202990455,103.414855436739,48.6815691897524,57.1509006143736,93.9805792710503,93.4120122255404,82.2544673803452,8.98492467022675,81.1288241438696,96.9730102474168,88.386320174763,84.5245912986917,89.8951504794911,10.9514147646957,62.9546969942297,128.675702184129,101.797272520684,74.777335764803,68.907690351197,10.6346541046115,87.7838912048237,109.27258474882,38.8046484124076,45.4222798779055,58.6919084068596,73.3782581132364,99.0180536369745,75.4013244304168,75.0672446117476,42.6669532440018,24.5607102706667,12.5380110399383,77.574590615308,133.9430703076,70.8780604288932,54.8725068473697,61.7577571191348,110.624715906923,60.7693278016797,12.6945203338835,46.2091917072052,20.0110276038578,88.2926804494544,45.7094880679445,95.9032060065329,89.5124926889549,101.882861377309,94.5419470137374,62.1938883519984,47.377197432467,48.964942496406,10.9627116842477,70.1225676636895,67.6785608664895,10.05386277052,102.49966803949,10.6346541046115,17.5956925095677,73.2346924867707,69.3470903063744,126.545238713184,97.1664981417985,39.997262187833,70.3760104363833,140.641684525071,109.042504026723,80.9949440886832,46.7359513042131,42.2434544006167,51.9212432141527,78.432498289171,50.46629948932,80.8859444660523,61.7194247089507,64.303361332403,108.011218017212,39.070023601129,76.0399577558073,102.412499962936,52.633203443994,43.2911056167468,33.5157584794007,106.147688435171,49.7118289942321,71.9185410871219,108.436531035338,135.624280753268,28.9278966417665,17.0506878119433,72.4815818502602,89.2690173182485,63.8739360467223,73.4925362493535,43.4174899218414
13.6993711057685,40.3900399568984,41.6760972215074,88.9856061756608,44.0407191911972,55.3256248296347,99.3813484035101,13.6993711057685,88.5678813726905,69.8089715577824,82.9706786726707,80.8599425612806,55.5025840604757,49.6804331560121,48.9492113429995,47.0278970762529,65.7679439867713,140.009675364996,111.321872349979,79.4349053037944,94.7874608803125,82.0363591360256,87.2110915178587,52.3620926825934,36.5666757541185,69.2888196605271,58.17952657665,75.857779910698,96.4606089582175,63.3698718936639,139.923838507857,95.4534846386755,93.656792167404,126.100994097062,76.5391373289155,141.926373753526,55.8130977178224,81.4048392626507,70.9616573184324,25.1658841068296,66.7997874267347,80.8763669721853,18.869111373634,107.186679795629,47.9451082465737,57.5445134671888,113.947857262317,8.92429838497785,74.1834511763618,94.1253379484513,125.363564684668,113.35131651496,60.7836777959433,124.057694136323,133.013164272542,32.5814480602721,54.7848463271249,77.8389445419969,10.8707899515449,85.091735575903,9.58604565197116,45.6963566248507,16.9774223438496,88.1151050936122,107.606712528903,70.0921488512621,69.0240023263395,79.9460635821,69.6440466353474,21.6196653082612,90.9207737967965,113.398788460524,68.3117251565477,120.997639010138,119.290401444967,84.6479385271535,85.3958488768878,86.5424729626795,137.012476864979,90.9135122928963,85.4483412110789,31.4116466939856,94.3724941087646,44.4087429151959,81.9972753293507,139.71090383925,103.42408784077,110.3881057105,133.617987527317,64.4203951746994,77.1764697888323,38.2265753503446,91.499071739785,126.434318210385,93.5348544067198,63.8585442612,59.6557598873048,61.1230079753973,10.5608592076334,76.3689681794167,66.5266482712504,62.0087769385146,39.8224558770902,84.2443006216249,106.854549207507,127.225148746017,108.717840056986,99.9130284854446,50.5148664899503,58.7236834893457,93.3161547214707,98.6182696288419,79.5234226023094,12.8227764214948,86.8953984143888,96.2874297886159,89.6096436295893,86.6735774415651,89.8536631024715,10.2134082269972,56.8571055853283,124.465351705079,103.161519036951,76.9034088144986,72.087728321001,10.6466479792429,92.6764689642263,115.947798267298,34.4546722664717,44.7652445217519,59.5856141426678,86.2367820005143,97.4189733318856,79.0580352897943,78.267607840059,42.747502976954,24.90064627979,11.7028884123745,87.1336025115761,138.820026028092,67.9584033794617,51.756244726159,64.7528008111955,108.838195187061,58.1484191165576,14.0112248064097,48.0909545708084,20.7823929584352,87.668468246318,45.3228646644811,98.0339384306626,84.4289926564589,102.989700695325,93.8755206790525,37.2310088219021,48.7255353974339,47.2957739162603,11.0640939497026,67.2340313837087,68.6983673049764,12.3517176883632,97.6308807537178,10.6466479792429,17.4468633099444,72.8934286401031,77.0320155861302,127.869905280934,95.3317380297176,42.3178499278763,68.7916702993613,136.438465079626,111.465159208055,80.4223254725631,42.3430877503068,51.8983832231753,51.3698036847358,80.8167211924756,51.4040653576575,84.0818513402375,71.9144554240215,69.0960014577874,98.6096134695786,39.9342827382492,68.7593262546216,101.651920662943,52.6925637238248,58.9442841970113,32.8442770617304,104.965748074078,47.5678170546976,74.7601344116354,108.637003076968,134.513362450981,32.3869236719126,17.8775888743952,69.4958714608603,74.7789053414888,72.1593431829773,72.9729582080849,41.3331759004281
11.8772655507735,44.4448832019841,45.8600505298107,82.8248593065396,43.1085261199899,61.2239221438604,108.293071294627,11.8772655507735,86.7288744888374,65.8754397689446,62.0299015196636,87.0390828449607,52.0847510662126,54.9768932747366,47.9917863400501,41.302845721835,71.6780171241338,137.176700298618,115.292211670949,72.5483460061792,99.4800380503783,78.6785751807537,83.6415035095115,55.6258988887983,44.126439776181,76.2945314453174,62.2932574010776,64.9455692248126,96.6132600687179,68.8081693026287,143.7708947349,71.3622010397758,89.6982590642118,127.570445394962,75.8954211314898,145.141349579636,43.0790836313443,87.6256193626754,74.8408557393016,23.7193476496771,56.7682590685732,79.8135483001893,17.6432517669761,108.435723126897,42.1083980390198,54.0009390535602,115.275688402316,10.5367604050255,71.7687140601893,82.0019227333443,122.301628172656,106.627496835096,61.2125894592491,125.635643447422,132.634502168797,57.837361411236,48.5133749092006,84.6680176108916,10.9780482674515,83.7979790784449,8.81138653644061,44.8353995039806,17.2358773234294,83.4852688499343,114.155615815506,66.409293672186,75.9866421377086,59.7686620166922,67.2984981959447,21.6645700516323,86.1435191662715,113.075964595416,66.0110480983522,123.738528346954,122.570163396892,78.8370058701809,85.8954871239367,81.821647651835,123.719371204045,82.8952389169917,87.2005471273642,39.1838758470568,95.572179929725,38.8399223217936,61.3021731885111,137.323530066205,97.4972124829201,107.659632456377,135.175034135876,56.1099347465793,70.4857041418062,47.6850321531492,78.555399609836,126.988435403244,115.319042287492,68.9530126321542,57.6466079028187,57.3716123470469,10.3542934554875,65.3832225957927,75.2480013482733,62.1277928367644,37.4890104626924,84.5505636809192,112.144523360965,130.107106248871,98.1699121005402,102.650891686179,57.2363133205049,58.5394271452569,69.7643068631802,92.9667990256214,75.7822466155303,11.7602276761414,81.6946776479191,71.9856687075248,86.1331147173272,81.2411112704072,84.6888694105563,9.61494110417043,64.2324096019715,125.915742908702,95.8829818011812,79.3361027590607,68.891562252536,10.2472478286863,87.3655023255617,104.014823083131,56.0010687195951,44.9285779474487,61.9192185623755,80.634282467319,97.6213156870778,83.3798312743073,73.1709378936604,45.4120176739062,23.9345915872444,11.2697314376651,84.1829476423643,136.011122490346,73.7654598919579,49.0368138474775,68.2925851418582,109.064255634999,51.0695849284005,16.9406048545375,44.2046705194507,21.8112524914406,65.5420268785879,42.1850235171149,95.6395130946226,79.992835997475,103.274500438347,94.2840332853639,39.8392850348736,43.511926499469,48.559676826864,13.3915255481107,72.9791901925182,63.5046156548368,9.81478486582083,109.964250601101,10.2472478286863,16.2389633682331,65.5587301421799,64.9014168174779,127.505885015691,97.0939247412831,42.0419267569797,65.0391376156172,139.529126493581,108.742683649427,60.1247212732344,44.6666243875941,41.2389174583611,56.0642248200217,78.7378663506828,50.3986244919855,74.2502123889074,61.3945306782832,66.7689106837998,95.399783111453,39.8316577680931,59.6138881641459,109.61977860402,50.7158459882956,53.2802001274312,32.0936243178872,94.7818523307529,41.7770372753224,66.0184780640145,103.904114904391,138.211663427826,34.2897919986766,18.8548872796353,75.4343048684992,81.1963070974248,72.0271994512194,54.5554825350247,37.8148897995381
14.0174641197405,47.8199119197421,49.3425433700446,90.5007897306952,41.6367630776621,57.1053563489582,106.27868497706,14.0174641197405,84.4486888820155,65.7728741352658,70.6906022368314,78.8553414096332,53.9691537214783,51.2785684333572,49.821495378874,43.9019726986324,69.0443724053414,132.53996854955,112.769065807567,68.1524556348721,93.3826364857843,85.0324618628729,90.3961839800282,59.4968633577678,48.9513117446427,72.053626743303,25.6940577977841,74.8142908967236,95.697146755258,66.856603306501,141.182965403132,81.3258903344934,92.9291636649737,133.368229469306,75.0196514073593,143.076689851307,54.5761849027794,79.3867295612753,67.1889024497352,24.8772130537597,65.2815459927064,79.1345480549129,17.0881320009972,113.363877972549,44.7582172313831,55.9546685205593,120.514703977663,4.6739947824226,75.4803518062374,97.8199451866463,119.813518099919,113.311715005837,61.9288382050692,123.698930360629,131.784109992454,18.490645894138,48.3384135928424,75.472207895169,4.38021461651133,86.2070782703627,8.35444175844039,44.947636441231,16.316401206853,86.2468224297653,114.915156194626,68.6060024472889,68.7132418732876,68.1136453442577,63.02507031631,22.2842869866344,88.9930032370538,112.350972877183,61.8193727880642,121.978327294252,120.363855078096,83.3047166603143,80.465009016231,85.4141925898096,132.768227740164,89.3061238380343,90.6937340483643,41.491801095444,95.9097830658034,40.9869110027817,69.8612674687007,133.646275014949,96.1016617462109,110.97580691222,141.318429322242,56.600738181251,66.214794531746,50.4936744147256,83.3970226164833,122.456022367526,94.5000987008412,19.34388677519,53.9860712195035,56.8668773485727,10.7490556798378,75.3184473310925,66.9307466426895,59.5343977710121,37.6280403686983,87.0204738003368,105.270881114714,128.25631112109,105.35007671111,99.3504968859218,49.9683838203694,65.1696200902867,79.5048959610223,91.6360954950724,79.5060937868924,12.3713657003621,84.939747608557,82.0364074210697,90.9266763076187,75.8399819231393,88.8229760246854,9.65059860330059,61.6132266504643,131.638324551223,104.223903790472,73.9263001122674,68.4862404462257,10.0098980854071,86.1149743563158,102.635295150903,19.4112254710042,45.4248623102624,53.4280990023706,78.0972397155449,100.413782022864,74.8548275460578,75.6232075251267,48.5722058307092,25.2666221226367,11.3696814156302,84.2972169421312,131.413788624576,84.2599584647603,50.6588699382044,61.3101466546562,112.184048276133,54.2833183543054,15.4842285868645,41.9122851753795,20.4743816209277,74.6930954001472,46.0945901396226,93.6938183443746,82.6388657180806,98.2963519702259,90.6132566812848,41.8946769724332,44.80523294831,48.7132126174126,3.98276934679902,83.3618273839817,69.256896127164,11.4233438905477,103.093260901828,10.0098980854071,17.7439360783422,65.668273699638,26.1904283954957,126.688375202768,97.5723309279415,41.1553964992382,67.8948125050482,137.544301567847,106.530417381454,68.5194180870854,45.3022268534895,47.9976221833745,50.644342819987,82.1758067220408,52.3200953479332,79.6657616136918,63.7820571641675,62.5291114006386,100.333540676962,38.2337238934716,70.3558857724384,107.743994255436,49.5411507699547,51.1038580471201,31.6574156105112,101.714213654786,44.4060044250498,70.8336335524375,106.450230120649,135.723802317712,32.8013803158305,16.9271071210762,86.1662274504542,78.8933835703426,69.7000475234378,62.1725945268395,41.5696867833551
16.5513269440704,45.1975665541292,46.6367000353443,89.3208862006677,41.1353086243539,59.648607362564,98.9452749817318,16.5513269440704,85.9108529548909,70.2704781518835,77.3377744893481,90.4210169563881,60.8915002914769,53.562316920057,53.3136830186875,44.0143457991035,67.3930256262417,138.182300233119,112.207928162521,60.8642060439965,95.8556644693029,85.719968648779,91.1270576786694,57.8369313095273,41.9613211801075,69.0241510947649,37.7762180207843,66.535201708848,92.6992313869615,74.9275980237684,139.929902618987,88.9731190259616,93.9166248927087,132.004956243417,75.5303452719773,144.695980564765,55.688615823585,91.0303435563511,69.9446765585338,25.1492361143546,61.9659483418615,76.9257884058507,18.4863356005066,112.205086705409,44.8727820067834,63.1316868912319,119.282817868711,4.01971937584346,79.1988023357567,90.6561466050529,122.792347537379,115.281553827763,57.3681303513148,122.976443979043,133.698942756494,18.490645894138,50.8880689672784,93.1269944003309,4.09064204389295,86.6494627051111,8.21487264417134,55.667290381092,17.0341911905284,92.3897939482059,116.241080484264,73.4924980555296,77.4847307106754,74.5185014216362,63.7021641999801,21.9995472469601,95.3315728077867,113.983440736542,62.4835135656475,123.358834299524,119.295571330662,85.5167351125194,82.1202763276816,79.7990043997802,129.433356663196,90.7760501841605,85.0257513161683,38.291508552471,95.5466663795443,42.1987528441937,76.4304557900537,140.144262346044,97.119748341546,109.480630983036,139.873890155858,61.5044693195617,59.1337591580333,46.5990608903564,90.3952380559599,127.291173896734,104.097070636515,18.3861387102806,54.5660569052417,57.3248439497407,11.5024999331533,66.9835672503974,65.59079561172,59.5123132915273,38.6541883698534,85.3268797849135,108.058742377187,129.707870098004,102.703894489955,103.43220388209,49.5564822144727,56.726010517036,86.9808930758974,92.6068745510971,76.241155293898,10.8191818972333,82.760173390357,89.7504473903229,87.6125579610186,77.2114703330489,89.7942221902896,9.91377846517206,58.0897357527481,130.292734195291,99.5192926049562,75.6353710815549,78.6603605970731,9.83349425275584,87.0272634828173,117.101520988554,19.4112254710042,44.3680631876805,56.4965817684002,84.4873964439487,99.1307347272497,77.9250220000353,74.1746102532427,47.2170661382636,24.3456979303793,16.9742549633514,79.5239378082444,137.008177934674,65.9516042287488,54.2670723788242,63.8248017330592,110.750605208337,54.4222639281002,14.401151998074,41.2120994911583,21.0165993243388,81.7166297242013,45.4936321835346,96.0232541928364,88.5248587798633,99.7034420636506,95.1406174080003,41.3817135671216,45.6590429070566,49.225537501249,3.98276934679902,65.2486228047808,65.31975202128,12.8880754830094,106.650466775409,9.83349425275584,17.5125996129067,72.7880883918931,18.2022992560296,128.529166567335,96.2306877143501,40.6403364523564,63.4313604980326,139.100978692887,109.178999514032,74.9624297499535,48.9383943268601,54.1520051949198,52.5308464916613,82.71223221657,55.9874198410754,79.4655815254374,67.5730512282976,63.2008770752854,105.276354250705,42.5718806926283,83.0737469996001,105.898117393984,48.6680900459387,50.199077996452,32.3159020400429,99.1593570071715,44.5196676636252,70.6556463879556,108.847819826738,134.519192079349,31.7905149896167,17.6213777794788,67.4436711605241,88.4174702055018,68.1738406710106,68.0188022564217,43.5299638396791
13.8134548653596,44.8150902162808,46.2420452873395,87.3529925692842,43.6124011171022,62.4167816839952,104.122830160629,13.8134548653596,85.2034212573359,70.8154314386042,78.9092432116952,90.2977492850724,61.3275393518999,56.048038495973,49.1385213609601,44.2441884352265,73.9038099236011,137.931724101088,112.151165736716,68.8963207506305,89.8474969508675,84.0765338261755,89.3799574145041,57.4007710281699,42.019170223639,71.5750046568831,32.0881595105872,69.2596051252087,97.8670799305059,66.869503604989,141.712608745272,90.7810127053721,92.463401726706,131.996988231182,72.5028715824041,145.548602913909,62.6973373704149,90.9062452123271,71.678867524137,25.7148143274372,71.165045740674,80.2587255025416,17.8078130537901,112.19831384226,45.107107391368,63.5837677449339,119.275617783357,4.01971937584346,75.9687119379175,84.7464173286885,123.686708824061,116.205749722716,65.157640363256,125.636494562862,135.112881749105,19.5509137801147,53.6277752464052,84.7701954179957,4.09064204389295,87.6940125267336,8.21487264417134,42.8967298703486,16.7971858422983,94.0686873180685,117.142147046778,74.8279926209709,72.7496829459532,76.0326837858625,63.4673441841872,22.2818478859245,97.0639237384024,115.188877578798,62.2531857608304,124.085727325008,120.815396199182,89.639746304247,85.1178909110046,88.2373380009805,135.512330383911,96.0927095389137,89.7509243972311,38.291508552471,96.3831881153872,42.1987528441937,77.9834882053496,140.886713841848,88.0494646793446,112.718152492128,139.865447163263,65.1605141761324,66.9375106149808,46.5990608903564,89.0859440119111,131.062956437898,86.5643963626139,18.3861387102806,54.3649145656499,59.4609188223876,10.6017031025895,69.7263297996953,76.7161955469979,60.181075794806,37.4293073983838,87.1406843158832,101.285694277964,130.472174873256,107.527490908335,113.983645431074,48.4921127973846,57.9081574977565,88.7483056218767,83.9580607352459,80.4082237046885,10.8191818972333,82.8018165049049,91.5741360317639,92.2858373245334,81.1040221255201,91.8135938921019,9.59962884492482,56.2113152921946,130.284869535284,105.550796210968,77.9279927201213,74.9100856322353,11.3179115582949,78.8995450773051,106.186544181748,19.4112254710042,44.9397861883924,61.2190691701383,81.3863706571495,100.402791349159,79.8570756715366,82.2699970158333,46.8609924603307,25.6443045499809,11.4495599245576,88.962748568825,136.759730924995,68.0465446240018,55.2532054150093,65.4072580398555,112.171769301627,54.7064566470402,14.5279714505834,41.2120994911583,19.6992932464189,83.3770748114192,44.4913287710791,96.7226420854337,90.1335191320755,102.726412972165,97.7898672811439,41.3817135671216,45.7265520433254,49.1876501700127,3.98935153937445,67.321233126347,70.0466807973223,10.5859830073542,104.068980440274,11.3179115582949,17.1267667499212,73.815933455237,18.2022992560296,129.888432366679,96.7384291181401,41.1423588893635,70.1389000805924,139.920632443865,109.974207623025,76.4856325377376,47.8109356777485,44.4792713670329,49.2352803016409,79.7202734392487,51.6028694705147,79.7635764376111,60.7130625068072,62.9679049127329,100.982701683295,39.8792552616476,69.3319308205915,104.366391041648,56.0147923711551,57.6540272459923,31.6062391019523,103.816480494884,44.7521490873372,70.9206041562847,112.543383150829,136.232965785573,31.7905149896167,18.0582778503666,69.586006783298,78.9086064226332,70.4686796715821,69.400913662953,43.5817913725917
56.7934980476958,47.9323798463359,49.4611391391686,87.4570885715068,38.1117102620944,58.8991388637827,104.259927728706,60.321856888031,71.5319046859216,72.1278828971559,17.3914388283205,59.3208357623472,65.0572014224245,55.9554674074077,44.6905210709878,40.7228703418896,49.3571115805314,139.682134978751,115.484706064738,15.2359736260208,20.718002017616,90.2757938994883,63.320313300073,64.592223291601,8.99560856686008,74.2747912734655,70.1689079611907,47.9847042423624,90.9837232268072,15.6132102338845,142.052417051057,96.4101792347664,106.52827189636,127.658313996521,79.2632046819857,149.956474346906,14.5966270896108,77.9410105153567,19.5264581616695,105.642305156425,57.6255008049916,69.1498042671042,64.9272357447402,113.003429367002,52.2305351408016,57.8930430942688,79.2616962135827,40.0441526995675,93.0418905561961,102.756553876431,129.893078717413,116.17146505618,85.3245034973425,127.421014756966,139.439336858563,22.3760243598276,11.1246852677006,102.469194949401,34.9819646223855,19.0221259558812,29.5604928502643,37.5134249278648,16.5988811795352,97.9969861721286,122.020402845259,17.5553648392811,71.653654695847,75.7114895552354,66.3688039387525,85.9768541844668,101.122510165732,125.09838886663,51.7461326072607,134.533868014205,127.442721028736,87.9382158331631,91.6217048684281,18.6583784093086,114.687247838825,20.5557882088999,81.7049561977536,37.0594548353352,26.1459100037451,48.9871716891714,78.7994042788237,29.9749468128869,99.3047478059904,101.434779770789,135.265506906773,12.3392919381174,15.2359736260208,42.6117414484458,85.4520856945081,27.1813965041597,93.2922387545975,65.4366335298433,61.8607495264007,14.4444311437114,10.8102372471821,63.0465887721719,75.6883132875303,60.8606400093098,48.37403805423,88.3205226894974,107.478698729524,116.997298684435,107.774019742824,22.8906827842231,50.1966721899978,78.7094467797232,97.0819237295977,96.251241297086,17.6049222269568,64.3481671762435,80.2197625618713,100.178262645869,25.8149892477426,75.7494549059319,25.7463804891534,9.90276452272285,13.6096776289952,128.508288456453,22.8336961169885,16.9675696230534,67.837267133824,11.3063751300768,93.3265792967509,22.3115247479225,31.2549185732005,12.9044422447268,55.9810616519719,71.0965127203868,107.690757310396,77.4205583852703,79.7650313356639,13.5876467009604,105.923819966413,68.321017072923,17.7783985547198,142.175716310001,63.7905436657518,69.3593655714523,19.5264581616695,114.210577194421,56.8514699458189,14.8040961864186,41.3274002881099,70.7977861079691,88.2675540958238,58.2519738889596,108.571522433986,94.1735800210941,107.233332217499,63.2171729427617,42.9925253160045,46.1318258051548,100.362751639451,38.5516352255042,64.6659058941988,58.0937740576246,18.099328597172,110.784318590916,40.9312326181277,17.1556300455442,70.1032189501545,69.3001051354226,107.693504803987,95.3886888520144,44.5796089810633,82.6724999884664,115.81622986954,23.2692909859119,17.3914388283205,45.5491793376775,11.3134600088229,55.8585265682147,87.6186757839136,51.620908223275,92.1717584356127,59.6444995501732,63.2131243066843,106.575390170674,37.8744995998494,74.6137031250695,99.9326921366529,47.258110471331,21.5827417087794,31.1911014416794,23.7451467605539,49.7470967460408,16.5118225612889,92.5385002868229,109.711671058958,33.5137051430088,19.5264581616695,68.2927336217184,84.9884639141138,64.8646614644977,81.1462193691892,43.2762777803573
58.5270302197692,44.2980925749365,45.7109396085242,89.7004676716,38.4836432324028,48.4636696826163,106.863223927442,62.1630866623759,74.9522858116862,72.249566918299,17.5911292516309,60.5452548953494,57.6753132840951,46.0415439288623,42.8630863821091,42.1298916599612,43.7457657590477,137.709591627158,116.316119140445,13.070674192284,20.0110276038578,87.4574295783526,61.3434853587231,56.3616226800439,9.11713264314292,70.4532921239073,64.3399099047058,49.8283995291225,88.2789939595272,15.9254705717041,144.576172748242,97.5171715712179,110.254982415031,130.302433090285,82.0775456317337,149.924750675668,12.8871146126954,79.5497616951758,17.0506878119433,103.308095450616,55.0190925386769,66.9085108898423,62.0257331887445,115.344009591635,54.0351593183317,51.3240552072174,80.9034017774539,46.1705765616631,95.3509568471515,103.066977327293,128.140516457194,123.195723823349,65.4664700880561,124.541757540234,134.897867778915,22.3760243598276,8.59862853391336,66.0337794090489,38.5485378048649,18.3233896715797,31.4757634957272,44.5392574591643,17.0190235955314,97.6114736040702,117.944829667082,17.4863033911004,72.5812466010901,76.580817248475,69.8956856868774,84.8917343018022,100.724702027898,121.023997251244,54.4959560152134,134.505407034324,129.70691547145,88.2840140654632,92.502540303067,18.6382822416841,120.638910096308,19.9371808083404,80.8513425561211,30.8063007855899,27.2451083299023,48.2725361358302,79.7041877502991,29.5012761792334,97.5973340865817,101.466921218967,138.067189761128,11.3614592914572,13.070674192284,35.4217332632474,77.8352923081483,26.6940354454183,94.8405614800215,64.4073379493886,65.1480703078831,15.5864051723937,10.3681971441112,65.4690002551822,74.449556107833,59.2675416547001,53.4965921242953,86.6484834865251,103.811130304673,116.972547610129,113.366921985468,21.7706162847794,48.2803765599594,71.6014174028294,98.1966291106026,94.5963285811117,17.3159884958871,36.8668580121179,72.715953256011,101.328520532621,24.5607102706667,78.2364207983653,25.1775037390841,10.9514147646957,13.2530529177632,131.170012621351,21.4300870946014,15.7419229264357,61.4612573192811,10.6346541046115,91.7219522733978,23.003769651526,35.2009189642387,11.6708745023211,54.3255492043918,67.9193142609976,106.331584739532,67.6043632861632,75.6006210373827,11.8562541656444,100.777274318827,51.4458484327068,16.3307934687181,140.167959455426,66.6795557079627,69.0865111890391,17.0506878119433,112.769117521352,58.815752657374,12.6945203338835,44.0050673021903,68.381905306022,89.2810519102347,59.746206808168,107.106637971849,93.80310843727,103.349685519173,64.6035400076717,79.2376781254274,45.7266939021795,102.959244530413,37.4618998648989,67.59456224533,61.3781669789201,16.0842187812223,111.498776677445,38.4994744965819,17.5956925095677,69.5559501034046,64.1880434438223,104.18598150988,98.4122910063028,43.1513738824996,82.5834568582833,115.791728653327,22.9553336788203,17.5911292516309,47.6608533443618,10.05386277052,50.6895409719011,83.1632623449619,49.5100839120348,84.5145576947981,62.9158231168693,66.5723111705147,109.220323967885,33.4912946772522,76.8911690197784,102.360040805227,44.4504673441442,12.0296930593717,30.2112270155719,24.9773944292029,51.4659153127627,15.1400971858115,94.4147760821038,111.660849120344,29.2987875137298,17.0506878119433,71.3856454937733,86.6882121436609,60.3439121033454,82.0779492309808,46.0383492389274
52.9232167450524,42.2019719837128,43.5479651735523,88.9417564812252,37.75223478974,47.4257917857735,102.055891521938,56.2111300816207,76.783614737051,73.2361764034965,17.4667633643351,55.5323397885333,59.8547768025757,45.0555372749456,43.6595691800851,40.3128796417405,45.1675786177898,142.723688878404,116.787113447766,16.7224218965773,20.7823929584352,85.3910840980907,59.8941306918225,56.4680261916719,7.69791789865083,72.3372016245381,62.7416297217903,52.0969948304393,87.5024570018689,13.3404544171753,143.391928190494,96.8277439969249,109.902530812451,126.03885494561,82.5748751505473,145.444097379161,11.749622710858,72.9633462471834,17.8775888743952,103.260417885339,57.2615821256359,69.3281956096074,72.8948842471221,111.569880538546,51.7046872943272,53.2635142161979,78.2561912268325,34.4762233301956,87.0513375486034,110.452350702146,130.987482316099,118.338240964734,62.1198488302386,123.9965618677,136.309969074267,22.3760243598276,11.5331580029916,77.3641492571353,41.9958820265328,17.9132825395875,32.7575414420958,39.1714671335765,16.9774223438496,92.0680247028925,112.434042458246,16.4932395048585,70.6283443509591,76.039405656831,75.1051313655029,83.520785314211,95.0044499083281,122.290867855657,58.5576333530367,130.485576467922,128.644467172885,86.6154315802868,92.3700381705967,18.2186878592015,119.295611913717,19.1388672630401,79.0914487345855,34.6102080706209,26.4315017063372,48.3894381804178,79.1406945322708,29.4115624437018,103.036857666311,102.175830214689,133.549543859962,13.5616077432914,16.7224218965773,39.7955459500182,81.6113261671177,26.6166114661329,92.992575264503,68.8659632410414,70.0036680461553,15.7050451276935,10.5608592076334,68.4496833147296,68.5990730848732,61.9486267822726,49.8915022267238,85.1873534550417,107.812739363526,113.4767043375,112.104596421126,21.033421125241,50.0985653626848,73.571875994108,97.5023979026965,99.8685930818639,16.7410563193824,52.6142950556816,77.8845471500726,100.61214745707,24.90064627979,80.2255340443504,25.1658841068296,10.2134082269972,11.9694044297008,126.878046724892,21.7172845895654,16.1894980873047,64.2976480174902,10.6466479792429,96.8340152906859,24.4090175872896,31.2549185732005,11.5020547687923,55.1527680875866,79.8212338116749,104.614395431921,70.8829477306307,78.8237238548223,11.8786372521843,102.17209653955,48.0191811580075,18.3431308565762,145.271567504174,63.9328463073715,65.1630221728758,17.8775888743952,110.94796604213,56.2790993400167,14.0112248064097,45.7970722778304,71.0178235445678,88.6498521117064,59.240856982638,109.486282989666,88.4759402346586,104.472460183045,64.1481495515314,47.433900202833,47.0280591314888,99.4494612601002,37.8083444660101,64.8101612759947,62.3030366727528,19.7603383055975,106.202527073425,38.5428946084109,17.4468633099444,69.2318287029468,71.3012520231613,105.276592961862,96.5540070346673,45.6549589710864,80.7242965486366,112.331175353351,23.4653445096662,17.4667633643351,43.1810552497064,12.3517176883632,50.1511829725633,85.6912929333203,50.430081361839,87.8538357076659,73.3084791107516,71.5340600300507,99.7134753890014,34.2321480162291,69.529036216836,101.599851099761,44.5005990482303,16.379384088082,29.6059512149827,24.6992744717546,49.2462517207746,15.7383017439875,94.5893254036336,110.746218788314,32.8021634838366,17.8775888743952,68.4450796567157,72.6170154534518,68.1714222102047,81.4976739776124,43.8282174000266
45.8840843297872,46.4387189938684,47.9198393437596,82.7840454611509,36.9531476644638,52.4818832655613,111.207446006353,48.7346837846707,75.189294156271,69.1095316249291,13.0583674701681,59.7759999614834,56.1689370442468,49.8589345310658,42.8056072468048,35.4052966847732,49.2264510241159,139.835798088571,120.952372789133,15.2726820177407,21.8112524914406,81.895989787135,57.4426378029378,59.9877612689864,9.28937901932592,79.6511317561619,67.177935607183,44.6027947054095,87.6409316328826,14.4853101115828,147.334335832648,72.3896142659709,105.257349226816,127.507582137745,81.8803966590222,148.738758158252,9.06889243017535,78.5390458797473,18.8548872796353,97.3250031620622,48.6624352263059,68.4171346464582,68.1591607484833,112.870001183413,45.4102959133097,49.9835624921455,79.1681083975919,40.7054638056372,84.2177393207272,96.2260038094515,127.788184691393,111.318604863956,62.5581890006957,125.573733608155,135.921921620969,39.7210770206377,10.2129047646731,84.1515669347324,42.4102408358979,17.6409244131544,30.1103677271166,38.4334443226891,17.2358773234294,87.2304900123257,119.276735194382,15.6266344210408,77.7528185282761,56.8479964243151,72.5756585365062,83.6942606838437,90.0126264856701,121.942730003706,56.5854652760512,133.441390548883,132.181409153535,80.669433972723,92.910481348554,17.2248724546754,107.721416553265,17.450881990556,80.7133000477429,43.1738618892488,26.767505306997,42.3214416069307,59.166558193425,28.9089789597157,97.1321731251912,99.6503405510679,135.105792896412,11.8121120410891,15.2726820177407,49.6422154165489,70.0663975912119,26.7332627221985,114.650466795184,74.3599104586879,67.646007883215,14.7411554307272,10.3542934554875,58.6031340670219,77.5921120050111,62.0675272319484,46.9680487499296,85.4970449034816,113.150149973336,116.047226303384,101.228081527005,21.6097886976917,56.7646196704665,73.3410307185236,72.8939938372164,94.1454707830107,15.9534740468159,48.2544550833214,73.2231290641708,75.2188809141274,23.9345915872444,75.1972138500808,23.7193476496771,9.61494110417043,13.5220335278303,128.356552994964,20.1850265730046,16.7016222514946,61.4468720856908,10.2472478286863,91.2847941081731,21.8969198545879,50.8003335311478,11.5440219249647,57.312765013357,74.6355298139733,104.831682911297,74.7578434037873,73.690840462563,12.6190501730343,98.2081900529393,46.2418555520973,17.7219669563306,142.332122587099,69.3959183197997,61.7391583361017,18.8548872796353,111.178408552299,49.4278311793428,16.9406048545375,42.0961594309009,74.5336537433934,66.2757215463535,55.139430472609,106.812140400519,83.8271446126512,104.761360234332,64.4272992976397,50.7569558358228,41.996079379146,102.107086944948,45.7616695185379,70.3481999937707,57.5927864554325,15.7017407812029,119.618723209435,37.0969899500154,16.2389633682331,62.2655685136627,60.0731039159831,104.976891376804,98.3387871263912,45.357276998398,76.3208482844385,114.875748315574,22.8922163021058,13.0583674701681,45.5505745559289,9.81478486582083,54.7342406527302,83.4870491012839,49.4436911939104,77.5811409536923,62.5846311872362,69.124857650612,96.4677133465757,34.1441766560929,60.2812216897299,109.563627633621,42.8311960591983,14.8054535578077,28.9293100920301,22.3029228925843,43.2511437605594,13.8980318404641,90.4684394552452,113.791067580017,34.72942890043,18.8548872796353,74.2937227354755,78.8488874012118,68.0465814656422,60.9286650631928,40.09755299435
54.1520691787557,49.965154410695,51.5587471838486,90.4561933948783,35.6915346629231,48.9513990740766,109.138848680885,57.5163263310243,73.2124952258953,69.0019306293347,14.8815948128405,54.1556359625393,58.2011036946178,46.5048974955521,44.4375908103435,37.6332996256519,47.4177377258667,135.109185746665,118.305355487217,14.3472710397964,20.4743816209277,88.5097068966784,62.0815628277413,64.162264460557,10.3050980454268,75.2236472066621,27.7088377175941,51.3803558537827,86.8098963876604,14.0744717046954,144.682263241872,82.4967524175614,109.048687625452,133.302509221269,80.9355653197306,146.622924697282,11.4892311630451,71.1545098408959,16.9271071210762,102.075945547913,55.9601272870781,67.8350874602921,66.0146299180139,117.999683793727,48.2678986539906,51.7919450984116,82.7661172988111,18.0565105526075,88.5731989975929,114.787825753542,125.188455854926,118.296897175591,63.2901826119504,123.637974881069,135.050452004467,12.6988567908582,10.1760723805149,75.0118490265132,16.9215831697459,18.1480814736919,28.5488909675088,38.5296551767572,16.316401206853,90.115929267447,120.070349209974,16.1435374486121,70.3103608155356,64.7851923788426,67.9671330732821,86.0883423842722,92.9900941793817,121.16088861356,52.9923107276581,131.543164674888,129.802094852866,85.2409888740768,87.0365017969657,17.9811653199525,115.600179876838,18.800484183321,83.9466128349406,45.7167968024131,26.8620599540007,44.6608813035491,67.4274749517034,28.1348531499945,95.7418474706318,102.719809639079,141.246041227296,11.9154346556435,14.3472710397964,52.5661355206479,74.3848159845419,25.7791113613709,93.9522234431317,20.8607228838521,63.3505132765977,14.6114679989216,10.7490556798378,67.5080990417252,69.0157598477897,59.4766478281089,47.1422321525424,87.9946038456589,106.2148701423,114.396435295674,108.631921186469,20.9149984909923,49.5565863445473,81.6476576905398,83.0715541627487,92.797896039455,16.7374083039254,50.7620708499189,76.1316927967324,85.7210451916416,25.2666221226367,70.1978991902086,24.8772130537597,9.65059860330059,12.970650201169,134.190063856261,21.940934960859,15.5627651975217,61.0853509302466,10.0098980854071,89.9781663757103,21.6065053571752,17.6085340998195,11.6715380366929,49.4533386294041,72.2872292630742,107.830402436775,67.1143775440818,76.1605342424377,13.4972003841367,103.673765159967,46.6519693572987,17.7460226209433,137.521131578603,79.2687689308055,63.7813868162577,16.9271071210762,114.358676723892,52.5382514706715,15.4842285868645,39.9131181869079,69.9652837884108,75.5292295330679,60.2495681230559,104.639149195153,86.6000068730363,99.7115405522688,61.9189400910498,53.3756132165638,43.244330253254,102.42992872107,13.6099635520983,80.3565302545074,62.8095704239417,18.2751213680237,112.144484895443,36.2377386477857,17.7439360783422,62.3696094532498,24.2420027752465,104.303827236901,98.8233270631083,44.4008365692932,79.6718694999107,113.241621776198,22.4264959775316,14.8815948128405,46.1987555614929,11.4233438905477,49.4429318608647,87.1323535766745,51.328754776443,83.2396363873354,65.0184386114157,64.7354566717101,101.456700690446,32.7744084978734,71.1434680413357,107.688804125433,41.8391274024283,14.2006935997204,28.5361099711734,23.9341625895455,45.9728742505722,14.9117053794087,92.6853205720335,111.742786236102,33.2219339667784,16.9271071210762,84.8633764508809,76.6125423706104,65.8480407137703,69.4356096218842,44.0790050583322
63.9408522125821,47.2251683703417,48.731371801784,89.2768712893247,35.2616818674802,51.1315044664989,101.60808252615,67.9132483304153,74.4801132507817,73.7203402234575,16.2809395769677,62.0986174191434,65.6662607843468,48.5760451996387,47.5523990711324,37.7296272004724,46.2836390913522,140.860891045996,117.716669324935,12.812968404449,21.0165993243388,89.2253279992187,62.5835063771655,62.3721701084343,8.83358409540427,72.060888887519,40.7384113074051,45.6945096936491,84.0903929194289,15.7735557316861,143.39814260397,90.2540795054758,110.207434209611,131.939907779469,81.4865315780745,148.282350426163,11.7234171184178,81.5907080716939,17.6213777794788,103.192107999915,53.1179570573053,65.9417120932031,71.4161502928719,116.793505903989,48.3914469387615,58.4350322840249,81.9200924833565,15.5289230534438,92.9366532056402,106.381392262413,128.300918150039,120.353399634828,58.6292194602107,122.915844521186,137.012744957019,12.6988567908582,10.7128189492825,92.5589463866435,15.8029105017975,18.241211051049,28.0719538434128,47.7186716105144,17.0341911905284,96.5344797862042,121.455755606787,17.2933686883017,79.2857275459173,70.8770676710046,68.6973207567475,84.9883398482165,99.6133584800025,122.921365193404,53.5616201991932,133.031923082693,128.650042451219,87.5044218204071,88.8269530513547,16.7990710556838,112.696535662214,19.1099291108728,78.7002972325744,42.1906272934342,26.7603595655232,45.9813497973643,73.7678091174053,29.5027919070637,96.756122247481,101.335866678032,139.802242002891,12.9477549013667,12.812968404449,48.5116715764903,80.6267770444655,26.7969944128592,103.493555823453,19.8278737358596,64.0311034743027,14.7291386826225,11.5024999331533,60.0375266928952,67.6340669308574,59.4545847711542,48.4278400879896,86.2820512938941,109.027730819752,115.691133163787,105.90330562711,21.7742684326772,49.1480792859348,71.0690945018295,90.882930955863,93.7809830362498,16.0500822633464,44.3931649348496,74.1781353695031,93.7815586831752,24.3456979303793,71.4673563116112,25.1492361143546,9.91377846517206,12.2288944060936,132.81838994289,20.9505329102407,15.9225542057709,70.1600160859284,9.83349425275584,90.9313815792294,24.6518961810603,17.6085340998195,11.4000023505281,52.2935429439956,78.2019930387927,106.452588520752,69.8670949902773,74.7016442305037,13.1206353987789,99.8950377157204,69.6486025830613,16.7411647791454,143.375515326824,62.0449211164883,68.3242468495996,17.6213777794788,112.897447120298,52.672730307229,14.401151998074,39.2463305409907,71.8181561337949,82.6313871455347,59.4640647222286,107.24071021161,92.7681341237652,101.138888750844,65.0126306599041,52.7220758630193,44.0683956000887,103.507201159362,13.6099635520983,62.8963291354719,59.2389465032035,20.6184061259976,116.01400087418,35.599123156445,17.5125996129067,69.131779930984,16.8481470565188,105.819369481102,97.4644823492657,43.8451598194556,74.4341856077043,114.52324987865,22.9840683404534,16.2809395769677,49.9068825996223,12.8880754830094,51.2846829292003,87.7011343130165,54.9265922486864,83.0304760476768,68.8829190906274,65.4309256580836,106.454845417886,36.493128742324,84.0036963482496,105.843872784747,41.1017989735475,13.9492741420577,29.1296720420268,23.3329845220974,46.0905481066553,14.8742360018692,94.7728817755856,110.751018380615,32.1981081157493,17.6213777794788,66.4239090450606,85.8612836193226,64.406180420598,75.9647725234657,46.1576125477692
53.3639435119466,46.8255338141112,48.3189912679173,87.3099473825756,37.3850753792016,53.5044168267151,106.924975667315,56.6792374860456,73.8668078168483,74.292047471786,16.611760931533,62.0139606411194,66.1364915146923,50.8303637311845,43.8284216211942,37.926651075717,50.755063067653,140.605457628162,117.657120201999,14.5038675165252,19.6992932464189,87.5146879534559,61.3836469357525,61.9018086517073,8.84576231993348,74.7239680010277,34.6043280330682,47.5655535188871,88.7783111262228,14.0771874407196,145.225034087016,92.0880017245154,108.502134464841,131.931943693654,78.220316793555,149.156105491532,13.1988742642844,81.4794784381028,18.0582778503666,105.512783179926,61.0035341148904,68.7987459047412,68.794891584787,116.786456077146,48.6441467694253,58.8534807776725,81.9151476667545,15.5289230534438,89.1462702418397,99.4465593596596,129.235401255382,121.318255799521,66.5899615862114,125.574584304189,138.46172920914,13.4270190260255,11.2895745216225,84.2531214864557,15.8029105017975,18.4611068606099,28.0719538434128,36.7715933690098,16.7971858422983,98.2886897605987,122.39724479242,17.6076211700169,74.4406218902949,72.3172577425718,68.4440875087469,86.0789196848986,101.423517372613,124.221325445061,53.3641804315021,133.815814869647,130.289043226123,91.7232651850011,92.0693796695556,18.5754862731964,117.989446982508,20.2291778903677,83.0739431010148,42.1906272934342,26.9946495024071,45.9813497973643,75.2667377523383,29.6590907923345,87.7197986384765,104.33253417133,139.793803335083,13.7174155981419,14.5038675165252,48.5116715764903,79.4589704072417,27.5910198946579,86.0625292575248,19.8278737358596,63.7950709168864,15.2779852361912,10.6017031025895,62.4958711275859,79.1060430951577,60.1226985570892,46.8932498581915,88.1161600292975,102.193947187386,116.372844192305,110.877165754367,23.9955294327925,48.0924815081472,72.5501455174416,92.7296311529581,85.0225159604552,16.9273222596759,44.3931649348496,74.2154601896623,95.6871576893099,25.6443045499809,75.0703233929785,25.7148143274372,9.59962884492482,11.8334543999602,132.810372830607,22.2202687723874,16.4051907261105,66.8150104202733,11.3179115582949,82.4390467163037,22.354104719527,17.6085340998195,11.5469017886306,56.6647029330659,75.3316667274206,107.81859998551,71.5993624177159,82.8545512667888,13.0216899689722,105.223468127284,46.9797261003911,18.7281977483009,143.115521955764,64.0157664520526,69.5658247353664,18.0582778503666,114.346159727959,52.9477869726368,14.5279714505834,39.2463305409907,67.3166432048936,84.3104196912831,58.1539685147171,108.021800739587,94.4539026341077,104.205381863671,66.8229479378536,52.7220758630193,44.1335528862317,103.427534957331,13.6324562935161,64.8942192878026,63.5258317442436,16.9355073359311,113.205869161343,40.9729966867654,17.1267667499212,70.1079940381559,16.8481470565188,106.938466832196,97.978733616331,44.3867708371039,82.3052172604901,115.19807914455,23.1514734055605,16.611760931533,48.7571116026148,10.5859830073542,48.0672958430391,84.5287114251683,50.6251186126227,83.3418392686159,61.8899531156478,65.1897330520029,102.113128575628,34.1849778006944,70.1080506687492,104.312931034626,47.3063301520776,16.0208486599067,28.4899792795798,24.4288426794716,46.3312326581318,14.9300141962263,97.9905776978906,112.161985695422,32.1981081157493,18.0582778503666,68.533852114625,76.627325123781,66.5741940347978,77.5083424646629,46.2125686049876
17.8615849094611,46.2918014206381,47.0433782375443,91.6717705607317,10.2827326605653,15.8912862925535,101.811657879782,14.7012077874662,60.051176896433,58.0714019924157,65.7982451847796,65.480252388527,55.0320108548983,15.8912862925535,44.9993492875212,10.9872368890512,54.4819721760104,140.466243316895,92.9787277885821,57.6433231413415,89.4747833912019,79.8074830597644,69.8950047302119,54.6386849665524,34.0337141688766,65.9999218058697,59.3560131725183,52.9670646780245,84.2621720829614,59.0705487471071,141.425564869954,90.7063586644905,122.228047037992,133.810350447357,84.4201429838738,149.294742959534,55.2244387364327,60.8398533817489,19.5264581616695,25.7463804891534,15.5476522867635,18.6569677907174,20.4196496792176,99.8996395971148,44.1819093656092,53.4986951141856,87.4916175085728,12.593907016787,106.754088590402,117.900466017974,125.447236819422,103.228935124862,80.4472047161954,133.561615418579,138.824015737981,24.6993776082862,42.0887987516993,91.5640811290937,11.0018462127084,71.9677376861231,8.65047318823665,10.1213122439975,16.5988811795352,94.6428497446695,117.844018508728,17.5553648392811,67.7528546355231,82.9352580965592,56.1414979268551,27.0397657135774,96.1794365607168,105.820965911788,13.9613689377734,113.802455731783,107.804040962231,83.150889923789,89.5251297272289,70.591546188053,120.503098041391,77.7701492031302,75.5031746012022,35.0457947212573,110.779870400244,50.3725549608868,82.775685951709,113.406309809361,101.972034714013,93.7354139096757,134.075201685294,46.6841049993347,72.9418614420771,40.5603847273213,86.0425915689457,102.837275817168,103.551676356466,55.3529731987683,70.9775768283791,14.4444311437114,10.8102372471821,49.2134396482144,77.4747044276006,62.7129613321512,45.8278107371818,89.0450864672372,102.910644062399,117.805793779727,110.317695848631,86.6039189253654,52.1485209206082,74.5664777086772,93.7591070844277,96.0576411436308,66.605931837104,15.6824710843454,62.6186209328315,95.2813457767216,96.7547531593102,69.9997232220011,109.087069199551,9.90276452272285,51.4904439108397,129.229672193282,86.3883172871124,64.1945912163094,68.3060480234038,11.3063751300768,90.1322965795299,84.4127498766499,28.9459172899401,12.9044422447268,51.7318418486064,65.6999607278604,99.5754263854936,85.9603156013603,59.1532041888887,50.926591134734,25.8149892477426,16.6507054002735,67.2622569439903,134.919453021642,68.258949298999,17.5553648392811,19.5264581616695,114.85170045543,53.8269602721227,14.8040961864186,44.455507316569,20.718002017616,88.9916833298907,17.1556300455442,113.365881545703,93.8268168175885,100.889192096859,48.1998654098027,39.6544801940608,48.459675046714,99.427190021347,11.2816078057346,63.8521220977926,16.4985628418218,11.3134600088229,101.923645399848,11.3063751300768,17.1556300455442,70.4085317994277,64.0399087327991,123.477363359814,80.1059414310936,47.4800000762758,94.8564924358258,132.790577524555,88.0363337778456,27.2101804895396,45.7987809440061,11.3134600088229,61.5064190265471,73.9671294710601,51.7819851169251,89.0170016963715,59.9793150899614,49.3072168656728,107.449713204151,10.2187320211994,75.2258189160677,99.0533075251075,48.5133754151627,80.8922609455168,29.1156334194702,23.7451467605539,38.8035066229951,62.4703315269157,97.2311759397825,125.791317654822,28.1442897856553,19.5264581616695,70.4146771652759,87.7291742392826,15.5810697416529,84.729517341736,43.3590809238774
18.4067816863663,42.7819046616514,43.4764960739539,94.0232613032612,10.3830820617082,13.0757437981452,104.353822522704,15.1499390250896,62.9225936850445,58.169371895649,66.5537479102143,66.8318057310915,48.7876575892172,13.0757437981452,43.1592863414132,11.3668583744674,48.287987618846,138.482627055444,93.6481127892476,49.4511945632576,86.4215747622834,77.3159340730481,67.7129182699525,47.6764041998699,34.4934846942509,62.6041715017939,54.4252525909989,55.0021950188754,81.7572585129897,60.251945092295,143.938183679812,91.7478591025771,126.503987503977,136.58189341612,87.4175875905652,149.263159279244,48.7567207854977,62.0956259879896,17.0506878119433,25.1775037390841,14.844430121647,18.0522554738524,19.5071256042713,101.968807959515,45.7084444017845,47.4283235912049,89.3037850764843,14.5206705331365,109.403457234055,118.256638623408,123.754659392901,109.470629264,61.7242914444215,130.54360268492,134.302587357795,24.6993776082862,32.5317918840594,59.0062441503173,12.1235353483408,69.3241599000744,9.21095089917052,12.0169174829235,17.0190235955314,94.2705320900292,113.907939706794,17.4863033911004,68.6299487598046,83.8875298988028,59.12489392919,26.6984949416155,95.8010740923262,102.37443026773,14.7032852352392,113.77838053458,109.719327362886,83.4778630204956,90.3858090462575,70.5155149535079,126.756572198609,75.4297286193627,74.7143541571872,29.1324116409746,115.437158981839,49.6377091339814,83.7261255289442,111.614238618608,100.218760526088,93.7651156742527,136.852230377574,42.9846024527219,62.5755418911885,33.7165081742575,78.3731632913195,100.993408685004,105.270269627448,54.4822901026929,74.749371789053,15.5864051723937,10.3681971441112,51.1043460976192,76.2067101734543,61.0713763028832,50.6807328387182,87.3593301914427,99.3989544605914,117.78087166624,116.042601442646,82.366293109516,50.1577120005492,67.8325882485201,94.8356595173639,94.4060571260862,65.5127886724269,8.98492467022675,56.7612339814115,96.3753767226114,92.0537071253475,72.2979169759902,106.676746030942,10.9514147646957,50.1412007331915,131.906337997724,81.077945240827,59.5575164664824,61.8859775961753,10.6346541046115,88.582591020211,87.0317683687281,32.6004013250706,11.6708745023211,50.2019904026113,62.7639262302551,98.3186779731375,75.0613599967684,56.0649058634745,44.437320278616,24.5607102706667,12.5380110399383,61.7854315174265,133.014166636243,71.3503311117448,17.4863033911004,17.0506878119433,113.402149120897,55.6867427470325,12.6945203338835,47.3358492859629,20.0110276038578,90.0134956762221,17.5956925095677,111.836309935304,93.4577093734008,97.2353097667913,49.2568994849859,73.0854704335878,48.0340998602438,101.999478921777,10.9627116842477,66.7439229676492,17.4313265310164,10.05386277052,102.580960203881,10.6346541046115,17.5956925095677,69.8588794927823,59.3158760126931,119.455767729997,82.6451156245677,45.9588426651027,94.75432643134,132.762485342185,86.84851717029,27.5226107900998,47.9220265581656,10.05386277052,55.8147938877995,70.2058977503389,49.6645742299194,81.621883463809,63.2690022941105,51.9274346923321,110.116345505465,9.03612110960336,77.5219686822269,101.459296085989,45.6311559674841,45.0873704176947,28.2009602188137,24.9773944292029,40.1442117495276,57.280587108825,99.202598660024,128.026172655379,24.6046673334407,17.0506878119433,73.603689808667,89.4837359965528,14.4951454572997,85.7023910269942,46.1264372223443
16.644379410821,40.7575278526194,41.4192522208307,93.2279867371632,10.1857443555317,12.7957190793868,99.6593776593121,13.6993711057685,64.4599979766749,58.9637082011541,66.083225762755,61.2983883040072,50.6312699393411,12.7957190793868,43.9612731334376,10.8766193194392,49.8574305244158,143.524871037577,94.0273184259299,63.2671067009453,89.7528683859446,75.4892004073743,66.1130738279534,47.7664111334434,29.1240704295795,64.2781968016184,53.0732643337073,57.5063437043856,81.0380893205852,50.4718729302767,142.759164983752,91.0992194534926,126.099592780475,132.112847352154,87.9472738334669,144.802278312909,44.4531682277348,56.9543460954458,17.8775888743952,25.1658841068296,15.4494651819533,18.7050986793946,22.925479310182,98.6323239757235,43.737093668615,49.2205687499014,86.3817086634901,10.8427903111845,99.8806682132462,126.730443259354,126.504182337813,105.154313009922,58.5689689473665,129.972133254373,135.708457299994,24.6993776082862,43.6342021799771,69.1307982126881,13.2077269132934,67.7725729446061,9.58604565197116,10.5686604376109,16.9774223438496,88.9168184513271,108.585769850829,16.4932395048585,66.7833618294916,83.2944612595086,63.5315739717671,26.2673307663109,90.360439510137,103.44607853002,15.7991463742722,110.377998185996,108.820600319284,81.9001175859408,90.2563389538205,68.9280342206436,125.345154664003,72.4094132270291,73.0880443631354,32.7296300685588,111.989918617958,49.7579172305703,83.1341979873807,111.274818377119,105.804387593823,94.4202152198767,132.374338716997,51.3085777549242,80.0581971914755,37.8797626968472,82.1752909566327,100.700485136672,103.219058582937,58.2538497468738,80.3205710414779,15.7050451276935,10.5608592076334,53.4310328973059,70.2181443926234,63.8340614785229,47.2654013063119,85.8862133434964,103.230487316871,114.26087080902,114.75048254422,79.577211174711,52.0465993048242,69.699329314985,94.1651897155425,99.6677169717436,63.3376076142228,12.8227764214948,60.7957787303861,95.6940214174392,93.327789571675,74.1360473869494,106.627513804752,10.2134082269972,45.2846837547882,127.590279068559,82.1645195821819,61.2508588324696,64.7419688150256,10.6466479792429,93.5196837914178,92.348341030457,28.9459172899401,11.5020547687923,50.9664195716338,73.7624353996286,96.7308921523251,78.7015837235164,58.4551369696277,44.5212122373664,24.90064627979,11.7028884123745,69.3988481040503,137.857300360096,68.4112199686193,16.4932395048585,17.8775888743952,111.570774572991,53.2850398980531,14.0112248064097,49.2634926835762,20.7823929584352,89.3771176416893,17.4468633099444,114.321036585193,88.1501567138233,98.2916588179903,48.9096875222689,43.7510158404229,49.4011330315685,98.5224131533455,11.0640939497026,63.9945621073205,17.6939884257155,12.3517176883632,97.7083114982228,10.6466479792429,17.4468633099444,69.5333464819909,65.8891593768101,120.706222219205,81.0845575669439,48.6253133433798,92.6211693854832,128.794743759024,88.778076767179,27.3280312459077,43.4176799465728,12.3517176883632,55.2220021561177,72.3400451129065,50.5874424221511,84.8468682268343,73.7199976613242,55.7976757179648,100.531504655805,9.2360070966923,70.0994384247237,100.705795874367,45.6826192646045,61.3900416201989,27.6359597054274,24.6992744717546,38.4128397393733,59.5438161940129,99.3859994687601,126.977491566826,27.5467481362061,17.8775888743952,70.5717567885805,74.9587709679101,16.3753831418087,85.096491669939,43.912076603307
14.4305685760206,44.8492640003416,45.5774203054219,86.7735268296624,9.97014659764557,14.1598781957445,108.596031985986,11.8772655507735,63.1215626638391,55.641275347305,49.4046336819417,65.9826773165415,47.5134110527789,14.1598781957445,43.1014100037846,9.55252855549797,54.3377448383244,140.620769017523,97.380840529997,57.7822045635496,94.196201472666,72.3993945140642,63.4070368844425,50.7437617532992,35.1451564394215,70.7772903501077,56.8259439495327,49.2340038202507,81.1663339425218,54.8032854387777,146.684175478567,68.1068987456611,120.769820099083,133.652354605058,87.2076119211206,148.082400336953,34.3109741273025,61.3066728859616,18.8548872796353,23.7193476496771,13.1293717496025,18.4592898123268,21.4360917872013,99.7816836419082,38.4126559855988,46.1895804325556,87.388312257849,12.801889706332,96.6294638961372,110.407465647638,123.414386863372,98.9167265312038,58.9822528222524,131.625311153242,135.322122231444,43.8454063404544,38.6391958933543,75.1958762412159,13.3380429760625,66.7421414226362,8.81138653644061,10.3695381413517,17.2358773234294,84.2448577437829,115.194258190843,15.6266344210408,73.5199821085166,62.2719653703713,61.3918880778312,26.3218888610032,85.6126265512323,103.15158805658,15.2670454279257,112.878326958706,111.812506291513,76.2778180217598,90.7844151960855,65.1680629899174,113.184025815302,66.0231406521379,74.5867897094781,40.8279697533992,113.413561372399,43.5183144864091,62.1521505737908,109.373359180351,99.7411055221678,92.0864218259432,133.916893121338,44.6895884752234,73.117601994556,47.2524071434125,70.5505826060307,101.141819980987,127.258689363456,62.9011901843237,77.6154469259207,14.7411554307272,10.3542934554875,45.7449301821163,79.4234364909794,63.9565807175869,44.4958274186971,86.1984454381982,108.341047548563,116.84915604316,103.617260782185,81.7578228666494,58.9718566448223,69.4806348659668,70.3990558842988,93.9561061852654,60.3578925955249,11.7602276761414,57.157129564535,71.5420292988338,89.7070100927986,69.489399799748,100.498558215537,9.61494110417043,51.1588538615988,129.077084961876,76.3674208110419,63.1884139510001,61.8714929552402,10.2472478286863,88.1603954388761,82.8441462265592,47.0473870936532,11.5440219249647,52.9624628058995,68.9703501628289,96.9318053406756,83.0038938842018,54.6486255911972,47.2962848397719,23.9345915872444,11.2697314376651,67.0487553364672,135.067876746191,74.2569697315787,15.6266344210408,18.8548872796353,111.802510676602,46.7982605861071,16.9406048545375,45.2824545104107,21.8112524914406,66.8194342159998,16.2389633682331,111.528807783373,83.5184787511633,98.5634669598097,49.1225249454765,46.8160612829408,44.1152355110561,101.15526497991,13.3915255481107,69.4629077447928,16.3562829577581,9.81478486582083,110.051462902447,10.2472478286863,16.2389633682331,62.5367469048866,55.5132793025026,120.362595539165,82.583388206254,48.308263902862,87.568755861969,131.712256387328,86.6097207906761,20.4307728227406,45.8001838078116,9.81478486582083,60.2684558207151,70.4792364730667,49.5979743412286,74.925776323401,62.9359512122416,53.9184605154389,97.2591150353774,9.21227197770013,60.7757566900247,108.599493013948,43.9688737695273,55.4909394170127,27.0043425459866,22.3029228925843,33.7365625964605,52.5813945385355,95.0561412429014,130.468601836782,29.1652357414118,18.8548872796353,76.6021247707289,81.391608493888,16.3453952824149,63.6191855050338,40.1742740897327
17.0308541454351,48.2550003431183,49.0384509422458,94.81540652834,9.62975701327053,13.2073356608193,106.576010221348,14.0174641197405,61.4620360123695,55.5546439307298,56.302577026652,59.778738204142,49.2324247010302,13.2073356608193,44.7446711841705,10.1536550452424,52.3412287450192,135.86762374677,95.249681266116,54.2810325774623,88.4226605945716,78.2461901320527,68.527631992922,54.2749819707298,38.9879971714603,66.8430667857787,23.438958711889,56.7152944809572,80.3966926005715,53.2489317999241,144.043806014865,77.6160782278119,125.119913082627,139.726547500041,86.2013089703547,145.975903674661,43.468010698437,55.5423892703748,16.9271071210762,24.8772130537597,15.0983260679472,18.3022505304363,20.7616357167684,104.316532246844,40.8299075981149,47.8606984897786,91.3599105659353,5.67878203475204,101.626816437197,131.704865908673,120.903638775523,105.117575284998,59.6724043904638,129.596265448785,134.454498256158,14.017407830234,38.4998453618941,67.028837625772,5.32184677786699,68.6609041510024,8.35444175844039,10.3954963175822,16.316401206853,87.0315372584993,115.9607092315,16.1435374486121,66.4826892072299,70.9664633774599,57.4935275924106,27.0748288108629,88.4445495789496,102.490226932391,14.2975941129589,111.272614068838,109.79983978329,80.600499063006,85.0448496408909,68.02939860868,121.462325339585,71.1291848879294,77.5746791995749,43.2327319214412,113.814188144973,45.9239147819991,70.8299198731232,106.444554937372,98.3134362612027,94.922904106457,140.003108684989,45.0804961392007,68.6872189427694,50.0355678475505,74.8988428857092,97.5319124970307,104.284240198643,17.6461253033468,72.6868969036332,14.6114679989216,10.7490556798378,52.6960430795274,70.644665772129,61.2868467180036,44.6608424625012,88.7164938508538,101.700530659156,115.18695745213,111.195845431935,79.1291745515973,51.4835459601942,77.3500322545242,80.2282695191423,92.6112419592431,63.3238058225571,12.3713657003621,59.4275208498219,81.5308264640144,94.6994694897677,64.8695560936075,105.404418420319,9.65059860330059,49.0727668117237,134.943342348043,83.0106716522498,58.8796965178168,61.5074735533895,10.0098980854071,86.8984895682354,81.7454007751559,16.3076787564407,11.6715380366929,45.6996029972896,66.8002964138067,99.7045481722567,74.5173271209025,56.4801336843889,50.5875977315422,25.2666221226367,11.3696814156302,67.1397668125098,130.502425681798,84.8213946536233,16.1435374486121,16.9271071210762,115.000631344445,49.743205890257,15.4842285868645,42.9341769677116,20.4743816209277,76.1488561183028,17.7439360783422,109.259860475048,86.2811308591885,93.812404790774,47.2100291705303,49.2313996813337,45.4264741338572,101.475097289178,3.98276934679902,79.3452888383038,17.8378434095078,11.4233438905477,103.175023842851,10.0098980854071,17.7439360783422,62.64124096255,22.4019233764988,119.5908852534,82.9902973299542,47.2895965640313,91.4136392103869,129.838627733068,84.8477285595348,23.283345606241,46.451916732917,11.4233438905477,54.442139307445,73.5565793532265,51.4889200400713,80.3905988044366,65.3834208609785,50.4946597090259,102.289031026485,8.84270158369093,71.7271147227165,106.741167519645,42.9504538897757,53.2242950305352,26.6373061141131,23.9341625895455,35.8595545699293,56.4164964361537,97.3854415582937,128.120118701926,27.8992648771921,16.9271071210762,87.5001912947835,79.0831457471434,15.8172862009617,72.5017842522591,44.1633441089454
20.1094315412515,45.6087956255144,46.3492834092511,93.5792512064176,9.51378054964454,13.7955391491428,99.2220842785487,16.5513269440704,62.5262038768181,59.3535168395032,61.5968158068354,68.5464574011456,55.5472153316318,13.7955391491428,47.8810039350966,10.1796447133236,51.0893740827046,141.651616353883,94.7757198880175,48.4761982572655,90.7643348314179,78.878828368187,69.0816934770312,52.7607377415989,33.4207156697862,64.0326677503138,34.4606998804542,50.4390740463793,77.8780962946245,59.6771950679074,142.765351974121,84.9144662061261,126.449431805426,138.298280348931,86.7881216092746,147.628006651427,44.3540227795854,63.6887651773116,17.6213777794788,25.1492361143546,14.3314941297426,17.7914082567102,22.4604167063579,103.250221806977,40.9344173280135,53.9995448340859,90.4260410792535,4.88385444120091,106.63334171631,122.059520782122,123.90957102751,106.944965159491,55.2778700952326,128.839334595639,136.408131957127,14.017407830234,40.5305561433593,82.7085143037867,4.97002363734353,69.0132477854416,8.21487264417134,12.8747395410447,17.0341911905284,93.2304004690302,117.298697414306,17.2933686883017,74.9694400919592,77.6395753795546,58.1111947475294,26.7288774366073,94.7440552734027,103.979417431422,14.45119669486,112.531957647525,108.825316457868,82.7407115063339,86.7943300838672,63.5570988179795,118.411435811188,72.2999294948151,72.7265830574052,39.8981601282748,113.383284961508,47.2817268271784,77.4901924288902,111.619973177571,99.3549540641226,93.6440087751492,138.572014560316,48.9861454249113,61.3417815598517,46.1762884131006,81.1839382312847,101.382940537459,114.874842116295,16.7724362377085,73.4677901746665,14.7291386826225,11.5024999331533,46.8646005132163,69.2303622198437,61.2641121618527,45.8787808343577,86.9898918629137,104.393839262593,116.490602166776,108.402829247854,82.380110535734,51.0591545022976,67.3282848217368,87.7722868303603,93.5923515706985,60.7233972085063,10.8191818972333,57.9025964658605,89.1973256908945,91.247839429217,66.0426555865442,106.556976483675,9.91377846517206,46.2664303059638,133.563968516906,79.263614401761,60.240911401373,70.6448480395625,9.83349425275584,87.819079137414,93.2672405775742,16.3076787564407,11.4000023505281,48.3242227541214,72.2661024415592,98.4305631841823,77.5736788880754,55.398230783832,49.1762296361665,24.3456979303793,16.9742549633514,63.3380179576195,136.058017547898,66.3910492273252,17.2933686883017,17.6213777794788,113.531199100504,49.8705304255719,14.401151998074,42.2169195824171,21.0165993243388,83.3092784012346,17.5125996129067,111.976302608434,92.4265460120593,95.1553081923309,49.5688102120895,48.6286045709809,46.2921224845974,102.542327607968,3.98276934679902,62.1048144602175,16.8237904563914,12.8880754830094,106.735050925224,9.83349425275584,17.5125996129067,69.432861978601,15.5692952804012,121.328549569507,81.8491606147835,46.6977669646313,85.4040432435099,131.308094802476,86.957231022554,25.472723033541,50.1803636643715,12.8880754830094,56.4701110408795,74.0367404374845,55.0979841354764,80.1885973820246,69.2695946753243,51.0371362993001,107.328179526492,9.84603116009018,84.6928457522243,104.912471148674,42.1935406209672,52.2819732138516,27.1913723338965,23.3329845220974,35.9513420018107,56.2747359231449,99.5788640801469,126.982994600676,27.0394718069109,17.6213777794788,68.4877857924279,88.6301406583853,15.4709385090381,79.3192654066137,46.2459287249538
16.7829882100561,45.2228393350661,45.9570608731322,91.5175384277845,10.0866828850175,14.435762934936,104.41412418558,13.8134548653596,62.0113327397166,59.813808201264,62.8484353430292,68.4530105182726,55.9449844039387,14.435762934936,44.131292408072,10.232802753804,56.0250761297437,141.394749055669,94.7277758625251,54.873494964996,85.0752883740627,77.3665528115126,67.7572499144146,52.3628580875965,33.466790397208,66.3990562684221,29.2718671308518,52.5043925863508,82.2196879182934,53.2592064336986,144.58418170831,86.6398898894273,124.492810772276,138.289932462448,83.3094038330824,148.497905990298,49.9362228495,63.6019406089022,18.0582778503666,25.7148143274372,16.4590628008889,18.5622504646355,21.6360294684948,103.24398947257,41.1481765970885,54.3862311643621,90.420582831153,4.88385444120091,102.284344976345,114.102655743862,124.81206964081,107.802327803423,62.7835621913274,131.626202845532,137.850722098133,14.8211767981827,42.7126357823777,75.2866230185045,4.97002363734353,69.8451949598771,8.21487264417134,9.92116232822572,16.7971858422983,94.924569213522,118.207962311245,17.6076211700169,70.3881003044415,79.2171765599724,57.8969842597111,27.0718653669701,96.4657299241935,105.079056289472,14.3979264444889,113.195053206287,110.211750341644,86.7298825043059,89.9625604070456,70.2779345800863,123.972753427337,76.5344615736704,76.7682491082311,39.8981601282748,114.375968285224,47.2817268271784,79.0647582150758,112.211309666557,90.0759183170636,96.4132154365004,138.563650150836,51.8980564942262,69.4369208514389,46.1762884131006,80.0080616133942,104.387032599657,95.5269087232073,16.7724362377085,73.1969719400626,15.2779852361912,10.6017031025895,48.7835558100423,80.9730992941032,61.9525602954316,44.4249656591293,88.8390472569379,97.8505047851283,117.177024073487,113.494082130707,90.7839624164062,49.962510832567,68.7313788855298,89.5557801407579,84.8515013125891,64.0423205554575,10.8191818972333,57.9317317897544,91.0097751486889,96.115025765217,69.372140911381,108.953323795262,9.59962884492482,44.770334512149,133.55590640041,84.0674947708417,62.0669038574267,67.2767271336,11.3179115582949,79.6174108636412,84.5738456571228,16.3076787564407,11.5469017886306,52.3635916152435,69.6136470859084,99.6936351269177,79.4970214455854,61.4443711359988,48.8053815004067,25.6443045499809,11.4495599245576,70.8556985696359,135.811293533958,68.4999485109141,17.6076211700169,18.0582778503666,114.988044084115,50.1309540208738,14.5279714505834,42.2169195824171,19.6992932464189,85.0020853917807,17.1267667499212,112.791884947946,94.1061072348708,98.0403813904311,50.9490846705061,48.6286045709809,46.3605676600984,102.463404038434,3.98935153937445,64.0775622966634,18.0412607738616,10.5859830073542,104.151517221395,11.3179115582949,17.1267667499212,70.4133276838454,15.5692952804012,122.611664930155,82.2810208528911,47.2746157021376,94.4350808260045,132.081828915996,87.5905862974006,25.9903172853091,49.0242921216256,10.5859830073542,52.9274118246664,71.3586011893962,50.7830882634377,80.4893035943932,62.2373735520026,50.8490023276786,102.950844113813,9.22328033338127,70.6832029945695,103.395001332386,48.5628759019814,60.0462484262895,26.5942449766815,24.4288426794716,36.1390796829652,56.4857654615576,102.959731042251,128.600757195889,27.0394718069109,18.0582778503666,70.6632875215496,79.0984052149454,15.991714699972,80.9309971313637,46.3009899329505
14.7012077874662,46.9901528818507,47.8905134964166,92.5012382231594,10.2827326605653,15.8912862925535,103.517147224594,14.7012077874662,70.7903080318664,61.7436870868223,70.4781180850445,18.7415134949059,56.4560877143559,15.8912862925535,40.9927263137277,10.9872368890512,15.5936267732635,140.105098827483,98.8584617788083,61.7431805933573,84.9686272405881,70.0538730910528,20.005087436213,56.0525836354058,36.4543479743376,61.1066690266605,60.8919833018221,15.1600356021639,93.0197907080277,63.2719170284198,139.941805895551,92.6061261901196,123.640078186915,135.021097855369,78.5519066739517,147.728424911583,59.1522540383331,18.7415134949059,19.5264581616695,25.7463804891534,15.5476522867635,18.6569677907174,16.8066559828313,87.6904822187842,45.3252154842991,61.3605023994354,25.0415242827525,10.3655775704284,107.987357893295,119.262503083314,127.339715799488,95.5755128196006,79.6180120714684,134.770112213761,137.367550781285,7.06936369174073,45.0823471074287,99.9905506344877,9.05521139577606,77.0864131818728,8.65047318823665,10.1213122439975,16.5988811795352,96.0706181698371,119.621796430416,74.127592443509,67.6617551090806,17.3914388283205,57.5942852557377,22.2554278522699,97.9113910874014,108.559321033823,13.9613689377734,116.747349825957,110.593712604344,83.0390864177067,89.1336836559928,75.6123406342503,120.261370493623,83.3015188115932,86.5986117305058,37.5041400950234,26.1459100037451,35.9216825906601,80.0639168131824,121.472286561559,102.037846266412,107.510137917208,135.653233331555,50.0044926061162,70.3958790240682,41.2568100801805,78.3815869196967,110.151534409967,101.83921733898,56.7853556796191,71.7975404274504,14.4444311437114,10.8102372471821,15.1600356021639,68.2004157699037,60.1679461590828,41.6966854879862,88.6220820476498,100.339546447436,107.316677664114,97.1118609517928,92.7635867416936,51.4323173183132,67.8447195917009,95.1735434948718,96.2100051911098,71.3432511155437,15.6824710843454,19.2894568940088,96.9971279025861,25.8149892477426,80.2864102676872,25.7463804891534,34.0365195888848,55.1526803793692,128.897417390426,92.5326505263363,68.7604048931502,62.2242582732682,11.3063751300768,91.4920194480959,90.4165717031317,31.9543527255758,12.9044422447268,59.3340042986757,75.3547836873453,108.504682273619,19.9798827129487,19.4813130604744,13.5876467009604,25.8149892477426,16.6507054002735,72.0462570734595,142.364806747685,66.7495902540151,69.1620348913394,74.5280676050456,114.556412009327,54.1587847769576,14.8040961864186,39.9372486171173,20.718002017616,88.5689325993502,38.5468666829158,111.131795300423,93.4321870704426,103.002230407012,95.2048624430289,40.5047739736287,46.8721140408001,25.2211274449916,11.2816078057346,66.0198065320629,16.4985628418218,11.3134600088229,99.0666074325964,11.3063751300768,17.1556300455442,54.0398905298242,73.4507816512445,132.2261455646,89.8440379270253,44.179557189133,95.9523155733362,142.199231953179,94.2978815064911,65.9635155882697,45.7706668696504,11.3134600088229,59.7067008641295,76.7768086972546,51.3969289470689,90.3598993866677,59.8251058037162,60.0141218031418,106.939278486504,10.2187320211994,74.8684622652852,100.219140221808,48.153660780643,21.5827417087794,8.15836908060161,100.263969316045,47.2295643699717,66.9135079484506,97.0361315458332,134.704051223712,31.5656566012233,19.5264581616695,69.7616550934421,87.1011833694847,52.8077652997838,83.0597640907457,44.8151492068522
15.1499390250896,43.427306324949,44.2594005790363,94.8740058049765,10.3830820617082,13.0757437981452,106.101896722743,15.1499390250896,74.175228852057,61.8478523530569,71.2873556284961,19.1283500492072,50.0501477857528,13.0757437981452,39.3164977027785,11.3668583744674,13.8208076265604,138.126582525033,99.5701769536391,52.9683902676781,82.0691852297139,67.8668268414566,19.3805387921524,48.9101382195516,36.9468194876485,57.9626806059062,55.8336282178561,15.7425230141036,90.2545340067044,64.5373396986987,142.428063695559,93.6694399689613,127.965416162516,137.817718394397,81.3409920827521,147.697172589835,52.2245223304942,19.1283500492072,17.0506878119433,25.1775037390841,14.844430121647,18.0522554738524,16.0555912758162,89.5067687661879,46.8912530424866,54.3980700334438,25.5601961218213,11.9514251284556,110.667333186898,119.622790348398,125.621604393239,101.354445998459,61.0880812908524,131.724791793646,132.893558732306,7.06936369174073,34.8456020899049,64.4364773905709,9.9784321032028,74.2548120221623,9.21095089917052,12.0169174829235,17.0190235955314,95.6926837845841,115.626338509535,73.8359802251834,68.5376699050548,17.5911292516309,60.6548833290767,21.9745405426704,97.5262152437896,105.023598540516,14.7032852352392,116.722651628964,112.558561341538,83.3656198710296,89.9905996792959,75.5309017096806,126.502300268186,80.7946367844477,85.6938715561071,31.1759529546718,27.2451083299023,35.3976492441748,80.9832195573736,119.55275505059,100.283440535937,107.544204452713,138.46294695814,46.04186447517,60.3913882885435,34.2954235681892,71.395024239452,108.176522992735,103.52938981903,55.8921417032472,75.6129087912906,15.5864051723937,10.3681971441112,15.7425230141036,67.0842097002511,58.5929798752642,46.1121433357529,86.9443338763257,96.9155921507755,107.293974549658,102.151453482541,88.2245615471623,49.4688500082338,61.717853254112,96.2663366430435,94.5558014754062,70.1723585966381,8.98492467022675,17.4851084202195,98.1108596485307,24.5607102706667,82.9223310701485,25.1775037390841,37.6408064949198,53.7074728402824,131.567201376985,86.8445804706292,63.7935201248755,56.3758139267359,10.6346541046115,89.9189352534985,93.2218667992735,35.9886581759381,11.6708745023211,57.5793362058856,71.9872893690145,107.135237098936,17.44662241545,18.4642234991141,11.8562541656444,24.5607102706667,12.5380110399383,66.1798947098349,140.354379622601,69.7726146550444,68.8899567925673,65.0786129998491,113.1105875309,56.0300321645379,12.6945203338835,42.5248455264237,20.0110276038578,89.585890875057,39.5356399945249,109.632366752906,93.0646320691738,99.2718206196049,97.2927268565454,74.6526104032042,46.460480891095,25.8736252795291,10.9627116842477,69.0097797339682,17.4313265310164,10.05386277052,99.7054969404749,10.6346541046115,17.5956925095677,53.6180219050786,68.0325369550254,127.919606497997,92.6918873931981,42.764138892321,95.8489693030751,142.169149346179,93.0255819353462,66.7209159667484,47.8926091066491,10.05386277052,54.1816164100454,72.8727046668171,49.2952633453071,82.8532194635885,63.1063350867476,63.2033115768881,109.593243078755,9.03612110960336,77.1537042819249,102.653446667294,45.2928122746141,12.0296930593717,7.9020723532874,105.467139617962,48.8613993401955,61.3546451109655,99.0035996193683,137.097253140069,27.5957391623568,17.0506878119433,72.9210929986206,88.8431854648909,49.1273225771537,84.0134654845791,47.6754378195663
13.6993711057685,41.3723900584051,42.1651108361541,94.0715354082395,10.1857443555317,12.7957190793868,101.328813264704,13.6993711057685,75.9875717402194,62.692420429702,70.7833677884384,17.5445959615272,51.9414677454086,12.7957190793868,40.0470777132276,10.8766193194392,14.2700077185163,143.155862690483,99.9733625728864,67.7669534262865,85.2327072345701,66.2633460213631,18.922637285885,49.0024742846489,31.1955078602592,59.5125931988259,54.4466542284141,16.4592511064798,89.4606194171865,54.0616639602456,141.261414612963,93.0072151141723,127.556349696644,133.308235354367,81.8338586291501,143.283092724656,47.6148813818725,17.5445959615272,17.8775888743952,25.1658841068296,15.4494651819533,18.7050986793946,18.869111373634,86.5780505982961,44.8688891822776,56.4536914486176,24.7238503148086,8.92429838497785,101.034532797604,128.194488032509,128.41260624602,97.3581426463403,57.9652816168778,131.148151573773,134.284679062965,7.06936369174073,46.7376667136178,75.4927750472667,10.8707899515449,72.5928690879759,9.58604565197116,10.5686604376109,16.9774223438496,90.2582047915912,110.223879164251,69.6427643220316,66.693565869312,17.4667633643351,65.1755961132924,21.6196653082612,91.9876082463979,106.122978108061,15.7991463742722,113.234276751291,111.636577717522,81.7899958505865,89.8616956911381,73.8305120680671,125.093714017629,77.5595027124497,83.8285702472219,35.0255042327509,26.4315017063372,35.4833720568026,80.4106838314261,119.189193685192,105.872672501717,108.29557300769,133.932351630814,54.9578790685396,77.263824269846,38.5301615350171,74.8586205194377,107.862765378511,101.512100145699,59.7612989225468,81.2484689418229,15.7050451276935,10.5608592076334,16.4592511064798,61.8125190350773,61.243549859067,43.0046851689065,85.4782149994295,100.651398806154,104.087385253396,101.014010664942,85.23710731646,51.3317954858229,63.4163178738226,95.5857522301802,99.8258072244295,67.842468687782,12.8227764214948,18.7279364458602,97.417234814161,24.90064627979,85.0305807246756,25.1658841068296,35.1042245213243,48.5055381059332,127.262239212861,88.0084369613781,65.6073007643638,58.977515245586,10.6466479792429,94.9305082964837,98.9165784866259,31.9543527255758,11.5020547687923,58.4561007280836,84.6020652404096,105.40506930293,18.2927249756896,19.2514140005308,11.8786372521843,24.90064627979,11.7028884123745,74.3348123936705,145.464775352851,66.8984938763129,64.9776302884829,68.2347070428574,111.283921522286,53.6135236521029,14.0112248064097,44.256571880763,20.7823929584352,88.952535923906,39.2012366936157,112.068127227468,87.7794026454797,100.35029400313,96.6069102703787,44.6891498529439,47.7827294336641,24.9916178642396,11.0640939497026,66.1670821677427,17.6939884257155,12.3517176883632,94.9694342281705,10.6466479792429,17.4468633099444,53.3681691128471,75.571785693246,129.258659850069,90.9416197499786,45.2452571238888,93.6911691064253,137.920280064698,95.0923806583178,66.2492119734064,43.3910275366787,12.3517176883632,53.6061701532412,75.0879187079637,50.2112689946954,86.1268558831174,73.530460514988,67.9139631018485,100.053934556608,9.2360070966923,69.7664343990028,101.891077946324,45.3438939841628,16.379384088082,7.74375593775469,104.29277707723,46.7540654181245,63.7788454262085,99.1866325286191,135.974269505718,30.8954746689346,17.8775888743952,69.9172779684496,74.4221943480194,55.4998728575703,83.4195065050093,45.3867153783745
11.8772655507735,45.5258535494142,46.3981572761854,87.5586740349553,9.97014659764557,14.1598781957445,110.415169197755,11.8772655507735,74.4097800469811,59.1598855251403,52.9185177629888,18.8853156829716,48.7429272587661,14.1598781957445,39.2637745210877,9.55252855549797,15.5523465628646,140.259227236178,103.538952731349,61.8919398991217,89.4522638341174,63.5511583714427,18.1481254896627,52.0568705376618,37.6448411154266,65.5298421223772,58.2964428562279,14.0915728536066,89.6021928848183,58.7011463870473,145.145246063864,69.5333398068319,122.165005181086,134.861672429663,81.145612300072,146.528801518711,36.7513279323185,18.8853156829716,18.8548872796353,23.7193476496771,13.1293717496025,18.4592898123268,17.6432517669761,87.5869421596373,39.4066697177816,52.9772895378382,25.0119566393805,10.5367604050255,97.7457691651122,111.682940338972,125.276198561248,91.5830125848027,58.3743056551361,132.816287813677,133.902397208738,12.5492685908345,41.3873926764376,82.1160107553672,10.9780482674515,71.4891485513567,8.81138653644061,10.3695381413517,17.2358773234294,85.5157635564651,116.93206220931,65.9835211760861,73.4211281843509,13.0583674701681,62.9805410420227,21.6645700516323,87.1542988816078,105.82086703232,15.2670454279257,115.799307145675,114.705905975336,76.1752559505786,90.3874629351254,69.8031144429282,112.956980225176,70.7190091492478,85.5475610978234,43.6919153811652,26.767505306997,31.0337857802754,60.1160178389031,117.152493991646,99.8054772590934,105.618821082385,135.49306151533,47.8681169214132,70.5654854808729,48.0637351063874,64.2689454366187,108.335489980593,125.154181760858,64.528899729774,78.5120940650416,14.7411554307272,10.3542934554875,14.0915728536066,69.9158703550938,61.3610970267157,40.484773144527,85.7889638505158,105.634277889383,106.445216419955,91.2135169600729,87.5728141106226,58.1619418971472,63.2173375273475,71.4610859206341,94.1051368345018,64.6508226741562,11.7602276761414,17.6070627314359,72.8303248630743,23.9345915872444,79.7010931583854,23.7193476496771,33.0472496328821,54.7975061253964,128.745222467069,81.7990219443711,67.6826636871377,56.3626189598974,10.2472478286863,89.4903704903194,88.7364017689751,51.9371622239029,11.5440219249647,60.7454690090132,79.1057674887851,105.623999037483,19.2927172605465,17.9977906195443,12.6190501730343,23.9345915872444,11.2697314376651,71.8175702526469,142.521421041539,72.6149809510819,61.5635075064886,71.9648336747839,111.515061822843,47.0867555998997,16.9406048545375,40.6801486011059,21.8112524914406,66.5020116932186,36.4872146556119,109.330924504701,83.1672052318276,100.627794935275,97.0273089048339,47.8199177323999,42.6700003212504,25.6594783503633,13.3915255481107,71.8210699942311,16.3562829577581,9.81478486582083,106.966592785896,10.2472478286863,16.2389633682331,47.9981455437602,63.6711362879303,128.890686075941,92.6226560676181,44.9502465117019,88.5803879214346,141.044508174044,92.7698012622683,49.5287270178652,45.7720688722929,9.81478486582083,58.504961273673,73.1564263006631,49.2291587002419,76.0560958135086,62.7741402929097,65.6266823095469,96.7970902663829,9.21227197770013,60.4870443679461,109.877681930241,43.6428554864682,14.8054535578077,7.56677315224835,94.1741737421048,41.0623496028804,56.3212244180101,94.8654599384671,139.712736558923,32.7107140780064,18.8548872796353,75.8917206300234,80.8089837575271,55.3982372274774,62.3654507363824,41.5233913922026
14.0174641197405,48.9829683410413,49.9215125417739,95.6733185456834,9.62975701327053,13.2073356608193,108.361309209993,14.0174641197405,72.4534752930005,59.0677757621006,60.3070744673081,17.1096473806151,50.5064242453424,13.2073356608193,40.7607240747163,10.1536550452424,14.9809111767659,135.518302497429,101.273024473952,58.1417485075648,83.9694917710185,68.6833923739255,19.6137231137845,55.6794690078433,41.7610023007905,61.8873030004451,24.0454944025326,16.2328399496008,88.7525604248577,57.0362399902672,142.532577899366,79.2416809645427,126.56535231613,140.990826045389,80.2092597581273,144.444405056832,46.5596549318777,17.1096473806151,16.9271071210762,24.8772130537597,15.0983260679472,18.3022505304363,17.0881320009972,91.5675677410682,41.8864731438947,54.8939838299349,26.1486926868486,4.6739947824226,102.800853279417,133.226377359069,122.727573688697,97.3241286666824,59.0573436311956,130.768882828199,133.043875865362,4.0120101623182,41.2381308962201,73.1973749962203,4.38021461651133,73.5443824830096,8.35444175844039,10.3954963175822,16.316401206853,88.3444825177209,117.71007582018,68.1661461064941,66.3932975271894,14.8815948128405,58.9813017249753,22.2842869866344,90.0372178610843,105.142391703905,14.2975941129589,114.15204282903,112.641157201616,80.4921247762667,84.6729934662925,72.8679613708938,121.218673595126,76.1882186636806,88.9745306684834,46.2653635783823,26.8620599540007,32.7492677590093,68.5094994672047,114.015379761548,98.3768865971713,108.872133661466,141.650910316482,48.2868277308697,66.2897417148392,50.8946829232088,68.230048128278,104.468829323977,102.559666596424,18.1027584212942,73.5266073058992,14.6114679989216,10.7490556798378,16.2328399496008,62.1879826864968,58.7997060776385,40.6349129891236,88.2950503947568,99.1596662597487,104.931015592609,97.884889608462,84.7572042743416,50.7764750706526,70.3773519948165,81.4385816593018,92.7581394210064,67.8276852494081,12.3713657003621,18.3064491787525,82.9989956383009,25.2666221226367,74.4023483906745,24.8772130537597,33.169807042467,52.5630469992617,134.596397464197,88.9147712465049,63.0674905134733,56.0310108822425,10.0098980854071,88.2094276891288,87.5595085030234,18.0025844024569,11.6715380366929,52.4153083244996,76.6168172818766,108.645382835554,17.3201720531433,18.6009732032353,13.4972003841367,25.2666221226367,11.3696814156302,71.9150548821778,137.704031525485,82.9458026536967,63.5999257498927,64.6069334967173,114.704959990899,50.0498554684607,15.4842285868645,38.570539472659,20.4743816209277,75.7871146234881,39.8687274455237,107.106691037116,85.9182377971696,95.7772258104546,93.2497278757466,50.2870471820348,43.9382821700946,25.7406083856317,3.98276934679902,82.0389432055628,17.8378434095078,11.4233438905477,100.282908286791,10.0098980854071,17.7439360783422,48.0783467252481,25.6939588930485,128.06429754769,93.0790311889819,44.0023890584527,92.4696890216166,139.03812669301,90.882488064438,56.4439964459176,46.4234017241312,11.4233438905477,52.8491266030281,76.3506636233149,51.1060431322839,81.6033598208572,65.2153173965071,61.4594140740359,101.803111882418,8.84270158369093,71.3863784986788,107.99748440888,42.6319869372868,14.2006935997204,7.4639274186828,101.06208934745,43.646342514708,60.4290963475647,97.1900877096476,137.197855576726,31.2908451855436,16.9271071210762,86.6887190491457,78.5170456565551,53.6083562444338,71.0730012996838,45.6464208545072
16.5513269440704,46.2968433594923,47.1839197315232,94.4259782007272,9.51378054964454,13.7955391491428,100.884194600992,16.5513269440704,73.7079514717413,63.1068795569864,65.9778637850526,19.619111251878,56.9846242638559,13.7955391491428,43.6178060575251,10.1796447133236,14.6226100066937,141.287424221635,100.769091005558,51.9240477537825,86.193233900458,69.2387132161266,19.7723045242505,54.1260403089326,35.7977502112282,59.2852677404923,35.3524478739968,14.4364835569327,85.9721989000381,63.9217108171926,141.267536692843,86.6929274709115,127.910230212991,139.549635598395,80.7552817147157,146.079175080955,47.5086842548421,19.619111251878,17.6213777794788,25.1492361143546,14.3314941297426,17.7914082567102,18.4863356005066,90.6315756089246,41.9936872977391,61.9349536150045,25.881404047164,4.01971937584346,107.865216099203,123.469605043007,125.778853002497,99.0160353415382,54.7081050740508,130.005103087314,134.977013119743,4.0120101623182,43.4132751398205,90.320022714325,4.09064204389295,73.9217864123207,8.21487264417134,12.8747395410447,17.0341911905284,94.6368608874825,119.06824870036,73.0213127347493,74.8686372471671,16.2809395769677,59.6149524047517,21.9995472469601,96.4501621219662,106.67011835119,14.45119669486,115.443974750767,111.641415896782,82.6294595203283,86.4148243560295,68.0775711123762,118.17390410892,77.4422319951882,83.413991026734,42.6968827183386,26.7603595655232,33.7175508517089,74.9515784633141,119.558897477681,99.4190765834368,107.40530050081,140.202972571296,52.4702647022368,59.2006914607905,46.9691393233672,73.955535217228,108.593760136645,112.97512917889,17.2064606891469,74.3165217930069,14.7291386826225,11.5024999331533,14.4364835569327,60.9429816115866,58.7778941344392,41.7430609110545,86.5766505468869,101.785685814616,106.118587231843,95.4262178856883,88.2393617320895,50.3579121709886,61.2590100093913,89.096406931131,93.7408052421463,65.0423236511502,10.8191818972333,17.8367013188851,90.803549614872,24.3456979303793,75.7478386703437,25.1492361143546,34.0743753075645,49.5571109734014,133.220570059918,84.901206103092,64.5255212410858,64.3548177254139,9.83349425275584,89.1439051402019,99.9008343829368,18.0025844024569,11.4000023505281,55.4256244928275,82.885841286386,107.257155424734,18.0305643941954,18.2446630185921,13.1206353987789,24.3456979303793,16.9742549633514,67.8429082166826,143.566201469647,64.9229936582556,68.1298611312766,67.2568073313483,113.2393057177,50.1779649152897,14.401151998074,37.9261809162493,21.0165993243388,82.9135216632216,39.3489391388066,109.769600609175,92.0378057166998,97.1482551814573,97.9088160845116,49.6713265981874,44.7755714869547,26.0113266054424,3.98276934679902,64.2131804028949,16.8237904563914,12.8880754830094,103.743143681976,9.83349425275584,17.5125996129067,53.2910453407082,17.8572538708006,129.925081164639,91.7991719365204,43.4516988817275,86.3906676085894,140.611710395601,93.1420280152656,61.7515331640158,50.1495599083288,12.8880754830094,54.8177585534075,76.8490638718249,54.6882698556917,81.3983110340269,69.091499698125,62.1196877263243,106.818322148762,9.84603116009018,84.2905164437587,106.147264738235,41.8806859924512,13.9492741420577,7.61917998183204,98.5236127519622,43.7580612947791,60.2772531768605,99.3791102562633,135.980162447835,30.3265311804184,17.6213777794788,67.8526336114628,87.9957004096881,52.4345056725227,77.7561312659497,47.7989420406958
13.8134548653596,45.9050645879323,46.7846342345346,92.3456105617305,10.0866828850175,14.435762934936,106.163208523806,13.8134548653596,73.1010043930023,63.5962785526064,67.3185042416741,19.5923652337651,57.3926865041296,14.435762934936,40.2019589215894,10.232802753804,16.0352882287102,141.03121733981,100.718115124038,58.7763495366998,80.7907009244805,67.9112592498534,19.393227230004,53.7178646254136,35.8471019845293,61.4762115478177,30.0293424250778,15.0276113225755,90.7650250780268,57.0472454031078,143.067284269267,88.4544886855804,125.931005449254,139.541212178279,77.5183775299803,146.939947916057,53.4879159896238,19.5923652337651,18.0582778503666,25.7148143274372,16.4590628008889,18.5622504646355,17.8078130537901,90.6261049544593,42.2129780679141,62.3784647594557,25.8798418077605,4.01971937584346,103.465977872016,115.420818865908,126.694966580132,99.809832877733,62.1364338272971,132.817187574208,136.404468401149,4.24206191700929,45.7505542881903,82.2151087872319,4.09064204389295,74.8129054845046,8.21487264417134,9.92116232822572,16.7971858422983,96.356587618096,119.991230636815,74.3482449917664,70.2934574640856,16.611760931533,59.395198739535,22.2818478859245,98.2028398885118,107.798212834015,14.3979264444889,116.124229396144,113.063726870644,86.6132667356115,89.5692016826631,75.2764235307311,123.72406579886,81.9779434119648,88.0495930517946,42.6968827183386,26.9946495024071,33.7175508517089,76.4745607578443,120.192292529201,90.1340522557931,110.581451089636,140.194509714805,55.5892842387,67.013275825752,46.9691393233672,72.8843555415419,111.811517000879,93.9471572212372,17.2064606891469,74.0425749492808,15.2779852361912,10.6017031025895,15.0276113225755,71.2800271886957,59.4384036902726,40.4202991830984,88.4170216167534,95.4058286122397,106.743891948534,99.9080105684185,97.2409340924454,49.2763297174311,62.5356228553235,90.90680576521,84.9860904823911,68.5973040446964,10.8191818972333,17.8456763580343,92.6486368188944,25.6443045499809,79.5666026949145,25.7148143274372,32.9946202877566,47.9546059867273,133.212528671455,90.0467604711105,66.4813866532827,61.2865853914866,11.3179115582949,80.8185076779423,90.5891253541794,18.0025844024569,11.5469017886306,60.0585917486844,79.8435989874397,108.633491181557,18.4776097365379,20.2358781120637,13.0216899689722,25.6443045499809,11.4495599245576,75.8952807444214,143.305862313374,66.985260430777,69.3679066691537,68.9243559338746,114.692405092934,50.4399939315576,14.5279714505834,37.9261809162493,19.6992932464189,84.5982870552145,38.482013943293,110.569110376748,93.7103028096265,100.093753783592,100.635148177556,49.6713265981874,44.8417743673606,25.9913065143064,3.98935153937445,66.2529000898809,18.0412607738616,10.5859830073542,101.232029423631,11.3179115582949,17.1267667499212,54.0435714625508,17.8572538708006,131.299109519608,92.2835313600357,43.9884495503711,95.526035634731,141.44026614654,93.8204304213643,63.0062964871781,48.9941980325356,10.5859830073542,51.3787210398965,74.0691941352883,50.4054599933736,81.7035536570851,62.07735870457,61.8907010625878,102.461781058364,9.22328033338127,70.3474258232115,104.611934681109,48.2027942336411,16.0208486599067,7.45186143862541,103.150877842116,43.9865656148371,60.5032921036726,102.753195246008,137.712548907855,30.3265311804184,18.0582778503666,70.0079598501381,78.5321958926615,54.1995338330113,79.3361008094486,47.8558522933882
40.8311282498416,47.2707783022516,47.5594105442288,92.4932331316307,37.1103115677326,57.3515431156095,103.18806170825,14.7012077874662,17.8883872171634,64.023499102137,75.4959823046811,72.6357782863762,53.5419904664673,15.8912862925535,43.5349522405378,39.6528624910063,60.4356322284822,126.047497829631,102.508692589643,66.1391392983289,89.6656848516516,88.5923301151078,77.5329642406575,53.1593140816346,39.0498055904147,71.3917087480941,57.7489181667366,58.7551792501526,86.9180530536604,67.776717911179,141.23934992324,88.4698333880757,120.920792711313,135.009413079387,84.2611272704383,149.09816667129,63.3637453084553,71.4176528811616,19.5264581616695,25.7463804891534,56.111370348205,67.3328686525059,46.6787991712503,110.896140440117,42.98566113241,44.3118639610128,97.0524929189584,28.7893507309437,105.61233146033,116.639496068324,128.100189198453,111.662103062592,81.9657562977317,134.75844915817,138.64122624927,27.3984667182086,48.2920964968013,99.7282332114108,25.1499402753551,82.574771342326,24.3718135773315,36.5277463926991,16.5988811795352,96.6443523664436,120.336178377561,75.5133319341349,63.3665613924753,50.3474368066844,54.6214375974473,61.8122158416041,97.2344563820703,102.955808083051,50.3864846335848,110.721194904499,104.885190342498,77.7677339137852,89.5493669127042,80.9957485478065,118.552028002012,89.2323768146643,62.5377197408679,34.818784766685,26.1459100037451,51.3909118815834,17.3914388283205,130.120806938893,102.169693592735,77.6391069096081,138.652809651648,53.5646863383968,70.7163391720495,40.4503209021195,83.2425395903428,117.994045791824,103.639621035342,53.8542625875224,70.2184569156048,14.4444311437114,43.7640861511044,57.7698359631245,68.2004157699037,63.4162608712558,41.5815662331481,90.0595788918925,105.228077188414,113.972083753694,97.1118609517928,99.3681201123863,52.5127819219693,67.6574089344462,95.7419203571784,96.668767595211,76.4227106245682,15.6824710843454,73.5056822970511,96.3265141827168,91.0243490607948,57.9793246564512,25.7463804891534,26.5733265242643,59.079412094293,115.964351581313,99.120741821055,73.6559722666252,66.0831897687774,45.7726471616865,92.0384102309799,96.8540035236561,29.8582710663665,12.9044422447268,42.8484159016479,54.4179202091396,108.890027631885,84.3904621257746,55.8050208245205,47.910409117491,25.8149892477426,16.6507054002735,77.1757688332857,141.93063191129,69.3876100168698,43.1454761465324,19.5264581616695,103.062266933596,56.7009022567997,59.9327957451207,42.9416086347642,58.3708280322459,90.0055673315499,73.4662298683182,111.25996494716,93.8411010241642,98.4015910999288,75.6389905421639,40.3967447464367,10.181534160972,104.32503845006,31.7847632506193,63.6198803576024,16.4985628418218,11.3134600088229,103.40793795386,34.5918849252738,17.1556300455442,79.887965262238,53.0429334357919,126.120901558596,96.8041418073879,47.3905656614646,93.8419825655033,135.633503179693,101.011652794027,58.428103451627,46.0173663321946,29.9447603050316,63.0478102265243,79.054501326016,52.4453372971346,90.8995291430663,53.8224872403585,46.9711726403759,108.673889903862,36.8793336997082,76.0828681532193,102.435194734085,46.613799824045,76.1013299728841,8.15836908060161,102.138301628591,36.9651001314086,71.677580918443,95.6569024368348,128.484395513365,34.0110080576529,70.8808795000772,72.3460336221115,89.3363838767228,67.2754142771683,83.1555579235793,42.1465171980423
42.0774341981689,43.6866544084711,43.9534022272985,94.8657953732595,37.4724718674289,47.1902695856277,105.76459417525,15.1499390250896,18.7437412340402,64.1315105466086,76.3628355198448,74.135026156562,47.4667063213561,13.0757437981452,41.7547697768636,41.0229138252811,53.5647838033124,124.267498162053,103.246686998572,56.7396060367372,86.6059619629135,85.8265226761758,75.1124245733902,46.3855406969499,39.5773398331653,67.7185465676464,52.9516604989361,61.012703783577,84.3341864716873,69.1322354834281,143.74866036959,89.4856537956829,125.151001106712,137.805791597835,87.2529258218665,149.06662457721,55.9427765789061,72.8917578815047,17.0506878119433,25.1775037390841,53.5734463828286,65.1504660530715,44.5927923737537,113.193073504504,44.4708644365221,39.2839006332157,99.0626898390859,33.1938830634308,108.233364556567,116.991859333832,126.371817222572,118.413705153679,62.8894222991579,131.713392281216,134.125751230809,27.3984667182086,37.3265210572309,64.2674333099654,27.7140930750992,79.5415673230379,25.9509015633743,43.3689726842034,17.0190235955314,96.2641609552131,116.316859562642,75.2162683237762,64.1868727870615,50.9255316421816,57.5240565974305,61.0320795475107,96.8519435472596,99.6025891886326,53.0640554569246,110.697771555814,106.748619365196,78.0735389004179,90.4102792438977,80.9085113772452,124.704251931905,86.5470111110438,61.8843560629267,28.9437057635419,27.2451083299023,50.6412100416356,17.5911292516309,128.064609626551,100.41302092197,77.6637082676138,141.524651915004,49.3199290806484,60.6663054214218,33.6250157516128,75.8226946578011,115.878418543846,105.359673878381,53.0071536902607,73.9499117464871,15.5864051723937,41.9745342004219,59.9895010827457,67.0842097002511,61.7562661548998,45.9848335623818,88.3546167616319,101.637308246605,113.947972671254,102.151453482541,94.505927774144,50.5080670648303,61.5474580969509,96.8412396713191,95.0066760670913,75.1684535120087,8.98492467022675,66.6299124712702,97.4325458677913,86.6017275236212,59.8828710656759,25.1775037390841,29.3873008670603,57.531309424102,118.366259820682,93.0276955261004,68.3354578323071,59.8720452998997,43.0532566288251,90.45593156996,99.8590285540092,33.6279417192484,11.6708745023211,41.5812715533454,51.986063488802,107.515718986517,73.6905491051522,52.8915260320534,41.8054722924778,24.5607102706667,12.5380110399383,70.8917362678498,139.926336054797,72.5301077822023,42.9757451786827,17.0506878119433,101.761510863106,58.6599826840737,51.3924041476373,45.7238627366738,56.3790007366607,91.0390212060767,75.3507266808833,109.758807090521,93.4719373870121,94.8378016840577,77.2977709087843,74.453506371295,10.0921194404868,107.024039984594,30.8863064085148,66.5011632236051,17.4313265310164,10.05386277052,104.074825094767,32.5367526527764,17.5956925095677,79.2643106672993,49.130114725094,122.013207219038,99.8726105664768,45.8722735372056,93.740909247636,135.604809569214,99.6487687029182,59.098981394887,48.1507456323873,26.6108255624821,57.2135492289301,75.0345765272641,50.3008013564037,83.3480192911609,56.7744907319709,49.4672515455532,111.370903199529,32.6112990399102,78.4051779989073,104.923328779477,43.8444357211904,42.4170225143991,7.9020723532874,107.438739875226,38.2422862303473,65.72294106971,97.5964057801728,130.767096729633,29.7335461405048,61.8938538769006,75.6225155319637,91.123089428691,62.5866472467379,84.1103592327916,44.8364826525965
38.0486274766284,41.6194661720395,41.8735918763873,94.0633944226089,36.7602814408165,46.1796622983602,101.006684557261,13.6993711057685,19.2017119966357,65.0072632923224,75.8229650169341,67.9969300628749,49.2604019058126,12.7957190793868,42.5306578117158,39.253644441809,55.3057316885724,128.79215990559,103.664759766005,72.5917895614003,89.9443631625177,83.7987104242775,73.337752944267,46.473110645866,33.4165493261579,69.5293294196858,51.636278028658,63.7904998683812,83.5923496014197,57.9107180583245,142.571194086659,88.8530075013292,124.750931468694,133.296698810143,87.7816143356382,144.611617249862,51.0049408230175,66.856599637012,17.8775888743952,25.1658841068296,55.7570137611263,67.5065726992609,52.4070618955713,109.489324442596,42.5528890523457,40.7683802730917,95.8212958809391,24.7863425349006,98.8124237404148,125.375034870793,129.179486951924,113.744772457331,59.6745387522807,131.136801964002,135.529770064995,27.3984667182086,50.0652706832438,75.2947256307402,30.1925273831614,77.7612982443527,27.007692237152,38.1422229518266,16.9774223438496,90.7972272273759,110.882136704005,70.9446645399691,62.4598331705658,50.5654979662253,61.8114234801443,60.0464492225514,91.3516290841082,100.645222015448,57.0190107831919,107.389456332328,105.874225824909,76.5979360866584,90.2807740999545,79.0870582825497,123.31568670989,83.0815436540649,60.5373172576124,32.5176231246693,26.4315017063372,50.763848325599,17.4667633643351,127.675163609057,106.00947496581,78.206313687889,136.893875662196,58.8707414215379,77.615549071104,37.776972952416,79.5010911000302,115.542322178975,103.30672077519,56.6765963905263,79.4615258668247,15.7050451276935,42.7545059025446,62.7207126321979,61.8125190350773,64.5499336852146,42.8859546930125,86.8647166644108,105.555122956871,110.542521889586,101.014010664942,91.3057743383643,52.4101483766968,63.2412334714829,96.1565908050488,100.301811016578,72.6726813190196,12.8227764214948,71.3659152786376,96.7437165808819,87.8003510696478,61.4053565120812,25.1658841068296,27.4069156263224,51.9590100590617,114.493240825797,94.2744156630476,70.278375077886,62.6350950612998,43.1018125439868,95.4974337514094,105.959189348028,29.8582710663665,11.5020547687923,42.2144324420971,61.0959014212416,105.779406643425,77.2642931100731,55.146465531668,41.8843956599337,24.90064627979,11.7028884123745,79.6272635191887,145.021146435825,69.5423984797619,40.5351115257744,17.8775888743952,100.118125421155,56.1300475400231,56.7229409946618,47.5858616961784,58.5522428487032,90.3953929040574,74.7133895407364,112.197376757166,88.1635767049398,95.8681045860284,76.7528987988565,44.5699605858806,10.3793375227295,103.375691681608,31.1719404564966,63.7618022870007,17.6939884257155,12.3517176883632,99.1312170335664,32.573447944263,17.4468633099444,78.894949608445,54.5746295415069,123.29043280311,97.9867519046843,48.533721590286,91.6305667590372,131.552122242537,101.862718281261,58.6811630073171,43.624900973634,32.6928477446343,56.605901747668,77.3155080263028,51.2354919348568,86.6412058832287,66.1526999355477,53.1541308896075,101.67686206921,33.3326861948386,70.8980827079277,104.144102493771,43.8938839364449,57.7541505179893,7.74375593775469,106.242423828447,36.5929420011805,68.3197383321133,97.7768371397501,129.695964331459,33.288907979485,64.895497804379,72.507421675944,76.3320251921172,70.7050737259373,83.5157152331302,42.684048008588
32.9879122839502,45.7977341671159,46.077372099151,87.5510966747681,35.9821906129625,51.10290318258,110.06415456934,11.8772655507735,18.8030112487315,61.344293749016,56.6861827355224,73.19310701291,46.2269606743036,14.1598781957445,41.6987768873126,34.4750099663394,60.2756440711239,126.186161592928,107.362005089043,66.2984898914036,94.3971764485017,80.3687926622208,70.3360067338624,49.3698479452529,40.3250588400126,76.5593588658586,55.2873518871802,54.6141784002183,83.7246363984222,62.8805199303616,146.49103652278,66.4276030183757,119.478161812114,134.850001450418,87.0433456673985,147.88742033943,39.3679297722425,71.9656350253794,18.8548872796353,23.7193476496771,47.3838124942121,66.6194501858088,49.0023599459517,110.765200426448,37.3726132958407,38.2578752654652,96.937898716681,29.2647938628723,95.5959917281364,109.226634891825,126.024348625281,106.997613597211,60.0956239284553,132.804793842776,135.143943683572,48.6367278324561,44.3340706312113,81.9005857957284,30.4904265840951,76.5789955897704,24.8251702942639,37.423591951859,17.2358773234294,86.0264641102445,117.630381050671,67.2170155876837,68.7603272941716,37.8033892130961,59.7296706974517,60.171167637672,86.5517360033101,100.358705025128,55.098662121388,109.822087399808,108.785124382915,71.3396219917454,90.8089933085784,74.7729201060095,111.351459140305,75.7540242049841,61.7786970661776,40.5635056248862,26.767505306997,44.3981026323289,13.0583674701681,125.493456035107,99.9344400489843,76.2732808323331,138.489096102024,51.2762060941618,70.8867177210705,47.1241839839144,68.2546812993004,116.048703580231,127.366768005579,61.1981076624377,76.7853336150252,14.7411554307272,41.9182466081301,53.6982810316799,69.9158703550938,64.6738269261202,40.3729998258053,87.1805060255197,110.780767315004,113.046577522329,91.2135169600729,93.80777756422,59.383779114997,63.0428024844819,71.8878518715602,94.553862502136,69.2537981604661,11.7602276761414,67.0946396486237,72.3267943345749,84.3940161414325,57.5566343083084,23.7193476496771,25.8009739488826,58.6989503293995,115.827427304951,87.6229059606929,72.5014986054533,59.8580320272344,41.4848838681359,90.0248074159413,95.0542097285824,48.5302857303051,11.5440219249647,43.8677138178074,57.1267162168283,105.999113888729,81.4880321706928,51.5554099049301,44.4951116090973,23.9345915872444,11.2697314376651,76.9308000877163,142.086768573158,75.4848076286584,38.4052731934683,18.8548872796353,100.326074002446,49.296924549822,68.5822219580849,43.7403947673055,61.4509481784611,67.580709346625,69.5407520718642,109.457017185317,83.5311936150352,96.1332108186491,77.0868998941737,47.6923784759069,9.26875339015715,106.13823951164,37.7292382824154,69.2102585603441,16.3562829577581,9.81478486582083,111.654119148731,31.3514821162908,16.2389633682331,70.9563647568001,45.9805024259358,122.939449387956,99.7980159777474,48.2172693513506,86.632189846586,134.532096166325,99.3747770911492,43.8707603774508,46.0187758914956,25.9780279439937,61.7788228508323,75.3267151646949,50.233348291048,76.5103031857506,56.4756270724344,51.3639478836039,98.3671900493578,33.2470263133681,61.4681760835126,112.307306972934,42.2472413605931,52.2044289740358,7.56677315224835,95.9346635577015,32.1382143779932,60.3311535207173,93.51708380577,133.261816101425,35.2447716875796,68.4430828258872,78.7031925344285,82.8827131202845,70.5755931641107,62.4373775667537,39.0507754722576
38.9320988782056,49.2754948650079,49.5763677735622,95.6650389411449,34.7537269401674,47.6651837144705,108.016823891869,14.0174641197405,18.3086619807748,61.2487829428185,64.6007860388246,66.3112162224374,47.8994311317083,13.2073356608193,43.288562031754,36.6444713403168,58.0609534581734,121.920922813476,105.012410132899,62.2812943329963,88.611317268604,86.8591771179805,76.0161682699989,52.8054585340641,44.734280318351,72.303733477686,22.804336683332,62.9130066714151,82.9307365340078,61.0970763980216,143.854143631786,75.7023169064609,123.781729648508,140.978624646912,86.0389382119018,145.783697299885,49.8745849116961,65.1991557608181,16.9271071210762,24.8772130537597,54.4897551097021,66.0526964957435,47.4605705442652,115.799224671138,39.7244165605558,39.6420278294934,101.343503820904,12.9815511187385,100.539896546766,130.296255037633,123.460503352658,113.705033486646,60.798803056283,130.757566040486,134.277462108194,15.5491967450784,44.17418178877,73.0053473829792,12.165606211014,78.7805569928262,23.5377756394027,37.5172748316382,16.316401206853,88.8720761948254,118.41304096259,69.4404424578228,62.1786259759748,43.0815507456506,55.9368603548389,61.8923691891013,89.414723206839,99.7152505982196,51.5999189822089,108.259850023677,106.826951869837,75.3824543573149,85.0678738777811,78.0559764038669,119.495724416164,81.6126276402229,64.2535042055503,42.9526908897687,26.8620599540007,46.8523357540948,14.8815948128405,122.132987185506,98.504003445913,78.6226805078519,144.783107801716,51.7247280570122,66.5915096696412,49.8997923604473,72.4614377658373,111.906746438897,104.37280703154,17.1683472597983,71.9094954579521,14.6114679989216,43.5163991371294,61.8579352788744,62.1879826864968,61.9741529802874,40.5227251533527,89.727242613356,103.990713378641,111.438471240337,97.884889608462,90.7917034102499,51.8431620657714,70.1830490610388,81.9249332630614,93.2004421415623,72.6568453371261,12.3713657003621,69.7597679765903,82.4251614803832,89.0907917724272,53.7301132054908,24.8772130537597,25.896658175772,56.305403350128,121.091518147637,95.2452786629577,67.5577367440545,59.5058587730625,40.5239988870478,88.7362148181434,93.7935246309244,16.8216846574856,11.6715380366929,37.8520370780266,55.3293055265391,109.031227880168,73.1564516500096,53.2832511720654,47.5914929624301,25.2666221226367,11.3696814156302,77.0352253769552,137.28407081522,86.2239151606591,39.6756556349797,16.9271071210762,103.195910188136,52.3991070806216,62.686238827513,41.4720860404179,57.6844527597582,77.0164215364869,75.985555950993,107.23021848231,86.2942663095702,91.4992944681351,74.0856622640855,50.1529279088751,9.54424885764359,106.473826969707,11.2210407372504,79.056695642803,17.8378434095078,11.4233438905477,104.677539957233,30.6253099424419,17.7439360783422,71.0749273433983,18.5550503429238,122.151217485894,100.289745902016,47.2005207976335,90.4359513697388,132.618354824338,97.3530919545675,49.9960566709366,46.673619364338,30.2356038221404,55.8064950245321,78.6157140556871,52.1485179154346,82.090695480595,58.6718659548347,48.1023576137169,103.454411972461,31.9132492989672,72.5443031540552,110.385534357316,41.2686984328889,50.072029034038,7.4639274186828,102.951341697318,34.1606246627107,64.7314955691433,95.8086703351108,130.863054075708,33.7149073494973,61.4452570046281,89.9001747390713,80.5319590422193,68.2953416905348,71.1549706536787,42.928288661804
45.9696484077024,46.5733283320707,46.857701990716,94.4178065414856,34.3351686792695,49.7880060650527,100.563479355632,16.5513269440704,18.6256623762233,65.4370258286325,70.675321250866,76.0370508739596,54.0432455133577,13.7955391491428,46.3228302752699,36.7382678739693,56.6722991023668,127.111193289686,104.489869522134,55.6209089703094,90.9579876508979,87.5614533120196,76.6307762723931,51.3322132569872,38.3464597229046,69.263742157757,33.5276584628534,55.9509358281711,80.3327559464018,68.4727753785435,142.577372930622,82.8207502550125,125.097028892678,139.537558921074,86.6246455171047,147.433624953765,50.8911827284352,74.7618850315564,17.6213777794788,25.1492361143546,51.7222639100141,64.2090702374585,51.3439406262549,114.615539597106,39.8260966350244,44.7267074372092,100.307583302752,11.1643668830645,105.492875999113,120.754068878721,126.530004921286,115.681709854123,56.3213158849677,129.993852397384,136.228523460975,15.5491967450784,46.5041908154984,90.0830751681786,11.3613474711097,79.1848311298656,23.1445540941647,46.464846601906,17.0341911905284,95.2020326786607,119.779324857783,74.3863714582065,70.115947936102,47.1325911902131,56.5378038496717,61.1015331573584,95.7833299857862,101.164120488003,52.1542696456097,109.485096218329,105.878814271582,77.3841102862442,86.8178279585182,72.9245224431758,116.494231950988,82.9559235575613,60.2379263253195,39.6397188633448,26.7603595655232,48.2375980108881,16.2809395769677,128.071189378956,99.5475400890147,77.5633979249716,143.303153128759,56.2060151876074,59.4701882354474,46.0509853872409,78.5419995968221,116.325361919881,114.972403367414,16.318313781167,72.6820369134081,14.7291386826225,46.5666373935329,55.0126206068608,60.9429816115866,61.9511634656315,41.6278136195611,87.9809694149466,106.744672293162,112.699691931066,95.4262178856883,94.5217816949031,51.4158062043847,61.0898816601744,89.628491104471,94.1877936514063,69.6731730194222,10.8191818972333,67.9697156626831,90.1757567358322,85.8435882066966,54.7017672810303,25.1492361143546,26.6028816134871,53.0854522619972,119.853735916967,90.9459578059485,69.1195755814464,68.3458790879732,39.809846888992,89.6762729730763,107.013521781273,16.8216846574856,11.4000023505281,40.0259554019387,59.8565197440468,107.638070295113,76.1569866788337,52.2625860242757,46.2637146572628,24.3456979303793,16.9742549633514,72.6731521412692,143.128362698543,67.4888242451163,42.5015733404072,17.6213777794788,101.877313967397,52.5332297580919,58.3015194123651,40.7792543129475,59.2120950630526,84.2584226515762,74.9948946985944,109.89619922026,92.4406170412288,92.8090862174816,77.7872455647154,49.5388494973525,9.72612437055106,107.593629752215,11.2210407372504,61.8789279945752,16.8237904563914,12.8880754830094,108.289410963258,30.0856019450294,17.5125996129067,78.7809364013657,12.895725642681,123.926083616741,98.9107375735013,46.609805982012,84.490629278782,134.119281849029,99.7735054499811,54.6972813050811,50.4198611803518,34.1124935104644,57.8852890596579,79.128900052543,55.8038158609093,81.8844221414175,62.1591271918582,48.6191331122114,108.55097159062,35.534258851038,85.6577530126574,108.494402465304,40.5414226394718,49.1855172383004,7.61917998183204,100.365410879341,34.2480634512529,64.5688415477243,97.9665790732054,129.701585180266,32.6758891591661,63.9654536768167,70.3662908517369,90.2538561152903,66.7998933776495,77.8458083547521,44.9526325008507
38.3654836619453,46.1792098557911,46.4611770531193,92.3376189382775,36.4027692739155,52.098569312017,105.82571106343,13.8134548653596,18.472289624124,65.9444952985493,72.1114119261009,75.9333923384726,54.430244780629,14.435762934936,42.6951442124832,36.9301148770643,62.1473629040322,126.880693210453,104.437011416978,62.961077354562,85.2568031672059,85.8827132966056,75.1616006742872,50.9451064020774,38.3993252179701,71.8234500369047,28.4793160654834,58.2419474551573,84.8111913077861,61.1088653684942,144.393807812916,84.5036305738016,123.161334327497,139.529136229924,83.1524803333327,148.302378896759,57.2961206795305,74.6599648831084,18.0582778503666,25.7148143274372,59.4006446356726,66.9910344730331,49.4594123938867,114.608621235494,40.0340682604318,45.0469917362226,100.30152859031,11.1643668830645,101.190392681744,112.882304163179,127.451589533639,116.609113743284,63.9686882376141,132.805693525442,137.669214144506,16.4407996699262,49.0078783432145,81.9994238516235,11.3613474711097,80.139395632053,23.1445540941647,35.8054067209666,16.7971858422983,96.9320296256314,120.707818846829,75.7381093560021,65.831202290074,48.0903042010626,56.3293932225037,61.8855948318279,97.5238901795523,102.233986050603,51.9620176777895,110.130238119089,107.227709735047,81.1150239179709,89.986916018359,80.6359149939008,121.96550607152,87.8145661854321,63.5855548205154,39.6397188633448,26.9946495024071,48.2375980108881,16.611760931533,128.749680560343,90.2505181969648,79.8570745949505,143.294503140835,59.5471010470318,67.3183374939285,46.0509853872409,77.4043890933114,119.772214955739,95.6080381033127,16.318313781167,72.414115136021,15.2779852361912,42.91985803097,57.2652112306953,71.2800271886957,62.6473322560692,40.3087038687986,89.8511922728104,100.053989208458,113.363775865582,99.9080105684185,104.16424329996,50.3115024032789,62.3629699401172,91.4497016491479,85.3913333997719,73.4812590491995,10.8191818972333,68.0039165414292,92.0080874714917,90.4225102082082,57.4595111934652,25.7148143274372,25.7598846486347,51.3688529627491,119.846501370164,96.4578626648004,71.2146936771278,65.087365684934,45.8193511541028,81.3011561968846,97.0388425593748,16.8216846574856,11.5469017886306,43.3716811823594,57.6595457686742,109.019293993951,78.0452041210212,57.966503384073,45.9148304003585,25.6443045499809,11.4495599245576,81.2988332800773,142.868817507528,69.6325941471923,43.2739055065547,18.0582778503666,103.184614999829,52.8075579525121,58.8149343650947,40.7792543129475,55.5007214240928,85.9705158255205,73.3426274412802,110.69663107214,94.1204339606553,95.6230228466922,79.9532799678848,49.5388494973525,9.74050492287308,107.510818356011,11.2395853841024,63.8445005896126,18.0412607738616,10.5859830073542,105.668253802924,34.6271806582365,17.1267667499212,79.8934068392454,12.895725642681,125.236669311845,99.4326197083827,47.1855681540341,93.4250780402964,134.90958090716,100.500208396057,55.8087054097429,49.2582720159196,28.0192552500427,54.2538074775965,76.2665615482201,51.4336440936412,82.1914876748977,55.8487578401296,48.4399124256205,104.123765109333,33.2867553934347,71.4884981190202,106.92512305386,46.661362084226,56.4899449182238,7.45186143862541,105.079177955566,34.4269066225605,64.8109738759199,101.292706295468,131.353982603278,32.6758891591661,65.5513972730275,72.6014629433532,80.5474980654135,69.0484831453408,79.427600096279,45.0061538878435
57.7285727213183,46.2098135276778,47.7478681176456,90.1072073155429,10.2827326605653,15.8912862925535,102.953683291989,14.7012077874662,66.0103647217644,65.1915485902734,71.3695667893824,56.7411707460073,46.552644590506,15.8912862925535,46.4139975899757,10.9872368890512,47.2107356501252,140.751199238147,104.378868815373,62.5241446689762,88.8025852129344,76.9353996176239,60.5667243638301,46.2199225982698,36.9154440159486,66.0373932604506,50.2104019570583,45.8980097232671,79.5332839788082,64.0722174619231,139.586208066679,91.083742979707,104.491484166908,131.526607536588,83.2231463034939,147.353040966628,59.9004465504758,32.7019490900294,19.5264581616695,25.7463804891534,15.5476522867635,18.6569677907174,65.9962280741481,96.3044867397341,37.374333448404,39.7295340413299,75.8148697784817,40.7034583296696,91.2629582818212,100.791880233176,125.22505590814,103.287543351177,82.3467661919582,131.282117671631,137.018494239513,21.4029657961036,45.6525751584805,87.0135298459443,35.5579240240143,78.0614474906793,8.65047318823665,10.1213122439975,16.5988811795352,94.4752268050519,117.635303736803,17.5553648392811,69.3183524169077,56.9543467416586,47.4911812083075,87.3924172617423,97.619754885407,89.5160060442719,13.9613689377734,96.2677029770385,91.193527664607,85.0721747817645,88.5714099137467,76.568730006183,119.614289412798,84.3551654331498,56.0706375948886,31.4905562742559,26.1459100037451,47.6531462627445,81.3074467574883,123.008739511928,101.137448125214,69.610376661601,132.393339455836,50.6369788494493,70.3018660633164,40.1013144247677,88.7475197074409,111.544795826398,96.7093457045993,46.8241528579491,60.6779910593093,14.4444311437114,41.515518560685,26.4526508277867,76.1969378729346,61.1618799380322,48.3281303304175,93.0156287281271,101.440005566728,121.509264359379,108.498259902606,93.9369151655717,50.6780912721621,78.6347502753679,93.5930493506653,95.0162704407218,72.2456425314646,15.6824710843454,33.658052082808,96.7082149000058,25.8149892477426,51.983630267923,25.7463804891534,23.9337892541063,55.8502839306676,129.491833118379,93.7030579330879,69.6301269503961,70.4533909608821,43.4208811364551,89.9726623277305,91.5602136999025,27.3214397746747,12.9044422447268,38.4174224690563,48.790513874785,111.25573829377,25.6996280085147,19.4813130604744,13.5876467009604,25.8149892477426,16.6507054002735,72.9575405223597,136.044529175444,68.3654125034667,56.0188473438958,61.9520319770522,115.084693602665,62.4293411142006,56.8534913664025,43.6876697764552,20.718002017616,92.959844331779,17.1556300455442,112.099172400529,89.5387285535707,101.308942147824,95.0413577972743,41.0396254455697,47.6001183613813,75.9755514651966,11.2816078057346,64.8597306339353,16.4985628418218,43.4926434971809,104.142709512907,11.3063751300768,17.1556300455442,73.8414051906874,47.5577157269536,117.842685383694,93.4153744600681,46.8067792018858,81.0918272661735,126.730906972363,95.4906165932783,48.6000427261976,45.5254196564,51.7412110858581,57.998286285294,77.8672926197323,49.3596010106086,88.8593427549877,60.1009917332882,62.7456839303067,112.24092228849,10.2187320211994,78.5801566450361,97.8107659175968,51.8924164474157,21.5827417087794,21.8522249972891,23.7451467605539,49.3792332385539,67.759869366492,96.5140167169232,120.051046337954,32.8204041082421,19.5264581616695,67.2237699732148,86.4882752784183,61.3549475366725,83.7827805191617,42.3842498959523
59.490646576608,42.7061331834977,44.1275707342749,92.4185651364035,10.3830820617082,13.0757437981452,105.52436349673,15.1499390250896,69.1667269994154,65.3015306035861,72.18904004541,57.9123439804621,41.2704251375176,13.0757437981452,44.516088431326,11.3668583744674,41.843408516582,138.763558926605,105.130327249288,53.6383656324858,85.7723144576876,74.5335156136344,58.675862067065,40.3303943576015,37.4141445987125,62.6397150191924,46.0393760151284,47.6615288599288,77.1689489827108,65.3536459426651,142.066148184348,92.129576586222,108.146941128937,134.250848547127,86.1780900197934,147.321868058303,52.8850888159671,33.3769377620149,17.0506878119433,25.1775037390841,14.844430121647,18.0522554738524,63.0469538251095,98.2991906037587,38.6656590221941,35.2215169476226,77.3851830506593,46.9307504951846,93.527875936887,101.096368483322,123.535476223176,109.532781212066,63.1817576989697,128.31561339873,132.555870786565,21.4029657961036,35.2863497670412,56.073752099712,39.1832189329095,75.1940305734881,9.21095089917052,12.0169174829235,17.0190235955314,94.1035685660981,113.706196165142,17.4863033911004,70.2157126821956,57.6083028474458,50.0148937096665,86.2894314585938,97.2357263160692,86.6005147435926,14.7032852352392,96.2473373011087,92.8137055522331,85.4067029203984,89.4229203332483,76.4862609941797,125.821639097866,81.8165748871655,55.4848388456649,26.1770593442541,27.2451083299023,46.9579717635101,82.2410278499765,121.064928637025,99.3985235491977,69.6324339709303,135.135532625894,46.6242290664346,60.3107362206152,33.3348981941584,80.8369869724053,109.544803302735,98.3143803753738,46.0876251517485,63.9024592805154,15.5864051723937,39.8179125152314,27.4690294514241,74.9498562593905,59.5608962763551,53.4458230160104,91.2547041662412,97.9784995582724,121.483558767328,114.128746383303,89.3404777097802,48.7434171073898,71.5334665302761,94.6676950903442,93.382591414272,71.0599398750687,8.98492467022675,30.5096557728425,97.8186293149145,24.5607102706667,53.6903292217537,25.1775037390841,26.4682505992241,54.386796556318,132.173928923312,87.9430418206597,64.6004181012354,63.8314922433491,40.8412109532149,88.4257014681126,94.4009918189554,30.7708300452683,11.6708745023211,37.2813146635833,46.6101376568201,109.85157184888,22.4411580650319,18.4642234991141,11.8562541656444,24.5607102706667,12.5380110399383,67.0169769560026,134.123354849275,71.4616159318013,55.7984735289166,54.097099832975,113.632201645345,64.5863455955494,48.7518990092205,46.5182623486211,20.0110276038578,94.027219541428,17.5956925095677,110.586691667215,89.1864901171281,97.6398578197777,97.1256365165042,75.6383721947497,47.1820918428767,77.9411211217062,10.9627116842477,67.7971651201159,17.4313265310164,38.6503394104721,104.814335262028,10.6346541046115,17.5956925095677,73.2649537628317,44.0495251371603,114.004608381969,96.3764270844449,45.3071903442255,81.0044866131987,126.704096728617,94.2022242285822,49.1580737896822,47.6359921569301,45.9805431258029,52.6312935477851,73.9077374348497,47.3412435389488,81.4773220935603,63.3973525397616,66.0800307061147,115.026460378621,9.03612110960336,80.9786922928376,100.186573347037,48.8094453988782,12.0296930593717,21.1657331634426,24.9773944292029,51.0853417042238,62.1306947612028,98.4708985867398,122.18391755858,28.6926808593327,17.0506878119433,70.2682695152324,88.2180193637995,57.0788080545948,84.7447836675581,45.0893884368564
53.7945692999413,40.6853417693745,42.0395189857641,91.6368635311891,10.1857443555317,12.7957190793868,100.777260858759,13.6993711057685,70.8566958436622,66.1932606476467,71.6786774706228,53.117423808558,42.829972556642,12.7957190793868,45.3432873491232,10.8766193194392,43.2033914829373,143.81603182385,105.556027367441,68.6241097248683,89.0785810355127,72.7725217923115,57.2895349937987,40.4065329671896,31.5900869979943,64.3146907468549,44.8957029445917,49.8314705286756,76.490140376258,54.7454676939599,140.90246360459,91.4782382682306,107.801228292382,129.858075747765,86.7002658196659,142.919004549855,48.2171424164798,30.6134552097379,17.8775888743952,25.1658841068296,15.4494651819533,18.7050986793946,74.0950596622531,95.0827788241946,36.9980552290773,36.5524852056496,74.8530908452292,35.0438559710157,85.386942801603,108.340535795225,126.280129459285,105.214014369501,59.9519300767191,127.753897244043,133.9434562238,21.4029657961036,47.3288322209793,65.6951361208209,42.6873218397042,73.5110664072425,9.58604565197116,10.5686604376109,16.9774223438496,88.7593369455349,108.393452459794,16.4932395048585,68.3264585054899,57.2010232693846,53.7425897661865,84.895910526657,91.7136164625861,87.5070427789206,15.7991463742722,93.3708879675951,92.0534549272834,83.7925020923303,89.2948294981527,74.7643638239307,124.420631918708,78.5405209359879,54.2770985412215,29.4093561212457,26.4315017063372,47.0716903154709,81.6595996622592,120.696768733572,104.93843524552,70.1189280740627,130.713812403114,55.6530186582444,77.1606392399932,37.4510321944418,84.7586424427338,109.227077097603,96.3987061439512,49.2780605536165,68.6652194863992,15.7050451276935,40.5578098265675,28.7196437945321,69.0600580585291,62.255251883709,49.8441544055175,89.7159006764817,101.755278120017,117.852899349126,112.857938005843,86.315236400257,50.5790435358864,73.5020551253246,93.9984127645911,98.5872090679008,68.7005801478217,12.8227764214948,32.6782585824935,97.1270704925793,24.90064627979,55.0553730714912,25.1658841068296,24.6845776762845,49.1190646908169,127.849114249569,89.121619453075,66.4371405054154,66.7772674967142,40.887272100023,93.3540501027502,100.167733570294,27.3214397746747,11.5020547687923,37.8489998123153,54.7779190114094,108.077536927222,23.5294788208449,19.2514140005308,11.8786372521843,24.90064627979,11.7028884123745,75.2750428367646,139.00687484909,68.5179206690286,52.6296248746497,56.7206273892134,111.797111891499,61.8008134819789,53.8085566678992,48.4126114019791,20.7823929584352,93.3624652541421,17.4468633099444,113.043654884863,84.12150408234,98.7006018171435,96.4409977504099,45.2792545550267,48.5248771730767,75.2841820170144,11.0640939497026,65.0044183960009,17.6939884257155,47.4840458691558,99.8356000851121,10.6466479792429,17.4468633099444,72.9235489026755,48.9310177533932,115.198000522429,94.5565856005894,47.9358530250577,79.1808728757282,122.917416236373,96.2951650378322,48.8105356994805,43.1585308458669,56.4896001478,52.0723127925114,76.154414821995,48.2209395500438,84.6965950523906,73.869549250035,71.0050890558897,105.014229122961,9.2360070966923,73.225189589359,99.4425251707646,48.8644932042117,16.379384088082,20.7416819960088,24.6992744717546,48.8820917984164,64.5855577883455,98.6529466649325,121.183091235247,32.123582175417,17.8775888743952,67.3737313859431,73.8985049639461,64.4827852142071,84.1456544096382,42.9248127162178
46.6395413214152,44.769831000472,46.2599569889942,85.292561970986,9.97014659764557,14.1598781957445,109.814157992139,11.8772655507735,69.3854406955883,62.4634636150572,53.587862311014,57.1765413743666,40.1925152954095,14.1598781957445,44.4563926304368,9.55252855549797,47.0857570849033,140.906038416322,109.320725509642,62.6747855699646,93.48853264543,69.7939107394522,54.9446493426912,42.9251315623404,38.1209952147295,70.8174741556055,48.0701673645486,42.6631681365342,76.6111877654138,59.443633024201,144.776426081579,68.3902578808208,103.244861147141,131.371308211289,85.9710916040042,146.15646586566,37.2161803511704,32.9528686240594,18.8548872796353,23.7193476496771,13.1293717496025,18.4592898123268,69.2813650004164,96.1907757416777,32.4940101968997,34.3015937908993,75.725351784026,41.3756575706127,82.6075220986036,94.3861922709342,123.195806353878,98.9728865011567,60.3749726266274,129.378860335206,133.562145763336,37.9937400489876,41.9108847698674,71.4587919293604,43.1085028460065,72.3933853638866,8.81138653644061,10.3695381413517,17.2358773234294,84.095650796393,114.990236437091,15.6266344210408,75.2187351647158,42.7641896750283,51.9325879979728,85.0722420757859,86.8947034613913,87.2579275797417,15.2670454279257,95.4859645367996,94.5843661771127,78.0402936476844,89.8172800934422,70.6860253040527,112.349201313703,71.6135047854974,55.3901061413082,36.6861556232076,26.767505306997,41.1689382628936,61.0497226998523,118.634307663981,98.9247778961256,68.385791893978,132.237016741545,48.4735810281193,70.4712460124705,46.7175952329845,72.7684871646744,109.705780998587,118.849882653746,53.2093359025426,66.3526370592055,14.7411554307272,39.76451693936,24.5882968940764,78.1135300956649,62.3747408510701,46.9234753321056,90.0420552769208,106.792806191822,120.522552722377,101.908333058075,88.6804865881983,57.3090296862883,73.2714289255416,70.2743713811856,92.9375184375771,65.4685643175654,11.7602276761414,30.7224530838918,72.6133944416269,23.9345915872444,51.6046507108849,23.7193476496771,23.2381547142539,55.4906172237587,129.338936341889,82.8336641015358,68.5387538395057,63.816552247547,39.353420068432,88.0042536417811,89.858791987867,44.4070346833258,11.5440219249647,39.3313138660407,51.2191908379833,108.302017463377,24.8157441158634,17.9977906195443,12.6190501730343,23.9345915872444,11.2697314376651,72.7259611360863,136.194190586549,74.3727880240205,49.8643039404357,59.8213239697848,112.029318105034,54.2773464990635,65.0585162181445,44.5003339008314,21.8112524914406,69.7989291879205,16.2389633682331,110.282625432534,79.7015038104303,98.9735408182652,96.8606743930672,48.4513631369323,43.3327386087967,77.2960297762285,13.3915255481107,70.5590564159638,16.3562829577581,37.7312456876829,112.44748446308,10.2472478286863,16.2389633682331,65.5858196371129,41.2256170937863,114.870054657344,96.3044437859129,47.6232990416003,74.8616171853149,125.701793173208,93.943208291059,36.4913578025014,45.5268141468679,44.8871393109347,56.8309326080865,74.1954888517177,47.2777592224301,74.7930744984418,63.0636258160045,68.6137019399642,101.59592284618,9.21227197770013,63.4857625976959,107.237202425215,47.0313823527323,14.8054535578077,20.2676328801472,22.3029228925843,42.9313157004858,57.0336084018386,94.3550246748576,124.514890667856,34.0109780788696,18.8548872796353,73.1308275824402,80.2403522182087,64.3646993850339,62.9083278555458,39.2710462520441
55.0436541339699,48.1695354080431,49.772817684579,93.1971908091007,9.62975701327053,13.2073356608193,107.771477563095,14.0174641197405,67.5612306602391,62.3662103025947,61.0698738276914,51.8005882337802,41.6466622576978,13.2073356608193,46.151313149816,10.1536550452424,45.3556986869117,136.143250708657,106.928264368045,58.877159551209,87.7583667106807,75.4302939469725,59.3818430121266,45.9122591849579,42.2892200285677,66.8810169359089,19.8274694588775,49.1459957875472,75.8847395633558,57.7576679117431,142.170396813306,77.939000357672,106.963710323986,137.341832780793,84.9790570641761,144.077365940093,47.148568841488,29.8545161649464,16.9271071210762,24.8772130537597,15.0983260679472,18.3022505304363,67.1015256128884,100.562425820717,34.5388101861276,35.5426098867091,79.1668952954429,18.3538013744823,86.8797067286855,112.593117899719,120.689505078189,105.177255786735,61.081420414652,127.384444378954,132.705805957663,12.1466259230712,41.7597350388335,63.6976387614932,17.2001880171941,74.474615103533,8.35444175844039,10.3954963175822,16.316401206853,86.8773947939173,115.755330008305,16.1435374486121,68.0188385401885,48.7349850352338,48.6348893068972,87.5057410553327,89.7690354569378,86.6984693865537,14.2975941129589,94.1276608819777,92.8818125691121,82.4628545776247,84.1388586818802,73.7896382192092,120.566441627336,77.1518920797555,57.6089912366393,38.8469654716143,26.8620599540007,43.4446700145283,69.5735694933522,115.457513367334,97.5087933448143,70.4922380246879,138.246885777664,48.8975879382483,66.2012124575519,49.4692555843746,77.2534440659857,105.790212542981,97.3935043040203,14.9271994042195,62.1392709857084,14.6114679989216,41.2805575291576,28.3245803900911,69.4795449516484,59.7710374557836,47.0974934319267,92.6723840863291,100.247185217776,118.808099455393,109.36192643398,85.8292632621041,50.031866582705,81.570172777765,80.0861763931057,91.6072340220488,68.6856097198211,12.3713657003621,31.942808099543,82.7517770911178,25.2666221226367,48.1738336153093,24.8772130537597,23.3243345953924,53.227895343921,135.217094272545,90.0394175874948,63.8652052401384,63.4410891373529,38.4419046736101,86.7445827458071,88.6670126834456,15.3924734374779,11.6715380366929,33.9377236973889,49.6076520124235,111.400006214457,22.2785080975865,18.6009732032353,13.4972003841367,25.2666221226367,11.3696814156302,72.824678808568,131.590668806564,84.9536902364733,51.513732024569,53.7050126019495,115.233926619348,57.6929396149663,59.4654645034209,42.1926159144332,20.4743816209277,79.54435230267,17.7439360783422,108.039030516536,82.337896747743,94.2027118283626,93.0895809742986,50.9510701740502,44.620719049961,77.5404240517563,3.98276934679902,80.597384895718,17.8378434095078,43.9150731067094,105.421332752579,10.0098980854071,17.7439360783422,65.6954084590176,16.6362558091978,114.133560048631,96.7789600013471,46.6190754288746,78.1485679078437,123.913664353301,92.0320232454752,41.5863316932848,46.1746570437255,52.2437562943817,51.3369308685359,77.435094880155,49.0802456473296,80.2482181753074,65.5160605079577,64.2567591454687,106.850124025878,8.84270158369093,74.9254443729778,105.402188083307,45.942027755858,14.2006935997204,19.9921601615583,23.9341625895455,45.6329198838399,61.1934391124828,96.6671445006811,122.27357653821,32.5346688285959,16.9271071210762,83.5350379922427,77.9645418821184,62.2851178464458,71.6916756737208,43.1704310393645
64.9936042628893,45.528017411251,47.0433789936899,91.9821329653899,9.51378054964454,13.7955391491428,100.335062340767,16.5513269440704,68.7310013872739,66.6308638036917,66.8123906252159,59.3981559563107,46.9884660428613,13.7955391491428,49.3862430554184,10.1796447133236,44.2709182141348,141.938976974356,106.396190487441,52.5808136600207,90.0824486260209,76.0401650222692,59.8619587130725,44.6313306430622,36.2505412180128,64.0690222964353,29.1509739323307,43.7074080862518,73.5074897218535,64.7302302248517,140.908570128017,85.2677533202049,108.100302030551,135.937941882866,85.5575492625475,145.707981946997,48.1096020457041,34.2332638996806,17.6213777794788,25.1492361143546,14.3314941297426,17.7914082567102,72.5919791416322,99.534489383401,34.6272169922145,40.1014781785449,78.3576612734985,15.7845984943845,91.1597330369766,104.347412826299,123.690113492171,107.0056831618,56.5831200770755,126.640432074067,134.63403103154,12.1466259230712,43.9623917866038,78.5980669400237,16.0630970000362,74.856792659793,8.21487264417134,12.8747395410447,17.0341911905284,93.0652791330761,117.090948466267,17.2933686883017,76.7016843312162,53.3176286965187,49.1573859247891,86.3876275638376,96.1628782967585,87.9582044925767,14.45119669486,95.1929640232802,92.0574444003176,84.6525187798452,85.8697017415112,68.938656286208,117.538054897471,78.4217669096965,54.008667895951,35.8506710078006,26.7603595655232,44.7291793279131,76.1157050249661,121.071148757148,98.5417868813238,69.5424968115229,136.833743542116,53.1339394818135,59.1216295560321,45.6536562232159,83.7361244789489,109.967317907529,107.284316486995,14.1881288901053,62.8068485085732,14.7291386826225,44.1740767154376,25.1901294122368,68.0885670743767,59.748865194034,48.3818813051999,90.8687924919678,102.9020052533,120.15272695783,106.614974609783,89.3554650961542,49.6194416728758,71.0016488120912,87.6168324164753,92.5777073239556,65.8650172292616,10.8191818972333,31.1231480116473,90.5330846358416,24.3456979303793,49.0450080643126,25.1492361143546,23.9604086265887,50.1839384706206,133.834922183752,85.9750865107101,65.3416779982467,72.8657160285143,37.7644452968035,87.6635418491852,101.164438914282,15.3924734374779,11.4000023505281,35.8868351617346,53.6667029141215,109.976581323715,23.1922681615185,18.2446630185921,13.1206353987789,24.3456979303793,16.9742549633514,68.7010252361424,137.192588046432,66.4945990756791,55.1828224295309,55.9077406990765,113.761513421344,57.840612580469,55.3060288503043,41.4877470312523,21.0165993243388,87.024059572659,17.5125996129067,110.725120113111,88.2024531494768,95.551202387072,97.7406676740275,50.3272192137492,45.471012905932,78.3559294682629,3.98276934679902,63.0848498784583,16.8237904563914,49.5459807972225,109.058868133531,9.83349425275584,17.5125996129067,72.8181651268664,11.5621669934562,115.791929030067,95.4482258304054,46.0356374057121,73.0110269175401,125.316074810004,94.3201431870331,45.4967738364914,49.8808498227126,58.9425899359538,53.2492334710245,77.9405740561065,52.520476132288,80.0465745197244,69.410117983269,64.9470853661853,112.113969394315,9.84603116009018,88.4693205314135,103.596431191947,45.1323941605153,13.9492741420577,20.4080047878341,23.3329845220974,45.74972358025,61.0396753400165,98.8443887425128,121.188343147574,31.5320229550987,17.6213777794788,65.3841974916473,87.3764978377624,60.921274104022,78.4329807722151,45.2061934428466
54.2425523981389,45.1427446920197,46.6452827976045,89.9556074643217,10.0866828850175,14.435762934936,105.585341565755,13.8134548653596,68.165036933265,67.1475915844303,68.1699882911175,59.3171806188103,47.3249466105262,14.435762934936,45.5186515338964,10.232802753804,48.547894896215,141.681588583985,106.342368035076,59.5197873875371,84.4361423298572,74.5823127028623,58.7142771512487,44.2947565321978,36.3005172215794,66.4367543315879,24.7616397415681,45.4970864647968,77.6054263283928,57.7688125275205,142.703744472541,87.0003556384416,106.427607091373,135.929736469866,82.128156368817,146.566567523264,54.164462621433,34.1865949407981,18.0582778503666,25.7148143274372,16.4590628008889,18.5622504646355,69.9275628060863,99.5284813360384,34.8080401009213,40.3886415885913,78.3529314904548,15.7845984943845,87.4418210273478,97.5451717915127,124.591013680752,107.86353257336,64.2660405008043,129.379736808974,136.057859090934,12.8431228146853,46.3292342168135,71.5450287737283,16.0630970000362,75.7591831303043,8.21487264417134,9.92116232822572,16.7971858422983,94.7564473176109,117.99860295465,17.6076211700169,72.0144880847832,54.4010188819686,48.9761811214019,87.4961632162364,97.9103355850586,88.8884103153603,14.3979264444889,95.7538894082891,93.2302556939088,88.7338635818655,89.0041806024789,76.2285640254969,123.058353260473,83.0148486731226,57.0101151014811,35.8506710078006,26.9946495024071,44.7291793279131,77.6623418465701,121.712555361947,89.3386950811832,71.5989823030813,136.825484057217,56.2924102124932,66.923780296221,45.6536562232159,82.5232817295981,113.225774853795,89.2148264988226,14.1881288901053,62.5753288209158,15.2779852361912,40.71466628035,26.2215845347383,79.6376347851377,60.420285921027,46.8487474256936,92.8004021788701,96.4521779116648,120.860727967361,111.622259019273,98.4708946399265,48.5537200185214,72.4812942869688,89.3971669632443,83.9316175166437,69.4649631064484,10.8191818972333,31.1388085010426,92.3726761133857,25.6443045499809,51.5175711851678,25.7148143274372,23.2011468277241,48.5611640580186,133.826843712096,91.185724877835,67.3222823469381,69.391711224284,43.46518551099,79.476399635749,91.7349499110531,15.3924734374779,11.5469017886306,38.8865764139448,51.6969200040801,111.387813056363,23.7672915070606,20.2358781120637,13.0216899689722,25.6443045499809,11.4495599245576,76.8552489093394,136.943806632329,68.6067876008684,56.1855963372115,57.2939033578813,115.221313823956,58.142655894509,55.7930649082671,41.4877470312523,19.6992932464189,88.7923492423978,17.1267667499212,111.531589432074,89.8052547953089,98.4482789484342,100.462317569634,50.3272192137492,45.5382440306139,78.2956214004432,3.98935153937445,65.0887283569933,18.0412607738616,40.6959837792341,106.419086177351,11.3179115582949,17.1267667499212,73.8464349056308,11.5621669934562,117.016491619043,95.9518387352227,46.6043069812379,80.7315668707693,126.05450089256,95.0071264259117,46.421247775958,48.7316785772885,48.4141527797568,49.9085986784847,75.1212210002484,48.4074329925699,80.3467481481797,62.3636309907866,64.7076763005292,107.541447521207,9.22328033338127,73.834984364654,102.097996776212,51.9453647292938,16.0208486599067,19.9598413845549,24.4288426794716,45.9886283481995,61.268573340168,102.200319053386,122.732281917773,31.5320229550987,18.0582778503666,67.4611143178303,77.9795855100028,62.9719802752216,80.0267035926328,45.2600167239121
