"ENSBTAG00000021466-ENSBTAG00000010682","ENSBTAG00000008817-ENSBTAG00000017266","ENSBTAG00000005947-ENSBTAG00000013125","ENSBTAG00000020244-ENSBTAG00000006359","ENSBTAG00000013103-ENSBTAG00000010682","ENSBTAG00000020221-ENSBTAG00000012314","ENSBTAG00000013162-ENSBTAG00000002144","ENSBTAG00000020194-ENSBTAG00000014064","ENSBTAG00000001321-ENSBTAG00000005273","ENSBTAG00000025471-ENSBTAG00000012642","ENSBTAG00000005111-ENSBTAG00000006420","ENSBTAG00000021217-ENSBTAG00000010682","ENSBTAG00000008121-ENSBTAG00000015127","ENSBTAG00000007153-ENSBTAG00000012219","ENSBTAG00000014113-ENSBTAG00000001338","ENSBTAG00000000575-ENSBTAG00000015296","ENSBTAG00000025471-ENSBTAG00000004211","ENSBTAG00000020221-ENSBTAG00000002144","ENSBTAG00000017753-ENSBTAG00000015228","ENSBTAG00000017246-ENSBTAG00000012314","ENSBTAG00000013155-ENSBTAG00000010682","ENSBTAG00000007737-ENSBTAG00000018035","ENSBTAG00000000575-ENSBTAG00000015910","ENSBTAG00000008096-ENSBTAG00000013674","ENSBTAG00000016515-ENSBTAG00000006359","ENSBTAG00000016542-ENSBTAG00000015910","ENSBTAG00000005947-ENSBTAG00000019929","ENSBTAG00000023600-ENSBTAG00000005910","ENSBTAG00000000793-ENSBTAG00000017266","ENSBTAG00000008237-ENSBTAG00000005273","ENSBTAG00000014113-ENSBTAG00000014162","ENSBTAG00000007338-ENSBTAG00000017593","ENSBTAG00000004237-ENSBTAG00000011628","ENSBTAG00000005947-ENSBTAG00000015910","ENSBTAG00000007737-ENSBTAG00000006161","ENSBTAG00000019694-ENSBTAG00000013745","ENSBTAG00000007708-ENSBTAG00000000244","ENSBTAG00000032436-ENSBTAG00000012314","ENSBTAG00000024394-ENSBTAG00000019866","ENSBTAG00000017473-ENSBTAG00000017266","ENSBTAG00000010673-ENSBTAG00000006359","ENSBTAG00000017473-ENSBTAG00000015910","ENSBTAG00000001725-ENSBTAG00000001338","ENSBTAG00000045520-ENSBTAG00000039292","ENSBTAG00000015801-ENSBTAG00000015510","ENSBTAG00000000575-ENSBTAG00000026676","ENSBTAG00000017246-ENSBTAG00000002144","ENSBTAG00000004630-ENSBTAG00000013745","ENSBTAG00000003837-ENSBTAG00000002606","ENSBTAG00000005339-ENSBTAG00000015910","ENSBTAG00000007737-ENSBTAG00000011628","ENSBTAG00000011966-ENSBTAG00000017266","ENSBTAG00000010562-ENSBTAG00000011515","ENSBTAG00000021499-ENSBTAG00000008849","ENSBTAG00000001941-ENSBTAG00000011409","ENSBTAG00000005339-ENSBTAG00000000782","ENSBTAG00000011851-ENSBTAG00000007338","ENSBTAG00000017455-ENSBTAG00000013755","ENSBTAG00000017060-ENSBTAG00000017846","ENSBTAG00000008300-ENSBTAG00000017266","ENSBTAG00000007897-ENSBTAG00000002144","ENSBTAG00000010303-ENSBTAG00000011628","ENSBTAG00000001321-ENSBTAG00000002144","ENSBTAG00000007897-ENSBTAG00000017981","ENSBTAG00000014051-ENSBTAG00000013745","ENSBTAG00000011585-ENSBTAG00000015046","ENSBTAG00000047330-ENSBTAG00000017851","ENSBTAG00000037899-ENSBTAG00000022799","ENSBTAG00000010303-ENSBTAG00000007103","ENSBTAG00000017753-ENSBTAG00000015996","ENSBTAG00000000575-ENSBTAG00000020679","ENSBTAG00000002006-ENSBTAG00000008165","ENSBTAG00000021105-ENSBTAG00000014031","ENSBTAG00000023907-ENSBTAG00000000782","ENSBTAG00000013066-ENSBTAG00000012687","ENSBTAG00000020645-ENSBTAG00000017489","ENSBTAG00000021048-ENSBTAG00000017981","ENSBTAG00000020194-ENSBTAG00000009155","ENSBTAG00000026236-ENSBTAG00000019929","ENSBTAG00000005947-ENSBTAG00000018517","ENSBTAG00000016260-ENSBTAG00000011628","ENSBTAG00000005339-ENSBTAG00000007213","ENSBTAG00000011082-ENSBTAG00000012687","ENSBTAG00000008300-ENSBTAG00000017489","ENSBTAG00000020342-ENSBTAG00000007047","ENSBTAG00000016043-ENSBTAG00000018035","ENSBTAG00000001321-ENSBTAG00000013205","ENSBTAG00000008300-ENSBTAG00000019289","ENSBTAG00000013155-ENSBTAG00000008165","ENSBTAG00000001725-ENSBTAG00000014798","ENSBTAG00000005111-ENSBTAG00000011909","ENSBTAG00000005850-ENSBTAG00000022799","ENSBTAG00000025257-ENSBTAG00000001338","ENSBTAG00000011104-ENSBTAG00000023147","ENSBTAG00000008300-ENSBTAG00000013745","ENSBTAG00000009972-ENSBTAG00000018105","ENSBTAG00000016648-ENSBTAG00000017266","ENSBTAG00000026779-ENSBTAG00000007103","ENSBTAG00000032436-ENSBTAG00000007909","ENSBTAG00000025471-ENSBTAG00000006378","ENSBTAG00000017685-ENSBTAG00000007421","ENSBTAG00000010963-ENSBTAG00000003255","ENSBTAG00000012066-ENSBTAG00000013569","ENSBTAG00000020244-ENSBTAG00000015510","ENSBTAG00000038221-ENSBTAG00000006359","ENSBTAG00000022120-ENSBTAG00000013745","ENSBTAG00000017753-ENSBTAG00000020979","ENSBTAG00000013162-ENSBTAG00000012314","ENSBTAG00000017060-ENSBTAG00000007103","ENSBTAG00000003253-ENSBTAG00000011434","ENSBTAG00000020661-ENSBTAG00000017851","ENSBTAG00000015509-ENSBTAG00000012687","ENSBTAG00000000310-ENSBTAG00000022799","ENSBTAG00000010334-ENSBTAG00000046199","ENSBTAG00000011802-ENSBTAG00000019289","ENSBTAG00000017455-ENSBTAG00000017266","ENSBTAG00000025775-ENSBTAG00000020704","ENSBTAG00000000575-ENSBTAG00000012897","ENSBTAG00000032436-ENSBTAG00000006378","ENSBTAG00000005691-ENSBTAG00000014064"
157.859531579664,84.2177705887819,56.3922466900327,138.970486194854,113.298045249492,71.293814017241,120.096676652784,49.9393365282407,27.7978683171428,24.2968760256027,34.6480271643534,55.5998143864578,9.20772491140057,65.4654609364218,27.698304163979,42.5484346345393,26.4035389828342,87.8920763801085,85.9457925004448,98.9757738349561,65.6967610628058,161.435534321994,73.8001459254962,56.4304549410166,90.7415006687281,72.0761604635458,15.2647113999526,74.0209102772244,64.7209038644368,70.3604316135358,32.3969252011644,42.9728313544565,12.8663244389905,84.4118183462433,28.5759113516819,78.1210851668152,53.3609347109492,91.8782746060755,32.5227816410575,89.7675244987795,104.634131554876,92.2528861543302,36.4954284704421,27.2695200633026,43.852404257409,57.6455171688854,122.018808975188,56.7030784864927,7.0688190932826,73.6994958418032,28.5759113516819,82.3638297857181,54.4451934110235,77.5371866231292,58.415589640849,43.3660928143307,57.0199282984004,52.6933093773037,77.8397784234384,91.9560854366467,68.0579138796683,13.9105585233212,34.286502575891,52.766982499246,50.4171879854104,32.2662551303666,51.6245802114251,33.2780443689022,39.5091439378742,105.50515472546,47.9862445938723,51.0732510283441,65.6289414997661,62.193459440631,54.1143428133869,72.0408784429319,57.3127860634509,52.9874131173992,23.2538992093588,49.2125241975218,11.1620725343505,42.5853389417754,48.1546393753001,56.1276528174876,84.4437166884842,54.3513580049604,26.2758877129984,56.8137756170185,41.0123715255298,42.4950167220389,56.3008123504562,40.0452947390099,26.6391477438876,101.848175581783,97.5644229263235,32.5289501970709,117.947111235904,48.3530451343877,93.8359952526162,26.2208234093039,81.3663418957987,37.6335917251838,14.6146839274352,85.4064446247383,56.5747364546669,56.338474506828,97.0980984931812,97.4166327843183,38.7722800469961,44.8425030977458,60.0398787967112,59.2956456185152,100.839820658409,35.2453768385561,63.7046969122875,80.6443837719903,36.0877074937022,70.0459895101988,90.1390141326386,45.5774202189494
157.072325336787,84.7406666031602,58.8366981313794,121.835843455942,120.166473041392,68.3930094307908,120.836687459613,53.5860636963696,24.8503695434996,22.9054056837781,33.6750304952794,54.5229756814533,14.0244423273346,57.7023526857742,27.8366520249961,42.7221845520786,24.8914210720744,84.3159212565463,86.9599093948638,95.6697690674121,70.3062651652968,156.148279540933,74.1015146921519,56.494582260333,86.757695062422,67.8356872197193,15.9263953720145,80.8127368817247,65.868173810712,67.466598057188,32.5587417975372,37.3388336982883,11.0476105401872,88.0708424698491,27.6400075895274,96.912706727338,57.8247228913835,91.5263432647044,34.65760252724,83.0682778907476,105.660180305966,85.3681598783043,36.9554617019394,27.8030338387053,44.3706636187138,57.88091722392,117.943117029857,57.6058905775643,11.7994166735702,69.9751885701563,27.6400075895274,88.6663153184602,50.9834218885093,74.8848557039644,55.6817548227284,41.1746442438004,57.1719757022996,51.6395603610995,76.3685754668798,94.4829062580867,66.7731003743528,14.9199537563966,30.6509927180134,51.7708348378639,56.1608172144229,31.5778076829359,52.1946993192414,36.7698470550576,42.3760555350556,106.750062204262,48.1822002409559,49.8621555277591,66.3841719035589,60.7332739138553,53.2790190907068,71.822843876334,52.6386281207888,56.8567204093537,23.0379563686438,51.3457540787175,11.8396112930927,40.4333447432419,48.3228357129459,57.6699598994424,82.4883466464624,55.0620208915969,23.4897695140468,58.3749363655652,43.8899364426052,43.0306761370531,54.7197554370769,39.6180700653548,29.4351281882578,104.989500403932,100.245352786608,31.4347919814454,121.838552817199,47.4404141047356,93.4765650410701,24.7191695310926,84.0604440213336,32.8737730771845,13.6869215675714,74.8760870192126,54.136342592376,50.5646933604572,98.2438069593331,98.0168938659277,38.0394684409898,36.9483372296364,59.2495937205062,58.8322615161437,95.7978378645402,34.7593213010245,64.385501264371,79.0316754212271,26.4172344152275,70.3320278804912,89.7937448696972,49.3803329412438
156.077413028766,78.6908685467274,54.3838680689712,109.630351003494,117.571549543033,62.6550511254494,121.609265947203,48.1960841941995,25.9045378070939,24.5948206281464,31.1086881444356,53.4214977896829,17.2372551994869,59.0628181855536,24.5218837353689,37.319548095427,26.7273169006084,77.2420807475088,85.7837633297583,96.2972161996118,45.7372125016552,159.00769147362,64.7306562267824,50.7170420695821,82.0052264184116,69.0469204843406,14.7210671610406,69.5305042038657,66.7227287925833,68.6477758475789,28.6816704901211,38.0509736967044,11.4971283248233,81.4055382052272,28.1461557696637,93.0913101961371,52.1780485065869,89.0468521853713,34.3480936610716,78.7953011188616,106.003737062307,80.976878712004,34.8509330943363,23.6507443255946,43.0897000093742,50.5613113372597,118.716643204995,63.4592302352572,14.1960803010175,70.6919988160302,28.1461557696637,83.0946550287561,45.8616375142307,74.6652602115632,52.7817277696805,41.5964281284494,57.7511113542943,51.2842261735855,71.3700147833669,93.8357723079201,68.879716467611,13.0489371805051,31.9512270551499,53.4041463543192,58.0766763085644,32.4329735678657,51.6764235293975,33.2780443689022,37.0619437340727,105.306251297777,42.0890916063505,50.0955893192335,65.7118212703391,61.7439843435918,53.4947213348966,73.3643035375849,55.1058616236092,51.1377603584068,24.1967086049154,47.4598474150193,12.24444537864,40.8475349209197,46.3182083403184,57.2749658160287,90.1857345734608,52.2849170620005,24.4862202709463,57.9751137451878,28.5522683510492,40.5801780302961,50.5496144233762,37.654824754685,22.9528730569166,104.264704898031,99.5587505883499,31.1378854794454,119.004845045419,44.0164023342551,90.9442415495075,26.5423607460719,80.6190298092537,30.3176671833305,13.5610850903806,67.375014354071,55.738056759544,53.1096492726484,96.9150444550907,98.6435722796879,35.5496669721471,29.0611663720968,57.2213591766427,62.5952345251667,97.0405182625148,29.4922832274105,62.8915562426198,78.4878548314061,26.4172344152275,61.4378577466072,87.3611906842817,49.1080739142002
154.43420728953,78.28329233521,56.2720740841974,107.010745181562,122.179210318127,72.6109439023652,118.981252411222,50.2590677654461,34.437686747371,26.3884570365212,35.4193801711645,59.6150972589752,13.4155314601332,60.9541741900229,40.1271061804683,38.8195277851136,28.6764707251434,89.5158537310841,86.5975155479355,96.6242884785559,52.8429536400421,156.637908275821,67.3323669814783,53.0819664513244,85.6458335759325,69.6517986758414,15.2321821028607,73.2384475006621,77.4114136469102,68.3245409619156,46.9340956677927,44.2435323293866,10.8468556435226,84.2319356714187,27.7266774009923,66.2388550803136,61.8434131066679,91.535065868534,32.0868326316534,88.410309531057,97.8595723073482,90.8580944565157,42.2635931322775,31.4749888045498,45.2619410648725,52.593515475849,119.119862784689,74.4550540543898,8.98459930438578,71.5187216121852,27.7266774009923,87.4776842185625,51.8771718302881,73.9561995426091,52.9359599409772,42.0828865105629,59.0881925394471,51.719802022645,82.2589759744988,95.4344694329361,71.8776465420161,14.9767342376928,42.4762007611677,55.728515626786,73.5978922151963,31.4608399652551,52.8046670663819,36.7512866025194,42.5373249912483,106.305195529823,43.7807729312544,55.7332388939592,66.2348788170199,59.9396426890375,58.3753043277801,74.1494133723061,58.0516911395546,53.3266593375159,23.5003653612261,49.1076516730228,12.1478956003183,41.3252352102232,44.4721156710025,58.2507698290762,91.4150313376744,56.691335392867,32.5521647827685,58.9628463058872,32.988153633935,49.2114265309739,57.5542113011795,54.9709623058888,40.8245607193012,101.225307865828,101.254951135552,49.7997364544193,115.489207979404,52.294534638981,93.4854735040888,28.478026198492,83.3209170174123,34.8468837277918,14.7934537659667,65.7650954015262,54.8706897221628,67.5351626917485,97.8343889713358,96.5118544276854,40.9734986077766,29.3059732995362,57.3166751696388,57.6228526897142,89.1282648566497,37.3418407772532,63.0520180529048,79.1544811327045,41.9205427529278,63.9072214849387,89.8023023541867,49.3086599049221
158.47867409997,91.9914523782397,52.7516656742506,114.875795209407,117.880571641576,72.428346656992,116.934836599706,14.2387305095991,30.9789853127941,25.2314889317343,33.7666803640049,52.4144002374912,4.00722941234599,48.5697660571419,28.7651977029122,52.2992468224853,27.4191875902891,89.2907451258234,83.94596445393,95.2394946638952,55.7570229309351,158.40581549189,90.7129035520333,57.2260524588705,88.9875416417802,77.8449692193805,14.2792493586986,69.3638781085819,64.8321150148326,69.0772649644146,33.644801965525,35.320055884942,10.589922357012,78.962344678912,28.0396169288141,36.613938513663,61.2528758037016,90.6805424883394,47.0122555023832,88.5506057876661,101.246449798674,91.0022750458893,41.4941146809916,11.3382926506308,43.8457530111742,70.8561232985533,117.412668333016,22.7378870962562,8.33448352327799,81.6757435543411,28.0396169288141,88.4417257065172,58.4382068653226,75.4813718905124,57.5865824973576,48.0594586869343,58.1965419915975,54.6245541679811,69.5568276633949,97.9739793720441,66.814451455124,17.0137414888396,38.2101622904147,51.8028953526666,22.7378870962562,32.0561418828903,58.4373480404237,42.0691686365912,48.3228879902555,103.050210029119,58.9832380827905,48.9034347414244,68.3544517660258,68.4601965913341,57.2085702311515,73.6684877048925,62.1107399351441,15.1077997472551,22.1351965306785,46.0354530246529,11.7374594349679,47.1942064576549,45.3256872585606,59.8008220253173,89.9763833368158,66.1936795628958,29.2828331386696,60.5318468475324,34.8073132161705,48.3154513081833,54.8686805702911,17.5362962462701,29.0626565895337,100.34489870102,103.949344013937,20.2280163669977,116.482652703212,54.2587616723334,92.6127421408695,27.2294436097738,85.6510845957877,38.1531874942574,14.0595864278393,70.5986825757989,56.643574514321,22.7378870962562,94.8387732257003,94.8519006038936,34.6465117960014,35.9212829965308,59.0065804594553,58.5611782792385,90.083665159787,31.5471576530835,62.2980512275213,83.6000540059828,14.8830582275878,86.0984082207651,88.9639551456189,51.1186992537781
141.873910336456,15.6512776530437,56.3922466900327,133.884283253091,101.824936081927,71.293814017241,120.096676652784,49.9393365282407,27.7978683171428,24.2968760256027,34.6480271643534,49.9695077139334,47.7391453655581,65.4654609364218,27.698304163979,42.5484346345393,26.4035389828342,87.8920763801085,85.9457925004448,98.9757738349561,59.0439886343919,160.308372969008,72.0011468867673,56.4304549410166,87.4204380440054,70.3191863849297,15.2647113999526,74.0209102772244,12.0279227205425,70.3604316135358,32.3969252011644,42.9728313544565,73.7305029266891,82.3541424682639,28.5759113516819,76.2648621992282,53.3609347109492,91.8782746060755,32.5227816410575,16.6826602073927,100.804610321302,90.0040714476608,36.4954284704421,27.2695200633026,43.852404257409,57.6455171688854,122.018808975188,55.3557654480888,7.0688190932826,71.9029503131798,163.754328249575,15.3067358531575,54.4451934110235,77.5371866231292,58.415589640849,43.3660928143307,57.0199282984004,52.6933093773037,78.3676721874856,17.0893887951918,68.0579138796683,79.7144888409238,34.286502575891,52.766982499246,49.2192330146131,32.2662551303666,51.6245802114251,33.2780443689022,39.5091439378742,138.682389858217,47.9862445938723,51.0732510283441,65.6289414997661,62.193459440631,54.1143428133869,72.0408784429319,57.3127860634509,52.9874131173992,23.2538992093588,49.2125241975218,63.9642833168301,42.5853389417754,48.1546393753001,56.1276528174876,18.1430342437205,53.971870610919,26.2758877129984,56.8137756170185,41.0123715255298,42.4950167220389,35.9617629417775,40.0452947390099,26.6391477438876,101.848175581783,95.2462098309921,32.5289501970709,21.9196373095807,48.3530451343877,93.8359952526162,40.2270083673847,81.3663418957987,37.6335917251838,78.4198375915943,85.4064446247383,54.5041486711448,54.9998247669392,97.0980984931812,97.4166327843183,38.7722800469961,44.8425030977458,60.0398787967112,59.2956456185152,100.839820658409,35.2453768385561,63.7046969122875,14.9871889596441,36.0877074937022,70.0459895101988,138.28791030471,45.5774202189494
141.166420412974,15.748454182979,58.8366981313794,117.376754030804,107.997833587382,68.3930094307908,120.836687459613,53.5860636963696,24.8503695434996,22.9054056837781,33.6750304952794,49.0017149151594,72.7123037859822,57.7023526857742,27.8366520249961,42.7221845520786,24.8914210720744,84.3159212565463,86.9599093948638,95.6697690674121,63.1867120112335,155.05803440517,72.2951692977389,56.494582260333,83.5824363731176,66.1820815991696,15.9263953720145,80.8127368817247,12.2411347344276,67.466598057188,32.5587417975372,37.3388336982883,63.3083585859043,85.9239719053485,27.6400075895274,94.6099789593587,57.8247228913835,91.5263432647044,34.65760252724,15.4376525564482,101.793106550853,83.2871716142139,36.9554617019394,27.8030338387053,44.3706636187138,57.88091722392,117.943117029857,56.2371259613273,11.7994166735702,68.2694291113652,158.3911295053,16.4780082614345,50.9834218885093,74.8848557039644,55.6817548227284,41.1746442438004,57.1719757022996,51.6395603610995,76.8864918275717,17.5589805924973,66.7731003743528,85.4988306348332,30.6509927180134,51.7708348378639,54.8263887618577,31.5778076829359,52.1946993192414,36.7698470550576,42.3760555350556,140.318771936059,48.1822002409559,49.8621555277591,66.3841719035589,60.7332739138553,53.2790190907068,71.822843876334,52.6386281207888,56.8567204093537,23.0379563686438,51.3457540787175,67.84692079199,40.4333447432419,48.3228357129459,57.6699598994424,17.7229160037523,54.6775715680512,23.4897695140468,58.3749363655652,43.8899364426052,43.0306761370531,34.9518735362307,39.6180700653548,29.4351281882578,104.989500403932,97.8634385333818,31.4347919814454,22.6428342338596,47.4404141047356,93.4765650410701,37.9232270489731,84.0604440213336,32.8737730771845,73.4416270503776,74.8760870192126,52.1549979738966,49.3632335373601,98.2438069593331,98.0168938659277,38.0394684409898,36.9483372296364,59.2495937205062,58.8322615161437,95.7978378645402,34.7593213010245,64.385501264371,14.6874785066754,26.4172344152275,70.3320278804912,137.758211091511,49.3803329412438
140.272257747164,14.6241419569001,54.3838680689712,105.617972339159,105.665684618916,62.6550511254494,121.609265947203,48.1960841941995,25.9045378070939,24.5948206281464,31.1086881444356,48.0117780130867,89.36972374714,59.0628181855536,24.5218837353689,37.319548095427,26.7273169006084,77.2420807475088,85.7837633297583,96.2972161996118,41.1056406956626,157.897481596907,63.1527408057773,50.7170420695821,79.0039040853772,67.3637890755773,14.7210671610406,69.5305042038657,12.3999477402523,68.6477758475789,28.6816704901211,38.0509736967044,65.8843213243588,79.421145313562,28.1461557696637,90.8793820374352,52.1780485065869,89.0468521853713,34.3480936610716,14.6435500125998,102.124089418791,79.0029350952905,34.8509330943363,23.6507443255946,43.0897000093742,50.5613113372597,118.716643204995,61.9513853248013,14.1960803010175,68.9687659372735,161.291612860421,15.4425545611888,45.8616375142307,74.6652602115632,52.7817277696805,41.5964281284494,57.7511113542943,51.2842261735855,71.8540319081222,17.438715319955,68.879716467611,74.7769656780785,31.9512270551499,53.4041463543192,56.6967254257153,32.4329735678657,51.6764235293975,33.2780443689022,37.0619437340727,138.420939099968,42.0890916063505,50.0955893192335,65.7118212703391,61.7439843435918,53.4947213348966,73.3643035375849,55.1058616236092,51.1377603584068,24.1967086049154,47.4598474150193,70.1668234860969,40.8475349209197,46.3182083403184,57.2749658160287,19.3767273022521,51.9198577948206,24.4862202709463,57.9751137451878,28.5522683510492,40.5801780302961,32.2882241800722,37.654824754685,22.9528730569166,104.264704898031,97.1931505832842,31.1378854794454,22.1162096650348,44.0164023342551,90.9442415495075,40.7202989454374,80.6190298092537,30.3176671833305,72.7664105247652,67.375014354071,53.6980907493435,51.8477191475117,96.9150444550907,98.6435722796879,35.5496669721471,29.0611663720968,57.2213591766427,62.5952345251667,97.0405182625148,29.4922832274105,62.8915562426198,14.5864132922293,26.4172344152275,61.4378577466072,134.026277275271,49.1080739142002
138.795450984976,14.5483967975752,56.2720740841974,103.094241887621,109.806751332626,72.6109439023652,118.981252411222,50.2590677654461,34.437686747371,26.3884570365212,35.4193801711645,53.5781835824765,69.5552932666945,60.9541741900229,40.1271061804683,38.8195277851136,28.6764707251434,89.5158537310841,86.5975155479355,96.6242884785559,47.4918200479866,155.544244496266,65.6910306134268,53.0819664513244,82.5112680821278,67.9539223736716,15.2321821028607,73.2384475006621,14.3863643033053,68.3245409619156,46.9340956677927,44.2435323293866,62.1579321710983,82.1786447273041,27.7266774009923,64.6649639357629,61.8434131066679,91.535065868534,32.0868326316534,16.4304313945639,94.2779942458639,88.6432800745358,42.2635931322775,31.4749888045498,45.2619410648725,52.593515475849,119.119862784689,72.6859390825026,8.98459930438578,69.775336015613,158.887791066896,16.2571095693712,51.8771718302881,73.9561995426091,52.9359599409772,42.0828865105629,59.0881925394471,51.719802022645,82.8168398499279,17.7358218856099,71.8776465420161,85.8242113185117,42.4762007611677,55.728515626786,71.8491441325996,31.4608399652551,52.8046670663819,36.7512866025194,42.5373249912483,139.734012132237,43.7807729312544,55.7332388939592,66.2348788170199,59.9396426890375,58.3753043277801,74.1494133723061,58.0516911395546,53.3266593375159,23.5003653612261,49.1076516730228,69.6135447508312,41.3252352102232,44.4721156710025,58.2507698290762,19.6408461042596,56.29551000924,32.5521647827685,58.9628463058872,32.988153633935,49.2114265309739,36.7623630407034,54.9709623058888,40.8245607193012,101.225307865828,98.8490479728091,49.7997364544193,21.4628533548065,52.294534638981,93.4854735040888,43.6899246179604,83.3209170174123,34.8468837277918,79.3790852751931,65.7650954015262,52.8624686162071,65.9304701834396,97.8343889713358,96.5118544276854,40.9734986077766,29.3059732995362,57.3166751696388,57.6228526897142,89.1282648566497,37.3418407772532,63.0520180529048,14.7103010805131,41.9205427529278,63.9072214849387,137.771339664736,49.3086599049221
142.430355484446,17.0959614914142,52.7516656742506,110.671437697753,105.943413642066,72.428346656992,116.934836599706,14.2387305095991,30.9789853127941,25.2314889317343,33.7666803640049,47.1066640399871,20.7762188021348,48.5697660571419,28.7651977029122,52.2992468224853,27.4191875902891,89.2907451258234,83.94596445393,95.2394946638952,50.1107965592765,157.299807982078,88.5016284353803,57.2260524588705,85.7306724426319,75.9473710095217,14.2792493586986,69.3638781085819,12.0485905271205,69.0772649644146,33.644801965525,35.320055884942,60.6855753591073,77.0375086180653,28.0396169288141,35.743960409061,61.2528758037016,90.6805424883394,47.0122555023832,16.4565044626412,97.540914868854,88.7839460266626,41.4941146809916,11.3382926506308,43.8457530111742,70.8561232985533,117.412668333016,22.1976156935696,8.33448352327799,79.6847639661698,160.681091778482,16.4362698688133,58.4382068653226,75.4813718905124,57.5865824973576,48.0594586869343,58.1965419915975,54.6245541679811,70.0285481167943,18.2077718657835,66.814451455124,97.4972862362578,38.2101622904147,51.8028953526666,22.1976156935696,32.0561418828903,58.4373480404237,42.0691686365912,48.3228879902555,135.455461293975,58.9832380827905,48.9034347414244,68.3544517660258,68.4601965913341,57.2085702311515,73.6684877048925,62.1107399351441,15.1077997472551,22.1351965306785,46.0354530246529,67.2615393250328,47.1942064576549,45.3256872585606,59.8008220253173,19.3317474410573,65.7315077261399,29.2828331386696,60.5318468475324,34.8073132161705,48.3154513081833,35.046998457402,17.5362962462701,29.0626565895337,100.34489870102,101.479419800618,20.2280163669977,21.6474780378937,54.2587616723334,92.6127421408695,41.7743958239288,85.6510845957877,38.1531874942574,75.4412815049937,70.5986825757989,54.5704673156979,22.1976156935696,94.8387732257003,94.8519006038936,34.6465117960014,35.9212829965308,59.0065804594553,58.5611782792385,90.083665159787,31.5471576530835,62.2980512275213,15.5364793903886,14.8830582275878,86.0984082207651,136.485178675533,51.1186992537781
161.193883485665,88.2055099685308,56.3922466900327,125.380801584205,115.691157336824,71.293814017241,120.096676652784,49.9393365282407,27.7978683171428,24.2968760256027,34.6480271643534,56.7742087687144,50.8593445079003,65.4654609364218,27.698304163979,42.5484346345393,26.4035389828342,87.8920763801085,85.9457925004448,98.9757738349561,67.0844258954317,160.362390966041,74.3262750887778,56.4304549410166,81.8680455276417,72.5899991493869,86.1649442876236,74.0209102772244,67.785460135979,70.3604316135358,32.3969252011644,42.9728313544565,12.8663244389905,85.0135992614521,28.5759113516819,78.4145185998797,53.3609347109492,91.8782746060755,32.5227816410575,94.0180465675035,94.4021399552624,92.9105668837382,36.4954284704421,27.2695200633026,43.852404257409,57.6455171688854,122.018808975188,56.9160629701323,7.0688190932826,74.2249074598327,28.5759113516819,86.2637844533283,54.4451934110235,77.5371866231292,58.415589640849,43.3660928143307,57.0199282984004,52.6933093773037,75.955015856186,96.310236591915,68.0579138796683,13.9105585233212,34.286502575891,52.766982499246,50.6065618084241,32.2662551303666,51.6245802114251,42.6965466139201,39.5091439378742,133.491024351272,47.9862445938723,51.0732510283441,65.6289414997661,62.193459440631,54.1143428133869,72.0408784429319,57.3127860634509,81.9086408392965,131.26163196578,49.2125241975218,11.1620725343505,42.5853389417754,48.1546393753001,56.1276528174876,18.1430342437205,53.9900571366292,44.7595129798718,56.8137756170185,41.0123715255298,42.4950167220389,35.9617629417775,51.3790947129719,26.6391477438876,101.848175581783,97.9308881834701,50.9151118541567,123.531946086255,48.3530451343877,93.8359952526162,42.4476290439394,81.3663418957987,37.6335917251838,80.9375545488464,85.4064446247383,51.0423903688116,56.5500894882744,97.0980984931812,97.4166327843183,38.7722800469961,44.8425030977458,60.0398787967112,59.2956456185152,129.379961621318,35.2453768385561,63.7046969122875,84.4629221003604,36.0877074937022,70.0459895101988,145.921711708375,45.5774202189494
160.390049658694,88.75316528268,58.8366981313794,109.921726061856,122.704661926242,68.3930094307908,120.836687459613,53.5860636963696,24.8503695434996,22.9054056837781,33.6750304952794,55.674624784077,77.4647321374631,57.7023526857742,27.8366520249961,42.7221845520786,24.8914210720744,84.3159212565463,86.9599093948638,95.6697690674121,71.7912931956723,155.110283232148,74.6297923457252,56.494582260333,78.2738094135508,68.3192951165597,89.8999616813296,80.8127368817247,68.9870536948597,67.466598057188,32.5587417975372,37.3388336982883,11.0476105401872,88.6987089608578,27.6400075895274,97.2767240497018,57.8247228913835,91.5263432647044,34.65760252724,87.0015884098577,95.3278531653016,85.9767586549654,36.9554617019394,27.8030338387053,44.3706636187138,57.88091722392,117.943117029857,57.8222661463473,11.7994166735702,70.4740492018149,27.6400075895274,92.8646947671291,50.9834218885093,74.8848557039644,55.6817548227284,41.1746442438004,57.1719757022996,51.6395603610995,74.5194356662579,98.9567032176167,66.7731003743528,14.9199537563966,30.6509927180134,51.7708348378639,56.3717648908888,31.5778076829359,52.1946993192414,47.176615048932,42.3760555350556,135.066150941061,48.1822002409559,49.8621555277591,66.3841719035589,60.7332739138553,53.2790190907068,71.822843876334,52.6386281207888,87.88986699524,130.042696189531,51.3457540787175,11.8396112930927,40.4333447432419,48.3228357129459,57.6699598994424,17.7229160037523,54.6959958889026,40.0135156209419,58.3749363655652,43.8899364426052,43.0306761370531,34.9518735362307,50.8309549848339,29.4351281882578,104.989500403932,100.621887981353,49.2025085393491,127.607648717553,47.4404141047356,93.4765650410701,40.0166738531085,84.0604440213336,32.8737730771845,75.79951550656,74.8760870192126,48.8424428446778,50.7546212337442,98.2438069593331,98.0168938659277,38.0394684409898,36.9483372296364,59.2495937205062,58.8322615161437,122.910974111158,34.7593213010245,64.385501264371,82.7738514741128,26.4172344152275,70.3320278804912,145.36277191595,49.3803329412438
159.374122542652,82.4169072810302,54.3838680689712,98.909787704872,120.054927748882,62.6550511254494,121.609265947203,48.1960841941995,25.9045378070939,24.5948206281464,31.1086881444356,54.5498811770781,95.2108701114476,59.0628181855536,24.5218837353689,37.319548095427,26.7273169006084,77.2420807475088,85.7837633297583,96.2972161996118,46.7032863278855,157.95068721265,65.1921280243267,50.7170420695821,73.9860764969778,69.5391633931592,83.0962275375459,69.5305042038657,69.8820721386529,68.6477758475789,28.6816704901211,38.0509736967044,11.4971283248233,81.9858870265648,28.1461557696637,93.440973832798,52.1780485065869,89.0468521853713,34.3480936610716,82.5262847701043,95.6378140978653,81.5541715737947,34.8509330943363,23.6507443255946,43.0897000093742,50.5613113372597,118.716643204995,63.697591744801,14.1960803010175,71.1959696648864,28.1461557696637,87.0292145141024,45.8616375142307,74.6652602115632,52.7817277696805,41.5964281284494,57.7511113542943,51.2842261735855,69.6419069314124,98.278927260199,68.879716467611,13.0489371805051,31.9512270551499,53.4041463543192,58.2948202126564,32.4329735678657,51.6764235293975,42.6965466139201,37.0619437340727,133.239360606713,42.0890916063505,50.0955893192335,65.7118212703391,61.7439843435918,53.4947213348966,73.3643035375849,55.1058616236092,79.0494232515638,136.583522233697,47.4598474150193,12.24444537864,40.8475349209197,46.3182083403184,57.2749658160287,19.3767273022521,51.9373528680497,41.7109140523252,57.9751137451878,28.5522683510492,40.5801780302961,32.2882241800722,48.3120631295209,22.9528730569166,104.264704898031,99.9327068117481,48.7377831895308,124.639763942593,44.0164023342551,90.9442415495075,42.9681503632684,80.6190298092537,30.3176671833305,75.102620740485,67.375014354071,50.2875281407508,53.3091363468698,96.9150444550907,98.6435722796879,35.5496669721471,29.0611663720968,57.2213591766427,62.5952345251667,124.50536352149,29.4922832274105,62.8915562426198,82.204280798931,26.4172344152275,61.4378577466072,141.424827020781,49.1080739142002
157.696208565441,81.9900322006689,56.2720740841974,96.5463486266785,124.759912786463,72.6109439023652,118.981252411222,50.2590677654461,34.437686747371,26.3884570365212,35.4193801711645,60.8743035367514,74.1013814870478,60.9541741900229,40.1271061804683,38.8195277851136,28.6764707251434,89.5158537310841,86.5975155479355,96.6242884785559,53.9591168607565,155.596657158076,67.8123866543052,53.0819664513244,77.2706749477824,70.1483538262252,85.9813256787815,73.2384475006621,81.0768697671999,68.3245409619156,46.9340956677927,44.2435323293866,10.8468556435226,84.832434183727,27.7266774009923,66.4876572392567,61.8434131066679,91.535065868534,32.0868326316534,92.5965670207529,88.2900531943101,91.505831566169,42.2635931322775,31.4749888045498,45.2619410648725,52.593515475849,119.119862784689,74.7347173754193,8.98459930438578,72.0285862566099,27.7266774009923,91.6197815902787,51.8771718302881,73.9561995426091,52.9359599409772,42.0828865105629,59.0881925394471,51.719802022645,80.2672097866011,99.9533232245116,71.8776465420161,14.9767342376928,42.4762007611677,55.728515626786,73.8743359196443,31.4608399652551,52.8046670663819,47.1528015333844,42.5373249912483,134.503280736044,43.7807729312544,55.7332388939592,66.2348788170199,59.9396426890375,58.3753043277801,74.1494133723061,58.0516911395546,82.4330521129335,132.652863132095,49.1076516730228,12.1478956003183,41.3252352102232,44.4721156710025,58.2507698290762,19.6408461042596,56.3144795155506,55.450801816164,58.9628463058872,32.988153633935,49.2114265309739,36.7623630407034,70.5290920490125,40.8245607193012,101.225307865828,101.635278519164,77.9477707249403,120.957660295058,52.294534638981,93.4854735040888,46.1017060031857,83.3209170174123,34.8468837277918,81.9275994673462,65.7650954015262,49.5049794328036,67.7888339585888,97.8343889713358,96.5118544276854,40.9734986077766,29.3059732995362,57.3166751696388,57.6228526897142,114.353748462031,37.3418407772532,63.0520180529048,82.9024720767739,41.9205427529278,63.9072214849387,145.376625215729,49.3086599049221
161.826103702466,96.3472781699267,52.7516656742506,103.642288951794,120.37047709613,72.428346656992,116.934836599706,14.2387305095991,30.9789853127941,25.2314889317343,33.7666803640049,53.5215114368273,22.1341387982121,48.5697660571419,28.7651977029122,52.2992468224853,27.4191875902891,89.2907451258234,83.94596445393,95.2394946638952,56.9347379147713,157.352812203901,91.3596055801412,57.2260524588705,80.2856031345408,78.3999343621653,80.6022919938839,69.3638781085819,67.9019371712444,69.0772649644146,33.644801965525,35.320055884942,10.589922357012,79.525275711306,28.0396169288141,36.751465452173,61.2528758037016,90.6805424883394,47.0122555023832,92.743506351661,91.345733766187,91.6510400344431,41.4941146809916,11.3382926506308,43.8457530111742,70.8561232985533,117.412668333016,22.8232936962418,8.33448352327799,82.2580186986211,28.0396169288141,92.6294707625446,58.4382068653226,75.4813718905124,57.5865824973576,48.0594586869343,58.1965419915975,54.6245541679811,67.87262316369,102.613079801813,66.814451455124,17.0137414888396,38.2101622904147,51.8028953526666,22.8232936962418,32.0561418828903,58.4373480404237,53.9757745313788,48.3228879902555,130.384890977096,58.9832380827905,48.9034347414244,68.3544517660258,68.4601965913341,57.2085702311515,73.6684877048925,62.1107399351441,23.3538357614894,124.946874257147,46.0354530246529,11.7374594349679,47.1942064576549,45.3256872585606,59.8008220253173,19.3317474410573,65.7536568149467,49.8816772348027,60.5318468475324,34.8073132161705,48.3154513081833,35.046998457402,22.4994979216407,29.0626565895337,100.34489870102,104.339791904077,31.661388076586,121.998144956151,54.2587616723334,92.6127421408695,44.0804357429303,85.6510845957877,38.1531874942574,77.8633700932301,70.5986825757989,51.1044968731152,22.8232936962418,94.8387732257003,94.8519006038936,34.6465117960014,35.9212829965308,59.0065804594553,58.5611782792385,115.579550469074,31.5471576530835,62.2980512275213,87.5585443005857,14.8830582275878,86.0984082207651,144.019465268316,51.1186992537781
164.548517630737,85.5364845011753,56.3922466900327,132.889162536865,118.098826277435,71.293814017241,120.096676652784,78.5595919920287,27.7978683171428,24.2968760256027,34.6480271643534,57.9557467723688,50.9752365690265,65.4654609364218,27.698304163979,42.5484346345393,26.4035389828342,87.8920763801085,85.9457925004448,98.9757738349561,68.4805316337201,159.428199194633,74.3512506026587,56.4304549410166,86.7706688044396,72.6143912305077,15.2647113999526,74.0209102772244,65.7343284154789,70.3604316135358,32.3969252011644,42.9728313544565,12.8663244389905,85.0421659873627,160.524535721915,77.807878766116,53.3609347109492,91.8782746060755,32.5227816410575,91.1731385706085,100.05536064401,92.941787191094,36.4954284704421,27.2695200633026,43.852404257409,57.6455171688854,122.018808975188,56.475742075543,7.0688190932826,74.2498489116189,28.5759113516819,83.6535139872481,54.4451934110235,77.5371866231292,58.415589640849,43.3660928143307,57.0199282984004,85.1562963969771,77.1142683180685,93.395968828795,68.0579138796683,13.9105585233212,34.286502575891,52.766982499246,50.2150532358922,32.2662551303666,51.6245802114251,33.2780443689022,39.5091439378742,105.50515472546,47.9862445938723,51.0732510283441,65.6289414997661,62.193459440631,54.1143428133869,72.0408784429319,57.3127860634509,52.9874131173992,23.2538992093588,49.2125241975218,11.1620725343505,42.5853389417754,48.1546393753001,56.1276528174876,18.1430342437205,53.6755378356192,26.2758877129984,56.8137756170185,41.0123715255298,42.4950167220389,35.9617629417775,40.0452947390099,26.6391477438876,141.196478582182,97.1732634630903,32.5289501970709,119.793972004433,48.3530451343877,93.8359952526162,26.2208234093039,81.3663418957987,37.6335917251838,81.2999422443803,85.4064446247383,54.0990360907503,56.1125998817701,97.0980984931812,97.4166327843183,38.7722800469961,44.8425030977458,60.0398787967112,59.2956456185152,100.839820658409,35.2453768385561,63.7046969122875,81.9071442332686,36.0877074937022,70.0459895101988,90.1390141326386,71.6978595505591
163.727955077188,86.0675682204058,58.8366981313794,116.504328704236,125.258290139398,68.3930094307908,120.836687459613,84.2962600847746,24.8503695434996,22.9054056837781,33.6750304952794,56.8332791528163,77.6412493057212,57.7023526857742,27.8366520249961,42.7221845520786,24.8914210720744,84.3159212565463,86.9599093948638,95.6697690674121,73.285354373834,154.206687636052,74.6548698491038,56.494582260333,82.9611938200218,68.3422521327896,15.9263953720145,80.8127368817247,66.8995627513224,67.466598057188,32.5587417975372,37.3388336982883,11.0476105401872,88.7285139771084,155.267117505176,96.5241601526038,57.8247228913835,91.5263432647044,34.65760252724,84.3689926088796,101.036509684988,86.0056490268649,36.9554617019394,27.8030338387053,44.3706636187138,57.88091722392,117.943117029857,57.3749345737102,11.7994166735702,70.4977302700776,27.6400075895274,90.054686237729,50.9834218885093,74.8848557039644,55.6817548227284,41.1746442438004,57.1719757022996,83.4533598266171,75.6567777927842,95.962355572582,66.7731003743528,14.9199537563966,30.6509927180134,51.7708348378639,55.9356548605911,31.5778076829359,52.1946993192414,36.7698470550576,42.3760555350556,106.750062204262,48.1822002409559,49.8621555277591,66.3841719035589,60.7332739138553,53.2790190907068,71.822843876334,52.6386281207888,56.8567204093537,23.0379563686438,51.3457540787175,11.8396112930927,40.4333447432419,48.3228357129459,57.6699598994424,17.7229160037523,54.3773641387734,23.4897695140468,58.3749363655652,43.8899364426052,43.0306761370531,34.9518735362307,39.6180700653548,29.4351281882578,145.551431436631,99.8434448245508,31.4347919814454,123.746347259424,47.4404141047356,93.4765650410701,24.7191695310926,84.0604440213336,32.8737730771845,76.1388982801084,74.8760870192126,51.7673459084152,50.3619672260714,98.2438069593331,98.0168938659277,38.0394684409898,36.9483372296364,59.2495937205062,58.8322615161437,95.7978378645402,34.7593213010245,64.385501264371,80.2691834812139,26.4172344152275,70.3320278804912,89.7937448696972,77.6802232064277
162.690885323976,79.9230401229329,54.3838680689712,104.832946421802,122.553411879927,62.6550511254494,121.609265947203,75.817280987877,25.9045378070939,24.5948206281464,31.1086881444356,55.6851283095941,95.4278250109965,59.0628181855536,24.5218837353689,37.319548095427,26.7273169006084,77.2420807475088,85.7837633297583,96.2972161996118,47.6752366005303,157.030544831425,65.214034233086,50.7170420695821,78.4166923551586,69.5625303160746,14.7210671610406,69.5305042038657,67.7674986804168,68.6477758475789,28.6816704901211,38.0509736967044,11.4971283248233,82.0134363643599,158.110393459631,92.7180845280522,52.1780485065869,89.0468521853713,34.3480936610716,80.0291079400376,101.365032459026,81.5815758442462,34.8509330943363,23.6507443255946,43.0897000093742,50.5613113372597,118.716643204995,63.2048067713398,14.1960803010175,71.2198933167378,28.1461557696637,84.3957827701564,45.8616375142307,74.6652602115632,52.7817277696805,41.5964281284494,57.7511113542943,82.8791134232406,70.7048064799202,95.305088552669,68.879716467611,13.0489371805051,31.9512270551499,53.4041463543192,57.8438328103931,32.4329735678657,51.6764235293975,33.2780443689022,37.0619437340727,105.306251297777,42.0890916063505,50.0955893192335,65.7118212703391,61.7439843435918,53.4947213348966,73.3643035375849,55.1058616236092,51.1377603584068,24.1967086049154,47.4598474150193,12.24444537864,40.8475349209197,46.3182083403184,57.2749658160287,19.3767273022521,51.634791604241,24.4862202709463,57.9751137451878,28.5522683510492,40.5801780302961,32.2882241800722,37.654824754685,22.9528730569166,144.54661645059,99.1595953812339,31.1378854794454,120.868268212602,44.0164023342551,90.9442415495075,26.5423607460719,80.6190298092537,30.3176671833305,75.4388832555857,67.375014354071,53.2989693496684,52.8967197920151,96.9150444550907,98.6435722796879,35.5496669721471,29.0611663720968,57.2213591766427,62.5952345251667,97.0405182625148,29.4922832274105,62.8915562426198,79.7168475415726,26.4172344152275,61.4378577466072,87.3611906842817,77.2519324126845
160.978051985071,79.509081927937,56.2720740841974,102.327974082818,127.356313185283,72.6109439023652,118.981252411222,79.062561340205,34.437686747371,26.3884570365212,35.4193801711645,62.1411693308248,74.2702346627213,60.9541741900229,40.1271061804683,38.8195277851136,28.6764707251434,89.5158537310841,86.5975155479355,96.6242884785559,55.0820694936031,154.690228188664,67.8351733364329,53.0819664513244,81.8979871936204,70.1719254525797,15.2321821028607,73.2384475006621,78.6235510312239,68.3245409619156,46.9340956677927,44.2435323293866,10.8468556435226,84.8609400335758,155.753983210885,65.9732874254117,61.8434131066679,91.535065868534,32.0868326316534,89.7946718142488,93.5772548993271,91.5365798468239,42.2635931322775,31.4749888045498,45.2619410648725,52.593515475849,119.119862784689,74.1565456626483,8.98459930438578,72.0527896887572,27.7266774009923,88.847443099574,51.8771718302881,73.9561995426091,52.9359599409772,42.0828865105629,59.0881925394471,83.5830363034735,81.4922764856818,96.9288186858699,71.8776465420161,14.9767342376928,42.4762007611677,55.728515626786,73.3028203934141,31.4608399652551,52.8046670663819,36.7512866025194,42.5373249912483,106.305195529823,43.7807729312544,55.7332388939592,66.2348788170199,59.9396426890375,58.3753043277801,74.1494133723061,58.0516911395546,53.3266593375159,23.5003653612261,49.1076516730228,12.1478956003183,41.3252352102232,44.4721156710025,58.2507698290762,19.6408461042596,55.9864192823645,32.5521647827685,58.9628463058872,32.988153633935,49.2114265309739,36.7623630407034,54.9709623058888,40.8245607193012,140.33297044752,100.848995448551,49.7997364544193,117.297581963054,52.294534638981,93.4854735040888,28.478026198492,83.3209170174123,34.8468837277918,82.2944199641735,65.7650954015262,52.4695581389451,67.2643978248479,97.8343889713358,96.5118544276854,40.9734986077766,29.3059732995362,57.3166751696388,57.6228526897142,89.1282648566497,37.3418407772532,63.0520180529048,80.3939121312719,41.9205427529278,63.9072214849387,89.8023023541867,77.567474321847
165.193895093213,93.4318895594231,52.7516656742506,109.848850926016,122.875528179915,72.428346656992,116.934836599706,22.3989531516101,30.9789853127941,25.2314889317343,33.7666803640049,54.6353569865425,22.1845753697291,48.5697660571419,28.7651977029122,52.2992468224853,27.4191875902891,89.2907451258234,83.94596445393,95.2394946638952,58.1196167186037,156.43615274601,91.3903047251555,57.2260524588705,85.093462711282,78.4262787288994,14.2792493586986,69.3638781085819,65.8472809524041,69.0772649644146,33.644801965525,35.320055884942,10.589922357012,79.5519982212803,157.511913930728,36.4671443431417,61.2528758037016,90.6805424883394,47.0122555023832,89.9371648830528,96.8159232364742,91.6818371088269,41.4941146809916,11.3382926506308,43.8457530111742,70.8561232985533,117.412668333016,22.6467253854105,8.33448352327799,82.2856594795612,28.0396169288141,89.8265799161441,58.4382068653226,75.4813718905124,57.5865824973576,48.0594586869343,58.1965419915975,88.2773312257534,68.9085192741708,99.50809323836,66.814451455124,17.0137414888396,38.2101622904147,51.8028953526666,22.6467253854105,32.0561418828903,58.4373480404237,42.0691686365912,48.3228879902555,103.050210029119,58.9832380827905,48.9034347414244,68.3544517660258,68.4601965913341,57.2085702311515,73.6684877048925,62.1107399351441,15.1077997472551,22.1351965306785,46.0354530246529,11.7374594349679,47.1942064576549,45.3256872585606,59.8008220253173,19.3317474410573,65.3706086153874,29.2828331386696,60.5318468475324,34.8073132161705,48.3154513081833,35.046998457402,17.5362962462701,29.0626565895337,139.112421595543,103.532585851603,20.2280163669977,118.306582422537,54.2587616723334,92.6127421408695,27.2294436097738,85.6510845957877,38.1531874942574,78.2119935154705,70.5986825757989,54.1648618092073,22.6467253854105,94.8387732257003,94.8519006038936,34.6465117960014,35.9212829965308,59.0065804594553,58.5611782792385,90.083665159787,31.5471576530835,62.2980512275213,84.9090954769667,14.8830582275878,86.0984082207651,88.9639551456189,80.4148480080239
95.0251293357138,15.9472063404846,61.0257668792474,77.8979470901179,68.1585022742791,72.5596694693216,119.007813679156,48.2252959333197,31.2747257458003,27.1792708507989,38.4957106106096,35.6581791394251,10.5142434224058,64.6557440885888,32.7359018817408,52.6251495982151,29.5358521267458,89.4526418459081,86.826318751016,94.3744713947221,38.57105457665,27.6688346018967,93.92821988056,62.9512642719868,53.7146125112287,78.6731730054094,16.5189502821696,82.7548741061413,12.1238236153498,66.789536844707,38.2890793016356,45.2355039738369,64.4458255601983,93.999646117282,143.285897391277,98.7787382093974,51.0428896947896,90.684963042111,41.7736542154641,14.0941716075489,60.3102701301389,80.201654511659,42.7679169656012,25.8430747990255,45.0850911010946,71.2976632568406,116.346254755726,54.6538400613326,8.33951331092916,84.6743342505837,154.036307821303,15.7234165651112,52.8732081818147,74.3689665102238,55.0964606432161,48.4181792643301,59.0477920361655,51.8082991855976,87.2533883517512,17.8040119497454,67.6423952668446,79.0868042930133,38.574935049332,52.4448206502986,57.4444707256103,32.8622102431545,57.5897401236657,33.2780443689022,40.3482632905396,106.586069283388,59.350792152507,51.7990954055595,67.7902434108883,65.8692078929305,55.7870739132687,73.9360237756358,56.3274948236708,51.1687550530953,21.2010832815799,53.2561159643974,69.3640020166003,47.5464687063937,48.8270847302819,58.4747303399681,16.8476379197563,10.2424717202656,29.5623812795993,59.1895445833702,40.2702004404258,49.7986576069914,39.9553375055732,35.9607762153998,31.3263801207084,100.112217568312,102.344065119571,33.9238057428366,21.4766059682307,55.7196199012179,148.045360698026,44.688150701432,80.4655380976805,40.690358213765,14.0571265784722,78.3589001672782,33.6605887288584,53.2742824850495,98.0928816246923,96.5333996473929,42.7893503851097,41.4537139886408,57.9976487521933,57.1875682870804,83.3699727896345,36.9926444244058,63.9132050668743,14.7354717088004,33.0786044348182,86.6349304831279,135.54825987787,50.111121400748
96.6276699176855,16.3270195896013,59.6538374458814,65.0697038177987,73.0418725368021,69.1111137978546,123.292550488028,44.4641658261763,29.8400568153294,24.429044432169,38.6511827975479,34.773995960055,14.0573450906498,65.4132138981946,29.5110342197897,57.6029199969657,26.5471670637198,85.201211021849,87.273427038316,94.0145446375499,35.5540930232697,27.2954034207147,102.812814339644,55.9245993757132,51.3725220053795,76.3324256491605,16.1475852791659,77.3687407403903,11.3574064101423,64.3987003613273,34.5171589772226,46.936563418915,59.6769580677417,91.8864259509634,141.352045724612,107.867285302775,51.5582693482243,90.3845020166344,38.3953387092374,14.9347768660492,60.4251079907147,84.9850454338198,44.2700697263295,25.3045706171857,45.8327043435951,78.0416516420446,115.902531685658,60.4545644956016,11.1363897004855,84.8956400107398,151.957363724009,16.3433890179054,53.3206781279348,73.8832558760545,53.842907976766,48.5447255438173,58.1692786993788,54.8250978408924,87.4207936300801,18.9681014687676,66.4016639919258,79.7182139154948,36.8053828153642,51.4828510315168,65.0622117930779,30.7063873835358,61.1873943233702,39.7972433592926,40.6703939154879,107.134929531903,64.9647356486252,57.444911944447,67.9112662496397,63.6962245940508,56.8916914843441,74.7169483735124,59.9873334891673,47.1780621718875,21.3276169501543,52.0588572205149,66.927365315021,47.6707366736937,52.3107931119791,62.2980158392443,17.977137154515,10.8778395787066,28.2062629149715,63.0595671760128,37.1203346198208,51.5477535721999,40.1167046709878,38.2182085180319,27.3998331837709,101.368999613945,109.035683496153,32.2043687535786,21.392600457253,48.7164522578263,147.554850922202,40.166229074709,78.0182075205778,38.9232397437285,14.173923186566,65.4547470869112,33.9291123165534,52.1076164596704,98.5980065790889,100.008971527655,42.8714464875769,37.090142216023,56.4086599159011,56.1829374092736,95.6823075762623,33.9568143630273,66.8320901823701,15.5935186228092,33.2157062376344,94.8296585884016,135.099155993409,50.9060836707692
89.8820977010574,15.1775595145711,63.6577361890092,76.0535523527427,67.9427914559757,70.4723512116305,119.888964138705,19.5907133397315,31.0113595057203,24.7174603358418,33.9330770460307,33.1380995096708,4.00722941234599,59.4304852871893,28.4341573997605,46.8760025089017,26.8605900958771,86.879364791461,85.9687702288544,95.4656073928253,37.5336917307697,27.5054381965683,83.6668304868275,58.6241413005226,54.0021973021578,78.2576413746741,17.2313931140341,71.9086276953865,12.4186928974881,69.1979215999917,33.2576054109532,37.0761960292821,65.1495352570473,98.05373992652,142.439732350181,23.9002514692185,51.5956628797673,89.8592776623921,34.6996611493043,15.161660567832,63.6745850057633,86.2761073544057,37.3937740923506,11.3382926506308,43.9640802073438,63.5085974524212,117.691423474897,22.8944356213409,9.03105533455902,76.4865377725568,153.126656968631,15.5656304372267,54.7456681839759,74.827371399536,56.1881924496389,43.7362623509978,54.3745245743023,53.132938199941,76.0905732296145,17.4131130542785,69.595436253942,76.6335674306144,38.2500933324821,53.9590615917516,22.8944356213409,31.0333892750963,59.847682987236,34.7780608645846,39.0966784310554,105.533361676849,52.8668878490102,53.4061704831018,65.8212961441415,62.9418822143075,52.2527512759777,70.9469426889809,53.8739065156166,20.7864439770815,21.8803534734979,55.552989399069,65.8562980622158,42.9488440251681,47.8448119716775,57.1908788368833,17.1890478769833,10.0148397661909,29.3134347894301,57.8899988592863,39.1871393161822,43.5410439595622,35.2197043377376,17.5362962462701,30.9425470692529,103.277152873818,100.097033263731,17.8094468043952,21.6503359925146,51.4825544646561,146.697409662232,40.6404424352797,82.0489913997801,37.0549850960363,13.1344458452426,76.503591414047,33.5831664505948,22.9952857160227,97.1240578062709,97.2481464092356,37.3150689094182,36.0215827150419,56.5990208274668,57.6472673894906,81.0906810554387,34.6247247976455,61.180840157058,15.1122295068186,14.8830582275878,77.1703120977611,134.314094778464,46.2153642223669
94.260082356123,14.9357994194313,56.6386857475529,77.8894250986581,67.4177784065892,71.977348037236,118.64148078388,14.2387305095991,30.9789853127941,25.2314889317343,38.1604332325554,33.1840546896989,10.9339462300704,59.6643320902268,29.2083634217907,48.9820254303019,27.4191875902891,88.7347473063585,86.7051087510107,97.191048452084,34.4257343743873,27.9171799289059,87.4257743671787,49.7848562013567,50.6256015850544,80.1050075913472,15.3314195258302,82.3183363186636,13.2701275487378,69.2366700070108,34.1631444084858,44.2552276128277,67.4513796632766,87.2421059018009,144.571979134705,27.2653441297432,53.5264460391037,92.9853885843509,35.4668235470762,14.1086452252831,61.4664290770749,80.2840153712661,34.888772612285,11.3382926506308,43.5017480585877,66.3618817510424,119.818572926223,22.8944356213409,14.435534207887,72.2842928522952,155.418881311932,15.2300643354518,49.134953552968,75.9522191341881,57.8320682954868,41.3333494770717,54.7718749840141,52.4028720420568,81.8305263215179,17.3558243211765,70.2780916845148,76.5996607824155,38.2101622904147,54.488341217068,22.8944356213409,31.4940161624194,55.4023734736734,37.8307359507747,39.0793800412538,106.437274567174,55.2420664400594,49.3242269549387,68.0582558562693,63.4067158944076,52.190199863054,71.6569244652345,57.6570993650718,15.1077997472551,24.2348751065973,49.4275872388666,65.1862259805814,40.589192681391,45.0800778022909,57.0027221883081,17.4323657275112,10.4797817894227,29.2828331386696,57.6995421222522,35.9422691129811,40.6242380952241,39.6073475455062,17.5362962462701,28.6515533318579,102.144113113913,99.7677163744951,18.1943750733323,21.2966523073791,53.9213377540502,151.800860151686,41.4856081310113,81.656187398238,38.1505734259114,13.4797758020835,78.3503277478118,33.0624656037029,22.8944356213409,97.9559434433518,96.236248068094,40.1299609002416,35.9888693669659,56.4436924139647,57.6132234957708,78.2879968251952,33.0608828978532,60.628321999339,14.9045819023968,14.8830582275878,80.6373834654322,138.986742607189,49.1950109973206
88.5160160852988,14.9802566815081,65.6240610159647,76.1084685518875,67.1173494880238,73.3176892961654,121.608368291553,14.2387305095991,48.0468850184428,27.7335663119029,35.6613649512933,32.7792445442746,4.00722941234599,70.1916917130151,41.6401907321176,51.4929925973957,30.1382078287648,90.3871399848698,85.6928784626331,95.7642588016604,37.3168867638251,27.6497234940623,91.9074846897969,59.0680509237311,54.3169132016789,84.3139169166197,17.7636538903607,72.5303854508845,13.8704096545878,68.8700818795773,48.7038533667702,44.8172921985331,73.0234523818965,101.082523460714,143.186928559535,22.8944356213409,59.3495389445895,91.0313060405457,35.9744127654283,15.5022349362898,64.8911433835738,88.2141160998041,49.6328151701821,11.3382926506308,44.1227340000279,69.7637930595189,118.059605382377,22.8944356213409,9.10372376580596,89.3732960276488,153.929913586362,15.8782995581738,50.5572612354543,73.5393411219043,56.3025243669798,51.1051230199771,60.4812676941603,54.0731436303704,87.2469593404576,17.0819508703592,67.7163688133059,97.3382489917845,59.2620854287758,52.5021741689273,22.8944356213409,31.3692264402086,58.9492718859774,33.9873073577585,49.659729377984,105.194683044238,58.0739422935963,49.9631960635086,66.310899620561,59.5839670316575,53.7772115692646,71.9217093306694,57.0788554790108,15.1077997472551,21.8112354122219,57.2689665733539,71.3301007559107,50.1850373005627,46.4408361722349,56.1032240173888,16.9284603984479,10.0496715014253,45.416236284758,56.7890481912713,38.9607835794473,57.7920961340942,37.0135230636746,17.5362962462701,46.7851546784626,101.414531626042,98.1933901853143,17.6114897126001,21.6379386506386,52.62142868648,148.610773886811,45.599523167416,80.9599086230288,38.1484842876022,13.9805189858423,76.5588325741431,33.5953023887089,22.8944356213409,96.8123663888013,98.6428441447119,42.7861975766966,44.8527286690889,56.7688484727979,59.948137323009,104.91482178271,34.5973817921762,63.9458405174824,15.379645552864,14.8830582275878,84.7711002838632,136.065944278722,52.2228509989051
95.0251293357138,15.9472063404846,93.194876570171,77.8979470901179,68.1585022742791,72.5596694693216,119.007813679156,48.2252959333197,31.2747257458003,27.1792708507989,64.1490318343045,35.6581791394251,10.5142434224058,64.6557440885888,32.7359018817408,52.6251495982151,29.5358521267458,89.4526418459081,86.826318751016,94.3744713947221,38.57105457665,155.026676655206,93.210429098212,62.9512642719868,53.7146125112287,78.0719598825251,16.5189502821696,82.7548741061413,12.1238236153498,66.789536844707,38.2890793016356,45.2355039738369,65.2652136002559,93.281309502229,135.242352720394,93.7487998317006,51.0428896947896,90.684963042111,41.7736542154641,14.0941716075489,60.3102701301389,79.5887608742545,42.7679169656012,25.8430747990255,45.0850911010946,71.2976632568406,116.346254755726,51.8707973479277,44.4838760254423,84.0272608076524,155.994782358114,15.7234165651112,52.8732081818147,74.3689665102238,55.0964606432161,48.4181792643301,59.0477920361655,51.8082991855976,83.1771333073139,17.8040119497454,67.6423952668446,80.0923431467834,38.574935049332,52.4448206502986,54.519325566571,32.8622102431545,57.5897401236657,33.2780443689022,40.3482632905396,106.586069283388,59.350792152507,51.7990954055595,67.7902434108883,65.8692078929305,55.7870739132687,73.9360237756358,56.3274948236708,51.1687550530953,21.2010832815799,53.2561159643974,70.2459215694787,47.5464687063937,48.8270847302819,58.4747303399681,16.8476379197563,57.3879013834161,29.5623812795993,59.1895445833702,40.2702004404258,49.7986576069914,63.2597043803001,35.9607762153998,31.3263801207084,100.112217568312,97.1325757828358,49.4159864451478,21.4766059682307,55.7196199012179,92.6172568867603,41.8128288541725,80.4655380976805,40.690358213765,14.0571265784722,78.3589001672782,33.6605887288584,50.5614885895883,98.0928816246923,96.5333996473929,42.7893503851097,41.4537139886408,57.9976487521933,57.1875682870804,83.3699727896345,36.9926444244058,63.9132050668743,14.7354717088004,33.0786044348182,86.6349304831279,126.826823280756,50.111121400748
96.6276699176855,16.3270195896013,91.0997485489448,65.0697038177987,73.0418725368021,69.1111137978546,123.292550488028,44.4641658261763,29.8400568153294,24.429044432169,64.4081097967856,34.773995960055,14.0573450906498,65.4132138981946,29.5110342197897,57.6029199969657,26.5471670637198,85.201211021849,87.273427038316,94.0145446375499,35.5540930232697,152.934366089509,102.027128306905,55.9245993757132,51.3725220053795,75.7491003014119,16.1475852791659,77.3687407403903,11.3574064101423,64.3987003613273,34.5171589772226,46.936563418915,60.4357129643183,91.184238369272,133.417060392442,102.374546603358,51.5582693482243,90.3845020166344,38.3953387092374,14.9347768660492,60.4251079907147,84.3355975647194,44.2700697263295,25.3045706171857,45.8327043435951,78.0416516420446,115.902531685658,57.3761415518021,59.4027205590269,84.2468753696263,153.88940579736,16.3433890179054,53.3206781279348,73.8832558760545,53.842907976766,48.5447255438173,58.1692786993788,54.8250978408924,83.336717839387,18.9681014687676,66.4016639919258,80.7317807445223,36.8053828153642,51.4828510315168,61.7491616168133,30.7063873835358,61.1873943233702,39.7972433592926,40.6703939154879,107.134929531903,64.9647356486252,57.444911944447,67.9112662496397,63.6962245940508,56.8916914843441,74.7169483735124,59.9873334891673,47.1780621718875,21.3276169501543,52.0588572205149,67.7783045684947,47.6707366736937,52.3107931119791,62.2980158392443,17.977137154515,60.9478260772049,28.2062629149715,63.0595671760128,37.1203346198208,51.5477535721999,63.5151906261461,38.2182085180319,27.3998331837709,101.368999613945,103.483448481842,46.9113242147787,21.392600457253,48.7164522578263,92.3103937084834,37.5818563905012,78.0182075205778,38.9232397437285,14.173923186566,65.4547470869112,33.9291123165534,49.4542306749159,98.5980065790889,100.008971527655,42.8714464875769,37.090142216023,56.4086599159011,56.1829374092736,95.6823075762623,33.9568143630273,66.8320901823701,15.5935186228092,33.2157062376344,94.8296585884016,126.40661560682,50.9060836707692
89.8820977010574,15.1775595145711,97.2142616185404,76.0535523527427,67.9427914559757,70.4723512116305,119.888964138705,19.5907133397315,31.0113595057203,24.7174603358418,56.5458853761697,33.1380995096708,4.00722941234599,59.4304852871893,28.4341573997605,46.8760025089017,26.8605900958771,86.879364791461,85.9687702288544,95.4656073928253,37.5336917307697,154.1111772473,83.027456294619,58.6241413005226,54.0021973021578,77.6596037061389,17.2313931140341,71.9086276953865,12.4186928974881,69.1979215999917,33.2576054109532,37.0761960292821,65.977870522224,97.3044223009597,134.44368828076,22.6832204129321,51.5956628797673,89.8592776623921,34.6996611493043,15.161660567832,63.6745850057633,85.6167933093337,37.3937740923506,11.3382926506308,43.9640802073438,63.5085974524212,117.691423474897,21.7286219811284,48.1726368078274,75.902034714193,155.073565868369,15.5656304372267,54.7456681839759,74.827371399536,56.1881924496389,43.7362623509978,54.3745245743023,53.132938199941,72.5358163448623,17.4131130542785,69.595436253942,77.607914924401,38.2500933324821,53.9590615917516,21.7286219811284,31.0333892750963,59.847682987236,34.7780608645846,39.0966784310554,105.533361676849,52.8668878490102,53.4061704831018,65.8212961441415,62.9418822143075,52.2527512759777,70.9469426889809,53.8739065156166,20.7864439770815,21.8803534734979,55.552989399069,66.6936193708589,42.9488440251681,47.8448119716775,57.1908788368833,17.1890478769833,56.1124943831406,29.3134347894301,57.8899988592863,39.1871393161822,43.5410439595622,55.7619638291399,17.5362962462701,30.9425470692529,103.277152873818,94.9999656332504,25.9425899485765,21.6503359925146,51.4825544646561,91.7739779973422,38.0255579484014,82.0489913997801,37.0549850960363,13.1344458452426,76.503591414047,33.5831664505948,21.8243366613392,97.1240578062709,97.2481464092356,37.3150689094182,36.0215827150419,56.5990208274668,57.6472673894906,81.0906810554387,34.6247247976455,61.180840157058,15.1122295068186,14.8830582275878,77.1703120977611,125.672066745314,46.2153642223669
94.260082356123,14.9357994194313,86.4951904297149,77.8894250986581,67.4177784065892,71.977348037236,118.64148078388,14.2387305095991,30.9789853127941,25.2314889317343,63.590327530449,33.1840546896989,10.9339462300704,59.6643320902268,29.2083634217907,48.9820254303019,27.4191875902891,88.7347473063585,86.7051087510107,97.191048452084,34.4257343743873,156.418139333813,86.7576746729633,49.7848562013567,50.6256015850544,79.4928525207826,15.3314195258302,82.3183363186636,13.2701275487378,69.2366700070108,34.1631444084858,44.2552276128277,68.3089814288067,86.5754097850367,136.456238552417,25.8769582958548,53.5264460391037,92.9853885843509,35.4668235470762,14.1086452252831,61.4664290770749,79.6704923397782,34.888772612285,11.3382926506308,43.5017480585877,66.3618817510424,119.818572926223,21.7286219811284,77.0007181621889,71.7319029615478,157.394934398988,15.2300643354518,49.134953552968,75.9522191341881,57.8320682954868,41.3333494770717,54.7718749840141,52.4028720420568,78.0076135154004,17.3558243211765,70.2780916845148,77.5735771745479,38.2101622904147,54.488341217068,21.7286219811284,31.4940161624194,55.4023734736734,37.8307359507747,39.0793800412538,106.437274567174,55.2420664400594,49.3242269549387,68.0582558562693,63.4067158944076,52.190199863054,71.6569244652345,57.6570993650718,15.1077997472551,24.2348751065973,49.4275872388666,66.0150277451749,40.589192681391,45.0800778022909,57.0027221883081,17.4323657275112,58.7175342316213,29.2828331386696,57.6995421222522,35.9422691129811,40.6242380952241,62.7087456504912,17.5362962462701,28.6515533318579,102.144113113913,94.6874179768435,26.5033056378581,21.2966523073791,53.9213377540502,94.9666993549185,38.8163440524214,81.656187398238,38.1505734259114,13.4797758020835,78.3503277478118,33.0624656037029,21.7286219811284,97.9559434433518,96.236248068094,40.1299609002416,35.9888693669659,56.4436924139647,57.6132234957708,78.2879968251952,33.0608828978532,60.628321999339,14.9045819023968,14.8830582275878,80.6373834654322,130.044067396307,49.1950109973206
88.5160160852988,14.9802566815081,100.21711449391,76.1084685518875,67.1173494880238,73.3176892961654,121.608368291553,14.2387305095991,48.0468850184428,27.7335663119029,59.4258944497774,32.7792445442746,4.00722941234599,70.1916917130151,41.6401907321176,51.4929925973957,30.1382078287648,90.3871399848698,85.6928784626331,95.7642588016604,37.3168867638251,154.919598363785,91.2051361791682,59.0680509237311,54.3169132016789,83.6695977496711,17.7636538903607,72.5303854508845,13.8704096545878,68.8700818795773,48.7038533667702,44.8172921985331,73.9518995389517,100.310060151085,135.148939635824,21.7286219811284,59.3495389445895,91.0313060405457,35.9744127654283,15.5022349362898,64.8911433835738,87.539991970869,49.6328151701821,11.3382926506308,44.1227340000279,69.7637930595189,118.059605382377,21.7286219811284,48.5602581672557,88.6903135527517,155.887035387555,15.8782995581738,50.5572612354543,73.5393411219043,56.3025243669798,51.1051230199771,60.4812676941603,54.0731436303704,83.1710046429777,17.0819508703592,67.7163688133059,98.57584345769,59.2620854287758,52.5021741689273,21.7286219811284,31.3692264402086,58.9492718859774,33.9873073577585,49.659729377984,105.194683044238,58.0739422935963,49.9631960635086,66.310899620561,59.5839670316575,53.7772115692646,71.9217093306694,57.0788554790108,15.1077997472551,21.8112354122219,57.2689665733539,72.2370180146694,50.1850373005627,46.4408361722349,56.1032240173888,16.9284603984479,56.3076543251192,45.416236284758,56.7890481912713,38.9607835794473,57.7920961340942,58.6020460158764,17.5362962462701,46.7851546784626,101.414531626042,93.1932584699015,25.6542306459963,21.6379386506386,52.62142868648,92.9709796802741,42.6655618570929,80.9599086230288,38.1484842876022,13.9805189858423,76.5588325741431,33.5953023887089,21.7286219811284,96.8123663888013,98.6428441447119,42.7861975766966,44.8527286690889,56.7688484727979,59.948137323009,104.91482178271,34.5973817921762,63.9458405174824,15.379645552864,14.8830582275878,84.7711002838632,127.311198868322,52.2228509989051
103.337858376712,15.9472063404846,63.8427659220949,82.713200663696,74.1209583657057,114.362944008909,123.849634081583,51.5471460463969,34.7304491622484,32.2254806739078,41.0708195634885,38.7775306557403,10.5142434224058,71.8690570459449,39.4698416549484,61.5612149100041,33.2509898781576,93.0920131859129,96.7780490006697,148.74574907688,41.9452223127283,27.6688346018967,88.1911503551012,69.9918233068119,57.0349757494131,73.8678710003844,37.3657596504799,90.662660910599,12.1238236153498,74.1694949720446,42.0676439372969,54.2368962099401,65.6604643218878,88.258213927583,27.6688346018967,17.1837793760313,51.584140262901,142.930631116227,47.0826978137075,14.0941716075489,64.038343264488,75.3029939325986,51.565492731569,29.8078272386618,50.1281160716066,74.3456326925155,121.079789912846,9.50770931772737,20.3475080178914,79.5024855427592,156.939497726327,15.7234165651112,60.2687510422631,82.8637297983379,61.0086797858572,56.3820685133001,68.9342900408716,54.8868878518466,76.6234543158234,17.8040119497454,70.3944190150923,80.577388007279,40.1443522310282,56.4409260282213,9.99317392806974,35.0544579357514,60.7718087062547,33.8183131053962,51.2846660901173,108.466863152578,64.2647924866756,59.2345167444941,74.9245584160509,76.7034665236167,101.658346108841,84.4695926879835,60.6194459105224,53.8052933545504,47.9567144823002,58.2152121456233,70.6713358087103,52.0669504597839,88.9754620705443,66.8055489343807,30.8594898493386,10.2424717202656,31.8819813800046,63.8693349178383,46.0507243150914,55.0068021404728,42.1801110102869,36.5445990781217,37.7703741737063,102.477523894217,17.8040119497454,36.0342011028619,21.4766059682307,70.8224312091326,97.5168309908466,31.2804129000368,87.7819779568084,44.4539571768277,14.0571265784722,87.1237907453932,35.7413145530944,9.26771826846808,103.995340955705,152.148484958743,54.3874102067711,45.9111390352719,61.2022559541374,104.210405784847,84.7234835116376,42.2271830775716,68.9664691428555,14.7354717088004,36.0043321669337,87.5870257751032,94.8798612229305,53.5628707590446
105.080588040543,16.3270195896013,62.4075071100372,69.0919808551877,79.4315222988187,108.92759704479,128.308694957581,47.5269421434393,33.1372554517946,28.9646364522601,41.2366918135549,37.8159997764082,14.0573450906498,72.7110339147371,35.5816024845356,67.3842405095462,29.8863760402622,88.6676133452233,97.2764032826357,148.178460335367,38.6643391620224,27.2954034207147,96.5330800412121,62.1792862030097,54.5481091602495,71.6700948442861,36.5257343941647,84.7618461461173,11.3574064101423,71.5144812841175,37.9234909813787,56.2764486955938,60.8017158905907,86.2740677608801,27.2954034207147,18.7648441975944,52.10498491904,142.457067665832,43.2750297730181,14.9347768660492,64.1602798155836,79.7942187057279,53.376645875346,29.186707664292,50.9593541257275,81.3779260450029,120.618014016268,10.5168168514593,27.1715830735626,79.7102741029298,154.821370857115,16.3433890179054,60.7788100250445,82.3225390753977,59.6206125247421,56.5294293002722,67.9086853387392,58.0829528079954,76.7704648897228,18.9681014687676,69.1032087185437,81.2206980840616,38.3028059502436,55.4056578087513,11.318373907539,32.7548195002881,64.5682480085716,40.4433512299151,51.6941102691371,109.025408465918,70.3435473056998,65.69075331949,75.0583178229429,74.1730679192654,103.671242421217,85.3617745951798,64.55815102636,49.6089747038719,48.2429328295245,56.9064672154652,68.1887747456976,52.2030332073188,95.3236715672359,71.173532934085,32.9283715724552,10.8778395787066,30.4194557451032,68.045338819354,42.4487158585206,56.9388256187406,42.3504633430547,38.8386807728979,33.0361167699691,103.76399936384,18.9681014687676,34.2077981714128,21.392600457253,61.9210539285729,97.1937343488253,28.115198556518,85.1121204768092,42.5233915037339,14.173923186566,72.7762344330868,36.0264368986969,9.06476232927469,104.530860363308,157.626412783503,54.4917584700907,41.0783621603713,59.5254689884702,102.379710852783,97.2357089374123,38.7617765409778,72.1161343808725,15.5935186228092,36.1535603140584,95.8718118051024,94.5655014939987,54.4125915423202
97.7449180839241,15.1775595145711,66.5962290762695,80.7547948556573,73.8863773222702,111.073074267509,124.766634055049,20.940158938009,34.4379820791956,29.306600781652,36.2029759286319,36.0369962971124,4.00722941234599,66.060842661109,34.2832066828258,54.8358282419071,30.2392226764494,90.4140426247277,95.8222112536358,150.465513320155,40.8171117213276,27.5054381965683,78.5565193994026,65.1807487406678,57.3403375645637,73.4777197490345,38.977300769342,78.7799824446779,12.4186928974881,76.8439959408591,36.5396381462569,44.4539713111767,66.3774371442743,92.0646865418712,27.5054381965683,4.15774341445928,52.1427749655592,141.629249625099,39.1096659081826,15.161660567832,67.6106229175249,81.0064234733784,45.0858616218306,13.0777731032274,48.8817137060558,66.2235849442306,122.479686680099,3.98276934679902,22.0347955544527,71.8147939077121,156.01270228476,15.5656304372267,62.4031179473087,83.3744957894315,62.2175617251418,50.9300634153812,63.4785674211785,56.2902404839024,66.8205862472636,17.4131130542785,72.4269192696593,78.0779139129296,39.8062943630402,58.0705466448182,3.98276934679902,33.1036357840316,63.1545121440527,35.3426823547398,49.6938389672769,107.395579703758,57.2440477003723,61.0722769378916,72.7483971119627,73.2946502591345,95.2179044667388,81.0546611159627,57.9789030603142,21.8574932070219,49.4932193022427,60.7259655464242,67.0975206182528,47.0322064919766,87.1855093617371,65.338788781488,31.4848438105104,10.0148397661909,31.6135014057724,62.4670412918813,44.8121968505281,48.0947420104156,37.1807906392491,17.8209978504488,37.3075847317775,105.717235702343,17.4131130542785,18.9173700776721,21.6503359925146,65.4369085522752,96.6289415445194,28.4471341924424,89.5094089309455,40.4823352007244,13.1344458452426,85.0609551103914,35.6591064246768,4.00031346417164,102.968220927687,153.275013573096,47.429323918334,39.8949028488498,59.7263481186413,105.048095363824,82.4071874976324,39.524197736891,66.0180712328666,15.1122295068186,16.1994310594872,78.0183937020149,94.0159813511909,49.3987664161086
102.505885645065,14.9357994194313,59.2531735565255,82.7041518862121,73.3154365140577,113.445133966225,123.468396970932,15.2195213505467,34.4020306764325,29.9160659388928,40.7131143418062,36.086971602788,10.9339462300704,66.3207785641664,35.2166707800799,57.2994664578469,30.8680828005099,92.3449111824085,96.6429463326235,153.185020185247,37.4372725211089,27.9171799289059,82.085869634614,55.3528654094245,53.7550179310969,75.2122501381201,34.6795726918069,90.18440899096,13.2701275487378,76.8870258811066,37.5345404216405,53.0615551044256,68.7226654223817,81.913419509761,27.9171799289059,4.74314277171546,54.0940318380442,146.556384091784,39.9743275238993,14.1086452252831,65.2659700576102,75.3803242489,42.0655687299232,13.0777731032274,48.3676670655707,69.1988469197661,124.693378983479,3.98276934679902,35.2211378633559,67.8692191479327,158.34812918639,15.2300643354518,56.0076149147973,84.6278287739052,64.0378364563352,48.1319161007216,63.9424470591191,55.5167918287232,71.8612504761342,17.3558243211765,73.1373484647387,78.0433682112494,39.7647387307195,58.640155460528,3.98276934679902,33.5949912262332,58.4635811063676,38.4449175921654,49.6718518463323,108.31544283818,59.8158812637786,56.404397115359,75.2207767670968,73.8359404273504,95.1039197613486,81.865793070232,62.0503615021381,15.886249264798,54.8191321436423,54.0301789728815,66.4148193939795,44.4482112350947,82.1474551428082,65.1238257005018,31.9305243726338,10.4797817894227,31.5804986090587,62.2615261927094,41.1015467536425,44.872884820448,41.812744443954,17.8209978504488,34.5453220522851,104.557426121763,17.3558243211765,19.3262446820783,21.2966523073791,68.5367244170155,99.9905620404525,29.0387257332976,89.0808886846401,41.6792584729119,13.4797758020835,87.1142594518429,35.1062185085819,3.98276934679902,103.850162909934,151.680137601678,51.0071928042787,39.8586719077034,59.5624371752732,104.986058664497,79.5590017153421,37.7390688488534,65.4218685164589,14.9045819023968,16.1994310594872,81.5235672798187,97.2866996764022,52.5836569284983
96.259332644292,14.9802566815081,68.6533210568182,80.8131056939943,72.9887262927088,115.557676284415,126.5559919853,15.2195213505467,53.355860291165,32.8826888001854,38.0468748873703,35.6467489609484,4.00722941234599,78.0226222276883,50.2057875361378,60.236810875594,33.9291122923996,94.0645312835259,95.514697734068,150.936224592637,40.5813408139255,27.6497234940623,86.2938402467755,65.6743058482354,57.6745075949886,79.1640822457455,40.1812712335588,79.46115335049,13.8704096545878,76.479931333682,53.5102018428552,53.7354646648412,74.3997574412923,94.9084741106855,27.6497234940623,3.98276934679902,59.9788718813215,143.476510186895,40.5464266191304,15.5022349362898,68.9023827261183,82.8260600093659,59.8425350470972,13.0777731032274,49.058113831699,72.7461896662093,122.862848029822,3.98276934679902,22.2120986454505,83.9144380435197,156.83109823254,15.8782995581738,57.6288652714335,81.9393408060275,62.3441622227585,59.5109645028666,70.6077755915967,57.2863154531425,76.6178085401984,17.0819508703592,70.4714021675234,99.1728256954372,61.6731571512849,56.5026496772346,3.98276934679902,33.4618767450194,62.2064601565282,34.5390909721878,63.1200064532304,107.050924823969,62.8822247357905,57.1350860601071,73.2895269622768,69.3844205320637,97.9958618187426,82.168301490229,61.428057526364,15.886249264798,49.3368746906886,62.6017308633095,72.6744904739448,54.9563810319195,84.6271056359912,64.096177197903,31.0075308075227,10.0496715014253,48.9798026040537,61.2790445360619,44.5533492283282,63.8362267195934,39.0744918996077,17.8209978504488,56.4090964602742,103.810607140304,17.0819508703592,18.7070981020111,21.6379386506386,66.8844748022598,97.8892661830795,31.9183472650583,88.3212998029624,41.6769761026156,13.9805189858423,85.1223753097876,35.671992544555,3.98276934679902,102.637774368305,155.473228369252,54.383402829166,49.6756421536111,59.9055594356733,109.240870063151,106.618112924933,39.4929856374098,69.0016848982691,15.379645552864,16.1994310594872,85.7027125680279,95.2422253296652,55.8200603086374
106.939274577165,20.6327791171534,65.1920205043358,84.9254836808339,76.7041396358099,78.8148050020316,126.155928228964,53.0488190819769,36.1044583511204,33.9437782203081,42.2405661479253,40.1289620605607,53.7871451046872,74.7355329357467,41.6946062378902,64.7229094526351,34.6726645960105,94.8255472958093,100.681995345875,102.510190778773,43.4070505869122,27.6688346018967,90.1848039525937,72.7631818372394,58.5604578637653,75.5377318216353,45.6932825569602,93.8974180770258,15.6860185646308,77.1037952786574,43.60851552918,57.2851807604929,11.5761076945341,90.2533835675809,135.542208722963,83.076571037196,51.874900385155,98.5026217877457,49.1220062348393,18.2352898312705,65.7511404735537,77.0052972153111,54.4720430778827,31.3258977563615,52.1240628622851,75.7868684219554,123.334504776664,45.9659002394393,23.8722564140977,81.2997227448335,27.6688346018967,20.3432359266176,63.0091678195786,86.2356408223664,63.3662586521512,59.2126093568768,72.4206128081793,56.3112051503418,87.7005614961519,23.0351472298748,71.7052847095026,14.2059994693882,40.8919094223546,58.2142862170826,48.3129238076892,36.0507404666941,62.2598034032288,34.102563860814,54.5860998211891,109.451356175652,66.3700560817759,61.9732907587631,77.7760953592222,80.554199576942,63.8286276136309,88.4071928462573,62.5240941793123,55.0497509444396,58.6445913542418,60.3353262537948,12.4595371459398,53.993738819072,55.865375078708,69.9197292173289,43.4332366905412,10.2424717202656,32.9072959609662,65.9346103093861,48.1799309672949,57.0971858535197,43.2191486646405,36.8517648986647,39.8993462501774,103.690330830458,86.0751427915342,37.0033112743714,27.7868146725927,75.3816022272198,99.8219717681121,32.1658227960961,90.8099924191203,46.0177137683762,72.5243494128619,90.5927910621338,36.6972672010579,44.8056413106095,106.650726767251,104.855233286437,57.8885820831124,47.6841168974927,62.7007901304492,65.4309994103662,85.4356040161333,44.1623939897362,71.1965651935802,19.0650153050884,37.2239628709183,88.0948350674392,97.5654897129373,55.1232659486195
108.742739918539,21.1241882522379,63.7264288973107,70.9399448396529,82.1997814414732,75.0689604471548,130.69802452188,48.9114984759302,34.4482345661752,30.5090622515808,42.4111626401673,39.1339209755745,71.9123982393438,75.6110918006492,37.5872018407211,70.8449971854796,31.1641937948728,90.3187574865588,101.200452826839,102.119235894482,40.0118257426938,27.2954034207147,98.7153117223534,64.6413037229595,56.0070764658779,73.2902726267916,44.6660450071062,87.7860678765062,14.6944143570344,74.3437436977059,39.3125687725034,59.4393625255949,10.719497926659,88.2243836924586,133.712869401965,90.7203751788049,52.3986808439482,98.1762589844579,45.1494154123039,19.3228798613389,65.8763383923512,81.5980508424132,56.3852840233738,30.6731454398174,52.9883982489297,82.9554870981027,122.864129815134,50.8445239621798,31.8784490827423,81.5122085836861,27.2954034207147,21.145367309639,63.5424191561033,85.6724278350504,61.9245518425114,59.3673680761573,71.3431385789772,59.5902081410982,87.8688247256287,24.5412669480102,70.3900298465565,14.3194166802886,39.0160703683939,57.1464901215766,54.7197257005506,33.685744021561,66.1491983320029,40.7832869654115,55.0219018363159,110.014971092262,72.6479460839828,68.7280386398922,77.9149454853431,77.8967677368651,65.092472778001,89.3409643421706,66.5865524533563,50.7563760327717,58.9945977754959,58.9789187198574,12.0218552848612,54.1348574416012,59.8512504690455,74.4913293816347,46.3450874697849,10.8778395787066,31.3977359576351,70.2456492492955,44.4113796282594,59.1026306225195,43.3936973469203,39.1651288814928,34.8982367954377,104.992031554494,91.7030412592944,35.1277887397684,27.678126848806,65.9072016738675,99.4912376420077,28.9110152585278,88.0480389616788,44.019236597894,73.1269333028443,75.6739593614861,36.9900155521579,43.8244320474518,107.199919966618,108.630423030503,57.9996477320087,42.6647097931468,60.9829471197838,64.2815537468711,98.052997594978,40.5381728684143,74.4480778379629,20.1751716591799,37.3782460550116,96.4276543682775,97.2422318529031,55.9977408237486
101.151415344746,19.6369963688623,68.0036754164041,82.9146975045466,76.4613832345393,76.5475457564991,127.090004326132,21.550188288803,35.8004206587247,30.8692604895402,37.2340804424706,37.2929176440305,20.4995662750508,68.6956596537267,36.2156204149204,57.6521166979836,31.5321266929663,92.0977082963527,99.6875998957492,103.695390098865,42.2396243388529,27.5054381965683,80.3323720430806,67.7616105543437,58.8739870180145,75.1387607913995,47.6639799115737,81.5907769903529,16.0675256848684,79.8841050980753,37.8780275859216,46.9524246414345,11.7025118357737,94.1459054939676,134.741773504268,20.1009951633547,52.4366838985449,97.6057567293527,40.8036357684013,19.6164260288756,69.418965862283,82.8376587722426,47.627179851697,13.7438056062415,50.8280326033209,67.5073697920638,124.760470040164,19.2550668466819,25.8518285898002,73.438242764551,27.5054381965683,20.1390894287995,65.2405842697763,86.7671910272561,64.6218558214965,53.4868980343378,66.6889693083281,57.7509748486215,76.4805370067593,22.5293952884308,73.7756336301267,13.7653357976536,40.547556332841,59.8951091176919,19.2550668466819,34.044474010735,64.7008472155422,35.6397457868075,52.8928637187441,108.370349286414,59.1193172686163,63.8960218464762,75.5171120207557,76.9742510017928,59.7848420615727,84.8330722137642,59.8005861140189,22.3630331199481,60.5235294393896,62.9375176741611,11.8294643928401,48.7726792329406,54.741510395978,68.3845951700396,44.3133920898544,10.0148397661909,32.6301817544698,64.4869721918802,46.8841388026491,49.9224517021192,38.0966782594451,17.9707874654867,39.4104711307644,106.968384167565,84.1853059199717,19.4261371711383,28.0115896670673,69.6493882976229,98.9130940457341,29.2523465216085,92.5970106353552,41.9063820692539,67.7640010216243,88.4478196820045,36.6128602985037,19.3398855050978,105.597380564828,105.631596065822,50.4825712486523,41.4355481269407,61.1887447654111,65.9569628775966,83.0998389975773,41.3355347283846,68.1528280467599,19.5524712432133,16.7481795660733,78.4707262814627,96.677157229594,50.8378527905748
106.07830685645,19.3242028590864,60.5054315810449,84.9161928808362,75.8705446317673,78.1822835138,125.767591824693,15.6628969121341,35.7630469432954,31.5112229893311,41.8726730491628,37.3446346335218,55.9341960060002,68.9659630226955,37.2017003265772,60.2422837927596,32.1878742733918,94.0645329623173,100.541442748091,105.569575877585,38.7419947388543,27.9171799289059,83.9415069478978,57.5445876490862,55.1927728759023,76.9125020620331,42.4084383345602,93.4021025855826,17.1691269758311,79.9288373927328,38.9093715658875,56.0437817795479,12.1159815758375,83.7651584068158,136.758785952657,22.9311625103621,54.3989392617269,101.001359610828,41.7057487578973,18.2540160552472,67.0116019035177,77.084375664647,44.4366445576343,13.7438056062415,50.2935182129434,70.5403090474648,127.015385118575,19.2550668466819,41.3224083033165,69.4034741425491,27.9171799289059,19.7049280396947,58.5542780680176,88.0715249420211,66.5124720393796,50.548275734114,67.1763094641341,56.9574551647835,82.2499073272806,22.4552741069049,74.4992922441454,13.7592453021451,40.5052268628555,60.4826149040591,19.2550668466819,34.5497942629031,59.8950589659929,38.7680560300139,52.8694611840264,109.298561503789,61.7754020583035,59.0123173888778,78.0835874179697,77.5427154821572,59.7132740340326,85.6820155651277,63.9999687913119,16.2536808359294,67.0364022569688,55.997880205695,11.7091024219494,46.0930607076043,51.5782473787635,68.1596114575482,44.9406658859406,10.4797817894227,32.5961175981034,64.2748115674738,43.0019226557655,46.578156603864,42.8427326272126,17.9707874654867,36.4925102290232,105.794848405374,83.9083382401016,19.8460081214014,27.5539874264657,72.9487538023664,102.354177834354,29.8606833978393,92.1537087045468,43.145409504385,69.5456475276041,90.5828802619062,36.0451846032231,19.2550668466819,106.501841788848,104.532465226028,54.2907642826504,41.3979180339124,61.0208204707918,65.9180116499674,80.2277135540252,39.4685959574239,67.5373465512613,19.2838130804752,16.7481795660733,81.9962220439543,100.040455099123,54.1155256308052
99.6140559323077,19.3817224552463,70.1042420293682,82.9745679497701,75.5324482688581,79.638171278054,128.912683192312,15.6628969121341,55.4667296893045,34.6360293959752,39.1304958723181,36.8890698413896,20.4995662750508,81.1345312281336,53.0356964814425,63.330485951521,35.3797807182735,95.8161753605076,99.3676815354844,104.019787284286,41.995636605799,27.6497234940623,88.2446031561684,68.2747102832588,59.2170949045157,80.9536694858023,49.136273346159,82.2962514236262,17.9457826378664,79.5056373337933,55.4701963226621,56.7555671817804,13.1168674099753,97.0539798681387,135.44858852521,19.2550668466819,60.3169499035972,98.8788219011846,42.3026273699531,20.0570672024656,70.7452756370709,84.6984301036318,63.2156307308885,13.7438056062415,51.0114564372589,74.1564192107097,125.150766516162,19.2550668466819,26.059845455924,85.8114120665753,27.6497234940623,20.543626296983,60.2492465887226,85.2736363686081,64.7533485845858,62.4985848599713,74.1787341877901,58.7728980097489,87.6940995362101,22.1009317665527,71.7837014212268,17.4844226655727,62.821617883069,58.277949208158,19.2550668466819,34.4128965358467,63.7295822225152,34.8294000325389,67.1833363780852,108.022566167137,64.9421965087114,59.7767905527666,76.0788366105231,72.8677165764006,61.5290491250809,85.998625594527,63.3581121757485,16.2536808359294,60.3323410739227,64.8815956599414,12.8126984336804,56.9900955918435,53.1351553356554,67.0840585105486,43.6415971659768,10.0496715014253,50.5549777847923,63.260560436622,46.6133230716455,66.2621486682323,40.0370277354788,17.9707874654867,59.5886622932887,105.03919092737,82.584271706533,19.21021010381,27.9955497657136,71.1901411550286,100.203210728267,32.8218142565156,91.3679180195757,43.1430468471621,72.1291110414526,88.5116854440804,36.6260910761141,19.2550668466819,105.258496482215,107.14652620349,57.8843167318749,51.5939960799272,61.3723440625783,68.5894969015582,107.514262861379,41.3028922233896,71.2329196837738,19.898458878454,16.7481795660733,86.1995970487521,97.9381107420183,57.4462120132241
149.781502700369,80.2047260335383,52.3463613936454,24.2100634396851,107.50032830244,60.006359522034,89.1868405822222,64.4950717811652,27.6448948606483,22.0655029744734,49.3342458050293,52.7546462689369,41.8685955591975,71.0047500926855,9.57822676319079,33.7688707688208,27.0544729987017,65.2708869473246,79.2399323288213,83.3056268707357,62.3349093720597,139.148843618648,74.6529742518119,47.6587472485406,15.808086651736,72.909066557762,77.4723469172514,75.3827800595721,61.636900701591,69.9732336348429,33.2987947221023,23.5261105379123,64.7468418248391,85.387274273311,134.92673633932,76.6971235641905,57.052644566257,77.3318254083455,33.9436962456819,85.4900297027404,18.2283233819016,93.3189528065048,12.620321000168,41.5841958432913,40.0211582106428,66.316388300277,90.6142648356997,55.66951621143,32.417110191784,74.5511610641529,143.801753256048,78.4391270019731,15.8838236018931,82.077874430843,58.3043019474099,34.3819157106365,54.9155508181467,77.5262378442789,76.1845961428353,87.5743039503506,50.5415344097609,70.0017115746937,25.4620271316814,18.3203037329601,49.498202545689,32.6539163499553,57.7175527926479,36.1246346499135,37.1167392805324,24.2755526568792,49.7101002940653,48.3658720319708,74.2782234258676,49.3088065230086,17.2030343930938,76.9711634071379,19.8985729092921,61.5871199899358,118.019535353406,57.4156399301915,56.1705830010669,13.3275358402133,15.3084353295589,59.968879198166,77.848023071869,46.8479795805589,35.5577815768097,75.5860869940689,38.8383169857462,31.4889513845231,45.3985862225438,43.4707528440789,9.21196461554214,108.138556182262,95.7860555145976,47.4948852691608,112.326836450157,45.4251140570131,122.457550276792,41.0414076686709,84.5259009670555,39.4231829259184,76.9765304339191,77.9447533246175,9.85589096040498,55.3115580952488,90.8992123889917,81.9933337956659,36.4244948480545,45.0671692038784,67.1260639780745,18.8501786754337,109.465617602576,30.4617165437418,84.7538948159708,76.8016139747775,40.2683000830854,71.5212236779759,141.087561138795,58.86179498919
149.034579579457,80.7027056319536,54.6154346451739,21.2250354737919,114.01728312655,57.564819182004,89.7363913915973,69.204704444022,24.7136163622532,20.801822288361,47.9488261789168,51.732911833344,63.770769587115,62.5847748355797,9.62606821865245,33.906768638904,25.5050764115965,62.6151433764633,80.1749234639238,80.5230388804954,66.7085347354809,134.59151123336,74.9578256107802,47.712906438046,15.1140674459255,68.6195907590764,80.8305637148072,82.2995657247618,62.7295023114912,67.0953250306023,33.4651159884506,20.4416953981218,55.5945791340584,89.0885817742754,130.507684271265,95.1462185520716,61.8252543763532,77.0356129123739,36.1717870805703,79.1100075877893,18.4070714458701,86.354667208292,12.7794030357972,42.397768699357,40.4941388885362,66.5871965473405,87.5875525408925,56.5558721850613,54.1112999863566,70.7838160085377,139.092031133088,84.4412940262241,14.8738874666944,79.2702192448176,55.5756753651903,32.644470735855,55.0619867605403,75.9758854784128,74.7446767936326,89.9807197258167,49.5873992873732,75.081262755342,22.7622052284738,17.9744486763505,55.137139072797,31.9571975869965,58.3549600038779,39.9151247072207,39.8100502381233,24.5619919036936,49.9130954430326,47.2189763709273,75.1329861477549,48.1511284283174,16.9374836724616,76.738207138187,18.2757400477272,66.0844048817187,116.923569748041,59.9044527018238,59.5801421996163,12.6540463125592,15.3619052089085,61.6167376501304,76.0453822346958,47.4605331877525,31.7874738540953,77.6630838292524,41.563342977644,31.8858768261195,44.1236890122158,43.0069835468769,10.1788301161547,111.473896543798,98.4181183990561,45.8973262147612,116.03284770789,44.5677457465231,121.988487812191,38.6909860960576,87.3246185221562,34.4370204935747,72.0899432258694,68.3343998016591,9.43109810176714,49.6430192485316,91.9717771334796,82.4985597085541,35.7360573216769,37.1334526554047,66.2425057889269,18.7028681430339,103.992345666265,30.0416306392379,85.6596493873517,75.2657524749934,29.4775478044216,71.8132862843466,140.547138118715,63.773136349586
148.09057918202,74.9411853223783,50.4820747357432,19.0987153127468,111.555147726252,52.7353119696462,90.3101277873942,62.2437165923935,25.7619834701197,22.3360849829065,44.2946913054992,50.6877990538389,78.3798032024629,64.0603546518644,8.47980301203473,29.6189274084892,27.386233106303,57.3619298540975,79.0905453705193,81.0511466653691,43.3967360049264,137.056172223481,65.4786782871579,42.8334432482297,14.2861393691303,69.8448209342037,74.713212206281,70.8097574888092,63.5433370606471,68.2700027236739,29.4801143011929,20.8315669470317,57.8566748115994,82.3462538099155,132.897561577693,91.3944769919609,55.7879218520584,74.9486824375621,35.8487558265245,75.0406415983928,18.4669225055728,81.9126407633682,12.0516454043586,36.0658046636713,39.3250890236638,58.1665968194789,88.1619927135184,62.3025193806375,65.10223183485,71.5089096537818,141.639106353724,79.1351278339408,13.3796597042212,79.0377639283963,52.6811731613074,32.9788734230465,55.6197488320967,75.4530919195918,69.8524053267573,89.3644222292522,51.1518258719702,65.6657987768507,23.7277922520098,18.541522282889,57.018076611762,32.822637817324,57.7755148996473,36.1246346499135,34.8177248530217,24.2297872092578,43.6010982469122,47.4400359012894,74.3720259766237,48.9524494270028,17.0060557539569,78.3851601742419,19.1323451634821,59.4372738339177,122.80453617364,55.370813725905,61.6173773576853,12.7836715445014,14.7246310253234,61.1947112285152,83.1415458858608,45.0668174044201,33.1359184338897,77.1311524967925,27.0387204551154,30.0700494255501,40.761064238843,40.8758030366911,7.93723044213611,110.70433597889,97.7440313260614,45.4638188263357,113.334168392281,41.3510688076799,118.683763111928,41.5446849576027,83.7495697968564,31.7593640273174,71.4271539747111,61.4886721622119,9.71013290017037,52.1415866666102,90.7278447912193,83.0260204808407,33.3970212715758,29.2067661633096,63.9748895897853,19.8991231602618,105.341324436345,25.4894585470386,83.6720775854063,74.7478453739973,29.4775478044216,62.7317965941643,136.739650976097,63.4215224373283
146.531459992916,74.5530304453968,52.2348106216173,18.6423534990088,115.927024089503,61.1149573788532,88.3584982268268,64.9079945496241,34.2481739431761,23.9649976654429,50.4325513062331,56.5644580452325,61.0019810887865,66.1117456985732,13.8761752370022,30.809397063412,29.3834399788544,66.4767452256613,79.8408051426944,81.3264358616416,50.1388603154266,135.013545158843,68.1104541941737,44.8307571718756,14.9203699360362,70.4566890475971,77.3072523456447,74.5859211832155,73.7226974783676,67.9485466203675,48.240652697904,24.2217745343164,54.5843259260391,85.2053128893107,130.916912682432,65.031478275002,66.1219726725465,77.0429545269105,33.4887007008009,84.197487120649,17.0481266822327,91.9080430122517,14.6149842406104,47.9972546482465,41.3075482394333,60.5044791974839,88.4614338086098,73.0979154807459,41.2027443107258,72.3451859895637,139.528177182452,83.3093021549628,15.1346297936111,78.2871796592878,52.835111504489,33.364551956784,56.9074836988785,76.093942860109,80.5098240343059,90.8869401494736,53.3781648438273,75.3669975709574,31.5439048890361,19.348526000787,72.256377663462,31.8388245668439,59.0369189758097,39.8949766011767,39.9615543144665,24.4596330719499,45.3535514559159,52.7788352219153,74.9640176258731,47.5219142172553,18.5576007366699,79.2240008253696,20.1551152541995,61.9814249094488,119.270414634417,57.2932864601472,61.1315126295833,12.9331729429822,14.1377552723904,62.2372966573022,84.2748252654943,48.8649156224811,44.0511383607947,78.4452499748967,31.2394606786327,36.4658338113608,46.4092739543914,59.6731558994525,14.1173588737479,107.477218705069,99.4093141710267,72.7116231851241,109.98605426219,49.1279338029682,122.000113506096,44.5744309614886,86.5563747392912,36.5039585280838,77.9181232856509,60.0194067434242,9.55902879471989,66.304157281433,91.5884969948943,81.2318027132815,38.4924226054473,29.4527996016559,64.081455218701,18.3183951816209,96.7522601158613,32.2736390133834,83.885558914885,75.3827063954729,46.77684210102,65.2531674464638,140.560532481053,63.6805728927262
150.368962299097,87.6079856287099,48.9669753836771,20.0125247155319,111.848356465846,60.9612694873491,86.8387778995584,18.3888695791932,30.8085059649562,22.9142830332143,48.0793235700167,49.7322369587049,18.2213379735858,52.6794442690448,9.94716444932446,41.5076729008856,28.0951606824407,66.3095738613019,77.3961394628204,80.1608868353779,52.9038100970157,136.5373871418,91.761174293796,48.3306748637724,15.5025292598342,78.7445391860644,72.470872920563,70.6400657321701,61.7428125511568,68.6971283342875,34.581410030713,19.3364856995445,53.2913677902389,79.8748269431403,132.394517670806,35.9465534862662,65.4905797812534,76.3237218995252,49.0662126692984,84.3310981477066,17.6381549765316,92.0538897404816,14.3488943366159,17.2901386242908,40.0150880627828,81.5140954040298,87.1936278738591,22.3234294875229,38.2213587871359,82.6195816294901,141.102973947814,84.2274062900618,17.048744091187,79.9016682667356,57.4768741476075,38.1029544152742,56.048740406249,80.3676259587646,68.0777737532319,93.3054403959374,49.6181076495979,85.6177717459321,28.3758364327484,17.985579848557,22.3234294875229,32.4412787079547,65.3343951034983,45.6677480856605,45.3967830241271,23.7106974192289,61.1021492842276,46.3110771099126,77.3629305060123,54.2772603198189,18.1866941387442,78.7101618920686,21.5643867963645,17.5597527993416,112.341830760822,53.7089905057098,59.066086283221,14.7699300661854,14.4091070178669,63.8934302784515,82.9485465658452,57.0554308549491,39.6269232106625,80.5326770143172,32.9621871115223,35.8019131352793,44.2437759207109,19.0363438424027,10.0500273773911,106.542433419147,102.054594674783,29.5345318786148,110.932160545287,50.9732206256681,120.861184414953,42.6201221195547,88.977025703527,39.9674870465908,74.0527942940483,64.4306986737593,9.86788324622712,22.3234294875229,88.7841257855297,79.8346578513677,32.5485550214446,36.1012527622801,65.9708109748175,18.6166903571564,97.7893849694931,27.2654362185089,82.8824676498679,79.6164441431081,16.6071911042597,87.9117213666947,139.248333050179,66.018181396299
125.083133799983,78.7258746295796,75.7712825629102,111.933940644457,89.7181526526576,89.2942390116918,127.197656644762,14.1267997258841,34.3581003695737,31.4590351793106,51.1178834804436,46.9374451109972,51.7944319838167,64.2754573082825,41.8678347178298,59.1794240178818,34.9439934679351,95.6085661245585,92.7420762198476,116.140228682896,50.7717107479306,140.46236345884,91.0569103297763,72.0867754247222,77.1841681734718,76.2681978730355,80.4807629165019,86.5986361137197,59.8511486961895,73.3743160275652,40.3697662248853,49.7201646059016,62.0661304322949,91.1261531243343,147.685280861414,94.6919912512621,41.0604135296619,111.599802257539,40.6539295973594,69.578079275668,86.6616701617099,77.7499549385082,54.6983579438332,9.0778223237047,48.4957049697782,62.3841374412844,124.352935381376,52.3926609992193,40.7359758973536,82.085908483023,148.348438233844,77.6211014534338,67.6881202076583,80.1724731976521,64.1998857226149,32.3409244091914,75.4219101442563,69.7422382186617,85.6380441315535,87.8922855033805,72.2973887326221,76.1664835240329,41.2295730154929,70.1315703226773,55.067835629281,40.4219417190117,52.0863543394743,33.3819652799332,52.676807823773,118.411975881887,59.7164269363461,64.5045031382611,77.3940328732479,43.9973395473787,88.4025780661922,73.8042979554039,75.3236566612994,14.1267997258841,103.292238793138,56.3534885429377,66.8027007031956,35.0787938830662,77.3734821855691,58.3705506529423,71.4824052370899,51.996472066453,38.2382689755833,66.7915333691889,50.1477728587718,52.8344167749928,54.7703863378622,36.0730747803113,40.0651159677775,99.9858686250794,98.1098108216069,32.3714099905185,106.022619437206,72.744932995377,96.1627198617503,34.3201191710061,58.9034658227956,39.6719550761977,73.1073066796341,84.2866236146158,48.3679285729404,51.0701794985233,102.185663854258,118.797074514927,55.8637771075764,49.0248035553535,52.455282438785,90.6218612177808,83.6303211270815,10.8493996901721,72.1218755610314,72.7439573795271,31.2399507893189,86.0039371740259,104.099909246903,14.679220984909
127.192584209953,80.6008820505784,74.06785697618,93.5006458702665,96.1462128953755,85.0503366259003,131.777259147984,13.0250391096284,32.7819874561984,28.2757463365121,51.3243326928443,45.773580313317,69.2481783919083,65.0284718949359,37.7433652975218,64.7771579405481,31.4080673374841,91.0645616471252,93.2196474385262,115.697291358117,46.800434851871,138.566619490843,99.6699099374128,64.0403982753461,73.8187467540552,73.999005266238,78.6714627944178,80.962329993522,56.0676104686856,70.7477670202017,36.3928740014951,51.5898675645029,57.4733558153468,89.0775323856869,145.692053113705,103.404520257539,41.4750002002313,111.230045355133,37.3661683677717,73.7278584144541,86.8266841928828,82.387121477226,56.6195478268644,8.88866351341104,49.2998739390392,68.2850026184419,123.878676314117,57.9533935752558,54.3978629817632,82.3004491054644,146.346260212498,80.6816922898712,68.2609698709157,79.6488593217702,62.739212260221,32.4254510006772,74.2997825987068,73.8033306263004,85.8023501932916,93.6389952138763,70.9712731960321,76.7745780226989,39.3382442824231,68.8451813307553,62.3704098835287,37.770186242334,55.340209818494,39.9215224707865,53.0973665204971,119.021733113265,65.3649555313693,71.5351392487833,77.5322009205871,42.5458952824499,90.153002209464,74.5838312432269,80.2177573476264,13.0250391096284,103.908714174899,55.086597300786,64.4560380602433,35.1704761999614,82.8939151563255,62.1870245143638,76.2747281964598,55.2219520097352,36.4841606614081,71.158600981475,46.2253003113359,54.690138789321,54.9915868718526,38.3375566084166,35.0432284156525,101.241064519819,104.524578617374,30.7306565870214,105.607913112837,63.6019244487093,95.8441097145657,30.8473218707116,57.1119379661068,37.9490642579524,73.7147341933146,70.4062923257845,48.7537783218678,49.9517816421531,102.711864409685,123.074223907258,55.9709579441245,43.8642707980017,51.018140416771,89.029880255648,95.9811049593852,9.95903528828021,75.4156466816702,76.9798399746535,31.3694318737324,94.1389801318019,103.75500128824,14.9120919826059
118.313277041119,74.926392875079,79.0392085631108,109.283673483764,89.4342089702174,86.7255187190154,128.139445844489,5.73877419477644,34.0687688568316,28.6095774429359,45.0592300040268,43.6202230275468,19.7400956876281,59.0809319996896,36.3660853656805,52.7142411929918,31.77887947256,92.8582020845481,91.8261001477468,117.483015375855,49.4062130468756,139.632872603756,81.10920329272,67.1316987398223,77.5974075478146,75.865368707454,83.9518032467543,75.2486080184563,61.3068169582099,76.0201433906313,35.0648743748276,40.7519405686908,62.7438552880391,95.0563165717594,146.813135562927,22.9114326023138,41.5050806654572,110.583687545547,33.7695518361865,74.8479052415088,91.4959570160443,83.6387166813347,47.8250563809163,3.98276934679902,47.2898914238025,55.5688488401466,125.790675506,21.9472301110275,44.1139475074804,74.1484063069335,147.47237670497,76.8421655911324,70.0852378040502,80.6666504792069,65.4720011433487,29.2136378551565,69.4527325266946,71.525413716493,74.6818890512708,85.9625520578901,74.3848334911629,73.8038336897044,40.8823764417019,72.1564813387546,21.9472301110275,38.1724127299883,54.1285238616438,34.8866660376793,51.0427970946507,117.242468566773,53.1925780784051,66.5057654879433,75.1461464249774,42.0420322654467,82.8019395860313,70.8205422722231,72.0426081452488,5.73877419477644,106.601661143722,58.7839480017514,63.4245205145138,31.6867621942287,75.8169308532692,57.0889864840103,72.9309646749597,50.840885908665,37.9162623428435,65.3250809373295,48.7990558755751,46.1953348528581,48.2788266527369,17.5910587155372,39.5742097200854,103.146809550669,95.9557448283417,16.994464258514,106.880264834096,67.2132182811318,95.2871595792039,31.2115136931928,60.0626066135897,36.1275685103659,68.3086941783492,82.2909637694844,48.2566781353686,22.0439077610604,101.176417276896,119.676664632296,48.7168109248744,42.6005500216881,51.1903100753057,91.3503200333652,81.3439116046257,10.1549236162211,69.0385803044893,74.603881088998,14.0557926964722,76.6082530030813,103.152080960803,13.5380236034401
124.076089932951,73.7329064089205,70.3241611082337,111.921695134506,88.7431256961168,88.5776157205636,126.806113565443,4.17099968734386,34.033202892833,29.2045471818272,50.6726736200941,43.6807145835429,53.8619386651512,59.3134033820423,37.3562621411672,55.0825617471085,32.4397585666242,94.8412677403115,92.6126077911407,119.606398068649,45.31515788525,141.723102195674,84.7532393053586,57.009653261822,72.7454739770706,77.6562624362158,74.6950816459331,86.1418222110222,65.510057085567,76.0627120023705,36.0196217415617,48.6427033697707,64.9607029102086,84.5751854361,149.010849859809,26.1373021623663,43.0582598728356,114.43077915834,34.5161507798148,69.649530550007,88.322990283435,77.8297980933925,44.6212653775653,3.98276934679902,46.7925845993837,58.0654198596346,128.064210471287,21.9472301110275,70.5131764448725,70.0746206078689,149.679959489963,75.1855911232143,62.902418008274,81.8792775881964,67.3874897285234,27.6086121231218,69.9602693178875,70.5426281647777,80.3155769284202,85.6797372799546,75.1144676923153,73.7711790618625,40.8396974375144,72.8642578322763,21.9472301110275,38.7390037491504,50.1080166328412,37.9488740391009,51.0202131249596,118.246672137542,55.5823891263974,61.4225929525724,77.7000144270023,42.3525179371382,82.7028179476975,71.5292591314978,77.1016635882062,4.17099968734386,118.072952848001,52.3022928114515,62.779191187808,29.9458606009811,71.4358151019493,56.9011650588836,73.9633316616966,53.2011897087385,37.8766798023908,65.1101629548286,44.7582760401966,43.1007185701382,54.2933651000385,17.5910587155372,36.644125573226,102.015199769839,95.6400526808239,17.3617777287408,105.134250086434,70.3971798245116,98.6021008744382,31.8605937500193,59.7750609433948,37.1957363248756,70.1046617197591,84.2774027055489,47.5084671764574,21.9472301110275,102.043012127287,118.431390322335,52.3918024202345,42.5618619209427,51.0498251422728,91.2963726265354,78.5324751323541,9.69627173860918,68.4150996673577,73.578796260733,14.0557926964722,80.0500724449647,106.740634700639,14.4108616530365
116.515081440438,73.9523766262051,81.4806519351954,109.362584248491,88.347666191026,90.2270823403458,129.977175421281,4.17099968734386,52.783826509836,32.1006123763711,47.3541978942292,43.1478563602742,19.7400956876281,69.7788440562126,53.2560437616543,57.9062609063687,35.6566430853018,96.6073742678228,91.5314109846061,117.850545306418,49.1208291186621,140.365344866862,89.0979473759429,67.6400286945448,78.0496324411884,81.7365088148317,86.54499183426,75.8992449048129,68.4734434492058,75.6599819583398,51.3504949852273,49.2604911971503,70.3270239888183,97.9925126482116,147.58327333675,21.9472301110275,47.7425284193575,112.02602297641,35.0101342901112,76.529203800065,93.2440669257295,85.5174820701867,63.4782725593652,3.98276934679902,47.4605471180561,61.0420293715977,126.184194842274,21.9472301110275,44.4689106034556,86.6412268071789,148.245972660539,78.3857055372943,64.7232519749469,79.2781066045653,65.605223784913,34.135668577879,77.2528926169802,72.791080262862,85.6317341421848,84.3277182182409,72.3764529677567,93.7439842760966,63.3403653204181,70.2082660244662,21.9472301110275,38.5855069867289,53.3159666446432,34.09344316024,64.8334229948873,116.866212960895,58.4317109529031,62.2182899535778,75.7051116335723,39.7991127103414,85.2176644239324,71.7935722512016,76.3284098854363,4.17099968734386,106.264916120111,60.5997263077708,68.6962002392179,37.0254748118382,73.592130886054,56.0032694509413,71.8253248322054,51.0177111318732,58.7448704652782,64.0827300492097,48.5171790548265,61.3151406117523,50.7377758388365,17.5910587155372,59.8362351647485,101.286539067186,94.130860678224,16.8055659306668,106.81906341979,68.700079266609,96.5299834478763,35.0200454635645,59.2653615862752,37.1936994737691,72.7088913465204,82.3503838335628,48.2741166357049,21.9472301110275,100.851720990231,121.393024062425,55.8596609481846,53.0446129031092,51.3439086658248,94.9963767208738,105.242450526138,10.1469043140143,72.1587025345055,75.9240221635803,14.0557926964722,84.1536819193993,104.497486458118,15.2978171081891
