"dataset","feature","mean_importance","sd_importance"
"vitro","ENSBTAG00000015043.ENSBTAG00000022799",20.8142010216047,37.8266104144481
"vitro","ENSBTAG00000000283.ENSBTAG00000012771",17.873153776618,37.1948763803436
"vitro","ENSBTAG00000031998.ENSBTAG00000015708",17.587118239324,28.7928083032944
"vitro","ENSBTAG00000022120.ENSBTAG00000019929",17.577533902857,30.9634674029844
"vitro","ENSBTAG00000000470.ENSBTAG00000019929",17.350822971115,35.6411669309053
"vitro","ENSBTAG00000004630.ENSBTAG00000019929",16.7938652591431,34.0302785465139
"vitro","ENSBTAG00000001292.ENSBTAG00000034385",15.5100219845311,23.7339829301241
"vitro","ENSBTAG00000000016.ENSBTAG00000016455",15.4720161372913,31.0761266959423
"vitro","ENSBTAG00000021316.ENSBTAG00000019929",15.0519577377143,30.6700110099232
"vitro","ENSBTAG00000012817.ENSBTAG00000022799",14.3995166351836,31.5342928070552
"vitro","ENSBTAG00000008300.ENSBTAG00000001462",14.3631579669831,30.5748619071563
"vitro","ENSBTAG00000020645.ENSBTAG00000021527",13.6367910842515,19.1588828703323
"vitro","ENSBTAG00000014737.ENSBTAG00000015910",13.4320106635963,24.740332048573
"vitro","ENSBTAG00000020645.ENSBTAG00000014944",13.3964070756637,22.2492607901553
"vitro","ENSBTAG00000015043.ENSBTAG00000007909",12.8605546205556,31.5394285995113
"vitro","ENSBTAG00000025644.ENSBTAG00000010986",12.1911805871716,17.9183924487158
"vitro","ENSBTAG00000017280.ENSBTAG00000037735",11.9651097986773,29.8280927060729
"vitro","ENSBTAG00000009357.ENSBTAG00000012771",11.9336346748229,25.3970721482545
"vitro","ENSBTAG00000013066.ENSBTAG00000002402",11.7090270660589,31.2172310372237
"vitro","ENSBTAG00000007737.ENSBTAG00000019832",10.8462347300252,31.3581142131185
"vitro","ENSBTAG00000026236.ENSBTAG00000019929",10.7174058886888,24.4867324708293
"vitro","ENSBTAG00000008300.ENSBTAG00000015910",10.6537731479138,20.6029018722646
"vitro","ENSBTAG00000020406.ENSBTAG00000021527",10.5385020330017,31.455735835805
"vitro","ENSBTAG00000010123.ENSBTAG00000018517",10.4962061522836,31.4620770549641
"vitro","ENSBTAG00000020645.ENSBTAG00000011628",10.4748996843937,18.383804807004
"vitro","ENSBTAG00000013760.ENSBTAG00000019929",10.3533414620419,29.8792571838724
"vitro","ENSBTAG00000017745.ENSBTAG00000016933",10.3229561193615,27.1057744811908
"vitro","ENSBTAG00000017745.ENSBTAG00000015361",10.1845766341247,22.7337498092432
"vitro","ENSBTAG00000010738.ENSBTAG00000019428",10.1298291959108,17.8493561939645
"vitro","ENSBTAG00000015978.ENSBTAG00000011628",9.98256172452163,26.258229254768
"vitro","ENSBTAG00000017664.ENSBTAG00000011154",9.78532415190363,21.4486857657294
"vitro","ENSBTAG00000008300.ENSBTAG00000011741",9.67837723617495,24.6127739531487
"vitro","ENSBTAG00000017745.ENSBTAG00000010423",9.27890118113496,22.6987750428326
"vitro","ENSBTAG00000020645.ENSBTAG00000012848",9.24767444039717,15.1565310651561
"vitro","ENSBTAG00000015978.ENSBTAG00000013290",9.18295208326297,23.7138854886852
"vitro","ENSBTAG00000020556.ENSBTAG00000018517",8.88464879147297,27.8721771244069
"vitro","ENSBTAG00000017122.ENSBTAG00000011741",8.88265342489215,26.9150820093936
"vitro","ENSBTAG00000020645.ENSBTAG00000005990",8.82197447792195,13.7211663972999
"vitro","ENSBTAG00000025775.ENSBTAG00000016948",8.79612350128207,13.6145730733225
"vitro","ENSBTAG00000017745.ENSBTAG00000018474",8.52478528997344,23.3955358820356
"vitro","ENSBTAG00000014113.ENSBTAG00000019428",8.45978063429265,19.0761053622863
"vitro","ENSBTAG00000003300.ENSBTAG00000002804",8.3786187000145,24.5670927063172
"vitro","ENSBTAG00000010673.ENSBTAG00000000815",8.37322744934865,20.438797212279
"vitro","ENSBTAG00000017473.ENSBTAG00000018169",8.32956457599886,17.3648679974847
"vitro","ENSBTAG00000000016.ENSBTAG00000015312",8.31508019220915,23.3875787941855
"vitro","ENSBTAG00000008300.ENSBTAG00000033669",8.27395884549919,12.5990660979397
"vitro","ENSBTAG00000019665.ENSBTAG00000005273",8.13333994290366,17.6405590668416
"vitro","ENSBTAG00000012817.ENSBTAG00000007909",8.11374234725165,16.3730361530535
"vitro","ENSBTAG00000010161.ENSBTAG00000015133",7.93435779440271,15.5095323485127
"vitro","ENSBTAG00000014575.ENSBTAG00000019929",7.93403281206255,24.9094389571142
"vitro","ENSBTAG00000025257.ENSBTAG00000019428",7.90896570155245,18.1294365365808
"vitro","ENSBTAG00000020645.ENSBTAG00000039292",7.67300316049142,15.8848238583655
"vitro","ENSBTAG00000021457.ENSBTAG00000023147",7.59823592290346,21.2018788357564
"vitro","ENSBTAG00000020645.ENSBTAG00000014600",7.52541191758396,11.906241761491
"vitro","ENSBTAG00000017280.ENSBTAG00000039292",7.44011944845489,21.6529923547085
"vitro","ENSBTAG00000015978.ENSBTAG00000039292",7.35846404173753,14.5027501445083
"vitro","ENSBTAG00000012398.ENSBTAG00000008008",7.25624714227846,16.6838216259066
"vitro","ENSBTAG00000046421.ENSBTAG00000007213",6.92532677433026,20.6526863060449
"vitro","ENSBTAG00000014556.ENSBTAG00000026676",6.92169267595824,19.4396977167153
"vitro","ENSBTAG00000007338.ENSBTAG00000017593",6.80239647989312,8.85052803634494
"vitro","ENSBTAG00000020645.ENSBTAG00000020199",6.38366585297536,13.3606869669876
"vitro","ENSBTAG00000032436.ENSBTAG00000019832",6.17482154609172,17.1447418585697
"vitro","ENSBTAG00000011409.ENSBTAG00000001941",6.17393896736216,10.3767481856877
"vitro","ENSBTAG00000031998.ENSBTAG00000039292",6.13188983941544,12.1773201914006
"vitro","ENSBTAG00000008817.ENSBTAG00000019929",6.07491609299517,15.8692322728901
"vitro","ENSBTAG00000010663.ENSBTAG00000019929",6.07377994173428,12.00994060957
"vitro","ENSBTAG00000017280.ENSBTAG00000005397",6.03281423374027,13.9618664964257
"vitro","ENSBTAG00000045582.ENSBTAG00000002144",6.00903953152248,14.6198628576769
"vitro","ENSBTAG00000014737.ENSBTAG00000011971",5.98588720984145,13.9393619647227
"vitro","ENSBTAG00000020645.ENSBTAG00000006208",5.9331277543863,12.7867206329483
"vitro","ENSBTAG00000020645.ENSBTAG00000014270",5.90736363068732,15.8053092183133
"vitro","ENSBTAG00000017280.ENSBTAG00000047793",5.90640381867533,12.9368648124564
"vitro","ENSBTAG00000045582.ENSBTAG00000012314",5.8557337644865,10.0948384696253
"vitro","ENSBTAG00000046421.ENSBTAG00000006240",5.82848971815348,17.7448484805019
"vitro","ENSBTAG00000005850.ENSBTAG00000022799",5.81060677947294,13.0265760949356
"vitro","ENSBTAG00000010303.ENSBTAG00000007103",5.67084999567431,9.56288067385412
"vitro","ENSBTAG00000011563.ENSBTAG00000010497",5.57891262999636,15.8927301966866
"vitro","ENSBTAG00000003837.ENSBTAG00000011761",5.57362502103723,11.8094830095932
"vitro","ENSBTAG00000017746.ENSBTAG00000010462",5.54904298703715,14.3001805082101
"vitro","ENSBTAG00000017866.ENSBTAG00000008008",5.52394447291992,13.4343148212698
"vitro","ENSBTAG00000008237.ENSBTAG00000005273",5.50171938881183,11.3723149415804
"vitro","ENSBTAG00000014737.ENSBTAG00000000782",5.48908668071412,10.5326646897495
"vitro","ENSBTAG00000010673.ENSBTAG00000006359",5.45716532102758,16.1568023965018
"vitro","ENSBTAG00000006505.ENSBTAG00000006240",5.43625674814177,15.6304813826031
"vitro","ENSBTAG00000020645.ENSBTAG00000011461",5.42064798350251,9.10673086276503
"vitro","ENSBTAG00000002317.ENSBTAG00000026676",5.39136603956534,11.4204382680973
"vitro","ENSBTAG00000016800.ENSBTAG00000007338",5.11864573371535,12.3348659132317
"vitro","ENSBTAG00000000073.ENSBTAG00000008849",5.1110750254216,10.6882752749829
"vitro","ENSBTAG00000017664.ENSBTAG00000015910",5.08735883199799,10.0696815886338
"vitro","ENSBTAG00000005250.ENSBTAG00000008008",4.97525666917194,7.12239848043666
"vitro","ENSBTAG00000014465.ENSBTAG00000019929",4.95475597387088,12.0421349044971
"vitro","ENSBTAG00000009212.ENSBTAG00000012314",4.95414482251532,9.20065571168618
"vitro","ENSBTAG00000009478.ENSBTAG00000018035",4.88885377217902,14.1220439428175
"vitro","ENSBTAG00000016542.ENSBTAG00000019569",4.87013186938805,14.2727893694927
"vitro","ENSBTAG00000000442.ENSBTAG00000007348",4.70432225782546,13.3301749410248
"vitro","ENSBTAG00000013155.ENSBTAG00000008373",4.6769389790254,9.72170847447657
"vitro","ENSBTAG00000011238.ENSBTAG00000017256",4.56624221757168,14.0584492408523
"vitro","ENSBTAG00000014737.ENSBTAG00000000802",4.50826468016819,9.74237320184064
"vitro","ENSBTAG00000002317.ENSBTAG00000011154",4.50233828116036,12.8376478047325
"vitro","ENSBTAG00000001292.ENSBTAG00000032007",4.4745398202768,10.6863652794424
"vitro","ENSBTAG00000000310.ENSBTAG00000022799",4.47033963864696,6.59835022385866
"vitro","ENSBTAG00000016260.ENSBTAG00000011628",4.40882464721111,10.6808444921743
"vitro","ENSBTAG00000000559.ENSBTAG00000020661",4.40072335139575,9.31419312645958
"vitro","ENSBTAG00000013155.ENSBTAG00000010682",4.32662120152387,11.795512752892
"vitro","ENSBTAG00000000016.ENSBTAG00000004211",4.30992855572083,13.0825105258198
"vitro","ENSBTAG00000017473.ENSBTAG00000015910",4.25467724601998,9.63998773776126
"vitro","ENSBTAG00000013363.ENSBTAG00000009851",4.22475624169492,11.5164071026193
"vitro","ENSBTAG00000017473.ENSBTAG00000017266",4.21252588512765,8.61693192962062
"vitro","ENSBTAG00000007319.ENSBTAG00000007909",4.21123643188525,7.44469407891334
"vitro","ENSBTAG00000017664.ENSBTAG00000014357",4.20050569905166,12.1835512992212
"vitro","ENSBTAG00000009876.ENSBTAG00000020736",4.18629329894919,8.91647897482808
"vitro","ENSBTAG00000007338.ENSBTAG00000004917",4.17849909466993,9.9258132041012
"vitro","ENSBTAG00000004362.ENSBTAG00000015996",4.13069365846407,11.7848423240959
"vitro","ENSBTAG00000004362.ENSBTAG00000014357",4.10522001135993,12.1311191032065
"vitro","ENSBTAG00000003300.ENSBTAG00000019929",4.09367898200364,11.2577157988292
"vitro","ENSBTAG00000010963.ENSBTAG00000000973",4.02634079146747,5.93655985148494
"vitro","ENSBTAG00000008237.ENSBTAG00000013205",3.97280992854236,9.90548764319778
"vitro","ENSBTAG00000032436.ENSBTAG00000010444",3.93173775339869,8.80292031645272
"vitro","ENSBTAG00000021466.ENSBTAG00000004885",3.92745442077058,10.7628667845544
"vitro","ENSBTAG00000013103.ENSBTAG00000015910",3.85621627649568,12.0426830756104
"vitro","ENSBTAG00000021807.ENSBTAG00000016247",3.8114665917863,6.70160568798978
"vitro","ENSBTAG00000014737.ENSBTAG00000037649",3.7699792288103,8.09845836861282
"vitro","ENSBTAG00000000073.ENSBTAG00000014611",3.76449002116301,5.99392888290465
"vitro","ENSBTAG00000039355.ENSBTAG00000018993",3.73536209916417,7.37453926824286
"vitro","ENSBTAG00000015362.ENSBTAG00000011909",3.72728444954461,6.58027679366596
"vitro","ENSBTAG00000034077.ENSBTAG00000018999",3.71844578143129,9.39741403714657
"vitro","ENSBTAG00000015362.ENSBTAG00000008997",3.66530785495716,7.43095171751875
"vitro","ENSBTAG00000021697.ENSBTAG00000019929",3.62517812451645,9.86718691567509
"vitro","ENSBTAG00000012638.ENSBTAG00000017753",3.5885276800582,6.76222497256699
"vitro","ENSBTAG00000019267.ENSBTAG00000014357",3.57062655526574,6.69114258460686
"vitro","ENSBTAG00000006295.ENSBTAG00000016948",3.54225499845051,6.772694202476
"vitro","ENSBTAG00000010303.ENSBTAG00000017060",3.53068603912932,5.87113192337971
"vitro","ENSBTAG00000010738.ENSBTAG00000003220",3.48595537988799,6.89691575947765
"vitro","ENSBTAG00000034501.ENSBTAG00000005397",3.48281521190335,5.49955472887523
"vitro","ENSBTAG00000017473.ENSBTAG00000019289",3.46316867711949,6.90518532027937
"vitro","ENSBTAG00000017549.ENSBTAG00000002699",3.43799718089858,8.58122971341785
"vitro","ENSBTAG00000018463.ENSBTAG00000011578",3.40196057871263,9.64293761453061
"vitro","ENSBTAG00000017122.ENSBTAG00000011154",3.38755555693386,10.3076811616597
"vitro","ENSBTAG00000015362.ENSBTAG00000018105",3.3641634560783,6.85003483172101
"vitro","ENSBTAG00000018103.ENSBTAG00000011154",3.32909003873783,8.21102814223556
"vitro","ENSBTAG00000016542.ENSBTAG00000018169",3.31992829158304,8.87348924387662
"vitro","ENSBTAG00000013066.ENSBTAG00000012687",3.29022641241372,10.1685552732938
"vitro","ENSBTAG00000004924.ENSBTAG00000031718",3.27181229345505,6.20791377559726
"vitro","ENSBTAG00000012228.ENSBTAG00000014966",3.22082198113325,8.84241077138334
"vitro","ENSBTAG00000001764.ENSBTAG00000021190",3.17161062882852,4.0702158875498
"vitro","ENSBTAG00000003658.ENSBTAG00000018517",3.16756038481176,8.36795465256866
"vitro","ENSBTAG00000009565.ENSBTAG00000002804",3.13828162121704,7.94899855662631
"vitro","ENSBTAG00000034077.ENSBTAG00000023731",3.06898576748572,8.69470514918964
"vitro","ENSBTAG00000012228.ENSBTAG00000001814",2.98944027532909,6.38251359792817
"vitro","ENSBTAG00000007740.ENSBTAG00000015910",2.9530401864631,8.68725623895133
"vitro","ENSBTAG00000007319.ENSBTAG00000022799",2.93262666208195,5.8437589400043
"vitro","ENSBTAG00000019267.ENSBTAG00000011578",2.9285418605549,6.15662189192022
"vitro","ENSBTAG00000009972.ENSBTAG00000024269",2.91314273788608,8.8566962820935
"vitro","ENSBTAG00000009761.ENSBTAG00000012314",2.88848958680193,6.4089507518942
"vitro","ENSBTAG00000001321.ENSBTAG00000013205",2.88078295781972,4.4392091894578
"vitro","ENSBTAG00000014906.ENSBTAG00000008008",2.87541825623883,6.38950935393746
"vitro","ENSBTAG00000012529.ENSBTAG00000012899",2.8364830287579,4.82238742784863
"vitro","ENSBTAG00000013155.ENSBTAG00000019289",2.82976305768609,5.40896028262296
"vitro","ENSBTAG00000044040.ENSBTAG00000002804",2.80201094264299,8.08502268418183
"vitro","ENSBTAG00000026779.ENSBTAG00000007103",2.77196222277861,5.82398095142487
"vitro","ENSBTAG00000019694.ENSBTAG00000013745",2.7470542525334,6.94479161472835
"vitro","ENSBTAG00000001941.ENSBTAG00000006161",2.72334300635537,7.04054987787782
"vitro","ENSBTAG00000002317.ENSBTAG00000014966",2.66804288813717,5.8540901760959
"vitro","ENSBTAG00000010303.ENSBTAG00000007626",2.62043032916028,4.00054521486286
"vitro","ENSBTAG00000004777.ENSBTAG00000014420",2.61732595444257,5.6246329125691
"vitro","ENSBTAG00000008611.ENSBTAG00000011761",2.59607777458874,5.41492257565737
"vitro","ENSBTAG00000011010.ENSBTAG00000009757",2.57100482588109,5.2153638809535
"vitro","ENSBTAG00000005481.ENSBTAG00000003166",2.56703285550408,5.57797329339181
"vitro","ENSBTAG00000013162.ENSBTAG00000012314",2.5292603639486,6.50524329645161
"vitro","ENSBTAG00000023907.ENSBTAG00000015996",2.49356673871213,5.50355238874753
"vitro","ENSBTAG00000011238.ENSBTAG00000002951",2.46790942306988,7.62830497264153
"vitro","ENSBTAG00000016542.ENSBTAG00000015910",2.46051508653278,7.0041559816064
"vitro","ENSBTAG00000013103.ENSBTAG00000019929",2.4408289565836,7.05928142213145
"vitro","ENSBTAG00000011585.ENSBTAG00000015046",2.43872470670033,6.17424681022932
"vitro","ENSBTAG00000021316.ENSBTAG00000003585",2.41751484371519,6.7621665734414
"vitro","ENSBTAG00000022635.ENSBTAG00000009757",2.41566179809303,3.96940477982863
"vitro","ENSBTAG00000010963.ENSBTAG00000009024",2.40891915460749,5.54648407637775
"vitro","ENSBTAG00000016648.ENSBTAG00000015910",2.40856589033236,6.96390615913688
"vitro","ENSBTAG00000013718.ENSBTAG00000005072",2.40054571626775,4.70628797978448
"vitro","ENSBTAG00000007737.ENSBTAG00000006240",2.36510679975569,5.86182361037498
"vitro","ENSBTAG00000021048.ENSBTAG00000016948",2.36334854386772,3.9573578670261
"vitro","ENSBTAG00000009478.ENSBTAG00000006420",2.35173886588416,5.85465142642789
"vitro","ENSBTAG00000015509.ENSBTAG00000012687",2.3446202786347,6.9018787546346
"vitro","ENSBTAG00000005260.ENSBTAG00000019929",2.33205402385456,4.69461745218015
"vitro","ENSBTAG00000000073.ENSBTAG00000012314",2.31539305149474,5.33733830849023
"vitro","ENSBTAG00000016515.ENSBTAG00000015510",2.31290264894619,5.27544151321805
"vitro","ENSBTAG00000009478.ENSBTAG00000018114",2.27579591776155,5.3645756390454
"vitro","ENSBTAG00000001321.ENSBTAG00000005273",2.27506330340581,5.16456058455823
"vitro","ENSBTAG00000010161.ENSBTAG00000039292",2.26703160231681,4.35697087187263
"vitro","ENSBTAG00000016515.ENSBTAG00000006359",2.2034920560567,6.34074822874576
"vitro","ENSBTAG00000015362.ENSBTAG00000006420",2.20068373930363,2.74020234156424
"vitro","ENSBTAG00000008300.ENSBTAG00000013125",2.18980329888585,5.95223894567134
"vitro","ENSBTAG00000016542.ENSBTAG00000019289",2.17681488726838,6.46825124579386
"vitro","ENSBTAG00000020645.ENSBTAG00000017489",2.17359873977077,6.13262635909156
"vitro","ENSBTAG00000021457.ENSBTAG00000011986",2.16330389971519,2.80440107596447
"vitro","ENSBTAG00000017866.ENSBTAG00000006240",2.15925447118772,6.00992795109372
"vitro","ENSBTAG00000014583.ENSBTAG00000010986",2.14982355606045,3.06217024590576
"vitro","ENSBTAG00000008300.ENSBTAG00000017266",2.13484760089991,3.2091948939858
"vitro","ENSBTAG00000005691.ENSBTAG00000027464",2.13131883844504,6.18229394033314
"vitro","ENSBTAG00000015991.ENSBTAG00000018993",2.12212194474307,6.12212192518543
"vitro","ENSBTAG00000015114.ENSBTAG00000019929",2.12014257969402,6.16197765741554
"vitro","ENSBTAG00000038735.ENSBTAG00000016948",2.11618031621828,5.02927689955035
"vitro","ENSBTAG00000021333.ENSBTAG00000017801",2.11307976762973,3.77861014972686
"vitro","ENSBTAG00000011082.ENSBTAG00000002402",2.05483805510678,3.56731830522996
"vitro","ENSBTAG00000023907.ENSBTAG00000013755",2.02324700335138,4.28132835818189
"vitro","ENSBTAG00000012004.ENSBTAG00000019929",2.01357782960834,5.37116869504315
"vitro","ENSBTAG00000014737.ENSBTAG00000001462",1.97361434346566,3.57418778838812
"vitro","ENSBTAG00000010726.ENSBTAG00000025101",1.97350226128813,4.64440462910385
"vitro","ENSBTAG00000009615.ENSBTAG00000013290",1.95787796966585,6.19135376481015
"vitro","ENSBTAG00000040333.ENSBTAG00000013290",1.95707797312089,4.8882885290632
"vitro","ENSBTAG00000008300.ENSBTAG00000014357",1.94436617622354,5.05991886589079
"vitro","ENSBTAG00000005359.ENSBTAG00000008997",1.91892183858854,4.37285636620644
"vitro","ENSBTAG00000004777.ENSBTAG00000017753",1.91556971574056,5.52853192046712
"vitro","ENSBTAG00000015362.ENSBTAG00000018114",1.91375963582006,3.29913820356929
"vitro","ENSBTAG00000017312.ENSBTAG00000017136",1.91050361761896,5.93975681662353
"vitro","ENSBTAG00000007273.ENSBTAG00000034385",1.90775240206099,3.57265703436685
"vitro","ENSBTAG00000006538.ENSBTAG00000019903",1.90301124838477,3.73249288156612
"vitro","ENSBTAG00000010663.ENSBTAG00000013745",1.89030674137989,3.73099982710101
"vitro","ENSBTAG00000047567.ENSBTAG00000000570",1.88708848790041,3.14856427966513
"vitro","ENSBTAG00000021499.ENSBTAG00000008849",1.87896703546335,4.98185863226202
"vitro","ENSBTAG00000016208.ENSBTAG00000015910",1.86815719509331,3.78579414960874
"vitro","ENSBTAG00000019770.ENSBTAG00000012314",1.86439498637864,3.61863446626093
"vitro","ENSBTAG00000007740.ENSBTAG00000026676",1.84656334276281,5.83934600690468
"vitro","ENSBTAG00000006655.ENSBTAG00000008218",1.84349581218931,4.83145342349633
"vitro","ENSBTAG00000017246.ENSBTAG00000010444",1.82268425626652,2.9573498232449
"vitro","ENSBTAG00000014218.ENSBTAG00000011761",1.81828160860556,3.4857940642274
"vitro","ENSBTAG00000025471.ENSBTAG00000024928",1.81077088434665,4.11312712210167
"vitro","ENSBTAG00000010663.ENSBTAG00000015910",1.80939697829347,3.18493730832645
"vitro","ENSBTAG00000017246.ENSBTAG00000018035",1.80058037388863,4.50878374196995
"vitro","ENSBTAG00000009478.ENSBTAG00000014354",1.78604906928385,3.69848745313813
"vitro","ENSBTAG00000003658.ENSBTAG00000015910",1.78284973709993,3.88836118009596
"vitro","ENSBTAG00000019993.ENSBTAG00000027516",1.77794842174357,3.90601952197114
"vitro","ENSBTAG00000012398.ENSBTAG00000014357",1.77700007258607,3.87977812847586
"vitro","ENSBTAG00000011757.ENSBTAG00000007909",1.77469547461842,2.88224388576303
"vitro","ENSBTAG00000018773.ENSBTAG00000019866",1.76448997366478,4.24929927804769
"vitro","ENSBTAG00000004630.ENSBTAG00000003585",1.75683491033993,4.71682087559567
"vitro","ENSBTAG00000013191.ENSBTAG00000019929",1.75660574834314,3.52254048912718
"vitro","ENSBTAG00000021316.ENSBTAG00000015910",1.75027657052103,3.02083894995043
"vitro","ENSBTAG00000000016.ENSBTAG00000024928",1.74881158256507,4.8924859955335
"vitro","ENSBTAG00000009476.ENSBTAG00000013745",1.73745702114948,5.24978893683125
"vitro","ENSBTAG00000010123.ENSBTAG00000014611",1.72639570541968,5.06798636371314
"vitro","ENSBTAG00000016542.ENSBTAG00000017266",1.72301793922505,4.68839684279714
"vitro","ENSBTAG00000001764.ENSBTAG00000026676",1.72290202362473,4.28291396092946
"vitro","ENSBTAG00000010361.ENSBTAG00000022799",1.70734326226017,2.93873511697108
"vitro","ENSBTAG00000010303.ENSBTAG00000020892",1.69353850466578,4.67699737577843
"vitro","ENSBTAG00000007737.ENSBTAG00000006378",1.68632335877285,3.32256239413505
"vitro","ENSBTAG00000017664.ENSBTAG00000019712",1.67354058765653,3.34606686477605
"vitro","ENSBTAG00000012638.ENSBTAG00000014420",1.66073309334454,3.27453458543598
"vitro","ENSBTAG00000005359.ENSBTAG00000024269",1.66021536582802,4.91800212593256
"vitro","ENSBTAG00000001492.ENSBTAG00000007213",1.64295277713872,4.51291326330565
"vitro","ENSBTAG00000032808.ENSBTAG00000004211",1.64016501903112,3.31653981834984
"vitro","ENSBTAG00000013760.ENSBTAG00000003585",1.63466305880826,3.42203390026889
"vitro","ENSBTAG00000005359.ENSBTAG00000018035",1.63068519212075,3.81954050763945
"vitro","ENSBTAG00000032436.ENSBTAG00000006240",1.62862309197107,5.02100432261244
"vitro","ENSBTAG00000001745.ENSBTAG00000015910",1.61881527839756,4.20836831514908
"vitro","ENSBTAG00000019964.ENSBTAG00000003166",1.60564329969888,3.67214356710931
"vitro","ENSBTAG00000017246.ENSBTAG00000006240",1.60411118437861,5.01280612142648
"vitro","ENSBTAG00000011851.ENSBTAG00000015510",1.60252215643465,4.49339902687434
"vitro","ENSBTAG00000005947.ENSBTAG00000013125",1.59825774856878,5.05413477349005
"vitro","ENSBTAG00000000575.ENSBTAG00000011628",1.5830713389693,3.81995921258108
"vitro","ENSBTAG00000005691.ENSBTAG00000024269",1.57220512552422,2.80786949008302
"vitro","ENSBTAG00000000575.ENSBTAG00000015296",1.57052188170008,3.50330516534697
"vitro","ENSBTAG00000004226.ENSBTAG00000026278",1.56558152834503,4.78997650155707
"vitro","ENSBTAG00000006045.ENSBTAG00000034385",1.56519614164903,4.61147346315724
"vitro","ENSBTAG00000011851.ENSBTAG00000002699",1.56200219635151,2.96683816859825
"vitro","ENSBTAG00000008300.ENSBTAG00000018993",1.55492427758936,4.79881079985284
"vitro","ENSBTAG00000015991.ENSBTAG00000010444",1.546165248522,2.60470812921814
"vitro","ENSBTAG00000014921.ENSBTAG00000017745",1.53805148192854,2.66721904844544
"vitro","ENSBTAG00000004261.ENSBTAG00000017060",1.53349122393785,2.84332132711235
"vitro","ENSBTAG00000004924.ENSBTAG00000039292",1.52525825448981,3.16702227154836
"vitro","ENSBTAG00000021466.ENSBTAG00000015910",1.51132261510576,3.10863290451071
"vitro","ENSBTAG00000037533.ENSBTAG00000005397",1.50699942941622,3.8277613555751
"vitro","ENSBTAG00000022635.ENSBTAG00000015910",1.50601067938489,2.11556284557382
"vitro","ENSBTAG00000023652.ENSBTAG00000005828",1.50000991521326,3.32791375141438
"vitro","ENSBTAG00000017246.ENSBTAG00000019832",1.49120915651629,3.32794332937728
"vitro","ENSBTAG00000007897.ENSBTAG00000016948",1.48255420014701,3.60942302210689
"vitro","ENSBTAG00000023907.ENSBTAG00000020644",1.48192131969365,3.90253912882665
"vitro","ENSBTAG00000002317.ENSBTAG00000018052",1.48142984209378,3.14050053773278
"vitro","ENSBTAG00000011851.ENSBTAG00000011425",1.47588570232609,3.09981721448822
"vitro","ENSBTAG00000010334.ENSBTAG00000046199",1.47255500821688,3.69805575432292
"vitro","ENSBTAG00000009972.ENSBTAG00000011909",1.4701554200064,3.04502331000046
"vitro","ENSBTAG00000015362.ENSBTAG00000000231",1.46898807796371,2.76311102530116
"vitro","ENSBTAG00000009478.ENSBTAG00000000231",1.46305160448068,2.99187551055549
"vitro","ENSBTAG00000037899.ENSBTAG00000007909",1.45286064687749,2.62256477516032
"vitro","ENSBTAG00000005260.ENSBTAG00000013755",1.45243998034911,3.70032314525152
"vitro","ENSBTAG00000032436.ENSBTAG00000012314",1.45214287727498,3.56793058766664
"vitro","ENSBTAG00000017664.ENSBTAG00000011578",1.44996319421572,4.58518621713476
"vitro","ENSBTAG00000019964.ENSBTAG00000005828",1.44471480818034,4.56858936322314
"vitro","ENSBTAG00000009393.ENSBTAG00000039292",1.44175317745682,3.12871060475582
"vitro","ENSBTAG00000012817.ENSBTAG00000005397",1.41910533750761,2.61818265594462
"vitro","ENSBTAG00000006538.ENSBTAG00000016948",1.40856513024557,2.3271487365671
"vitro","ENSBTAG00000000277.ENSBTAG00000011238",1.40544066655997,2.65343175875184
"vitro","ENSBTAG00000007737.ENSBTAG00000011628",1.40337059401572,2.12880008109115
"vitro","ENSBTAG00000012398.ENSBTAG00000012314",1.39938668432082,2.49004461596834
"vitro","ENSBTAG00000011291.ENSBTAG00000006732",1.39786922353818,2.91983926277357
"vitro","ENSBTAG00000010123.ENSBTAG00000014269",1.39423899654359,3.47009144253724
"vitro","ENSBTAG00000014583.ENSBTAG00000014600",1.39181441687933,3.20992131669925
"vitro","ENSBTAG00000016800.ENSBTAG00000000782",1.38990351337776,3.01716700659579
"vitro","ENSBTAG00000015991.ENSBTAG00000011628",1.38424134407897,3.57547396174819
"vitro","ENSBTAG00000037899.ENSBTAG00000022799",1.38356909042352,2.00189729463012
"vitro","ENSBTAG00000020221.ENSBTAG00000005903",1.38093992906881,3.60524753506902
"vitro","ENSBTAG00000016515.ENSBTAG00000000815",1.38034448498017,3.08104541137488
"vitro","ENSBTAG00000009876.ENSBTAG00000006420",1.38025313749183,2.12581657049703
"vitro","ENSBTAG00000007737.ENSBTAG00000007909",1.36665098656668,3.37853756450606
"vitro","ENSBTAG00000023907.ENSBTAG00000013745",1.36288999218839,3.2544787028463
"vitro","ENSBTAG00000013103.ENSBTAG00000013745",1.36066471863807,4.03375080488938
"vitro","ENSBTAG00000020645.ENSBTAG00000013674",1.3575909065438,4.1782390670655
"vitro","ENSBTAG00000034077.ENSBTAG00000017846",1.35404700314392,2.7058655758344
"vitro","ENSBTAG00000005481.ENSBTAG00000022799",1.35029010605938,2.81950358910589
"vitro","ENSBTAG00000014465.ENSBTAG00000013755",1.3471397594528,3.02617906026388
"vitro","ENSBTAG00000003176.ENSBTAG00000015910",1.3417608813775,3.17213751596564
"vitro","ENSBTAG00000008027.ENSBTAG00000016948",1.33071606512716,3.61786985640536
"vitro","ENSBTAG00000004129.ENSBTAG00000014162",1.32531440735429,3.52617471663343
"vitro","ENSBTAG00000025644.ENSBTAG00000014600",1.32097992697118,3.59961299890093
"vitro","ENSBTAG00000013155.ENSBTAG00000015910",1.32089179712434,2.70897177146793
"vitro","ENSBTAG00000017246.ENSBTAG00000006378",1.31963948228922,2.88341591065325
"vitro","ENSBTAG00000013066.ENSBTAG00000021527",1.31600333137232,3.93920781553003
"vitro","ENSBTAG00000013103.ENSBTAG00000004885",1.27047002070878,3.66773680054931
"vitro","ENSBTAG00000001941.ENSBTAG00000023144",1.26136711323662,2.04405666870551
"vitro","ENSBTAG00000013760.ENSBTAG00000015910",1.25939025683758,3.06060841833174
"vitro","ENSBTAG00000014218.ENSBTAG00000005903",1.25803292438655,2.88600488460537
"vitro","ENSBTAG00000017122.ENSBTAG00000019289",1.25307841842547,1.49073034491298
"vitro","ENSBTAG00000000575.ENSBTAG00000015910",1.24338207042155,2.92295960643172
"vitro","ENSBTAG00000004594.ENSBTAG00000019569",1.23498865444223,3.11474821261884
"vitro","ENSBTAG00000013103.ENSBTAG00000001462",1.23130532285071,3.43311414076165
"vitro","ENSBTAG00000020676.ENSBTAG00000017060",1.22422917794393,2.18562849211239
"vitro","ENSBTAG00000003832.ENSBTAG00000022799",1.21972178016918,2.22287722413237
"vitro","ENSBTAG00000000016.ENSBTAG00000010497",1.21484141001507,3.66295131431115
"vitro","ENSBTAG00000023907.ENSBTAG00000000782",1.21374312221279,3.79389385241213
"vitro","ENSBTAG00000007897.ENSBTAG00000023731",1.21025605234325,2.60608617615654
"vitro","ENSBTAG00000009972.ENSBTAG00000018105",1.20561341909583,3.02123849507333
"vitro","ENSBTAG00000025644.ENSBTAG00000011628",1.20314217183408,3.31173467620742
"vitro","ENSBTAG00000001292.ENSBTAG00000032719",1.20296494727219,1.91942918026996
"vitro","ENSBTAG00000007740.ENSBTAG00000007909",1.19933205962965,3.07571443462877
"vitro","ENSBTAG00000007153.ENSBTAG00000012219",1.19661052587472,2.96470716538845
"vitro","ENSBTAG00000004630.ENSBTAG00000013745",1.18697622959121,2.06656741605012
"vitro","ENSBTAG00000007740.ENSBTAG00000017266",1.18172513624337,3.73694299880185
"vitro","ENSBTAG00000005691.ENSBTAG00000015457",1.17032023565228,2.66743567382279
"vitro","ENSBTAG00000020342.ENSBTAG00000007047",1.16631773869512,2.98469026285492
"vitro","ENSBTAG00000002411.ENSBTAG00000007421",1.16404543466125,3.51341704433614
"vitro","ENSBTAG00000007737.ENSBTAG00000012314",1.16210142278895,2.47270454680938
"vitro","ENSBTAG00000010562.ENSBTAG00000011515",1.15585385435799,1.83825139062935
"vitro","ENSBTAG00000021316.ENSBTAG00000019289",1.15418294850724,3.14471509656401
"vitro","ENSBTAG00000005339.ENSBTAG00000015910",1.15231567842241,1.53113560362862
"vitro","ENSBTAG00000005710.ENSBTAG00000014064",1.14841263040428,3.18640399829828
"vitro","ENSBTAG00000007148.ENSBTAG00000034848",1.14463668107825,3.61965900558303
"vitro","ENSBTAG00000013688.ENSBTAG00000011971",1.13397609632958,3.26527389442471
"vitro","ENSBTAG00000038735.ENSBTAG00000019903",1.13323854518254,1.82470735717009
"vitro","ENSBTAG00000005250.ENSBTAG00000006240",1.13225004753339,3.53726130318605
"vitro","ENSBTAG00000004129.ENSBTAG00000003220",1.12207323740419,1.94270961349855
"vitro","ENSBTAG00000005710.ENSBTAG00000009851",1.11974702387015,2.71199272741453
"vitro","ENSBTAG00000037533.ENSBTAG00000037735",1.1170322767907,2.6115554870332
"vitro","ENSBTAG00000025471.ENSBTAG00000004211",1.11695958412781,2.24825573326492
"vitro","ENSBTAG00000005691.ENSBTAG00000014064",1.11638958421808,2.48290198204308
"vitro","ENSBTAG00000002473.ENSBTAG00000003777",1.11421695049872,3.2289847499935
"vitro","ENSBTAG00000005359.ENSBTAG00000019832",1.1091849601659,2.99704327744678
"vitro","ENSBTAG00000008096.ENSBTAG00000019733",1.10631794401352,2.30822067143922
"vitro","ENSBTAG00000007244.ENSBTAG00000015910",1.10482309459148,1.88823540768927
"vitro","ENSBTAG00000013688.ENSBTAG00000019866",1.0993161052399,2.33290710966845
"vitro","ENSBTAG00000022635.ENSBTAG00000012897",1.08814200578139,1.63485398581296
"vitro","ENSBTAG00000022120.ENSBTAG00000013745",1.0866153281132,3.43617937728891
"vitro","ENSBTAG00000006396.ENSBTAG00000003798",1.08602317384667,2.29035032067535
"vitro","ENSBTAG00000022120.ENSBTAG00000017060",1.08372420929952,2.68110753639898
"vitro","ENSBTAG00000011851.ENSBTAG00000012771",1.07482906208963,2.76237878141818
"vitro","ENSBTAG00000021326.ENSBTAG00000014798",1.05705326585197,2.91605096999896
"vitro","ENSBTAG00000010991.ENSBTAG00000007348",1.02969292120436,1.5990901528491
"vitro","ENSBTAG00000021217.ENSBTAG00000019289",1.02624105663954,3.00289847435036
"vitro","ENSBTAG00000007244.ENSBTAG00000000253",1.02524412853205,2.07761191914403
"vitro","ENSBTAG00000025775.ENSBTAG00000002144",1.01576050464799,2.14713956853337
"vitro","ENSBTAG00000016208.ENSBTAG00000015127",1.01402264508367,3.20662115745293
"vitro","ENSBTAG00000013472.ENSBTAG00000019289",1.00992499134431,2.3932581714529
"vitro","ENSBTAG00000021466.ENSBTAG00000019289",1.00660045521918,2.18191154733917
"vitro","ENSBTAG00000007740.ENSBTAG00000013320",1.00645621030636,3.18269398978952
"vitro","ENSBTAG00000000073.ENSBTAG00000018517",1.00158102189914,3.04618403116065
"vitro","ENSBTAG00000005077.ENSBTAG00000039292",1.00081410022188,2.0768798041379
"vitro","ENSBTAG00000013103.ENSBTAG00000019289",1.000561396734,2.9597548162479
"vitro","ENSBTAG00000014583.ENSBTAG00000020661",1.00015533805491,2.08143453381177
"vitro","ENSBTAG00000014906.ENSBTAG00000011515",0.998291793280018,1.75339215050805
"vitro","ENSBTAG00000007773.ENSBTAG00000015910",0.994162941451789,3.14381926032028
"vitro","ENSBTAG00000013155.ENSBTAG00000008165",0.992857467266295,1.83328646658795
"vitro","ENSBTAG00000007273.ENSBTAG00000032719",0.989662983180045,1.6616388092066
"vitro","ENSBTAG00000007737.ENSBTAG00000006161",0.986253147138632,2.85026124789945
"vitro","ENSBTAG00000025471.ENSBTAG00000010497",0.982036481426496,1.7304948378877
"vitro","ENSBTAG00000015991.ENSBTAG00000021190",0.982014534201411,2.66893320320573
"vitro","ENSBTAG00000013003.ENSBTAG00000021527",0.980833843898735,2.4736443827968
"vitro","ENSBTAG00000005947.ENSBTAG00000019712",0.979950560036126,3.09887576407173
"vitro","ENSBTAG00000003253.ENSBTAG00000007665",0.971857615626705,1.66751355522397
"vitro","ENSBTAG00000020676.ENSBTAG00000011578",0.961376845734187,1.91461129684724
"vitro","ENSBTAG00000013103.ENSBTAG00000011578",0.957636190039735,2.86269866198745
"vitro","ENSBTAG00000014127.ENSBTAG00000039652",0.955662405496858,2.07751400087136
"vitro","ENSBTAG00000015089.ENSBTAG00000023144",0.953939978888277,2.54413751030346
"vitro","ENSBTAG00000012004.ENSBTAG00000019832",0.943748757372856,2.11716098798836
"vitro","ENSBTAG00000032808.ENSBTAG00000007498",0.939973422453939,1.83078820915343
"vitro","ENSBTAG00000025471.ENSBTAG00000020054",0.936231539623898,2.16133617591748
"vitro","ENSBTAG00000010138.ENSBTAG00000019866",0.934776237243071,1.60135957621609
"vitro","ENSBTAG00000006538.ENSBTAG00000002144",0.933749766640296,1.4621966060338
"vitro","ENSBTAG00000007740.ENSBTAG00000011154",0.93289114597069,2.0993343858121
"vitro","ENSBTAG00000013103.ENSBTAG00000017866",0.932170048111222,2.49794643711764
"vitro","ENSBTAG00000032436.ENSBTAG00000002144",0.932084949675786,2.2006842494884
"vitro","ENSBTAG00000014921.ENSBTAG00000007101",0.92759247196222,1.83143217330934
"vitro","ENSBTAG00000025775.ENSBTAG00000019903",0.911874423854215,1.77924004470043
"vitro","ENSBTAG00000039355.ENSBTAG00000011515",0.90793800165426,1.92153975957107
"vitro","ENSBTAG00000013162.ENSBTAG00000002144",0.907865206962557,2.14386886340751
"vitro","ENSBTAG00000020221.ENSBTAG00000016999",0.90672766417472,2.50231724642083
"vitro","ENSBTAG00000012413.ENSBTAG00000015457",0.906579992021335,1.6566936319604
"vitro","ENSBTAG00000008300.ENSBTAG00000017489",0.904741980222456,1.63290347268852
"vitro","ENSBTAG00000016208.ENSBTAG00000014944",0.903464517518981,1.8370778210707
"vitro","ENSBTAG00000018103.ENSBTAG00000006240",0.899096051426249,1.84699284607426
"vitro","ENSBTAG00000014575.ENSBTAG00000003585",0.894521331079428,1.52035045947953
"vitro","ENSBTAG00000014575.ENSBTAG00000015910",0.88869150902105,1.81344148623144
"vitro","ENSBTAG00000010963.ENSBTAG00000002414",0.887314290624423,1.87880062940803
"vitro","ENSBTAG00000015991.ENSBTAG00000000253",0.880725035182318,2.36977945932251
"vitro","ENSBTAG00000007708.ENSBTAG00000000244",0.87939063411154,1.61593022352844
"vitro","ENSBTAG00000011802.ENSBTAG00000017266",0.876256217533445,2.11147864158762
"vitro","ENSBTAG00000013191.ENSBTAG00000015910",0.870115626892084,1.25331429198303
"vitro","ENSBTAG00000005198.ENSBTAG00000019866",0.866409723339723,1.20296287803949
"vitro","ENSBTAG00000001941.ENSBTAG00000011409",0.863742355489573,1.64913788253473
"vitro","ENSBTAG00000032436.ENSBTAG00000006378",0.857134333602408,2.44683994239641
"vitro","ENSBTAG00000008817.ENSBTAG00000015910",0.846716869057635,1.83037601637446
"vitro","ENSBTAG00000032436.ENSBTAG00000022799",0.8430748433276,1.82166332911072
"vitro","ENSBTAG00000008300.ENSBTAG00000011578",0.84211434416527,1.77605499378091
"vitro","ENSBTAG00000020194.ENSBTAG00000015457",0.840202320110076,2.02841165483041
"vitro","ENSBTAG00000016208.ENSBTAG00000038141",0.839505811643435,2.12224547373643
"vitro","ENSBTAG00000007268.ENSBTAG00000015910",0.833217401734175,1.76307325850529
"vitro","ENSBTAG00000011851.ENSBTAG00000004917",0.832920968862406,2.03122275622927
"vitro","ENSBTAG00000002317.ENSBTAG00000012119",0.832274121664824,1.42717664665628
"vitro","ENSBTAG00000010123.ENSBTAG00000012314",0.83144446735634,1.49449630495374
"vitro","ENSBTAG00000015352.ENSBTAG00000012599",0.831158521468412,2.62835402449814
"vitro","ENSBTAG00000025644.ENSBTAG00000011515",0.83052930826728,1.55041223980768
"vitro","ENSBTAG00000047567.ENSBTAG00000019866",0.830472778554297,1.80204910444313
"vitro","ENSBTAG00000007446.ENSBTAG00000008733",0.830045741001365,1.62917703926152
"vitro","ENSBTAG00000013103.ENSBTAG00000010682",0.829881973481332,2.47359945974357
"vitro","ENSBTAG00000008300.ENSBTAG00000013745",0.829653972131478,2.14044566932137
"vitro","ENSBTAG00000005260.ENSBTAG00000013745",0.826309977160281,1.7420304428957
"vitro","ENSBTAG00000003835.ENSBTAG00000006420",0.82629147066279,1.75227592933089
"vitro","ENSBTAG00000005359.ENSBTAG00000011909",0.823849189881227,2.56139488464229
"vitro","ENSBTAG00000012088.ENSBTAG00000015910",0.815298395296644,1.51894287147457
"vitro","ENSBTAG00000011802.ENSBTAG00000015910",0.814919921193287,1.27046370087804
"vitro","ENSBTAG00000017746.ENSBTAG00000009851",0.814762686798935,1.6659343138066
"vitro","ENSBTAG00000017246.ENSBTAG00000012314",0.809958732968313,1.6805859879045
"vitro","ENSBTAG00000005198.ENSBTAG00000011578",0.805890324124001,2.54844896852318
"vitro","ENSBTAG00000004086.ENSBTAG00000019712",0.798266733196435,1.29404827321058
"vitro","ENSBTAG00000012210.ENSBTAG00000037735",0.796937516022865,1.67541079300998
"vitro","ENSBTAG00000010726.ENSBTAG00000012314",0.79571796019487,1.56671060577048
"vitro","ENSBTAG00000025775.ENSBTAG00000020704",0.795622963680837,2.51598072396487
"vitro","ENSBTAG00000013901.ENSBTAG00000014269",0.792970786659075,1.73508114125158
"vitro","ENSBTAG00000005691.ENSBTAG00000019866",0.791084162455336,1.5242285512434
"vitro","ENSBTAG00000012109.ENSBTAG00000013674",0.786987865420463,1.54975654621639
"vitro","ENSBTAG00000005077.ENSBTAG00000001060",0.784549502488475,2.4211191082338
"vitro","ENSBTAG00000004148.ENSBTAG00000003255",0.784146606541977,2.27004075638123
"vitro","ENSBTAG00000006354.ENSBTAG00000025101",0.784080798192597,1.89105593583641
"vitro","ENSBTAG00000015177.ENSBTAG00000010249",0.781214897843042,1.67269915424667
"vitro","ENSBTAG00000038221.ENSBTAG00000006359",0.780291769469156,1.30750479621949
"vitro","ENSBTAG00000020342.ENSBTAG00000002107",0.774662339461898,1.63364848941071
"vitro","ENSBTAG00000025644.ENSBTAG00000004588",0.766800986525797,1.92910113779948
"vitro","ENSBTAG00000005339.ENSBTAG00000015996",0.76679002284,1.15211713697524
"vitro","ENSBTAG00000007740.ENSBTAG00000012119",0.765421372782709,2.42047490776617
"vitro","ENSBTAG00000019269.ENSBTAG00000019289",0.762528138503164,2.15304064230232
"vitro","ENSBTAG00000001368.ENSBTAG00000015910",0.761070043790597,2.28575850145507
"vitro","ENSBTAG00000017060.ENSBTAG00000007103",0.758280456743797,1.30740050773561
"vitro","ENSBTAG00000011082.ENSBTAG00000021527",0.75634595791169,2.23076814879472
"vitro","ENSBTAG00000016648.ENSBTAG00000017266",0.754162871102697,1.65075606327154
"vitro","ENSBTAG00000019336.ENSBTAG00000011761",0.753184527374192,2.16857856027887
"vitro","ENSBTAG00000000575.ENSBTAG00000026676",0.753022481790643,1.98023330230457
"vitro","ENSBTAG00000007737.ENSBTAG00000012599",0.747288910351102,2.14510151788013
"vitro","ENSBTAG00000011851.ENSBTAG00000000782",0.744937926913264,1.38185829184903
"vitro","ENSBTAG00000005710.ENSBTAG00000015457",0.742274577813416,1.30628754277658
"vitro","ENSBTAG00000009761.ENSBTAG00000002144",0.739580179258154,1.65254185494729
"vitro","ENSBTAG00000003585.ENSBTAG00000007213",0.739283028824311,1.34339412739557
"vitro","ENSBTAG00000020194.ENSBTAG00000014064",0.738515462999737,2.01781943936597
"vitro","ENSBTAG00000014906.ENSBTAG00000015910",0.737461188583738,1.56875760137431
"vitro","ENSBTAG00000019866.ENSBTAG00000000782",0.731247791426473,2.24778989432979
"vitro","ENSBTAG00000007737.ENSBTAG00000018035",0.722790180751556,1.97785765789674
"vitro","ENSBTAG00000008027.ENSBTAG00000017489",0.720498654493671,1.6194412395011
"vitro","ENSBTAG00000014583.ENSBTAG00000011515",0.718264716200416,1.53106566606938
"vitro","ENSBTAG00000005947.ENSBTAG00000015910",0.7171457507591,1.39659173136548
"vitro","ENSBTAG00000007737.ENSBTAG00000022799",0.710189257308318,1.17149425142346
"vitro","ENSBTAG00000003176.ENSBTAG00000017060",0.708474679135402,1.73128177195975
"vitro","ENSBTAG00000017664.ENSBTAG00000006161",0.705884466253226,1.90363822710343
"vitro","ENSBTAG00000017753.ENSBTAG00000015228",0.705310326083682,1.48855152803426
"vitro","ENSBTAG00000019839.ENSBTAG00000015910",0.704909566364255,1.44974338733255
"vitro","ENSBTAG00000005260.ENSBTAG00000005990",0.698933402866307,1.57513744780639
"vitro","ENSBTAG00000000575.ENSBTAG00000019929",0.696851662721872,2.06513102866019
"vitro","ENSBTAG00000014583.ENSBTAG00000014567",0.694954746045704,1.02958195217017
"vitro","ENSBTAG00000005260.ENSBTAG00000015910",0.694065971316435,1.57490899813789
"vitro","ENSBTAG00000005108.ENSBTAG00000001060",0.691973109803532,1.32377936593622
"vitro","ENSBTAG00000008817.ENSBTAG00000017266",0.691947732513306,1.5532517465035
"vitro","ENSBTAG00000014051.ENSBTAG00000013745",0.683323142167479,1.89840841606892
"vitro","ENSBTAG00000018343.ENSBTAG00000004211",0.678579914650434,1.27251445268352
"vitro","ENSBTAG00000010820.ENSBTAG00000002107",0.678124659989343,1.19841002910589
"vitro","ENSBTAG00000011757.ENSBTAG00000022799",0.676750648529762,1.40312238819565
"vitro","ENSBTAG00000001141.ENSBTAG00000015910",0.673865208227548,1.68142982487949
"vitro","ENSBTAG00000010138.ENSBTAG00000011971",0.672958397393831,1.2733051930104
"vitro","ENSBTAG00000010161.ENSBTAG00000014162",0.671033402387939,1.47935198827316
"vitro","ENSBTAG00000011966.ENSBTAG00000018169",0.667192007580675,2.05033748957378
"vitro","ENSBTAG00000005077.ENSBTAG00000015127",0.667005032143277,1.40825858193129
"vitro","ENSBTAG00000007897.ENSBTAG00000017981",0.66577174218066,1.92751809740038
"vitro","ENSBTAG00000023652.ENSBTAG00000003166",0.665471658835812,1.62151538998742
"vitro","ENSBTAG00000011412.ENSBTAG00000018169",0.663419191218421,2.09791568771699
"vitro","ENSBTAG00000003835.ENSBTAG00000000231",0.662333629354081,1.65544105125999
"vitro","ENSBTAG00000007897.ENSBTAG00000017489",0.661922869227335,2.09318390211216
"vitro","ENSBTAG00000025410.ENSBTAG00000018343",0.66083630948544,1.51543843097772
"vitro","ENSBTAG00000002880.ENSBTAG00000013755",0.657544101801107,1.24205504942704
"vitro","ENSBTAG00000047567.ENSBTAG00000001694",0.655215537249632,1.40852992591047
"vitro","ENSBTAG00000032436.ENSBTAG00000014064",0.654454726946909,1.97642357859376
"vitro","ENSBTAG00000008300.ENSBTAG00000004356",0.6505621769057,1.7065254958353
"vitro","ENSBTAG00000021466.ENSBTAG00000010682",0.649802886950739,1.55923754245582
"vitro","ENSBTAG00000011851.ENSBTAG00000019866",0.648197233938627,1.76963611406196
"vitro","ENSBTAG00000020221.ENSBTAG00000002107",0.647867958311755,1.98346346681717
"vitro","ENSBTAG00000000575.ENSBTAG00000013745",0.640204323826171,1.21621994138684
"vitro","ENSBTAG00000020457.ENSBTAG00000019832",0.638942110428239,1.31109861283034
"vitro","ENSBTAG00000000575.ENSBTAG00000011154",0.634830278647851,1.67957887208145
"vitro","ENSBTAG00000012849.ENSBTAG00000019929",0.632284048253612,1.50822641399585
"vitro","ENSBTAG00000009357.ENSBTAG00000011154",0.631259569626478,1.57475769590085
"vitro","ENSBTAG00000011802.ENSBTAG00000019289",0.621223982847355,1.85434985946512
"vitro","ENSBTAG00000005198.ENSBTAG00000014064",0.618383418579251,1.29919812860975
"vitro","ENSBTAG00000001941.ENSBTAG00000014966",0.617720204839092,1.33214855081506
"vitro","ENSBTAG00000015114.ENSBTAG00000017489",0.617393846878781,1.67012256913598
"vitro","ENSBTAG00000032436.ENSBTAG00000007909",0.614169075946748,1.69613226864692
"vitro","ENSBTAG00000012066.ENSBTAG00000013569",0.61116574910751,1.45471599761014
"vitro","ENSBTAG00000017122.ENSBTAG00000015910",0.606614705857581,1.54619243971918
"vitro","ENSBTAG00000045520.ENSBTAG00000039292",0.602723924218774,1.28871647770318
"vitro","ENSBTAG00000007244.ENSBTAG00000011741",0.601913036264632,0.995410651581308
"vitro","ENSBTAG00000006354.ENSBTAG00000017060",0.598106428217041,0.975520195201385
"vitro","ENSBTAG00000003806.ENSBTAG00000016455",0.597802272961912,1.1375846405906
"vitro","ENSBTAG00000023652.ENSBTAG00000001694",0.592196905232225,0.90040014274368
"vitro","ENSBTAG00000005691.ENSBTAG00000011578",0.587134436906635,1.5901529698979
"vitro","ENSBTAG00000020645.ENSBTAG00000010860",0.582635619720081,1.22023375668474
"vitro","ENSBTAG00000012228.ENSBTAG00000010146",0.581571691279777,1.47599802775315
"vitro","ENSBTAG00000017753.ENSBTAG00000039292",0.581029359159783,1.55848367123478
"vitro","ENSBTAG00000005691.ENSBTAG00000020644",0.580499928401443,1.26818134078242
"vitro","ENSBTAG00000010562.ENSBTAG00000020755",0.579903351608778,1.16424026800216
"vitro","ENSBTAG00000007273.ENSBTAG00000011738",0.577057650331472,1.82481651627247
"vitro","ENSBTAG00000017753.ENSBTAG00000020054",0.576107559603564,1.06983511939727
"vitro","ENSBTAG00000020221.ENSBTAG00000006835",0.574251416414804,1.01778719615147
"vitro","ENSBTAG00000017564.ENSBTAG00000017846",0.571938798599969,1.80862928579622
"vitro","ENSBTAG00000001745.ENSBTAG00000019289",0.565354037091416,1.29072394482763
"vitro","ENSBTAG00000022635.ENSBTAG00000018169",0.554915290626694,1.19633892149078
"vitro","ENSBTAG00000009476.ENSBTAG00000015910",0.545913095096661,0.873946487804398
"vitro","ENSBTAG00000014583.ENSBTAG00000011628",0.545461731007905,0.674047041022852
"vitro","ENSBTAG00000012004.ENSBTAG00000013755",0.54452950942613,1.05729245319569
"vitro","ENSBTAG00000020457.ENSBTAG00000018035",0.54375152382703,1.17155195674261
"vitro","ENSBTAG00000017455.ENSBTAG00000019929",0.540072979519483,0.868943143098028
"vitro","ENSBTAG00000021048.ENSBTAG00000017489",0.539793190810631,1.17876482960348
"vitro","ENSBTAG00000005339.ENSBTAG00000000570",0.538118365229258,1.01658193388725
"vitro","ENSBTAG00000018103.ENSBTAG00000017753",0.53562819940366,1.30328405901366
"vitro","ENSBTAG00000005108.ENSBTAG00000015996",0.53556659851438,1.50885006379057
"vitro","ENSBTAG00000007446.ENSBTAG00000008849",0.534302294380347,1.44897230035133
"vitro","ENSBTAG00000001492.ENSBTAG00000003585",0.529828025415437,1.19926071245161
"vitro","ENSBTAG00000001725.ENSBTAG00000014798",0.529286835946358,1.23321969894944
"vitro","ENSBTAG00000020645.ENSBTAG00000014798",0.528202868818166,0.765336684131406
"vitro","ENSBTAG00000007244.ENSBTAG00000019929",0.527305106325419,1.35667666092935
"vitro","ENSBTAG00000005163.ENSBTAG00000006240",0.525326639138484,0.618565213468328
"vitro","ENSBTAG00000013760.ENSBTAG00000019289",0.525245606437337,1.08134273313979
"vitro","ENSBTAG00000022120.ENSBTAG00000015910",0.524751506247964,1.5462115992456
"vitro","ENSBTAG00000011757.ENSBTAG00000004334",0.523197296781759,1.08037150952255
"vitro","ENSBTAG00000014906.ENSBTAG00000011578",0.522986364486608,1.45646091570317
"vitro","ENSBTAG00000005198.ENSBTAG00000011628",0.522759048499341,1.13561535501855
"vitro","ENSBTAG00000018347.ENSBTAG00000013205",0.520312024845125,1.49009195042177
"vitro","ENSBTAG00000019716.ENSBTAG00000003220",0.519457566665989,1.64266905847328
"vitro","ENSBTAG00000021302.ENSBTAG00000019289",0.518035553490433,0.899610778630297
"vitro","ENSBTAG00000009478.ENSBTAG00000002081",0.516387879442978,1.07930968527583
"vitro","ENSBTAG00000002080.ENSBTAG00000022799",0.515579917406156,0.963067959334793
"vitro","ENSBTAG00000007737.ENSBTAG00000014064",0.515122697450456,0.99459122542801
"vitro","ENSBTAG00000005339.ENSBTAG00000019929",0.514615075312505,1.1585394831683
"vitro","ENSBTAG00000005710.ENSBTAG00000011425",0.508789304638729,1.60893305179166
"vitro","ENSBTAG00000007897.ENSBTAG00000039292",0.507294005920245,0.868264414862977
"vitro","ENSBTAG00000014465.ENSBTAG00000013125",0.507067344295816,1.5464666868045
"vitro","ENSBTAG00000005111.ENSBTAG00000000231",0.503849284438352,1.49784312713877
"vitro","ENSBTAG00000000130.ENSBTAG00000010785",0.502097700870252,1.5877723426839
"vitro","ENSBTAG00000017455.ENSBTAG00000015910",0.501150052954855,0.836328662017951
"vitro","ENSBTAG00000018134.ENSBTAG00000011628",0.495897627081402,1.36017654739034
"vitro","ENSBTAG00000017246.ENSBTAG00000006161",0.495803410460482,1.24286423743623
"vitro","ENSBTAG00000016043.ENSBTAG00000018035",0.495550287754382,0.730011315866741
"vitro","ENSBTAG00000007773.ENSBTAG00000010347",0.4923167063067,1.03523492789042
"vitro","ENSBTAG00000006538.ENSBTAG00000020704",0.485366188491092,1.15185673441374
"vitro","ENSBTAG00000007737.ENSBTAG00000045633",0.482893594626132,1.19193842550045
"vitro","ENSBTAG00000010303.ENSBTAG00000011628",0.480927259600426,1.06275728576516
"vitro","ENSBTAG00000007737.ENSBTAG00000002144",0.480639269673317,0.9712201958775
"vitro","ENSBTAG00000005628.ENSBTAG00000008852",0.480222544914207,1.01122052621916
"vitro","ENSBTAG00000005691.ENSBTAG00000014357",0.478633617936409,0.83659040655703
"vitro","ENSBTAG00000020194.ENSBTAG00000011628",0.477811174826278,0.949200547963479
"vitro","ENSBTAG00000005947.ENSBTAG00000017060",0.47721711473035,0.765372210902224
"vitro","ENSBTAG00000018134.ENSBTAG00000010444",0.472142289199591,0.805660154935694
"vitro","ENSBTAG00000020221.ENSBTAG00000005092",0.471979876615895,0.997884979841076
"vitro","ENSBTAG00000013898.ENSBTAG00000047704",0.468290112792816,1.23345970682134
"vitro","ENSBTAG00000021499.ENSBTAG00000013732",0.466434457724912,1.04778275574551
"vitro","ENSBTAG00000007375.ENSBTAG00000015228",0.466422257169431,1.15321983187817
"vitro","ENSBTAG00000019269.ENSBTAG00000015910",0.466318221848937,0.840105236802998
"vitro","ENSBTAG00000024394.ENSBTAG00000019866",0.464482843132203,1.07560525880668
"vitro","ENSBTAG00000020406.ENSBTAG00000047793",0.464405702064355,0.774695550645465
"vitro","ENSBTAG00000007148.ENSBTAG00000000898",0.463571259198238,0.88081235440561
"vitro","ENSBTAG00000047330.ENSBTAG00000017851",0.463010678542161,0.655686106916902
"vitro","ENSBTAG00000025471.ENSBTAG00000012642",0.461889617711799,0.88147487136014
"vitro","ENSBTAG00000007737.ENSBTAG00000010444",0.46141043303794,0.985765805899557
"vitro","ENSBTAG00000003837.ENSBTAG00000002606",0.46096745921292,0.814914087359574
"vitro","ENSBTAG00000018343.ENSBTAG00000010497",0.458344888810862,1.40104679510844
"vitro","ENSBTAG00000006984.ENSBTAG00000021818",0.458278614850678,1.44920422587521
"vitro","ENSBTAG00000025644.ENSBTAG00000010785",0.45499604304134,1.35550699619065
"vitro","ENSBTAG00000038735.ENSBTAG00000017981",0.45343448569872,1.01719411815016
"vitro","ENSBTAG00000017246.ENSBTAG00000002144",0.45256011675223,0.976594855594172
"vitro","ENSBTAG00000014113.ENSBTAG00000014162",0.452225578172665,1.00800257402671
"vitro","ENSBTAG00000015789.ENSBTAG00000006732",0.452118964742566,0.81930828123836
"vitro","ENSBTAG00000006045.ENSBTAG00000011944",0.449790474621621,0.841982094537431
"vitro","ENSBTAG00000016177.ENSBTAG00000011628",0.449262422332169,0.818193732326381
"vitro","ENSBTAG00000018343.ENSBTAG00000015312",0.448409564926527,1.20671296668179
"vitro","ENSBTAG00000000277.ENSBTAG00000027676",0.446057484149746,0.646951202382287
"vitro","ENSBTAG00000038221.ENSBTAG00000000815",0.443926316684707,1.29055737446158
"vitro","ENSBTAG00000011034.ENSBTAG00000003777",0.442476557278299,0.804727217290614
"vitro","ENSBTAG00000032436.ENSBTAG00000018035",0.440196344601606,1.21415641445021
"vitro","ENSBTAG00000007737.ENSBTAG00000011909",0.437065340319897,0.975647170201891
"vitro","ENSBTAG00000013191.ENSBTAG00000018052",0.434233513266851,0.673315098730909
"vitro","ENSBTAG00000002006.ENSBTAG00000003585",0.433493982011178,0.940689558414937
"vitro","ENSBTAG00000021105.ENSBTAG00000005273",0.433344710436824,1.04107145570103
"vitro","ENSBTAG00000000793.ENSBTAG00000018169",0.430660358541704,1.04216451456673
"vitro","ENSBTAG00000011757.ENSBTAG00000011578",0.430623562868411,0.787244691927327
"vitro","ENSBTAG00000002278.ENSBTAG00000015910",0.430589415247767,1.19714485055514
"vitro","ENSBTAG00000020194.ENSBTAG00000010543",0.430202599059923,1.27723569615104
"vitro","ENSBTAG00000008027.ENSBTAG00000012314",0.428950474619788,0.903784197835608
"vitro","ENSBTAG00000010123.ENSBTAG00000005903",0.428457413956963,0.965260959217115
"vitro","ENSBTAG00000000575.ENSBTAG00000015127",0.425855135693305,0.666870619483678
"vitro","ENSBTAG00000005691.ENSBTAG00000011154",0.42399235708742,0.850719092930889
"vitro","ENSBTAG00000005077.ENSBTAG00000018424",0.423304823708667,0.921439167447918
"vitro","ENSBTAG00000012164.ENSBTAG00000010498",0.420996352798431,0.734937673938119
"vitro","ENSBTAG00000005077.ENSBTAG00000009851",0.420895573448251,1.126584489987
"vitro","ENSBTAG00000005108.ENSBTAG00000009851",0.417253817131647,0.807394547656606
"vitro","ENSBTAG00000019993.ENSBTAG00000039292",0.417213527038752,0.701921037003315
"vitro","ENSBTAG00000017122.ENSBTAG00000000782",0.412720311825791,0.875535601296066
"vitro","ENSBTAG00000008096.ENSBTAG00000013674",0.412680160516748,0.726983588941374
"vitro","ENSBTAG00000015801.ENSBTAG00000015510",0.412676055667026,0.870308213789643
"vitro","ENSBTAG00000013472.ENSBTAG00000015910",0.411904469822007,1.0471406839899
"vitro","ENSBTAG00000014575.ENSBTAG00000019289",0.4118705981547,0.943693765761009
"vitro","ENSBTAG00000025775.ENSBTAG00000017981",0.407639705626727,0.881553639918343
"vitro","ENSBTAG00000005581.ENSBTAG00000039292",0.404411846962091,1.23104500992677
"vitro","ENSBTAG00000021302.ENSBTAG00000015910",0.402195643652222,0.891655501250232
"vitro","ENSBTAG00000014583.ENSBTAG00000026813",0.4018254037858,0.905176087588873
"vitro","ENSBTAG00000021697.ENSBTAG00000005990",0.401604990058458,0.860003969784584
"vitro","ENSBTAG00000002006.ENSBTAG00000005903",0.399632545814567,1.09607668227832
"vitro","ENSBTAG00000040131.ENSBTAG00000017256",0.398746552386293,1.26094731468033
"vitro","ENSBTAG00000006295.ENSBTAG00000002144",0.398560803954457,0.694988211600517
"vitro","ENSBTAG00000022120.ENSBTAG00000006240",0.395165408209992,1.04478897301223
"vitro","ENSBTAG00000019604.ENSBTAG00000009851",0.392286982480487,0.978884651781407
"vitro","ENSBTAG00000007773.ENSBTAG00000003418",0.390239557624965,0.805773318851147
"vitro","ENSBTAG00000014113.ENSBTAG00000003220",0.388151418066432,1.16228702179246
"vitro","ENSBTAG00000008027.ENSBTAG00000007175",0.387854352018206,0.946620991332611
"vitro","ENSBTAG00000013201.ENSBTAG00000020319",0.386878901389203,0.91287717744261
"vitro","ENSBTAG00000021326.ENSBTAG00000039292",0.386167379399766,1.22116847696165
"vitro","ENSBTAG00000017685.ENSBTAG00000007421",0.383692371650863,0.798111103995917
"vitro","ENSBTAG00000015089.ENSBTAG00000015910",0.381258627107108,0.894597313159336
"vitro","ENSBTAG00000006295.ENSBTAG00000019903",0.3809400149151,1.06859361782442
"vitro","ENSBTAG00000017549.ENSBTAG00000008197",0.380596672561877,1.20355235517684
"vitro","ENSBTAG00000007897.ENSBTAG00000020704",0.379565337636909,1.10914446379079
"vitro","ENSBTAG00000000130.ENSBTAG00000014357",0.379415538769145,1.09266894297569
"vitro","ENSBTAG00000014921.ENSBTAG00000018474",0.379365129687403,0.732944342504524
"vitro","ENSBTAG00000015991.ENSBTAG00000024015",0.37744412586407,1.08380193652615
"vitro","ENSBTAG00000002006.ENSBTAG00000015127",0.377333860498506,0.888496612546268
"vitro","ENSBTAG00000023907.ENSBTAG00000015910",0.376283402357661,0.607564045702681
"vitro","ENSBTAG00000007725.ENSBTAG00000012687",0.375604389710029,0.828229683620798
"vitro","ENSBTAG00000010738.ENSBTAG00000001338",0.375062631530334,0.829620660726152
"vitro","ENSBTAG00000005260.ENSBTAG00000011578",0.374225352152297,1.11881261745643
"vitro","ENSBTAG00000025644.ENSBTAG00000012687",0.370359271496807,1.12237754593288
"vitro","ENSBTAG00000002302.ENSBTAG00000017256",0.367967346626266,0.43401805239403
"vitro","ENSBTAG00000006295.ENSBTAG00000017489",0.367608177875497,0.775085904274155
"vitro","ENSBTAG00000001321.ENSBTAG00000002144",0.367108133172342,0.690929020064621
"vitro","ENSBTAG00000013472.ENSBTAG00000019929",0.361258456537378,1.14239954665506
"vitro","ENSBTAG00000018200.ENSBTAG00000007626",0.358734279764707,1.13441739883653
"vitro","ENSBTAG00000002006.ENSBTAG00000017266",0.357884614969916,0.995249903998874
"vitro","ENSBTAG00000001141.ENSBTAG00000022799",0.357467903486139,0.760940179764113
"vitro","ENSBTAG00000007708.ENSBTAG00000046199",0.355162128741314,0.648023441487968
"vitro","ENSBTAG00000005108.ENSBTAG00000010462",0.354910386857333,1.07918966693019
"vitro","ENSBTAG00000021879.ENSBTAG00000013755",0.354501568150665,0.875846355502423
"vitro","ENSBTAG00000013898.ENSBTAG00000039292",0.350123381040073,0.849185693141732
"vitro","ENSBTAG00000011851.ENSBTAG00000007338",0.349681676224017,0.842751166351353
"vitro","ENSBTAG00000005077.ENSBTAG00000015910",0.34676164862427,1.09655661484769
"vitro","ENSBTAG00000011808.ENSBTAG00000018105",0.345064979077044,1.03265636942815
"vitro","ENSBTAG00000002278.ENSBTAG00000013745",0.344215911304373,0.633142377649538
"vitro","ENSBTAG00000010738.ENSBTAG00000014162",0.343270054994177,0.967762131554049
"vitro","ENSBTAG00000017246.ENSBTAG00000014064",0.339615219187772,0.726445644930396
"vitro","ENSBTAG00000020638.ENSBTAG00000000782",0.336532320600908,0.713461797898177
"vitro","ENSBTAG00000014051.ENSBTAG00000003777",0.335574392867425,0.94221149915234
"vitro","ENSBTAG00000037778.ENSBTAG00000039292",0.33525433090916,0.648717386774574
"vitro","ENSBTAG00000010312.ENSBTAG00000014064",0.334142524656096,0.793138522943452
"vitro","ENSBTAG00000006989.ENSBTAG00000011971",0.333497064452395,1.05461031664954
"vitro","ENSBTAG00000005111.ENSBTAG00000006420",0.332917992080028,0.993802904247186
"vitro","ENSBTAG00000011104.ENSBTAG00000017425",0.33221197628039,0.896961726730969
"vitro","ENSBTAG00000009476.ENSBTAG00000001462",0.332116460300119,0.724254927675032
"vitro","ENSBTAG00000011082.ENSBTAG00000012687",0.331962129919183,1.04975642746534
"vitro","ENSBTAG00000008300.ENSBTAG00000001882",0.330841964159551,0.730570218973735
"vitro","ENSBTAG00000021945.ENSBTAG00000011741",0.330545630161568,0.718146621258399
"vitro","ENSBTAG00000012057.ENSBTAG00000005072",0.329998022473421,0.59032204686697
"vitro","ENSBTAG00000007148.ENSBTAG00000020199",0.3281948958379,0.706037407777296
"vitro","ENSBTAG00000011966.ENSBTAG00000019289",0.324807993541912,0.605416192757974
"vitro","ENSBTAG00000004129.ENSBTAG00000014798",0.323556260413343,0.964962728666955
"vitro","ENSBTAG00000014906.ENSBTAG00000020755",0.322777065427565,1.0207107032163
"vitro","ENSBTAG00000008121.ENSBTAG00000011761",0.322345314558567,0.753243976731278
"vitro","ENSBTAG00000017280.ENSBTAG00000017060",0.32143565146176,0.860452870476637
"vitro","ENSBTAG00000005111.ENSBTAG00000008997",0.319352698635274,0.817333648116343
"vitro","ENSBTAG00000004594.ENSBTAG00000011578",0.319231776726074,0.690825690620252
"vitro","ENSBTAG00000012066.ENSBTAG00000019929",0.319202661108898,0.58749510178769
"vitro","ENSBTAG00000011104.ENSBTAG00000020979",0.318989286809919,1.00873269551205
"vitro","ENSBTAG00000009357.ENSBTAG00000012119",0.318961362219878,0.748733052206644
"vitro","ENSBTAG00000020457.ENSBTAG00000013755",0.317536231560988,0.955844396046183
"vitro","ENSBTAG00000012829.ENSBTAG00000016933",0.315139253129362,0.446287032476021
"vitro","ENSBTAG00000020457.ENSBTAG00000001060",0.311662918264711,0.770282939024077
"vitro","ENSBTAG00000019866.ENSBTAG00000009851",0.309804135162285,0.712458448684897
"vitro","ENSBTAG00000005198.ENSBTAG00000015457",0.309175186123266,0.606622226929456
"vitro","ENSBTAG00000018773.ENSBTAG00000001941",0.30867322189583,0.755017174641262
"vitro","ENSBTAG00000005108.ENSBTAG00000011154",0.308274994295562,0.770872255229843
"vitro","ENSBTAG00000014051.ENSBTAG00000015910",0.307532286741007,0.972502480141583
"vitro","ENSBTAG00000021697.ENSBTAG00000007173",0.306178328764862,0.968220889080813
"vitro","ENSBTAG00000017246.ENSBTAG00000022799",0.305637919590996,0.669910963369351
"vitro","ENSBTAG00000020457.ENSBTAG00000008997",0.304509348519241,0.70001439528623
"vitro","ENSBTAG00000011412.ENSBTAG00000012897",0.29982855025949,0.948141126366257
"vitro","ENSBTAG00000018103.ENSBTAG00000014420",0.299536148671815,0.502528598748489
"vitro","ENSBTAG00000017753.ENSBTAG00000015996",0.299527813232638,0.854723300778938
"vitro","ENSBTAG00000010963.ENSBTAG00000003255",0.298515879199058,0.861286288403103
"vitro","ENSBTAG00000021499.ENSBTAG00000008036",0.295569109393692,0.552973484892121
"vitro","ENSBTAG00000005691.ENSBTAG00000026676",0.290790078620972,0.525391806723318
"vitro","ENSBTAG00000008452.ENSBTAG00000009903",0.290734539386867,0.689302572828802
"vitro","ENSBTAG00000008027.ENSBTAG00000019903",0.288890584018545,0.505275978519815
"vitro","ENSBTAG00000006655.ENSBTAG00000003255",0.288245346343817,0.534992116437143
"vitro","ENSBTAG00000000575.ENSBTAG00000012119",0.287035452785632,0.698136907446608
"vitro","ENSBTAG00000007273.ENSBTAG00000012314",0.28634987816167,0.604629858239461
"vitro","ENSBTAG00000025644.ENSBTAG00000012100",0.285096354917889,0.573995578649287
"vitro","ENSBTAG00000009812.ENSBTAG00000039292",0.284711265596941,0.835212877384913
"vitro","ENSBTAG00000025644.ENSBTAG00000014567",0.284367480805119,0.818776380265887
"vitro","ENSBTAG00000012210.ENSBTAG00000039292",0.284083639954448,0.898351348247268
"vitro","ENSBTAG00000030710.ENSBTAG00000013755",0.283282618150843,0.847900062557018
"vitro","ENSBTAG00000005691.ENSBTAG00000015127",0.283034256838917,0.541422456461125
"vitro","ENSBTAG00000013901.ENSBTAG00000019153",0.281085092194061,0.823841405382984
"vitro","ENSBTAG00000012849.ENSBTAG00000019289",0.278709820982081,0.342494340386221
"vitro","ENSBTAG00000019336.ENSBTAG00000002107",0.278194778528678,0.667770388768804
"vitro","ENSBTAG00000034077.ENSBTAG00000003848",0.277242162134212,0.604210171375369
"vitro","ENSBTAG00000001601.ENSBTAG00000011578",0.277009606067899,0.702736874549663
"vitro","ENSBTAG00000011966.ENSBTAG00000019929",0.274437578236058,0.578787196559742
"vitro","ENSBTAG00000004129.ENSBTAG00000001338",0.273974394615818,0.582625831879504
"vitro","ENSBTAG00000015991.ENSBTAG00000021527",0.271337041702102,0.46059856769029
"vitro","ENSBTAG00000012004.ENSBTAG00000008997",0.269096697653469,0.732942978352925
"vitro","ENSBTAG00000014583.ENSBTAG00000011050",0.268956434555541,0.633294750611059
"vitro","ENSBTAG00000006685.ENSBTAG00000005215",0.26892081813372,0.850402295538465
"vitro","ENSBTAG00000009476.ENSBTAG00000000782",0.268907849344265,0.850361284625293
"vitro","ENSBTAG00000019716.ENSBTAG00000039292",0.268880926861337,0.676027239542062
"vitro","ENSBTAG00000025644.ENSBTAG00000019021",0.267996670989172,0.489451078916308
"vitro","ENSBTAG00000017866.ENSBTAG00000014031",0.267958334595912,0.466858949170576
"vitro","ENSBTAG00000008026.ENSBTAG00000047138",0.267042881123912,0.534150028037725
"vitro","ENSBTAG00000018255.ENSBTAG00000015127",0.266407216442653,0.576377270027835
"vitro","ENSBTAG00000025644.ENSBTAG00000011050",0.266128847232476,0.465858405524112
"vitro","ENSBTAG00000012004.ENSBTAG00000018035",0.264455860450683,0.560710710119332
"vitro","ENSBTAG00000007897.ENSBTAG00000019903",0.262571017651511,0.659934409932127
"vitro","ENSBTAG00000015789.ENSBTAG00000011628",0.26249065695976,0.739989681482556
"vitro","ENSBTAG00000008817.ENSBTAG00000012897",0.26213874755715,0.474216172515384
"vitro","ENSBTAG00000015991.ENSBTAG00000005903",0.259824326503618,0.531021897500674
"vitro","ENSBTAG00000025775.ENSBTAG00000017489",0.258951598276851,0.597152989878057
"vitro","ENSBTAG00000012444.ENSBTAG00000015127",0.258316874949486,0.753040409080618
"vitro","ENSBTAG00000014113.ENSBTAG00000001338",0.257433569253494,0.543797428842719
"vitro","ENSBTAG00000001141.ENSBTAG00000013745",0.257354755428859,0.689160297273804
"vitro","ENSBTAG00000009476.ENSBTAG00000019289",0.25688601438632,0.422819951076611
"vitro","ENSBTAG00000005305.ENSBTAG00000008849",0.256468868955064,0.4714545605257
"vitro","ENSBTAG00000007273.ENSBTAG00000002144",0.256455895545158,0.584456331736437
"vitro","ENSBTAG00000025644.ENSBTAG00000004337",0.256385161565222,0.758678035037789
"vitro","ENSBTAG00000016267.ENSBTAG00000020755",0.256274488469346,0.727690028087736
"vitro","ENSBTAG00000000073.ENSBTAG00000000736",0.252858753293485,0.756150452864013
"vitro","ENSBTAG00000000016.ENSBTAG00000013674",0.252041439858767,0.79702501470205
"vitro","ENSBTAG00000011966.ENSBTAG00000012897",0.24940593212439,0.740693674393267
"vitro","ENSBTAG00000018200.ENSBTAG00000020892",0.248557712386028,0.504869757562937
"vitro","ENSBTAG00000005339.ENSBTAG00000019866",0.248206912235418,0.554121839718308
"vitro","ENSBTAG00000021811.ENSBTAG00000020148",0.245031196347543,0.774856678254168
"vitro","ENSBTAG00000020244.ENSBTAG00000015510",0.243342360525252,0.444212616208194
"vitro","ENSBTAG00000018077.ENSBTAG00000024406",0.243139976308199,0.768876115373287
"vitro","ENSBTAG00000020457.ENSBTAG00000019929",0.24269668863476,0.539421988232776
"vitro","ENSBTAG00000002006.ENSBTAG00000014269",0.241438881584071,0.336949845998378
"vitro","ENSBTAG00000006295.ENSBTAG00000020704",0.240474257340858,0.358887682490174
"vitro","ENSBTAG00000017564.ENSBTAG00000018035",0.238138700150448,0.753060691507299
"vitro","ENSBTAG00000005339.ENSBTAG00000000782",0.237633227346817,0.539152313945685
"vitro","ENSBTAG00000025644.ENSBTAG00000020667",0.236987210716136,0.506790044731982
"vitro","ENSBTAG00000012004.ENSBTAG00000015910",0.235947761852354,0.361500058373143
"vitro","ENSBTAG00000020238.ENSBTAG00000004739",0.235663383066274,0.745233051590181
"vitro","ENSBTAG00000001725.ENSBTAG00000015127",0.235620511208242,0.576678426029866
"vitro","ENSBTAG00000005077.ENSBTAG00000034883",0.234083633148657,0.740237443717047
"vitro","ENSBTAG00000032808.ENSBTAG00000010785",0.232949500820838,0.524769425131066
"vitro","ENSBTAG00000023907.ENSBTAG00000019929",0.232063182499254,0.450687676865492
"vitro","ENSBTAG00000018773.ENSBTAG00000006161",0.230941468875678,0.624283105604289
"vitro","ENSBTAG00000017455.ENSBTAG00000017266",0.230023093765642,0.377143728371793
"vitro","ENSBTAG00000021048.ENSBTAG00000017981",0.229655721479042,0.503036623696596
"vitro","ENSBTAG00000008027.ENSBTAG00000020704",0.228242619482203,0.567949999821723
"vitro","ENSBTAG00000017246.ENSBTAG00000012599",0.227003598875729,0.717848409502543
"vitro","ENSBTAG00000020221.ENSBTAG00000012314",0.225685218468446,0.517222152867349
"vitro","ENSBTAG00000015327.ENSBTAG00000011425",0.225133359165231,0.455982318958239
"vitro","ENSBTAG00000005198.ENSBTAG00000027464",0.221069262953003,0.357194640014768
"vitro","ENSBTAG00000017468.ENSBTAG00000013557",0.217726811566124,0.688512632235245
"vitro","ENSBTAG00000004226.ENSBTAG00000021286",0.216481912409706,0.523926376189026
"vitro","ENSBTAG00000039355.ENSBTAG00000011578",0.216294864939156,0.68398441940623
"vitro","ENSBTAG00000021048.ENSBTAG00000019903",0.215449429794136,0.457344803234426
"vitro","ENSBTAG00000002006.ENSBTAG00000015910",0.214818402252639,0.574569603048642
"vitro","ENSBTAG00000020221.ENSBTAG00000035084",0.213258551377081,0.674382752859614
"vitro","ENSBTAG00000002006.ENSBTAG00000017866",0.213194177864591,0.300152647073691
"vitro","ENSBTAG00000017246.ENSBTAG00000007909",0.211537787124725,0.668941218505973
"vitro","ENSBTAG00000002006.ENSBTAG00000011154",0.208439951044131,0.494673907584409
"vitro","ENSBTAG00000005198.ENSBTAG00000010543",0.206247160864256,0.652210789274192
"vitro","ENSBTAG00000014834.ENSBTAG00000011628",0.205440903981448,0.504258157768709
"vitro","ENSBTAG00000015742.ENSBTAG00000007103",0.204016061880491,0.437019066794487
"vitro","ENSBTAG00000011966.ENSBTAG00000015910",0.203452020900623,0.469339759087227
"vitro","ENSBTAG00000020221.ENSBTAG00000002144",0.20131340444001,0.491134298217677
"vitro","ENSBTAG00000008300.ENSBTAG00000019929",0.197910517566182,0.438196207707124
"vitro","ENSBTAG00000007148.ENSBTAG00000008165",0.196544523461732,0.621528355771475
"vitro","ENSBTAG00000038735.ENSBTAG00000020704",0.193206048486914,0.496495564893384
"vitro","ENSBTAG00000007446.ENSBTAG00000015591",0.193045868229054,0.461232885749997
"vitro","ENSBTAG00000011741.ENSBTAG00000015910",0.191487931624139,0.418399042450625
"vitro","ENSBTAG00000008027.ENSBTAG00000002144",0.185403688027008,0.389522456809226
"vitro","ENSBTAG00000021105.ENSBTAG00000014031",0.184907830631154,0.439101203914246
"vitro","ENSBTAG00000025471.ENSBTAG00000006378",0.183825209980965,0.397364877050414
"vitro","ENSBTAG00000011104.ENSBTAG00000023147",0.183193546689968,0.293139153366225
"vitro","ENSBTAG00000012004.ENSBTAG00000024269",0.182858040307771,0.43820117533067
"vitro","ENSBTAG00000008452.ENSBTAG00000013909",0.182549187556151,0.514527392438002
"vitro","ENSBTAG00000008027.ENSBTAG00000017981",0.171459864108323,0.542203697885256
"vitro","ENSBTAG00000000793.ENSBTAG00000019289",0.170494621177805,0.273359391150319
"vitro","ENSBTAG00000008121.ENSBTAG00000015127",0.169574677933078,0.282991240056687
"vitro","ENSBTAG00000021105.ENSBTAG00000006240",0.167169891560514,0.399537508120176
"vitro","ENSBTAG00000012444.ENSBTAG00000015910",0.166589881063857,0.422266848199463
"vitro","ENSBTAG00000001244.ENSBTAG00000017060",0.165345666474333,0.522868907297435
"vitro","ENSBTAG00000020244.ENSBTAG00000006359",0.165135433177273,0.348510650641184
"vitro","ENSBTAG00000007897.ENSBTAG00000002144",0.16407278577417,0.350900600324754
"vitro","ENSBTAG00000021048.ENSBTAG00000020704",0.163720356353433,0.517729225411268
"vitro","ENSBTAG00000020457.ENSBTAG00000013222",0.163571519665839,0.517258562479077
"vitro","ENSBTAG00000009972.ENSBTAG00000018114",0.160846483877395,0.362266613413582
"vitro","ENSBTAG00000017564.ENSBTAG00000000561",0.160743622601553,0.508315966767427
"vitro","ENSBTAG00000005111.ENSBTAG00000011909",0.158546923418187,0.458845184966467
"vitro","ENSBTAG00000021048.ENSBTAG00000008483",0.1573515629474,0.497589332301141
"vitro","ENSBTAG00000004237.ENSBTAG00000010444",0.156883082321056,0.330961850923625
"vitro","ENSBTAG00000010452.ENSBTAG00000011515",0.156751047687069,0.332629682111385
"vitro","ENSBTAG00000001725.ENSBTAG00000001338",0.15638025700328,0.494517793212863
"vitro","ENSBTAG00000020457.ENSBTAG00000013843",0.151811905768248,0.480071398158518
"vitro","ENSBTAG00000038045.ENSBTAG00000018572",0.151363469816989,0.478653319167836
"vitro","ENSBTAG00000011966.ENSBTAG00000017266",0.150685984224464,0.318864876535212
"vitro","ENSBTAG00000005339.ENSBTAG00000011971",0.150500671564377,0.272050311411387
"vitro","ENSBTAG00000019964.ENSBTAG00000001694",0.149982733862418,0.235810225297427
"vitro","ENSBTAG00000010312.ENSBTAG00000020199",0.148933578098362,0.470969326869393
"vitro","ENSBTAG00000012004.ENSBTAG00000013843",0.148786116969262,0.295353678651929
"vitro","ENSBTAG00000005339.ENSBTAG00000003166",0.148086862027006,0.25086611967894
"vitro","ENSBTAG00000020244.ENSBTAG00000000815",0.147716385417818,0.255124605597373
"vitro","ENSBTAG00000014906.ENSBTAG00000011628",0.147092066553598,0.310419304389464
"vitro","ENSBTAG00000005339.ENSBTAG00000001694",0.145957982284985,0.46155966670306
"vitro","ENSBTAG00000001725.ENSBTAG00000039292",0.145769899559141,0.249003003622398
"vitro","ENSBTAG00000005947.ENSBTAG00000019929",0.145712322198291,0.310153002646609
"vitro","ENSBTAG00000023600.ENSBTAG00000005910",0.145081527769108,0.306440514473907
"vitro","ENSBTAG00000021807.ENSBTAG00000021664",0.144085019247071,0.303964294040001
"vitro","ENSBTAG00000021217.ENSBTAG00000015910",0.143851855511166,0.355489972200558
"vitro","ENSBTAG00000019910.ENSBTAG00000015510",0.143076217529112,0.396162585137447
"vitro","ENSBTAG00000000575.ENSBTAG00000012897",0.142384196715633,0.283123978127431
"vitro","ENSBTAG00000010361.ENSBTAG00000007909",0.139324984300068,0.246193182192513
"vitro","ENSBTAG00000006686.ENSBTAG00000015910",0.137985298005568,0.276102475998589
"vitro","ENSBTAG00000014075.ENSBTAG00000012887",0.134453159916715,0.242880073090518
"vitro","ENSBTAG00000003658.ENSBTAG00000000736",0.133829538702394,0.423206160509221
"vitro","ENSBTAG00000007740.ENSBTAG00000015127",0.130872458873175,0.286560685468214
"vitro","ENSBTAG00000014583.ENSBTAG00000012100",0.130821919421299,0.243412718969295
"vitro","ENSBTAG00000017753.ENSBTAG00000004334",0.130028145890378,0.332341270782518
"vitro","ENSBTAG00000019839.ENSBTAG00000019929",0.12983138748587,0.41056289623523
"vitro","ENSBTAG00000011784.ENSBTAG00000000736",0.129398556800771,0.278452410548873
"vitro","ENSBTAG00000005280.ENSBTAG00000048246",0.128520538416601,0.364041767332073
"vitro","ENSBTAG00000007737.ENSBTAG00000002081",0.126659494256357,0.400532489135102
"vitro","ENSBTAG00000006295.ENSBTAG00000017981",0.125623852247864,0.275269655286815
"vitro","ENSBTAG00000000793.ENSBTAG00000017266",0.125410507528878,0.277194930806418
"vitro","ENSBTAG00000014127.ENSBTAG00000020319",0.122799193484512,0.283152632592352
"vitro","ENSBTAG00000000476.ENSBTAG00000003781",0.120710179360207,0.277293998457376
"vitro","ENSBTAG00000017455.ENSBTAG00000013755",0.120678250864838,0.282686407969109
"vitro","ENSBTAG00000017753.ENSBTAG00000020979",0.120410896702922,0.257856741228087
"vitro","ENSBTAG00000010312.ENSBTAG00000014420",0.119560566862296,0.378083709625707
"vitro","ENSBTAG00000010312.ENSBTAG00000017753",0.11914686247869,0.376775461495515
"vitro","ENSBTAG00000003329.ENSBTAG00000006420",0.118086987671128,0.225125517973049
"vitro","ENSBTAG00000014834.ENSBTAG00000005828",0.116500059834023,0.266723007962072
"vitro","ENSBTAG00000014583.ENSBTAG00000020667",0.116092473803509,0.246455135757503
"vitro","ENSBTAG00000000575.ENSBTAG00000019289",0.111399706423713,0.352276802973022
"vitro","ENSBTAG00000005111.ENSBTAG00000018114",0.111284405106377,0.277014697127812
"vitro","ENSBTAG00000021811.ENSBTAG00000003777",0.110922900545749,0.189555237362568
"vitro","ENSBTAG00000011104.ENSBTAG00000018300",0.110534127152929,0.242434958394953
"vitro","ENSBTAG00000000575.ENSBTAG00000020679",0.108034422631986,0.230135433771392
"vitro","ENSBTAG00000025644.ENSBTAG00000026813",0.107396921426041,0.226744068948103
"vitro","ENSBTAG00000025210.ENSBTAG00000013755",0.106381127213116,0.336406662049566
"vitro","ENSBTAG00000011034.ENSBTAG00000020148",0.105660005789052,0.259813024389625
"vitro","ENSBTAG00000015742.ENSBTAG00000017060",0.104085178212407,0.237340222912707
"vitro","ENSBTAG00000012829.ENSBTAG00000017745",0.102512525437019,0.324173069076928
"vitro","ENSBTAG00000001460.ENSBTAG00000020661",0.0992890520655748,0.313979551246262
"vitro","ENSBTAG00000005339.ENSBTAG00000007213",0.0992890520655748,0.313979551246262
"vitro","ENSBTAG00000017312.ENSBTAG00000039292",0.0991148253376656,0.209837740871034
"vitro","ENSBTAG00000005111.ENSBTAG00000002081",0.0979844598712255,0.26862296999897
"vitro","ENSBTAG00000015362.ENSBTAG00000002081",0.0959706671578282,0.169975090320294
"vitro","ENSBTAG00000002880.ENSBTAG00000012687",0.0951844398304817,0.200667404454114
"vitro","ENSBTAG00000020457.ENSBTAG00000012599",0.0943112044931588,0.220471995057101
"vitro","ENSBTAG00000020556.ENSBTAG00000017033",0.0902803493296266,0.206785587998741
"vitro","ENSBTAG00000017582.ENSBTAG00000002699",0.0899737488096733,0.243200877947512
"vitro","ENSBTAG00000011851.ENSBTAG00000010647",0.0882965481711551,0.215116851600545
"vitro","ENSBTAG00000015150.ENSBTAG00000016933",0.0861126549651176,0.272312125053979
"vitro","ENSBTAG00000017122.ENSBTAG00000018052",0.0855810953665673,0.270631186010435
"vitro","ENSBTAG00000020457.ENSBTAG00000014357",0.0855159947962142,0.225356345357595
"vitro","ENSBTAG00000003329.ENSBTAG00000002081",0.0852428301674901,0.269561497528181
"vitro","ENSBTAG00000006354.ENSBTAG00000012071",0.0852428301674901,0.269561497528181
"vitro","ENSBTAG00000014051.ENSBTAG00000020148",0.0848260592665831,0.20972341248836
"vitro","ENSBTAG00000008121.ENSBTAG00000002606",0.0840624163586661,0.224781919344945
"vitro","ENSBTAG00000020638.ENSBTAG00000001141",0.0836740054739153,0.22430947723247
"vitro","ENSBTAG00000007708.ENSBTAG00000025324",0.0829075954571284,0.262176836972354
"vitro","ENSBTAG00000010123.ENSBTAG00000000736",0.0811993345617205,0.256774841705067
"vitro","ENSBTAG00000040584.ENSBTAG00000021923",0.0795603793321447,0.177642685323734
"vitro","ENSBTAG00000002441.ENSBTAG00000039292",0.0783010399951203,0.24760962954452
"vitro","ENSBTAG00000021697.ENSBTAG00000002804",0.0765445821912156,0.242055222270203
"vitro","ENSBTAG00000021217.ENSBTAG00000010682",0.0755025980699465,0.238760179161264
"vitro","ENSBTAG00000025644.ENSBTAG00000011425",0.0730949897131243,0.23114665304005
"vitro","ENSBTAG00000007773.ENSBTAG00000018993",0.0712291025687818,0.225246199807101
"vitro","ENSBTAG00000005691.ENSBTAG00000010543",0.071188163894521,0.225116740352049
"vitro","ENSBTAG00000025644.ENSBTAG00000014773",0.070727044643131,0.172211854171311
"vitro","ENSBTAG00000014583.ENSBTAG00000012687",0.0706241528728026,0.22333318089798
"vitro","ENSBTAG00000025644.ENSBTAG00000020661",0.0699600225857267,0.155427137367253
"vitro","ENSBTAG00000007446.ENSBTAG00000020979",0.0690597205036246,0.1457792370931
"vitro","ENSBTAG00000014583.ENSBTAG00000004337",0.0671389456352482,0.212311987909605
"vitro","ENSBTAG00000008300.ENSBTAG00000019289",0.0659890315266589,0.2086756402129
"vitro","ENSBTAG00000005339.ENSBTAG00000011628",0.0656662853172498,0.121486139965964
"vitro","ENSBTAG00000000130.ENSBTAG00000004211",0.0649008971752744,0.205234657262255
"vitro","ENSBTAG00000017564.ENSBTAG00000019832",0.0638286763278695,0.20184399722974
"vitro","ENSBTAG00000005108.ENSBTAG00000004356",0.0613855030454535,0.132772618876994
"vitro","ENSBTAG00000011412.ENSBTAG00000015910",0.0610184261953037,0.192957206016042
"vitro","ENSBTAG00000031444.ENSBTAG00000006360",0.0603662176470984,0.190894741494281
"vitro","ENSBTAG00000030710.ENSBTAG00000020979",0.0596470410519353,0.149602074346192
"vitro","ENSBTAG00000013003.ENSBTAG00000012687",0.0565169784007556,0.121012075398009
"vitro","ENSBTAG00000032436.ENSBTAG00000006161",0.0562942930480439,0.0968809530912387
"vitro","ENSBTAG00000017753.ENSBTAG00000014420",0.0551708893766814,0.174465670967501
"vitro","ENSBTAG00000018343.ENSBTAG00000020736",0.0544425744315426,0.172162536886921
"vitro","ENSBTAG00000020457.ENSBTAG00000024269",0.0535094116157652,0.169211616961289
"vitro","ENSBTAG00000000793.ENSBTAG00000019569",0.053175216396641,0.168154798885717
"vitro","ENSBTAG00000003253.ENSBTAG00000011434",0.052058034576966,0.126580004682152
"vitro","ENSBTAG00000017060.ENSBTAG00000017846",0.0508418985437774,0.107369489225011
"vitro","ENSBTAG00000009812.ENSBTAG00000003220",0.0498128877100933,0.157522181994104
"vitro","ENSBTAG00000008452.ENSBTAG00000016071",0.0488142724704665,0.109491939701646
"vitro","ENSBTAG00000005947.ENSBTAG00000002402",0.0485515795697025,0.153533575439158
"vitro","ENSBTAG00000013472.ENSBTAG00000011578",0.047670645465081,0.150747817200033
"vitro","ENSBTAG00000011851.ENSBTAG00000013118",0.0472306087377111,0.149356298887417
"vitro","ENSBTAG00000017060.ENSBTAG00000010303",0.0464355520362295,0.146842108841755
"vitro","ENSBTAG00000008027.ENSBTAG00000047138",0.0444612770456903,0.140598903144143
"vitro","ENSBTAG00000013472.ENSBTAG00000001462",0.0435521372474183,0.0709938453065099
"vitro","ENSBTAG00000011412.ENSBTAG00000017266",0.0405918238892809,0.128362617870562
"vitro","ENSBTAG00000002278.ENSBTAG00000019929",0.0399786395774989,0.0889877384122444
"vitro","ENSBTAG00000005947.ENSBTAG00000018517",0.0390190597494137,0.123389100966346
"vitro","ENSBTAG00000003505.ENSBTAG00000006161",0.0380756302444675,0.120405714918911
"vitro","ENSBTAG00000015089.ENSBTAG00000002135",0.0378387088593079,0.119656503715405
"vitro","ENSBTAG00000020194.ENSBTAG00000009155",0.036989542588565,0.116971204187666
"vitro","ENSBTAG00000009208.ENSBTAG00000044190",0.0367162208452997,0.1161068849449
"vitro","ENSBTAG00000009476.ENSBTAG00000011971",0.0351864814282045,0.111269424160341
"vitro","ENSBTAG00000003505.ENSBTAG00000011628",0.0343692872534681,0.108685229277552
"vitro","ENSBTAG00000020342.ENSBTAG00000035084",0.0340349238541906,0.107627879369639
"vitro","ENSBTAG00000012849.ENSBTAG00000015910",0.0332976895635663,0.105296539842087
"vitro","ENSBTAG00000005947.ENSBTAG00000013745",0.0331393176750357,0.104795723956988
"vitro","ENSBTAG00000005947.ENSBTAG00000013755",0.0328560756436251,0.103900034008638
"vitro","ENSBTAG00000012623.ENSBTAG00000002606",0.0326279084516554,0.103178505994689
"vitro","ENSBTAG00000005111.ENSBTAG00000018105",0.031603183951216,0.0683498916235121
"vitro","ENSBTAG00000025257.ENSBTAG00000001338",0.0289763129348462,0.0618169619348438
"vitro","ENSBTAG00000025868.ENSBTAG00000013755",0.0267048355987518,0.0563960953505106
"vitro","ENSBTAG00000021105.ENSBTAG00000013205",0.0266813008328785,0.0563606304028733
"vitro","ENSBTAG00000008026.ENSBTAG00000007175",0.0235070388208075,0.0743357837197505
"vitro","ENSBTAG00000020457.ENSBTAG00000015910",0.0189794618523395,0.0600183282176713
"vitro","ENSBTAG00000017448.ENSBTAG00000011628",0.0187297320911246,0.059228613372702
"vitro","ENSBTAG00000015150.ENSBTAG00000017745",0.0171614323674292,0.0542692141920118
"vitro","ENSBTAG00000007446.ENSBTAG00000003060",0.0171125393977214,0.0541146010461655
"vitro","ENSBTAG00000006685.ENSBTAG00000019404",0.017055497599729,0.0539342190426783
"vitro","ENSBTAG00000010179.ENSBTAG00000026676",0.0141248305745605,0.044666636179596
"vitro","ENSBTAG00000020457.ENSBTAG00000003045",0.0140923596996765,0.044563954257344
"vitro","ENSBTAG00000006538.ENSBTAG00000017981",0.0126833110067643,0.0401081510536585
"vitro","ENSBTAG00000022514.ENSBTAG00000013730",0.0126671333141536,0.0400569926977227
"vitro","ENSBTAG00000004630.ENSBTAG00000015910",0.0126310446152529,0.0399428702114044
"vitro","ENSBTAG00000038735.ENSBTAG00000002144",0.0126108349438685,0.0398789616190662
"vitro","ENSBTAG00000019839.ENSBTAG00000013755",0.00903651317535184,0.0285759637402323
"vitro","ENSBTAG00000007773.ENSBTAG00000017060",0.00592349458345749,0.018731734591396
"vitro","ENSBTAG00000000793.ENSBTAG00000015910",0,0
"vitro","ENSBTAG00000002006.ENSBTAG00000008165",0,0
"vitro","ENSBTAG00000003835.ENSBTAG00000002081",0,0
"vitro","ENSBTAG00000004237.ENSBTAG00000011628",0,0
"vitro","ENSBTAG00000005077.ENSBTAG00000003255",0,0
"vitro","ENSBTAG00000005077.ENSBTAG00000014798",0,0
"vitro","ENSBTAG00000005305.ENSBTAG00000020979",0,0
"vitro","ENSBTAG00000005581.ENSBTAG00000014162",0,0
"vitro","ENSBTAG00000005898.ENSBTAG00000017851",0,0
"vitro","ENSBTAG00000005947.ENSBTAG00000015739",0,0
"vitro","ENSBTAG00000006276.ENSBTAG00000047138",0,0
"vitro","ENSBTAG00000006538.ENSBTAG00000017489",0,0
"vitro","ENSBTAG00000008300.ENSBTAG00000008165",0,0
"vitro","ENSBTAG00000011412.ENSBTAG00000019289",0,0
"vitro","ENSBTAG00000011412.ENSBTAG00000019929",0,0
"vitro","ENSBTAG00000011580.ENSBTAG00000046199",0,0
"vitro","ENSBTAG00000011810.ENSBTAG00000003777",0,0
"vitro","ENSBTAG00000011851.ENSBTAG00000018572",0,0
"vitro","ENSBTAG00000012413.ENSBTAG00000010543",0,0
"vitro","ENSBTAG00000012413.ENSBTAG00000014064",0,0
"vitro","ENSBTAG00000012519.ENSBTAG00000031753",0,0
"vitro","ENSBTAG00000012849.ENSBTAG00000003585",0,0
"vitro","ENSBTAG00000013472.ENSBTAG00000008165",0,0
"vitro","ENSBTAG00000013472.ENSBTAG00000017866",0,0
"vitro","ENSBTAG00000013898.ENSBTAG00000016159",0,0
"vitro","ENSBTAG00000015114.ENSBTAG00000008165",0,0
"vitro","ENSBTAG00000020661.ENSBTAG00000017851",0,0
"vitro","ENSBTAG00000021048.ENSBTAG00000002144",0,0
"vitro","ENSBTAG00000021105.ENSBTAG00000000477",0,0
"vitro","ENSBTAG00000022120.ENSBTAG00000008165",0,0
"vitro","ENSBTAG00000025210.ENSBTAG00000019929",0,0
"vitro","ENSBTAG00000025257.ENSBTAG00000014162",0,0
"vitro","ENSBTAG00000025868.ENSBTAG00000008165",0,0
"vitro","ENSBTAG00000032436.ENSBTAG00000012599",0,0
"vitro","ENSBTAG00000038735.ENSBTAG00000017489",0,0
"vivo","ENSBTAG00000014583.ENSBTAG00000010986",31.8013160137553,42.5637889412673
"vivo","ENSBTAG00000025644.ENSBTAG00000010986",31.3153061651221,42.9193248810173
"vivo","ENSBTAG00000002278.ENSBTAG00000015910",24.0798852867124,41.4814561516681
"vivo","ENSBTAG00000002278.ENSBTAG00000019929",22.1933576122265,37.8513576277744
"vivo","ENSBTAG00000021697.ENSBTAG00000002804",19.5518624506954,38.807598283136
"vivo","ENSBTAG00000021697.ENSBTAG00000005990",18.8736390711646,38.6381644963123
"vivo","ENSBTAG00000002278.ENSBTAG00000013745",16.9100916643689,30.457656945541
"vivo","ENSBTAG00000021697.ENSBTAG00000019929",16.8703342800794,32.004863237467
"vivo","ENSBTAG00000021697.ENSBTAG00000007173",14.8047052172615,29.98469029867
"vivo","ENSBTAG00000002317.ENSBTAG00000014966",12.9861070299627,31.7583375110195
"vivo","ENSBTAG00000000073.ENSBTAG00000014611",12.7274244698841,23.3253688921726
"vivo","ENSBTAG00000002317.ENSBTAG00000026676",12.4825682398421,30.2001588623394
"vivo","ENSBTAG00000002317.ENSBTAG00000018052",12.2284827519926,29.3723028636372
"vivo","ENSBTAG00000012817.ENSBTAG00000007909",12.1019036972743,31.352833345783
"vivo","ENSBTAG00000002317.ENSBTAG00000011154",11.3038473426957,26.1981263454192
"vivo","ENSBTAG00000007773.ENSBTAG00000003418",10.4728018179413,31.4698202455475
"vivo","ENSBTAG00000020638.ENSBTAG00000000782",10.3295012441425,31.5235258551
"vivo","ENSBTAG00000007773.ENSBTAG00000018993",9.05905995824722,27.494723895609
"vivo","ENSBTAG00000008027.ENSBTAG00000012314",8.7383474201296,19.7519053659716
"vivo","ENSBTAG00000007773.ENSBTAG00000017060",8.4665862770328,25.3142220899324
"vivo","ENSBTAG00000007773.ENSBTAG00000015910",8.43553606238913,25.1808046878525
"vivo","ENSBTAG00000007773.ENSBTAG00000010347",8.3783918044407,26.4881692809123
"vivo","ENSBTAG00000009357.ENSBTAG00000012771",8.08069428483605,15.626722775788
"vivo","ENSBTAG00000014906.ENSBTAG00000008008",7.75735567011962,6.84174476464281
"vivo","ENSBTAG00000008027.ENSBTAG00000016948",7.53438707498889,14.180553087189
"vivo","ENSBTAG00000015991.ENSBTAG00000021190",5.85617509284989,14.1518502158341
"vivo","ENSBTAG00000008027.ENSBTAG00000002144",5.37413207018011,11.1560864266501
"vivo","ENSBTAG00000047330.ENSBTAG00000017851",5.06617242089334,8.74315070126353
"vivo","ENSBTAG00000013066.ENSBTAG00000002402",5.02605182596877,12.5865147217641
"vivo","ENSBTAG00000008027.ENSBTAG00000020704",5.00794963593361,9.44047996220015
"vivo","ENSBTAG00000008027.ENSBTAG00000019903",4.65983783197658,9.32337818329582
"vivo","ENSBTAG00000011808.ENSBTAG00000018105",4.51368445606725,9.01851976632366
"vivo","ENSBTAG00000016800.ENSBTAG00000000782",4.20682394450238,7.77074944946181
"vivo","ENSBTAG00000014906.ENSBTAG00000015910",4.17880358649189,5.1462156960219
"vivo","ENSBTAG00000021807.ENSBTAG00000016247",3.95906978184053,5.54271379771975
"vivo","ENSBTAG00000015978.ENSBTAG00000011628",3.8548661594766,8.08929276951558
"vivo","ENSBTAG00000021217.ENSBTAG00000015910",3.85212982292991,5.10066203968674
"vivo","ENSBTAG00000015362.ENSBTAG00000006420",3.66810173392569,7.90259207363151
"vivo","ENSBTAG00000046421.ENSBTAG00000006240",3.4893789241935,10.6379256153834
"vivo","ENSBTAG00000008452.ENSBTAG00000013909",3.20280259664849,9.10388748645973
"vivo","ENSBTAG00000012817.ENSBTAG00000022799",2.99017472823875,5.80414688513977
"vivo","ENSBTAG00000021217.ENSBTAG00000019289",2.95267194544387,4.84948411806974
"vivo","ENSBTAG00000013066.ENSBTAG00000021527",2.87137366092437,8.10082034832697
"vivo","ENSBTAG00000021326.ENSBTAG00000039292",2.82599414044476,8.9365781380952
"vivo","ENSBTAG00000013472.ENSBTAG00000017866",2.76411375192442,7.98848584516714
"vivo","ENSBTAG00000013162.ENSBTAG00000012314",2.75086350410033,7.74780095906618
"vivo","ENSBTAG00000000442.ENSBTAG00000007348",2.68636774688046,5.43067610323341
"vivo","ENSBTAG00000019269.ENSBTAG00000019289",2.67239450131476,5.20427546333458
"vivo","ENSBTAG00000015362.ENSBTAG00000000231",2.57962608512471,5.35766068294277
"vivo","ENSBTAG00000032436.ENSBTAG00000010444",2.52797371759952,4.98110669139534
"vivo","ENSBTAG00000014906.ENSBTAG00000011578",2.51025649512343,3.80112572167807
"vivo","ENSBTAG00000015362.ENSBTAG00000011909",2.43430500034513,5.84351445701953
"vivo","ENSBTAG00000014906.ENSBTAG00000011628",2.41743650673297,4.80949215432768
"vivo","ENSBTAG00000017549.ENSBTAG00000002699",2.41163524015749,5.71397322636491
"vivo","ENSBTAG00000013066.ENSBTAG00000012687",2.41001780735339,5.3871347923767
"vivo","ENSBTAG00000015362.ENSBTAG00000018114",2.35335950260193,4.63536822144384
"vivo","ENSBTAG00000018343.ENSBTAG00000015312",2.27183023266273,7.05677844756859
"vivo","ENSBTAG00000005581.ENSBTAG00000039292",2.26539690987764,3.94947613719381
"vivo","ENSBTAG00000010303.ENSBTAG00000007103",2.11498686387408,5.92172146372891
"vivo","ENSBTAG00000017280.ENSBTAG00000005397",2.07272263502596,6.53413229707802
"vivo","ENSBTAG00000016800.ENSBTAG00000007338",2.0082287881641,4.22095810347112
"vivo","ENSBTAG00000014906.ENSBTAG00000011515",1.96435435414268,3.71785922327263
"vivo","ENSBTAG00000019269.ENSBTAG00000015910",1.88218829298947,2.98974017843342
"vivo","ENSBTAG00000021217.ENSBTAG00000010682",1.80759175858996,2.23363605214445
"vivo","ENSBTAG00000015362.ENSBTAG00000008997",1.67187538039326,3.28789546739223
"vivo","ENSBTAG00000000470.ENSBTAG00000019929",1.65516445628612,2.22416182983621
"vivo","ENSBTAG00000004226.ENSBTAG00000021286",1.63308676128341,4.44222070002933
"vivo","ENSBTAG00000007708.ENSBTAG00000000244",1.63217773893197,3.25368061042214
"vivo","ENSBTAG00000010303.ENSBTAG00000011628",1.60284107189319,4.67726064375313
"vivo","ENSBTAG00000015362.ENSBTAG00000018105",1.57011145130298,2.79556586964781
"vivo","ENSBTAG00000010303.ENSBTAG00000007626",1.5640893458541,4.52605431984996
"vivo","ENSBTAG00000014906.ENSBTAG00000020755",1.55846687025001,3.10686996990712
"vivo","ENSBTAG00000020645.ENSBTAG00000011628",1.54123624351754,4.84105626784167
"vivo","ENSBTAG00000005250.ENSBTAG00000008008",1.46839415187329,2.2846634637435
"vivo","ENSBTAG00000003658.ENSBTAG00000018517",1.46545393535451,2.56692505025844
"vivo","ENSBTAG00000014834.ENSBTAG00000011628",1.46023840709718,4.26398040895891
"vivo","ENSBTAG00000022635.ENSBTAG00000015910",1.4568828698313,4.4863478501429
"vivo","ENSBTAG00000015991.ENSBTAG00000010444",1.40608461184976,2.97861702802921
"vivo","ENSBTAG00000021333.ENSBTAG00000017801",1.38343044079678,2.76651726071946
"vivo","ENSBTAG00000014583.ENSBTAG00000026813",1.37087260186053,3.70847185124982
"vivo","ENSBTAG00000018103.ENSBTAG00000006240",1.36113482031407,4.24029122301845
"vivo","ENSBTAG00000014834.ENSBTAG00000005828",1.34312892272558,3.40661936481061
"vivo","ENSBTAG00000019910.ENSBTAG00000015510",1.32461281221997,2.18703317815818
"vivo","ENSBTAG00000012164.ENSBTAG00000010498",1.32266706487699,3.74601144970452
"vivo","ENSBTAG00000017280.ENSBTAG00000017060",1.31674134470618,4.12104964765711
"vivo","ENSBTAG00000013472.ENSBTAG00000001462",1.28973594745373,2.45293510135614
"vivo","ENSBTAG00000010303.ENSBTAG00000017060",1.25045901052571,3.81909400274322
"vivo","ENSBTAG00000025644.ENSBTAG00000026813",1.17775430249103,2.64728940309815
"vivo","ENSBTAG00000003658.ENSBTAG00000015910",1.17576631396413,1.95653597024342
"vivo","ENSBTAG00000017246.ENSBTAG00000012314",1.16868771051978,3.25726419529716
"vivo","ENSBTAG00000007338.ENSBTAG00000004917",1.16233944425869,1.73062239430998
"vivo","ENSBTAG00000005250.ENSBTAG00000006240",1.13625757222752,2.32963013940402
"vivo","ENSBTAG00000005947.ENSBTAG00000015910",1.10758306945676,1.77703496148717
"vivo","ENSBTAG00000006685.ENSBTAG00000019404",1.10568782911446,1.38430728421494
"vivo","ENSBTAG00000006685.ENSBTAG00000005215",1.07770428124775,1.44563058814518
"vivo","ENSBTAG00000015089.ENSBTAG00000023144",1.03212326187025,2.43684933086668
"vivo","ENSBTAG00000015089.ENSBTAG00000002135",1.0228243666613,2.39836246984502
"vivo","ENSBTAG00000012817.ENSBTAG00000005397",1.00641630678363,1.97501695007628
"vivo","ENSBTAG00000005339.ENSBTAG00000011628",1.00298004849853,1.72433242088526
"vivo","ENSBTAG00000008027.ENSBTAG00000047138",0.998370977507261,3.06228965122707
"vivo","ENSBTAG00000005111.ENSBTAG00000011909",0.995078225664527,1.57423071483411
"vivo","ENSBTAG00000022635.ENSBTAG00000009757",0.969189603502291,2.84083146309864
"vivo","ENSBTAG00000004237.ENSBTAG00000011628",0.966681061428343,2.39502962404113
"vivo","ENSBTAG00000003832.ENSBTAG00000022799",0.943839984918509,1.92079973127095
"vivo","ENSBTAG00000010123.ENSBTAG00000014611",0.939016161381286,2.1831201392128
"vivo","ENSBTAG00000016515.ENSBTAG00000000815",0.932008411223603,2.82713952428386
"vivo","ENSBTAG00000012398.ENSBTAG00000008008",0.914054656579685,1.87708889173036
"vivo","ENSBTAG00000010562.ENSBTAG00000011515",0.868498005659237,2.55935326973298
"vivo","ENSBTAG00000020645.ENSBTAG00000011461",0.865243061477778,2.49079417299154
"vivo","ENSBTAG00000013363.ENSBTAG00000009851",0.837312901425356,2.37093353233293
"vivo","ENSBTAG00000013003.ENSBTAG00000021527",0.83562288904712,1.23254232786165
"vivo","ENSBTAG00000021302.ENSBTAG00000015910",0.828655234777652,1.65005133889689
"vivo","ENSBTAG00000017866.ENSBTAG00000006240",0.821272418327215,1.49775100999357
"vivo","ENSBTAG00000008027.ENSBTAG00000007175",0.802838108806193,1.64297022570647
"vivo","ENSBTAG00000004237.ENSBTAG00000010444",0.789428205235516,2.02734770484622
"vivo","ENSBTAG00000020238.ENSBTAG00000004739",0.784643367229996,1.48021095010938
"vivo","ENSBTAG00000007737.ENSBTAG00000006240",0.77209922105025,2.41719757016639
"vivo","ENSBTAG00000004777.ENSBTAG00000017753",0.742715427402906,1.21204963573376
"vivo","ENSBTAG00000016515.ENSBTAG00000006359",0.736864536009541,2.29271447612645
"vivo","ENSBTAG00000001745.ENSBTAG00000015910",0.719357365640122,1.04941550471734
"vivo","ENSBTAG00000011034.ENSBTAG00000003777",0.713770908616785,2.25714179879694
"vivo","ENSBTAG00000020244.ENSBTAG00000015510",0.712986461099697,1.43553034281795
"vivo","ENSBTAG00000012829.ENSBTAG00000017745",0.709843126180382,0.974843946358904
"vivo","ENSBTAG00000005947.ENSBTAG00000019712",0.701826951513087,1.86542167389816
"vivo","ENSBTAG00000017866.ENSBTAG00000008008",0.701760455179079,1.2839544511381
"vivo","ENSBTAG00000014583.ENSBTAG00000011050",0.69988926174958,2.21324417702244
"vivo","ENSBTAG00000013688.ENSBTAG00000019866",0.690418758006066,1.21226929660243
"vivo","ENSBTAG00000005198.ENSBTAG00000011628",0.672603436979941,1.75494184606738
"vivo","ENSBTAG00000012398.ENSBTAG00000012314",0.666878650776334,1.88056209612517
"vivo","ENSBTAG00000007737.ENSBTAG00000012314",0.65996997399159,2.08700830513551
"vivo","ENSBTAG00000015991.ENSBTAG00000011628",0.65387151629616,1.48103269550922
"vivo","ENSBTAG00000017866.ENSBTAG00000014031",0.65079438089967,1.17330567119338
"vivo","ENSBTAG00000032436.ENSBTAG00000006240",0.64754490301874,2.02585056685157
"vivo","ENSBTAG00000016043.ENSBTAG00000018035",0.635043992740788,0.734187505940703
"vivo","ENSBTAG00000005339.ENSBTAG00000011971",0.616602555874241,1.61961317930766
"vivo","ENSBTAG00000000575.ENSBTAG00000015910",0.603249955340222,1.14439187706383
"vivo","ENSBTAG00000014051.ENSBTAG00000015910",0.603140307161977,1.90729711928541
"vivo","ENSBTAG00000025644.ENSBTAG00000014567",0.590012999198388,1.25912265109606
"vivo","ENSBTAG00000015114.ENSBTAG00000017489",0.586904108803487,1.79390432832641
"vivo","ENSBTAG00000008817.ENSBTAG00000017266",0.583582786498883,1.46044173851711
"vivo","ENSBTAG00000038735.ENSBTAG00000019903",0.582052653052388,1.05445058591951
"vivo","ENSBTAG00000011034.ENSBTAG00000020148",0.564067079187562,1.41551833168594
"vivo","ENSBTAG00000005111.ENSBTAG00000006420",0.562311809947326,0.762011203157657
"vivo","ENSBTAG00000009357.ENSBTAG00000011154",0.55476845623823,1.18101287345532
"vivo","ENSBTAG00000008300.ENSBTAG00000019289",0.551970420877114,0.876521041194329
"vivo","ENSBTAG00000023907.ENSBTAG00000015910",0.547944673720679,0.825706497216367
"vivo","ENSBTAG00000018134.ENSBTAG00000010444",0.544265919399922,1.48676315402996
"vivo","ENSBTAG00000021302.ENSBTAG00000019289",0.541815504944234,0.88619867497109
"vivo","ENSBTAG00000016515.ENSBTAG00000015510",0.539306292967405,1.68776941197097
"vivo","ENSBTAG00000020645.ENSBTAG00000014270",0.526039270232775,1.26207269283599
"vivo","ENSBTAG00000005359.ENSBTAG00000024269",0.517139391479753,1.04990883220708
"vivo","ENSBTAG00000013688.ENSBTAG00000011971",0.513458390241721,0.98502725248773
"vivo","ENSBTAG00000020244.ENSBTAG00000000815",0.511603698746469,1.07336875293332
"vivo","ENSBTAG00000011563.ENSBTAG00000010497",0.509320388541317,0.761030158689828
"vivo","ENSBTAG00000012529.ENSBTAG00000012899",0.509221067717172,1.0375525304779
"vivo","ENSBTAG00000000073.ENSBTAG00000018517",0.499130403919676,0.948746792140971
"vivo","ENSBTAG00000021499.ENSBTAG00000013732",0.498183123018465,1.14650591155162
"vivo","ENSBTAG00000006045.ENSBTAG00000034385",0.494349537423148,1.41567270954206
"vivo","ENSBTAG00000013898.ENSBTAG00000039292",0.488485023583978,0.787947025971097
"vivo","ENSBTAG00000020194.ENSBTAG00000011628",0.484206544864816,1.50937365404708
"vivo","ENSBTAG00000022635.ENSBTAG00000018169",0.474767948543858,1.50134807744421
"vivo","ENSBTAG00000046421.ENSBTAG00000007213",0.473967787950106,0.795693633200663
"vivo","ENSBTAG00000019866.ENSBTAG00000009851",0.472213427716104,0.732009099136711
"vivo","ENSBTAG00000017280.ENSBTAG00000039292",0.465374536125291,1.13709145071264
"vivo","ENSBTAG00000010123.ENSBTAG00000005903",0.464941897459499,1.40347662089417
"vivo","ENSBTAG00000008817.ENSBTAG00000015910",0.460653602686625,0.823072981552013
"vivo","ENSBTAG00000015742.ENSBTAG00000007103",0.459367594524061,0.982453533034688
"vivo","ENSBTAG00000009972.ENSBTAG00000011909",0.457383374283144,0.893484752317891
"vivo","ENSBTAG00000020661.ENSBTAG00000017851",0.456579448422067,0.766551496597048
"vivo","ENSBTAG00000010123.ENSBTAG00000018517",0.448407025625493,1.10474833285524
"vivo","ENSBTAG00000007273.ENSBTAG00000034385",0.447869752220333,0.734256654391546
"vivo","ENSBTAG00000038735.ENSBTAG00000020704",0.447649010076049,1.15546316960656
"vivo","ENSBTAG00000025644.ENSBTAG00000012100",0.445280494696679,0.887180122926437
"vivo","ENSBTAG00000000073.ENSBTAG00000012314",0.440951909043602,0.685112539899694
"vivo","ENSBTAG00000010123.ENSBTAG00000012314",0.437111284125776,1.06310766928949
"vivo","ENSBTAG00000021326.ENSBTAG00000014798",0.426147272413073,1.3327457343954
"vivo","ENSBTAG00000011412.ENSBTAG00000019289",0.42206126026115,1.07643162624865
"vivo","ENSBTAG00000023907.ENSBTAG00000000782",0.414380379918286,1.02375042478619
"vivo","ENSBTAG00000008027.ENSBTAG00000017981",0.413944557441424,0.902276878859601
"vivo","ENSBTAG00000020676.ENSBTAG00000011578",0.406556846576391,1.0262257108801
"vivo","ENSBTAG00000005339.ENSBTAG00000015910",0.406086349267411,0.75661253569124
"vivo","ENSBTAG00000011810.ENSBTAG00000003777",0.404172529895034,1.2781057621408
"vivo","ENSBTAG00000007273.ENSBTAG00000032719",0.400438988656107,0.678151957526078
"vivo","ENSBTAG00000001368.ENSBTAG00000015910",0.397686830330075,0.902912290984175
"vivo","ENSBTAG00000021105.ENSBTAG00000005273",0.390360674336425,0.944390968024757
"vivo","ENSBTAG00000019267.ENSBTAG00000011578",0.38780225328312,0.867077343039387
"vivo","ENSBTAG00000007740.ENSBTAG00000015910",0.383922646832041,1.00193028194233
"vivo","ENSBTAG00000014575.ENSBTAG00000015910",0.382198684062648,0.712577137380672
"vivo","ENSBTAG00000022635.ENSBTAG00000012897",0.381805082233361,1.14591343562629
"vivo","ENSBTAG00000004924.ENSBTAG00000031718",0.380377324134667,0.622356798114688
"vivo","ENSBTAG00000014051.ENSBTAG00000003777",0.38013170038734,0.96537774184898
"vivo","ENSBTAG00000004777.ENSBTAG00000014420",0.379518522010479,0.895149650260609
"vivo","ENSBTAG00000000283.ENSBTAG00000012771",0.369385299651191,1.0940245953333
"vivo","ENSBTAG00000020244.ENSBTAG00000006359",0.363909119868261,0.726112657613118
"vivo","ENSBTAG00000016208.ENSBTAG00000015127",0.36231034699782,0.624171509800166
"vivo","ENSBTAG00000010663.ENSBTAG00000015910",0.358581544201156,1.133934406576
"vivo","ENSBTAG00000005359.ENSBTAG00000019832",0.355543928542157,0.925648925383063
"vivo","ENSBTAG00000014051.ENSBTAG00000020148",0.35330887797887,0.984392656069618
"vivo","ENSBTAG00000011757.ENSBTAG00000022799",0.352637726025953,1.11513840314445
"vivo","ENSBTAG00000005111.ENSBTAG00000008997",0.351382219257572,0.471008212765046
"vivo","ENSBTAG00000020194.ENSBTAG00000014064",0.349214570062367,0.966563028536755
"vivo","ENSBTAG00000009972.ENSBTAG00000018105",0.348503574378719,0.534411256733094
"vivo","ENSBTAG00000010663.ENSBTAG00000013745",0.347687096318491,1.09948313741678
"vivo","ENSBTAG00000001941.ENSBTAG00000023144",0.344324329471349,1.06516211126713
"vivo","ENSBTAG00000023907.ENSBTAG00000015996",0.33934888253264,0.617966162895291
"vivo","ENSBTAG00000010452.ENSBTAG00000011515",0.337888430386774,0.342592679122445
"vivo","ENSBTAG00000007273.ENSBTAG00000012314",0.332298897426618,0.312308494346062
"vivo","ENSBTAG00000006295.ENSBTAG00000020704",0.332265021526967,0.489367431783592
"vivo","ENSBTAG00000016208.ENSBTAG00000038141",0.332237955936735,0.35547430918368
"vivo","ENSBTAG00000013003.ENSBTAG00000012687",0.332003192768066,0.698950635072081
"vivo","ENSBTAG00000002317.ENSBTAG00000012119",0.33111821368698,0.98430678776265
"vivo","ENSBTAG00000006295.ENSBTAG00000016948",0.33062184713753,0.534967994210483
"vivo","ENSBTAG00000000793.ENSBTAG00000015910",0.327360624771288,0.589830546397819
"vivo","ENSBTAG00000017564.ENSBTAG00000000561",0.32126088874948,0.892319432400292
"vivo","ENSBTAG00000000559.ENSBTAG00000020661",0.319249268027397,0.810590603119067
"vivo","ENSBTAG00000038735.ENSBTAG00000002144",0.31913403997492,0.903283066609689
"vivo","ENSBTAG00000007740.ENSBTAG00000017266",0.318013987379028,0.691150292815939
"vivo","ENSBTAG00000001745.ENSBTAG00000019289",0.316736288893671,0.374958636820167
"vivo","ENSBTAG00000023907.ENSBTAG00000020644",0.316459767131631,0.35550945868475
"vivo","ENSBTAG00000021466.ENSBTAG00000015910",0.316088263758794,0.707200147557675
"vivo","ENSBTAG00000020194.ENSBTAG00000015457",0.314768652835517,0.785982207563972
"vivo","ENSBTAG00000002441.ENSBTAG00000039292",0.31292632921251,0.779684833697887
"vivo","ENSBTAG00000009565.ENSBTAG00000002804",0.310255210985298,0.646153522669062
"vivo","ENSBTAG00000040131.ENSBTAG00000017256",0.308795974395552,0.556612432576717
"vivo","ENSBTAG00000008611.ENSBTAG00000011761",0.308587178432137,0.494796361236552
"vivo","ENSBTAG00000007737.ENSBTAG00000011628",0.305797500102935,0.655952159010127
"vivo","ENSBTAG00000020676.ENSBTAG00000017060",0.304232130921344,0.438696631867534
"vivo","ENSBTAG00000019866.ENSBTAG00000000782",0.300213615631351,0.451817687191258
"vivo","ENSBTAG00000007338.ENSBTAG00000017593",0.299350212578512,0.485021158364208
"vivo","ENSBTAG00000009212.ENSBTAG00000012314",0.298931371383891,0.474969906134815
"vivo","ENSBTAG00000006295.ENSBTAG00000019903",0.296339679601294,0.678427032201623
"vivo","ENSBTAG00000014113.ENSBTAG00000019428",0.29606192395825,0.715292809413255
"vivo","ENSBTAG00000008300.ENSBTAG00000011578",0.295559159685323,0.649586628996783
"vivo","ENSBTAG00000014051.ENSBTAG00000013745",0.29412974235049,0.930119913426035
"vivo","ENSBTAG00000020556.ENSBTAG00000017033",0.291538268786721,0.516745290868362
"vivo","ENSBTAG00000011104.ENSBTAG00000023147",0.290758930846802,0.511796927807128
"vivo","ENSBTAG00000015327.ENSBTAG00000011425",0.290483251625091,0.918588697267097
"vivo","ENSBTAG00000015978.ENSBTAG00000013290",0.290199745809418,0.722296203249395
"vivo","ENSBTAG00000010361.ENSBTAG00000007909",0.286584281655466,0.679516459166473
"vivo","ENSBTAG00000019267.ENSBTAG00000014357",0.285505787897393,0.585826128510616
"vivo","ENSBTAG00000034077.ENSBTAG00000018999",0.282953539046774,0.612486557690733
"vivo","ENSBTAG00000009972.ENSBTAG00000024269",0.282463186086517,0.40805396961499
"vivo","ENSBTAG00000000793.ENSBTAG00000017266",0.281783552889591,0.464061161634978
"vivo","ENSBTAG00000020457.ENSBTAG00000014357",0.281311081941146,0.623612192789814
"vivo","ENSBTAG00000009476.ENSBTAG00000001462",0.280267748111339,0.550468608046441
"vivo","ENSBTAG00000005111.ENSBTAG00000000231",0.279727773881488,0.501001057714958
"vivo","ENSBTAG00000012004.ENSBTAG00000019832",0.274246533496214,0.463839688221981
"vivo","ENSBTAG00000009393.ENSBTAG00000039292",0.273723073617021,0.425809617422868
"vivo","ENSBTAG00000003329.ENSBTAG00000006420",0.273466954949581,0.331672269381206
"vivo","ENSBTAG00000039355.ENSBTAG00000018993",0.272617824038512,0.573936865500879
"vivo","ENSBTAG00000005359.ENSBTAG00000018035",0.272244311003927,0.348042991143963
"vivo","ENSBTAG00000011802.ENSBTAG00000015910",0.271963068826866,0.727864824302248
"vivo","ENSBTAG00000020457.ENSBTAG00000019929",0.271036895369288,0.431473443426975
"vivo","ENSBTAG00000005198.ENSBTAG00000014064",0.270765619125979,0.30741605116576
"vivo","ENSBTAG00000008026.ENSBTAG00000047138",0.270326227689327,0.738289957547582
"vivo","ENSBTAG00000018200.ENSBTAG00000020892",0.269549032707482,0.852388884450867
"vivo","ENSBTAG00000002473.ENSBTAG00000003777",0.26636749790741,0.800112631611363
"vivo","ENSBTAG00000006655.ENSBTAG00000008218",0.265486805960796,0.446957325524281
"vivo","ENSBTAG00000011082.ENSBTAG00000002402",0.26479646380225,0.566676830181569
"vivo","ENSBTAG00000008300.ENSBTAG00000004356",0.264548270491415,0.754444186168569
"vivo","ENSBTAG00000020457.ENSBTAG00000012599",0.263450026710088,0.402897783050584
"vivo","ENSBTAG00000020457.ENSBTAG00000013755",0.261200545694296,0.655818333422575
"vivo","ENSBTAG00000001321.ENSBTAG00000005273",0.260280688032228,0.82307980513757
"vivo","ENSBTAG00000014583.ENSBTAG00000014567",0.259161392178098,0.712104635788979
"vivo","ENSBTAG00000008817.ENSBTAG00000019929",0.254354397459118,0.543440857576759
"vivo","ENSBTAG00000023652.ENSBTAG00000005828",0.253946087223244,0.709831578214328
"vivo","ENSBTAG00000017664.ENSBTAG00000006161",0.253514137914154,0.490696215473768
"vivo","ENSBTAG00000007273.ENSBTAG00000002144",0.253187392336587,0.361674274247356
"vivo","ENSBTAG00000015801.ENSBTAG00000015510",0.25075209030996,0.792947733427711
"vivo","ENSBTAG00000005359.ENSBTAG00000011909",0.247738920867251,0.441538835072157
"vivo","ENSBTAG00000012829.ENSBTAG00000016933",0.246949806563149,0.407530084117841
"vivo","ENSBTAG00000018343.ENSBTAG00000020736",0.246857394345776,0.31640398145022
"vivo","ENSBTAG00000007708.ENSBTAG00000025324",0.246831086506064,0.504303660922898
"vivo","ENSBTAG00000023907.ENSBTAG00000013755",0.245639553061764,0.464521463160154
"vivo","ENSBTAG00000015991.ENSBTAG00000018993",0.244870189950329,0.460047495164395
"vivo","ENSBTAG00000011851.ENSBTAG00000010647",0.240021226769997,0.328132271138685
"vivo","ENSBTAG00000014583.ENSBTAG00000012100",0.239208268763886,0.637060148395536
"vivo","ENSBTAG00000017473.ENSBTAG00000018169",0.238572365069676,0.596309747336355
"vivo","ENSBTAG00000038221.ENSBTAG00000006359",0.238479597852695,0.451503551163733
"vivo","ENSBTAG00000007446.ENSBTAG00000015591",0.238000934975248,0.40753684520737
"vivo","ENSBTAG00000025644.ENSBTAG00000011050",0.237180339531193,0.721755621070247
"vivo","ENSBTAG00000008300.ENSBTAG00000001462",0.236702765698506,0.414882787732673
"vivo","ENSBTAG00000006295.ENSBTAG00000002144",0.233131009993115,0.425184060850733
"vivo","ENSBTAG00000010123.ENSBTAG00000014269",0.232649872528361,0.720951588956972
"vivo","ENSBTAG00000017664.ENSBTAG00000015910",0.232589669956555,0.629502025945483
"vivo","ENSBTAG00000023907.ENSBTAG00000013745",0.232187041390469,0.252602561163249
"vivo","ENSBTAG00000021105.ENSBTAG00000014031",0.230383418893821,0.623028267876147
"vivo","ENSBTAG00000014737.ENSBTAG00000000802",0.228399222084698,0.620938664195488
"vivo","ENSBTAG00000019964.ENSBTAG00000005828",0.227018472982637,0.487940557125985
"vivo","ENSBTAG00000007273.ENSBTAG00000011738",0.227005679444115,0.522082940082376
"vivo","ENSBTAG00000025210.ENSBTAG00000013755",0.22643473073465,0.300288042460298
"vivo","ENSBTAG00000016267.ENSBTAG00000020755",0.225899148096069,0.693860383701032
"vivo","ENSBTAG00000010663.ENSBTAG00000019929",0.22551700265847,0.67473009129689
"vivo","ENSBTAG00000002302.ENSBTAG00000017256",0.225366910066485,0.525149415436151
"vivo","ENSBTAG00000013155.ENSBTAG00000015910",0.223770957314983,0.277096096090624
"vivo","ENSBTAG00000020457.ENSBTAG00000024269",0.222671826014159,0.337035607195107
"vivo","ENSBTAG00000032436.ENSBTAG00000012599",0.221448424286632,0.494697054707335
"vivo","ENSBTAG00000017312.ENSBTAG00000039292",0.221280160098123,0.376580628741143
"vivo","ENSBTAG00000013155.ENSBTAG00000008373",0.220699104093613,0.341901963828757
"vivo","ENSBTAG00000018103.ENSBTAG00000011154",0.219448840391744,0.402327727980071
"vivo","ENSBTAG00000007244.ENSBTAG00000000253",0.218824347076828,0.557403805932691
"vivo","ENSBTAG00000011802.ENSBTAG00000019289",0.218346279150985,0.46129205840556
"vivo","ENSBTAG00000006984.ENSBTAG00000021818",0.215919055732652,0.641473075459069
"vivo","ENSBTAG00000012849.ENSBTAG00000019289",0.212884731810623,0.643527328543382
"vivo","ENSBTAG00000013760.ENSBTAG00000019289",0.211169515849662,0.477575652781741
"vivo","ENSBTAG00000016208.ENSBTAG00000015910",0.211056559702467,0.345593533482479
"vivo","ENSBTAG00000019694.ENSBTAG00000013745",0.21101930776958,0.652664110436533
"vivo","ENSBTAG00000009476.ENSBTAG00000019289",0.210720951445966,0.425616060445587
"vivo","ENSBTAG00000000793.ENSBTAG00000019569",0.209551104319132,0.548796059128852
"vivo","ENSBTAG00000001941.ENSBTAG00000011409",0.209165689141244,0.362563723101924
"vivo","ENSBTAG00000017122.ENSBTAG00000019289",0.207796709419224,0.343526255001806
"vivo","ENSBTAG00000008300.ENSBTAG00000017489",0.20424125002979,0.645867542254068
"vivo","ENSBTAG00000017246.ENSBTAG00000010444",0.204189102922705,0.538862549419848
"vivo","ENSBTAG00000012849.ENSBTAG00000015910",0.203651119304266,0.577346910761189
"vivo","ENSBTAG00000015742.ENSBTAG00000017060",0.202770485233493,0.481418269571049
"vivo","ENSBTAG00000007740.ENSBTAG00000015127",0.199694494468497,0.432913992067253
"vivo","ENSBTAG00000032436.ENSBTAG00000006161",0.199476295012597,0.493094161822756
"vivo","ENSBTAG00000013472.ENSBTAG00000011578",0.198852915048715,0.527175925622324
"vivo","ENSBTAG00000015089.ENSBTAG00000015910",0.197462019215675,0.570329404400639
"vivo","ENSBTAG00000037899.ENSBTAG00000022799",0.197208976549381,0.446992296564035
"vivo","ENSBTAG00000007708.ENSBTAG00000046199",0.195999293381018,0.494892744285992
"vivo","ENSBTAG00000010361.ENSBTAG00000022799",0.194509523155762,0.514594260414788
"vivo","ENSBTAG00000007737.ENSBTAG00000022799",0.191729965419188,0.369640361727771
"vivo","ENSBTAG00000008300.ENSBTAG00000018993",0.191212770298285,0.546128388278653
"vivo","ENSBTAG00000014583.ENSBTAG00000011515",0.191180878439603,0.392721235775435
"vivo","ENSBTAG00000011851.ENSBTAG00000015510",0.190725493269402,0.333628299367861
"vivo","ENSBTAG00000034077.ENSBTAG00000023731",0.190493800578304,0.290477006220621
"vivo","ENSBTAG00000015150.ENSBTAG00000017745",0.189469268315253,0.386179363205447
"vivo","ENSBTAG00000014575.ENSBTAG00000019929",0.188519845020775,0.296858773400116
"vivo","ENSBTAG00000019716.ENSBTAG00000003220",0.188044593904761,0.594649218420462
"vivo","ENSBTAG00000001941.ENSBTAG00000014966",0.187913283780499,0.594233979347953
"vivo","ENSBTAG00000019964.ENSBTAG00000003166",0.186447538242551,0.40551025735321
"vivo","ENSBTAG00000021457.ENSBTAG00000023147",0.185972134646522,0.342746578469713
"vivo","ENSBTAG00000014575.ENSBTAG00000003585",0.185605040236622,0.443339739688375
"vivo","ENSBTAG00000013155.ENSBTAG00000010682",0.183536113318358,0.253403246238731
"vivo","ENSBTAG00000011966.ENSBTAG00000019289",0.182948910937104,0.388685133829567
"vivo","ENSBTAG00000038735.ENSBTAG00000016948",0.182533164879015,0.469582962322133
"vivo","ENSBTAG00000005198.ENSBTAG00000011578",0.181912865343931,0.424684972678141
"vivo","ENSBTAG00000000793.ENSBTAG00000019289",0.18112581849583,0.320943317055673
"vivo","ENSBTAG00000000793.ENSBTAG00000018169",0.181049867707554,0.372892356222215
"vivo","ENSBTAG00000005111.ENSBTAG00000018114",0.18022451003847,0.232032109570728
"vivo","ENSBTAG00000023907.ENSBTAG00000019929",0.179063018902453,0.304720236342298
"vivo","ENSBTAG00000013760.ENSBTAG00000015910",0.178510725276101,0.320028316220262
"vivo","ENSBTAG00000018134.ENSBTAG00000011628",0.177918138857815,0.480027995930208
"vivo","ENSBTAG00000012004.ENSBTAG00000008997",0.177217416571793,0.273453042469873
"vivo","ENSBTAG00000000575.ENSBTAG00000019929",0.176329952020041,0.253597560001152
"vivo","ENSBTAG00000004630.ENSBTAG00000019929",0.176037392247159,0.439068907225135
"vivo","ENSBTAG00000000575.ENSBTAG00000019289",0.175568485565003,0.341456115108999
"vivo","ENSBTAG00000011082.ENSBTAG00000021527",0.175212424251569,0.259275304741561
"vivo","ENSBTAG00000039355.ENSBTAG00000011578",0.174283132175741,0.438052859799782
"vivo","ENSBTAG00000020457.ENSBTAG00000015910",0.173744363784198,0.283300610337087
"vivo","ENSBTAG00000009972.ENSBTAG00000018114",0.173151801830198,0.260310539009823
"vivo","ENSBTAG00000010161.ENSBTAG00000015133",0.172980991898554,0.231238785172095
"vivo","ENSBTAG00000032436.ENSBTAG00000018035",0.171418878594685,0.255534358295879
"vivo","ENSBTAG00000001941.ENSBTAG00000006161",0.171386431152415,0.329269008867761
"vivo","ENSBTAG00000017473.ENSBTAG00000015910",0.170690731684056,0.247038153552938
"vivo","ENSBTAG00000019716.ENSBTAG00000039292",0.170214385081144,0.263546214975352
"vivo","ENSBTAG00000012228.ENSBTAG00000010146",0.169731161285395,0.481802870686756
"vivo","ENSBTAG00000025644.ENSBTAG00000014773",0.169566217716009,0.347144602036032
"vivo","ENSBTAG00000008817.ENSBTAG00000012897",0.169252759306278,0.506768986270776
"vivo","ENSBTAG00000006295.ENSBTAG00000017489",0.168250806905901,0.251241674314206
"vivo","ENSBTAG00000018200.ENSBTAG00000007626",0.167612786590701,0.511585630717907
"vivo","ENSBTAG00000021466.ENSBTAG00000004885",0.167596615085025,0.335882357907761
"vivo","ENSBTAG00000016208.ENSBTAG00000014944",0.167284611458781,0.260474763480776
"vivo","ENSBTAG00000017664.ENSBTAG00000014357",0.166704039721756,0.313969078561806
"vivo","ENSBTAG00000025644.ENSBTAG00000011628",0.165658169811433,0.385052434977001
"vivo","ENSBTAG00000001141.ENSBTAG00000015910",0.165272523744158,0.260316706510756
"vivo","ENSBTAG00000005339.ENSBTAG00000019929",0.162175124323174,0.292553852958194
"vivo","ENSBTAG00000019604.ENSBTAG00000009851",0.16212414663124,0.362322435912125
"vivo","ENSBTAG00000007897.ENSBTAG00000016948",0.159261799525567,0.440170026003378
"vivo","ENSBTAG00000005280.ENSBTAG00000048246",0.159165344824748,0.212563139633121
"vivo","ENSBTAG00000011010.ENSBTAG00000009757",0.158654403257389,0.257538697125687
"vivo","ENSBTAG00000021499.ENSBTAG00000008849",0.15749797100473,0.311663747053631
"vivo","ENSBTAG00000014737.ENSBTAG00000037649",0.157367201905521,0.304779254071251
"vivo","ENSBTAG00000012004.ENSBTAG00000015910",0.1564487371354,0.227005667001454
"vivo","ENSBTAG00000039355.ENSBTAG00000011515",0.156418855993409,0.293612796151426
"vivo","ENSBTAG00000025210.ENSBTAG00000019929",0.156298341017186,0.26789289349712
"vivo","ENSBTAG00000021105.ENSBTAG00000013205",0.155184900101603,0.463408531140988
"vivo","ENSBTAG00000020457.ENSBTAG00000019832",0.154084264979217,0.324847374857969
"vivo","ENSBTAG00000007740.ENSBTAG00000011154",0.153364943141911,0.411306102398967
"vivo","ENSBTAG00000001601.ENSBTAG00000011578",0.153219161101827,0.415424022139804
"vivo","ENSBTAG00000018255.ENSBTAG00000015127",0.151404667565645,0.253981726675824
"vivo","ENSBTAG00000011851.ENSBTAG00000011425",0.151191682855656,0.297199406538466
"vivo","ENSBTAG00000012004.ENSBTAG00000013755",0.1501297741112,0.270013621998554
"vivo","ENSBTAG00000002080.ENSBTAG00000022799",0.14928229230357,0.243841884320245
"vivo","ENSBTAG00000038735.ENSBTAG00000017489",0.149279128809019,0.380083783161561
"vivo","ENSBTAG00000004630.ENSBTAG00000003585",0.149274666546521,0.282904906299672
"vivo","ENSBTAG00000000016.ENSBTAG00000024928",0.148884043629392,0.337047110770835
"vivo","ENSBTAG00000005198.ENSBTAG00000019866",0.148663599376944,0.264462259609256
"vivo","ENSBTAG00000026236.ENSBTAG00000019929",0.147786079002672,0.305947320811144
"vivo","ENSBTAG00000008452.ENSBTAG00000009903",0.147516570790267,0.230563196900535
"vivo","ENSBTAG00000014583.ENSBTAG00000004337",0.147516423792807,0.31618298614867
"vivo","ENSBTAG00000006505.ENSBTAG00000006240",0.147411662985473,0.312572653031138
"vivo","ENSBTAG00000005359.ENSBTAG00000008997",0.145706450525859,0.231494154724686
"vivo","ENSBTAG00000017664.ENSBTAG00000019712",0.14545295599899,0.280401718766852
"vivo","ENSBTAG00000011291.ENSBTAG00000006732",0.145014703345693,0.211004506179209
"vivo","ENSBTAG00000011585.ENSBTAG00000015046",0.14455268857262,0.457115737790472
"vivo","ENSBTAG00000017753.ENSBTAG00000015996",0.144414859369113,0.409392760048368
"vivo","ENSBTAG00000020457.ENSBTAG00000018035",0.144341739024461,0.240015138273792
"vivo","ENSBTAG00000021316.ENSBTAG00000015910",0.144120028161321,0.332003252884147
"vivo","ENSBTAG00000017122.ENSBTAG00000011154",0.14208967941502,0.422867202656947
"vivo","ENSBTAG00000009476.ENSBTAG00000015910",0.140322944115416,0.161667781724527
"vivo","ENSBTAG00000037899.ENSBTAG00000007909",0.139239374056882,0.217397437738135
"vivo","ENSBTAG00000037778.ENSBTAG00000039292",0.138950614612202,0.341023009612852
"vivo","ENSBTAG00000011412.ENSBTAG00000018169",0.13650388991271,0.343199359655084
"vivo","ENSBTAG00000007740.ENSBTAG00000007909",0.135478676953633,0.283248714146176
"vivo","ENSBTAG00000001141.ENSBTAG00000013745",0.135269092220987,0.371996971728775
"vivo","ENSBTAG00000017746.ENSBTAG00000010462",0.1350487296951,0.308214523724995
"vivo","ENSBTAG00000005947.ENSBTAG00000019929",0.134665904940857,0.349459622604607
"vivo","ENSBTAG00000025775.ENSBTAG00000020704",0.133007679695882,0.240607617316194
"vivo","ENSBTAG00000005850.ENSBTAG00000022799",0.131216913212211,0.279794517090997
"vivo","ENSBTAG00000007268.ENSBTAG00000015910",0.130728555393329,0.371761466922892
"vivo","ENSBTAG00000015150.ENSBTAG00000016933",0.130563113617363,0.272704819226452
"vivo","ENSBTAG00000024394.ENSBTAG00000019866",0.130473163734376,0.28621436868719
"vivo","ENSBTAG00000013898.ENSBTAG00000016159",0.130309771831128,0.274909349916846
"vivo","ENSBTAG00000009761.ENSBTAG00000002144",0.128970368606772,0.231688033026906
"vivo","ENSBTAG00000012004.ENSBTAG00000019929",0.127759771711347,0.20905906992374
"vivo","ENSBTAG00000017753.ENSBTAG00000020054",0.127169572822975,0.340032889686431
"vivo","ENSBTAG00000005691.ENSBTAG00000024269",0.125941488776813,0.227679181367383
"vivo","ENSBTAG00000011851.ENSBTAG00000002699",0.124536476107723,0.222934815155843
"vivo","ENSBTAG00000009476.ENSBTAG00000013745",0.124196153917555,0.241570432522087
"vivo","ENSBTAG00000032436.ENSBTAG00000006378",0.123722514492926,0.341363724506881
"vivo","ENSBTAG00000005691.ENSBTAG00000011154",0.123573948522325,0.210761973960789
"vivo","ENSBTAG00000032436.ENSBTAG00000007909",0.123507605912882,0.261003207131484
"vivo","ENSBTAG00000007740.ENSBTAG00000026676",0.122931834922106,0.319925208512871
"vivo","ENSBTAG00000007737.ENSBTAG00000006161",0.121712556625944,0.235597912625541
"vivo","ENSBTAG00000020645.ENSBTAG00000010860",0.121228511205859,0.260899313127232
"vivo","ENSBTAG00000047567.ENSBTAG00000001694",0.118935739080236,0.237134177337758
"vivo","ENSBTAG00000007737.ENSBTAG00000010444",0.118741040217959,0.347406586235806
"vivo","ENSBTAG00000032436.ENSBTAG00000022799",0.118546185809677,0.202193184065468
"vivo","ENSBTAG00000005947.ENSBTAG00000015739",0.118536133197969,0.310161984865652
"vivo","ENSBTAG00000025644.ENSBTAG00000011515",0.118131840750494,0.230788325156895
"vivo","ENSBTAG00000012088.ENSBTAG00000015910",0.118112333731614,0.373503994349836
"vivo","ENSBTAG00000020457.ENSBTAG00000013222",0.118036319448839,0.31245211045517
"vivo","ENSBTAG00000019665.ENSBTAG00000005273",0.117841851809428,0.349240679775842
"vivo","ENSBTAG00000021466.ENSBTAG00000010682",0.117439540438347,0.246238109351627
"vivo","ENSBTAG00000013191.ENSBTAG00000015910",0.116883192710915,0.242498424950689
"vivo","ENSBTAG00000004594.ENSBTAG00000019569",0.11649810008848,0.245860261756724
"vivo","ENSBTAG00000011757.ENSBTAG00000004334",0.116254070188025,0.270075140963523
"vivo","ENSBTAG00000012004.ENSBTAG00000018035",0.115935478162268,0.18223606623384
"vivo","ENSBTAG00000017473.ENSBTAG00000019289",0.11566456774195,0.25813104075018
"vivo","ENSBTAG00000015978.ENSBTAG00000039292",0.114457756508331,0.269747240980163
"vivo","ENSBTAG00000005947.ENSBTAG00000017060",0.114071349553081,0.193346937454056
"vivo","ENSBTAG00000017280.ENSBTAG00000047793",0.114033065086681,0.174310120532524
"vivo","ENSBTAG00000010738.ENSBTAG00000019428",0.113805379387582,0.236853951039741
"vivo","ENSBTAG00000032436.ENSBTAG00000012314",0.113652913414563,0.228013835789997
"vivo","ENSBTAG00000005691.ENSBTAG00000019866",0.111672753609882,0.155569797718815
"vivo","ENSBTAG00000001321.ENSBTAG00000013205",0.11116649066596,0.180603245058609
"vivo","ENSBTAG00000005691.ENSBTAG00000015127",0.111126683714793,0.206940574041973
"vivo","ENSBTAG00000007897.ENSBTAG00000039292",0.111058594480739,0.242368850361516
"vivo","ENSBTAG00000020645.ENSBTAG00000017489",0.109959288400195,0.34772180123595
"vivo","ENSBTAG00000011966.ENSBTAG00000012897",0.109955252890626,0.311709229669087
"vivo","ENSBTAG00000012004.ENSBTAG00000013843",0.109329758359153,0.205428976972701
"vivo","ENSBTAG00000011851.ENSBTAG00000004917",0.108614011770316,0.19361449123679
"vivo","ENSBTAG00000018103.ENSBTAG00000017753",0.108595039707168,0.202742258147112
"vivo","ENSBTAG00000004924.ENSBTAG00000039292",0.10844872985069,0.257434295899037
"vivo","ENSBTAG00000016177.ENSBTAG00000011628",0.107538242376636,0.217053203061802
"vivo","ENSBTAG00000005691.ENSBTAG00000014357",0.106927584613122,0.177613677788382
"vivo","ENSBTAG00000017664.ENSBTAG00000011154",0.106211445643304,0.335870081812008
"vivo","ENSBTAG00000011104.ENSBTAG00000020979",0.105927713361973,0.334972841557286
"vivo","ENSBTAG00000013760.ENSBTAG00000019929",0.105610158075742,0.259757842299446
"vivo","ENSBTAG00000010562.ENSBTAG00000020755",0.105324282974774,0.291820029039815
"vivo","ENSBTAG00000017246.ENSBTAG00000022799",0.105058223697505,0.306030763005257
"vivo","ENSBTAG00000020556.ENSBTAG00000018517",0.104514250491374,0.160685419449098
"vivo","ENSBTAG00000012413.ENSBTAG00000014064",0.103477220419911,0.299344627434079
"vivo","ENSBTAG00000017746.ENSBTAG00000009851",0.103311365662494,0.215367045671447
"vivo","ENSBTAG00000019993.ENSBTAG00000027516",0.103178035127591,0.167550459783524
"vivo","ENSBTAG00000011757.ENSBTAG00000007909",0.103015801014262,0.325764566191753
"vivo","ENSBTAG00000020457.ENSBTAG00000008997",0.10288853923975,0.171472097958921
"vivo","ENSBTAG00000010334.ENSBTAG00000046199",0.102818737887971,0.325141397869839
"vivo","ENSBTAG00000032436.ENSBTAG00000014064",0.101618742933967,0.280504674472656
"vivo","ENSBTAG00000008300.ENSBTAG00000017266",0.101612837417069,0.277286664168925
"vivo","ENSBTAG00000014575.ENSBTAG00000019289",0.100750268750804,0.25985510453697
"vivo","ENSBTAG00000005260.ENSBTAG00000015910",0.098257055249119,0.233576226409374
"vivo","ENSBTAG00000017745.ENSBTAG00000010423",0.097166720679114,0.188006326810636
"vivo","ENSBTAG00000030710.ENSBTAG00000013755",0.0970177275379993,0.306796992433718
"vivo","ENSBTAG00000021105.ENSBTAG00000006240",0.0962390569965122,0.234691571233919
"vivo","ENSBTAG00000014556.ENSBTAG00000026676",0.0957950470716371,0.245232316734141
"vivo","ENSBTAG00000012228.ENSBTAG00000001814",0.0957183244256194,0.277993852897806
"vivo","ENSBTAG00000021466.ENSBTAG00000019289",0.0950270743645384,0.267404767993549
"vivo","ENSBTAG00000021316.ENSBTAG00000019289",0.0947640528257456,0.193238658452589
"vivo","ENSBTAG00000011412.ENSBTAG00000012897",0.094363788607255,0.190087341436448
"vivo","ENSBTAG00000017745.ENSBTAG00000018474",0.0942100698672969,0.150298445306784
"vivo","ENSBTAG00000000575.ENSBTAG00000013745",0.0921264066957251,0.291329277805478
"vivo","ENSBTAG00000010312.ENSBTAG00000017753",0.0919354453205768,0.231970283403817
"vivo","ENSBTAG00000012849.ENSBTAG00000019929",0.0914181921341731,0.228613332946358
"vivo","ENSBTAG00000005260.ENSBTAG00000013755",0.0914105167109689,0.272581417584721
"vivo","ENSBTAG00000020457.ENSBTAG00000001060",0.0906178507070915,0.165882176349328
"vivo","ENSBTAG00000008121.ENSBTAG00000015127",0.0903152671475198,0.176793383823391
"vivo","ENSBTAG00000015177.ENSBTAG00000010249",0.0886571498666707,0.1916370285697
"vivo","ENSBTAG00000017745.ENSBTAG00000016933",0.0885185544425245,0.184930730693089
"vivo","ENSBTAG00000007897.ENSBTAG00000023731",0.0871100941227138,0.229771101967483
"vivo","ENSBTAG00000007446.ENSBTAG00000008849",0.0866321709671661,0.218992697646142
"vivo","ENSBTAG00000012004.ENSBTAG00000024269",0.0865928691872269,0.202033142574584
"vivo","ENSBTAG00000005339.ENSBTAG00000019866",0.0865507235512337,0.156499911492632
"vivo","ENSBTAG00000010726.ENSBTAG00000012314",0.0864813755994599,0.230357793466454
"vivo","ENSBTAG00000017246.ENSBTAG00000006240",0.085754750873025,0.224746614369489
"vivo","ENSBTAG00000007148.ENSBTAG00000020199",0.0855998795273282,0.270690586742375
"vivo","ENSBTAG00000008452.ENSBTAG00000016071",0.0855061116122013,0.181371269190365
"vivo","ENSBTAG00000012623.ENSBTAG00000002606",0.0854603431246415,0.192818873187438
"vivo","ENSBTAG00000012519.ENSBTAG00000031753",0.0852116771473154,0.269462983028436
"vivo","ENSBTAG00000031444.ENSBTAG00000006360",0.0847360572021433,0.181339499306939
"vivo","ENSBTAG00000012109.ENSBTAG00000013674",0.0844275813893669,0.211172868620099
"vivo","ENSBTAG00000005691.ENSBTAG00000015457",0.0841497718126869,0.176167492712062
"vivo","ENSBTAG00000011851.ENSBTAG00000019866",0.0840258498750196,0.226190172161306
"vivo","ENSBTAG00000014465.ENSBTAG00000013755",0.0837497487200104,0.127296265978576
"vivo","ENSBTAG00000011851.ENSBTAG00000007338",0.0831135292408191,0.177671688275316
"vivo","ENSBTAG00000012849.ENSBTAG00000003585",0.0826819886925946,0.234124816191717
"vivo","ENSBTAG00000010161.ENSBTAG00000039292",0.0824814293269667,0.0953365658892491
"vivo","ENSBTAG00000005339.ENSBTAG00000001694",0.0814800887639409,0.148746199203882
"vivo","ENSBTAG00000000016.ENSBTAG00000015312",0.0813444051913097,0.257233595316163
"vivo","ENSBTAG00000012210.ENSBTAG00000039292",0.0809189826404227,0.255888291087362
"vivo","ENSBTAG00000018773.ENSBTAG00000019866",0.0805394347015953,0.164811275061456
"vivo","ENSBTAG00000018343.ENSBTAG00000010497",0.0802609064986138,0.1693437007149
"vivo","ENSBTAG00000011741.ENSBTAG00000015910",0.0802011837634284,0.164792388292672
"vivo","ENSBTAG00000005077.ENSBTAG00000018424",0.0801095489835987,0.217550934760638
"vivo","ENSBTAG00000025644.ENSBTAG00000004588",0.0796682881439511,0.150265858241891
"vivo","ENSBTAG00000005947.ENSBTAG00000002402",0.0793091786104892,0.229638562046131
"vivo","ENSBTAG00000007737.ENSBTAG00000014064",0.0774057782540838,0.22360918704163
"vivo","ENSBTAG00000007244.ENSBTAG00000015910",0.0772968960049399,0.16296779928384
"vivo","ENSBTAG00000014583.ENSBTAG00000020661",0.0772662804539359,0.227560851542624
"vivo","ENSBTAG00000012228.ENSBTAG00000014966",0.0772333410965337,0.173586577301417
"vivo","ENSBTAG00000025644.ENSBTAG00000014600",0.077171473350535,0.139802293863034
"vivo","ENSBTAG00000008237.ENSBTAG00000013205",0.0763567649156996,0.241461291895646
"vivo","ENSBTAG00000005691.ENSBTAG00000020644",0.0760902016757764,0.108644753826488
"vivo","ENSBTAG00000009476.ENSBTAG00000011971",0.0743614470381099,0.134929934149888
"vivo","ENSBTAG00000017564.ENSBTAG00000018035",0.0741878996279113,0.213504352366362
"vivo","ENSBTAG00000007737.ENSBTAG00000019832",0.0731200588161199,0.112182484536873
"vivo","ENSBTAG00000003806.ENSBTAG00000016455",0.0728208326080039,0.12338755626403
"vivo","ENSBTAG00000013898.ENSBTAG00000047704",0.0712315162710691,0.138996475657063
"vivo","ENSBTAG00000001244.ENSBTAG00000017060",0.0710282930561185,0.109722498342838
"vivo","ENSBTAG00000000575.ENSBTAG00000012897",0.0708854400638452,0.149724611688396
"vivo","ENSBTAG00000021807.ENSBTAG00000021664",0.0698697721365606,0.12119691680021
"vivo","ENSBTAG00000003835.ENSBTAG00000006420",0.069766728761749,0.134084025041904
"vivo","ENSBTAG00000010820.ENSBTAG00000002107",0.0696709451499839,0.157539709399496
"vivo","ENSBTAG00000011784.ENSBTAG00000000736",0.0696447914603204,0.220236168182057
"vivo","ENSBTAG00000007148.ENSBTAG00000034848",0.0692014709550251,0.204333330146753
"vivo","ENSBTAG00000016648.ENSBTAG00000017266",0.0689912321154327,0.158477476434853
"vivo","ENSBTAG00000014113.ENSBTAG00000014162",0.0688190620000731,0.143837572007424
"vivo","ENSBTAG00000019993.ENSBTAG00000039292",0.0684411959214967,0.19627732335007
"vivo","ENSBTAG00000017122.ENSBTAG00000011741",0.0674661810969561,0.182602274210567
"vivo","ENSBTAG00000008300.ENSBTAG00000011741",0.0671591762157095,0.141799646074703
"vivo","ENSBTAG00000014583.ENSBTAG00000011628",0.0668076760505207,0.14307632131016
"vivo","ENSBTAG00000014737.ENSBTAG00000011971",0.0668000323175202,0.161104608779908
"vivo","ENSBTAG00000008300.ENSBTAG00000019929",0.0666728186215962,0.189467910997836
"vivo","ENSBTAG00000018077.ENSBTAG00000024406",0.0657218913735983,0.108374274236219
"vivo","ENSBTAG00000000575.ENSBTAG00000011628",0.0656740680356152,0.1546703760631
"vivo","ENSBTAG00000020457.ENSBTAG00000003045",0.0656645123470199,0.169152097345139
"vivo","ENSBTAG00000031998.ENSBTAG00000039292",0.0649000493562126,0.205231976222976
"vivo","ENSBTAG00000045582.ENSBTAG00000002144",0.0645988102458357,0.136484503046597
"vivo","ENSBTAG00000011966.ENSBTAG00000015910",0.0645692088840687,0.160860737632873
"vivo","ENSBTAG00000003837.ENSBTAG00000011761",0.0645465334256252,0.14631943876996
"vivo","ENSBTAG00000001764.ENSBTAG00000026676",0.0636782019386463,0.137737228002742
"vivo","ENSBTAG00000003253.ENSBTAG00000011434",0.0636253767023774,0.149416473896298
"vivo","ENSBTAG00000019336.ENSBTAG00000002107",0.0636080356216123,0.136513949894587
"vivo","ENSBTAG00000020342.ENSBTAG00000035084",0.0633747889230118,0.200408679229127
"vivo","ENSBTAG00000002006.ENSBTAG00000003585",0.0626116466977729,0.141862645798521
"vivo","ENSBTAG00000004362.ENSBTAG00000014357",0.0625145787367522,0.133010802101937
"vivo","ENSBTAG00000006354.ENSBTAG00000017060",0.0616441635928407,0.133018266091659
"vivo","ENSBTAG00000013760.ENSBTAG00000003585",0.061132040820772,0.165500022372181
"vivo","ENSBTAG00000008300.ENSBTAG00000033669",0.0609322987202867,0.133311471635742
"vivo","ENSBTAG00000013155.ENSBTAG00000019289",0.0608815390869217,0.120043353615581
"vivo","ENSBTAG00000001321.ENSBTAG00000002144",0.0598299781002807,0.189199003154881
"vivo","ENSBTAG00000005198.ENSBTAG00000010543",0.059741359800503,0.188918767485212
"vivo","ENSBTAG00000020221.ENSBTAG00000002107",0.0595479838796403,0.188307259130653
"vivo","ENSBTAG00000020406.ENSBTAG00000021527",0.0588452344351738,0.132122842633029
"vivo","ENSBTAG00000015991.ENSBTAG00000005903",0.0587536871081569,0.148373094542307
"vivo","ENSBTAG00000022120.ENSBTAG00000015910",0.0585031223199104,0.143466085767659
"vivo","ENSBTAG00000010673.ENSBTAG00000006359",0.0583692338118189,0.18457972412426
"vivo","ENSBTAG00000015352.ENSBTAG00000012599",0.0576346005073505,0.162225573116605
"vivo","ENSBTAG00000025644.ENSBTAG00000004337",0.0574490564582942,0.139811916417777
"vivo","ENSBTAG00000000575.ENSBTAG00000026676",0.0569026442681412,0.179941960773651
"vivo","ENSBTAG00000000575.ENSBTAG00000011154",0.0568917113020462,0.176546511971101
"vivo","ENSBTAG00000008300.ENSBTAG00000014357",0.0561134737885296,0.11401977978553
"vivo","ENSBTAG00000006045.ENSBTAG00000011944",0.0560590652133217,0.149662883556488
"vivo","ENSBTAG00000007725.ENSBTAG00000012687",0.0559826966035542,0.118110486455177
"vivo","ENSBTAG00000017564.ENSBTAG00000017846",0.0557094559053827,0.121180837040263
"vivo","ENSBTAG00000019964.ENSBTAG00000001694",0.0556689098872961,0.135404256612345
"vivo","ENSBTAG00000004594.ENSBTAG00000011578",0.0553750347612301,0.104970097516277
"vivo","ENSBTAG00000006686.ENSBTAG00000015910",0.0552334621949526,0.174663543592853
"vivo","ENSBTAG00000007244.ENSBTAG00000011741",0.0551933608318324,0.153788799881213
"vivo","ENSBTAG00000004630.ENSBTAG00000013745",0.05509988498323,0.118453966608435
"vivo","ENSBTAG00000020406.ENSBTAG00000047793",0.0548712337939209,0.121539230754486
"vivo","ENSBTAG00000010726.ENSBTAG00000025101",0.0545265334902433,0.129396702943033
"vivo","ENSBTAG00000010738.ENSBTAG00000003220",0.0543307585196526,0.0993198545004735
"vivo","ENSBTAG00000020645.ENSBTAG00000006208",0.0537691955928749,0.170033126028572
"vivo","ENSBTAG00000008300.ENSBTAG00000013125",0.0535998696437986,0.115052513779215
"vivo","ENSBTAG00000011409.ENSBTAG00000001941",0.0531938269262923,0.108533226289644
"vivo","ENSBTAG00000031998.ENSBTAG00000015708",0.0524032051013741,0.119106856571034
"vivo","ENSBTAG00000003176.ENSBTAG00000015910",0.0521199709192434,0.164817819686549
"vivo","ENSBTAG00000007446.ENSBTAG00000008733",0.0519502814194178,0.109848092683248
"vivo","ENSBTAG00000006295.ENSBTAG00000017981",0.0512607297651155,0.162100660580153
"vivo","ENSBTAG00000017246.ENSBTAG00000019832",0.0511847990646449,0.161860546622334
"vivo","ENSBTAG00000021048.ENSBTAG00000008483",0.0511735996344208,0.110835030353982
"vivo","ENSBTAG00000000575.ENSBTAG00000012119",0.0510835518437122,0.137448101945386
"vivo","ENSBTAG00000011851.ENSBTAG00000000782",0.0507173993337759,0.0875737496984799
"vivo","ENSBTAG00000000016.ENSBTAG00000004211",0.0506987805741298,0.145998046857315
"vivo","ENSBTAG00000010303.ENSBTAG00000020892",0.0506080302325819,0.156683585417404
"vivo","ENSBTAG00000005691.ENSBTAG00000014064",0.0505250842113897,0.12961090445253
"vivo","ENSBTAG00000008027.ENSBTAG00000017489",0.0499533423846062,0.0830890465400732
"vivo","ENSBTAG00000012398.ENSBTAG00000014357",0.049891061211449,0.110061239412557
"vivo","ENSBTAG00000005111.ENSBTAG00000018105",0.0497628180787246,0.0924075893466856
"vivo","ENSBTAG00000015114.ENSBTAG00000019929",0.0487303233200245,0.154098812807696
"vivo","ENSBTAG00000001725.ENSBTAG00000014798",0.04815411226863,0.13003880193228
"vivo","ENSBTAG00000014127.ENSBTAG00000039652",0.0478484290143263,0.151310018146156
"vivo","ENSBTAG00000034077.ENSBTAG00000017846",0.0475702273729714,0.100411052265914
"vivo","ENSBTAG00000002880.ENSBTAG00000013755",0.0472323840005239,0.149361912761351
"vivo","ENSBTAG00000004630.ENSBTAG00000015910",0.0466324564023833,0.125317718493791
"vivo","ENSBTAG00000011802.ENSBTAG00000017266",0.0461492506068926,0.0973340445027965
"vivo","ENSBTAG00000009357.ENSBTAG00000012119",0.0459074247369943,0.106958713094526
"vivo","ENSBTAG00000000575.ENSBTAG00000015127",0.0456827126772714,0.141110019408171
"vivo","ENSBTAG00000017280.ENSBTAG00000037735",0.0456081567523375,0.086151695324064
"vivo","ENSBTAG00000007737.ENSBTAG00000012599",0.045429507860658,0.140300151347671
"vivo","ENSBTAG00000011238.ENSBTAG00000002951",0.0449182210934626,0.091144605573807
"vivo","ENSBTAG00000017060.ENSBTAG00000007103",0.0446687550570756,0.0922523917735951
"vivo","ENSBTAG00000005710.ENSBTAG00000009851",0.0446034930120338,0.141048629517431
"vivo","ENSBTAG00000017473.ENSBTAG00000017266",0.0443617126634042,0.101932101725353
"vivo","ENSBTAG00000011580.ENSBTAG00000046199",0.0442828549410693,0.10399349338341
"vivo","ENSBTAG00000017246.ENSBTAG00000014064",0.0440273203936459,0.0753502737750538
"vivo","ENSBTAG00000021048.ENSBTAG00000019903",0.0439098832863003,0.0787819910728926
"vivo","ENSBTAG00000009478.ENSBTAG00000018035",0.0437927751781365,0.121788492562473
"vivo","ENSBTAG00000020645.ENSBTAG00000005990",0.0437823060050644,0.122124273428886
"vivo","ENSBTAG00000017753.ENSBTAG00000039292",0.0436262436206617,0.117252511184424
"vivo","ENSBTAG00000000130.ENSBTAG00000004211",0.0436197023790162,0.0921579245251774
"vivo","ENSBTAG00000007740.ENSBTAG00000013320",0.0435375755767239,0.0942997250421954
"vivo","ENSBTAG00000005710.ENSBTAG00000015457",0.0432747361613366,0.136846731412675
"vivo","ENSBTAG00000002006.ENSBTAG00000011154",0.0431151235364351,0.136341991974669
"vivo","ENSBTAG00000021457.ENSBTAG00000011986",0.0429092315089451,0.10012170004019
"vivo","ENSBTAG00000000073.ENSBTAG00000008849",0.0423437238112107,0.0965454458391589
"vivo","ENSBTAG00000005628.ENSBTAG00000008852",0.0420157416592826,0.0966416017957238
"vivo","ENSBTAG00000019336.ENSBTAG00000011761",0.041811281230659,0.111673417577614
"vivo","ENSBTAG00000001141.ENSBTAG00000022799",0.0414346706401957,0.109101269613
"vivo","ENSBTAG00000008237.ENSBTAG00000005273",0.0413592541802823,0.130789445535532
"vivo","ENSBTAG00000010991.ENSBTAG00000007348",0.0411640335515603,0.097198881285458
"vivo","ENSBTAG00000005339.ENSBTAG00000003166",0.0407769320400917,0.128947981240586
"vivo","ENSBTAG00000013472.ENSBTAG00000019289",0.0405950826973653,0.0873219920375214
"vivo","ENSBTAG00000001460.ENSBTAG00000020661",0.0402609233449234,0.085197783713434
"vivo","ENSBTAG00000011412.ENSBTAG00000017266",0.03987682392587,0.0915117047247608
"vivo","ENSBTAG00000014583.ENSBTAG00000020667",0.0386466093323788,0.122211309333036
"vivo","ENSBTAG00000016260.ENSBTAG00000011628",0.0385383514835589,0.0624721741465949
"vivo","ENSBTAG00000020457.ENSBTAG00000013843",0.0382873677525161,0.106943646041349
"vivo","ENSBTAG00000017246.ENSBTAG00000018035",0.038006615625799,0.10127801456521
"vivo","ENSBTAG00000012413.ENSBTAG00000015457",0.037848437853826,0.119687269497425
"vivo","ENSBTAG00000005691.ENSBTAG00000010543",0.0377378302598984,0.0653715423835089
"vivo","ENSBTAG00000020194.ENSBTAG00000010543",0.0373696741813748,0.118173285831533
"vivo","ENSBTAG00000021879.ENSBTAG00000013755",0.0372539420944787,0.0664758818013669
"vivo","ENSBTAG00000011851.ENSBTAG00000018572",0.0370121383300584,0.113696154489464
"vivo","ENSBTAG00000025644.ENSBTAG00000020661",0.0370009474710968,0.0573346050727681
"vivo","ENSBTAG00000005691.ENSBTAG00000026676",0.036967090010924,0.076041845262198
"vivo","ENSBTAG00000001725.ENSBTAG00000015127",0.036935603260054,0.0816153331862271
"vivo","ENSBTAG00000014465.ENSBTAG00000019929",0.0367335481206454,0.116161678600637
"vivo","ENSBTAG00000007897.ENSBTAG00000020704",0.0363477664242632,0.0766343063349343
"vivo","ENSBTAG00000005947.ENSBTAG00000018517",0.0360310369759127,0.11394014330163
"vivo","ENSBTAG00000005691.ENSBTAG00000027464",0.0359731317220154,0.0728896588333612
"vivo","ENSBTAG00000005481.ENSBTAG00000003166",0.0355468633913977,0.112409051991674
"vivo","ENSBTAG00000009478.ENSBTAG00000018114",0.0351434656926477,0.0741289854892536
"vivo","ENSBTAG00000005077.ENSBTAG00000039292",0.0351269156576715,0.111081060654873
"vivo","ENSBTAG00000004226.ENSBTAG00000026278",0.0349948404155246,0.0843830230680876
"vivo","ENSBTAG00000008300.ENSBTAG00000008165",0.0342557378097981,0.0816242764996865
"vivo","ENSBTAG00000009812.ENSBTAG00000039292",0.0341646024583202,0.10803795912248
"vivo","ENSBTAG00000017455.ENSBTAG00000015910",0.0340553161291463,0.0875515063274183
"vivo","ENSBTAG00000014921.ENSBTAG00000017745",0.0338134345214865,0.103587829258597
"vivo","ENSBTAG00000005108.ENSBTAG00000011154",0.033547475069365,0.106086430966908
"vivo","ENSBTAG00000025410.ENSBTAG00000018343",0.0335417402975302,0.0762882881691303
"vivo","ENSBTAG00000020645.ENSBTAG00000021527",0.0333260927099043,0.0600175950469832
"vivo","ENSBTAG00000001764.ENSBTAG00000021190",0.0332085305546552,0.0659809165896937
"vivo","ENSBTAG00000020342.ENSBTAG00000007047",0.0328575810742848,0.103904794598382
"vivo","ENSBTAG00000018347.ENSBTAG00000013205",0.0318844501408602,0.0758001048759022
"vivo","ENSBTAG00000017549.ENSBTAG00000008197",0.0314834765421513,0.0833309211477815
"vivo","ENSBTAG00000006538.ENSBTAG00000017489",0.031419820456871,0.0810164284171606
"vivo","ENSBTAG00000007737.ENSBTAG00000011909",0.0309581436255763,0.0978982459874439
"vivo","ENSBTAG00000020645.ENSBTAG00000039292",0.0306297598897482,0.0656946625457252
"vivo","ENSBTAG00000013472.ENSBTAG00000015910",0.0305175189400898,0.0500011123027992
"vivo","ENSBTAG00000009615.ENSBTAG00000013290",0.0304400365510622,0.0654609564424304
"vivo","ENSBTAG00000009476.ENSBTAG00000000782",0.0298457894256375,0.050420842970719
"vivo","ENSBTAG00000005691.ENSBTAG00000011578",0.0297752656671962,0.0676638887029546
"vivo","ENSBTAG00000010138.ENSBTAG00000019866",0.0295878229331508,0.0665254752459339
"vivo","ENSBTAG00000020342.ENSBTAG00000002107",0.0294801781445075,0.0665738849777494
"vivo","ENSBTAG00000005260.ENSBTAG00000019929",0.0293849044855389,0.073216680355072
"vivo","ENSBTAG00000010138.ENSBTAG00000011971",0.0293275348302161,0.0734825374713109
"vivo","ENSBTAG00000038045.ENSBTAG00000018572",0.0292775655414116,0.0592232337895831
"vivo","ENSBTAG00000013901.ENSBTAG00000019153",0.0291698918473917,0.0520109970306265
"vivo","ENSBTAG00000011851.ENSBTAG00000012771",0.0291623690387481,0.0596411072999308
"vivo","ENSBTAG00000000575.ENSBTAG00000015296",0.0290898603387802,0.0919902154867429
"vivo","ENSBTAG00000005339.ENSBTAG00000007213",0.0290853490264773,0.062140438416697
"vivo","ENSBTAG00000016542.ENSBTAG00000017266",0.0290549074974388,0.0918796848974094
"vivo","ENSBTAG00000014737.ENSBTAG00000001462",0.0290018774941517,0.0737403185522444
"vivo","ENSBTAG00000018463.ENSBTAG00000011578",0.0288859836166397,0.0913455006828895
"vivo","ENSBTAG00000000476.ENSBTAG00000003781",0.0287810435431263,0.06168414930403
"vivo","ENSBTAG00000013103.ENSBTAG00000017866",0.0282984911059749,0.0737770888042137
"vivo","ENSBTAG00000020645.ENSBTAG00000014600",0.0281476852603563,0.0709825191576207
"vivo","ENSBTAG00000014737.ENSBTAG00000000782",0.0279085470242987,0.0725841651400956
"vivo","ENSBTAG00000006655.ENSBTAG00000003255",0.0277473946184341,0.0740599091775938
"vivo","ENSBTAG00000022120.ENSBTAG00000013745",0.0274438332474728,0.0460933996760498
"vivo","ENSBTAG00000005947.ENSBTAG00000013755",0.0273106886577032,0.0639952229495266
"vivo","ENSBTAG00000011412.ENSBTAG00000019929",0.027272167522587,0.0456030063708237
"vivo","ENSBTAG00000038221.ENSBTAG00000000815",0.0271818626114874,0.0731469854344022
"vivo","ENSBTAG00000017122.ENSBTAG00000015910",0.0269247011674961,0.0478597151901327
"vivo","ENSBTAG00000025775.ENSBTAG00000019903",0.0268148978269819,0.0567616925393877
"vivo","ENSBTAG00000009761.ENSBTAG00000012314",0.0267922426917946,0.0847245105300714
"vivo","ENSBTAG00000047567.ENSBTAG00000000570",0.0265484261521719,0.0839534949336433
"vivo","ENSBTAG00000007244.ENSBTAG00000019929",0.0262426682479401,0.055400333873942
"vivo","ENSBTAG00000017455.ENSBTAG00000017266",0.0259939433558989,0.0604009001685012
"vivo","ENSBTAG00000003585.ENSBTAG00000007213",0.0252310060390461,0.0797874467408489
"vivo","ENSBTAG00000032808.ENSBTAG00000007498",0.0250183024418644,0.0791148189072437
"vivo","ENSBTAG00000001292.ENSBTAG00000032719",0.0250143375370926,0.0757804229861102
"vivo","ENSBTAG00000007737.ENSBTAG00000018035",0.0249690237181321,0.0587561901700513
"vivo","ENSBTAG00000006538.ENSBTAG00000020704",0.0248989557958441,0.0524952872203788
"vivo","ENSBTAG00000005163.ENSBTAG00000006240",0.0246098691503356,0.0778232394337731
"vivo","ENSBTAG00000013103.ENSBTAG00000015910",0.0243645480863431,0.0770474661135409
"vivo","ENSBTAG00000007897.ENSBTAG00000002144",0.0243212510530781,0.0735889511975458
"vivo","ENSBTAG00000020638.ENSBTAG00000001141",0.024267451148429,0.0767404186359044
"vivo","ENSBTAG00000045582.ENSBTAG00000012314",0.0242664756273076,0.0767373337672553
"vivo","ENSBTAG00000017455.ENSBTAG00000013755",0.0240251851268429,0.054887949817391
"vivo","ENSBTAG00000021945.ENSBTAG00000011741",0.0239713428156242,0.075804041870086
"vivo","ENSBTAG00000005710.ENSBTAG00000011425",0.0236519999819311,0.0747941911611637
"vivo","ENSBTAG00000025644.ENSBTAG00000019021",0.0235982541381637,0.074624231880091
"vivo","ENSBTAG00000015991.ENSBTAG00000021527",0.0235078617267901,0.0546716542469608
"vivo","ENSBTAG00000018343.ENSBTAG00000004211",0.0233544245659418,0.05011530082178
"vivo","ENSBTAG00000017685.ENSBTAG00000007421",0.0233341082397598,0.0737889292065433
"vivo","ENSBTAG00000023652.ENSBTAG00000001694",0.0232570686278729,0.0735453085629254
"vivo","ENSBTAG00000017753.ENSBTAG00000014420",0.0232017679599032,0.0733704324960122
"vivo","ENSBTAG00000016542.ENSBTAG00000019569",0.0231991745039234,0.0733622312681047
"vivo","ENSBTAG00000008300.ENSBTAG00000013745",0.0230077067503771,0.0416429016685018
"vivo","ENSBTAG00000010312.ENSBTAG00000020199",0.0224763466542147,0.0541344593184537
"vivo","ENSBTAG00000020221.ENSBTAG00000035084",0.0222539321190529,0.0510235014749131
"vivo","ENSBTAG00000021048.ENSBTAG00000017981",0.0222426113190828,0.0703373128781438
"vivo","ENSBTAG00000013191.ENSBTAG00000019929",0.0221449434803569,0.0431955823949183
"vivo","ENSBTAG00000005198.ENSBTAG00000027464",0.0220959649374292,0.0482443227536467
"vivo","ENSBTAG00000007897.ENSBTAG00000017489",0.0218132028545294,0.0463777974604095
"vivo","ENSBTAG00000013191.ENSBTAG00000018052",0.0217594539062227,0.057236962766199
"vivo","ENSBTAG00000025644.ENSBTAG00000011425",0.0217558234107765,0.0506943512883332
"vivo","ENSBTAG00000003253.ENSBTAG00000007665",0.0217395686911938,0.0471703694804756
"vivo","ENSBTAG00000014218.ENSBTAG00000005903",0.0214021792971828,0.0676796334703993
"vivo","ENSBTAG00000025257.ENSBTAG00000019428",0.021209144006431,0.0482565568260956
"vivo","ENSBTAG00000015789.ENSBTAG00000011628",0.020770116679154,0.0623649781880373
"vivo","ENSBTAG00000006396.ENSBTAG00000003798",0.0207449357661603,0.0446180376409879
"vivo","ENSBTAG00000013472.ENSBTAG00000008165",0.0206626737993161,0.0486076780270093
"vivo","ENSBTAG00000004362.ENSBTAG00000015996",0.0205022995086926,0.0615231263033816
"vivo","ENSBTAG00000018773.ENSBTAG00000006161",0.0204856359399039,0.0470984158397005
"vivo","ENSBTAG00000003329.ENSBTAG00000002081",0.0203699406424017,0.0278684855034336
"vivo","ENSBTAG00000025471.ENSBTAG00000004211",0.0202851786642914,0.064147367322613
"vivo","ENSBTAG00000006354.ENSBTAG00000025101",0.0199910465962696,0.0632172400547685
"vivo","ENSBTAG00000000130.ENSBTAG00000014357",0.0199378692886928,0.0426081776514194
"vivo","ENSBTAG00000022120.ENSBTAG00000006240",0.0197796028341937,0.0625485961695739
"vivo","ENSBTAG00000010161.ENSBTAG00000014162",0.0197327672293499,0.0449093566148445
"vivo","ENSBTAG00000006538.ENSBTAG00000019903",0.0196812613861299,0.0589362997352468
"vivo","ENSBTAG00000020221.ENSBTAG00000002144",0.0193759374702306,0.0612720942069295
"vivo","ENSBTAG00000005077.ENSBTAG00000015910",0.019329348969235,0.0611247684310104
"vivo","ENSBTAG00000015362.ENSBTAG00000002081",0.0192116842980369,0.0607526800698897
"vivo","ENSBTAG00000017468.ENSBTAG00000013557",0.0190618988577109,0.0602790169181285
"vivo","ENSBTAG00000005581.ENSBTAG00000014162",0.0190148987234341,0.0322250527805374
"vivo","ENSBTAG00000000310.ENSBTAG00000022799",0.0189389157637634,0.0598901102275599
"vivo","ENSBTAG00000021811.ENSBTAG00000020148",0.0188998078810297,0.0597664402436546
"vivo","ENSBTAG00000017664.ENSBTAG00000011578",0.0188770346639529,0.0563717139540786
"vivo","ENSBTAG00000011238.ENSBTAG00000017256",0.0187874276320084,0.0594110626927304
"vivo","ENSBTAG00000017753.ENSBTAG00000020979",0.0183045917233864,0.0578842014853679
"vivo","ENSBTAG00000015991.ENSBTAG00000000253",0.0181194020131541,0.0409270527122656
"vivo","ENSBTAG00000010738.ENSBTAG00000001338",0.0180801346015724,0.0571744057433896
"vivo","ENSBTAG00000007153.ENSBTAG00000012219",0.0180130501395968,0.0393543477465109
"vivo","ENSBTAG00000002880.ENSBTAG00000012687",0.0178277107373416,0.0563761713966394
"vivo","ENSBTAG00000032436.ENSBTAG00000002144",0.0178165757881384,0.0563409595955268
"vivo","ENSBTAG00000018103.ENSBTAG00000014420",0.0174425083812751,0.0409085690789108
"vivo","ENSBTAG00000025471.ENSBTAG00000020054",0.0169695582162767,0.0503667689956273
"vivo","ENSBTAG00000003658.ENSBTAG00000000736",0.0167807645785329,0.0530654369472394
"vivo","ENSBTAG00000020645.ENSBTAG00000012848",0.0166348448865456,0.0526039983650895
"vivo","ENSBTAG00000000277.ENSBTAG00000011238",0.0165333171171211,0.0355184749884048
"vivo","ENSBTAG00000013103.ENSBTAG00000019289",0.0164991293688233,0.0521748282152578
"vivo","ENSBTAG00000009478.ENSBTAG00000014354",0.0164926134419224,0.052154223045184
"vivo","ENSBTAG00000016542.ENSBTAG00000015910",0.0164926134419224,0.052154223045184
"vivo","ENSBTAG00000025471.ENSBTAG00000024928",0.0163040383120973,0.0515578961248747
"vivo","ENSBTAG00000040584.ENSBTAG00000021923",0.0160598957896803,0.0507858496803383
"vivo","ENSBTAG00000001725.ENSBTAG00000039292",0.0157429491945623,0.0497835765431302
"vivo","ENSBTAG00000017312.ENSBTAG00000017136",0.0152658901280604,0.0482749833145505
"vivo","ENSBTAG00000005111.ENSBTAG00000002081",0.0150752636576301,0.0387023629787578
"vivo","ENSBTAG00000017455.ENSBTAG00000019929",0.0149291185341208,0.031854273142058
"vivo","ENSBTAG00000013718.ENSBTAG00000005072",0.0145713553768079,0.046078671586454
"vivo","ENSBTAG00000009478.ENSBTAG00000006420",0.0144764485897249,0.0457785499738631
"vivo","ENSBTAG00000021811.ENSBTAG00000003777",0.0144764485897249,0.0457785499738631
"vivo","ENSBTAG00000003300.ENSBTAG00000002804",0.0142262577013486,0.0449873769167731
"vivo","ENSBTAG00000007737.ENSBTAG00000007909",0.0141884219095897,0.0448677296377391
"vivo","ENSBTAG00000017060.ENSBTAG00000017846",0.0141771017673405,0.0304414577588101
"vivo","ENSBTAG00000011851.ENSBTAG00000013118",0.0141681738524022,0.0254991959387103
"vivo","ENSBTAG00000015789.ENSBTAG00000006732",0.0141032421987264,0.02990338755724
"vivo","ENSBTAG00000022120.ENSBTAG00000017060",0.0140540515552851,0.0296450074705181
"vivo","ENSBTAG00000017753.ENSBTAG00000004334",0.0139970992309856,0.0322285686266481
"vivo","ENSBTAG00000021316.ENSBTAG00000019929",0.0139398498743228,0.0295044871892921
"vivo","ENSBTAG00000010312.ENSBTAG00000014064",0.0136429978059506,0.0263980300151984
"vivo","ENSBTAG00000005339.ENSBTAG00000000782",0.0134814025402663,0.0393645996681878
"vivo","ENSBTAG00000047567.ENSBTAG00000019866",0.0134339833126932,0.0424819853168045
"vivo","ENSBTAG00000012066.ENSBTAG00000013569",0.0134309571325966,0.0424724156950894
"vivo","ENSBTAG00000025868.ENSBTAG00000008165",0.0133982546336701,0.0423690013133023
"vivo","ENSBTAG00000012638.ENSBTAG00000017753",0.013385309460111,0.0423280650801494
"vivo","ENSBTAG00000005077.ENSBTAG00000003255",0.0132940459865193,0.0420394646364211
"vivo","ENSBTAG00000017246.ENSBTAG00000012599",0.0132552324267505,0.0279648668739165
"vivo","ENSBTAG00000021048.ENSBTAG00000002144",0.0132423027085856,0.038620760289148
"vivo","ENSBTAG00000005198.ENSBTAG00000015457",0.0130997400499184,0.038157275940855
"vivo","ENSBTAG00000009812.ENSBTAG00000003220",0.0130013833827305,0.0274299598991784
"vivo","ENSBTAG00000038735.ENSBTAG00000017981",0.0126265880324332,0.039928777259113
"vivo","ENSBTAG00000015509.ENSBTAG00000012687",0.0126211619246292,0.0266094208635988
"vivo","ENSBTAG00000010963.ENSBTAG00000000973",0.0125410468075679,0.0396582721546981
"vivo","ENSBTAG00000008121.ENSBTAG00000011761",0.0125299288582705,0.0396231141120077
"vivo","ENSBTAG00000025257.ENSBTAG00000014162",0.0123750036662473,0.0267624629282992
"vivo","ENSBTAG00000020645.ENSBTAG00000014798",0.0123425671226869,0.0390306242812017
"vivo","ENSBTAG00000037533.ENSBTAG00000005397",0.0123176326436512,0.038951774535179
"vivo","ENSBTAG00000019770.ENSBTAG00000012314",0.0122584132559413,0.0387645063883752
"vivo","ENSBTAG00000014465.ENSBTAG00000013125",0.0122283637512563,0.0386694815110107
"vivo","ENSBTAG00000032436.ENSBTAG00000019832",0.0121615391076439,0.0384581634333664
"vivo","ENSBTAG00000010963.ENSBTAG00000009024",0.0121498764949477,0.038421283013778
"vivo","ENSBTAG00000019839.ENSBTAG00000015910",0.0121354191430055,0.038375564852706
"vivo","ENSBTAG00000016542.ENSBTAG00000018169",0.0120999613807177,0.0382634375631436
"vivo","ENSBTAG00000001292.ENSBTAG00000032007",0.0120727536080802,0.0381773990315492
"vivo","ENSBTAG00000014218.ENSBTAG00000011761",0.011991926011247,0.0379217997277584
"vivo","ENSBTAG00000001725.ENSBTAG00000001338",0.0114494175960453,0.0362062374859129
"vivo","ENSBTAG00000014921.ENSBTAG00000018474",0.0110858693792861,0.0350565970816611
"vivo","ENSBTAG00000003837.ENSBTAG00000002606",0.0108234819383562,0.0342268551388999
"vivo","ENSBTAG00000017122.ENSBTAG00000000782",0.01001208858629,0.0211088144106905
"vivo","ENSBTAG00000007148.ENSBTAG00000008165",0.00963585143021305,0.0304712377144643
"vivo","ENSBTAG00000011412.ENSBTAG00000015910",0.00929476667325338,0.0196864724913134
"vivo","ENSBTAG00000007897.ENSBTAG00000019903",0.00918078634624357,0.0258097025325772
"vivo","ENSBTAG00000017060.ENSBTAG00000010303",0.00911810601452374,0.0288339829527753
"vivo","ENSBTAG00000009876.ENSBTAG00000020736",0.00853142130544966,0.026978723003708
"vivo","ENSBTAG00000001492.ENSBTAG00000007213",0.00852826619402015,0.0269687456653191
"vivo","ENSBTAG00000005108.ENSBTAG00000001060",0.00849786239297193,0.0268726004044801
"vivo","ENSBTAG00000014737.ENSBTAG00000015910",0.00848845169264747,0.0268428411570776
"vivo","ENSBTAG00000001492.ENSBTAG00000003585",0.00847809992229061,0.0268101059849349
"vivo","ENSBTAG00000017564.ENSBTAG00000019832",0.00846665849189615,0.0267739250051981
"vivo","ENSBTAG00000012638.ENSBTAG00000014420",0.0083365540704217,0.0263624986996803
"vivo","ENSBTAG00000018773.ENSBTAG00000001941",0.00832946516389923,0.0263400816089493
"vivo","ENSBTAG00000004261.ENSBTAG00000017060",0.00791062929815982,0.0218411236234233
"vivo","ENSBTAG00000019839.ENSBTAG00000013755",0.00723659207501884,0.0228841134545836
"vivo","ENSBTAG00000000277.ENSBTAG00000027676",0.00641629207235106,0.0202900970815112
"vivo","ENSBTAG00000010738.ENSBTAG00000014162",0.00640115930802948,0.0202422430789605
"vivo","ENSBTAG00000004129.ENSBTAG00000014162",0.00639826154464875,0.0202330795465572
"vivo","ENSBTAG00000006276.ENSBTAG00000047138",0.00638532269420456,0.0201921633088492
"vivo","ENSBTAG00000021048.ENSBTAG00000017489",0.00637392033225064,0.0201561058743692
"vivo","ENSBTAG00000002006.ENSBTAG00000017866",0.00633306186858236,0.0200269000674822
"vivo","ENSBTAG00000025644.ENSBTAG00000012687",0.00627725509724533,0.019850423561197
"vivo","ENSBTAG00000021499.ENSBTAG00000008036",0.00627502040336949,0.0198433568386761
"vivo","ENSBTAG00000008026.ENSBTAG00000007175",0.00625706429928481,0.0197865746518655
"vivo","ENSBTAG00000000575.ENSBTAG00000020679",0.00625665704934625,0.0197852868144827
"vivo","ENSBTAG00000011966.ENSBTAG00000018169",0.00625177791838948,0.0143392486466461
"vivo","ENSBTAG00000012066.ENSBTAG00000019929",0.00593885859604612,0.0187803198651756
"vivo","ENSBTAG00000000073.ENSBTAG00000000736",0.00590573697300454,0.0155859372578437
"vivo","ENSBTAG00000007897.ENSBTAG00000017981",0.00590371742092159,0.0186691937121272
"vivo","ENSBTAG00000006538.ENSBTAG00000016948",0.00589403759398199,0.0155496477633626
"vivo","ENSBTAG00000025471.ENSBTAG00000010497",0.00581098149948776,0.0183759369794819
"vivo","ENSBTAG00000009208.ENSBTAG00000044190",0.00558021840152563,0.017646199990005
"vivo","ENSBTAG00000002006.ENSBTAG00000008165",0.00548202331942719,0.0173356798755467
"vivo","ENSBTAG00000006354.ENSBTAG00000012071",0.00548202331942719,0.0173356798755467
"vivo","ENSBTAG00000007737.ENSBTAG00000002081",0.00547561629637955,0.0142499760635121
"vivo","ENSBTAG00000003835.ENSBTAG00000002081",0.00521725037830083,0.0134617753109984
"vivo","ENSBTAG00000034077.ENSBTAG00000003848",0.00506406335568261,0.0160139744193524
"vivo","ENSBTAG00000020221.ENSBTAG00000005903",0.00496207105034832,0.0156914464306847
"vivo","ENSBTAG00000000016.ENSBTAG00000016455",0.00495626745847656,0.0156730938617599
"vivo","ENSBTAG00000007148.ENSBTAG00000000898",0.00495304910298404,0.0156629165280835
"vivo","ENSBTAG00000014113.ENSBTAG00000003220",0.00495304910298404,0.0156629165280835
"vivo","ENSBTAG00000005305.ENSBTAG00000008849",0.00493266618486477,0.0155984600814658
"vivo","ENSBTAG00000025471.ENSBTAG00000006378",0.00462437454831072,0.0146235563263742
"vivo","ENSBTAG00000005339.ENSBTAG00000000570",0.00426301060419293,0.0134808231987002
"vivo","ENSBTAG00000017582.ENSBTAG00000002699",0.00426003156114317,0.0134714026374153
"vivo","ENSBTAG00000022120.ENSBTAG00000019929",0.00425681886765814,0.0134612432085786
"vivo","ENSBTAG00000007319.ENSBTAG00000022799",0.00425334391348046,0.0134502544386124
"vivo","ENSBTAG00000002006.ENSBTAG00000014269",0.00424756491359801,0.013431979636386
"vivo","ENSBTAG00000009876.ENSBTAG00000006420",0.00424756491359801,0.013431979636386
"vivo","ENSBTAG00000015043.ENSBTAG00000022799",0.00420397686210065,0.0132941421148857
"vivo","ENSBTAG00000020645.ENSBTAG00000013674",0.00379921083938489,0.0120141595636564
"vivo","ENSBTAG00000034501.ENSBTAG00000005397",0.00289130491631384,0.00914310894559425
"vivo","ENSBTAG00000010123.ENSBTAG00000000736",0.00192893577636646,0.00609983051350321
"vivo","ENSBTAG00000013201.ENSBTAG00000020319",0.00189230947196414,0.00598400796931722
"vivo","ENSBTAG00000003505.ENSBTAG00000011628",0.00185554460222312,0.0058677472430562
"vivo","ENSBTAG00000012413.ENSBTAG00000010543",0.000967035392224435,0.0030580344174235
"vivo","ENSBTAG00000000016.ENSBTAG00000013674",0.000965077830701711,0.00305184406435178
"vivo","ENSBTAG00000026779.ENSBTAG00000007103",0.000964320906912925,0.00304945046116405
"vivo","ENSBTAG00000021048.ENSBTAG00000020704",0.000964320906912922,0.00304945046116404
"vivo","ENSBTAG00000001292.ENSBTAG00000034385",0.000963919273882141,0.00304818038600322
"vivo","ENSBTAG00000017246.ENSBTAG00000006378",0.000963919273882141,0.00304818038600322
"vivo","ENSBTAG00000017745.ENSBTAG00000015361",0.00096306473551877,0.00304547809842698
"vivo","ENSBTAG00000015114.ENSBTAG00000008165",0.00096306473551877,0.00304547809842697
"vivo","ENSBTAG00000045520.ENSBTAG00000039292",0.000961637268025412,0.00304096404986211
"vivo","ENSBTAG00000000016.ENSBTAG00000010497",0,0
"vivo","ENSBTAG00000000130.ENSBTAG00000010785",0,0
"vivo","ENSBTAG00000002006.ENSBTAG00000005903",0,0
"vivo","ENSBTAG00000002006.ENSBTAG00000015127",0,0
"vivo","ENSBTAG00000002006.ENSBTAG00000015910",0,0
"vivo","ENSBTAG00000002006.ENSBTAG00000017266",0,0
"vivo","ENSBTAG00000002411.ENSBTAG00000007421",0,0
"vivo","ENSBTAG00000003176.ENSBTAG00000017060",0,0
"vivo","ENSBTAG00000003300.ENSBTAG00000019929",0,0
"vivo","ENSBTAG00000003505.ENSBTAG00000006161",0,0
"vivo","ENSBTAG00000003835.ENSBTAG00000000231",0,0
"vivo","ENSBTAG00000004086.ENSBTAG00000019712",0,0
"vivo","ENSBTAG00000004129.ENSBTAG00000001338",0,0
"vivo","ENSBTAG00000004129.ENSBTAG00000003220",0,0
"vivo","ENSBTAG00000004129.ENSBTAG00000014798",0,0
"vivo","ENSBTAG00000004148.ENSBTAG00000003255",0,0
"vivo","ENSBTAG00000005077.ENSBTAG00000001060",0,0
"vivo","ENSBTAG00000005077.ENSBTAG00000009851",0,0
"vivo","ENSBTAG00000005077.ENSBTAG00000014798",0,0
"vivo","ENSBTAG00000005077.ENSBTAG00000015127",0,0
"vivo","ENSBTAG00000005077.ENSBTAG00000034883",0,0
"vivo","ENSBTAG00000005108.ENSBTAG00000004356",0,0
"vivo","ENSBTAG00000005108.ENSBTAG00000009851",0,0
"vivo","ENSBTAG00000005108.ENSBTAG00000010462",0,0
"vivo","ENSBTAG00000005108.ENSBTAG00000015996",0,0
"vivo","ENSBTAG00000005260.ENSBTAG00000005990",0,0
"vivo","ENSBTAG00000005260.ENSBTAG00000011578",0,0
"vivo","ENSBTAG00000005260.ENSBTAG00000013745",0,0
"vivo","ENSBTAG00000005305.ENSBTAG00000020979",0,0
"vivo","ENSBTAG00000005339.ENSBTAG00000015996",0,0
"vivo","ENSBTAG00000005481.ENSBTAG00000022799",0,0
"vivo","ENSBTAG00000005710.ENSBTAG00000014064",0,0
"vivo","ENSBTAG00000005898.ENSBTAG00000017851",0,0
"vivo","ENSBTAG00000005947.ENSBTAG00000013125",0,0
"vivo","ENSBTAG00000005947.ENSBTAG00000013745",0,0
"vivo","ENSBTAG00000006538.ENSBTAG00000002144",0,0
"vivo","ENSBTAG00000006538.ENSBTAG00000017981",0,0
"vivo","ENSBTAG00000006989.ENSBTAG00000011971",0,0
"vivo","ENSBTAG00000007319.ENSBTAG00000007909",0,0
"vivo","ENSBTAG00000007375.ENSBTAG00000015228",0,0
"vivo","ENSBTAG00000007446.ENSBTAG00000003060",0,0
"vivo","ENSBTAG00000007446.ENSBTAG00000020979",0,0
"vivo","ENSBTAG00000007737.ENSBTAG00000002144",0,0
"vivo","ENSBTAG00000007737.ENSBTAG00000006378",0,0
"vivo","ENSBTAG00000007737.ENSBTAG00000045633",0,0
"vivo","ENSBTAG00000007740.ENSBTAG00000012119",0,0
"vivo","ENSBTAG00000008096.ENSBTAG00000013674",0,0
"vivo","ENSBTAG00000008096.ENSBTAG00000019733",0,0
"vivo","ENSBTAG00000008121.ENSBTAG00000002606",0,0
"vivo","ENSBTAG00000008300.ENSBTAG00000001882",0,0
"vivo","ENSBTAG00000008300.ENSBTAG00000015910",0,0
"vivo","ENSBTAG00000009478.ENSBTAG00000000231",0,0
"vivo","ENSBTAG00000009478.ENSBTAG00000002081",0,0
"vivo","ENSBTAG00000010179.ENSBTAG00000026676",0,0
"vivo","ENSBTAG00000010312.ENSBTAG00000014420",0,0
"vivo","ENSBTAG00000010673.ENSBTAG00000000815",0,0
"vivo","ENSBTAG00000010963.ENSBTAG00000002414",0,0
"vivo","ENSBTAG00000010963.ENSBTAG00000003255",0,0
"vivo","ENSBTAG00000011082.ENSBTAG00000012687",0,0
"vivo","ENSBTAG00000011104.ENSBTAG00000017425",0,0
"vivo","ENSBTAG00000011104.ENSBTAG00000018300",0,0
"vivo","ENSBTAG00000011757.ENSBTAG00000011578",0,0
"vivo","ENSBTAG00000011966.ENSBTAG00000017266",0,0
"vivo","ENSBTAG00000011966.ENSBTAG00000019929",0,0
"vivo","ENSBTAG00000012057.ENSBTAG00000005072",0,0
"vivo","ENSBTAG00000012210.ENSBTAG00000037735",0,0
"vivo","ENSBTAG00000012444.ENSBTAG00000015127",0,0
"vivo","ENSBTAG00000012444.ENSBTAG00000015910",0,0
"vivo","ENSBTAG00000013103.ENSBTAG00000001462",0,0
"vivo","ENSBTAG00000013103.ENSBTAG00000004885",0,0
"vivo","ENSBTAG00000013103.ENSBTAG00000010682",0,0
"vivo","ENSBTAG00000013103.ENSBTAG00000011578",0,0
"vivo","ENSBTAG00000013103.ENSBTAG00000013745",0,0
"vivo","ENSBTAG00000013103.ENSBTAG00000019929",0,0
"vivo","ENSBTAG00000013155.ENSBTAG00000008165",0,0
"vivo","ENSBTAG00000013162.ENSBTAG00000002144",0,0
"vivo","ENSBTAG00000013472.ENSBTAG00000019929",0,0
"vivo","ENSBTAG00000013901.ENSBTAG00000014269",0,0
"vivo","ENSBTAG00000014075.ENSBTAG00000012887",0,0
"vivo","ENSBTAG00000014113.ENSBTAG00000001338",0,0
"vivo","ENSBTAG00000014127.ENSBTAG00000020319",0,0
"vivo","ENSBTAG00000014583.ENSBTAG00000012687",0,0
"vivo","ENSBTAG00000014583.ENSBTAG00000014600",0,0
"vivo","ENSBTAG00000014921.ENSBTAG00000007101",0,0
"vivo","ENSBTAG00000015043.ENSBTAG00000007909",0,0
"vivo","ENSBTAG00000015991.ENSBTAG00000024015",0,0
"vivo","ENSBTAG00000016542.ENSBTAG00000019289",0,0
"vivo","ENSBTAG00000016648.ENSBTAG00000015910",0,0
"vivo","ENSBTAG00000017122.ENSBTAG00000018052",0,0
"vivo","ENSBTAG00000017246.ENSBTAG00000002144",0,0
"vivo","ENSBTAG00000017246.ENSBTAG00000006161",0,0
"vivo","ENSBTAG00000017246.ENSBTAG00000007909",0,0
"vivo","ENSBTAG00000017448.ENSBTAG00000011628",0,0
"vivo","ENSBTAG00000017753.ENSBTAG00000015228",0,0
"vivo","ENSBTAG00000019839.ENSBTAG00000019929",0,0
"vivo","ENSBTAG00000020194.ENSBTAG00000009155",0,0
"vivo","ENSBTAG00000020221.ENSBTAG00000005092",0,0
"vivo","ENSBTAG00000020221.ENSBTAG00000006835",0,0
"vivo","ENSBTAG00000020221.ENSBTAG00000012314",0,0
"vivo","ENSBTAG00000020221.ENSBTAG00000016999",0,0
"vivo","ENSBTAG00000020645.ENSBTAG00000014944",0,0
"vivo","ENSBTAG00000020645.ENSBTAG00000020199",0,0
"vivo","ENSBTAG00000021048.ENSBTAG00000016948",0,0
"vivo","ENSBTAG00000021105.ENSBTAG00000000477",0,0
"vivo","ENSBTAG00000021316.ENSBTAG00000003585",0,0
"vivo","ENSBTAG00000022120.ENSBTAG00000008165",0,0
"vivo","ENSBTAG00000022514.ENSBTAG00000013730",0,0
"vivo","ENSBTAG00000023600.ENSBTAG00000005910",0,0
"vivo","ENSBTAG00000023652.ENSBTAG00000003166",0,0
"vivo","ENSBTAG00000025257.ENSBTAG00000001338",0,0
"vivo","ENSBTAG00000025471.ENSBTAG00000012642",0,0
"vivo","ENSBTAG00000025644.ENSBTAG00000010785",0,0
"vivo","ENSBTAG00000025644.ENSBTAG00000020667",0,0
"vivo","ENSBTAG00000025775.ENSBTAG00000002144",0,0
"vivo","ENSBTAG00000025775.ENSBTAG00000016948",0,0
"vivo","ENSBTAG00000025775.ENSBTAG00000017489",0,0
"vivo","ENSBTAG00000025775.ENSBTAG00000017981",0,0
"vivo","ENSBTAG00000025868.ENSBTAG00000013755",0,0
"vivo","ENSBTAG00000030710.ENSBTAG00000020979",0,0
"vivo","ENSBTAG00000032808.ENSBTAG00000004211",0,0
"vivo","ENSBTAG00000032808.ENSBTAG00000010785",0,0
"vivo","ENSBTAG00000037533.ENSBTAG00000037735",0,0
"vivo","ENSBTAG00000040333.ENSBTAG00000013290",0,0
"vivo","ENSBTAG00000044040.ENSBTAG00000002804",0,0
