"dataset","feature","mean_importance","sd_importance"
"vitro","ENSBTAG00000000575.ENSBTAG00000015296",21.8066741139788,36.2880549255974
"vitro","ENSBTAG00000005947.ENSBTAG00000015910",16.9451033153209,30.6832747012883
"vitro","ENSBTAG00000008300.ENSBTAG00000008165",16.2299880420752,34.5030012935383
"vitro","ENSBTAG00000021945.ENSBTAG00000011741",15.7697281920523,33.6044573226787
"vitro","ENSBTAG00000008300.ENSBTAG00000001462",14.5681082057344,28.1128161790677
"vitro","ENSBTAG00000000476.ENSBTAG00000003781",13.7628156397584,31.1074426528658
"vitro","ENSBTAG00000000575.ENSBTAG00000012897",13.6225063984577,19.8447382049981
"vitro","ENSBTAG00000008300.ENSBTAG00000011741",13.570824492225,30.2163536574898
"vitro","ENSBTAG00000013103.ENSBTAG00000010682",13.4717470753681,28.9342078683187
"vitro","ENSBTAG00000021466.ENSBTAG00000010682",12.8834812863861,31.1302481790674
"vitro","ENSBTAG00000005339.ENSBTAG00000000782",12.5999899092165,27.0277382240693
"vitro","ENSBTAG00000014113.ENSBTAG00000003220",12.4303958567426,31.3266301522322
"vitro","ENSBTAG00000000575.ENSBTAG00000020679",11.8909197527897,16.2819007689691
"vitro","ENSBTAG00000007773.ENSBTAG00000010347",11.3103456099292,31.2009950626192
"vitro","ENSBTAG00000012066.ENSBTAG00000013569",10.887870548023,24.4817062555304
"vitro","ENSBTAG00000015991.ENSBTAG00000024015",10.8554243107318,31.3987974516776
"vitro","ENSBTAG00000014113.ENSBTAG00000014162",10.547660960468,30.1609527098513
"vitro","ENSBTAG00000021697.ENSBTAG00000007173",10.4825466382265,22.9700401134333
"vitro","ENSBTAG00000020457.ENSBTAG00000001060",10.3681511160262,31.501779819701
"vitro","ENSBTAG00000008300.ENSBTAG00000018993",10.2315847175728,31.5475009179668
"vitro","ENSBTAG00000005710.ENSBTAG00000015457",10.0144058628205,19.1315975772097
"vitro","ENSBTAG00000026236.ENSBTAG00000019929",10.0095353165383,28.9096422126289
"vitro","ENSBTAG00000002278.ENSBTAG00000019929",10,31.6227766016838
"vitro","ENSBTAG00000011412.ENSBTAG00000019929",9.98987713059573,27.6107769707126
"vitro","ENSBTAG00000008300.ENSBTAG00000017489",9.64391493177776,22.2584547420794
"vitro","ENSBTAG00000008237.ENSBTAG00000005273",9.3654823773838,25.1282465924196
"vitro","ENSBTAG00000001292.ENSBTAG00000032719",9.26798044986299,26.5830466363661
"vitro","ENSBTAG00000004148.ENSBTAG00000003255",9.23251397277515,27.0114574227862
"vitro","ENSBTAG00000012817.ENSBTAG00000022799",9.0996478695429,23.3207415279026
"vitro","ENSBTAG00000007773.ENSBTAG00000003418",8.93278013655814,25.4323869354764
"vitro","ENSBTAG00000005947.ENSBTAG00000015739",8.63929749892108,24.3221828619375
"vitro","ENSBTAG00000012829.ENSBTAG00000017745",8.62041922161051,24.8512582687337
"vitro","ENSBTAG00000005339.ENSBTAG00000011971",8.51374248375694,23.9924952691836
"vitro","ENSBTAG00000008817.ENSBTAG00000019929",8.26441644488416,24.5540321325881
"vitro","ENSBTAG00000017753.ENSBTAG00000014420",8.02795576480158,22.6424331645412
"vitro","ENSBTAG00000005198.ENSBTAG00000015457",8.00348730849342,14.7633921982544
"vitro","ENSBTAG00000017753.ENSBTAG00000039292",7.99956237102991,24.4300278115072
"vitro","ENSBTAG00000025644.ENSBTAG00000004588",7.88061719838422,24.1541663457648
"vitro","ENSBTAG00000000575.ENSBTAG00000026676",7.83340638791771,11.8458292714233
"vitro","ENSBTAG00000040584.ENSBTAG00000021923",7.76555338842806,18.8110120290784
"vitro","ENSBTAG00000013103.ENSBTAG00000019929",7.74510156511141,23.2260902307068
"vitro","ENSBTAG00000005260.ENSBTAG00000019929",7.58352383007209,23.1079109962154
"vitro","ENSBTAG00000021105.ENSBTAG00000005273",7.55000967053914,20.4827021455898
"vitro","ENSBTAG00000005339.ENSBTAG00000019866",7.40799775223606,20.8046992398107
"vitro","ENSBTAG00000020457.ENSBTAG00000019832",7.38250541491399,17.2652889382153
"vitro","ENSBTAG00000013201.ENSBTAG00000020319",7.35310444271863,16.5327847077494
"vitro","ENSBTAG00000007773.ENSBTAG00000015910",7.23934886952191,19.853622371731
"vitro","ENSBTAG00000011966.ENSBTAG00000019929",7.21748074402753,22.2082018646512
"vitro","ENSBTAG00000005947.ENSBTAG00000013125",7.13353716070864,15.667526347239
"vitro","ENSBTAG00000017753.ENSBTAG00000015228",6.99948294470598,13.1623678873229
"vitro","ENSBTAG00000025644.ENSBTAG00000020667",6.86649937620538,11.8236476802924
"vitro","ENSBTAG00000014113.ENSBTAG00000001338",6.80537137672635,13.7231150773368
"vitro","ENSBTAG00000005339.ENSBTAG00000003166",6.76081834361446,21.0465437567174
"vitro","ENSBTAG00000014737.ENSBTAG00000001462",6.36872532693426,13.5490870768973
"vitro","ENSBTAG00000007148.ENSBTAG00000034848",6.34064487929785,17.3211145006128
"vitro","ENSBTAG00000021302.ENSBTAG00000015910",6.33970734958418,12.5687689007485
"vitro","ENSBTAG00000025257.ENSBTAG00000014162",6.24096981129101,18.1954059833306
"vitro","ENSBTAG00000000575.ENSBTAG00000015910",6.18259756616562,9.73247216677643
"vitro","ENSBTAG00000020457.ENSBTAG00000019929",6.15972977334277,18.8650218697288
"vitro","ENSBTAG00000018255.ENSBTAG00000015127",6.11489076372159,17.5173214377594
"vitro","ENSBTAG00000021217.ENSBTAG00000010682",5.99767680280569,16.1817797053702
"vitro","ENSBTAG00000019866.ENSBTAG00000000782",5.99092789647703,15.5288356810621
"vitro","ENSBTAG00000013191.ENSBTAG00000019929",5.90729692548952,16.9467263546035
"vitro","ENSBTAG00000016800.ENSBTAG00000000782",5.81428486341162,10.7356053838234
"vitro","ENSBTAG00000005947.ENSBTAG00000017060",5.80680995653834,10.4212967524034
"vitro","ENSBTAG00000008300.ENSBTAG00000014357",5.76692368093229,16.3579704241136
"vitro","ENSBTAG00000019336.ENSBTAG00000002107",5.74675820871714,12.1624276577686
"vitro","ENSBTAG00000014583.ENSBTAG00000020667",5.73064450666693,8.96017374179137
"vitro","ENSBTAG00000007446.ENSBTAG00000008733",5.61737817497588,17.5853514050853
"vitro","ENSBTAG00000021316.ENSBTAG00000015910",5.61405196721388,11.6299764852772
"vitro","ENSBTAG00000021697.ENSBTAG00000019929",5.57396922360083,17.5839322870528
"vitro","ENSBTAG00000021457.ENSBTAG00000023147",5.44601954959975,17.1379842150638
"vitro","ENSBTAG00000005339.ENSBTAG00000015910",5.36237590532494,13.0809739174881
"vitro","ENSBTAG00000012164.ENSBTAG00000010498",5.27664725988282,11.7766758169181
"vitro","ENSBTAG00000012849.ENSBTAG00000019929",5.2678648378449,16.2751572350592
"vitro","ENSBTAG00000025257.ENSBTAG00000001338",5.19951305341162,9.80645971657854
"vitro","ENSBTAG00000000575.ENSBTAG00000012119",5.14781382167973,14.3689098518392
"vitro","ENSBTAG00000023652.ENSBTAG00000005828",5.12125756298448,16.0769546508506
"vitro","ENSBTAG00000001941.ENSBTAG00000011409",5.05388210516509,7.80833566202698
"vitro","ENSBTAG00000020221.ENSBTAG00000005092",5.03836223937746,13.1780387725903
"vitro","ENSBTAG00000016800.ENSBTAG00000007338",5.02821727750982,14.4643723109093
"vitro","ENSBTAG00000003300.ENSBTAG00000002804",5.01027187304257,11.5594019224631
"vitro","ENSBTAG00000017455.ENSBTAG00000019929",4.96555752586856,14.8495958209511
"vitro","ENSBTAG00000011238.ENSBTAG00000017256",4.7999158918989,12.6257388288572
"vitro","ENSBTAG00000012829.ENSBTAG00000016933",4.75418551057426,15.0340546323852
"vitro","ENSBTAG00000020457.ENSBTAG00000015910",4.72781408242556,8.31510278685682
"vitro","ENSBTAG00000003837.ENSBTAG00000011761",4.70367502069387,14.1119925324414
"vitro","ENSBTAG00000005339.ENSBTAG00000000570",4.64626697271072,8.51833853465949
"vitro","ENSBTAG00000012066.ENSBTAG00000019929",4.61537452935898,12.6496098801921
"vitro","ENSBTAG00000011238.ENSBTAG00000002951",4.52118798759841,10.3787041714673
"vitro","ENSBTAG00000008300.ENSBTAG00000013125",4.40181688279868,12.6843334269744
"vitro","ENSBTAG00000020457.ENSBTAG00000013843",4.3943151828533,8.57433161058103
"vitro","ENSBTAG00000015114.ENSBTAG00000019929",4.30744415085427,11.5052755467279
"vitro","ENSBTAG00000012004.ENSBTAG00000019929",4.30597507335858,13.2069676061722
"vitro","ENSBTAG00000020457.ENSBTAG00000008997",4.30317311000977,8.1436648482067
"vitro","ENSBTAG00000014575.ENSBTAG00000019929",4.16792421240944,11.4513391336354
"vitro","ENSBTAG00000009208.ENSBTAG00000044190",4.158810756432,9.53077305144124
"vitro","ENSBTAG00000014583.ENSBTAG00000010986",4.13065992420573,12.7948567841528
"vitro","ENSBTAG00000022635.ENSBTAG00000009757",4.12711067030928,12.8484834968515
"vitro","ENSBTAG00000013155.ENSBTAG00000008165",3.97898299017165,7.23159383883476
"vitro","ENSBTAG00000017564.ENSBTAG00000018035",3.97180151803145,12.5599392110937
"vitro","ENSBTAG00000014583.ENSBTAG00000014600",3.90827771546376,12.2581313922664
"vitro","ENSBTAG00000000575.ENSBTAG00000019929",3.8825890559965,12.2566255210125
"vitro","ENSBTAG00000025644.ENSBTAG00000014600",3.87141410237548,12.2424863292028
"vitro","ENSBTAG00000026779.ENSBTAG00000007103",3.8496854268593,12.0491641581015
"vitro","ENSBTAG00000000575.ENSBTAG00000013745",3.8181996707314,11.3531930994896
"vitro","ENSBTAG00000016208.ENSBTAG00000015127",3.78820313145754,8.38357298328329
"vitro","ENSBTAG00000005947.ENSBTAG00000019929",3.70341869382423,11.5679098244574
"vitro","ENSBTAG00000007244.ENSBTAG00000019929",3.69493584270577,11.6844130711439
"vitro","ENSBTAG00000017745.ENSBTAG00000010423",3.61948453835011,6.62938413642678
"vitro","ENSBTAG00000019839.ENSBTAG00000019929",3.58444232476002,11.3350018877506
"vitro","ENSBTAG00000020645.ENSBTAG00000020199",3.52020048475915,7.35523440915352
"vitro","ENSBTAG00000017246.ENSBTAG00000018035",3.43368163456337,10.2884158350958
"vitro","ENSBTAG00000008300.ENSBTAG00000019929",3.38567073354564,9.95696474567228
"vitro","ENSBTAG00000003300.ENSBTAG00000019929",3.37448399424177,10.6710553495865
"vitro","ENSBTAG00000019993.ENSBTAG00000027516",3.37439534597061,9.4932454044875
"vitro","ENSBTAG00000007737.ENSBTAG00000011909",3.31428883130541,10.2543734933027
"vitro","ENSBTAG00000003835.ENSBTAG00000006420",3.27541717333045,8.32716947291381
"vitro","ENSBTAG00000014583.ENSBTAG00000026813",3.24815229216899,9.33406765463961
"vitro","ENSBTAG00000001745.ENSBTAG00000015910",3.23912967118625,9.84276099074055
"vitro","ENSBTAG00000013760.ENSBTAG00000019929",3.15392155290189,8.02405858280174
"vitro","ENSBTAG00000001368.ENSBTAG00000015910",3.13136779461455,7.54044225331533
"vitro","ENSBTAG00000005339.ENSBTAG00000019929",3.09688416930674,9.7932076247278
"vitro","ENSBTAG00000007737.ENSBTAG00000022799",3.0953506681074,7.75560004671905
"vitro","ENSBTAG00000025644.ENSBTAG00000010986",3.01383941386423,9.53059704979782
"vitro","ENSBTAG00000017246.ENSBTAG00000022799",2.98306067162197,8.03946479141755
"vitro","ENSBTAG00000001292.ENSBTAG00000034385",2.97561904908509,8.93526672082634
"vitro","ENSBTAG00000011851.ENSBTAG00000007338",2.94916842835347,7.44432361836824
"vitro","ENSBTAG00000012519.ENSBTAG00000031753",2.94509335199697,5.55805284644343
"vitro","ENSBTAG00000014113.ENSBTAG00000019428",2.91147079624149,6.0062929792332
"vitro","ENSBTAG00000001745.ENSBTAG00000019289",2.8572255652668,5.47266143232874
"vitro","ENSBTAG00000017448.ENSBTAG00000011628",2.85195897013253,8.89391663585351
"vitro","ENSBTAG00000003253.ENSBTAG00000011434",2.79566777590554,4.840948700646
"vitro","ENSBTAG00000003253.ENSBTAG00000007665",2.7942278301084,6.3741723670107
"vitro","ENSBTAG00000013901.ENSBTAG00000019153",2.76935160848754,8.27093380376795
"vitro","ENSBTAG00000023907.ENSBTAG00000019929",2.7459584828001,7.3798711448186
"vitro","ENSBTAG00000019716.ENSBTAG00000003220",2.7135175478267,7.40704778999411
"vitro","ENSBTAG00000002411.ENSBTAG00000007421",2.6824788245767,7.22582846502563
"vitro","ENSBTAG00000010562.ENSBTAG00000011515",2.60956914266904,7.91241564033512
"vitro","ENSBTAG00000005691.ENSBTAG00000015127",2.5901083345137,7.41018990618415
"vitro","ENSBTAG00000018343.ENSBTAG00000015312",2.57804441680832,7.87526805791542
"vitro","ENSBTAG00000010312.ENSBTAG00000020199",2.56703218908863,5.15328273388082
"vitro","ENSBTAG00000007153.ENSBTAG00000012219",2.56179744531885,7.88369126469954
"vitro","ENSBTAG00000017753.ENSBTAG00000020979",2.558647078643,4.3605773968973
"vitro","ENSBTAG00000002006.ENSBTAG00000015127",2.55074238496191,7.13811260693179
"vitro","ENSBTAG00000020645.ENSBTAG00000017489",2.55072967999877,7.52975109319147
"vitro","ENSBTAG00000021316.ENSBTAG00000019929",2.54759488852938,7.95949611109124
"vitro","ENSBTAG00000007897.ENSBTAG00000016948",2.54036932749657,7.97420682458684
"vitro","ENSBTAG00000017246.ENSBTAG00000006240",2.53513083634984,5.34098946971833
"vitro","ENSBTAG00000023652.ENSBTAG00000001694",2.52952708186961,5.55898215311962
"vitro","ENSBTAG00000007740.ENSBTAG00000013320",2.52837377352763,3.90854690298244
"vitro","ENSBTAG00000005111.ENSBTAG00000006420",2.52660360043398,5.0912280268529
"vitro","ENSBTAG00000021048.ENSBTAG00000017489",2.51456950745101,5.12606579347309
"vitro","ENSBTAG00000020638.ENSBTAG00000000782",2.505123844092,5.79703186906402
"vitro","ENSBTAG00000011412.ENSBTAG00000019289",2.48124507036555,6.5755350185112
"vitro","ENSBTAG00000015327.ENSBTAG00000011425",2.4791090615015,4.45468592855195
"vitro","ENSBTAG00000018343.ENSBTAG00000004211",2.46538800264335,4.97763575421308
"vitro","ENSBTAG00000024394.ENSBTAG00000019866",2.46011614112763,7.0878815761243
"vitro","ENSBTAG00000011810.ENSBTAG00000003777",2.42995123876641,4.8816756036293
"vitro","ENSBTAG00000013472.ENSBTAG00000019289",2.40553440082363,4.99394355811571
"vitro","ENSBTAG00000020645.ENSBTAG00000014600",2.37249935378721,7.32461861879116
"vitro","ENSBTAG00000017246.ENSBTAG00000010444",2.36229768061306,5.77244070588072
"vitro","ENSBTAG00000017060.ENSBTAG00000010303",2.36013656510684,2.4176472196846
"vitro","ENSBTAG00000011034.ENSBTAG00000020148",2.34788455209903,4.07856610220751
"vitro","ENSBTAG00000014921.ENSBTAG00000017745",2.33039022687327,5.98425548453283
"vitro","ENSBTAG00000020221.ENSBTAG00000002107",2.32548563084908,6.53177986524053
"vitro","ENSBTAG00000006045.ENSBTAG00000011944",2.30095424400481,6.96060065695825
"vitro","ENSBTAG00000011741.ENSBTAG00000015910",2.2926303331097,6.80869565114708
"vitro","ENSBTAG00000025257.ENSBTAG00000019428",2.28405629610283,4.8001207340718
"vitro","ENSBTAG00000005198.ENSBTAG00000019866",2.23767071099737,6.75855177453847
"vitro","ENSBTAG00000017685.ENSBTAG00000007421",2.22941601758527,5.52745111978029
"vitro","ENSBTAG00000013103.ENSBTAG00000019289",2.20102738287596,4.70060469418733
"vitro","ENSBTAG00000015089.ENSBTAG00000023144",2.20089008628869,6.25299263163564
"vitro","ENSBTAG00000007446.ENSBTAG00000020979",2.19513872448252,4.62878795383168
"vitro","ENSBTAG00000014583.ENSBTAG00000011515",2.16800139388749,6.60451130529501
"vitro","ENSBTAG00000013472.ENSBTAG00000019929",2.16358790854444,5.64399985363887
"vitro","ENSBTAG00000032436.ENSBTAG00000010444",2.15714651212189,4.2556564829014
"vitro","ENSBTAG00000021466.ENSBTAG00000004885",2.14598953424024,5.15279932476967
"vitro","ENSBTAG00000001725.ENSBTAG00000001338",2.14276756861183,4.50518256682438
"vitro","ENSBTAG00000011580.ENSBTAG00000046199",2.13123647615765,6.62054478931597
"vitro","ENSBTAG00000025644.ENSBTAG00000004337",2.12228494278987,4.33488393770543
"vitro","ENSBTAG00000019964.ENSBTAG00000005828",2.10353132207458,6.60943424981402
"vitro","ENSBTAG00000005077.ENSBTAG00000015910",2.06357861975147,4.48766624514889
"vitro","ENSBTAG00000018103.ENSBTAG00000006240",2.05725286645521,5.12391384689208
"vitro","ENSBTAG00000014737.ENSBTAG00000011971",2.03888128623902,4.03002912399071
"vitro","ENSBTAG00000020221.ENSBTAG00000006835",2.02583420002582,5.36257281146114
"vitro","ENSBTAG00000007737.ENSBTAG00000006161",2.01948783542256,5.42138313600676
"vitro","ENSBTAG00000019269.ENSBTAG00000019289",2.01489375820345,4.36917911752313
"vitro","ENSBTAG00000001321.ENSBTAG00000013205",2.00261140952086,5.93482179981543
"vitro","ENSBTAG00000021466.ENSBTAG00000019289",2.00212734927982,4.9161256554719
"vitro","ENSBTAG00000004086.ENSBTAG00000019712",1.99855227195884,4.77421815265676
"vitro","ENSBTAG00000010673.ENSBTAG00000006359",1.98792266667715,3.10657521835759
"vitro","ENSBTAG00000007740.ENSBTAG00000015127",1.98764490610092,5.44207329175984
"vitro","ENSBTAG00000008300.ENSBTAG00000001882",1.97301146522954,4.15802712945499
"vitro","ENSBTAG00000010138.ENSBTAG00000011971",1.96413317425463,4.70686797032822
"vitro","ENSBTAG00000007737.ENSBTAG00000010444",1.95904041720796,4.76359466810163
"vitro","ENSBTAG00000005198.ENSBTAG00000027464",1.93631572161429,3.73637926947789
"vitro","ENSBTAG00000011802.ENSBTAG00000017266",1.93234839165913,3.73159053174124
"vitro","ENSBTAG00000005691.ENSBTAG00000014064",1.93217111309648,5.3269853845305
"vitro","ENSBTAG00000014583.ENSBTAG00000004337",1.92731962905941,3.70991883410114
"vitro","ENSBTAG00000011412.ENSBTAG00000017266",1.92159163089174,3.53640037993673
"vitro","ENSBTAG00000005691.ENSBTAG00000026676",1.91920822546373,5.87983266268945
"vitro","ENSBTAG00000002317.ENSBTAG00000012119",1.91129150735022,5.71237944806392
"vitro","ENSBTAG00000012088.ENSBTAG00000015910",1.90529014303799,6.02505645546806
"vitro","ENSBTAG00000007708.ENSBTAG00000025324",1.90288372860365,5.94283095467644
"vitro","ENSBTAG00000011563.ENSBTAG00000010497",1.89329025858923,5.09507017950924
"vitro","ENSBTAG00000013066.ENSBTAG00000002402",1.88892346990358,4.60825593834673
"vitro","ENSBTAG00000020221.ENSBTAG00000002144",1.88709542181988,5.61593997730891
"vitro","ENSBTAG00000013155.ENSBTAG00000015910",1.87759092974337,4.0973691779426
"vitro","ENSBTAG00000000310.ENSBTAG00000022799",1.87285428588701,5.28358066936268
"vitro","ENSBTAG00000015114.ENSBTAG00000008165",1.864250149736,4.09943236493992
"vitro","ENSBTAG00000004261.ENSBTAG00000017060",1.86208538375869,5.4538431597976
"vitro","ENSBTAG00000009357.ENSBTAG00000012119",1.84068519080921,3.80306239293759
"vitro","ENSBTAG00000032436.ENSBTAG00000018035",1.83984414763133,4.13119785179494
"vitro","ENSBTAG00000008452.ENSBTAG00000009903",1.83152768019663,5.5870911997184
"vitro","ENSBTAG00000005947.ENSBTAG00000002402",1.81900067351832,5.20762727586278
"vitro","ENSBTAG00000023907.ENSBTAG00000000782",1.81123566922461,5.56200768686812
"vitro","ENSBTAG00000002006.ENSBTAG00000017266",1.76979183190464,4.31136269719884
"vitro","ENSBTAG00000016648.ENSBTAG00000017266",1.75217519514468,3.06500879418742
"vitro","ENSBTAG00000020457.ENSBTAG00000012599",1.73860425873031,5.420942141731
"vitro","ENSBTAG00000014737.ENSBTAG00000015910",1.73538072377869,3.89105658444761
"vitro","ENSBTAG00000020342.ENSBTAG00000035084",1.73283012963525,5.26306494965177
"vitro","ENSBTAG00000025471.ENSBTAG00000004211",1.73042247494108,4.03019750060031
"vitro","ENSBTAG00000001321.ENSBTAG00000005273",1.72686379688399,3.61992963675579
"vitro","ENSBTAG00000005077.ENSBTAG00000001060",1.72624576466087,3.91102786039041
"vitro","ENSBTAG00000000442.ENSBTAG00000007348",1.71207020941896,2.6085153863264
"vitro","ENSBTAG00000005898.ENSBTAG00000017851",1.70868598725913,3.57983880312294
"vitro","ENSBTAG00000011851.ENSBTAG00000019866",1.70801232641859,5.13932451747714
"vitro","ENSBTAG00000007737.ENSBTAG00000018035",1.68439158570892,4.21728893197009
"vitro","ENSBTAG00000017246.ENSBTAG00000006161",1.67564657321178,4.97269369838531
"vitro","ENSBTAG00000005947.ENSBTAG00000013745",1.67432640446174,3.94815857184603
"vitro","ENSBTAG00000006538.ENSBTAG00000002144",1.66669869593174,4.37073340115584
"vitro","ENSBTAG00000015114.ENSBTAG00000017489",1.66596908880734,3.64353670013421
"vitro","ENSBTAG00000006505.ENSBTAG00000006240",1.66105271336384,4.3249846060108
"vitro","ENSBTAG00000015089.ENSBTAG00000002135",1.65813032607568,3.3816199254883
"vitro","ENSBTAG00000017455.ENSBTAG00000017266",1.65365105004403,3.87371246026908
"vitro","ENSBTAG00000025868.ENSBTAG00000013755",1.64864251489113,4.09736143458304
"vitro","ENSBTAG00000015362.ENSBTAG00000018114",1.64341070736956,4.80373696975911
"vitro","ENSBTAG00000000575.ENSBTAG00000015127",1.63805992674672,3.57531672173759
"vitro","ENSBTAG00000005691.ENSBTAG00000027464",1.63781617612227,5.17922950521386
"vitro","ENSBTAG00000015150.ENSBTAG00000017745",1.63676279049655,4.23084131998295
"vitro","ENSBTAG00000021302.ENSBTAG00000019289",1.63278918321462,3.73743998290166
"vitro","ENSBTAG00000005581.ENSBTAG00000014162",1.63096704163642,4.39329856283215
"vitro","ENSBTAG00000011104.ENSBTAG00000020979",1.62319384820965,3.04843190677153
"vitro","ENSBTAG00000010312.ENSBTAG00000014064",1.61740696175375,5.11468990255469
"vitro","ENSBTAG00000014583.ENSBTAG00000011050",1.61298176417388,3.5950362709175
"vitro","ENSBTAG00000032436.ENSBTAG00000022799",1.5831928038459,2.9530150301425
"vitro","ENSBTAG00000013760.ENSBTAG00000015910",1.57968201871472,2.51117916759304
"vitro","ENSBTAG00000005111.ENSBTAG00000008997",1.57611122032928,2.79328717933333
"vitro","ENSBTAG00000012849.ENSBTAG00000019289",1.54167855279395,3.83612598394902
"vitro","ENSBTAG00000000073.ENSBTAG00000018517",1.53861561563146,3.84732207601964
"vitro","ENSBTAG00000006354.ENSBTAG00000025101",1.53848581384706,3.54697961572467
"vitro","ENSBTAG00000010138.ENSBTAG00000019866",1.48644165178357,4.43610741392503
"vitro","ENSBTAG00000038735.ENSBTAG00000017489",1.48271516364213,4.3118759914183
"vitro","ENSBTAG00000032436.ENSBTAG00000012599",1.48198314723597,4.26878404417168
"vitro","ENSBTAG00000047330.ENSBTAG00000017851",1.47941415175653,3.13897013849364
"vitro","ENSBTAG00000038221.ENSBTAG00000006359",1.46702926717305,2.191121644617
"vitro","ENSBTAG00000012228.ENSBTAG00000001814",1.4664662320958,2.79200210390888
"vitro","ENSBTAG00000003329.ENSBTAG00000006420",1.45554558253529,3.00550185323722
"vitro","ENSBTAG00000017122.ENSBTAG00000011741",1.44684228644984,3.49282640581726
"vitro","ENSBTAG00000015801.ENSBTAG00000015510",1.4308672946889,3.39173010819949
"vitro","ENSBTAG00000010738.ENSBTAG00000001338",1.43069606563246,2.55200097611018
"vitro","ENSBTAG00000031998.ENSBTAG00000015708",1.42164325452872,3.80374258669554
"vitro","ENSBTAG00000016542.ENSBTAG00000019289",1.40666785801933,3.9362819784016
"vitro","ENSBTAG00000025471.ENSBTAG00000010497",1.39435889927126,3.16111056288535
"vitro","ENSBTAG00000008452.ENSBTAG00000013909",1.39288824594208,3.66808527654566
"vitro","ENSBTAG00000018343.ENSBTAG00000010497",1.38904551909925,4.20166724560912
"vitro","ENSBTAG00000017246.ENSBTAG00000019832",1.3790793132901,3.09736104573767
"vitro","ENSBTAG00000007708.ENSBTAG00000046199",1.37322516809221,3.95987994124892
"vitro","ENSBTAG00000022635.ENSBTAG00000018169",1.37128838549398,3.6573769090566
"vitro","ENSBTAG00000005077.ENSBTAG00000034883",1.36960215323266,3.85795372410828
"vitro","ENSBTAG00000037899.ENSBTAG00000022799",1.36498131100995,3.66110140575694
"vitro","ENSBTAG00000011966.ENSBTAG00000019289",1.35761406485879,3.18495219191061
"vitro","ENSBTAG00000020645.ENSBTAG00000014944",1.34947399174299,2.8519215762034
"vitro","ENSBTAG00000011966.ENSBTAG00000018169",1.34566523565761,3.9674233242002
"vitro","ENSBTAG00000006396.ENSBTAG00000003798",1.34322463855699,4.24764926709651
"vitro","ENSBTAG00000011412.ENSBTAG00000018169",1.33867400970865,4.09159497962624
"vitro","ENSBTAG00000017746.ENSBTAG00000010462",1.31961746707252,3.95605946803954
"vitro","ENSBTAG00000011757.ENSBTAG00000011578",1.3019546957589,3.20734202554184
"vitro","ENSBTAG00000004237.ENSBTAG00000010444",1.29892567798432,3.42393877678037
"vitro","ENSBTAG00000011034.ENSBTAG00000003777",1.28019161526102,3.28089667927973
"vitro","ENSBTAG00000000470.ENSBTAG00000019929",1.27986835352519,3.86482774125811
"vitro","ENSBTAG00000017246.ENSBTAG00000012599",1.27156806681269,3.30892324221137
"vitro","ENSBTAG00000007268.ENSBTAG00000015910",1.26338383245042,3.3179199949724
"vitro","ENSBTAG00000011802.ENSBTAG00000019289",1.25839900310951,2.53825267085301
"vitro","ENSBTAG00000020221.ENSBTAG00000012314",1.24269526365639,3.6516116209024
"vitro","ENSBTAG00000005710.ENSBTAG00000014064",1.2412698965566,3.74885482657526
"vitro","ENSBTAG00000005947.ENSBTAG00000019712",1.24113934427722,2.68043289829771
"vitro","ENSBTAG00000010452.ENSBTAG00000011515",1.23523727242679,2.76333395344765
"vitro","ENSBTAG00000005359.ENSBTAG00000018035",1.2263913109128,3.87818984512416
"vitro","ENSBTAG00000013103.ENSBTAG00000004885",1.21496586952434,3.5388283620251
"vitro","ENSBTAG00000000277.ENSBTAG00000011238",1.19801077728229,3.11884897605212
"vitro","ENSBTAG00000005250.ENSBTAG00000006240",1.18829965019082,3.3441161913924
"vitro","ENSBTAG00000010303.ENSBTAG00000007626",1.1864604607159,2.50179441036891
"vitro","ENSBTAG00000015978.ENSBTAG00000039292",1.17203607018026,3.52541521300795
"vitro","ENSBTAG00000011409.ENSBTAG00000001941",1.16553998140969,3.02812665435674
"vitro","ENSBTAG00000016208.ENSBTAG00000038141",1.16236685425095,3.67572673611797
"vitro","ENSBTAG00000011851.ENSBTAG00000013118",1.15390595355909,3.64897101887522
"vitro","ENSBTAG00000007737.ENSBTAG00000006378",1.14099068527733,2.83817767673151
"vitro","ENSBTAG00000000793.ENSBTAG00000019289",1.14005467297044,3.39353122465503
"vitro","ENSBTAG00000000130.ENSBTAG00000010785",1.13721128534131,2.25033997481896
"vitro","ENSBTAG00000007737.ENSBTAG00000006240",1.13599357289972,3.59232709767566
"vitro","ENSBTAG00000008817.ENSBTAG00000012897",1.13259126762269,2.52381338125423
"vitro","ENSBTAG00000012444.ENSBTAG00000015127",1.12776807482042,3.28515233159929
"vitro","ENSBTAG00000005305.ENSBTAG00000020979",1.12386024665233,2.34065062299529
"vitro","ENSBTAG00000005710.ENSBTAG00000011425",1.11679425092551,2.47329403806183
"vitro","ENSBTAG00000005280.ENSBTAG00000048246",1.11428821077209,2.46941751101301
"vitro","ENSBTAG00000008300.ENSBTAG00000019289",1.1076708862249,3.14519231816282
"vitro","ENSBTAG00000011757.ENSBTAG00000022799",1.10670051669305,2.26378979696399
"vitro","ENSBTAG00000017122.ENSBTAG00000000782",1.0890838804385,2.54315576374896
"vitro","ENSBTAG00000032436.ENSBTAG00000006240",1.08199184602842,3.3139178467602
"vitro","ENSBTAG00000008096.ENSBTAG00000013674",1.07828743380562,3.1794122585306
"vitro","ENSBTAG00000020645.ENSBTAG00000012848",1.07593142123664,2.91378937636783
"vitro","ENSBTAG00000005947.ENSBTAG00000018517",1.07264545098085,1.76848713660469
"vitro","ENSBTAG00000025471.ENSBTAG00000012642",1.05641401969537,2.09771504247004
"vitro","ENSBTAG00000012413.ENSBTAG00000015457",1.05549515208402,1.38788804387534
"vitro","ENSBTAG00000005077.ENSBTAG00000018424",1.05227394646338,1.80225848432454
"vitro","ENSBTAG00000005111.ENSBTAG00000011909",1.05158873929895,3.07671587583494
"vitro","ENSBTAG00000023907.ENSBTAG00000015910",1.045369400943,1.95283218669044
"vitro","ENSBTAG00000017280.ENSBTAG00000005397",1.04430461636594,2.33678523245525
"vitro","ENSBTAG00000021048.ENSBTAG00000016948",1.0408941432854,2.31940003800297
"vitro","ENSBTAG00000025644.ENSBTAG00000011425",1.02811185416547,2.32695335956263
"vitro","ENSBTAG00000020457.ENSBTAG00000014357",1.02519588832119,2.33582576791684
"vitro","ENSBTAG00000013688.ENSBTAG00000019866",1.02429490396527,3.09162816651523
"vitro","ENSBTAG00000005077.ENSBTAG00000015127",1.01980844387182,1.19493119612085
"vitro","ENSBTAG00000007273.ENSBTAG00000032719",1.01532079697376,2.33170868189204
"vitro","ENSBTAG00000005691.ENSBTAG00000010543",1.01107958388381,2.6434883260305
"vitro","ENSBTAG00000017455.ENSBTAG00000015910",1.01044590542392,1.8210237016517
"vitro","ENSBTAG00000015362.ENSBTAG00000008997",1.00481631409576,2.51903704442304
"vitro","ENSBTAG00000013066.ENSBTAG00000012687",1.00470769428247,2.87234940027562
"vitro","ENSBTAG00000021105.ENSBTAG00000000477",0.997058622182228,1.9459109657135
"vitro","ENSBTAG00000005691.ENSBTAG00000015457",0.996705929965546,2.85424046543461
"vitro","ENSBTAG00000011851.ENSBTAG00000011425",0.996507945544007,1.53752496952548
"vitro","ENSBTAG00000017246.ENSBTAG00000007909",0.993755989283329,2.96283519569737
"vitro","ENSBTAG00000021048.ENSBTAG00000020704",0.99358467639698,1.81392423142884
"vitro","ENSBTAG00000016267.ENSBTAG00000020755",0.988839620675418,2.76165589054797
"vitro","ENSBTAG00000038735.ENSBTAG00000016948",0.98542088687487,3.03615396228943
"vitro","ENSBTAG00000015089.ENSBTAG00000015910",0.983534032140729,3.04917956402117
"vitro","ENSBTAG00000020676.ENSBTAG00000017060",0.976818504403204,2.23493715799541
"vitro","ENSBTAG00000010123.ENSBTAG00000012314",0.974583660540703,2.93775898463491
"vitro","ENSBTAG00000016208.ENSBTAG00000014944",0.969078893253163,2.8975532077634
"vitro","ENSBTAG00000020645.ENSBTAG00000013674",0.967740863728508,2.89967721949623
"vitro","ENSBTAG00000009972.ENSBTAG00000011909",0.963928505845134,2.72245974360171
"vitro","ENSBTAG00000017866.ENSBTAG00000008008",0.954812116288322,1.91894514100738
"vitro","ENSBTAG00000007148.ENSBTAG00000008165",0.953074732817772,1.64129986320593
"vitro","ENSBTAG00000007446.ENSBTAG00000008849",0.951813993593984,2.39173085825615
"vitro","ENSBTAG00000007244.ENSBTAG00000015910",0.948028539637253,2.29638327765488
"vitro","ENSBTAG00000012004.ENSBTAG00000019832",0.937144203822607,2.92162278678041
"vitro","ENSBTAG00000007897.ENSBTAG00000017489",0.935342079702198,2.95781136325769
"vitro","ENSBTAG00000002006.ENSBTAG00000003585",0.934623289770276,2.6624330619731
"vitro","ENSBTAG00000010738.ENSBTAG00000003220",0.930848376606644,1.94025904964309
"vitro","ENSBTAG00000006276.ENSBTAG00000047138",0.930345967695304,1.53098716519457
"vitro","ENSBTAG00000017455.ENSBTAG00000013755",0.930153041989608,1.36563517932694
"vitro","ENSBTAG00000017745.ENSBTAG00000015361",0.927846235237657,1.44344170319913
"vitro","ENSBTAG00000017122.ENSBTAG00000019289",0.927331660947323,2.50222440595909
"vitro","ENSBTAG00000034501.ENSBTAG00000005397",0.92581899426498,1.61761933883708
"vitro","ENSBTAG00000003176.ENSBTAG00000017060",0.924935286460408,2.06515295370762
"vitro","ENSBTAG00000025644.ENSBTAG00000011515",0.922877792074357,2.76285977535384
"vitro","ENSBTAG00000000793.ENSBTAG00000018169",0.922645742852713,2.40474024277919
"vitro","ENSBTAG00000001460.ENSBTAG00000020661",0.922227776781489,2.505741723605
"vitro","ENSBTAG00000007319.ENSBTAG00000022799",0.911283029749864,2.53460363523226
"vitro","ENSBTAG00000034077.ENSBTAG00000018999",0.909756826558538,2.70373971904099
"vitro","ENSBTAG00000003835.ENSBTAG00000002081",0.909738963149535,1.93464900865779
"vitro","ENSBTAG00000005077.ENSBTAG00000009851",0.903767704127149,1.63543466253683
"vitro","ENSBTAG00000008300.ENSBTAG00000017266",0.903069339013465,1.71942030964551
"vitro","ENSBTAG00000010963.ENSBTAG00000000973",0.897095093837355,2.65724383951961
"vitro","ENSBTAG00000011851.ENSBTAG00000000782",0.896789020094271,2.59821386435924
"vitro","ENSBTAG00000007148.ENSBTAG00000020199",0.887892133099204,2.49760617257587
"vitro","ENSBTAG00000017060.ENSBTAG00000007103",0.885503402765417,2.08016048835243
"vitro","ENSBTAG00000003505.ENSBTAG00000006161",0.876135112697916,1.23670670132257
"vitro","ENSBTAG00000012623.ENSBTAG00000002606",0.865299287876868,2.60195054406715
"vitro","ENSBTAG00000012228.ENSBTAG00000014966",0.861044561981541,2.64141608383092
"vitro","ENSBTAG00000007773.ENSBTAG00000017060",0.856220093248832,1.8864973687561
"vitro","ENSBTAG00000020645.ENSBTAG00000010860",0.851855487089046,1.64177746353961
"vitro","ENSBTAG00000014737.ENSBTAG00000000782",0.843899972223262,2.66864602957834
"vitro","ENSBTAG00000004226.ENSBTAG00000021286",0.840876587460432,2.65908524748475
"vitro","ENSBTAG00000019839.ENSBTAG00000013755",0.838014493984542,2.47349607950963
"vitro","ENSBTAG00000008817.ENSBTAG00000017266",0.837854707749008,1.86899978790897
"vitro","ENSBTAG00000008096.ENSBTAG00000019733",0.832073643426323,1.51107640998919
"vitro","ENSBTAG00000013898.ENSBTAG00000016159",0.830779306067245,2.55012128040578
"vitro","ENSBTAG00000013155.ENSBTAG00000008373",0.825821525945691,1.61742463390216
"vitro","ENSBTAG00000003837.ENSBTAG00000002606",0.820647767315748,1.79952559982086
"vitro","ENSBTAG00000025471.ENSBTAG00000006378",0.820504279364114,2.59466235270569
"vitro","ENSBTAG00000040333.ENSBTAG00000013290",0.817810439376642,1.42828664648758
"vitro","ENSBTAG00000018134.ENSBTAG00000010444",0.81579436209622,1.63960556139705
"vitro","ENSBTAG00000005260.ENSBTAG00000013755",0.815053952268482,2.49664795253741
"vitro","ENSBTAG00000019665.ENSBTAG00000005273",0.814998017479344,1.63977067794829
"vitro","ENSBTAG00000020342.ENSBTAG00000007047",0.811907842378788,2.11803190365133
"vitro","ENSBTAG00000004129.ENSBTAG00000001338",0.811883603316885,1.77719734779986
"vitro","ENSBTAG00000005260.ENSBTAG00000015910",0.800579714028984,2.25122984106054
"vitro","ENSBTAG00000022514.ENSBTAG00000013730",0.799112502302724,2.07135673980196
"vitro","ENSBTAG00000032436.ENSBTAG00000014064",0.797844441569529,1.69068584672384
"vitro","ENSBTAG00000008300.ENSBTAG00000015910",0.79418462310249,1.94355207079741
"vitro","ENSBTAG00000007773.ENSBTAG00000018993",0.791751081680405,0.98600370216816
"vitro","ENSBTAG00000025471.ENSBTAG00000024928",0.790977129824015,1.82454231379748
"vitro","ENSBTAG00000017473.ENSBTAG00000019289",0.772553292282002,2.20128898168875
"vitro","ENSBTAG00000000277.ENSBTAG00000027676",0.770495303809517,2.11801435035081
"vitro","ENSBTAG00000008121.ENSBTAG00000011761",0.769983873232023,2.35358296235193
"vitro","ENSBTAG00000021697.ENSBTAG00000005990",0.76861697797488,1.86287551148394
"vitro","ENSBTAG00000017246.ENSBTAG00000014064",0.761976794234849,1.99794804258003
"vitro","ENSBTAG00000004594.ENSBTAG00000019569",0.756929942466168,1.68907146718595
"vitro","ENSBTAG00000010663.ENSBTAG00000019929",0.756267516196109,1.59568531068343
"vitro","ENSBTAG00000021499.ENSBTAG00000008036",0.756233182290515,1.95477516866459
"vitro","ENSBTAG00000014737.ENSBTAG00000037649",0.753067359025178,1.36980060006913
"vitro","ENSBTAG00000012849.ENSBTAG00000003585",0.752506482971068,1.43724074923867
"vitro","ENSBTAG00000047567.ENSBTAG00000019866",0.751353527666646,2.31445639326229
"vitro","ENSBTAG00000022120.ENSBTAG00000006240",0.750799849459444,2.16750186978089
"vitro","ENSBTAG00000023907.ENSBTAG00000013745",0.750472325739778,1.5667146322699
"vitro","ENSBTAG00000012004.ENSBTAG00000018035",0.75021925475468,2.16277573513434
"vitro","ENSBTAG00000018773.ENSBTAG00000001941",0.749517591087421,1.64600512416535
"vitro","ENSBTAG00000032436.ENSBTAG00000007909",0.737975809348453,2.23707797302568
"vitro","ENSBTAG00000038221.ENSBTAG00000000815",0.736528713527353,2.23419790944323
"vitro","ENSBTAG00000025644.ENSBTAG00000011050",0.735287624554053,1.5454768499439
"vitro","ENSBTAG00000020645.ENSBTAG00000014270",0.733754489100277,1.88501483827566
"vitro","ENSBTAG00000017564.ENSBTAG00000017846",0.727670226409779,2.20539648691176
"vitro","ENSBTAG00000013760.ENSBTAG00000003585",0.726046332331179,2.18179908035536
"vitro","ENSBTAG00000001941.ENSBTAG00000006161",0.725062439788736,1.23645661361417
"vitro","ENSBTAG00000021326.ENSBTAG00000014798",0.724560884694983,2.02093499142851
"vitro","ENSBTAG00000014218.ENSBTAG00000011761",0.722835352544063,2.00831878630644
"vitro","ENSBTAG00000012444.ENSBTAG00000015910",0.72044243993153,1.62174379289111
"vitro","ENSBTAG00000008452.ENSBTAG00000016071",0.717583170305035,2.26919722876841
"vitro","ENSBTAG00000012210.ENSBTAG00000039292",0.716160947509175,1.97602100624551
"vitro","ENSBTAG00000011851.ENSBTAG00000002699",0.715637921336536,1.08710806521674
"vitro","ENSBTAG00000018103.ENSBTAG00000011154",0.71324435012681,2.03311513717013
"vitro","ENSBTAG00000005111.ENSBTAG00000018114",0.712080198269379,1.86800554271966
"vitro","ENSBTAG00000011784.ENSBTAG00000000736",0.712062628027061,1.76851388453359
"vitro","ENSBTAG00000011851.ENSBTAG00000018572",0.702489263964826,1.41303967213443
"vitro","ENSBTAG00000002278.ENSBTAG00000015910",0.702007536038851,2.09726993188997
"vitro","ENSBTAG00000010820.ENSBTAG00000002107",0.700932912658516,1.9143913827127
"vitro","ENSBTAG00000019964.ENSBTAG00000003166",0.700754815319681,1.41171621771163
"vitro","ENSBTAG00000004362.ENSBTAG00000015996",0.69774144349548,1.51167495613864
"vitro","ENSBTAG00000007737.ENSBTAG00000012599",0.69570248464705,1.28247698037436
"vitro","ENSBTAG00000011291.ENSBTAG00000006732",0.692181927821922,2.01028961626424
"vitro","ENSBTAG00000014575.ENSBTAG00000019289",0.687578088416287,1.98448096709767
"vitro","ENSBTAG00000038735.ENSBTAG00000002144",0.684033177572395,1.16133589418665
"vitro","ENSBTAG00000002006.ENSBTAG00000008165",0.681591685035341,1.16537580007947
"vitro","ENSBTAG00000012849.ENSBTAG00000015910",0.681003428733609,1.42565340111341
"vitro","ENSBTAG00000025775.ENSBTAG00000017489",0.679974674461362,1.99948009126994
"vitro","ENSBTAG00000005691.ENSBTAG00000019866",0.678653059138665,2.14608940791913
"vitro","ENSBTAG00000025644.ENSBTAG00000010785",0.673882420233961,1.05630547533976
"vitro","ENSBTAG00000000575.ENSBTAG00000019289",0.672559777372564,1.1941540077445
"vitro","ENSBTAG00000020645.ENSBTAG00000005990",0.671446784673217,1.17098842400112
"vitro","ENSBTAG00000014921.ENSBTAG00000018474",0.670450200226874,1.50761257708315
"vitro","ENSBTAG00000005481.ENSBTAG00000003166",0.665950841620702,1.52779369364349
"vitro","ENSBTAG00000020661.ENSBTAG00000017851",0.664269092931489,1.40081936583072
"vitro","ENSBTAG00000021105.ENSBTAG00000014031",0.663085975747074,2.09686196787592
"vitro","ENSBTAG00000004924.ENSBTAG00000031718",0.661241486217864,1.70416503340859
"vitro","ENSBTAG00000034077.ENSBTAG00000003848",0.659699610976098,1.26808163955665
"vitro","ENSBTAG00000021105.ENSBTAG00000013205",0.658528737210744,1.54536599997475
"vitro","ENSBTAG00000017060.ENSBTAG00000017846",0.655283218053264,1.73974682850324
"vitro","ENSBTAG00000007244.ENSBTAG00000011741",0.655261134349294,1.06526676154323
"vitro","ENSBTAG00000011104.ENSBTAG00000018300",0.654409183881553,2.06942354279766
"vitro","ENSBTAG00000010303.ENSBTAG00000020892",0.653170212115089,1.75463880773031
"vitro","ENSBTAG00000009476.ENSBTAG00000001462",0.650498573341223,1.62836787327431
"vitro","ENSBTAG00000012413.ENSBTAG00000010543",0.641591320386872,0.910890742728481
"vitro","ENSBTAG00000015043.ENSBTAG00000022799",0.641571095756435,2.00778848237923
"vitro","ENSBTAG00000020194.ENSBTAG00000015457",0.638915646876636,2.02042867685002
"vitro","ENSBTAG00000000073.ENSBTAG00000000736",0.636862220005478,1.48788465228048
"vitro","ENSBTAG00000005198.ENSBTAG00000011578",0.631131822777354,1.73564600730576
"vitro","ENSBTAG00000014051.ENSBTAG00000003777",0.62892107570443,1.98882306770918
"vitro","ENSBTAG00000010963.ENSBTAG00000009024",0.627689656205913,0.897283813010104
"vitro","ENSBTAG00000001321.ENSBTAG00000002144",0.626859589905976,1.03869294014203
"vitro","ENSBTAG00000021217.ENSBTAG00000019289",0.622428076436032,1.360856349978
"vitro","ENSBTAG00000007740.ENSBTAG00000017266",0.619945327349268,1.12873355475397
"vitro","ENSBTAG00000002006.ENSBTAG00000015910",0.616939142688447,1.80212222609797
"vitro","ENSBTAG00000008300.ENSBTAG00000004356",0.615662505554177,1.94689578751726
"vitro","ENSBTAG00000014127.ENSBTAG00000020319",0.61469411582639,1.21747012777173
"vitro","ENSBTAG00000007740.ENSBTAG00000012119",0.610397852393707,0.996713315147918
"vitro","ENSBTAG00000007737.ENSBTAG00000019832",0.609561890372708,1.69287088691129
"vitro","ENSBTAG00000019269.ENSBTAG00000015910",0.60651678433217,1.77974836408188
"vitro","ENSBTAG00000000073.ENSBTAG00000014611",0.604119903369459,1.22637239802398
"vitro","ENSBTAG00000037533.ENSBTAG00000037735",0.600111035416373,1.69299850231602
"vitro","ENSBTAG00000030710.ENSBTAG00000020979",0.59974655263668,1.21005077859671
"vitro","ENSBTAG00000016515.ENSBTAG00000000815",0.598880948704372,1.83123781609272
"vitro","ENSBTAG00000004594.ENSBTAG00000011578",0.584193925272485,1.65447570617514
"vitro","ENSBTAG00000015362.ENSBTAG00000018105",0.584082908177429,1.84703233221566
"vitro","ENSBTAG00000017753.ENSBTAG00000015996",0.574855523455549,1.24447504702668
"vitro","ENSBTAG00000014906.ENSBTAG00000011515",0.572339720694945,1.01302406062109
"vitro","ENSBTAG00000009876.ENSBTAG00000020736",0.569754088761481,1.19257760583451
"vitro","ENSBTAG00000047567.ENSBTAG00000000570",0.56838742528875,1.39844986644123
"vitro","ENSBTAG00000010312.ENSBTAG00000014420",0.567763447913224,1.72111644550014
"vitro","ENSBTAG00000032436.ENSBTAG00000006161",0.559314381588766,1.19949921339574
"vitro","ENSBTAG00000005250.ENSBTAG00000008008",0.558003896600691,1.6319238393834
"vitro","ENSBTAG00000015352.ENSBTAG00000012599",0.557777493523739,1.4525123401034
"vitro","ENSBTAG00000007446.ENSBTAG00000003060",0.556182610391538,1.26485447040536
"vitro","ENSBTAG00000014556.ENSBTAG00000026676",0.555843798309028,1.59887465823242
"vitro","ENSBTAG00000000283.ENSBTAG00000012771",0.555091486625678,1.39978755383904
"vitro","ENSBTAG00000013103.ENSBTAG00000011578",0.544866063891719,1.2367680889503
"vitro","ENSBTAG00000007737.ENSBTAG00000045633",0.543237572038188,1.59896217677348
"vitro","ENSBTAG00000002473.ENSBTAG00000003777",0.535699286459083,1.1620075501101
"vitro","ENSBTAG00000017246.ENSBTAG00000006378",0.53428159870792,1.33205532500292
"vitro","ENSBTAG00000007338.ENSBTAG00000004917",0.533530277803306,1.08475653890286
"vitro","ENSBTAG00000002880.ENSBTAG00000012687",0.531125820797493,1.07085136697817
"vitro","ENSBTAG00000025410.ENSBTAG00000018343",0.52950097097249,1.30867828359325
"vitro","ENSBTAG00000010663.ENSBTAG00000013745",0.524239954038779,1.40689677365265
"vitro","ENSBTAG00000037899.ENSBTAG00000007909",0.522950271975469,1.30814163265503
"vitro","ENSBTAG00000012817.ENSBTAG00000007909",0.52284276882043,1.59006387373391
"vitro","ENSBTAG00000008300.ENSBTAG00000013745",0.517644148748709,1.43944609479656
"vitro","ENSBTAG00000013103.ENSBTAG00000001462",0.510770273803856,1.03402229854953
"vitro","ENSBTAG00000007375.ENSBTAG00000015228",0.508197001284781,1.1497683301249
"vitro","ENSBTAG00000017280.ENSBTAG00000047793",0.50625829042578,1.23745208666793
"vitro","ENSBTAG00000016208.ENSBTAG00000015910",0.506166624045784,1.60063940754283
"vitro","ENSBTAG00000007737.ENSBTAG00000007909",0.504080290918094,1.51872545736142
"vitro","ENSBTAG00000004362.ENSBTAG00000014357",0.502649289189122,1.58951661810228
"vitro","ENSBTAG00000020238.ENSBTAG00000004739",0.500869452606263,0.868168024221629
"vitro","ENSBTAG00000023907.ENSBTAG00000013755",0.500687332787163,0.982319772844736
"vitro","ENSBTAG00000002302.ENSBTAG00000017256",0.500234680295493,1.50633081854649
"vitro","ENSBTAG00000023907.ENSBTAG00000020644",0.49752061343848,1.14847429953458
"vitro","ENSBTAG00000020556.ENSBTAG00000018517",0.493949211261789,1.48501071704972
"vitro","ENSBTAG00000009476.ENSBTAG00000011971",0.492800099101455,0.998473974887648
"vitro","ENSBTAG00000000575.ENSBTAG00000011154",0.477139860720399,1.44625192134077
"vitro","ENSBTAG00000001941.ENSBTAG00000014966",0.476904358660645,1.21918173809353
"vitro","ENSBTAG00000005260.ENSBTAG00000013745",0.475904887225098,1.01574379760227
"vitro","ENSBTAG00000007740.ENSBTAG00000026676",0.475039050347692,0.950666893547018
"vitro","ENSBTAG00000016515.ENSBTAG00000006359",0.474652878887352,0.74280000970742
"vitro","ENSBTAG00000017664.ENSBTAG00000019712",0.467407389112098,1.05056515537814
"vitro","ENSBTAG00000013472.ENSBTAG00000001462",0.467319999561854,1.36735700486266
"vitro","ENSBTAG00000014737.ENSBTAG00000000802",0.457841807924917,1.27172594655445
"vitro","ENSBTAG00000032436.ENSBTAG00000019832",0.45717838120099,0.861514056982953
"vitro","ENSBTAG00000010123.ENSBTAG00000018517",0.455983944243502,0.975054905692564
"vitro","ENSBTAG00000013363.ENSBTAG00000009851",0.455636083796871,0.919522326548661
"vitro","ENSBTAG00000009476.ENSBTAG00000013745",0.45391518756552,0.891985814569035
"vitro","ENSBTAG00000005077.ENSBTAG00000014798",0.453723608074493,1.12141674882369
"vitro","ENSBTAG00000025644.ENSBTAG00000012687",0.444519856018659,0.955029526052782
"vitro","ENSBTAG00000016648.ENSBTAG00000015910",0.443697027231295,1.40309319709665
"vitro","ENSBTAG00000014906.ENSBTAG00000020755",0.442448932230012,1.27938766667305
"vitro","ENSBTAG00000002080.ENSBTAG00000022799",0.438952376999308,1.23362568142096
"vitro","ENSBTAG00000017312.ENSBTAG00000017136",0.436738082506367,0.773465988825481
"vitro","ENSBTAG00000032436.ENSBTAG00000012314",0.43515800503149,1.15541840287514
"vitro","ENSBTAG00000009357.ENSBTAG00000012771",0.433085597652131,0.790433758531591
"vitro","ENSBTAG00000012004.ENSBTAG00000008997",0.432299813075497,1.19170534783032
"vitro","ENSBTAG00000004777.ENSBTAG00000017753",0.431714986782707,1.0537453290258
"vitro","ENSBTAG00000008300.ENSBTAG00000033669",0.427133289161608,0.821594907083154
"vitro","ENSBTAG00000014051.ENSBTAG00000015910",0.424856424490805,0.929929996450023
"vitro","ENSBTAG00000005691.ENSBTAG00000014357",0.423056452450077,1.33782196857297
"vitro","ENSBTAG00000000559.ENSBTAG00000020661",0.422427700008663,1.3358336787737
"vitro","ENSBTAG00000000073.ENSBTAG00000008849",0.412017283927245,1.30291305256638
"vitro","ENSBTAG00000005077.ENSBTAG00000039292",0.411355640815803,0.588131036979115
"vitro","ENSBTAG00000017664.ENSBTAG00000015910",0.408644683147979,0.925278090140061
"vitro","ENSBTAG00000012398.ENSBTAG00000012314",0.408387413314436,1.14789002352673
"vitro","ENSBTAG00000009565.ENSBTAG00000002804",0.407847039325898,0.861857808556536
"vitro","ENSBTAG00000046421.ENSBTAG00000006240",0.404870352439756,0.975678588350694
"vitro","ENSBTAG00000000793.ENSBTAG00000017266",0.404255455390646,1.23661790898334
"vitro","ENSBTAG00000017753.ENSBTAG00000004334",0.403885303107292,1.10162696509199
"vitro","ENSBTAG00000016043.ENSBTAG00000018035",0.403414347122482,1.24375522741547
"vitro","ENSBTAG00000016542.ENSBTAG00000019569",0.403260777765318,1.27522254874939
"vitro","ENSBTAG00000012004.ENSBTAG00000013755",0.402676072897945,0.859709326097641
"vitro","ENSBTAG00000010738.ENSBTAG00000019428",0.400664960012329,0.794861091028473
"vitro","ENSBTAG00000017753.ENSBTAG00000020054",0.399874034969458,0.773545783239488
"vitro","ENSBTAG00000005691.ENSBTAG00000024269",0.396918088640525,0.597726911682261
"vitro","ENSBTAG00000011966.ENSBTAG00000017266",0.396834978694986,0.678693567439527
"vitro","ENSBTAG00000005108.ENSBTAG00000010462",0.394433651730983,0.83190516522341
"vitro","ENSBTAG00000011412.ENSBTAG00000015910",0.392554585191525,0.881131939984421
"vitro","ENSBTAG00000000073.ENSBTAG00000012314",0.391657697943742,1.11892871714114
"vitro","ENSBTAG00000002006.ENSBTAG00000011154",0.390928255917097,1.08206675801742
"vitro","ENSBTAG00000000793.ENSBTAG00000015910",0.38910915613865,0.550368511862618
"vitro","ENSBTAG00000007737.ENSBTAG00000014064",0.389079227134487,0.834002402223397
"vitro","ENSBTAG00000011104.ENSBTAG00000023147",0.388399733778046,0.854293473056219
"vitro","ENSBTAG00000021048.ENSBTAG00000002144",0.386706414950458,0.621356538377114
"vitro","ENSBTAG00000016542.ENSBTAG00000017266",0.386220366017057,0.718088513591132
"vitro","ENSBTAG00000020221.ENSBTAG00000035084",0.385368586216242,0.723459418844264
"vitro","ENSBTAG00000013162.ENSBTAG00000002144",0.382051344500262,0.643086829163415
"vitro","ENSBTAG00000014906.ENSBTAG00000011578",0.380576892662773,1.06985233672869
"vitro","ENSBTAG00000022635.ENSBTAG00000015910",0.378223609426815,0.816790333933777
"vitro","ENSBTAG00000005108.ENSBTAG00000004356",0.376951801061438,0.720022036546933
"vitro","ENSBTAG00000010991.ENSBTAG00000007348",0.37462514705611,0.649063993527582
"vitro","ENSBTAG00000045582.ENSBTAG00000012314",0.371888166245178,1.17601364019811
"vitro","ENSBTAG00000009476.ENSBTAG00000015910",0.371512199584378,0.586567727749135
"vitro","ENSBTAG00000018077.ENSBTAG00000024406",0.367711297796104,0.840813000408414
"vitro","ENSBTAG00000002880.ENSBTAG00000013755",0.361661932304432,1.05194465075742
"vitro","ENSBTAG00000006655.ENSBTAG00000003255",0.357567863435276,0.979694187634111
"vitro","ENSBTAG00000031444.ENSBTAG00000006360",0.357012639595371,1.12897309459019
"vitro","ENSBTAG00000014583.ENSBTAG00000012100",0.355950101977527,1.12561305561819
"vitro","ENSBTAG00000038045.ENSBTAG00000018572",0.354112641030449,1.11980249391381
"vitro","ENSBTAG00000005198.ENSBTAG00000010543",0.353953949875176,0.506770463965901
"vitro","ENSBTAG00000010726.ENSBTAG00000025101",0.349891953408395,0.618329457401188
"vitro","ENSBTAG00000017473.ENSBTAG00000017266",0.349332922629668,0.638039363006227
"vitro","ENSBTAG00000012228.ENSBTAG00000010146",0.349247458268304,0.810569875837903
"vitro","ENSBTAG00000001244.ENSBTAG00000017060",0.34849805239253,0.866611868501915
"vitro","ENSBTAG00000019267.ENSBTAG00000011578",0.348085405218524,0.698963774714035
"vitro","ENSBTAG00000005198.ENSBTAG00000014064",0.346960566897851,1.05573194237091
"vitro","ENSBTAG00000001941.ENSBTAG00000023144",0.346723051904364,0.575895092172693
"vitro","ENSBTAG00000023600.ENSBTAG00000005910",0.3461291502292,0.781476842632621
"vitro","ENSBTAG00000007737.ENSBTAG00000012314",0.345786754054513,0.703394861680523
"vitro","ENSBTAG00000037533.ENSBTAG00000005397",0.344686811595327,0.730903064164943
"vitro","ENSBTAG00000011412.ENSBTAG00000012897",0.343567751133446,0.553999140108667
"vitro","ENSBTAG00000013155.ENSBTAG00000019289",0.342252398506056,0.868079836708066
"vitro","ENSBTAG00000011802.ENSBTAG00000015910",0.341847177158701,1.04431785285836
"vitro","ENSBTAG00000011010.ENSBTAG00000009757",0.340224663197681,0.935781828221458
"vitro","ENSBTAG00000019993.ENSBTAG00000039292",0.340012037709877,1.07521247103827
"vitro","ENSBTAG00000015362.ENSBTAG00000011909",0.339841491931203,0.798750011850829
"vitro","ENSBTAG00000007273.ENSBTAG00000011738",0.339091484683071,0.99735283917726
"vitro","ENSBTAG00000014465.ENSBTAG00000019929",0.336710913713902,0.595759727704146
"vitro","ENSBTAG00000013103.ENSBTAG00000017866",0.333947937022427,0.823166952986312
"vitro","ENSBTAG00000014218.ENSBTAG00000005903",0.333515471578755,0.906764772750212
"vitro","ENSBTAG00000013472.ENSBTAG00000008165",0.333115364401849,0.417768933728735
"vitro","ENSBTAG00000011966.ENSBTAG00000015910",0.330318217617155,0.615310199549407
"vitro","ENSBTAG00000017280.ENSBTAG00000017060",0.329235945573316,0.927803233511268
"vitro","ENSBTAG00000004630.ENSBTAG00000015910",0.328907952124359,1.04009826925459
"vitro","ENSBTAG00000013718.ENSBTAG00000005072",0.326543162067742,1.03262014648756
"vitro","ENSBTAG00000025210.ENSBTAG00000019929",0.325314725214566,0.652963431451011
"vitro","ENSBTAG00000006538.ENSBTAG00000020704",0.325205499006054,0.663183787271572
"vitro","ENSBTAG00000022120.ENSBTAG00000008165",0.324968608069736,0.818725546446456
"vitro","ENSBTAG00000005359.ENSBTAG00000011909",0.32469444042786,0.825756189821808
"vitro","ENSBTAG00000034077.ENSBTAG00000017846",0.32389536134554,0.888484869937928
"vitro","ENSBTAG00000013760.ENSBTAG00000019289",0.323650038291427,0.882370264751995
"vitro","ENSBTAG00000015742.ENSBTAG00000017060",0.323369873985385,0.844787209682356
"vitro","ENSBTAG00000005481.ENSBTAG00000022799",0.323037356651374,0.599409852927661
"vitro","ENSBTAG00000017746.ENSBTAG00000009851",0.322908250918359,0.882272728828489
"vitro","ENSBTAG00000015362.ENSBTAG00000006420",0.322547144860324,0.637756045471389
"vitro","ENSBTAG00000009761.ENSBTAG00000002144",0.319083211823611,0.92764181074694
"vitro","ENSBTAG00000017664.ENSBTAG00000011154",0.318216617232957,0.684597497042736
"vitro","ENSBTAG00000007897.ENSBTAG00000039292",0.318060754050703,0.743193329052756
"vitro","ENSBTAG00000010963.ENSBTAG00000002414",0.317512584948168,0.649368131314807
"vitro","ENSBTAG00000015150.ENSBTAG00000016933",0.316897415075657,0.544175605648532
"vitro","ENSBTAG00000000016.ENSBTAG00000010497",0.316038093707687,0.890470537201511
"vitro","ENSBTAG00000005111.ENSBTAG00000002081",0.31532889648311,0.584952302007184
"vitro","ENSBTAG00000012398.ENSBTAG00000014357",0.313871613997117,0.881584963633382
"vitro","ENSBTAG00000013901.ENSBTAG00000014269",0.31306718216104,0.916535161980774
"vitro","ENSBTAG00000020645.ENSBTAG00000011628",0.310771324842136,0.944921242237409
"vitro","ENSBTAG00000013898.ENSBTAG00000047704",0.310639230443645,0.781511748100883
"vitro","ENSBTAG00000020556.ENSBTAG00000017033",0.310445773561192,0.981715734426249
"vitro","ENSBTAG00000015991.ENSBTAG00000000253",0.308595136723381,0.652467357950698
"vitro","ENSBTAG00000012817.ENSBTAG00000005397",0.305124136347529,0.596979226239773
"vitro","ENSBTAG00000011082.ENSBTAG00000002402",0.305024727256517,0.54334120460308
"vitro","ENSBTAG00000006354.ENSBTAG00000017060",0.301364053299371,0.807826597052158
"vitro","ENSBTAG00000025775.ENSBTAG00000002144",0.297469003470051,0.675050217113395
"vitro","ENSBTAG00000000575.ENSBTAG00000011628",0.296448159519058,0.511000052845005
"vitro","ENSBTAG00000014834.ENSBTAG00000005828",0.294902472590816,0.765890143492392
"vitro","ENSBTAG00000025644.ENSBTAG00000019021",0.293099674929226,0.837276563462858
"vitro","ENSBTAG00000009478.ENSBTAG00000018035",0.292802382541716,0.511928075670813
"vitro","ENSBTAG00000012109.ENSBTAG00000013674",0.292075743752766,0.837284154525962
"vitro","ENSBTAG00000012057.ENSBTAG00000005072",0.290760387032441,0.919465076374601
"vitro","ENSBTAG00000014921.ENSBTAG00000007101",0.289335996135903,0.894103164053535
"vitro","ENSBTAG00000039355.ENSBTAG00000011578",0.288987248938118,0.638870047459744
"vitro","ENSBTAG00000001764.ENSBTAG00000021190",0.288178801823527,0.642695078013774
"vitro","ENSBTAG00000006045.ENSBTAG00000034385",0.284171370051036,0.478701710541108
"vitro","ENSBTAG00000017549.ENSBTAG00000008197",0.282950499487464,0.461215574664308
"vitro","ENSBTAG00000019694.ENSBTAG00000013745",0.280536017848481,0.428808673061618
"vitro","ENSBTAG00000010179.ENSBTAG00000026676",0.279929660798646,0.616678867509781
"vitro","ENSBTAG00000011966.ENSBTAG00000012897",0.27978810735961,0.575609114313899
"vitro","ENSBTAG00000009812.ENSBTAG00000003220",0.271498930028097,0.827451079456615
"vitro","ENSBTAG00000000016.ENSBTAG00000013674",0.271412242107954,0.631264123364842
"vitro","ENSBTAG00000004129.ENSBTAG00000014798",0.266368877468567,0.842332350582978
"vitro","ENSBTAG00000015991.ENSBTAG00000010444",0.266362851411323,0.373920413754785
"vitro","ENSBTAG00000010123.ENSBTAG00000014269",0.265634404460841,0.84000974299865
"vitro","ENSBTAG00000010303.ENSBTAG00000007103",0.264019223466616,0.487266589165613
"vitro","ENSBTAG00000021457.ENSBTAG00000011986",0.261197542996074,0.420024347031916
"vitro","ENSBTAG00000021048.ENSBTAG00000019903",0.259480185317805,0.78934788195987
"vitro","ENSBTAG00000001141.ENSBTAG00000013745",0.259267657601802,0.634168566014521
"vitro","ENSBTAG00000009615.ENSBTAG00000013290",0.257770052029042,0.49605633582758
"vitro","ENSBTAG00000014575.ENSBTAG00000015910",0.257048944080634,0.634026629559188
"vitro","ENSBTAG00000007148.ENSBTAG00000000898",0.25558422619061,0.534937202114608
"vitro","ENSBTAG00000017473.ENSBTAG00000015910",0.255281870086032,0.733300218544333
"vitro","ENSBTAG00000003505.ENSBTAG00000011628",0.253751169754586,0.802431655356522
"vitro","ENSBTAG00000018463.ENSBTAG00000011578",0.248853751877174,0.543922014124394
"vitro","ENSBTAG00000005260.ENSBTAG00000005990",0.248183293461341,0.743403924281922
"vitro","ENSBTAG00000019839.ENSBTAG00000015910",0.246803105187483,0.738994672204383
"vitro","ENSBTAG00000000793.ENSBTAG00000019569",0.241495106044908,0.763674578885806
"vitro","ENSBTAG00000017549.ENSBTAG00000002699",0.240306188771094,0.399094534365734
"vitro","ENSBTAG00000009761.ENSBTAG00000012314",0.239555838196902,0.388083118651662
"vitro","ENSBTAG00000044040.ENSBTAG00000002804",0.237637949762534,0.599103240470424
"vitro","ENSBTAG00000032808.ENSBTAG00000004211",0.236198788365269,0.498717291082198
"vitro","ENSBTAG00000017468.ENSBTAG00000013557",0.235636906128189,0.441480883156415
"vitro","ENSBTAG00000000130.ENSBTAG00000004211",0.235064514924885,0.690855902885401
"vitro","ENSBTAG00000012638.ENSBTAG00000014420",0.234907672388233,0.453044594038298
"vitro","ENSBTAG00000010123.ENSBTAG00000000736",0.234174082044584,0.574419168547464
"vitro","ENSBTAG00000014583.ENSBTAG00000012687",0.233592168792283,0.43099196316032
"vitro","ENSBTAG00000012638.ENSBTAG00000017753",0.232810185032996,0.496191099591625
"vitro","ENSBTAG00000014575.ENSBTAG00000003585",0.23187873189751,0.556429375358962
"vitro","ENSBTAG00000014465.ENSBTAG00000013125",0.22900959360818,0.461778021074803
"vitro","ENSBTAG00000004630.ENSBTAG00000019929",0.227283559742779,0.588013347567672
"vitro","ENSBTAG00000013155.ENSBTAG00000010682",0.227059763200463,0.535353886342856
"vitro","ENSBTAG00000010562.ENSBTAG00000020755",0.225171574274859,0.652265345484052
"vitro","ENSBTAG00000001725.ENSBTAG00000039292",0.22500608825192,0.606733306270806
"vitro","ENSBTAG00000003658.ENSBTAG00000015910",0.224533435320408,0.405887351179077
"vitro","ENSBTAG00000008817.ENSBTAG00000015910",0.224458664883346,0.477350722894297
"vitro","ENSBTAG00000005111.ENSBTAG00000018105",0.224136057040153,0.7087804460163
"vitro","ENSBTAG00000014075.ENSBTAG00000012887",0.222515006283521,0.525790723686391
"vitro","ENSBTAG00000005077.ENSBTAG00000003255",0.221633325041002,0.39818871121652
"vitro","ENSBTAG00000025868.ENSBTAG00000008165",0.220723638585376,0.615828637881002
"vitro","ENSBTAG00000008121.ENSBTAG00000015127",0.220513987789738,0.665328003333574
"vitro","ENSBTAG00000011757.ENSBTAG00000004334",0.218654995453954,0.691447807408258
"vitro","ENSBTAG00000005691.ENSBTAG00000011154",0.217115603382832,0.580144111519153
"vitro","ENSBTAG00000009476.ENSBTAG00000000782",0.216782877245652,0.612193766772775
"vitro","ENSBTAG00000013472.ENSBTAG00000017866",0.2143753212101,0.469440582937826
"vitro","ENSBTAG00000020194.ENSBTAG00000011628",0.213572052781716,0.556402272618516
"vitro","ENSBTAG00000014834.ENSBTAG00000011628",0.21275669904603,0.495637541662323
"vitro","ENSBTAG00000010123.ENSBTAG00000005903",0.212311629914817,0.553212132039582
"vitro","ENSBTAG00000019267.ENSBTAG00000014357",0.211563198158554,0.669021575250571
"vitro","ENSBTAG00000001141.ENSBTAG00000015910",0.206901667076561,0.448538435937887
"vitro","ENSBTAG00000021811.ENSBTAG00000020148",0.206356654976426,0.452424085350825
"vitro","ENSBTAG00000015742.ENSBTAG00000007103",0.205848220998067,0.491561191173287
"vitro","ENSBTAG00000014465.ENSBTAG00000013755",0.204561840873883,0.441938970721116
"vitro","ENSBTAG00000017473.ENSBTAG00000018169",0.204322048586769,0.646123049725776
"vitro","ENSBTAG00000039355.ENSBTAG00000011515",0.202803319801902,0.641320407617537
"vitro","ENSBTAG00000025644.ENSBTAG00000020661",0.202704522189776,0.507392412946797
"vitro","ENSBTAG00000020342.ENSBTAG00000002107",0.201822211912213,0.362211062420289
"vitro","ENSBTAG00000015991.ENSBTAG00000018993",0.201359404994464,0.636754348078791
"vitro","ENSBTAG00000007273.ENSBTAG00000034385",0.200975483919608,0.436237994323273
"vitro","ENSBTAG00000020457.ENSBTAG00000003045",0.199285256571639,0.431620741708231
"vitro","ENSBTAG00000016542.ENSBTAG00000018169",0.199261609434637,0.556837982642975
"vitro","ENSBTAG00000019964.ENSBTAG00000001694",0.197411067307525,0.382757314910244
"vitro","ENSBTAG00000006655.ENSBTAG00000008218",0.196160790986467,0.620314887137465
"vitro","ENSBTAG00000017246.ENSBTAG00000012314",0.194028608475745,0.613572334016405
"vitro","ENSBTAG00000020457.ENSBTAG00000013755",0.192912379937761,0.352691021826507
"vitro","ENSBTAG00000012413.ENSBTAG00000014064",0.192900941619455,0.483533382991688
"vitro","ENSBTAG00000011851.ENSBTAG00000004917",0.191639256473765,0.424322067041435
"vitro","ENSBTAG00000018134.ENSBTAG00000011628",0.189787071810652,0.600159417375596
"vitro","ENSBTAG00000013472.ENSBTAG00000011578",0.189348129593674,0.350319603649026
"vitro","ENSBTAG00000014906.ENSBTAG00000015910",0.189157133300752,0.566101154491324
"vitro","ENSBTAG00000017745.ENSBTAG00000018474",0.18858556109021,0.523513500651066
"vitro","ENSBTAG00000019910.ENSBTAG00000015510",0.186564086103159,0.296193714648059
"vitro","ENSBTAG00000040131.ENSBTAG00000017256",0.185944083122589,0.588006820099055
"vitro","ENSBTAG00000020645.ENSBTAG00000006208",0.18397606079613,0.581783387061382
"vitro","ENSBTAG00000010334.ENSBTAG00000046199",0.183467542697858,0.580175311639425
"vitro","ENSBTAG00000001141.ENSBTAG00000022799",0.182149305916005,0.57600668091336
"vitro","ENSBTAG00000022120.ENSBTAG00000017060",0.179430235620366,0.567408225661032
"vitro","ENSBTAG00000010663.ENSBTAG00000015910",0.179146696932183,0.38242341551563
"vitro","ENSBTAG00000015978.ENSBTAG00000011628",0.179063004033143,0.401096176335859
"vitro","ENSBTAG00000001292.ENSBTAG00000032007",0.176644932730233,0.374090884593864
"vitro","ENSBTAG00000007244.ENSBTAG00000000253",0.175879038693538,0.395514459098163
"vitro","ENSBTAG00000023907.ENSBTAG00000015996",0.172522614323623,0.35163497776169
"vitro","ENSBTAG00000006354.ENSBTAG00000012071",0.172322563605743,0.544931793233384
"vitro","ENSBTAG00000017866.ENSBTAG00000006240",0.171611236192579,0.364445503765785
"vitro","ENSBTAG00000017122.ENSBTAG00000018052",0.170276712632329,0.342209938362082
"vitro","ENSBTAG00000020638.ENSBTAG00000001141",0.169359050750785,0.535560342736529
"vitro","ENSBTAG00000006295.ENSBTAG00000019903",0.169109393958533,0.453284877388344
"vitro","ENSBTAG00000009478.ENSBTAG00000014354",0.168280687178061,0.383365532374084
"vitro","ENSBTAG00000003329.ENSBTAG00000002081",0.165854485786938,0.524477935242748
"vitro","ENSBTAG00000013162.ENSBTAG00000012314",0.165092414747732,0.311490842114222
"vitro","ENSBTAG00000017664.ENSBTAG00000011578",0.164081188264164,0.487172944712185
"vitro","ENSBTAG00000017246.ENSBTAG00000002144",0.163997120404468,0.47726089006495
"vitro","ENSBTAG00000013103.ENSBTAG00000015910",0.163429491839624,0.282578644762859
"vitro","ENSBTAG00000021499.ENSBTAG00000008849",0.163187460960606,0.410213790431642
"vitro","ENSBTAG00000019866.ENSBTAG00000009851",0.160363550875928,0.419389781935686
"vitro","ENSBTAG00000025775.ENSBTAG00000020704",0.157868290206112,0.274160054776283
"vitro","ENSBTAG00000005163.ENSBTAG00000006240",0.15612311089397,0.348651997754942
"vitro","ENSBTAG00000010303.ENSBTAG00000017060",0.154981181369952,0.346561570482018
"vitro","ENSBTAG00000011851.ENSBTAG00000015510",0.154218708510616,0.345064949732059
"vitro","ENSBTAG00000005359.ENSBTAG00000008997",0.153519311121561,0.444015869886721
"vitro","ENSBTAG00000038735.ENSBTAG00000020704",0.153262623501534,0.343932242129713
"vitro","ENSBTAG00000013103.ENSBTAG00000013745",0.153246134032041,0.34236821587467
"vitro","ENSBTAG00000002317.ENSBTAG00000018052",0.152742308370928,0.425065977621438
"vitro","ENSBTAG00000038735.ENSBTAG00000017981",0.152181307154276,0.29538176280408
"vitro","ENSBTAG00000006295.ENSBTAG00000020704",0.152112650985662,0.409741169680542
"vitro","ENSBTAG00000032436.ENSBTAG00000006378",0.150814644966279,0.401749750906873
"vitro","ENSBTAG00000015789.ENSBTAG00000006732",0.147947528633207,0.467851164673913
"vitro","ENSBTAG00000009972.ENSBTAG00000018114",0.145978293474816,0.339217607317081
"vitro","ENSBTAG00000005339.ENSBTAG00000011628",0.145961329854485,0.303530954153984
"vitro","ENSBTAG00000005628.ENSBTAG00000008852",0.144112902623967,0.276033006792187
"vitro","ENSBTAG00000014127.ENSBTAG00000039652",0.143695546209591,0.331994326190572
"vitro","ENSBTAG00000047567.ENSBTAG00000001694",0.142401860310615,0.329486075471089
"vitro","ENSBTAG00000019336.ENSBTAG00000011761",0.141671682379115,0.448005196265947
"vitro","ENSBTAG00000008300.ENSBTAG00000011578",0.140387643640459,0.314583765214445
"vitro","ENSBTAG00000007273.ENSBTAG00000002144",0.138874330452038,0.295730443117443
"vitro","ENSBTAG00000014906.ENSBTAG00000011628",0.137418178359111,0.274848565454212
"vitro","ENSBTAG00000017582.ENSBTAG00000002699",0.137404075811986,0.276999389306758
"vitro","ENSBTAG00000006538.ENSBTAG00000017489",0.137330016874336,0.291675644664656
"vitro","ENSBTAG00000021316.ENSBTAG00000003585",0.137218946984699,0.298360734386344
"vitro","ENSBTAG00000008026.ENSBTAG00000007175",0.135603920676128,0.290070002068389
"vitro","ENSBTAG00000038735.ENSBTAG00000019903",0.134954866184482,0.328513783027409
"vitro","ENSBTAG00000010738.ENSBTAG00000014162",0.13462410547863,0.325232733318326
"vitro","ENSBTAG00000021217.ENSBTAG00000015910",0.134213128250069,0.31479018132278
"vitro","ENSBTAG00000004129.ENSBTAG00000014162",0.132239946908652,0.31747692582392
"vitro","ENSBTAG00000010361.ENSBTAG00000007909",0.132016770110761,0.318948883639668
"vitro","ENSBTAG00000030710.ENSBTAG00000013755",0.131243380000116,0.415028008619356
"vitro","ENSBTAG00000007319.ENSBTAG00000007909",0.130831112433043,0.361634231419681
"vitro","ENSBTAG00000003176.ENSBTAG00000015910",0.129230054931132,0.40866131573105
"vitro","ENSBTAG00000011757.ENSBTAG00000007909",0.127575714308239,0.32220060133001
"vitro","ENSBTAG00000020221.ENSBTAG00000016999",0.126493036362566,0.264619949148443
"vitro","ENSBTAG00000007897.ENSBTAG00000019903",0.124701196392418,0.319299947712955
"vitro","ENSBTAG00000005339.ENSBTAG00000001694",0.12396612830603,0.246058472369544
"vitro","ENSBTAG00000025471.ENSBTAG00000020054",0.122939913653376,0.266375993972626
"vitro","ENSBTAG00000006538.ENSBTAG00000016948",0.122830959749511,0.181080455394003
"vitro","ENSBTAG00000017122.ENSBTAG00000011154",0.122219380483467,0.302179457335422
"vitro","ENSBTAG00000014051.ENSBTAG00000020148",0.121473894218705,0.300669376926936
"vitro","ENSBTAG00000002441.ENSBTAG00000039292",0.120732869279194,0.313440251888917
"vitro","ENSBTAG00000015978.ENSBTAG00000013290",0.120515342471176,0.381102975204143
"vitro","ENSBTAG00000010963.ENSBTAG00000003255",0.119587862664564,0.337915658018215
"vitro","ENSBTAG00000006686.ENSBTAG00000015910",0.11841876462235,0.317030506278275
"vitro","ENSBTAG00000004630.ENSBTAG00000013745",0.116095253894306,0.245042841941933
"vitro","ENSBTAG00000011082.ENSBTAG00000012687",0.115207982263196,0.215349497225343
"vitro","ENSBTAG00000004226.ENSBTAG00000026278",0.114915731687368,0.168324272249753
"vitro","ENSBTAG00000020244.ENSBTAG00000006359",0.114633428497928,0.242542634067181
"vitro","ENSBTAG00000002317.ENSBTAG00000014966",0.114310192454372,0.194777741844959
"vitro","ENSBTAG00000018347.ENSBTAG00000013205",0.113918337312069,0.251234151857836
"vitro","ENSBTAG00000015509.ENSBTAG00000012687",0.113105414934185,0.279621286348405
"vitro","ENSBTAG00000011082.ENSBTAG00000021527",0.113044228181481,0.23885850066004
"vitro","ENSBTAG00000007708.ENSBTAG00000000244",0.112840936261989,0.177459548355676
"vitro","ENSBTAG00000017280.ENSBTAG00000037735",0.112197893689817,0.238092853773337
"vitro","ENSBTAG00000013688.ENSBTAG00000011971",0.111509392748036,0.314283281308429
"vitro","ENSBTAG00000008027.ENSBTAG00000019903",0.110718805879025,0.350123606391759
"vitro","ENSBTAG00000009812.ENSBTAG00000039292",0.110587429291486,0.280932996344568
"vitro","ENSBTAG00000008027.ENSBTAG00000016948",0.109676145107906,0.274649060106686
"vitro","ENSBTAG00000007338.ENSBTAG00000017593",0.108584803433881,0.216876025145541
"vitro","ENSBTAG00000010123.ENSBTAG00000014611",0.108231023288412,0.342256547082109
"vitro","ENSBTAG00000016260.ENSBTAG00000011628",0.107550466941428,0.300497470958495
"vitro","ENSBTAG00000008026.ENSBTAG00000047138",0.107026230811197,0.265241298754897
"vitro","ENSBTAG00000015789.ENSBTAG00000011628",0.106678778569288,0.255687572085158
"vitro","ENSBTAG00000005260.ENSBTAG00000011578",0.106071951586315,0.335428962871867
"vitro","ENSBTAG00000025644.ENSBTAG00000014773",0.105829876461871,0.264226798536845
"vitro","ENSBTAG00000010726.ENSBTAG00000012314",0.10572733017517,0.224977414627724
"vitro","ENSBTAG00000022635.ENSBTAG00000012897",0.10556795836263,0.278964718105046
"vitro","ENSBTAG00000015177.ENSBTAG00000010249",0.10467765013721,0.33101979454782
"vitro","ENSBTAG00000002006.ENSBTAG00000017866",0.101919790337613,0.265114470045555
"vitro","ENSBTAG00000010361.ENSBTAG00000022799",0.101916386133948,0.184870319161565
"vitro","ENSBTAG00000025644.ENSBTAG00000011628",0.101194058842225,0.320003711618533
"vitro","ENSBTAG00000023652.ENSBTAG00000003166",0.101127844282094,0.319794322794253
"vitro","ENSBTAG00000001492.ENSBTAG00000007213",0.101049008823579,0.319545023184961
"vitro","ENSBTAG00000020645.ENSBTAG00000011461",0.100661458532529,0.318319481557383
"vitro","ENSBTAG00000022120.ENSBTAG00000019929",0.100661458532529,0.318319481557383
"vitro","ENSBTAG00000021048.ENSBTAG00000017981",0.100639931673437,0.318251407651782
"vitro","ENSBTAG00000022120.ENSBTAG00000013745",0.0999299268516129,0.316006175265116
"vitro","ENSBTAG00000007740.ENSBTAG00000015910",0.0992395869678698,0.246188749260392
"vitro","ENSBTAG00000020221.ENSBTAG00000005903",0.0991701776653807,0.313603637386162
"vitro","ENSBTAG00000021316.ENSBTAG00000019289",0.0964769937296548,0.183193183396768
"vitro","ENSBTAG00000011585.ENSBTAG00000015046",0.0957321707859786,0.2058543271289
"vitro","ENSBTAG00000005108.ENSBTAG00000001060",0.0956283856059029,0.302403507479514
"vitro","ENSBTAG00000001492.ENSBTAG00000003585",0.0950099774685339,0.300447929241846
"vitro","ENSBTAG00000008121.ENSBTAG00000002606",0.0931645302601791,0.294612112761845
"vitro","ENSBTAG00000005108.ENSBTAG00000009851",0.0924805578101204,0.272045904870771
"vitro","ENSBTAG00000020457.ENSBTAG00000013222",0.0903530511940832,0.246223283814202
"vitro","ENSBTAG00000015043.ENSBTAG00000007909",0.0889218697047226,0.241709812123495
"vitro","ENSBTAG00000046421.ENSBTAG00000007213",0.0882804449423759,0.201614713785235
"vitro","ENSBTAG00000019604.ENSBTAG00000009851",0.0867302680965979,0.205837793203316
"vitro","ENSBTAG00000002317.ENSBTAG00000011154",0.0852669170866728,0.239153893764245
"vitro","ENSBTAG00000025644.ENSBTAG00000014567",0.0843702723776296,0.190659962572226
"vitro","ENSBTAG00000006538.ENSBTAG00000019903",0.0842624415047784,0.197801566256962
"vitro","ENSBTAG00000022120.ENSBTAG00000015910",0.0824070426830048,0.195604298164306
"vitro","ENSBTAG00000015362.ENSBTAG00000000231",0.0811728515976676,0.256691095219467
"vitro","ENSBTAG00000005691.ENSBTAG00000020644",0.0808731405531755,0.255743325678964
"vitro","ENSBTAG00000012398.ENSBTAG00000008008",0.0787236707304965,0.248946105277501
"vitro","ENSBTAG00000009357.ENSBTAG00000011154",0.0777906494477648,0.245995632918656
"vitro","ENSBTAG00000003832.ENSBTAG00000022799",0.0774405750627929,0.167660363894112
"vitro","ENSBTAG00000013003.ENSBTAG00000021527",0.0771461696983433,0.24395760900463
"vitro","ENSBTAG00000005710.ENSBTAG00000009851",0.0763975889715866,0.172635792138201
"vitro","ENSBTAG00000000016.ENSBTAG00000004211",0.0759125955382661,0.161172938275226
"vitro","ENSBTAG00000001601.ENSBTAG00000011578",0.075699928501781,0.200695827547139
"vitro","ENSBTAG00000018343.ENSBTAG00000020736",0.0752722970125959,0.238031903272491
"vitro","ENSBTAG00000012004.ENSBTAG00000013843",0.0748310206601887,0.173930464193418
"vitro","ENSBTAG00000017664.ENSBTAG00000006161",0.0748291320687722,0.174559654032618
"vitro","ENSBTAG00000021333.ENSBTAG00000017801",0.0739343513280267,0.213653299640386
"vitro","ENSBTAG00000017866.ENSBTAG00000014031",0.0675845805735112,0.15187326180479
"vitro","ENSBTAG00000000016.ENSBTAG00000024928",0.067134739248329,0.21229868614622
"vitro","ENSBTAG00000002317.ENSBTAG00000026676",0.0669182232564254,0.128492529061736
"vitro","ENSBTAG00000007740.ENSBTAG00000007909",0.0667039576872885,0.146013303440575
"vitro","ENSBTAG00000013066.ENSBTAG00000021527",0.0661343691751672,0.171048244172767
"vitro","ENSBTAG00000016542.ENSBTAG00000015910",0.0660343884879595,0.208819071518354
"vitro","ENSBTAG00000005339.ENSBTAG00000015996",0.0659610777792594,0.148405579316152
"vitro","ENSBTAG00000012004.ENSBTAG00000024269",0.0656807679610412,0.147863402109807
"vitro","ENSBTAG00000005108.ENSBTAG00000015996",0.0656199905192119,0.169375405466144
"vitro","ENSBTAG00000001725.ENSBTAG00000015127",0.0656018380261863,0.169564241251645
"vitro","ENSBTAG00000020645.ENSBTAG00000039292",0.0626190569467721,0.198018844883589
"vitro","ENSBTAG00000005359.ENSBTAG00000019832",0.0619418487331751,0.158499288096942
"vitro","ENSBTAG00000014051.ENSBTAG00000013745",0.0618615683546741,0.195623455630965
"vitro","ENSBTAG00000004777.ENSBTAG00000014420",0.0616136203540746,0.161089632421926
"vitro","ENSBTAG00000021105.ENSBTAG00000006240",0.0614044631697873,0.19417796211645
"vitro","ENSBTAG00000011808.ENSBTAG00000018105",0.0611514227995822,0.19337777820663
"vitro","ENSBTAG00000020645.ENSBTAG00000014798",0.0608796386982507,0.1925183214146
"vitro","ENSBTAG00000017664.ENSBTAG00000014357",0.0608059311452484,0.0916451354847986
"vitro","ENSBTAG00000009478.ENSBTAG00000000231",0.060586948127586,0.191592752561646
"vitro","ENSBTAG00000032436.ENSBTAG00000002144",0.0589595218941129,0.125508062969912
"vitro","ENSBTAG00000021697.ENSBTAG00000002804",0.0577210068988116,0.182529850638537
"vitro","ENSBTAG00000005198.ENSBTAG00000011628",0.0566946392491127,0.121250133484739
"vitro","ENSBTAG00000010161.ENSBTAG00000014162",0.056494783838481,0.17865219284847
"vitro","ENSBTAG00000012210.ENSBTAG00000037735",0.0556849081426538,0.0965301577958099
"vitro","ENSBTAG00000014583.ENSBTAG00000020661",0.0552285281447439,0.174647940756104
"vitro","ENSBTAG00000005581.ENSBTAG00000039292",0.0546199410646371,0.135624667337557
"vitro","ENSBTAG00000021499.ENSBTAG00000013732",0.0539906828658089,0.170733530283783
"vitro","ENSBTAG00000004237.ENSBTAG00000011628",0.0531907543650448,0.112239981057667
"vitro","ENSBTAG00000000016.ENSBTAG00000015312",0.0529775700569892,0.167529786281222
"vitro","ENSBTAG00000011104.ENSBTAG00000017425",0.0529524005030048,0.167450193162941
"vitro","ENSBTAG00000032808.ENSBTAG00000007498",0.0519017576358817,0.164127768695422
"vitro","ENSBTAG00000013191.ENSBTAG00000015910",0.0517546198830369,0.163662478266634
"vitro","ENSBTAG00000003658.ENSBTAG00000018517",0.0512752336744423,0.11408675707663
"vitro","ENSBTAG00000003806.ENSBTAG00000016455",0.0508584672547096,0.160828594829973
"vitro","ENSBTAG00000021807.ENSBTAG00000016247",0.050473067231426,0.107051998036225
"vitro","ENSBTAG00000020244.ENSBTAG00000000815",0.0503302284876943,0.106790230407297
"vitro","ENSBTAG00000021811.ENSBTAG00000003777",0.0495212480346026,0.156599936363481
"vitro","ENSBTAG00000039355.ENSBTAG00000018993",0.049436224921308,0.105160298692453
"vitro","ENSBTAG00000021466.ENSBTAG00000015910",0.0481772948662892,0.132525084894299
"vitro","ENSBTAG00000005850.ENSBTAG00000022799",0.0478994928207864,0.131610662647937
"vitro","ENSBTAG00000008027.ENSBTAG00000047138",0.0462792566015078,0.146347859280148
"vitro","ENSBTAG00000021326.ENSBTAG00000039292",0.0448751181659203,0.141907583673506
"vitro","ENSBTAG00000009212.ENSBTAG00000012314",0.0442960843831342,0.140076518077719
"vitro","ENSBTAG00000025775.ENSBTAG00000016948",0.0441515123176336,0.0887363769381039
"vitro","ENSBTAG00000004129.ENSBTAG00000003220",0.0435854244161935,0.137829213940286
"vitro","ENSBTAG00000007737.ENSBTAG00000002081",0.0428935922826031,0.135641448639647
"vitro","ENSBTAG00000007737.ENSBTAG00000002144",0.0427211124939561,0.135096019657178
"vitro","ENSBTAG00000034077.ENSBTAG00000023731",0.0426288170215994,0.134804155746809
"vitro","ENSBTAG00000032808.ENSBTAG00000010785",0.0423983198077103,0.134075259556597
"vitro","ENSBTAG00000020244.ENSBTAG00000015510",0.0422775268737852,0.133693278760139
"vitro","ENSBTAG00000031998.ENSBTAG00000039292",0.0422775268737852,0.133693278760139
"vitro","ENSBTAG00000007897.ENSBTAG00000023731",0.042147442175712,0.133281914825493
"vitro","ENSBTAG00000017745.ENSBTAG00000016933",0.0397116646204473,0.0910255597783443
"vitro","ENSBTAG00000007897.ENSBTAG00000017981",0.0393774489025352,0.0906922711887564
"vitro","ENSBTAG00000006989.ENSBTAG00000011971",0.0369919189296539,0.0845912418335125
"vitro","ENSBTAG00000011851.ENSBTAG00000012771",0.0350323718609446,0.0784329817535677
"vitro","ENSBTAG00000019716.ENSBTAG00000039292",0.0347979599354542,0.0783213536646742
"vitro","ENSBTAG00000018103.ENSBTAG00000014420",0.0346944382261211,0.0774535803092266
"vitro","ENSBTAG00000000130.ENSBTAG00000014357",0.0340570093223502,0.107697719752214
"vitro","ENSBTAG00000016515.ENSBTAG00000015510",0.0324139078044671,0.102501776528824
"vitro","ENSBTAG00000021807.ENSBTAG00000021664",0.0322188561693705,0.101884969100578
"vitro","ENSBTAG00000013472.ENSBTAG00000015910",0.0303083045964935,0.0657276149499553
"vitro","ENSBTAG00000014583.ENSBTAG00000011628",0.0299459630165246,0.064702726238118
"vitro","ENSBTAG00000025775.ENSBTAG00000017981",0.0292506523646809,0.0740189111622985
"vitro","ENSBTAG00000011851.ENSBTAG00000010647",0.0276202335957031,0.0873428476683242
"vitro","ENSBTAG00000005359.ENSBTAG00000024269",0.0276202335957031,0.0873428476683241
"vitro","ENSBTAG00000020676.ENSBTAG00000011578",0.0270890752573242,0.0856631775208564
"vitro","ENSBTAG00000017564.ENSBTAG00000000561",0.026228585642082,0.0829420704337691
"vitro","ENSBTAG00000025644.ENSBTAG00000012100",0.0251709813823207,0.0795976321098269
"vitro","ENSBTAG00000013898.ENSBTAG00000039292",0.0238399065256451,0.07538840382655
"vitro","ENSBTAG00000008027.ENSBTAG00000007175",0.0235455866919952,0.0744576827916543
"vitro","ENSBTAG00000008027.ENSBTAG00000017489",0.0231174851157771,0.0731039067408969
"vitro","ENSBTAG00000020194.ENSBTAG00000010543",0.023007401853321,0.0727557928992736
"vitro","ENSBTAG00000005305.ENSBTAG00000008849",0.0229361569844475,0.0725304968420332
"vitro","ENSBTAG00000006538.ENSBTAG00000017981",0.0229361569844475,0.0725304968420332
"vitro","ENSBTAG00000006685.ENSBTAG00000005215",0.0225710041454692,0.0713757821767851
"vitro","ENSBTAG00000005339.ENSBTAG00000007213",0.0219843139743683,0.0695205049552724
"vitro","ENSBTAG00000002006.ENSBTAG00000014269",0.0218936043942453,0.0692336560764863
"vitro","ENSBTAG00000006295.ENSBTAG00000002144",0.0217921433976693,0.0689128082336354
"vitro","ENSBTAG00000009972.ENSBTAG00000018105",0.0217427281065181,0.0687565433623573
"vitro","ENSBTAG00000018773.ENSBTAG00000019866",0.0215755770409426,0.046053221513044
"vitro","ENSBTAG00000005691.ENSBTAG00000011578",0.0212303455396126,0.0452380448567534
"vitro","ENSBTAG00000018200.ENSBTAG00000007626",0.021164611153251,0.0669283770360761
"vitro","ENSBTAG00000005947.ENSBTAG00000013755",0.0210106867085001,0.0664416252030865
"vitro","ENSBTAG00000010673.ENSBTAG00000000815",0.0181017902478414,0.0407943185524067
"vitro","ENSBTAG00000015362.ENSBTAG00000002081",0.0180155941783998,0.0569703110050132
"vitro","ENSBTAG00000017280.ENSBTAG00000039292",0.0175489091024679,0.0554945232150599
"vitro","ENSBTAG00000010161.ENSBTAG00000015133",0.0173514248077675,0.0548700230416947
"vitro","ENSBTAG00000007737.ENSBTAG00000011628",0.0168188994587747,0.0531860300271013
"vitro","ENSBTAG00000013191.ENSBTAG00000018052",0.0167495908071588,0.0529668568264401
"vitro","ENSBTAG00000008027.ENSBTAG00000017981",0.0163126449600156,0.0515851127353156
"vitro","ENSBTAG00000014583.ENSBTAG00000014567",0.0122060321411303,0.0385988627591936
"vitro","ENSBTAG00000009972.ENSBTAG00000024269",0.0121618073869958,0.0384590118071675
"vitro","ENSBTAG00000007740.ENSBTAG00000011154",0.012136679685783,0.0383795510389709
"vitro","ENSBTAG00000010312.ENSBTAG00000017753",0.0121315210496251,0.038363237999092
"vitro","ENSBTAG00000003835.ENSBTAG00000000231",0.012109158870169,0.0382925225785651
"vitro","ENSBTAG00000008237.ENSBTAG00000013205",0.012093610046345,0.0382433528803448
"vitro","ENSBTAG00000045582.ENSBTAG00000002144",0.0117706928338936,0.0372221989933258
"vitro","ENSBTAG00000001725.ENSBTAG00000014798",0.0114641643746776,0.0362528708945412
"vitro","ENSBTAG00000013003.ENSBTAG00000012687",0.0107233980706508,0.0339103621599117
"vitro","ENSBTAG00000037778.ENSBTAG00000039292",0.00923379916670669,0.029199836823358
"vitro","ENSBTAG00000006295.ENSBTAG00000016948",0.00606369024776336,0.019175072208683
"vitro","ENSBTAG00000015991.ENSBTAG00000021190",0.00596894508764206,0.0188754617054223
"vitro","ENSBTAG00000003585.ENSBTAG00000007213",0.00594052153960567,0.0187855785544441
"vitro","ENSBTAG00000000016.ENSBTAG00000016455",0,0
"vitro","ENSBTAG00000001764.ENSBTAG00000026676",0,0
"vitro","ENSBTAG00000002006.ENSBTAG00000005903",0,0
"vitro","ENSBTAG00000002278.ENSBTAG00000013745",0,0
"vitro","ENSBTAG00000003658.ENSBTAG00000000736",0,0
"vitro","ENSBTAG00000004630.ENSBTAG00000003585",0,0
"vitro","ENSBTAG00000004924.ENSBTAG00000039292",0,0
"vitro","ENSBTAG00000005108.ENSBTAG00000011154",0,0
"vitro","ENSBTAG00000005111.ENSBTAG00000000231",0,0
"vitro","ENSBTAG00000006295.ENSBTAG00000017489",0,0
"vitro","ENSBTAG00000006295.ENSBTAG00000017981",0,0
"vitro","ENSBTAG00000006685.ENSBTAG00000019404",0,0
"vitro","ENSBTAG00000006984.ENSBTAG00000021818",0,0
"vitro","ENSBTAG00000007273.ENSBTAG00000012314",0,0
"vitro","ENSBTAG00000007446.ENSBTAG00000015591",0,0
"vitro","ENSBTAG00000007725.ENSBTAG00000012687",0,0
"vitro","ENSBTAG00000007897.ENSBTAG00000002144",0,0
"vitro","ENSBTAG00000007897.ENSBTAG00000020704",0,0
"vitro","ENSBTAG00000008027.ENSBTAG00000002144",0,0
"vitro","ENSBTAG00000008027.ENSBTAG00000012314",0,0
"vitro","ENSBTAG00000008027.ENSBTAG00000020704",0,0
"vitro","ENSBTAG00000008611.ENSBTAG00000011761",0,0
"vitro","ENSBTAG00000009393.ENSBTAG00000039292",0,0
"vitro","ENSBTAG00000009476.ENSBTAG00000019289",0,0
"vitro","ENSBTAG00000009478.ENSBTAG00000002081",0,0
"vitro","ENSBTAG00000009478.ENSBTAG00000006420",0,0
"vitro","ENSBTAG00000009478.ENSBTAG00000018114",0,0
"vitro","ENSBTAG00000009876.ENSBTAG00000006420",0,0
"vitro","ENSBTAG00000010161.ENSBTAG00000039292",0,0
"vitro","ENSBTAG00000010303.ENSBTAG00000011628",0,0
"vitro","ENSBTAG00000012004.ENSBTAG00000015910",0,0
"vitro","ENSBTAG00000012529.ENSBTAG00000012899",0,0
"vitro","ENSBTAG00000014906.ENSBTAG00000008008",0,0
"vitro","ENSBTAG00000015991.ENSBTAG00000005903",0,0
"vitro","ENSBTAG00000015991.ENSBTAG00000011628",0,0
"vitro","ENSBTAG00000015991.ENSBTAG00000021527",0,0
"vitro","ENSBTAG00000016177.ENSBTAG00000011628",0,0
"vitro","ENSBTAG00000017122.ENSBTAG00000015910",0,0
"vitro","ENSBTAG00000017312.ENSBTAG00000039292",0,0
"vitro","ENSBTAG00000017564.ENSBTAG00000019832",0,0
"vitro","ENSBTAG00000018103.ENSBTAG00000017753",0,0
"vitro","ENSBTAG00000018200.ENSBTAG00000020892",0,0
"vitro","ENSBTAG00000018773.ENSBTAG00000006161",0,0
"vitro","ENSBTAG00000019770.ENSBTAG00000012314",0,0
"vitro","ENSBTAG00000020194.ENSBTAG00000009155",0,0
"vitro","ENSBTAG00000020194.ENSBTAG00000014064",0,0
"vitro","ENSBTAG00000020406.ENSBTAG00000021527",0,0
"vitro","ENSBTAG00000020406.ENSBTAG00000047793",0,0
"vitro","ENSBTAG00000020457.ENSBTAG00000018035",0,0
"vitro","ENSBTAG00000020457.ENSBTAG00000024269",0,0
"vitro","ENSBTAG00000020645.ENSBTAG00000021527",0,0
"vitro","ENSBTAG00000021048.ENSBTAG00000008483",0,0
"vitro","ENSBTAG00000021879.ENSBTAG00000013755",0,0
"vitro","ENSBTAG00000025210.ENSBTAG00000013755",0,0
"vitro","ENSBTAG00000025644.ENSBTAG00000026813",0,0
"vitro","ENSBTAG00000025775.ENSBTAG00000019903",0,0
"vitro","ENSBTAG00000045520.ENSBTAG00000039292",0,0
"vivo","ENSBTAG00000014583.ENSBTAG00000011515",39.979051106232,38.7164429416086
"vivo","ENSBTAG00000025644.ENSBTAG00000011515",37.2174664182191,34.6583073110264
"vivo","ENSBTAG00000010452.ENSBTAG00000011515",34.4546322326475,29.8354122646569
"vivo","ENSBTAG00000014906.ENSBTAG00000011515",33.8352054845391,33.5608121730518
"vivo","ENSBTAG00000010562.ENSBTAG00000011515",31.5315600771142,30.0412683340035
"vivo","ENSBTAG00000014737.ENSBTAG00000037649",22.6018742038752,41.3908797689214
"vivo","ENSBTAG00000017745.ENSBTAG00000015361",21.5218810259457,41.4611346939941
"vivo","ENSBTAG00000003329.ENSBTAG00000002081",18.1512062311655,37.3784871752765
"vivo","ENSBTAG00000003835.ENSBTAG00000002081",14.8694244968815,33.2195255706452
"vivo","ENSBTAG00000026236.ENSBTAG00000019929",14.4633508058979,21.4914868515196
"vivo","ENSBTAG00000005111.ENSBTAG00000002081",13.5081329188727,29.5575342112829
"vivo","ENSBTAG00000001941.ENSBTAG00000023144",12.1421436035225,26.389696183921
"vivo","ENSBTAG00000017246.ENSBTAG00000010444",12.0893548553824,30.2051646653678
"vivo","ENSBTAG00000012519.ENSBTAG00000031753",12.040476165783,28.6559727753449
"vivo","ENSBTAG00000005339.ENSBTAG00000011971",11.7869914688004,25.0842130061529
"vivo","ENSBTAG00000015089.ENSBTAG00000023144",11.4276453467813,29.4059162691267
"vivo","ENSBTAG00000007737.ENSBTAG00000002081",10.7186079217187,22.1565375431614
"vivo","ENSBTAG00000006989.ENSBTAG00000011971",10.6145370130883,19.8212784358742
"vivo","ENSBTAG00000015362.ENSBTAG00000002081",10.446343326389,22.956572918612
"vivo","ENSBTAG00000001292.ENSBTAG00000032007",10.3867839556236,31.4976173908146
"vivo","ENSBTAG00000001492.ENSBTAG00000007213",10.1790862464041,31.5642401148055
"vivo","ENSBTAG00000021105.ENSBTAG00000014031",10.1751981898466,15.6738080811139
"vivo","ENSBTAG00000005077.ENSBTAG00000015910",9.85709637891022,22.1157161296226
"vivo","ENSBTAG00000013688.ENSBTAG00000011971",9.78055716728169,21.5961823032037
"vivo","ENSBTAG00000018463.ENSBTAG00000011578",8.22145534297573,24.4512561441094
"vivo","ENSBTAG00000001601.ENSBTAG00000011578",7.74487877649344,23.531391225136
"vivo","ENSBTAG00000008300.ENSBTAG00000011578",7.49139100357444,21.3304579516667
"vivo","ENSBTAG00000010138.ENSBTAG00000011971",7.46729964990635,15.8598433040292
"vivo","ENSBTAG00000025644.ENSBTAG00000012100",7.44298830109445,7.88183936032251
"vivo","ENSBTAG00000012817.ENSBTAG00000007909",7.41111564585787,15.9396379325005
"vivo","ENSBTAG00000019267.ENSBTAG00000011578",7.32290551073046,22.8215485878316
"vivo","ENSBTAG00000014906.ENSBTAG00000011578",7.29690798939098,22.7527732144754
"vivo","ENSBTAG00000005198.ENSBTAG00000011578",6.90052156618403,19.2879071485302
"vivo","ENSBTAG00000014737.ENSBTAG00000011971",6.86577535400823,13.8093153337187
"vivo","ENSBTAG00000014583.ENSBTAG00000012100",6.78444960625022,6.8128287867656
"vivo","ENSBTAG00000005898.ENSBTAG00000017851",6.63869737489544,12.4088290669241
"vivo","ENSBTAG00000017246.ENSBTAG00000006378",6.54378997743919,19.5406205603594
"vivo","ENSBTAG00000020661.ENSBTAG00000017851",6.29397682109194,15.4966199574885
"vivo","ENSBTAG00000013472.ENSBTAG00000011578",6.22317842508098,17.9808668983777
"vivo","ENSBTAG00000007737.ENSBTAG00000006378",6.04208934988209,17.4072636769716
"vivo","ENSBTAG00000005691.ENSBTAG00000011578",5.84117824041314,17.2495321195841
"vivo","ENSBTAG00000011757.ENSBTAG00000011578",5.64060046731882,16.4598540304711
"vivo","ENSBTAG00000040584.ENSBTAG00000021923",5.54702502245756,9.04781550116797
"vivo","ENSBTAG00000005481.ENSBTAG00000003166",5.53232749540931,8.16384987914085
"vivo","ENSBTAG00000007737.ENSBTAG00000010444",5.47165558498948,12.902993748173
"vivo","ENSBTAG00000009476.ENSBTAG00000011971",5.3845160510272,11.6464971971613
"vivo","ENSBTAG00000032436.ENSBTAG00000006378",5.32208811541633,16.5162684150969
"vivo","ENSBTAG00000005077.ENSBTAG00000015127",5.22045784846874,11.1218067094142
"vivo","ENSBTAG00000014465.ENSBTAG00000019929",4.98816175528518,15.754159776671
"vivo","ENSBTAG00000009478.ENSBTAG00000002081",4.95786531481829,9.12083486309387
"vivo","ENSBTAG00000007897.ENSBTAG00000017489",4.72581327275481,10.6786992649428
"vivo","ENSBTAG00000020221.ENSBTAG00000006835",4.71428255777437,12.6201237330473
"vivo","ENSBTAG00000005710.ENSBTAG00000009851",4.64601687297729,11.4763832173164
"vivo","ENSBTAG00000020645.ENSBTAG00000017489",4.48170860713759,9.70215938986528
"vivo","ENSBTAG00000005339.ENSBTAG00000003166",4.31006737317907,6.46893991127653
"vivo","ENSBTAG00000013103.ENSBTAG00000011578",4.30475840835268,13.1490044067452
"vivo","ENSBTAG00000019964.ENSBTAG00000003166",4.28359660936125,6.09127982342312
"vivo","ENSBTAG00000015114.ENSBTAG00000017489",4.23936682414672,10.5442305457812
"vivo","ENSBTAG00000019910.ENSBTAG00000015510",4.22845302724201,12.0621179125612
"vivo","ENSBTAG00000010361.ENSBTAG00000007909",4.22133530359064,13.0280356377256
"vivo","ENSBTAG00000020645.ENSBTAG00000014798",4.21288956841831,6.88710914269556
"vivo","ENSBTAG00000014583.ENSBTAG00000010986",4.19305143025784,11.449969089931
"vivo","ENSBTAG00000023652.ENSBTAG00000003166",4.1631856927598,6.00474166965142
"vivo","ENSBTAG00000021316.ENSBTAG00000015910",4.14152438170023,10.502555441828
"vivo","ENSBTAG00000013363.ENSBTAG00000009851",4.13434658426961,8.93379328707578
"vivo","ENSBTAG00000021048.ENSBTAG00000017489",4.10266267542199,8.89040703677899
"vivo","ENSBTAG00000014465.ENSBTAG00000013755",4.05277711436564,12.7071820264821
"vivo","ENSBTAG00000001725.ENSBTAG00000014798",4.04339104288126,9.30676650723297
"vivo","ENSBTAG00000047330.ENSBTAG00000017851",3.87023587381764,6.68444179614679
"vivo","ENSBTAG00000004594.ENSBTAG00000011578",3.70655009912977,10.8121010216159
"vivo","ENSBTAG00000017246.ENSBTAG00000007909",3.65222940825507,9.32410637638942
"vivo","ENSBTAG00000017246.ENSBTAG00000014064",3.60867062721631,5.40864504073687
"vivo","ENSBTAG00000038735.ENSBTAG00000017489",3.55247171808982,8.94158257283821
"vivo","ENSBTAG00000005339.ENSBTAG00000007213",3.54771137476676,5.65710630230309
"vivo","ENSBTAG00000008300.ENSBTAG00000017489",3.51103829938568,8.02915393084677
"vivo","ENSBTAG00000005198.ENSBTAG00000019866",3.5067729856735,9.36654277059317
"vivo","ENSBTAG00000039355.ENSBTAG00000011515",3.50550884908584,5.0371857757619
"vivo","ENSBTAG00000007737.ENSBTAG00000014064",3.45014949503597,5.15644992077596
"vivo","ENSBTAG00000032436.ENSBTAG00000022799",3.40554160383412,6.9824817483839
"vivo","ENSBTAG00000019604.ENSBTAG00000009851",3.38189675542424,10.0967644921921
"vivo","ENSBTAG00000017745.ENSBTAG00000010423",3.26314179982234,4.17388408673475
"vivo","ENSBTAG00000003585.ENSBTAG00000007213",3.18131777081958,3.21138817224977
"vivo","ENSBTAG00000005260.ENSBTAG00000011578",3.07124357130166,9.28335192737419
"vivo","ENSBTAG00000011757.ENSBTAG00000022799",2.93232294395355,6.20648375303989
"vivo","ENSBTAG00000005111.ENSBTAG00000008997",2.92654512424449,8.58537725516656
"vivo","ENSBTAG00000014921.ENSBTAG00000018474",2.91561779614091,9.14662863510003
"vivo","ENSBTAG00000020457.ENSBTAG00000008997",2.82705366218223,7.75928171604585
"vivo","ENSBTAG00000005077.ENSBTAG00000018424",2.82694341381225,7.48587738308556
"vivo","ENSBTAG00000000470.ENSBTAG00000019929",2.73621722950442,8.12816485517132
"vivo","ENSBTAG00000021316.ENSBTAG00000019289",2.66628603951381,5.11574327579577
"vivo","ENSBTAG00000005339.ENSBTAG00000015910",2.64107490895596,7.80771074252907
"vivo","ENSBTAG00000034077.ENSBTAG00000003848",2.63961057965013,7.25977265447215
"vivo","ENSBTAG00000010738.ENSBTAG00000003220",2.61297614976009,4.82641009674857
"vivo","ENSBTAG00000017060.ENSBTAG00000010303",2.59685095171503,8.13792692028397
"vivo","ENSBTAG00000017448.ENSBTAG00000011628",2.59060907633279,7.51193178199475
"vivo","ENSBTAG00000005481.ENSBTAG00000022799",2.58601655240341,4.92313560154612
"vivo","ENSBTAG00000007737.ENSBTAG00000022799",2.58384226559566,4.87719969630292
"vivo","ENSBTAG00000004086.ENSBTAG00000019712",2.56183862301153,7.94742971788402
"vivo","ENSBTAG00000014113.ENSBTAG00000003220",2.56001128804203,5.83386026893874
"vivo","ENSBTAG00000005339.ENSBTAG00000019866",2.54802511006655,4.93162922207498
"vivo","ENSBTAG00000021316.ENSBTAG00000003585",2.48840194635098,3.7420075610733
"vivo","ENSBTAG00000003832.ENSBTAG00000022799",2.48652743557441,5.01850024105932
"vivo","ENSBTAG00000032436.ENSBTAG00000014064",2.45870560241855,3.46858893267411
"vivo","ENSBTAG00000009615.ENSBTAG00000013290",2.43970687930954,7.57454764353182
"vivo","ENSBTAG00000020645.ENSBTAG00000006208",2.40132072752593,3.66609211043457
"vivo","ENSBTAG00000017866.ENSBTAG00000014031",2.38210962010534,3.43690662634206
"vivo","ENSBTAG00000020645.ENSBTAG00000013674",2.37869401270411,4.76261271213454
"vivo","ENSBTAG00000006045.ENSBTAG00000011944",2.37718626650694,7.15650920716474
"vivo","ENSBTAG00000032436.ENSBTAG00000010444",2.36905310023596,4.63653921477611
"vivo","ENSBTAG00000032436.ENSBTAG00000007909",2.34556663131419,5.64348374234164
"vivo","ENSBTAG00000034077.ENSBTAG00000017846",2.32074818526749,5.35159288186385
"vivo","ENSBTAG00000005198.ENSBTAG00000014064",2.31687083008121,3.25015965665351
"vivo","ENSBTAG00000007737.ENSBTAG00000007909",2.29046633153022,5.16095787970539
"vivo","ENSBTAG00000005947.ENSBTAG00000013745",2.26692509596989,6.11475277324323
"vivo","ENSBTAG00000025644.ENSBTAG00000014773",2.24068067406115,4.87167397476316
"vivo","ENSBTAG00000013155.ENSBTAG00000015910",2.23759809696246,4.58781806701912
"vivo","ENSBTAG00000017246.ENSBTAG00000022799",2.21456617481847,4.16497295499744
"vivo","ENSBTAG00000015978.ENSBTAG00000013290",2.19859296386111,6.7396838010956
"vivo","ENSBTAG00000014921.ENSBTAG00000017745",2.13680049854453,6.57992523431618
"vivo","ENSBTAG00000007740.ENSBTAG00000007909",2.13627130983907,4.37495303102728
"vivo","ENSBTAG00000008096.ENSBTAG00000013674",2.12998947773754,4.24464542327619
"vivo","ENSBTAG00000007446.ENSBTAG00000003060",2.11998966556932,4.44219355343976
"vivo","ENSBTAG00000007319.ENSBTAG00000022799",2.10212386068691,5.80377211657278
"vivo","ENSBTAG00000005691.ENSBTAG00000014064",2.0853404379508,3.75481620942707
"vivo","ENSBTAG00000004129.ENSBTAG00000003220",2.0546054782343,6.20646754120638
"vivo","ENSBTAG00000047567.ENSBTAG00000019866",2.02303594412742,3.38489631632731
"vivo","ENSBTAG00000005710.ENSBTAG00000014064",2.02114215054255,3.89702242423643
"vivo","ENSBTAG00000006538.ENSBTAG00000017489",2.014600233499,4.16788553352103
"vivo","ENSBTAG00000012849.ENSBTAG00000003585",1.97742426288569,5.56062198273268
"vivo","ENSBTAG00000017060.ENSBTAG00000017846",1.96379160586081,5.81228820491781
"vivo","ENSBTAG00000005339.ENSBTAG00000000782",1.94611283287828,5.83537185997876
"vivo","ENSBTAG00000005691.ENSBTAG00000019866",1.93599820881346,2.29193318592499
"vivo","ENSBTAG00000010161.ENSBTAG00000015133",1.92377661855171,5.22901264164781
"vivo","ENSBTAG00000005077.ENSBTAG00000014798",1.92138451468615,2.90189844744213
"vivo","ENSBTAG00000007148.ENSBTAG00000000898",1.91595268260517,5.24529091857694
"vivo","ENSBTAG00000047567.ENSBTAG00000000570",1.9070321737636,3.89772771253233
"vivo","ENSBTAG00000021499.ENSBTAG00000013732",1.88942835718292,2.7148221255091
"vivo","ENSBTAG00000007338.ENSBTAG00000004917",1.86045114112312,4.32494600111985
"vivo","ENSBTAG00000010312.ENSBTAG00000014064",1.83189583475072,3.25226983955841
"vivo","ENSBTAG00000009812.ENSBTAG00000003220",1.82999556509216,4.56658442113591
"vivo","ENSBTAG00000016800.ENSBTAG00000007338",1.82172644629317,5.10721158257239
"vivo","ENSBTAG00000021457.ENSBTAG00000023147",1.78075159343583,2.89536773617288
"vivo","ENSBTAG00000015043.ENSBTAG00000022799",1.769327829958,4.73519810601481
"vivo","ENSBTAG00000015327.ENSBTAG00000011425",1.73448925362257,5.08439740619486
"vivo","ENSBTAG00000013688.ENSBTAG00000019866",1.73244958909289,4.1752175941468
"vivo","ENSBTAG00000020638.ENSBTAG00000000782",1.73239707212637,3.36509002825409
"vivo","ENSBTAG00000011851.ENSBTAG00000019866",1.71436948087409,2.70945386144294
"vivo","ENSBTAG00000012817.ENSBTAG00000022799",1.71258821851085,4.45980823043793
"vivo","ENSBTAG00000005947.ENSBTAG00000015910",1.6979172143111,5.02285132960586
"vivo","ENSBTAG00000004226.ENSBTAG00000021286",1.68998973484068,3.7058699365685
"vivo","ENSBTAG00000024394.ENSBTAG00000019866",1.66553244096751,3.78920521016786
"vivo","ENSBTAG00000012109.ENSBTAG00000013674",1.65589385525458,3.47887582079062
"vivo","ENSBTAG00000012849.ENSBTAG00000015910",1.63402952597315,5.14329894822515
"vivo","ENSBTAG00000018773.ENSBTAG00000019866",1.63252918804014,3.15135845248777
"vivo","ENSBTAG00000031998.ENSBTAG00000039292",1.61757686941068,4.0508923247279
"vivo","ENSBTAG00000008452.ENSBTAG00000009903",1.59710840492826,4.26861946439862
"vivo","ENSBTAG00000009761.ENSBTAG00000012314",1.58595144528311,3.5310083453193
"vivo","ENSBTAG00000011851.ENSBTAG00000004917",1.57977380404388,4.47416970325648
"vivo","ENSBTAG00000017122.ENSBTAG00000000782",1.57481712475755,4.91484461848455
"vivo","ENSBTAG00000017746.ENSBTAG00000010462",1.57099096391375,3.38269228245539
"vivo","ENSBTAG00000003329.ENSBTAG00000006420",1.57060729744774,3.21662852249247
"vivo","ENSBTAG00000013472.ENSBTAG00000017866",1.56776339392416,2.69184879447988
"vivo","ENSBTAG00000019866.ENSBTAG00000009851",1.55779484077668,2.88140866146358
"vivo","ENSBTAG00000007319.ENSBTAG00000007909",1.55646470919348,4.88679908031538
"vivo","ENSBTAG00000005947.ENSBTAG00000002402",1.5563299366569,4.55752943695949
"vivo","ENSBTAG00000001460.ENSBTAG00000020661",1.5325415410915,3.67279006159347
"vivo","ENSBTAG00000019839.ENSBTAG00000015910",1.52463449107056,4.82131759103462
"vivo","ENSBTAG00000034077.ENSBTAG00000018999",1.51869562191605,4.39369122655054
"vivo","ENSBTAG00000010138.ENSBTAG00000019866",1.51388978771639,2.19235936579566
"vivo","ENSBTAG00000011851.ENSBTAG00000000782",1.50472843733731,4.34687978928163
"vivo","ENSBTAG00000011851.ENSBTAG00000011425",1.50446298308536,3.2709893075901
"vivo","ENSBTAG00000015362.ENSBTAG00000008997",1.50038838169884,4.61466886877911
"vivo","ENSBTAG00000017746.ENSBTAG00000009851",1.50021654568617,4.24496943900403
"vivo","ENSBTAG00000013155.ENSBTAG00000010682",1.48564627951717,3.1593881529358
"vivo","ENSBTAG00000017745.ENSBTAG00000018474",1.44214765377557,4.06135381016564
"vivo","ENSBTAG00000005111.ENSBTAG00000000231",1.42447026182664,4.50457048654858
"vivo","ENSBTAG00000012004.ENSBTAG00000008997",1.41644677538299,4.25648350481926
"vivo","ENSBTAG00000013901.ENSBTAG00000014269",1.41434898322689,2.0924602482509
"vivo","ENSBTAG00000015150.ENSBTAG00000016933",1.40818000508952,4.35584909471187
"vivo","ENSBTAG00000007737.ENSBTAG00000012314",1.37399430387448,2.41676344573674
"vivo","ENSBTAG00000031998.ENSBTAG00000015708",1.3500552292054,3.93824996521943
"vivo","ENSBTAG00000007148.ENSBTAG00000034848",1.34549607179686,2.83970246607291
"vivo","ENSBTAG00000013103.ENSBTAG00000017866",1.33080715384456,3.30815616114114
"vivo","ENSBTAG00000011585.ENSBTAG00000015046",1.32762145569508,3.14368344809359
"vivo","ENSBTAG00000015978.ENSBTAG00000039292",1.31691424868516,2.70587165485972
"vivo","ENSBTAG00000038045.ENSBTAG00000018572",1.31480952895796,2.56398030312216
"vivo","ENSBTAG00000009476.ENSBTAG00000015910",1.31289986289789,2.18619252352616
"vivo","ENSBTAG00000001292.ENSBTAG00000032719",1.30652131857891,2.292916157479
"vivo","ENSBTAG00000025471.ENSBTAG00000006378",1.28814642394981,3.74915153253934
"vivo","ENSBTAG00000009357.ENSBTAG00000012119",1.2726965844476,3.86177930991389
"vivo","ENSBTAG00000000310.ENSBTAG00000022799",1.27254126405137,3.00946660756343
"vivo","ENSBTAG00000013760.ENSBTAG00000019929",1.23891618227197,3.43195201858141
"vivo","ENSBTAG00000005339.ENSBTAG00000015996",1.23264708973024,3.39481537689766
"vivo","ENSBTAG00000046421.ENSBTAG00000007213",1.23043270983714,1.93913436143681
"vivo","ENSBTAG00000012829.ENSBTAG00000016933",1.22938396079293,1.51800746672839
"vivo","ENSBTAG00000037899.ENSBTAG00000022799",1.22669888429129,2.71761992890205
"vivo","ENSBTAG00000014575.ENSBTAG00000015910",1.21817500162116,3.73482745695525
"vivo","ENSBTAG00000021697.ENSBTAG00000007173",1.21685727871677,3.78598899084281
"vivo","ENSBTAG00000002317.ENSBTAG00000012119",1.21259972753056,3.67746691962116
"vivo","ENSBTAG00000016177.ENSBTAG00000011628",1.20715458426464,2.75720919416173
"vivo","ENSBTAG00000019993.ENSBTAG00000027516",1.19444098196423,3.53920397783398
"vivo","ENSBTAG00000010963.ENSBTAG00000003255",1.18936080093714,3.4839135407257
"vivo","ENSBTAG00000017564.ENSBTAG00000000561",1.17929840690408,3.30785213884055
"vivo","ENSBTAG00000002006.ENSBTAG00000017866",1.1775990549161,2.41471071812445
"vivo","ENSBTAG00000014127.ENSBTAG00000039652",1.16006369887424,2.01405202792682
"vivo","ENSBTAG00000014575.ENSBTAG00000019929",1.1524280482351,3.25817666446694
"vivo","ENSBTAG00000004594.ENSBTAG00000019569",1.14781851204165,2.0769666773915
"vivo","ENSBTAG00000010361.ENSBTAG00000022799",1.13577981594225,2.94177681445571
"vivo","ENSBTAG00000005359.ENSBTAG00000008997",1.12892189574087,3.5478669608221
"vivo","ENSBTAG00000002302.ENSBTAG00000017256",1.10312019102757,3.45854134948934
"vivo","ENSBTAG00000010334.ENSBTAG00000046199",1.09759018747694,2.42736739300784
"vivo","ENSBTAG00000000277.ENSBTAG00000027676",1.08895643287264,1.13620909671527
"vivo","ENSBTAG00000003835.ENSBTAG00000006420",1.08798840257705,3.18828848020954
"vivo","ENSBTAG00000018103.ENSBTAG00000011154",1.07968946606385,1.39325121816923
"vivo","ENSBTAG00000017745.ENSBTAG00000016933",1.0775907202146,1.09972276081261
"vivo","ENSBTAG00000011808.ENSBTAG00000018105",1.06024575236815,1.70746545203755
"vivo","ENSBTAG00000013760.ENSBTAG00000015910",1.04767720695805,3.17536023229333
"vivo","ENSBTAG00000045582.ENSBTAG00000012314",1.04756072500681,2.43752768238513
"vivo","ENSBTAG00000013155.ENSBTAG00000019289",1.03536921112597,2.8110618647266
"vivo","ENSBTAG00000015991.ENSBTAG00000021190",1.032119163176,2.68291535640776
"vivo","ENSBTAG00000034501.ENSBTAG00000005397",1.03207420831321,3.01510314305511
"vivo","ENSBTAG00000000575.ENSBTAG00000012897",1.00717637697057,1.48369971476856
"vivo","ENSBTAG00000013162.ENSBTAG00000012314",1.00398070698627,2.0083108718115
"vivo","ENSBTAG00000004226.ENSBTAG00000026278",1.00355732759454,2.18840542757072
"vivo","ENSBTAG00000016800.ENSBTAG00000000782",1.00128307328934,2.92010188505312
"vivo","ENSBTAG00000017122.ENSBTAG00000019289",0.991050506571095,3.07331783963612
"vivo","ENSBTAG00000038221.ENSBTAG00000006359",0.987040162406621,2.36381675807352
"vivo","ENSBTAG00000025644.ENSBTAG00000010986",0.978137341771427,1.9319102054511
"vivo","ENSBTAG00000018103.ENSBTAG00000017753",0.975631083164097,2.74492483683523
"vivo","ENSBTAG00000011757.ENSBTAG00000007909",0.968431293555854,2.01915802391843
"vivo","ENSBTAG00000020221.ENSBTAG00000012314",0.963375290333444,2.02144146023824
"vivo","ENSBTAG00000019716.ENSBTAG00000003220",0.95909209219728,1.72268202917737
"vivo","ENSBTAG00000010303.ENSBTAG00000007626",0.956397148225675,2.19530822446285
"vivo","ENSBTAG00000014737.ENSBTAG00000000802",0.953950404058273,2.87928603785923
"vivo","ENSBTAG00000020244.ENSBTAG00000015510",0.941794243457174,2.51378049989222
"vivo","ENSBTAG00000011412.ENSBTAG00000019929",0.934324035302337,2.03994017401899
"vivo","ENSBTAG00000018773.ENSBTAG00000001941",0.934257660324595,2.31208749690517
"vivo","ENSBTAG00000011104.ENSBTAG00000023147",0.932991464669101,1.74794651113319
"vivo","ENSBTAG00000020645.ENSBTAG00000010860",0.927090134010272,1.07902973609221
"vivo","ENSBTAG00000016515.ENSBTAG00000015510",0.922316525962104,2.72689852397798
"vivo","ENSBTAG00000011412.ENSBTAG00000015910",0.917133188560771,1.5040068931788
"vivo","ENSBTAG00000001725.ENSBTAG00000039292",0.913470545340528,1.12045712389134
"vivo","ENSBTAG00000021105.ENSBTAG00000000477",0.889761173118765,2.05773004451668
"vivo","ENSBTAG00000025471.ENSBTAG00000010497",0.889692610621003,2.07844694862571
"vivo","ENSBTAG00000011563.ENSBTAG00000010497",0.88783804579289,2.26015772493492
"vivo","ENSBTAG00000010123.ENSBTAG00000014269",0.885848733418918,1.48017242024561
"vivo","ENSBTAG00000013103.ENSBTAG00000019289",0.878934161070998,2.77943386231365
"vivo","ENSBTAG00000014583.ENSBTAG00000014600",0.876549620845512,1.92397818764404
"vivo","ENSBTAG00000013718.ENSBTAG00000005072",0.853898889825537,2.11474486321444
"vivo","ENSBTAG00000007708.ENSBTAG00000025324",0.850615018600681,2.4942302009643
"vivo","ENSBTAG00000007737.ENSBTAG00000011909",0.849135326323353,1.76251589596009
"vivo","ENSBTAG00000011238.ENSBTAG00000017256",0.83961132507219,2.50912105407948
"vivo","ENSBTAG00000023600.ENSBTAG00000005910",0.837119620722011,1.0665227480337
"vivo","ENSBTAG00000011851.ENSBTAG00000010647",0.837004927354876,2.51472713580043
"vivo","ENSBTAG00000021466.ENSBTAG00000019289",0.835795928214252,2.64301879225162
"vivo","ENSBTAG00000023907.ENSBTAG00000000782",0.828652147328872,2.62042817354865
"vivo","ENSBTAG00000000575.ENSBTAG00000015910",0.805144452589982,1.61187723804696
"vivo","ENSBTAG00000005077.ENSBTAG00000039292",0.804943732776257,1.46764307367652
"vivo","ENSBTAG00000020645.ENSBTAG00000014600",0.802029015607028,1.88409823852444
"vivo","ENSBTAG00000021105.ENSBTAG00000013205",0.799540901942766,2.49126674620711
"vivo","ENSBTAG00000013901.ENSBTAG00000019153",0.798232617967885,2.40765216450583
"vivo","ENSBTAG00000000016.ENSBTAG00000016455",0.797725761574848,2.52263035476895
"vivo","ENSBTAG00000000575.ENSBTAG00000012119",0.790308360716457,2.49917447373795
"vivo","ENSBTAG00000007897.ENSBTAG00000017981",0.789205582735362,1.59302300135436
"vivo","ENSBTAG00000011851.ENSBTAG00000013118",0.781159564002849,2.41971844905233
"vivo","ENSBTAG00000008452.ENSBTAG00000013909",0.780713217219834,2.06713159664055
"vivo","ENSBTAG00000007708.ENSBTAG00000046199",0.772726301935237,1.26489705385558
"vivo","ENSBTAG00000025644.ENSBTAG00000020667",0.769377411685328,1.0552324633326
"vivo","ENSBTAG00000025471.ENSBTAG00000024928",0.768305164348526,1.79609239665666
"vivo","ENSBTAG00000040131.ENSBTAG00000017256",0.764799923980836,2.31891757085301
"vivo","ENSBTAG00000005339.ENSBTAG00000001694",0.764789013113083,2.21679728678654
"vivo","ENSBTAG00000001941.ENSBTAG00000011409",0.764665428917744,2.016585352211
"vivo","ENSBTAG00000005108.ENSBTAG00000010462",0.761717068522623,1.60077205003674
"vivo","ENSBTAG00000025644.ENSBTAG00000014567",0.75848148627501,2.04679783847574
"vivo","ENSBTAG00000000476.ENSBTAG00000003781",0.754814072057716,1.7992390468381
"vivo","ENSBTAG00000018343.ENSBTAG00000010497",0.752547919201815,2.10555901601476
"vivo","ENSBTAG00000022514.ENSBTAG00000013730",0.752491924543961,1.76373140031656
"vivo","ENSBTAG00000007446.ENSBTAG00000020979",0.748289773034795,2.19674963551523
"vivo","ENSBTAG00000021048.ENSBTAG00000008483",0.74494250970732,1.26986822101677
"vivo","ENSBTAG00000019866.ENSBTAG00000000782",0.743009161621121,1.73149224698583
"vivo","ENSBTAG00000000793.ENSBTAG00000018169",0.740757083960441,1.84085949320702
"vivo","ENSBTAG00000021302.ENSBTAG00000019289",0.7389619705088,2.30262895989627
"vivo","ENSBTAG00000011851.ENSBTAG00000015510",0.736597740879491,1.52728088912871
"vivo","ENSBTAG00000000575.ENSBTAG00000013745",0.733310690382099,0.879571769238274
"vivo","ENSBTAG00000005947.ENSBTAG00000015739",0.731057494127055,1.28157805353251
"vivo","ENSBTAG00000005339.ENSBTAG00000000570",0.728175915610132,1.42421715976663
"vivo","ENSBTAG00000013066.ENSBTAG00000002402",0.725916270621396,2.07358802207983
"vivo","ENSBTAG00000000793.ENSBTAG00000015910",0.723141922867982,2.14665949211028
"vivo","ENSBTAG00000011104.ENSBTAG00000020979",0.718580688979476,1.71945069750392
"vivo","ENSBTAG00000000016.ENSBTAG00000015312",0.714887823128017,1.60156198101047
"vivo","ENSBTAG00000009476.ENSBTAG00000019289",0.711272887203106,2.24924236148585
"vivo","ENSBTAG00000017753.ENSBTAG00000039292",0.710924527843306,1.64279687383326
"vivo","ENSBTAG00000009476.ENSBTAG00000013745",0.709227812048534,1.26916010688292
"vivo","ENSBTAG00000017455.ENSBTAG00000019929",0.707590742155494,1.26382611020503
"vivo","ENSBTAG00000014921.ENSBTAG00000007101",0.706103853337495,2.10087292415851
"vivo","ENSBTAG00000000559.ENSBTAG00000020661",0.704333908851788,2.01550319914042
"vivo","ENSBTAG00000015801.ENSBTAG00000015510",0.700365667239093,2.14184543485246
"vivo","ENSBTAG00000013472.ENSBTAG00000019929",0.697644598069435,0.794845574934095
"vivo","ENSBTAG00000011082.ENSBTAG00000021527",0.695988826781287,1.88335344442711
"vivo","ENSBTAG00000018200.ENSBTAG00000007626",0.695557639929437,1.40583022193065
"vivo","ENSBTAG00000008300.ENSBTAG00000004356",0.693691848392241,1.49155046215991
"vivo","ENSBTAG00000017312.ENSBTAG00000039292",0.691906638000885,1.32921308756016
"vivo","ENSBTAG00000020645.ENSBTAG00000012848",0.674247532719366,0.939124866024898
"vivo","ENSBTAG00000005691.ENSBTAG00000011154",0.653939150062802,1.0415841825648
"vivo","ENSBTAG00000013191.ENSBTAG00000019929",0.646825743495655,1.88884599639666
"vivo","ENSBTAG00000014583.ENSBTAG00000020667",0.646302246651103,0.856186690037039
"vivo","ENSBTAG00000011104.ENSBTAG00000017425",0.642772354211106,1.46571918128679
"vivo","ENSBTAG00000009393.ENSBTAG00000039292",0.64159657258256,1.9631160789543
"vivo","ENSBTAG00000005111.ENSBTAG00000018114",0.639997703729205,1.32390651631965
"vivo","ENSBTAG00000008237.ENSBTAG00000013205",0.629653465405703,1.77575134427319
"vivo","ENSBTAG00000005947.ENSBTAG00000013755",0.626664762224038,1.9411887518057
"vivo","ENSBTAG00000004261.ENSBTAG00000017060",0.614681053566033,1.8740077783465
"vivo","ENSBTAG00000020457.ENSBTAG00000001060",0.61122882956034,1.79400581643958
"vivo","ENSBTAG00000000016.ENSBTAG00000013674",0.60520301699764,0.915777474191265
"vivo","ENSBTAG00000000130.ENSBTAG00000004211",0.599662073028075,1.32367077339364
"vivo","ENSBTAG00000002006.ENSBTAG00000014269",0.598982205262395,0.843249537269124
"vivo","ENSBTAG00000018347.ENSBTAG00000013205",0.598282128156923,1.89193420834863
"vivo","ENSBTAG00000000073.ENSBTAG00000012314",0.593017649067144,1.38160602967222
"vivo","ENSBTAG00000005111.ENSBTAG00000006420",0.587991812951628,1.5230214207488
"vivo","ENSBTAG00000007375.ENSBTAG00000015228",0.587687999320521,1.19393038449603
"vivo","ENSBTAG00000012829.ENSBTAG00000017745",0.585530147335532,1.59152454166981
"vivo","ENSBTAG00000014583.ENSBTAG00000012687",0.579528285571797,1.5463187558342
"vivo","ENSBTAG00000010820.ENSBTAG00000002107",0.579193296088427,1.00203094827501
"vivo","ENSBTAG00000003806.ENSBTAG00000016455",0.578866249151415,1.6129374784855
"vivo","ENSBTAG00000009876.ENSBTAG00000020736",0.577390582658765,1.22555454959065
"vivo","ENSBTAG00000000575.ENSBTAG00000019289",0.573402823842824,1.01011822510179
"vivo","ENSBTAG00000000073.ENSBTAG00000008849",0.570562103740813,1.5383086839831
"vivo","ENSBTAG00000006655.ENSBTAG00000008218",0.567787455742562,1.56090116431385
"vivo","ENSBTAG00000000073.ENSBTAG00000014611",0.565963189057048,1.27323819437735
"vivo","ENSBTAG00000011409.ENSBTAG00000001941",0.564087736530692,0.902475515916639
"vivo","ENSBTAG00000006276.ENSBTAG00000047138",0.563988564634635,1.50757638211679
"vivo","ENSBTAG00000021457.ENSBTAG00000011986",0.563835785132832,0.918579932061871
"vivo","ENSBTAG00000013898.ENSBTAG00000047704",0.560589972007515,1.64932190072231
"vivo","ENSBTAG00000011741.ENSBTAG00000015910",0.559287068843115,1.42987994813507
"vivo","ENSBTAG00000005691.ENSBTAG00000027464",0.558383744737195,1.15122854982339
"vivo","ENSBTAG00000009761.ENSBTAG00000002144",0.557142091881682,1.23188098699671
"vivo","ENSBTAG00000017664.ENSBTAG00000019712",0.550628375902255,1.22909189430056
"vivo","ENSBTAG00000008300.ENSBTAG00000001462",0.548928756070178,1.23716392821256
"vivo","ENSBTAG00000002006.ENSBTAG00000003585",0.548380475939116,1.47868310114487
"vivo","ENSBTAG00000011580.ENSBTAG00000046199",0.547477968356027,1.15945653971992
"vivo","ENSBTAG00000003176.ENSBTAG00000017060",0.543167956925816,1.44947945442503
"vivo","ENSBTAG00000030710.ENSBTAG00000020979",0.537351977225053,1.45720737432408
"vivo","ENSBTAG00000009476.ENSBTAG00000000782",0.536180019858838,1.51703313928816
"vivo","ENSBTAG00000020457.ENSBTAG00000003045",0.535681726341635,1.60575821019178
"vivo","ENSBTAG00000005077.ENSBTAG00000034883",0.531207440304728,1.59569376483267
"vivo","ENSBTAG00000018343.ENSBTAG00000020736",0.530412129716571,1.39594899970673
"vivo","ENSBTAG00000007737.ENSBTAG00000012599",0.529740787713725,0.964390233188051
"vivo","ENSBTAG00000003253.ENSBTAG00000007665",0.529456511890782,0.879245864527037
"vivo","ENSBTAG00000015742.ENSBTAG00000007103",0.528470351214279,1.37650279436724
"vivo","ENSBTAG00000020645.ENSBTAG00000011461",0.526869004962169,0.8792969517602
"vivo","ENSBTAG00000017664.ENSBTAG00000015910",0.523038310883522,1.05225622201211
"vivo","ENSBTAG00000014127.ENSBTAG00000020319",0.521652029673816,1.39338444438801
"vivo","ENSBTAG00000020645.ENSBTAG00000005990",0.518919992968327,0.91598995983321
"vivo","ENSBTAG00000018077.ENSBTAG00000024406",0.518578267123572,1.38339038066003
"vivo","ENSBTAG00000014075.ENSBTAG00000012887",0.509144228478125,1.061672370608
"vivo","ENSBTAG00000013760.ENSBTAG00000019289",0.506195932557418,1.48961766349135
"vivo","ENSBTAG00000021048.ENSBTAG00000017981",0.50409256680706,1.36456462666173
"vivo","ENSBTAG00000025644.ENSBTAG00000014600",0.502221688562357,0.938345878920528
"vivo","ENSBTAG00000005691.ENSBTAG00000026676",0.501991221418733,1.0816166913522
"vivo","ENSBTAG00000013191.ENSBTAG00000018052",0.500858999055669,1.14611959633946
"vivo","ENSBTAG00000007244.ENSBTAG00000015910",0.500146764430423,1.41865270966202
"vivo","ENSBTAG00000011291.ENSBTAG00000006732",0.498017067154601,1.09122634755948
"vivo","ENSBTAG00000014051.ENSBTAG00000015910",0.497969417717665,1.57471756509563
"vivo","ENSBTAG00000000793.ENSBTAG00000019569",0.497155132403101,1.57214256883638
"vivo","ENSBTAG00000000575.ENSBTAG00000015296",0.493100952070162,0.715959425516961
"vivo","ENSBTAG00000005305.ENSBTAG00000008849",0.492760268739902,1.41717147236756
"vivo","ENSBTAG00000022635.ENSBTAG00000018169",0.49110108362945,0.744732180827528
"vivo","ENSBTAG00000005077.ENSBTAG00000003255",0.487758360801615,1.45241295709595
"vivo","ENSBTAG00000000073.ENSBTAG00000000736",0.483879507513421,1.05895710783722
"vivo","ENSBTAG00000020342.ENSBTAG00000007047",0.477885610395137,1.21587679839463
"vivo","ENSBTAG00000012638.ENSBTAG00000017753",0.477202089978304,1.13164150336357
"vivo","ENSBTAG00000032436.ENSBTAG00000012314",0.475496566283623,1.00616752801389
"vivo","ENSBTAG00000007897.ENSBTAG00000023731",0.47266130477694,1.47289391390388
"vivo","ENSBTAG00000018134.ENSBTAG00000010444",0.47057310463015,1.0264737381114
"vivo","ENSBTAG00000012444.ENSBTAG00000015910",0.468219507495214,1.27199877552562
"vivo","ENSBTAG00000017246.ENSBTAG00000006240",0.457801450106292,1.38328863395839
"vivo","ENSBTAG00000010123.ENSBTAG00000014611",0.454841863690376,1.08994463953725
"vivo","ENSBTAG00000005947.ENSBTAG00000013125",0.454706301870661,1.37350858672958
"vivo","ENSBTAG00000009876.ENSBTAG00000006420",0.452843261009341,0.547769401258718
"vivo","ENSBTAG00000005947.ENSBTAG00000019929",0.451337136850918,1.42082906179961
"vivo","ENSBTAG00000001292.ENSBTAG00000034385",0.449214815683022,0.716552641926925
"vivo","ENSBTAG00000011851.ENSBTAG00000007338",0.448871753103437,0.559163843203973
"vivo","ENSBTAG00000017468.ENSBTAG00000013557",0.447388935221102,1.3467340755025
"vivo","ENSBTAG00000021499.ENSBTAG00000008849",0.445106586826369,1.40755061591482
"vivo","ENSBTAG00000000442.ENSBTAG00000007348",0.44123163513656,1.22577358323216
"vivo","ENSBTAG00000008300.ENSBTAG00000019289",0.439990363720831,1.39137169788374
"vivo","ENSBTAG00000015150.ENSBTAG00000017745",0.439680145039458,1.39039070027787
"vivo","ENSBTAG00000014575.ENSBTAG00000003585",0.439359650167887,1.09110721422348
"vivo","ENSBTAG00000010123.ENSBTAG00000000736",0.434494678279862,1.29149566883612
"vivo","ENSBTAG00000009476.ENSBTAG00000001462",0.43371484233516,1.29061583980658
"vivo","ENSBTAG00000001492.ENSBTAG00000003585",0.426549850739428,1.12033831823746
"vivo","ENSBTAG00000008300.ENSBTAG00000008165",0.426381637441839,1.08221724566065
"vivo","ENSBTAG00000045582.ENSBTAG00000002144",0.420983951456638,0.999524826965008
"vivo","ENSBTAG00000025471.ENSBTAG00000004211",0.420276873157253,0.789969051020728
"vivo","ENSBTAG00000025644.ENSBTAG00000012687",0.417462863066334,1.30171686015152
"vivo","ENSBTAG00000014906.ENSBTAG00000015910",0.41738956731148,1.19916051909214
"vivo","ENSBTAG00000014737.ENSBTAG00000000782",0.411594868669309,1.30157725823289
"vivo","ENSBTAG00000007737.ENSBTAG00000018035",0.410375349804177,1.03688610542632
"vivo","ENSBTAG00000014051.ENSBTAG00000013745",0.407545577359116,0.918832129632713
"vivo","ENSBTAG00000007740.ENSBTAG00000011154",0.406920304407049,0.865841720715814
"vivo","ENSBTAG00000003505.ENSBTAG00000011628",0.405421484423087,0.804524605217969
"vivo","ENSBTAG00000032436.ENSBTAG00000006240",0.404684465048524,1.13292676131329
"vivo","ENSBTAG00000005250.ENSBTAG00000008008",0.403203775976115,1.06352307725945
"vivo","ENSBTAG00000010963.ENSBTAG00000002414",0.39421065962476,0.991871706648917
"vivo","ENSBTAG00000025644.ENSBTAG00000010785",0.393589370985069,1.03372251882988
"vivo","ENSBTAG00000006045.ENSBTAG00000034385",0.393111791592718,0.655186103375871
"vivo","ENSBTAG00000017473.ENSBTAG00000018169",0.392333049337952,0.871269743519703
"vivo","ENSBTAG00000021105.ENSBTAG00000006240",0.391610755205915,0.959771278489439
"vivo","ENSBTAG00000006538.ENSBTAG00000019903",0.389476259360413,1.20942657777205
"vivo","ENSBTAG00000021048.ENSBTAG00000020704",0.386922943528019,0.614292331416182
"vivo","ENSBTAG00000009812.ENSBTAG00000039292",0.385650677528729,0.620375970047974
"vivo","ENSBTAG00000037899.ENSBTAG00000007909",0.385025009636939,1.21755598658101
"vivo","ENSBTAG00000003300.ENSBTAG00000002804",0.383408003410002,1.03794855073889
"vivo","ENSBTAG00000021302.ENSBTAG00000015910",0.382379181759073,0.585378733636573
"vivo","ENSBTAG00000011966.ENSBTAG00000015910",0.379070828487721,0.654357840641921
"vivo","ENSBTAG00000012413.ENSBTAG00000014064",0.377755625732776,1.17602735386912
"vivo","ENSBTAG00000025775.ENSBTAG00000020704",0.375865512965892,0.781565693409511
"vivo","ENSBTAG00000017280.ENSBTAG00000039292",0.374753851463798,0.666269755356599
"vivo","ENSBTAG00000006685.ENSBTAG00000019404",0.372573457184599,0.763881947695502
"vivo","ENSBTAG00000008452.ENSBTAG00000016071",0.370490033872737,0.616799507521294
"vivo","ENSBTAG00000020645.ENSBTAG00000039292",0.368641856765278,0.449469558743968
"vivo","ENSBTAG00000037533.ENSBTAG00000037735",0.364476477577936,0.84831216546004
"vivo","ENSBTAG00000032436.ENSBTAG00000012599",0.364366055461476,1.13008269019824
"vivo","ENSBTAG00000032436.ENSBTAG00000002144",0.364277051230216,0.946918482160777
"vivo","ENSBTAG00000007737.ENSBTAG00000019832",0.36331633847963,1.14890714074831
"vivo","ENSBTAG00000001745.ENSBTAG00000015910",0.360928210354173,0.721214256357289
"vivo","ENSBTAG00000020676.ENSBTAG00000011578",0.360285293089191,1.13932213362317
"vivo","ENSBTAG00000017060.ENSBTAG00000007103",0.359990743614594,0.725095658583371
"vivo","ENSBTAG00000000016.ENSBTAG00000004211",0.356832996315983,0.902994381385968
"vivo","ENSBTAG00000013898.ENSBTAG00000039292",0.354405410204298,0.705930493824998
"vivo","ENSBTAG00000021499.ENSBTAG00000008036",0.35427059688043,1.07713453881195
"vivo","ENSBTAG00000016267.ENSBTAG00000020755",0.351281931509186,0.492421783016057
"vivo","ENSBTAG00000014737.ENSBTAG00000015910",0.350870469782029,0.760648648057535
"vivo","ENSBTAG00000008237.ENSBTAG00000005273",0.350129177966272,0.953015360054063
"vivo","ENSBTAG00000016542.ENSBTAG00000019569",0.348941370502577,0.559524950606822
"vivo","ENSBTAG00000006538.ENSBTAG00000017981",0.346052437677418,0.976273986282155
"vivo","ENSBTAG00000006505.ENSBTAG00000006240",0.345729336704814,0.71576697081904
"vivo","ENSBTAG00000023907.ENSBTAG00000020644",0.345531033357547,1.09266506768147
"vivo","ENSBTAG00000008300.ENSBTAG00000033669",0.34520449493163,0.697508974466188
"vivo","ENSBTAG00000012849.ENSBTAG00000019289",0.341346763995252,1.07943324615295
"vivo","ENSBTAG00000015114.ENSBTAG00000008165",0.338597812126839,1.07074029707059
"vivo","ENSBTAG00000009208.ENSBTAG00000044190",0.337566064564027,0.56493773614831
"vivo","ENSBTAG00000005198.ENSBTAG00000027464",0.337205344105073,0.842072173056044
"vivo","ENSBTAG00000011966.ENSBTAG00000018169",0.336539069993509,0.732356954392823
"vivo","ENSBTAG00000007153.ENSBTAG00000012219",0.335242540077508,0.675950516012808
"vivo","ENSBTAG00000013103.ENSBTAG00000019929",0.334402949579824,0.864979662668781
"vivo","ENSBTAG00000020221.ENSBTAG00000005903",0.333743231681922,1.03670278390639
"vivo","ENSBTAG00000007244.ENSBTAG00000000253",0.332322413017699,0.970381541640272
"vivo","ENSBTAG00000008121.ENSBTAG00000002606",0.330679404163583,0.645546473534896
"vivo","ENSBTAG00000026779.ENSBTAG00000007103",0.328791237941501,1.03972918660152
"vivo","ENSBTAG00000002006.ENSBTAG00000008165",0.327952547576775,0.865515136436079
"vivo","ENSBTAG00000025868.ENSBTAG00000013755",0.327173066048836,0.709419953840212
"vivo","ENSBTAG00000017122.ENSBTAG00000018052",0.325474710611548,0.946113833047154
"vivo","ENSBTAG00000005581.ENSBTAG00000039292",0.325138822201531,0.46608821356546
"vivo","ENSBTAG00000002006.ENSBTAG00000015910",0.316800272363899,0.925682747246721
"vivo","ENSBTAG00000003837.ENSBTAG00000011761",0.316182730943243,0.745153881420767
"vivo","ENSBTAG00000023907.ENSBTAG00000015910",0.314385216600411,0.439988810465496
"vivo","ENSBTAG00000004237.ENSBTAG00000010444",0.314047440268111,0.643580861345791
"vivo","ENSBTAG00000019993.ENSBTAG00000039292",0.312593111463706,0.560356413920312
"vivo","ENSBTAG00000002317.ENSBTAG00000011154",0.312366122738297,0.498930909592556
"vivo","ENSBTAG00000014583.ENSBTAG00000004337",0.308928475402596,0.681634254225564
"vivo","ENSBTAG00000007740.ENSBTAG00000013320",0.308827964520603,0.647599560628169
"vivo","ENSBTAG00000038735.ENSBTAG00000002144",0.307300316915094,0.663357573959897
"vivo","ENSBTAG00000020457.ENSBTAG00000012599",0.306201497068111,0.968294153688601
"vivo","ENSBTAG00000019839.ENSBTAG00000013755",0.305986107019264,0.846085098601946
"vivo","ENSBTAG00000020221.ENSBTAG00000002144",0.305700127987337,0.828684805349364
"vivo","ENSBTAG00000008121.ENSBTAG00000011761",0.305000003371159,0.6157663617191
"vivo","ENSBTAG00000005947.ENSBTAG00000018517",0.304571684120446,0.618444843969638
"vivo","ENSBTAG00000015089.ENSBTAG00000002135",0.303247609007581,0.852368165615539
"vivo","ENSBTAG00000006686.ENSBTAG00000015910",0.299887823650621,0.535751906749486
"vivo","ENSBTAG00000002278.ENSBTAG00000013745",0.295465290376461,0.63809993228469
"vivo","ENSBTAG00000012088.ENSBTAG00000015910",0.294221489442336,0.873457058453844
"vivo","ENSBTAG00000013472.ENSBTAG00000008165",0.293476059866961,0.881010051416435
"vivo","ENSBTAG00000011966.ENSBTAG00000019929",0.293393300672526,0.573030359430998
"vivo","ENSBTAG00000005628.ENSBTAG00000008852",0.292455455459555,0.793943298694666
"vivo","ENSBTAG00000044040.ENSBTAG00000002804",0.29238404658774,0.50387480056353
"vivo","ENSBTAG00000017473.ENSBTAG00000015910",0.29225301795342,0.924185189790889
"vivo","ENSBTAG00000017664.ENSBTAG00000011578",0.290755337795524,0.900699113962679
"vivo","ENSBTAG00000005198.ENSBTAG00000010543",0.289772531327723,0.72539121166139
"vivo","ENSBTAG00000007773.ENSBTAG00000010347",0.287248810888026,0.411762495042951
"vivo","ENSBTAG00000012228.ENSBTAG00000001814",0.285415257052979,0.763060013279371
"vivo","ENSBTAG00000005850.ENSBTAG00000022799",0.284823509595019,0.900691021483082
"vivo","ENSBTAG00000015362.ENSBTAG00000011909",0.283989484835439,0.804533772257382
"vivo","ENSBTAG00000012210.ENSBTAG00000037735",0.282208745869961,0.892422412568713
"vivo","ENSBTAG00000010303.ENSBTAG00000017060",0.281239063759746,0.607085209236455
"vivo","ENSBTAG00000006354.ENSBTAG00000017060",0.277550024226158,0.731410477756903
"vivo","ENSBTAG00000010726.ENSBTAG00000025101",0.276840883092685,0.779221714877365
"vivo","ENSBTAG00000016515.ENSBTAG00000000815",0.276289786452199,0.543653770414487
"vivo","ENSBTAG00000017753.ENSBTAG00000020979",0.274456230527925,0.479900174777471
"vivo","ENSBTAG00000014583.ENSBTAG00000011050",0.272854050285886,0.50563539587404
"vivo","ENSBTAG00000013155.ENSBTAG00000008373",0.271893506508517,0.792071270559581
"vivo","ENSBTAG00000014906.ENSBTAG00000008008",0.271735410780675,0.705630742895692
"vivo","ENSBTAG00000008300.ENSBTAG00000001882",0.270974474722894,0.461366145775338
"vivo","ENSBTAG00000003658.ENSBTAG00000000736",0.270422438882901,0.423020733053441
"vivo","ENSBTAG00000007737.ENSBTAG00000002144",0.269178863530193,0.630000457057056
"vivo","ENSBTAG00000005339.ENSBTAG00000011628",0.268278415595798,0.572786713573642
"vivo","ENSBTAG00000010562.ENSBTAG00000020755",0.268164941707589,0.592052724451173
"vivo","ENSBTAG00000000575.ENSBTAG00000020679",0.266190955246239,0.455144307043912
"vivo","ENSBTAG00000007897.ENSBTAG00000020704",0.265004161904221,0.421169457478508
"vivo","ENSBTAG00000017753.ENSBTAG00000020054",0.264295899281414,0.7581535819911
"vivo","ENSBTAG00000011851.ENSBTAG00000018572",0.263894698586843,0.424458885707107
"vivo","ENSBTAG00000011412.ENSBTAG00000018169",0.262781663217174,0.393949986447335
"vivo","ENSBTAG00000010663.ENSBTAG00000015910",0.262678256630496,0.561968392624705
"vivo","ENSBTAG00000021316.ENSBTAG00000019929",0.262183659251232,0.82909752851137
"vivo","ENSBTAG00000002006.ENSBTAG00000011154",0.260981003191779,0.568699461956549
"vivo","ENSBTAG00000007268.ENSBTAG00000015910",0.259683693699208,0.491168712149832
"vivo","ENSBTAG00000021466.ENSBTAG00000004885",0.257711328441228,0.814954776702011
"vivo","ENSBTAG00000002278.ENSBTAG00000015910",0.254878765823023,0.419536749808044
"vivo","ENSBTAG00000021807.ENSBTAG00000016247",0.253269117815134,0.571678344445146
"vivo","ENSBTAG00000019716.ENSBTAG00000039292",0.249756745170955,0.556515744341141
"vivo","ENSBTAG00000005691.ENSBTAG00000014357",0.248653479018318,0.673558940347362
"vivo","ENSBTAG00000022120.ENSBTAG00000019929",0.246817013791366,0.780503928861908
"vivo","ENSBTAG00000040333.ENSBTAG00000013290",0.24525308002062,0.654248010674273
"vivo","ENSBTAG00000010963.ENSBTAG00000009024",0.244976505148259,0.3238402062275
"vivo","ENSBTAG00000016542.ENSBTAG00000018169",0.243949825380043,0.516188508099339
"vivo","ENSBTAG00000011784.ENSBTAG00000000736",0.243303140979252,0.502426505422581
"vivo","ENSBTAG00000021105.ENSBTAG00000005273",0.239987806068794,0.736989576415582
"vivo","ENSBTAG00000009565.ENSBTAG00000002804",0.239799231712384,0.425182726065994
"vivo","ENSBTAG00000019269.ENSBTAG00000019289",0.239787271251285,0.709844289346878
"vivo","ENSBTAG00000011412.ENSBTAG00000019289",0.239156141148292,0.75627812244532
"vivo","ENSBTAG00000021697.ENSBTAG00000005990",0.238562662087317,0.417037757236783
"vivo","ENSBTAG00000010673.ENSBTAG00000006359",0.238456578998703,0.599566761890839
"vivo","ENSBTAG00000021466.ENSBTAG00000015910",0.23785398479098,0.353728327575717
"vivo","ENSBTAG00000015789.ENSBTAG00000006732",0.237127110559,0.558240852600825
"vivo","ENSBTAG00000006354.ENSBTAG00000025101",0.236452230917649,0.565020373343606
"vivo","ENSBTAG00000005108.ENSBTAG00000015996",0.234996502179397,0.614252753723666
"vivo","ENSBTAG00000018343.ENSBTAG00000015312",0.234389500651702,0.580411725715707
"vivo","ENSBTAG00000047567.ENSBTAG00000001694",0.233365655668035,0.613471358443516
"vivo","ENSBTAG00000019694.ENSBTAG00000013745",0.232905958665799,0.616012096173467
"vivo","ENSBTAG00000003837.ENSBTAG00000002606",0.230882015853099,0.446289189018538
"vivo","ENSBTAG00000008300.ENSBTAG00000011741",0.230574896661803,0.729141844709254
"vivo","ENSBTAG00000005280.ENSBTAG00000048246",0.227716112328918,0.484779604378018
"vivo","ENSBTAG00000021811.ENSBTAG00000020148",0.22556277633754,0.434594572727701
"vivo","ENSBTAG00000013760.ENSBTAG00000003585",0.224719118509472,0.674035836573765
"vivo","ENSBTAG00000005691.ENSBTAG00000020644",0.223755394150366,0.67410762678138
"vivo","ENSBTAG00000007446.ENSBTAG00000015591",0.22222521224572,0.432358838369241
"vivo","ENSBTAG00000018103.ENSBTAG00000006240",0.221890009388811,0.514351543508435
"vivo","ENSBTAG00000021697.ENSBTAG00000019929",0.221386766396005,0.426864447429671
"vivo","ENSBTAG00000025471.ENSBTAG00000012642",0.22045031858749,0.391749793763279
"vivo","ENSBTAG00000007737.ENSBTAG00000011628",0.220213580415541,0.518600402755453
"vivo","ENSBTAG00000015177.ENSBTAG00000010249",0.219807683082489,0.615989712818631
"vivo","ENSBTAG00000016043.ENSBTAG00000018035",0.219005942755325,0.66091717955786
"vivo","ENSBTAG00000005691.ENSBTAG00000015127",0.218887377214452,0.571685909628735
"vivo","ENSBTAG00000009357.ENSBTAG00000011154",0.217915795964573,0.629066474322496
"vivo","ENSBTAG00000016208.ENSBTAG00000015127",0.216506492737229,0.429944155666377
"vivo","ENSBTAG00000020221.ENSBTAG00000035084",0.213375417942095,0.470698357339463
"vivo","ENSBTAG00000018773.ENSBTAG00000006161",0.212284614120458,0.564809260501647
"vivo","ENSBTAG00000021217.ENSBTAG00000015910",0.211334721084084,0.463662833910556
"vivo","ENSBTAG00000001745.ENSBTAG00000019289",0.209970086716942,0.663983714528602
"vivo","ENSBTAG00000010303.ENSBTAG00000007103",0.20971494148941,0.559698747656972
"vivo","ENSBTAG00000020221.ENSBTAG00000002107",0.20587549739277,0.338866042851
"vivo","ENSBTAG00000013155.ENSBTAG00000008165",0.205364280050359,0.411859916855926
"vivo","ENSBTAG00000017246.ENSBTAG00000012314",0.205214495726565,0.440750522829793
"vivo","ENSBTAG00000006538.ENSBTAG00000020704",0.205068660890444,0.444411356631162
"vivo","ENSBTAG00000015114.ENSBTAG00000019929",0.204862978422116,0.460607822230656
"vivo","ENSBTAG00000017564.ENSBTAG00000019832",0.204839917607892,0.64776069536217
"vivo","ENSBTAG00000017753.ENSBTAG00000015228",0.203837818493172,0.609830284344149
"vivo","ENSBTAG00000016208.ENSBTAG00000038141",0.20331126926924,0.553162652955125
"vivo","ENSBTAG00000020556.ENSBTAG00000018517",0.201525482002354,0.63727952969071
"vivo","ENSBTAG00000012057.ENSBTAG00000005072",0.201144971593226,0.636076250124461
"vivo","ENSBTAG00000007740.ENSBTAG00000012119",0.200757822784393,0.425519001845466
"vivo","ENSBTAG00000005691.ENSBTAG00000010543",0.199434742785444,0.44471298567145
"vivo","ENSBTAG00000019770.ENSBTAG00000012314",0.198744692072127,0.628485899816731
"vivo","ENSBTAG00000021048.ENSBTAG00000002144",0.196876051550316,0.349109221689251
"vivo","ENSBTAG00000000016.ENSBTAG00000010497",0.196677996447874,0.420634964037153
"vivo","ENSBTAG00000007897.ENSBTAG00000039292",0.196583624473606,0.341790299809108
"vivo","ENSBTAG00000017246.ENSBTAG00000018035",0.196496856657557,0.353997503152771
"vivo","ENSBTAG00000017473.ENSBTAG00000019289",0.194524244943182,0.615139674144946
"vivo","ENSBTAG00000017753.ENSBTAG00000014420",0.193858452934774,0.29493006682906
"vivo","ENSBTAG00000005077.ENSBTAG00000009851",0.190950782579102,0.603839393941565
"vivo","ENSBTAG00000032808.ENSBTAG00000004211",0.190948324276269,0.446167468392866
"vivo","ENSBTAG00000016542.ENSBTAG00000015910",0.19069918353128,0.530852283250057
"vivo","ENSBTAG00000020194.ENSBTAG00000014064",0.189354765116961,0.598792343575795
"vivo","ENSBTAG00000007737.ENSBTAG00000006240",0.188501494957143,0.4306749553999
"vivo","ENSBTAG00000010179.ENSBTAG00000026676",0.188200286851072,0.390179968278282
"vivo","ENSBTAG00000019964.ENSBTAG00000005828",0.188115819335537,0.487714790041646
"vivo","ENSBTAG00000019336.ENSBTAG00000002107",0.18610998494768,0.260084313153879
"vivo","ENSBTAG00000001764.ENSBTAG00000026676",0.186101718731338,0.56054549928604
"vivo","ENSBTAG00000025775.ENSBTAG00000017489",0.185657553736949,0.441062989914386
"vivo","ENSBTAG00000038735.ENSBTAG00000017981",0.185632756187525,0.414263131140358
"vivo","ENSBTAG00000017564.ENSBTAG00000018035",0.185379037657976,0.436263153874416
"vivo","ENSBTAG00000016648.ENSBTAG00000017266",0.185338608042985,0.475067008427985
"vivo","ENSBTAG00000008121.ENSBTAG00000015127",0.183795192253613,0.423682640751715
"vivo","ENSBTAG00000003835.ENSBTAG00000000231",0.18298029124792,0.559377045137946
"vivo","ENSBTAG00000023907.ENSBTAG00000013745",0.182470829020584,0.47037376250292
"vivo","ENSBTAG00000010123.ENSBTAG00000012314",0.18021775523239,0.548961928667607
"vivo","ENSBTAG00000012228.ENSBTAG00000010146",0.179214420825615,0.460032286228858
"vivo","ENSBTAG00000018134.ENSBTAG00000011628",0.178511583794988,0.38529265781402
"vivo","ENSBTAG00000007740.ENSBTAG00000026676",0.177841003949685,0.296313388780278
"vivo","ENSBTAG00000007244.ENSBTAG00000011741",0.176926818975355,0.499591854748124
"vivo","ENSBTAG00000007148.ENSBTAG00000020199",0.175910128241289,0.378277263398453
"vivo","ENSBTAG00000014218.ENSBTAG00000011761",0.175563586505323,0.371728905403263
"vivo","ENSBTAG00000025644.ENSBTAG00000004588",0.173006622793862,0.493383595174339
"vivo","ENSBTAG00000012210.ENSBTAG00000039292",0.172796724506392,0.280529635023151
"vivo","ENSBTAG00000017122.ENSBTAG00000011741",0.171381949501604,0.463279646110908
"vivo","ENSBTAG00000010312.ENSBTAG00000017753",0.170371810491832,0.37010347741054
"vivo","ENSBTAG00000020457.ENSBTAG00000015910",0.168098438470144,0.377234406988605
"vivo","ENSBTAG00000015742.ENSBTAG00000017060",0.167904496845007,0.530960639414778
"vivo","ENSBTAG00000020406.ENSBTAG00000047793",0.167161591594299,0.528611366736842
"vivo","ENSBTAG00000014737.ENSBTAG00000001462",0.166884551341952,0.527735288535879
"vivo","ENSBTAG00000015352.ENSBTAG00000012599",0.165927225650169,0.419281539410456
"vivo","ENSBTAG00000001725.ENSBTAG00000015127",0.164521256627477,0.337045984946538
"vivo","ENSBTAG00000025644.ENSBTAG00000004337",0.164294333398053,0.333951833165117
"vivo","ENSBTAG00000005947.ENSBTAG00000017060",0.162370160411129,0.477363650691939
"vivo","ENSBTAG00000007897.ENSBTAG00000019903",0.16114098426498,0.314362189320052
"vivo","ENSBTAG00000009972.ENSBTAG00000011909",0.160716193820555,0.508229229346033
"vivo","ENSBTAG00000037778.ENSBTAG00000039292",0.160612799242381,0.169792795719218
"vivo","ENSBTAG00000011802.ENSBTAG00000019289",0.160061106157372,0.439484823841688
"vivo","ENSBTAG00000020221.ENSBTAG00000016999",0.159464762485647,0.504271855992418
"vivo","ENSBTAG00000002317.ENSBTAG00000014966",0.159113426844737,0.289504387630652
"vivo","ENSBTAG00000001321.ENSBTAG00000013205",0.156534913509575,0.495006860027718
"vivo","ENSBTAG00000012004.ENSBTAG00000013843",0.155065898778492,0.490361427561158
"vivo","ENSBTAG00000032436.ENSBTAG00000006161",0.154830820727085,0.21695648296306
"vivo","ENSBTAG00000031444.ENSBTAG00000006360",0.15415973826096,0.295462916296587
"vivo","ENSBTAG00000010123.ENSBTAG00000005903",0.152514518255602,0.460357278476377
"vivo","ENSBTAG00000008300.ENSBTAG00000014357",0.152129475384015,0.25763089108612
"vivo","ENSBTAG00000008027.ENSBTAG00000002144",0.152070349872912,0.4808886701771
"vivo","ENSBTAG00000025410.ENSBTAG00000018343",0.150905346508959,0.222006854559255
"vivo","ENSBTAG00000013201.ENSBTAG00000020319",0.149975537762154,0.285839771537943
"vivo","ENSBTAG00000010991.ENSBTAG00000007348",0.149945772143703,0.47417016548673
"vivo","ENSBTAG00000002278.ENSBTAG00000019929",0.149543591642689,0.315086005227544
"vivo","ENSBTAG00000017280.ENSBTAG00000017060",0.148876186980797,0.359655343584406
"vivo","ENSBTAG00000046421.ENSBTAG00000006240",0.147890514987473,0.319287942152877
"vivo","ENSBTAG00000017664.ENSBTAG00000014357",0.147522583402963,0.348755282914402
"vivo","ENSBTAG00000015991.ENSBTAG00000018993",0.146833500565317,0.417487638185169
"vivo","ENSBTAG00000020238.ENSBTAG00000004739",0.146564174311415,0.285936893506332
"vivo","ENSBTAG00000013898.ENSBTAG00000016159",0.146185349736756,0.289817703738908
"vivo","ENSBTAG00000020342.ENSBTAG00000002107",0.144919673329698,0.358428733826288
"vivo","ENSBTAG00000015043.ENSBTAG00000007909",0.14345228508264,0.441317402414817
"vivo","ENSBTAG00000025257.ENSBTAG00000019428",0.142816040050781,0.317443210842572
"vivo","ENSBTAG00000003253.ENSBTAG00000011434",0.142375583501962,0.450231127061693
"vivo","ENSBTAG00000005710.ENSBTAG00000011425",0.142061164523527,0.320265781948458
"vivo","ENSBTAG00000002080.ENSBTAG00000022799",0.141028505022325,0.295162218236767
"vivo","ENSBTAG00000038735.ENSBTAG00000019903",0.141004836894978,0.374743886939719
"vivo","ENSBTAG00000021048.ENSBTAG00000016948",0.139145514801548,0.272191496821265
"vivo","ENSBTAG00000012004.ENSBTAG00000019832",0.139121284450489,0.439940129871711
"vivo","ENSBTAG00000002006.ENSBTAG00000005903",0.138260738696953,0.417358571987968
"vivo","ENSBTAG00000010123.ENSBTAG00000018517",0.138141778943906,0.331695854012198
"vivo","ENSBTAG00000000130.ENSBTAG00000010785",0.137369399635959,0.251571876714106
"vivo","ENSBTAG00000000575.ENSBTAG00000026676",0.136773219612374,0.289363352618065
"vivo","ENSBTAG00000015991.ENSBTAG00000010444",0.136011694110031,0.299136104838248
"vivo","ENSBTAG00000005947.ENSBTAG00000019712",0.135741595740222,0.429252615764912
"vivo","ENSBTAG00000002473.ENSBTAG00000003777",0.133564949319581,0.34869931385925
"vivo","ENSBTAG00000025644.ENSBTAG00000019021",0.133299079239506,0.421528700400104
"vivo","ENSBTAG00000005581.ENSBTAG00000014162",0.132496461381418,0.41899059987782
"vivo","ENSBTAG00000005108.ENSBTAG00000009851",0.130937862411767,0.313792808565228
"vivo","ENSBTAG00000005198.ENSBTAG00000011628",0.130788499183923,0.41358954917627
"vivo","ENSBTAG00000007148.ENSBTAG00000008165",0.130305324864133,0.30339610356912
"vivo","ENSBTAG00000007740.ENSBTAG00000015127",0.129092205972814,0.299323556199418
"vivo","ENSBTAG00000010738.ENSBTAG00000014162",0.128816004120823,0.407351972103436
"vivo","ENSBTAG00000008096.ENSBTAG00000019733",0.128004584317067,0.314751288144792
"vivo","ENSBTAG00000011802.ENSBTAG00000015910",0.127581982485466,0.34595517770774
"vivo","ENSBTAG00000005359.ENSBTAG00000018035",0.12748547531474,0.305618255865218
"vivo","ENSBTAG00000012004.ENSBTAG00000018035",0.126217856048302,0.219212479656654
"vivo","ENSBTAG00000008300.ENSBTAG00000013745",0.124989233983801,0.294237833425448
"vivo","ENSBTAG00000002880.ENSBTAG00000012687",0.124553790285191,0.267053282920857
"vivo","ENSBTAG00000007737.ENSBTAG00000006161",0.123960872532722,0.333953429862386
"vivo","ENSBTAG00000012638.ENSBTAG00000014420",0.123259370267775,0.389780353004208
"vivo","ENSBTAG00000007273.ENSBTAG00000034385",0.121384311575391,0.383850896789777
"vivo","ENSBTAG00000010161.ENSBTAG00000039292",0.11973806242271,0.291248464413235
"vivo","ENSBTAG00000017280.ENSBTAG00000005397",0.119464470122483,0.311295639988012
"vivo","ENSBTAG00000034077.ENSBTAG00000023731",0.119183226966954,0.298303212782441
"vivo","ENSBTAG00000011412.ENSBTAG00000017266",0.116665434122826,0.335929298260713
"vivo","ENSBTAG00000000575.ENSBTAG00000015127",0.11607055907505,0.283352069826416
"vivo","ENSBTAG00000014583.ENSBTAG00000014567",0.115719211183278,0.27398800732022
"vivo","ENSBTAG00000032808.ENSBTAG00000007498",0.115181389790211,0.319093138372686
"vivo","ENSBTAG00000007446.ENSBTAG00000008733",0.114926534275279,0.333238696442314
"vivo","ENSBTAG00000005260.ENSBTAG00000019929",0.114811104923534,0.24881284522561
"vivo","ENSBTAG00000013162.ENSBTAG00000002144",0.114324133606218,0.223831757419452
"vivo","ENSBTAG00000038735.ENSBTAG00000020704",0.114120400086812,0.156630988389641
"vivo","ENSBTAG00000012413.ENSBTAG00000010543",0.114059897965597,0.360689067257693
"vivo","ENSBTAG00000014834.ENSBTAG00000005828",0.113857883506341,0.327977753922305
"vivo","ENSBTAG00000025471.ENSBTAG00000020054",0.113349038700707,0.23932095608878
"vivo","ENSBTAG00000013103.ENSBTAG00000015910",0.113025211690625,0.184454778741097
"vivo","ENSBTAG00000015509.ENSBTAG00000012687",0.111359043197758,0.231617929355872
"vivo","ENSBTAG00000008300.ENSBTAG00000018993",0.110921868198073,0.350765745826907
"vivo","ENSBTAG00000001321.ENSBTAG00000005273",0.110638291283615,0.199498036516288
"vivo","ENSBTAG00000005111.ENSBTAG00000011909",0.110059947297604,0.335596771410849
"vivo","ENSBTAG00000007446.ENSBTAG00000008849",0.109683038802877,0.34684822330572
"vivo","ENSBTAG00000000793.ENSBTAG00000017266",0.109536887839422,0.310788905251427
"vivo","ENSBTAG00000022120.ENSBTAG00000006240",0.1094936035027,0.346249176287921
"vivo","ENSBTAG00000004777.ENSBTAG00000014420",0.109108600840194,0.345031690969175
"vivo","ENSBTAG00000010963.ENSBTAG00000000973",0.107597671948433,0.22039915741538
"vivo","ENSBTAG00000017122.ENSBTAG00000011154",0.107028669819143,0.222266057793722
"vivo","ENSBTAG00000000073.ENSBTAG00000018517",0.106871895037568,0.232423546243835
"vivo","ENSBTAG00000015362.ENSBTAG00000018105",0.10609091053451,0.20341748191203
"vivo","ENSBTAG00000012817.ENSBTAG00000005397",0.105446201484989,0.333450167305594
"vivo","ENSBTAG00000014113.ENSBTAG00000001338",0.105394912462492,0.333287977175539
"vivo","ENSBTAG00000016208.ENSBTAG00000015910",0.104748992840409,0.192668405928663
"vivo","ENSBTAG00000015991.ENSBTAG00000000253",0.104680419654087,0.29833652497753
"vivo","ENSBTAG00000013472.ENSBTAG00000001462",0.103831728938988,0.198538465816391
"vivo","ENSBTAG00000020221.ENSBTAG00000005092",0.103052803296658,0.325881577682749
"vivo","ENSBTAG00000021326.ENSBTAG00000014798",0.101643570645293,0.30896826353519
"vivo","ENSBTAG00000022120.ENSBTAG00000013745",0.101056623087522,0.319569101601728
"vivo","ENSBTAG00000007737.ENSBTAG00000045633",0.101025374132736,0.247576180975952
"vivo","ENSBTAG00000017549.ENSBTAG00000002699",0.100359750110349,0.317365395754037
"vivo","ENSBTAG00000014583.ENSBTAG00000011628",0.0998216289575854,0.223219668536586
"vivo","ENSBTAG00000020406.ENSBTAG00000021527",0.0994113727020337,0.196550693431818
"vivo","ENSBTAG00000023652.ENSBTAG00000001694",0.0992324378256644,0.293866710076934
"vivo","ENSBTAG00000025257.ENSBTAG00000014162",0.0988794774866481,0.227206585490864
"vivo","ENSBTAG00000007725.ENSBTAG00000012687",0.0988794028244991,0.168891298812182
"vivo","ENSBTAG00000011966.ENSBTAG00000017266",0.0987787228822767,0.201253079729389
"vivo","ENSBTAG00000009478.ENSBTAG00000018035",0.0984669433962834,0.19075771306526
"vivo","ENSBTAG00000020457.ENSBTAG00000018035",0.0978500173499324,0.291941315942901
"vivo","ENSBTAG00000004148.ENSBTAG00000003255",0.0976289715442027,0.308729915699447
"vivo","ENSBTAG00000014218.ENSBTAG00000005903",0.0973798571818878,0.237103982139579
"vivo","ENSBTAG00000025644.ENSBTAG00000011628",0.0968265451877543,0.19730660275438
"vivo","ENSBTAG00000013003.ENSBTAG00000012687",0.0966630077042421,0.278418145519942
"vivo","ENSBTAG00000017664.ENSBTAG00000006161",0.0963389949019772,0.210733909807406
"vivo","ENSBTAG00000015991.ENSBTAG00000021527",0.0960834267819148,0.303842474024873
"vivo","ENSBTAG00000004924.ENSBTAG00000039292",0.0955041153674969,0.23147549258958
"vivo","ENSBTAG00000008817.ENSBTAG00000019929",0.0951927533724515,0.20128940855227
"vivo","ENSBTAG00000006984.ENSBTAG00000021818",0.0945617812343127,0.204510201640913
"vivo","ENSBTAG00000003505.ENSBTAG00000006161",0.0943336473178775,0.204805148537118
"vivo","ENSBTAG00000005198.ENSBTAG00000015457",0.0921262775340962,0.171241143262155
"vivo","ENSBTAG00000017473.ENSBTAG00000017266",0.0904417579088886,0.20612084329437
"vivo","ENSBTAG00000013103.ENSBTAG00000004885",0.0892934149291177,0.255057781206844
"vivo","ENSBTAG00000017753.ENSBTAG00000004334",0.0891803105451852,0.282012903763918
"vivo","ENSBTAG00000000016.ENSBTAG00000024928",0.0891291865051147,0.281851235354105
"vivo","ENSBTAG00000011851.ENSBTAG00000012771",0.0881961842160277,0.243008447147597
"vivo","ENSBTAG00000002006.ENSBTAG00000017266",0.0879608660576294,0.242987130914347
"vivo","ENSBTAG00000018103.ENSBTAG00000014420",0.0863091120833918,0.272933377010279
"vivo","ENSBTAG00000021811.ENSBTAG00000003777",0.0858773360805487,0.271567981402291
"vivo","ENSBTAG00000022635.ENSBTAG00000009757",0.0858516557156242,0.170201502432527
"vivo","ENSBTAG00000001725.ENSBTAG00000001338",0.0858052179470076,0.23113877063771
"vivo","ENSBTAG00000000277.ENSBTAG00000011238",0.0856258697800689,0.230935684116544
"vivo","ENSBTAG00000008027.ENSBTAG00000017981",0.0843159299699932,0.266630381740431
"vivo","ENSBTAG00000006538.ENSBTAG00000016948",0.0828814895117945,0.191310802678458
"vivo","ENSBTAG00000005305.ENSBTAG00000020979",0.0826663307739895,0.112812973725373
"vivo","ENSBTAG00000017564.ENSBTAG00000017846",0.0819351189811379,0.259101596337291
"vivo","ENSBTAG00000012004.ENSBTAG00000013755",0.0805100025755144,0.254594982564648
"vivo","ENSBTAG00000011104.ENSBTAG00000018300",0.0796392702422088,0.232295313398347
"vivo","ENSBTAG00000007773.ENSBTAG00000003418",0.0781551882497968,0.16496520636917
"vivo","ENSBTAG00000006655.ENSBTAG00000003255",0.0780849065959118,0.225637408956189
"vivo","ENSBTAG00000013472.ENSBTAG00000019289",0.0777678732929576,0.226688936905457
"vivo","ENSBTAG00000019269.ENSBTAG00000015910",0.0770109542693655,0.148383884283194
"vivo","ENSBTAG00000025644.ENSBTAG00000011425",0.0768652331642583,0.187818725131985
"vivo","ENSBTAG00000006295.ENSBTAG00000017489",0.0764286896649944,0.191361771486585
"vivo","ENSBTAG00000025644.ENSBTAG00000026813",0.0757951430372092,0.161962569265159
"vivo","ENSBTAG00000005260.ENSBTAG00000015910",0.0757505527239301,0.139800172566526
"vivo","ENSBTAG00000012228.ENSBTAG00000014966",0.0756502780905968,0.159699632086446
"vivo","ENSBTAG00000015362.ENSBTAG00000000231",0.0748071963056482,0.146513759843433
"vivo","ENSBTAG00000013103.ENSBTAG00000013745",0.0746207262086693,0.235971455475216
"vivo","ENSBTAG00000011966.ENSBTAG00000012897",0.0744407291655121,0.118207433758187
"vivo","ENSBTAG00000007773.ENSBTAG00000015910",0.0743239791405879,0.228644747466246
"vivo","ENSBTAG00000005250.ENSBTAG00000006240",0.0742783192592796,0.234888669628475
"vivo","ENSBTAG00000032808.ENSBTAG00000010785",0.0739946526353421,0.167536033073949
"vivo","ENSBTAG00000020638.ENSBTAG00000001141",0.0735405698447129,0.155056785017846
"vivo","ENSBTAG00000000575.ENSBTAG00000011628",0.0730992598416673,0.134859191099732
"vivo","ENSBTAG00000003300.ENSBTAG00000019929",0.0729957356684664,0.230832784191947
"vivo","ENSBTAG00000037533.ENSBTAG00000005397",0.0724954321833818,0.22925068565776
"vivo","ENSBTAG00000015362.ENSBTAG00000018114",0.0722992130511056,0.129483767067697
"vivo","ENSBTAG00000013472.ENSBTAG00000015910",0.0722799175167083,0.154654234989483
"vivo","ENSBTAG00000025644.ENSBTAG00000011050",0.0718347833113987,0.220794283771452
"vivo","ENSBTAG00000017246.ENSBTAG00000012599",0.0706919963841116,0.149419501899342
"vivo","ENSBTAG00000010303.ENSBTAG00000011628",0.070036710330655,0.150643521035789
"vivo","ENSBTAG00000003658.ENSBTAG00000018517",0.0689950946385912,0.184114832355127
"vivo","ENSBTAG00000012398.ENSBTAG00000012314",0.0673033019606043,0.111128716245254
"vivo","ENSBTAG00000005359.ENSBTAG00000019832",0.0669457669678559,0.211701103325289
"vivo","ENSBTAG00000023907.ENSBTAG00000019929",0.0658643970658151,0.208281511441687
"vivo","ENSBTAG00000004924.ENSBTAG00000031718",0.0654834477607862,0.207076843964737
"vivo","ENSBTAG00000001321.ENSBTAG00000002144",0.0652418405271292,0.206312814807209
"vivo","ENSBTAG00000006295.ENSBTAG00000020704",0.0647960522108885,0.204903108373597
"vivo","ENSBTAG00000020457.ENSBTAG00000013843",0.0645911934009991,0.204255287935595
"vivo","ENSBTAG00000008817.ENSBTAG00000015910",0.0642407085485663,0.203146957516519
"vivo","ENSBTAG00000009972.ENSBTAG00000018114",0.0638784244673337,0.163282210479051
"vivo","ENSBTAG00000010738.ENSBTAG00000019428",0.0634770833245414,0.133980747863217
"vivo","ENSBTAG00000005339.ENSBTAG00000019929",0.063289694535595,0.145793380312628
"vivo","ENSBTAG00000016542.ENSBTAG00000017266",0.0630844493604223,0.114777042603326
"vivo","ENSBTAG00000011010.ENSBTAG00000009757",0.0629408221586036,0.199036355824783
"vivo","ENSBTAG00000015991.ENSBTAG00000011628",0.0624769021107415,0.14088864560941
"vivo","ENSBTAG00000012444.ENSBTAG00000015127",0.062091017184164,0.196349036538613
"vivo","ENSBTAG00000015089.ENSBTAG00000015910",0.0620066758184932,0.137756442890065
"vivo","ENSBTAG00000007244.ENSBTAG00000019929",0.0616405249059856,0.13271834738742
"vivo","ENSBTAG00000003658.ENSBTAG00000015910",0.0614037512992926,0.176975356474239
"vivo","ENSBTAG00000002441.ENSBTAG00000039292",0.0602113439512174,0.169543522993088
"vivo","ENSBTAG00000006685.ENSBTAG00000005215",0.0601141352563841,0.190097586981604
"vivo","ENSBTAG00000011966.ENSBTAG00000019289",0.0601141352563841,0.190097586981604
"vivo","ENSBTAG00000021879.ENSBTAG00000013755",0.0595127591814941,0.114713469299294
"vivo","ENSBTAG00000030710.ENSBTAG00000013755",0.0586514763835823,0.167800487810109
"vivo","ENSBTAG00000021333.ENSBTAG00000017801",0.0581122904709559,0.125009824113954
"vivo","ENSBTAG00000014556.ENSBTAG00000026676",0.0580279848101159,0.124408949978517
"vivo","ENSBTAG00000010663.ENSBTAG00000013745",0.0579621501650268,0.183292412602189
"vivo","ENSBTAG00000016515.ENSBTAG00000006359",0.0576045917535659,0.154519392478555
"vivo","ENSBTAG00000021945.ENSBTAG00000011741",0.057302156768527,0.181205330228579
"vivo","ENSBTAG00000011082.ENSBTAG00000012687",0.0567935476665713,0.148627150568835
"vivo","ENSBTAG00000010303.ENSBTAG00000020892",0.0558046829229134,0.126158780713283
"vivo","ENSBTAG00000013103.ENSBTAG00000010682",0.055542229046085,0.0926570002828696
"vivo","ENSBTAG00000020645.ENSBTAG00000020199",0.05477480395595,0.152385900630315
"vivo","ENSBTAG00000019839.ENSBTAG00000019929",0.0543853241589581,0.136131651863033
"vivo","ENSBTAG00000011034.ENSBTAG00000020148",0.054290770982482,0.119588852201794
"vivo","ENSBTAG00000017753.ENSBTAG00000015996",0.0533848474815081,0.168817710582269
"vivo","ENSBTAG00000005359.ENSBTAG00000024269",0.0529768828501945,0.167527613142527
"vivo","ENSBTAG00000012066.ENSBTAG00000013569",0.0509302038394142,0.112018962752771
"vivo","ENSBTAG00000000130.ENSBTAG00000014357",0.0495464063730755,0.100528017768414
"vivo","ENSBTAG00000006538.ENSBTAG00000002144",0.0492008576783727,0.106523458259116
"vivo","ENSBTAG00000008817.ENSBTAG00000012897",0.0490070037628346,0.0899427117272104
"vivo","ENSBTAG00000015991.ENSBTAG00000024015",0.0478619883488038,0.0868887361098196
"vivo","ENSBTAG00000007897.ENSBTAG00000002144",0.0476071332420899,0.15054697391612
"vivo","ENSBTAG00000019665.ENSBTAG00000005273",0.0470086671732895,0.12164001012918
"vivo","ENSBTAG00000007338.ENSBTAG00000017593",0.0469244556539373,0.0864866746397944
"vivo","ENSBTAG00000011802.ENSBTAG00000017266",0.0467862117494417,0.109821117918603
"vivo","ENSBTAG00000005108.ENSBTAG00000011154",0.0465524212385765,0.147211681709499
"vivo","ENSBTAG00000017455.ENSBTAG00000015910",0.0462071249567839,0.146119758991447
"vivo","ENSBTAG00000006295.ENSBTAG00000019903",0.0459224494464585,0.145219535984748
"vivo","ENSBTAG00000009478.ENSBTAG00000018114",0.044943420872216,0.142123575795754
"vivo","ENSBTAG00000002317.ENSBTAG00000026676",0.0445174123763863,0.106299481883253
"vivo","ENSBTAG00000014113.ENSBTAG00000014162",0.0438065800948288,0.0803859569159775
"vivo","ENSBTAG00000015362.ENSBTAG00000006420",0.0437884146282547,0.106399615399817
"vivo","ENSBTAG00000010663.ENSBTAG00000019929",0.0436063586547918,0.101842206847305
"vivo","ENSBTAG00000010312.ENSBTAG00000014420",0.0435755736184914,0.137798062982778
"vivo","ENSBTAG00000005163.ENSBTAG00000006240",0.0432949007560123,0.0950096671162328
"vivo","ENSBTAG00000020676.ENSBTAG00000017060",0.0431732181666605,0.115866371398369
"vivo","ENSBTAG00000021326.ENSBTAG00000039292",0.0425901943600362,0.0904014442517258
"vivo","ENSBTAG00000018255.ENSBTAG00000015127",0.0411814909606981,0.130227308877441
"vivo","ENSBTAG00000013103.ENSBTAG00000001462",0.0406921951743578,0.128680019743083
"vivo","ENSBTAG00000005359.ENSBTAG00000011909",0.0405439272686433,0.128211155457122
"vivo","ENSBTAG00000012004.ENSBTAG00000015910",0.0398921984551135,0.126150207989609
"vivo","ENSBTAG00000017866.ENSBTAG00000008008",0.0398032892152601,0.125869052286638
"vivo","ENSBTAG00000001244.ENSBTAG00000017060",0.0397639733000855,0.0658114562100379
"vivo","ENSBTAG00000011757.ENSBTAG00000004334",0.038418429265623,0.0697032209621863
"vivo","ENSBTAG00000039355.ENSBTAG00000011578",0.0378719052115219,0.11976147979841
"vivo","ENSBTAG00000008300.ENSBTAG00000013125",0.0377022451085336,0.119224967444908
"vivo","ENSBTAG00000014583.ENSBTAG00000026813",0.0373879006618631,0.118230923023604
"vivo","ENSBTAG00000004630.ENSBTAG00000015910",0.0370843933670848,0.0791955758350073
"vivo","ENSBTAG00000025775.ENSBTAG00000019903",0.0367178787178088,0.116112127598099
"vivo","ENSBTAG00000005710.ENSBTAG00000015457",0.036610864329076,0.115773718387292
"vivo","ENSBTAG00000016208.ENSBTAG00000014944",0.0363715776341147,0.115017027417441
"vivo","ENSBTAG00000004362.ENSBTAG00000014357",0.036008027003832,0.0759352761356093
"vivo","ENSBTAG00000011238.ENSBTAG00000002951",0.0359785544296444,0.056679619287589
"vivo","ENSBTAG00000012849.ENSBTAG00000019929",0.0352723754412871,0.0812724317544851
"vivo","ENSBTAG00000014906.ENSBTAG00000020755",0.0343829621496561,0.108728473096273
"vivo","ENSBTAG00000011034.ENSBTAG00000003777",0.0343509344322195,0.108627192560916
"vivo","ENSBTAG00000008611.ENSBTAG00000011761",0.0341339969107616,0.107941175883158
"vivo","ENSBTAG00000006295.ENSBTAG00000002144",0.0339421534741464,0.1073345136693
"vivo","ENSBTAG00000014583.ENSBTAG00000020661",0.033656990494162,0.0712430145868237
"vivo","ENSBTAG00000016542.ENSBTAG00000019289",0.0332692335301285,0.10520655396325
"vivo","ENSBTAG00000007273.ENSBTAG00000002144",0.0331241153453545,0.104747649969455
"vivo","ENSBTAG00000039355.ENSBTAG00000018993",0.0324055498801907,0.102475346451599
"vivo","ENSBTAG00000017582.ENSBTAG00000002699",0.0321377017426603,0.0953422916959635
"vivo","ENSBTAG00000012529.ENSBTAG00000012899",0.0316852946298582,0.0568278280772599
"vivo","ENSBTAG00000005077.ENSBTAG00000001060",0.0316158401958311,0.0999780651587301
"vivo","ENSBTAG00000007740.ENSBTAG00000015910",0.0307100617201186,0.097113742119923
"vivo","ENSBTAG00000008300.ENSBTAG00000017266",0.02928500467206,0.064932085717572
"vivo","ENSBTAG00000004237.ENSBTAG00000011628",0.029181653909898,0.0922804922460357
"vivo","ENSBTAG00000002006.ENSBTAG00000015127",0.0288566743143287,0.0912528165309563
"vivo","ENSBTAG00000021048.ENSBTAG00000019903",0.0286755006895027,0.0715127837889584
"vivo","ENSBTAG00000002317.ENSBTAG00000018052",0.0283769513657441,0.0897357993675771
"vivo","ENSBTAG00000032436.ENSBTAG00000019832",0.0283769513657441,0.0897357993675771
"vivo","ENSBTAG00000005108.ENSBTAG00000004356",0.0282363057708267,0.0622701061399695
"vivo","ENSBTAG00000021217.ENSBTAG00000010682",0.0274730523357542,0.0868774196579921
"vivo","ENSBTAG00000004129.ENSBTAG00000014798",0.0273651470009037,0.0513258063016737
"vivo","ENSBTAG00000019964.ENSBTAG00000001694",0.0256307425050109,0.0434603307008678
"vivo","ENSBTAG00000000575.ENSBTAG00000019929",0.0250437242376758,0.0543805577804016
"vivo","ENSBTAG00000011810.ENSBTAG00000003777",0.0248875738643629,0.0787014188470653
"vivo","ENSBTAG00000017866.ENSBTAG00000006240",0.0244758578533786,0.0403950574171216
"vivo","ENSBTAG00000007273.ENSBTAG00000032719",0.0238708254199042,0.0754861779551425
"vivo","ENSBTAG00000004129.ENSBTAG00000014162",0.0237316523522575,0.0750460740724262
"vivo","ENSBTAG00000017312.ENSBTAG00000017136",0.0234035645441242,0.0554806327418006
"vivo","ENSBTAG00000032436.ENSBTAG00000018035",0.0232088007704452,0.0733926721956775
"vivo","ENSBTAG00000025868.ENSBTAG00000008165",0.0229731451055658,0.0726474635511372
"vivo","ENSBTAG00000018200.ENSBTAG00000020892",0.021807037778538,0.0508281336793546
"vivo","ENSBTAG00000000793.ENSBTAG00000019289",0.0218023797592848,0.0464243602880288
"vivo","ENSBTAG00000005260.ENSBTAG00000013755",0.0214605648273131,0.0678642647280073
"vivo","ENSBTAG00000010312.ENSBTAG00000020199",0.0211646510233137,0.0358828894365691
"vivo","ENSBTAG00000038735.ENSBTAG00000016948",0.0211484964556059,0.0668774178877127
"vivo","ENSBTAG00000005260.ENSBTAG00000013745",0.0210070779382736,0.0664302132696186
"vivo","ENSBTAG00000008026.ENSBTAG00000007175",0.0209558088602316,0.0662680862094691
"vivo","ENSBTAG00000003176.ENSBTAG00000015910",0.0208828419696806,0.0660373446415477
"vivo","ENSBTAG00000013066.ENSBTAG00000021527",0.020827302496357,0.065861713405799
"vivo","ENSBTAG00000017455.ENSBTAG00000017266",0.0192441394319414,0.0608553122147937
"vivo","ENSBTAG00000004630.ENSBTAG00000003585",0.018882407487732,0.0597114153686509
"vivo","ENSBTAG00000001941.ENSBTAG00000006161",0.0186994164135011,0.0591327467826006
"vivo","ENSBTAG00000020457.ENSBTAG00000019929",0.018539090987955,0.0586257532710391
"vivo","ENSBTAG00000009972.ENSBTAG00000024269",0.0181279971258457,0.0573257603346586
"vivo","ENSBTAG00000012398.ENSBTAG00000014357",0.0178070036164695,0.0406418028493034
"vivo","ENSBTAG00000038221.ENSBTAG00000000815",0.0178018287451816,0.0562943253510312
"vivo","ENSBTAG00000021807.ENSBTAG00000021664",0.0177413309159567,0.0561030144171844
"vivo","ENSBTAG00000006396.ENSBTAG00000003798",0.0173719260455944,0.0383564067897328
"vivo","ENSBTAG00000011412.ENSBTAG00000012897",0.0173450051494308,0.0398225276425818
"vivo","ENSBTAG00000023907.ENSBTAG00000015996",0.0172288384840853,0.0378543978217036
"vivo","ENSBTAG00000045520.ENSBTAG00000039292",0.0167157628751695,0.0358118750230335
"vivo","ENSBTAG00000008027.ENSBTAG00000020704",0.0163021195348232,0.051551828418366
"vivo","ENSBTAG00000012623.ENSBTAG00000002606",0.0160477252240154,0.0507473629724246
"vivo","ENSBTAG00000010673.ENSBTAG00000000815",0.0158962325006972,0.0502683009177972
"vivo","ENSBTAG00000006354.ENSBTAG00000012071",0.0142825409186392,0.0391548813824257
"vivo","ENSBTAG00000021466.ENSBTAG00000010682",0.0140671056128023,0.0307556300684537
"vivo","ENSBTAG00000017455.ENSBTAG00000013755",0.0139919963157178,0.0442465773703528
"vivo","ENSBTAG00000012004.ENSBTAG00000019929",0.0133272774795014,0.0316379327208709
"vivo","ENSBTAG00000017246.ENSBTAG00000002144",0.0129612585003819,0.0409870982034251
"vivo","ENSBTAG00000016648.ENSBTAG00000015910",0.0124353393875723,0.0393239959419317
"vivo","ENSBTAG00000004630.ENSBTAG00000013745",0.0124292229616232,0.039304654104793
"vivo","ENSBTAG00000012398.ENSBTAG00000008008",0.0124292229616232,0.039304654104793
"vivo","ENSBTAG00000011851.ENSBTAG00000002699",0.0124100146246341,0.0392439120098434
"vivo","ENSBTAG00000008027.ENSBTAG00000012314",0.0124057272660436,0.0392303541915514
"vivo","ENSBTAG00000000283.ENSBTAG00000012771",0.0123321058540884,0.0389975428452155
"vivo","ENSBTAG00000020457.ENSBTAG00000013755",0.0123045150389314,0.0389102930268185
"vivo","ENSBTAG00000001368.ENSBTAG00000015910",0.0120228270512768,0.0380195173963207
"vivo","ENSBTAG00000005691.ENSBTAG00000015457",0.0120228270512768,0.0380195173963206
"vivo","ENSBTAG00000012066.ENSBTAG00000019929",0.011936913855415,0.0377478360163331
"vivo","ENSBTAG00000020645.ENSBTAG00000021527",0.0116926994856884,0.0247384130971269
"vivo","ENSBTAG00000008027.ENSBTAG00000017489",0.0114329060776796,0.0242758286309486
"vivo","ENSBTAG00000007708.ENSBTAG00000000244",0.0113041261598104,0.0238314191095252
"vivo","ENSBTAG00000011082.ENSBTAG00000002402",0.0106750638926801,0.0337575160686924
"vivo","ENSBTAG00000000575.ENSBTAG00000011154",0.0106712635851355,0.0337454984410425
"vivo","ENSBTAG00000012164.ENSBTAG00000010498",0.0106045681877285,0.033534589075786
"vivo","ENSBTAG00000019267.ENSBTAG00000014357",0.0106045681877284,0.033534589075786
"vivo","ENSBTAG00000009478.ENSBTAG00000006420",0.00984052488138397,0.0311184719967316
"vivo","ENSBTAG00000020645.ENSBTAG00000011628",0.0097938923894702,0.0309710071093147
"vivo","ENSBTAG00000009212.ENSBTAG00000012314",0.00977406669637411,0.0309083127629396
"vivo","ENSBTAG00000013191.ENSBTAG00000015910",0.00977030888526433,0.030896429520816
"vivo","ENSBTAG00000010738.ENSBTAG00000001338",0.00972843613289892,0.0307640162514411
"vivo","ENSBTAG00000022635.ENSBTAG00000015910",0.00971657218639542,0.0307264991584517
"vivo","ENSBTAG00000025775.ENSBTAG00000016948",0.00971436430598161,0.0307195172275427
"vivo","ENSBTAG00000009478.ENSBTAG00000000231",0.00966372369742511,0.0305593775624072
"vivo","ENSBTAG00000007740.ENSBTAG00000017266",0.0096426572369734,0.0304927595651419
"vivo","ENSBTAG00000017685.ENSBTAG00000007421",0.0095671769680122,0.0302540699968224
"vivo","ENSBTAG00000008300.ENSBTAG00000019929",0.00913523880772218,0.0288881616019631
"vivo","ENSBTAG00000013066.ENSBTAG00000012687",0.00905276010590679,0.0286273410457726
"vivo","ENSBTAG00000017246.ENSBTAG00000006161",0.00815031658715979,0.0257735640668752
"vivo","ENSBTAG00000019336.ENSBTAG00000011761",0.00814223095562491,0.0257479950549041
"vivo","ENSBTAG00000006295.ENSBTAG00000016948",0.00810731572854247,0.0256375834123016
"vivo","ENSBTAG00000001764.ENSBTAG00000021190",0.00632269168047792,0.0199941066533078
"vivo","ENSBTAG00000001941.ENSBTAG00000014966",0.00628830252603863,0.0198853585984724
"vivo","ENSBTAG00000015991.ENSBTAG00000005903",0.00594441098164589,0.0187978780501184
"vivo","ENSBTAG00000008027.ENSBTAG00000047138",0.00567421048248017,0.0179434290478403
"vivo","ENSBTAG00000018343.ENSBTAG00000004211",0.00561817200674759,0.0177662198279212
"vivo","ENSBTAG00000009972.ENSBTAG00000018105",0.00561551691600717,0.0177578236937871
"vivo","ENSBTAG00000020556.ENSBTAG00000017033",0.00560681068823039,0.0177302921841843
"vivo","ENSBTAG00000015789.ENSBTAG00000011628",0.00559311884283788,0.017686994767373
"vivo","ENSBTAG00000008300.ENSBTAG00000015910",0.00556635750866164,0.0176023679981512
"vivo","ENSBTAG00000012413.ENSBTAG00000015457",0.00545491242718524,0.0172499477066628
"vivo","ENSBTAG00000020457.ENSBTAG00000024269",0.00521846016437028,0.0165022199982668
"vivo","ENSBTAG00000008817.ENSBTAG00000017266",0.00360714269586099,0.0114067867641608
"vivo","ENSBTAG00000020244.ENSBTAG00000006359",0.00360442237708583,0.0113981843608695
"vivo","ENSBTAG00000005260.ENSBTAG00000005990",0.00184253184564252,0.00582659729362415
"vivo","ENSBTAG00000014051.ENSBTAG00000020148",0.00183959038356455,0.00581729557380675
"vivo","ENSBTAG00000017122.ENSBTAG00000015910",0.00183893549200757,0.00581522462486627
"vivo","ENSBTAG00000002880.ENSBTAG00000013755",0.00181383835750126,0.00573586051708274
"vivo","ENSBTAG00000001141.ENSBTAG00000013745",0,0
"vivo","ENSBTAG00000001141.ENSBTAG00000015910",0,0
"vivo","ENSBTAG00000001141.ENSBTAG00000022799",0,0
"vivo","ENSBTAG00000002411.ENSBTAG00000007421",0,0
"vivo","ENSBTAG00000004129.ENSBTAG00000001338",0,0
"vivo","ENSBTAG00000004362.ENSBTAG00000015996",0,0
"vivo","ENSBTAG00000004630.ENSBTAG00000019929",0,0
"vivo","ENSBTAG00000004777.ENSBTAG00000017753",0,0
"vivo","ENSBTAG00000005108.ENSBTAG00000001060",0,0
"vivo","ENSBTAG00000005111.ENSBTAG00000018105",0,0
"vivo","ENSBTAG00000005691.ENSBTAG00000024269",0,0
"vivo","ENSBTAG00000006295.ENSBTAG00000017981",0,0
"vivo","ENSBTAG00000007273.ENSBTAG00000011738",0,0
"vivo","ENSBTAG00000007273.ENSBTAG00000012314",0,0
"vivo","ENSBTAG00000007773.ENSBTAG00000017060",0,0
"vivo","ENSBTAG00000007773.ENSBTAG00000018993",0,0
"vivo","ENSBTAG00000007897.ENSBTAG00000016948",0,0
"vivo","ENSBTAG00000008026.ENSBTAG00000047138",0,0
"vivo","ENSBTAG00000008027.ENSBTAG00000007175",0,0
"vivo","ENSBTAG00000008027.ENSBTAG00000016948",0,0
"vivo","ENSBTAG00000008027.ENSBTAG00000019903",0,0
"vivo","ENSBTAG00000009357.ENSBTAG00000012771",0,0
"vivo","ENSBTAG00000009478.ENSBTAG00000014354",0,0
"vivo","ENSBTAG00000010161.ENSBTAG00000014162",0,0
"vivo","ENSBTAG00000010726.ENSBTAG00000012314",0,0
"vivo","ENSBTAG00000012004.ENSBTAG00000024269",0,0
"vivo","ENSBTAG00000013003.ENSBTAG00000021527",0,0
"vivo","ENSBTAG00000014051.ENSBTAG00000003777",0,0
"vivo","ENSBTAG00000014113.ENSBTAG00000019428",0,0
"vivo","ENSBTAG00000014465.ENSBTAG00000013125",0,0
"vivo","ENSBTAG00000014575.ENSBTAG00000019289",0,0
"vivo","ENSBTAG00000014834.ENSBTAG00000011628",0,0
"vivo","ENSBTAG00000014906.ENSBTAG00000011628",0,0
"vivo","ENSBTAG00000015978.ENSBTAG00000011628",0,0
"vivo","ENSBTAG00000016260.ENSBTAG00000011628",0,0
"vivo","ENSBTAG00000017246.ENSBTAG00000019832",0,0
"vivo","ENSBTAG00000017280.ENSBTAG00000037735",0,0
"vivo","ENSBTAG00000017280.ENSBTAG00000047793",0,0
"vivo","ENSBTAG00000017549.ENSBTAG00000008197",0,0
"vivo","ENSBTAG00000017664.ENSBTAG00000011154",0,0
"vivo","ENSBTAG00000020194.ENSBTAG00000009155",0,0
"vivo","ENSBTAG00000020194.ENSBTAG00000010543",0,0
"vivo","ENSBTAG00000020194.ENSBTAG00000011628",0,0
"vivo","ENSBTAG00000020194.ENSBTAG00000015457",0,0
"vivo","ENSBTAG00000020244.ENSBTAG00000000815",0,0
"vivo","ENSBTAG00000020342.ENSBTAG00000035084",0,0
"vivo","ENSBTAG00000020457.ENSBTAG00000013222",0,0
"vivo","ENSBTAG00000020457.ENSBTAG00000014357",0,0
"vivo","ENSBTAG00000020457.ENSBTAG00000019832",0,0
"vivo","ENSBTAG00000020645.ENSBTAG00000014270",0,0
"vivo","ENSBTAG00000020645.ENSBTAG00000014944",0,0
"vivo","ENSBTAG00000021217.ENSBTAG00000019289",0,0
"vivo","ENSBTAG00000021697.ENSBTAG00000002804",0,0
"vivo","ENSBTAG00000022120.ENSBTAG00000008165",0,0
"vivo","ENSBTAG00000022120.ENSBTAG00000015910",0,0
"vivo","ENSBTAG00000022120.ENSBTAG00000017060",0,0
"vivo","ENSBTAG00000022635.ENSBTAG00000012897",0,0
"vivo","ENSBTAG00000023652.ENSBTAG00000005828",0,0
"vivo","ENSBTAG00000023907.ENSBTAG00000013755",0,0
"vivo","ENSBTAG00000025210.ENSBTAG00000013755",0,0
"vivo","ENSBTAG00000025210.ENSBTAG00000019929",0,0
"vivo","ENSBTAG00000025257.ENSBTAG00000001338",0,0
"vivo","ENSBTAG00000025644.ENSBTAG00000020661",0,0
"vivo","ENSBTAG00000025775.ENSBTAG00000002144",0,0
"vivo","ENSBTAG00000025775.ENSBTAG00000017981",0,0
