"dataset","feature","mean_importance","sd_importance"
"vitro","ENSBTAG00000025644-ENSBTAG00000010986",18.491342058758,30.5596254355742
"vitro","ENSBTAG00000014737-ENSBTAG00000015910",17.8921944249248,27.8416666664188
"vitro","ENSBTAG00000000073-ENSBTAG00000014611",13.4449422397972,24.9465279956908
"vitro","ENSBTAG00000014583-ENSBTAG00000010986",13.0063730835789,23.8575857462651
"vitro","ENSBTAG00000045582-ENSBTAG00000002144",11.0349461257871,22.7403921268692
"vitro","ENSBTAG00000014737-ENSBTAG00000000782",10.2694535996771,17.6011925376596
"vitro","ENSBTAG00000008300-ENSBTAG00000001462",10.052457686844,20.591600497531
"vitro","ENSBTAG00000015978-ENSBTAG00000011628",8.40094964724333,16.5489594849956
"vitro","ENSBTAG00000015978-ENSBTAG00000013290",7.7237436890004,16.2853229752732
"vitro","ENSBTAG00000008300-ENSBTAG00000033669",7.57297275568764,13.6592352029119
"vitro","ENSBTAG00000008300-ENSBTAG00000015910",7.51441804325063,16.272224042319
"vitro","ENSBTAG00000031998-ENSBTAG00000015708",7.48021388858013,17.464920898578
"vitro","ENSBTAG00000015978-ENSBTAG00000039292",7.40415464673561,15.6703723554404
"vitro","ENSBTAG00000005250-ENSBTAG00000008008",7.3592488861288,15.3486360315793
"vitro","ENSBTAG00000045582-ENSBTAG00000012314",7.31958598000511,16.2530576428581
"vitro","ENSBTAG00000017745-ENSBTAG00000016933",7.1673360410806,20.8456111325103
"vitro","ENSBTAG00000020645-ENSBTAG00000011628",7.13428745597062,17.964228695183
"vitro","ENSBTAG00000022120-ENSBTAG00000019929",7.13111774118985,15.8083188303635
"vitro","ENSBTAG00000020645-ENSBTAG00000021527",6.94424063559982,14.7843357460481
"vitro","ENSBTAG00000017745-ENSBTAG00000010423",6.81379868312813,18.5485647558457
"vitro","ENSBTAG00000014737-ENSBTAG00000011971",6.78307783366052,18.604791709365
"vitro","ENSBTAG00000031998-ENSBTAG00000039292",6.59176580489938,12.3072380556866
"vitro","ENSBTAG00000017280-ENSBTAG00000037735",6.47688683827772,14.7092028250192
"vitro","ENSBTAG00000017745-ENSBTAG00000015361",6.41483576914489,17.5381509982439
"vitro","ENSBTAG00000025775-ENSBTAG00000016948",6.40273475765013,14.1803939828288
"vitro","ENSBTAG00000005850-ENSBTAG00000022799",6.30794904344481,15.9198586263196
"vitro","ENSBTAG00000008300-ENSBTAG00000017266",6.24351882518513,17.1074361025766
"vitro","ENSBTAG00000008237-ENSBTAG00000005273",6.21362591883885,18.1753305306218
"vitro","ENSBTAG00000000442-ENSBTAG00000007348",5.94004351356944,18.6811653200646
"vitro","ENSBTAG00000000016-ENSBTAG00000016455",5.91675000678949,17.8603443027933
"vitro","ENSBTAG00000014737-ENSBTAG00000001462",5.91656600948626,11.9707775245719
"vitro","ENSBTAG00000017745-ENSBTAG00000018474",5.862295371087,16.6943485385642
"vitro","ENSBTAG00000001321-ENSBTAG00000013205",5.74479967857462,18.7896579810813
"vitro","ENSBTAG00000017280-ENSBTAG00000005397",5.73434062693823,14.5606133400168
"vitro","ENSBTAG00000020645-ENSBTAG00000005990",5.65384805132576,15.3307548607213
"vitro","ENSBTAG00000017280-ENSBTAG00000047793",5.57453035363137,15.8375889648792
"vitro","ENSBTAG00000020645-ENSBTAG00000014944",5.52502258607944,15.3680410568646
"vitro","ENSBTAG00000000016-ENSBTAG00000015312",5.44831652252652,17.5812237663829
"vitro","ENSBTAG00000021316-ENSBTAG00000015910",5.34295370305965,16.1211566639747
"vitro","ENSBTAG00000007244-ENSBTAG00000015910",5.30106171092204,18.8017698814237
"vitro","ENSBTAG00000014737-ENSBTAG00000000802",5.11155705982161,12.6230099410805
"vitro","ENSBTAG00000020645-ENSBTAG00000011461",4.9972641491233,14.0331713685987
"vitro","ENSBTAG00000020645-ENSBTAG00000039292",4.97183040467576,10.9617374376181
"vitro","ENSBTAG00000010123-ENSBTAG00000018517",4.93515135705971,14.8601725841804
"vitro","ENSBTAG00000010738-ENSBTAG00000019428",4.89998577343398,13.450902409314
"vitro","ENSBTAG00000020645-ENSBTAG00000012848",4.86071966580652,11.3964951892081
"vitro","ENSBTAG00000015991-ENSBTAG00000021190",4.85609400808866,12.7467870274029
"vitro","ENSBTAG00000014906-ENSBTAG00000008008",4.82249002584589,16.9876538109839
"vitro","ENSBTAG00000021316-ENSBTAG00000019929",4.73456441920173,13.1068906685246
"vitro","ENSBTAG00000010303-ENSBTAG00000007103",4.7202582255844,9.5364657393249
"vitro","ENSBTAG00000004630-ENSBTAG00000015910",4.62442425979094,15.6539110089288
"vitro","ENSBTAG00000013155-ENSBTAG00000015910",4.60456642999254,14.6344491058034
"vitro","ENSBTAG00000014737-ENSBTAG00000037649",4.55102367762292,8.55103259814693
"vitro","ENSBTAG00000006295-ENSBTAG00000016948",4.50113016377885,12.4314856787495
"vitro","ENSBTAG00000011409-ENSBTAG00000001941",4.46651759893224,13.3136579522883
"vitro","ENSBTAG00000017246-ENSBTAG00000010444",4.38564110752315,10.6944905622902
"vitro","ENSBTAG00000000073-ENSBTAG00000008849",4.37438877059212,8.91404828661697
"vitro","ENSBTAG00000007244-ENSBTAG00000000253",4.36813157967318,14.6264072631292
"vitro","ENSBTAG00000019665-ENSBTAG00000005273",4.33158409421416,12.2260535867832
"vitro","ENSBTAG00000017664-ENSBTAG00000014357",4.16716444112282,14.5161922350441
"vitro","ENSBTAG00000010303-ENSBTAG00000017060",4.15381430978082,12.472107038635
"vitro","ENSBTAG00000010123-ENSBTAG00000012314",4.12386141640838,11.9241546986464
"vitro","ENSBTAG00000007268-ENSBTAG00000015910",4.11345506239321,15.0649315866147
"vitro","ENSBTAG00000017122-ENSBTAG00000018052",4.11236870322552,16.5855573395283
"vitro","ENSBTAG00000003658-ENSBTAG00000018517",4.10872058302486,13.5077349350603
"vitro","ENSBTAG00000015362-ENSBTAG00000006420",4.07511444835332,12.4075809027043
"vitro","ENSBTAG00000012817-ENSBTAG00000022799",4.06656021480449,11.8506292031061
"vitro","ENSBTAG00000023652-ENSBTAG00000003166",4.03699132779841,13.0120971170129
"vitro","ENSBTAG00000007737-ENSBTAG00000010444",4.00833952744699,12.8375109337884
"vitro","ENSBTAG00000007244-ENSBTAG00000019929",3.9195221876878,14.6643526123029
"vitro","ENSBTAG00000014556-ENSBTAG00000026676",3.90922348883206,13.5111377465823
"vitro","ENSBTAG00000017473-ENSBTAG00000015910",3.89727994259265,11.8242298854504
"vitro","ENSBTAG00000017473-ENSBTAG00000019289",3.88493385312976,11.8195979110418
"vitro","ENSBTAG00000012817-ENSBTAG00000007909",3.82538454298563,11.8113570459278
"vitro","ENSBTAG00000008237-ENSBTAG00000013205",3.73168296588792,13.0653878428387
"vitro","ENSBTAG00000021466-ENSBTAG00000004885",3.69891470721468,14.3079508799236
"vitro","ENSBTAG00000032436-ENSBTAG00000010444",3.68031733392657,12.2292721445959
"vitro","ENSBTAG00000001764-ENSBTAG00000021190",3.66488461075034,9.06682984449607
"vitro","ENSBTAG00000038735-ENSBTAG00000016948",3.64551153930946,9.17078592538273
"vitro","ENSBTAG00000021048-ENSBTAG00000016948",3.63207829418781,11.9055722553882
"vitro","ENSBTAG00000004630-ENSBTAG00000019929",3.59544828425814,11.2787239090999
"vitro","ENSBTAG00000010663-ENSBTAG00000019929",3.59489232927905,10.5467239272451
"vitro","ENSBTAG00000011741-ENSBTAG00000015910",3.54945516084893,12.5291749248221
"vitro","ENSBTAG00000000277-ENSBTAG00000011238",3.53852457951923,12.644695191847
"vitro","ENSBTAG00000012398-ENSBTAG00000008008",3.53016497995205,13.5853754463841
"vitro","ENSBTAG00000015789-ENSBTAG00000006732",3.41778906803766,12.524245449487
"vitro","ENSBTAG00000022120-ENSBTAG00000017060",3.39270760947793,10.1709638180471
"vitro","ENSBTAG00000014583-ENSBTAG00000014567",3.37036327937056,12.4353449584719
"vitro","ENSBTAG00000017664-ENSBTAG00000015910",3.35564720978365,11.6223653262243
"vitro","ENSBTAG00000021457-ENSBTAG00000023147",3.33772477845136,10.1195483875355
"vitro","ENSBTAG00000005108-ENSBTAG00000015996",3.32959884673828,12.0200209441307
"vitro","ENSBTAG00000013155-ENSBTAG00000019289",3.32352397633778,11.9395574864742
"vitro","ENSBTAG00000023652-ENSBTAG00000005828",3.30036225141462,9.56661681862727
"vitro","ENSBTAG00000017280-ENSBTAG00000039292",3.29357804435501,8.46076607571995
"vitro","ENSBTAG00000023652-ENSBTAG00000001694",3.28754832135159,9.23893883605979
"vitro","ENSBTAG00000020645-ENSBTAG00000006208",3.2754732518833,8.04792035864714
"vitro","ENSBTAG00000001764-ENSBTAG00000026676",3.27358180877555,12.8662547765326
"vitro","ENSBTAG00000046421-ENSBTAG00000007213",3.24871930631237,11.4108834606232
"vitro","ENSBTAG00000008027-ENSBTAG00000012314",3.23968764049979,11.603021230826
"vitro","ENSBTAG00000014113-ENSBTAG00000019428",3.23260168754381,8.92700056150868
"vitro","ENSBTAG00000017473-ENSBTAG00000018169",3.22815994840715,8.97906869288652
"vitro","ENSBTAG00000017866-ENSBTAG00000008008",3.22058670234747,9.80769315971037
"vitro","ENSBTAG00000009565-ENSBTAG00000002804",3.21948938580937,13.1049087004386
"vitro","ENSBTAG00000010726-ENSBTAG00000012314",3.20959180778385,9.49341155724809
"vitro","ENSBTAG00000034501-ENSBTAG00000005397",3.20412371492505,10.4670978608281
"vitro","ENSBTAG00000007446-ENSBTAG00000008733",3.20038778902832,10.9445814305676
"vitro","ENSBTAG00000010303-ENSBTAG00000007626",3.17334329805378,11.2539127267643
"vitro","ENSBTAG00000001321-ENSBTAG00000005273",3.13516201425156,12.1987520359584
"vitro","ENSBTAG00000020645-ENSBTAG00000014600",3.11009718514922,9.08526438379332
"vitro","ENSBTAG00000009212-ENSBTAG00000012314",3.0838590761243,9.19779093867843
"vitro","ENSBTAG00000017473-ENSBTAG00000017266",3.08331074824107,8.15855854457452
"vitro","ENSBTAG00000019839-ENSBTAG00000013755",3.06411497320739,13.2488647782192
"vitro","ENSBTAG00000003300-ENSBTAG00000002804",3.054028839222,9.93487577345919
"vitro","ENSBTAG00000020221-ENSBTAG00000005092",3.00510494793073,6.51770850997888
"vitro","ENSBTAG00000021316-ENSBTAG00000019289",3.00207515995534,12.5625560591738
"vitro","ENSBTAG00000000470-ENSBTAG00000019929",2.97923910432565,9.86291487914272
"vitro","ENSBTAG00000012817-ENSBTAG00000005397",2.96995762612727,9.18733900320237
"vitro","ENSBTAG00000026236-ENSBTAG00000019929",2.95839916794877,9.53620263697493
"vitro","ENSBTAG00000009357-ENSBTAG00000012771",2.93868931959573,8.69856205583723
"vitro","ENSBTAG00000019839-ENSBTAG00000019929",2.92290015380821,12.5484658117206
"vitro","ENSBTAG00000010663-ENSBTAG00000015910",2.91777700985895,5.99600026036871
"vitro","ENSBTAG00000010123-ENSBTAG00000005903",2.90392005413858,7.13297458756792
"vitro","ENSBTAG00000010673-ENSBTAG00000000815",2.90325442381781,12.4270261155996
"vitro","ENSBTAG00000010161-ENSBTAG00000015133",2.89749201226459,11.4744121000293
"vitro","ENSBTAG00000012164-ENSBTAG00000010498",2.89350369935186,11.6059980358841
"vitro","ENSBTAG00000011010-ENSBTAG00000009757",2.8754172158917,7.64150228254967
"vitro","ENSBTAG00000001725-ENSBTAG00000039292",2.85829915281706,12.3094622165594
"vitro","ENSBTAG00000017582-ENSBTAG00000002699",2.83789541477848,7.78857135578878
"vitro","ENSBTAG00000019839-ENSBTAG00000015910",2.82327739616304,12.0994388864168
"vitro","ENSBTAG00000000277-ENSBTAG00000027676",2.81259396900653,10.4022650667741
"vitro","ENSBTAG00000007740-ENSBTAG00000026676",2.76194608109333,12.5652407246716
"vitro","ENSBTAG00000017246-ENSBTAG00000002144",2.7436639828882,7.45717457279206
"vitro","ENSBTAG00000008452-ENSBTAG00000013909",2.73391339308042,11.1387257252376
"vitro","ENSBTAG00000032436-ENSBTAG00000002144",2.72436262301268,12.2778036862856
"vitro","ENSBTAG00000005108-ENSBTAG00000001060",2.7094123046597,11.2073188291691
"vitro","ENSBTAG00000000283-ENSBTAG00000012771",2.70094004355679,12.8599191002018
"vitro","ENSBTAG00000025257-ENSBTAG00000019428",2.67322604718009,7.99488836724461
"vitro","ENSBTAG00000009812-ENSBTAG00000039292",2.65458996998042,7.22933529479792
"vitro","ENSBTAG00000015043-ENSBTAG00000007909",2.64924362657436,11.3732085861811
"vitro","ENSBTAG00000010820-ENSBTAG00000002107",2.63027106035775,9.11807429400391
"vitro","ENSBTAG00000026779-ENSBTAG00000007103",2.62701724861729,9.82060579681872
"vitro","ENSBTAG00000000793-ENSBTAG00000015910",2.62689526342257,9.1596165975302
"vitro","ENSBTAG00000015991-ENSBTAG00000010444",2.61603869814023,11.201293894368
"vitro","ENSBTAG00000001141-ENSBTAG00000015910",2.61218524006841,11.3607806121034
"vitro","ENSBTAG00000004924-ENSBTAG00000039292",2.60944575257276,10.6355089227641
"vitro","ENSBTAG00000017122-ENSBTAG00000019289",2.58196272256499,6.60867231825096
"vitro","ENSBTAG00000006354-ENSBTAG00000017060",2.57164024120739,8.88838489293716
"vitro","ENSBTAG00000020221-ENSBTAG00000005903",2.55762675287041,9.89417373892216
"vitro","ENSBTAG00000009393-ENSBTAG00000039292",2.54677420091195,6.65368445615852
"vitro","ENSBTAG00000014051-ENSBTAG00000003777",2.5460945921131,14.0786198229699
"vitro","ENSBTAG00000015362-ENSBTAG00000018114",2.54453896354338,7.33377937417215
"vitro","ENSBTAG00000002441-ENSBTAG00000039292",2.54306430539793,7.47329865976872
"vitro","ENSBTAG00000014906-ENSBTAG00000015910",2.53302315536761,10.365083100237
"vitro","ENSBTAG00000021316-ENSBTAG00000003585",2.51482214824253,6.80627171490089
"vitro","ENSBTAG00000012398-ENSBTAG00000014357",2.51417132693196,8.67238304155011
"vitro","ENSBTAG00000015362-ENSBTAG00000008997",2.50882022853774,6.72825241760033
"vitro","ENSBTAG00000010179-ENSBTAG00000026676",2.50329970766637,11.4383236574708
"vitro","ENSBTAG00000013066-ENSBTAG00000002402",2.49278385838812,10.7271318771409
"vitro","ENSBTAG00000012210-ENSBTAG00000039292",2.47634550666533,8.26034057545228
"vitro","ENSBTAG00000003300-ENSBTAG00000019929",2.44552746760879,6.59757900892002
"vitro","ENSBTAG00000011082-ENSBTAG00000002402",2.41404108921883,8.69780598958618
"vitro","ENSBTAG00000011757-ENSBTAG00000004334",2.40991741512871,9.15005180704128
"vitro","ENSBTAG00000004630-ENSBTAG00000003585",2.40748538388024,7.77012122976763
"vitro","ENSBTAG00000020645-ENSBTAG00000020199",2.39902290933484,6.18994271921983
"vitro","ENSBTAG00000037899-ENSBTAG00000022799",2.3915222427234,6.50817320697401
"vitro","ENSBTAG00000005077-ENSBTAG00000018424",2.39139688433408,10.7096195339305
"vitro","ENSBTAG00000009761-ENSBTAG00000012314",2.38842670498343,8.96045488480964
"vitro","ENSBTAG00000001292-ENSBTAG00000034385",2.38591800317334,8.89281035192704
"vitro","ENSBTAG00000020221-ENSBTAG00000016999",2.383228774062,9.28489723557818
"vitro","ENSBTAG00000024394-ENSBTAG00000019866",2.38317132631434,12.2912420818995
"vitro","ENSBTAG00000005260-ENSBTAG00000015910",2.37918694192095,10.1863757711719
"vitro","ENSBTAG00000007148-ENSBTAG00000020199",2.37781247864568,10.7347941137697
"vitro","ENSBTAG00000010663-ENSBTAG00000013745",2.37056794603348,7.69233514896765
"vitro","ENSBTAG00000011966-ENSBTAG00000012897",2.36327911001892,11.1303190613345
"vitro","ENSBTAG00000020221-ENSBTAG00000002107",2.34827350646269,6.30755398705088
"vitro","ENSBTAG00000022120-ENSBTAG00000015910",2.34583571343678,8.8778941124415
"vitro","ENSBTAG00000014583-ENSBTAG00000011628",2.34262290985887,7.63250669688803
"vitro","ENSBTAG00000004362-ENSBTAG00000015996",2.33222723537681,8.21028948463304
"vitro","ENSBTAG00000000793-ENSBTAG00000019289",2.31678562826667,5.80312694335726
"vitro","ENSBTAG00000011412-ENSBTAG00000012897",2.30651742673036,7.8488955223431
"vitro","ENSBTAG00000007273-ENSBTAG00000034385",2.30487294265449,12.0351610565673
"vitro","ENSBTAG00000017312-ENSBTAG00000039292",2.30154975832287,9.8987509687846
"vitro","ENSBTAG00000006354-ENSBTAG00000025101",2.29530197569118,7.03371720923695
"vitro","ENSBTAG00000020342-ENSBTAG00000002107",2.29434215130105,7.91863365493252
"vitro","ENSBTAG00000005481-ENSBTAG00000022799",2.2872460998906,7.43095562187802
"vitro","ENSBTAG00000015089-ENSBTAG00000015910",2.27410641635072,12.0675140839573
"vitro","ENSBTAG00000018077-ENSBTAG00000024406",2.27156235952766,10.599719436029
"vitro","ENSBTAG00000014583-ENSBTAG00000011050",2.26396658407653,6.16999043412931
"vitro","ENSBTAG00000006505-ENSBTAG00000006240",2.25541158183353,6.85630898348771
"vitro","ENSBTAG00000007244-ENSBTAG00000011741",2.23979404437215,9.58777082263331
"vitro","ENSBTAG00000045520-ENSBTAG00000039292",2.23942711945623,6.04233595243747
"vitro","ENSBTAG00000013155-ENSBTAG00000008373",2.22080878141372,7.3529753890813
"vitro","ENSBTAG00000008611-ENSBTAG00000011761",2.20495941144808,7.32609465116608
"vitro","ENSBTAG00000010161-ENSBTAG00000039292",2.20487958949633,5.89944640332699
"vitro","ENSBTAG00000020406-ENSBTAG00000021527",2.19945665740692,5.20451770458595
"vitro","ENSBTAG00000007737-ENSBTAG00000006161",2.19583529136813,9.68412285176186
"vitro","ENSBTAG00000016542-ENSBTAG00000019289",2.19459643570582,5.49309960596453
"vitro","ENSBTAG00000019770-ENSBTAG00000012314",2.19387310579083,6.47698060615544
"vitro","ENSBTAG00000010361-ENSBTAG00000022799",2.18541862157306,6.29197449494003
"vitro","ENSBTAG00000010123-ENSBTAG00000014269",2.1768171952854,5.5030352994513
"vitro","ENSBTAG00000001141-ENSBTAG00000022799",2.17160608256086,9.99713050230502
"vitro","ENSBTAG00000015362-ENSBTAG00000000231",2.17036517389037,5.37156226242866
"vitro","ENSBTAG00000011757-ENSBTAG00000022799",2.16633585130559,7.16504681066203
"vitro","ENSBTAG00000012004-ENSBTAG00000015910",2.16276823469989,9.20530221383202
"vitro","ENSBTAG00000004261-ENSBTAG00000017060",2.15738107736844,9.53913418394061
"vitro","ENSBTAG00000017246-ENSBTAG00000006161",2.15093630415504,6.2372908222709
"vitro","ENSBTAG00000015362-ENSBTAG00000011909",2.14831789784213,5.78249734036482
"vitro","ENSBTAG00000018463-ENSBTAG00000011578",2.14026445711037,8.4100795365785
"vitro","ENSBTAG00000034077-ENSBTAG00000023731",2.13948186411523,9.75060273657775
"vitro","ENSBTAG00000001292-ENSBTAG00000032007",2.13208640710525,10.875546883011
"vitro","ENSBTAG00000015991-ENSBTAG00000024015",2.11897150820967,10.5770794383024
"vitro","ENSBTAG00000017246-ENSBTAG00000006378",2.1101393420127,6.83251041076776
"vitro","ENSBTAG00000010562-ENSBTAG00000020755",2.09615898826872,5.45480672233421
"vitro","ENSBTAG00000025644-ENSBTAG00000014567",2.08787233440148,6.24046774639088
"vitro","ENSBTAG00000005481-ENSBTAG00000003166",2.07969138723653,5.30737186750604
"vitro","ENSBTAG00000015362-ENSBTAG00000018105",2.07458257232522,5.65849529089101
"vitro","ENSBTAG00000004086-ENSBTAG00000019712",2.07360688963217,5.96167143327159
"vitro","ENSBTAG00000000559-ENSBTAG00000020661",2.06723312170558,6.0334608361669
"vitro","ENSBTAG00000020406-ENSBTAG00000047793",2.05348854106657,5.12547101269296
"vitro","ENSBTAG00000011851-ENSBTAG00000011425",2.04813103027,7.64275134980548
"vitro","ENSBTAG00000038221-ENSBTAG00000000815",2.03060452059317,10.0981000562092
"vitro","ENSBTAG00000011104-ENSBTAG00000018300",2.02985871863357,9.52858726298142
"vitro","ENSBTAG00000017280-ENSBTAG00000017060",2.02163025443667,6.1567407528383
"vitro","ENSBTAG00000037778-ENSBTAG00000039292",2.02108451825595,6.5830230946026
"vitro","ENSBTAG00000018255-ENSBTAG00000015127",2.02074343038509,7.44751847105009
"vitro","ENSBTAG00000021457-ENSBTAG00000011986",2.00091960939484,5.61986458923225
"vitro","ENSBTAG00000011802-ENSBTAG00000015910",2.00044509113646,8.58720586308466
"vitro","ENSBTAG00000013162-ENSBTAG00000012314",1.99618638950134,8.12635510062298
"vitro","ENSBTAG00000017122-ENSBTAG00000011741",1.99357207467532,8.93965820565168
"vitro","ENSBTAG00000000016-ENSBTAG00000004211",1.99229322950066,6.99402377783172
"vitro","ENSBTAG00000020221-ENSBTAG00000012314",1.99084734616867,6.3826397114537
"vitro","ENSBTAG00000015043-ENSBTAG00000022799",1.979573032621,5.45901207194566
"vitro","ENSBTAG00000000016-ENSBTAG00000024928",1.97347845036483,9.75765900547568
"vitro","ENSBTAG00000019269-ENSBTAG00000015910",1.96967321471034,5.98053892467765
"vitro","ENSBTAG00000008300-ENSBTAG00000004356",1.94861502667148,6.77057135734378
"vitro","ENSBTAG00000003806-ENSBTAG00000016455",1.94849416671071,7.21356448573152
"vitro","ENSBTAG00000013472-ENSBTAG00000015910",1.93859993733424,7.04501010520248
"vitro","ENSBTAG00000016515-ENSBTAG00000000815",1.92382088599714,6.65045292488172
"vitro","ENSBTAG00000000310-ENSBTAG00000022799",1.92149483977071,5.43890262840935
"vitro","ENSBTAG00000007338-ENSBTAG00000017593",1.90745127889093,6.45253189645277
"vitro","ENSBTAG00000005260-ENSBTAG00000019929",1.90386783090183,8.19588416544842
"vitro","ENSBTAG00000020638-ENSBTAG00000000782",1.89299082303774,6.56066197093864
"vitro","ENSBTAG00000013363-ENSBTAG00000009851",1.89156817993299,6.51950499697058
"vitro","ENSBTAG00000021807-ENSBTAG00000016247",1.89100533030808,6.25985215626415
"vitro","ENSBTAG00000012638-ENSBTAG00000017753",1.88392413615488,4.54625585972393
"vitro","ENSBTAG00000007319-ENSBTAG00000022799",1.87421671336578,10.3031545819489
"vitro","ENSBTAG00000017246-ENSBTAG00000006240",1.87410801071239,8.81460019852963
"vitro","ENSBTAG00000013162-ENSBTAG00000002144",1.86531915058937,7.36177096080046
"vitro","ENSBTAG00000007737-ENSBTAG00000011628",1.85736180472401,7.43442155937928
"vitro","ENSBTAG00000001492-ENSBTAG00000003585",1.8558262917356,10.639852275566
"vitro","ENSBTAG00000009972-ENSBTAG00000011909",1.85443513599118,8.74512147515446
"vitro","ENSBTAG00000004630-ENSBTAG00000013745",1.84956904870184,5.79167852795015
"vitro","ENSBTAG00000005198-ENSBTAG00000019866",1.83408338930044,10.1785445817194
"vitro","ENSBTAG00000010361-ENSBTAG00000007909",1.8214685644543,5.51252377820763
"vitro","ENSBTAG00000010562-ENSBTAG00000011515",1.79869766901193,6.71358542306495
"vitro","ENSBTAG00000015177-ENSBTAG00000010249",1.79521362331408,5.91687479743848
"vitro","ENSBTAG00000011082-ENSBTAG00000012687",1.78344234578589,5.77803007073582
"vitro","ENSBTAG00000014465-ENSBTAG00000019929",1.78243818919165,6.6844930334876
"vitro","ENSBTAG00000001141-ENSBTAG00000013745",1.77543433551144,10.2122861521101
"vitro","ENSBTAG00000014583-ENSBTAG00000026813",1.77276370062557,5.59079954857339
"vitro","ENSBTAG00000000793-ENSBTAG00000019569",1.77154727027351,6.64015039902519
"vitro","ENSBTAG00000044040-ENSBTAG00000002804",1.76135342629852,4.84580443700426
"vitro","ENSBTAG00000017753-ENSBTAG00000015996",1.76113586623496,5.606744462854
"vitro","ENSBTAG00000011082-ENSBTAG00000021527",1.75591988862238,7.33127790533068
"vitro","ENSBTAG00000011757-ENSBTAG00000007909",1.75054803816126,6.0045442074832
"vitro","ENSBTAG00000017549-ENSBTAG00000002699",1.75050025922792,8.34647486410358
"vitro","ENSBTAG00000012529-ENSBTAG00000012899",1.74774577658858,6.09291725980049
"vitro","ENSBTAG00000034077-ENSBTAG00000018999",1.74752890453686,6.02893283891656
"vitro","ENSBTAG00000010726-ENSBTAG00000025101",1.74014095878245,5.20018293905541
"vitro","ENSBTAG00000011851-ENSBTAG00000019866",1.72246481821478,8.78776216593453
"vitro","ENSBTAG00000020457-ENSBTAG00000015910",1.7207326177699,6.56766823880428
"vitro","ENSBTAG00000003837-ENSBTAG00000011761",1.71737901258596,4.68693280983969
"vitro","ENSBTAG00000014583-ENSBTAG00000004337",1.71668209292113,5.05416449425181
"vitro","ENSBTAG00000015801-ENSBTAG00000015510",1.71576338397164,10.1137887439224
"vitro","ENSBTAG00000020676-ENSBTAG00000017060",1.71546915890677,8.32694053184089
"vitro","ENSBTAG00000014906-ENSBTAG00000011515",1.7138875348338,10.4262768827479
"vitro","ENSBTAG00000020244-ENSBTAG00000006359",1.70441004646937,6.19533725388101
"vitro","ENSBTAG00000007737-ENSBTAG00000019832",1.69156275256825,10.1282499940318
"vitro","ENSBTAG00000013066-ENSBTAG00000012687",1.68871496074292,7.76076124797821
"vitro","ENSBTAG00000025775-ENSBTAG00000020704",1.68845156317909,6.63341595145645
"vitro","ENSBTAG00000011104-ENSBTAG00000017425",1.68115985511898,9.99237130157703
"vitro","ENSBTAG00000016208-ENSBTAG00000015127",1.68094843656006,5.16200279512614
"vitro","ENSBTAG00000000793-ENSBTAG00000018169",1.66511047257946,4.98884369276823
"vitro","ENSBTAG00000016515-ENSBTAG00000006359",1.66071322527524,8.54980140062443
"vitro","ENSBTAG00000013191-ENSBTAG00000015910",1.65936534495048,6.73638725590764
"vitro","ENSBTAG00000000476-ENSBTAG00000003781",1.65928573637756,8.40665632164231
"vitro","ENSBTAG00000017664-ENSBTAG00000019712",1.65835931065917,6.9178784357129
"vitro","ENSBTAG00000013155-ENSBTAG00000010682",1.65643669396681,5.66698463966638
"vitro","ENSBTAG00000016208-ENSBTAG00000014944",1.65063338103136,4.96384911926619
"vitro","ENSBTAG00000019267-ENSBTAG00000014357",1.64946370851635,9.01169539056666
"vitro","ENSBTAG00000020457-ENSBTAG00000019929",1.64358614022385,6.08530336842363
"vitro","ENSBTAG00000025644-ENSBTAG00000026813",1.64218765920224,9.80917700630164
"vitro","ENSBTAG00000014583-ENSBTAG00000020661",1.64159542007581,5.59195999358845
"vitro","ENSBTAG00000005077-ENSBTAG00000001060",1.63866547934714,5.98851632490464
"vitro","ENSBTAG00000022120-ENSBTAG00000013745",1.63273631099391,4.34646726316393
"vitro","ENSBTAG00000008300-ENSBTAG00000013745",1.63211261669108,8.73574269064254
"vitro","ENSBTAG00000020645-ENSBTAG00000014270",1.62835870365602,4.59935087262148
"vitro","ENSBTAG00000003253-ENSBTAG00000007665",1.61905034802563,7.09754042988586
"vitro","ENSBTAG00000017060-ENSBTAG00000007103",1.61766343739199,7.03038163968359
"vitro","ENSBTAG00000016800-ENSBTAG00000000782",1.61244459130196,6.34560048999169
"vitro","ENSBTAG00000017746-ENSBTAG00000009851",1.61191101165561,5.38024907075803
"vitro","ENSBTAG00000005947-ENSBTAG00000019712",1.60468669785808,5.97269851857752
"vitro","ENSBTAG00000021105-ENSBTAG00000006240",1.60181028894452,7.53335539169885
"vitro","ENSBTAG00000012004-ENSBTAG00000019929",1.59701079283368,5.50386296782183
"vitro","ENSBTAG00000020457-ENSBTAG00000012599",1.5925875729169,6.99772050439155
"vitro","ENSBTAG00000016542-ENSBTAG00000015910",1.58662382016677,5.57887845388637
"vitro","ENSBTAG00000010138-ENSBTAG00000019866",1.57876421420295,8.70119760278979
"vitro","ENSBTAG00000002080-ENSBTAG00000022799",1.57322556013225,5.01480463679423
"vitro","ENSBTAG00000005260-ENSBTAG00000013755",1.57137735983176,6.05101748254139
"vitro","ENSBTAG00000011851-ENSBTAG00000002699",1.56352245553464,6.88833033633821
"vitro","ENSBTAG00000019694-ENSBTAG00000013745",1.56337541583395,4.88138623037645
"vitro","ENSBTAG00000018773-ENSBTAG00000019866",1.55911728266127,9.27734282442325
"vitro","ENSBTAG00000016208-ENSBTAG00000015910",1.55446406026684,5.12469459647782
"vitro","ENSBTAG00000014583-ENSBTAG00000014600",1.55390825050144,4.37022150988242
"vitro","ENSBTAG00000015150-ENSBTAG00000017745",1.5481404987206,5.0401145035965
"vitro","ENSBTAG00000007153-ENSBTAG00000012219",1.54460062695004,7.27481309568482
"vitro","ENSBTAG00000013472-ENSBTAG00000001462",1.53854402197948,5.45244731838653
"vitro","ENSBTAG00000005260-ENSBTAG00000013745",1.5377611536659,8.12240922437238
"vitro","ENSBTAG00000012398-ENSBTAG00000012314",1.53749926368869,3.99663673584572
"vitro","ENSBTAG00000014575-ENSBTAG00000015910",1.53745190826984,9.08870473578838
"vitro","ENSBTAG00000018773-ENSBTAG00000001941",1.52340749529658,9.32409031928479
"vitro","ENSBTAG00000013472-ENSBTAG00000019929",1.52243558684712,4.69927907763745
"vitro","ENSBTAG00000016800-ENSBTAG00000007338",1.51976472211075,5.14057762225144
"vitro","ENSBTAG00000002880-ENSBTAG00000013755",1.51786670164733,5.18804637685053
"vitro","ENSBTAG00000016542-ENSBTAG00000018169",1.51762835315067,4.46198166864121
"vitro","ENSBTAG00000037899-ENSBTAG00000007909",1.51019150103063,3.31791044637264
"vitro","ENSBTAG00000002317-ENSBTAG00000026676",1.50076230355239,5.57683689245365
"vitro","ENSBTAG00000001368-ENSBTAG00000015910",1.49564114440316,6.16740370536346
"vitro","ENSBTAG00000020457-ENSBTAG00000008997",1.4909892502258,6.38410256047233
"vitro","ENSBTAG00000016267-ENSBTAG00000020755",1.47806068704362,4.67390061980059
"vitro","ENSBTAG00000016208-ENSBTAG00000038141",1.46755903255684,4.21689633601192
"vitro","ENSBTAG00000025644-ENSBTAG00000004588",1.46608304541148,10.0523402747305
"vitro","ENSBTAG00000017753-ENSBTAG00000004334",1.46526014727387,6.61221509100526
"vitro","ENSBTAG00000006538-ENSBTAG00000016948",1.46352372800799,10.0585381280321
"vitro","ENSBTAG00000015327-ENSBTAG00000011425",1.46137008511668,3.8877886825243
"vitro","ENSBTAG00000014218-ENSBTAG00000005903",1.45565097646075,4.65205809055039
"vitro","ENSBTAG00000001725-ENSBTAG00000015127",1.45425758491292,4.11774316285678
"vitro","ENSBTAG00000008300-ENSBTAG00000013125",1.44829374531036,7.21076317618402
"vitro","ENSBTAG00000019964-ENSBTAG00000003166",1.44415709851627,5.02514925291852
"vitro","ENSBTAG00000016177-ENSBTAG00000011628",1.4406072419678,4.00024254101242
"vitro","ENSBTAG00000012004-ENSBTAG00000008997",1.43930413511335,5.40413388274205
"vitro","ENSBTAG00000012444-ENSBTAG00000015910",1.42828873789364,4.66801273532331
"vitro","ENSBTAG00000007740-ENSBTAG00000015910",1.42492130922965,5.0154880645977
"vitro","ENSBTAG00000005947-ENSBTAG00000013125",1.42397306929609,5.65042701863753
"vitro","ENSBTAG00000006354-ENSBTAG00000012071",1.42065878305152,5.7431867263997
"vitro","ENSBTAG00000001725-ENSBTAG00000014798",1.41365445757142,5.61545398423277
"vitro","ENSBTAG00000005359-ENSBTAG00000024269",1.40872422973073,4.99732368208716
"vitro","ENSBTAG00000007737-ENSBTAG00000012314",1.40772573760303,6.38473774407174
"vitro","ENSBTAG00000015991-ENSBTAG00000005903",1.40764764112446,6.00237512882127
"vitro","ENSBTAG00000008300-ENSBTAG00000014357",1.4075360975963,6.22408263516407
"vitro","ENSBTAG00000010312-ENSBTAG00000017753",1.40316366160387,5.77416335516992
"vitro","ENSBTAG00000020556-ENSBTAG00000018517",1.40148258398461,6.1463470829962
"vitro","ENSBTAG00000014051-ENSBTAG00000015910",1.39292509008729,6.21658805695698
"vitro","ENSBTAG00000014583-ENSBTAG00000011515",1.39243223917896,6.58736684372634
"vitro","ENSBTAG00000032436-ENSBTAG00000014064",1.39138304725478,9.19940670620892
"vitro","ENSBTAG00000009812-ENSBTAG00000003220",1.38837056356221,4.75209413561636
"vitro","ENSBTAG00000002302-ENSBTAG00000017256",1.38281732327476,6.62579705769816
"vitro","ENSBTAG00000005359-ENSBTAG00000018035",1.37799417436925,6.10966357405671
"vitro","ENSBTAG00000019269-ENSBTAG00000019289",1.37439116531259,3.56355747148399
"vitro","ENSBTAG00000020457-ENSBTAG00000019832",1.36638691295631,4.45297536002559
"vitro","ENSBTAG00000010963-ENSBTAG00000009024",1.36397449764174,6.15978401211937
"vitro","ENSBTAG00000008300-ENSBTAG00000001882",1.36118733374918,9.2753708195036
"vitro","ENSBTAG00000017664-ENSBTAG00000011154",1.35807931793939,6.59419920279269
"vitro","ENSBTAG00000019267-ENSBTAG00000011578",1.35339607012311,6.12718343227179
"vitro","ENSBTAG00000017455-ENSBTAG00000015910",1.3481331076683,3.50736174672746
"vitro","ENSBTAG00000019336-ENSBTAG00000011761",1.34069447415314,4.84748868600009
"vitro","ENSBTAG00000008817-ENSBTAG00000019929",1.3402256842567,4.14374518783622
"vitro","ENSBTAG00000018347-ENSBTAG00000013205",1.33889607067354,3.96401712165639
"vitro","ENSBTAG00000002278-ENSBTAG00000019929",1.33718018802906,4.4992976928373
"vitro","ENSBTAG00000011757-ENSBTAG00000011578",1.33018990075276,4.878545052614
"vitro","ENSBTAG00000007737-ENSBTAG00000006378",1.32692100616004,3.16495712508434
"vitro","ENSBTAG00000009761-ENSBTAG00000002144",1.32559353329526,6.54925763858774
"vitro","ENSBTAG00000020457-ENSBTAG00000024269",1.31968387952876,4.82554746490788
"vitro","ENSBTAG00000002278-ENSBTAG00000015910",1.31421215688173,4.15906376227216
"vitro","ENSBTAG00000008027-ENSBTAG00000016948",1.31411055636092,3.80468014814411
"vitro","ENSBTAG00000012444-ENSBTAG00000015127",1.30957971695504,6.9170156455481
"vitro","ENSBTAG00000037533-ENSBTAG00000037735",1.30518796381198,3.91798078758416
"vitro","ENSBTAG00000007319-ENSBTAG00000007909",1.30451381926014,4.05424201118012
"vitro","ENSBTAG00000003835-ENSBTAG00000006420",1.30284087067335,4.35719727483506
"vitro","ENSBTAG00000013472-ENSBTAG00000019289",1.30177429016801,5.09230324454668
"vitro","ENSBTAG00000015991-ENSBTAG00000011628",1.3013188552656,3.02869982330465
"vitro","ENSBTAG00000021326-ENSBTAG00000039292",1.30048192499989,4.88439960022854
"vitro","ENSBTAG00000003832-ENSBTAG00000022799",1.29985464144292,4.63945237485024
"vitro","ENSBTAG00000005691-ENSBTAG00000011154",1.29927540051483,4.87870561221215
"vitro","ENSBTAG00000013066-ENSBTAG00000021527",1.29771235018244,5.01148572422009
"vitro","ENSBTAG00000025471-ENSBTAG00000024928",1.29347569910403,3.31862812183718
"vitro","ENSBTAG00000013191-ENSBTAG00000018052",1.29181742247431,5.65536808752816
"vitro","ENSBTAG00000009876-ENSBTAG00000006420",1.28862409066082,4.21728974584779
"vitro","ENSBTAG00000008452-ENSBTAG00000016071",1.28662006782415,7.04199598560598
"vitro","ENSBTAG00000016542-ENSBTAG00000019569",1.28390705440728,6.19201991481664
"vitro","ENSBTAG00000019716-ENSBTAG00000039292",1.27975392485601,3.0345376011629
"vitro","ENSBTAG00000005077-ENSBTAG00000015910",1.27754571290602,6.76068514381709
"vitro","ENSBTAG00000001244-ENSBTAG00000017060",1.27688038532523,7.52194938902231
"vitro","ENSBTAG00000005691-ENSBTAG00000014357",1.27646693765288,4.73586946059825
"vitro","ENSBTAG00000025410-ENSBTAG00000018343",1.27399075911986,3.39729729657161
"vitro","ENSBTAG00000005280-ENSBTAG00000048246",1.27236176717078,7.30828792421182
"vitro","ENSBTAG00000005260-ENSBTAG00000011578",1.26644791352867,7.25270569288164
"vitro","ENSBTAG00000022635-ENSBTAG00000015910",1.26233471825436,4.05750912637128
"vitro","ENSBTAG00000010303-ENSBTAG00000011628",1.26161187176874,3.15155441936732
"vitro","ENSBTAG00000039355-ENSBTAG00000018993",1.25248099714082,4.88559300963469
"vitro","ENSBTAG00000003176-ENSBTAG00000015910",1.25147475168434,3.30936004599073
"vitro","ENSBTAG00000007897-ENSBTAG00000020704",1.2509632749071,3.99413290249566
"vitro","ENSBTAG00000020457-ENSBTAG00000013755",1.25036930834629,4.90109594753678
"vitro","ENSBTAG00000010738-ENSBTAG00000003220",1.24623573668274,4.16777300485932
"vitro","ENSBTAG00000009972-ENSBTAG00000018114",1.24476373924707,4.71645104197707
"vitro","ENSBTAG00000005359-ENSBTAG00000011909",1.24376173048536,4.48584470459615
"vitro","ENSBTAG00000005710-ENSBTAG00000011425",1.2436042716178,4.46333348878034
"vitro","ENSBTAG00000023907-ENSBTAG00000013755",1.24355722015555,4.57713710821538
"vitro","ENSBTAG00000013003-ENSBTAG00000012687",1.24329274995825,4.47865806165898
"vitro","ENSBTAG00000015509-ENSBTAG00000012687",1.24040821314805,5.04367585816818
"vitro","ENSBTAG00000010303-ENSBTAG00000020892",1.24003062938818,4.56960936664186
"vitro","ENSBTAG00000018200-ENSBTAG00000007626",1.23150919833412,5.82489308652463
"vitro","ENSBTAG00000022635-ENSBTAG00000018169",1.22629873680585,4.16756357219663
"vitro","ENSBTAG00000040333-ENSBTAG00000013290",1.22222814249339,3.26565791470861
"vitro","ENSBTAG00000002880-ENSBTAG00000012687",1.21761421884838,3.93486209685119
"vitro","ENSBTAG00000006276-ENSBTAG00000047138",1.21730094704371,9.65260482305313
"vitro","ENSBTAG00000014127-ENSBTAG00000039652",1.21526298626082,7.22715095528846
"vitro","ENSBTAG00000008817-ENSBTAG00000015910",1.21504894714589,3.37514555084197
"vitro","ENSBTAG00000010991-ENSBTAG00000007348",1.21286952002133,4.83905058503938
"vitro","ENSBTAG00000005947-ENSBTAG00000015910",1.21243686494721,4.46821775001631
"vitro","ENSBTAG00000004362-ENSBTAG00000014357",1.20868448374857,4.92738318560448
"vitro","ENSBTAG00000005077-ENSBTAG00000039292",1.19654892644458,5.41160643186863
"vitro","ENSBTAG00000025644-ENSBTAG00000011515",1.19630737244453,4.86208175515534
"vitro","ENSBTAG00000021048-ENSBTAG00000008483",1.19615299113665,5.19478711658592
"vitro","ENSBTAG00000012004-ENSBTAG00000013755",1.19357307834114,6.53645877006479
"vitro","ENSBTAG00000011563-ENSBTAG00000010497",1.19318645394327,5.33699077287301
"vitro","ENSBTAG00000011238-ENSBTAG00000017256",1.18965754874072,5.50036136296714
"vitro","ENSBTAG00000007740-ENSBTAG00000017266",1.18817403610416,3.42135665551975
"vitro","ENSBTAG00000014583-ENSBTAG00000012100",1.18739603432906,4.08527258148628
"vitro","ENSBTAG00000007740-ENSBTAG00000007909",1.18722961710017,4.50175882999614
"vitro","ENSBTAG00000007897-ENSBTAG00000016948",1.18580455702927,3.4503457119072
"vitro","ENSBTAG00000017455-ENSBTAG00000019929",1.18252231330252,3.55708590469223
"vitro","ENSBTAG00000009478-ENSBTAG00000006420",1.1819078746178,3.11643814035988
"vitro","ENSBTAG00000032808-ENSBTAG00000010785",1.17457285432937,5.03445907431053
"vitro","ENSBTAG00000013688-ENSBTAG00000011971",1.17331546796193,2.89971848379036
"vitro","ENSBTAG00000047330-ENSBTAG00000017851",1.17298290424561,3.48151094623269
"vitro","ENSBTAG00000015991-ENSBTAG00000018993",1.17139240094237,4.50700883231535
"vitro","ENSBTAG00000025210-ENSBTAG00000013755",1.16750876067453,5.37768451767832
"vitro","ENSBTAG00000005111-ENSBTAG00000018105",1.16557564069127,4.92597512837282
"vitro","ENSBTAG00000016515-ENSBTAG00000015510",1.16439045910549,3.51118689205597
"vitro","ENSBTAG00000008121-ENSBTAG00000015127",1.15923612900295,3.17901111514021
"vitro","ENSBTAG00000023907-ENSBTAG00000019929",1.15851920727341,3.95298504992471
"vitro","ENSBTAG00000012004-ENSBTAG00000013843",1.1574112422219,4.63170116112209
"vitro","ENSBTAG00000009615-ENSBTAG00000013290",1.15156308816739,4.19587570925715
"vitro","ENSBTAG00000017564-ENSBTAG00000000561",1.15144586691017,5.75969946921933
"vitro","ENSBTAG00000014218-ENSBTAG00000011761",1.15006630055555,3.05062290456685
"vitro","ENSBTAG00000013688-ENSBTAG00000019866",1.14553064850576,3.7205205567526
"vitro","ENSBTAG00000012004-ENSBTAG00000018035",1.14285749154616,3.8494669613063
"vitro","ENSBTAG00000003837-ENSBTAG00000002606",1.14254949156137,3.42664153755191
"vitro","ENSBTAG00000014921-ENSBTAG00000017745",1.14086228038323,2.73335433067438
"vitro","ENSBTAG00000005691-ENSBTAG00000024269",1.12593396435925,4.48676801949132
"vitro","ENSBTAG00000005691-ENSBTAG00000015457",1.12479170266601,5.0892001902735
"vitro","ENSBTAG00000000073-ENSBTAG00000012314",1.12011023967827,3.27417771626374
"vitro","ENSBTAG00000021333-ENSBTAG00000017801",1.11828965324449,6.11950884835745
"vitro","ENSBTAG00000009972-ENSBTAG00000024269",1.11509588780972,4.16755910439946
"vitro","ENSBTAG00000000130-ENSBTAG00000004211",1.10977512191847,3.29007261224831
"vitro","ENSBTAG00000002278-ENSBTAG00000013745",1.10875221746243,3.64568084891665
"vitro","ENSBTAG00000020457-ENSBTAG00000018035",1.1085039853369,3.73180979218054
"vitro","ENSBTAG00000009478-ENSBTAG00000018035",1.10789017892256,4.95033522166391
"vitro","ENSBTAG00000001725-ENSBTAG00000001338",1.10709486895983,6.20577122740009
"vitro","ENSBTAG00000001745-ENSBTAG00000015910",1.10633610511608,3.40811913042217
"vitro","ENSBTAG00000011802-ENSBTAG00000017266",1.10612614379069,3.52639717382933
"vitro","ENSBTAG00000020457-ENSBTAG00000014357",1.1048039667221,3.80302986613712
"vitro","ENSBTAG00000013760-ENSBTAG00000015910",1.10366769282325,3.40900623849802
"vitro","ENSBTAG00000046421-ENSBTAG00000006240",1.09313443695905,5.77067017235675
"vitro","ENSBTAG00000005581-ENSBTAG00000039292",1.08794849319723,3.543877431716
"vitro","ENSBTAG00000007446-ENSBTAG00000020979",1.08287535862519,6.00914187937998
"vitro","ENSBTAG00000007773-ENSBTAG00000017060",1.07894623857602,5.95069396716664
"vitro","ENSBTAG00000001292-ENSBTAG00000032719",1.07858685315993,4.69860278183577
"vitro","ENSBTAG00000010738-ENSBTAG00000001338",1.07724582057927,4.83288988496079
"vitro","ENSBTAG00000021217-ENSBTAG00000010682",1.07661481641357,3.03500497056038
"vitro","ENSBTAG00000007737-ENSBTAG00000006240",1.07579060172814,3.09643880400626
"vitro","ENSBTAG00000005198-ENSBTAG00000014064",1.07558123485766,3.67313843626641
"vitro","ENSBTAG00000012638-ENSBTAG00000014420",1.07469098690224,3.63764863517508
"vitro","ENSBTAG00000021105-ENSBTAG00000005273",1.07452142711391,3.56083461348995
"vitro","ENSBTAG00000032808-ENSBTAG00000004211",1.07418472683036,2.60603769593897
"vitro","ENSBTAG00000005947-ENSBTAG00000013755",1.06770523682191,4.66055598764902
"vitro","ENSBTAG00000005691-ENSBTAG00000015127",1.06755260583687,3.72768625923811
"vitro","ENSBTAG00000020221-ENSBTAG00000006835",1.0671378279785,4.00849503613415
"vitro","ENSBTAG00000005198-ENSBTAG00000010543",1.06488031968135,7.88426872689569
"vitro","ENSBTAG00000007446-ENSBTAG00000003060",1.0630360928799,6.66784842188463
"vitro","ENSBTAG00000020457-ENSBTAG00000003045",1.06266791241506,5.3628648257293
"vitro","ENSBTAG00000022120-ENSBTAG00000008165",1.06179215172385,4.30900526064511
"vitro","ENSBTAG00000003658-ENSBTAG00000015910",1.05777292114563,4.00920504565092
"vitro","ENSBTAG00000007897-ENSBTAG00000039292",1.05651458689251,3.2519295486365
"vitro","ENSBTAG00000005691-ENSBTAG00000020644",1.05555082744804,3.46068372959471
"vitro","ENSBTAG00000025471-ENSBTAG00000006378",1.05542292417669,3.35599850773024
"vitro","ENSBTAG00000010123-ENSBTAG00000014611",1.05439641501827,3.96200320477356
"vitro","ENSBTAG00000021499-ENSBTAG00000013732",1.05276595792567,2.92807605761929
"vitro","ENSBTAG00000023907-ENSBTAG00000015910",1.04968595968772,3.04460223819283
"vitro","ENSBTAG00000017060-ENSBTAG00000010303",1.04937039971741,3.48721045429499
"vitro","ENSBTAG00000010963-ENSBTAG00000000973",1.04779675007869,3.82652224294348
"vitro","ENSBTAG00000032436-ENSBTAG00000019832",1.04699220673352,5.75132967308065
"vitro","ENSBTAG00000019993-ENSBTAG00000027516",1.04643137821737,3.33294711949511
"vitro","ENSBTAG00000012829-ENSBTAG00000016933",1.04449647243901,3.03556666487694
"vitro","ENSBTAG00000013191-ENSBTAG00000019929",1.04399115306097,3.64924182249431
"vitro","ENSBTAG00000021466-ENSBTAG00000019289",1.04351837606488,4.50474935627467
"vitro","ENSBTAG00000001745-ENSBTAG00000019289",1.04221359089399,3.53325682731977
"vitro","ENSBTAG00000023600-ENSBTAG00000005910",1.03692565278204,5.00983366180751
"vitro","ENSBTAG00000020457-ENSBTAG00000013843",1.03648439626654,5.71612029321546
"vitro","ENSBTAG00000017122-ENSBTAG00000000782",1.03605621280914,3.52977233285459
"vitro","ENSBTAG00000005710-ENSBTAG00000009851",1.03495121106413,3.31021583428791
"vitro","ENSBTAG00000007897-ENSBTAG00000023731",1.03401622643544,3.51012142212127
"vitro","ENSBTAG00000038735-ENSBTAG00000020704",1.0324217693177,2.7139348331186
"vitro","ENSBTAG00000014465-ENSBTAG00000013755",1.02965421282413,3.47083932742611
"vitro","ENSBTAG00000001492-ENSBTAG00000007213",1.02949074002716,5.95049270059064
"vitro","ENSBTAG00000022635-ENSBTAG00000009757",1.02907796231429,2.58063100909575
"vitro","ENSBTAG00000017664-ENSBTAG00000006161",1.02885821608674,5.12701911429377
"vitro","ENSBTAG00000017866-ENSBTAG00000006240",1.02731838184602,3.08877347718786
"vitro","ENSBTAG00000012066-ENSBTAG00000013569",1.02608026879638,4.59275531376662
"vitro","ENSBTAG00000005260-ENSBTAG00000005990",1.02190735093456,6.14421965289965
"vitro","ENSBTAG00000005359-ENSBTAG00000019832",1.02152362983839,3.74958337352171
"vitro","ENSBTAG00000008300-ENSBTAG00000019289",1.02133524209747,3.70191005089661
"vitro","ENSBTAG00000020342-ENSBTAG00000007047",1.02111409697053,3.14674797942133
"vitro","ENSBTAG00000019993-ENSBTAG00000039292",1.02036730399228,2.91781392898991
"vitro","ENSBTAG00000013718-ENSBTAG00000005072",1.01807819310069,4.39435983709611
"vitro","ENSBTAG00000018134-ENSBTAG00000010444",1.01521472519222,4.17329101125029
"vitro","ENSBTAG00000004129-ENSBTAG00000003220",1.01252692199771,3.26739392596114
"vitro","ENSBTAG00000013760-ENSBTAG00000019929",1.00879665874854,5.27420545599833
"vitro","ENSBTAG00000006538-ENSBTAG00000002144",1.00855065472113,3.26383965886682
"vitro","ENSBTAG00000010673-ENSBTAG00000006359",1.00797711263138,5.59425702869278
"vitro","ENSBTAG00000023907-ENSBTAG00000020644",1.00569470337719,3.14534073913369
"vitro","ENSBTAG00000007897-ENSBTAG00000019903",1.00355151805808,3.65114135641563
"vitro","ENSBTAG00000007737-ENSBTAG00000011909",1.00332628077248,3.37731097999183
"vitro","ENSBTAG00000021879-ENSBTAG00000013755",1.00067930518319,3.49191839418662
"vitro","ENSBTAG00000017753-ENSBTAG00000039292",0.998012577002621,3.65141597310901
"vitro","ENSBTAG00000003176-ENSBTAG00000017060",0.996313670509656,3.09949394832568
"vitro","ENSBTAG00000017549-ENSBTAG00000008197",0.996150565482196,6.14669506399033
"vitro","ENSBTAG00000004237-ENSBTAG00000010444",0.993051894062549,7.16390959271604
"vitro","ENSBTAG00000017664-ENSBTAG00000011578",0.987325374146392,5.13968808142046
"vitro","ENSBTAG00000004129-ENSBTAG00000001338",0.9854009790634,5.49728655092581
"vitro","ENSBTAG00000016542-ENSBTAG00000017266",0.985021256342313,3.00677598180958
"vitro","ENSBTAG00000002006-ENSBTAG00000014269",0.981933269143024,2.51596954988353
"vitro","ENSBTAG00000025775-ENSBTAG00000017981",0.978158410197362,6.05734612682536
"vitro","ENSBTAG00000019716-ENSBTAG00000003220",0.977763354824294,3.51402503240204
"vitro","ENSBTAG00000007708-ENSBTAG00000000244",0.976335270496658,3.03954933594708
"vitro","ENSBTAG00000021105-ENSBTAG00000013205",0.972018638664588,4.22975816060142
"vitro","ENSBTAG00000002317-ENSBTAG00000011154",0.970098061573538,4.56796288621007
"vitro","ENSBTAG00000021326-ENSBTAG00000014798",0.969764675429645,6.0024161909094
"vitro","ENSBTAG00000008026-ENSBTAG00000047138",0.96871904936162,8.13090998411887
"vitro","ENSBTAG00000009476-ENSBTAG00000015910",0.965545321556142,3.05641055478998
"vitro","ENSBTAG00000009357-ENSBTAG00000011154",0.96067726112306,3.93818512882475
"vitro","ENSBTAG00000006984-ENSBTAG00000021818",0.955540934273554,3.19724326835205
"vitro","ENSBTAG00000019866-ENSBTAG00000009851",0.954951299530894,3.19738000446794
"vitro","ENSBTAG00000000793-ENSBTAG00000017266",0.950961097682811,2.83522469151692
"vitro","ENSBTAG00000006538-ENSBTAG00000020704",0.949578961533822,3.29774896181046
"vitro","ENSBTAG00000004226-ENSBTAG00000021286",0.948067057151981,3.98569046232659
"vitro","ENSBTAG00000007273-ENSBTAG00000012314",0.948060883746619,4.29946695447486
"vitro","ENSBTAG00000014583-ENSBTAG00000012687",0.942617474245949,2.4680475096727
"vitro","ENSBTAG00000014575-ENSBTAG00000019929",0.940981865118692,4.25214085461223
"vitro","ENSBTAG00000003585-ENSBTAG00000007213",0.937707422828911,3.53387608452352
"vitro","ENSBTAG00000005198-ENSBTAG00000011578",0.936509686821533,5.67899391454233
"vitro","ENSBTAG00000007737-ENSBTAG00000045633",0.9352118053921,3.27885470153674
"vitro","ENSBTAG00000007737-ENSBTAG00000018035",0.934548273081103,2.8280119389145
"vitro","ENSBTAG00000002006-ENSBTAG00000017266",0.926434860476418,1.92404441176589
"vitro","ENSBTAG00000020457-ENSBTAG00000001060",0.924636654308146,4.04660844637908
"vitro","ENSBTAG00000006686-ENSBTAG00000015910",0.921204973435657,3.30783075004489
"vitro","ENSBTAG00000021302-ENSBTAG00000015910",0.920533418508676,2.99611671198598
"vitro","ENSBTAG00000020221-ENSBTAG00000002144",0.920242318642255,2.90043334542626
"vitro","ENSBTAG00000021105-ENSBTAG00000014031",0.919183501475973,4.36573485516441
"vitro","ENSBTAG00000016260-ENSBTAG00000011628",0.917580478185374,3.30654858215594
"vitro","ENSBTAG00000025210-ENSBTAG00000019929",0.915904239925037,2.57828776987402
"vitro","ENSBTAG00000004924-ENSBTAG00000031718",0.910412377979995,3.15272803694588
"vitro","ENSBTAG00000015114-ENSBTAG00000019929",0.910394542592447,3.75131138671243
"vitro","ENSBTAG00000005710-ENSBTAG00000014064",0.910023427743151,2.83035479631351
"vitro","ENSBTAG00000011851-ENSBTAG00000004917",0.908986632406189,3.21493389245696
"vitro","ENSBTAG00000000130-ENSBTAG00000014357",0.908054249372638,2.89003840205801
"vitro","ENSBTAG00000001321-ENSBTAG00000002144",0.906733918210101,5.83629382985446
"vitro","ENSBTAG00000021302-ENSBTAG00000019289",0.905563284055252,4.10533838813192
"vitro","ENSBTAG00000021499-ENSBTAG00000008849",0.905296486666244,2.75551615377854
"vitro","ENSBTAG00000018103-ENSBTAG00000011154",0.90159831785231,3.4762677961774
"vitro","ENSBTAG00000011238-ENSBTAG00000002951",0.901191205651204,3.77730252642584
"vitro","ENSBTAG00000009476-ENSBTAG00000001462",0.900407907621161,2.07445744202213
"vitro","ENSBTAG00000005163-ENSBTAG00000006240",0.89951188648216,3.33019619058617
"vitro","ENSBTAG00000020661-ENSBTAG00000017851",0.899453771110408,2.45563022095154
"vitro","ENSBTAG00000016648-ENSBTAG00000015910",0.898471214996102,4.27178911677658
"vitro","ENSBTAG00000018343-ENSBTAG00000004211",0.897657464077893,3.25087681590476
"vitro","ENSBTAG00000011034-ENSBTAG00000020148",0.896358992552706,3.06246334737764
"vitro","ENSBTAG00000015089-ENSBTAG00000023144",0.894175579541964,4.52193628632865
"vitro","ENSBTAG00000012066-ENSBTAG00000019929",0.892817086842725,3.71686668592447
"vitro","ENSBTAG00000002006-ENSBTAG00000005903",0.892237751973993,2.07173027089308
"vitro","ENSBTAG00000017746-ENSBTAG00000010462",0.892004045231593,3.27147125453037
"vitro","ENSBTAG00000011851-ENSBTAG00000010647",0.890919432047207,3.1398873263858
"vitro","ENSBTAG00000011291-ENSBTAG00000006732",0.881313711845084,3.43600691560396
"vitro","ENSBTAG00000004594-ENSBTAG00000019569",0.881130464927446,4.22837802530981
"vitro","ENSBTAG00000025471-ENSBTAG00000004211",0.880090579629685,2.3934591116031
"vitro","ENSBTAG00000006655-ENSBTAG00000008218",0.879294415610511,2.41933431186795
"vitro","ENSBTAG00000021466-ENSBTAG00000015910",0.878176974789218,2.62681051292118
"vitro","ENSBTAG00000032808-ENSBTAG00000007498",0.877870956025057,3.49676742335172
"vitro","ENSBTAG00000025471-ENSBTAG00000012642",0.877071754174042,2.50836512622826
"vitro","ENSBTAG00000011104-ENSBTAG00000023147",0.875004463593133,3.87356364583765
"vitro","ENSBTAG00000008121-ENSBTAG00000002606",0.873563975536655,3.1203570939318
"vitro","ENSBTAG00000017753-ENSBTAG00000014420",0.872182854593782,3.19774126198419
"vitro","ENSBTAG00000013898-ENSBTAG00000039292",0.871749455658004,3.1739104097187
"vitro","ENSBTAG00000015789-ENSBTAG00000011628",0.87139620555061,2.81145880816208
"vitro","ENSBTAG00000018200-ENSBTAG00000020892",0.870717220913607,3.59158942137971
"vitro","ENSBTAG00000021217-ENSBTAG00000015910",0.868830764842569,2.62011301208543
"vitro","ENSBTAG00000012228-ENSBTAG00000014966",0.864926805480958,3.36023435356673
"vitro","ENSBTAG00000004777-ENSBTAG00000014420",0.864320934070591,3.05096916410995
"vitro","ENSBTAG00000014906-ENSBTAG00000011628",0.863434410616065,4.07720313378454
"vitro","ENSBTAG00000005691-ENSBTAG00000011578",0.861492382353828,2.65967609566309
"vitro","ENSBTAG00000017866-ENSBTAG00000014031",0.861447844365971,2.5933389485247
"vitro","ENSBTAG00000010312-ENSBTAG00000014420",0.860553414232707,3.44399220586825
"vitro","ENSBTAG00000032436-ENSBTAG00000012314",0.859814730921488,4.34988861850739
"vitro","ENSBTAG00000000575-ENSBTAG00000020679",0.857263780123959,2.83172202077784
"vitro","ENSBTAG00000012829-ENSBTAG00000017745",0.856640169136545,2.19495696299711
"vitro","ENSBTAG00000012210-ENSBTAG00000037735",0.849947893509479,3.70241517874513
"vitro","ENSBTAG00000019964-ENSBTAG00000001694",0.84952335990143,3.50113828078358
"vitro","ENSBTAG00000007737-ENSBTAG00000022799",0.849227249721886,2.98547016841364
"vitro","ENSBTAG00000010963-ENSBTAG00000002414",0.848571085377602,3.06428148629403
"vitro","ENSBTAG00000012849-ENSBTAG00000019289",0.846946608910047,2.69663044149733
"vitro","ENSBTAG00000010738-ENSBTAG00000014162",0.844815705247421,4.59700757418119
"vitro","ENSBTAG00000005628-ENSBTAG00000008852",0.844196789007791,2.67493182284306
"vitro","ENSBTAG00000034077-ENSBTAG00000017846",0.840301961624676,3.53135754571741
"vitro","ENSBTAG00000032436-ENSBTAG00000022799",0.839947865469342,3.57226642564739
"vitro","ENSBTAG00000007740-ENSBTAG00000015127",0.83750631220086,2.89654364908023
"vitro","ENSBTAG00000017753-ENSBTAG00000020054",0.835884952970502,3.90498327654325
"vitro","ENSBTAG00000008817-ENSBTAG00000017266",0.83579708023808,2.28843751101513
"vitro","ENSBTAG00000032436-ENSBTAG00000006378",0.835423862002638,2.68018710554677
"vitro","ENSBTAG00000008300-ENSBTAG00000011741",0.83421840659864,2.20715413627223
"vitro","ENSBTAG00000006045-ENSBTAG00000011944",0.833613335164076,4.2714536818988
"vitro","ENSBTAG00000001941-ENSBTAG00000006161",0.833456222874847,2.82857960490838
"vitro","ENSBTAG00000011851-ENSBTAG00000000782",0.831685565386119,2.56517379001994
"vitro","ENSBTAG00000000575-ENSBTAG00000026676",0.830317069668263,2.33775462273399
"vitro","ENSBTAG00000011808-ENSBTAG00000018105",0.829714580337402,2.54677640597592
"vitro","ENSBTAG00000009478-ENSBTAG00000018114",0.828728952380024,2.777918578646
"vitro","ENSBTAG00000014906-ENSBTAG00000020755",0.826351819473717,3.42453108092599
"vitro","ENSBTAG00000012004-ENSBTAG00000024269",0.82629398491359,1.93042313401717
"vitro","ENSBTAG00000009478-ENSBTAG00000014354",0.825331782004628,2.93368933658966
"vitro","ENSBTAG00000012004-ENSBTAG00000019832",0.824584645121756,2.46742981406408
"vitro","ENSBTAG00000002006-ENSBTAG00000015910",0.823262727466663,2.62089056463412
"vitro","ENSBTAG00000011802-ENSBTAG00000019289",0.822020443407396,2.56491657429684
"vitro","ENSBTAG00000011851-ENSBTAG00000012771",0.821324581832811,3.52678858797986
"vitro","ENSBTAG00000012228-ENSBTAG00000010146",0.820277158439751,2.37081868305635
"vitro","ENSBTAG00000015089-ENSBTAG00000002135",0.819913657263205,2.76043914202843
"vitro","ENSBTAG00000001941-ENSBTAG00000011409",0.819188668679945,2.22224707314024
"vitro","ENSBTAG00000021048-ENSBTAG00000020704",0.816971869786576,5.18617251415032
"vitro","ENSBTAG00000018103-ENSBTAG00000014420",0.816636493876286,3.2801190646661
"vitro","ENSBTAG00000006538-ENSBTAG00000019903",0.815575111582645,3.03266147841222
"vitro","ENSBTAG00000007737-ENSBTAG00000012599",0.815179885178215,2.42044437646536
"vitro","ENSBTAG00000025644-ENSBTAG00000014773",0.813749267793756,4.59649266846074
"vitro","ENSBTAG00000021697-ENSBTAG00000019929",0.812870552738709,2.2050548871619
"vitro","ENSBTAG00000006295-ENSBTAG00000017981",0.812620371330439,5.54939520260886
"vitro","ENSBTAG00000020645-ENSBTAG00000017489",0.810825109473612,3.2057250798273
"vitro","ENSBTAG00000030710-ENSBTAG00000013755",0.810326593495547,2.22765914392309
"vitro","ENSBTAG00000017564-ENSBTAG00000018035",0.8081875008676,4.67964648552186
"vitro","ENSBTAG00000012088-ENSBTAG00000015910",0.804420289093011,2.91683754743123
"vitro","ENSBTAG00000017753-ENSBTAG00000015228",0.804038570381885,2.95905187962721
"vitro","ENSBTAG00000018343-ENSBTAG00000015312",0.80374635460987,2.36504854791428
"vitro","ENSBTAG00000005898-ENSBTAG00000017851",0.803697388291351,2.18961488764319
"vitro","ENSBTAG00000013472-ENSBTAG00000017866",0.800305697036075,5.33163114664333
"vitro","ENSBTAG00000038735-ENSBTAG00000017981",0.798966271639906,3.86333258093596
"vitro","ENSBTAG00000011412-ENSBTAG00000019289",0.798873439698553,3.22666354586438
"vitro","ENSBTAG00000005359-ENSBTAG00000008997",0.798447935943034,2.67278772625268
"vitro","ENSBTAG00000010963-ENSBTAG00000003255",0.797419271150226,4.75469637789278
"vitro","ENSBTAG00000014921-ENSBTAG00000007101",0.79725113984894,1.81955530690399
"vitro","ENSBTAG00000037533-ENSBTAG00000005397",0.797243735452072,2.0032566786108
"vitro","ENSBTAG00000020457-ENSBTAG00000013222",0.797144975599286,3.84532538389599
"vitro","ENSBTAG00000000073-ENSBTAG00000018517",0.796215297331039,3.1148800483986
"vitro","ENSBTAG00000005691-ENSBTAG00000019866",0.795602850553269,3.72036149081946
"vitro","ENSBTAG00000006655-ENSBTAG00000003255",0.792940466431528,5.78952741096498
"vitro","ENSBTAG00000000016-ENSBTAG00000010497",0.791318923590322,2.1004524214387
"vitro","ENSBTAG00000017122-ENSBTAG00000011154",0.790779350862761,3.50025777497267
"vitro","ENSBTAG00000023907-ENSBTAG00000000782",0.788614372749454,2.58567921785478
"vitro","ENSBTAG00000017564-ENSBTAG00000017846",0.786931328347498,3.31241104045482
"vitro","ENSBTAG00000005691-ENSBTAG00000026676",0.78526741317708,2.36554015055926
"vitro","ENSBTAG00000020194-ENSBTAG00000009155",0.782072238240716,4.46044077463598
"vitro","ENSBTAG00000004129-ENSBTAG00000014162",0.779383917559505,3.88841015082583
"vitro","ENSBTAG00000013003-ENSBTAG00000021527",0.776175115803595,2.16190561063789
"vitro","ENSBTAG00000014575-ENSBTAG00000019289",0.775825900502153,3.1868584554848
"vitro","ENSBTAG00000021811-ENSBTAG00000020148",0.770930388137897,2.90955746350351
"vitro","ENSBTAG00000039355-ENSBTAG00000011578",0.769784347332125,4.59745214139901
"vitro","ENSBTAG00000005111-ENSBTAG00000018114",0.769360811226222,2.17451181741786
"vitro","ENSBTAG00000007897-ENSBTAG00000002144",0.768345416644194,2.00898901034606
"vitro","ENSBTAG00000005111-ENSBTAG00000000231",0.766742226293378,1.8017813432625
"vitro","ENSBTAG00000007737-ENSBTAG00000014064",0.765637403383035,2.84897674694492
"vitro","ENSBTAG00000003329-ENSBTAG00000006420",0.765458939215878,3.13223138773138
"vitro","ENSBTAG00000005691-ENSBTAG00000014064",0.763138361549403,2.8677463268046
"vitro","ENSBTAG00000020238-ENSBTAG00000004739",0.76269040197392,2.23599562177802
"vitro","ENSBTAG00000017246-ENSBTAG00000007909",0.758976837332138,4.7375355826942
"vitro","ENSBTAG00000021697-ENSBTAG00000007173",0.758644100875069,2.03942463292714
"vitro","ENSBTAG00000017122-ENSBTAG00000015910",0.758005812075607,2.65174571620049
"vitro","ENSBTAG00000019866-ENSBTAG00000000782",0.757918979890565,2.6772184175521
"vitro","ENSBTAG00000018343-ENSBTAG00000020736",0.756843664323718,2.55656134392989
"vitro","ENSBTAG00000017246-ENSBTAG00000014064",0.756267842373059,3.47364145310867
"vitro","ENSBTAG00000014113-ENSBTAG00000003220",0.754522057876941,2.27790598562082
"vitro","ENSBTAG00000032436-ENSBTAG00000018035",0.753273522803164,1.85994548814137
"vitro","ENSBTAG00000025644-ENSBTAG00000014600",0.752260290626838,2.10180736152172
"vitro","ENSBTAG00000007338-ENSBTAG00000004917",0.751348685582045,1.77006536159962
"vitro","ENSBTAG00000003835-ENSBTAG00000000231",0.748672622131299,2.20827661715583
"vitro","ENSBTAG00000034077-ENSBTAG00000003848",0.747843889173049,3.26026145307855
"vitro","ENSBTAG00000019964-ENSBTAG00000005828",0.745715972718719,2.36758665630415
"vitro","ENSBTAG00000007737-ENSBTAG00000002144",0.74470194370826,1.98374437464577
"vitro","ENSBTAG00000000575-ENSBTAG00000019929",0.743015441674705,1.89353929829373
"vitro","ENSBTAG00000004594-ENSBTAG00000011578",0.74260672383092,3.23030636748399
"vitro","ENSBTAG00000008121-ENSBTAG00000011761",0.739999161143179,2.04381674557081
"vitro","ENSBTAG00000002006-ENSBTAG00000003585",0.738714885888344,2.02673824210309
"vitro","ENSBTAG00000020645-ENSBTAG00000013674",0.738228534996182,2.61061798457328
"vitro","ENSBTAG00000025644-ENSBTAG00000011628",0.736926411457082,2.53426885054553
"vitro","ENSBTAG00000008300-ENSBTAG00000017489",0.732907020010294,1.99184595024228
"vitro","ENSBTAG00000009876-ENSBTAG00000020736",0.730555330452124,2.39472663652856
"vitro","ENSBTAG00000002006-ENSBTAG00000011154",0.72779943735849,1.58483893781463
"vitro","ENSBTAG00000023907-ENSBTAG00000013745",0.727673953473616,1.87219063282669
"vitro","ENSBTAG00000006295-ENSBTAG00000020704",0.726397065519155,3.38375419212409
"vitro","ENSBTAG00000021217-ENSBTAG00000019289",0.725911979396981,2.16439231883015
"vitro","ENSBTAG00000006989-ENSBTAG00000011971",0.725836434887548,3.45313481685761
"vitro","ENSBTAG00000004148-ENSBTAG00000003255",0.725535205560375,3.80049154679588
"vitro","ENSBTAG00000011851-ENSBTAG00000007338",0.724420623682452,2.27331081737362
"vitro","ENSBTAG00000008817-ENSBTAG00000012897",0.722369197082823,2.34160582855545
"vitro","ENSBTAG00000025471-ENSBTAG00000020054",0.719922695992601,1.78718372362974
"vitro","ENSBTAG00000017455-ENSBTAG00000013755",0.719064887367965,1.90880904389731
"vitro","ENSBTAG00000021697-ENSBTAG00000002804",0.715599161717752,2.42551863993118
"vitro","ENSBTAG00000002006-ENSBTAG00000015127",0.715081517562812,2.04102065855044
"vitro","ENSBTAG00000017246-ENSBTAG00000018035",0.713457950290228,3.33495686602843
"vitro","ENSBTAG00000011412-ENSBTAG00000019929",0.710474566003359,1.79353535187752
"vitro","ENSBTAG00000008096-ENSBTAG00000019733",0.710461287994388,2.07111487327345
"vitro","ENSBTAG00000000575-ENSBTAG00000012897",0.709190357314672,2.51504425351404
"vitro","ENSBTAG00000005077-ENSBTAG00000015127",0.709061049407011,2.82595272174906
"vitro","ENSBTAG00000038735-ENSBTAG00000002144",0.706511067549793,2.56919924402979
"vitro","ENSBTAG00000017060-ENSBTAG00000017846",0.705362632480919,3.09284209264171
"vitro","ENSBTAG00000000575-ENSBTAG00000011628",0.70003472990189,2.28975779840438
"vitro","ENSBTAG00000025644-ENSBTAG00000010785",0.69921437658901,2.99011081488668
"vitro","ENSBTAG00000012623-ENSBTAG00000002606",0.69839189036215,2.84656721687044
"vitro","ENSBTAG00000010161-ENSBTAG00000014162",0.696044536620928,3.11106553294282
"vitro","ENSBTAG00000010312-ENSBTAG00000020199",0.694991859043129,2.54547832651923
"vitro","ENSBTAG00000016043-ENSBTAG00000018035",0.69435579029389,1.95140307707168
"vitro","ENSBTAG00000011966-ENSBTAG00000019929",0.693302412132768,3.18076874875515
"vitro","ENSBTAG00000022635-ENSBTAG00000012897",0.693117648532193,2.98790268000204
"vitro","ENSBTAG00000023907-ENSBTAG00000015996",0.69288139499578,2.39172377671498
"vitro","ENSBTAG00000021048-ENSBTAG00000017981",0.692262707795369,5.21212583027038
"vitro","ENSBTAG00000013103-ENSBTAG00000004885",0.691914901673127,3.11550620765661
"vitro","ENSBTAG00000005198-ENSBTAG00000011628",0.691281085649347,2.32399247257368
"vitro","ENSBTAG00000005077-ENSBTAG00000003255",0.689838012357534,5.44884218527723
"vitro","ENSBTAG00000002473-ENSBTAG00000003777",0.689387915003237,2.53840711613273
"vitro","ENSBTAG00000021811-ENSBTAG00000003777",0.688603700012633,2.64297480094433
"vitro","ENSBTAG00000009476-ENSBTAG00000019289",0.686173263580729,2.18301791260019
"vitro","ENSBTAG00000013898-ENSBTAG00000016159",0.683505777025924,4.8749816132106
"vitro","ENSBTAG00000004777-ENSBTAG00000017753",0.683109103480636,2.35213779491992
"vitro","ENSBTAG00000014921-ENSBTAG00000018474",0.679430585500093,2.21670029532535
"vitro","ENSBTAG00000020244-ENSBTAG00000015510",0.678896151944812,2.79928516448811
"vitro","ENSBTAG00000000575-ENSBTAG00000015127",0.678298780687343,2.25616878431611
"vitro","ENSBTAG00000001941-ENSBTAG00000023144",0.678079301177501,3.37252471864936
"vitro","ENSBTAG00000014075-ENSBTAG00000012887",0.673645639713472,1.97042650856532
"vitro","ENSBTAG00000007148-ENSBTAG00000034848",0.673187944315281,2.9243836601283
"vitro","ENSBTAG00000011810-ENSBTAG00000003777",0.67191000947019,4.62088738617195
"vitro","ENSBTAG00000021945-ENSBTAG00000011741",0.671033563936591,1.86938439207975
"vitro","ENSBTAG00000018103-ENSBTAG00000006240",0.670984621395241,3.05194200192072
"vitro","ENSBTAG00000007375-ENSBTAG00000015228",0.670913449440814,3.17252398941603
"vitro","ENSBTAG00000019336-ENSBTAG00000002107",0.669722775200966,1.962849569634
"vitro","ENSBTAG00000017455-ENSBTAG00000017266",0.66819256036196,2.18221502071681
"vitro","ENSBTAG00000020194-ENSBTAG00000015457",0.667976086259198,1.51840945529893
"vitro","ENSBTAG00000007737-ENSBTAG00000007909",0.66613088852911,1.94985436351092
"vitro","ENSBTAG00000003505-ENSBTAG00000006161",0.665831912525256,2.41842843138994
"vitro","ENSBTAG00000005108-ENSBTAG00000009851",0.665093020455149,2.26020269111919
"vitro","ENSBTAG00000005947-ENSBTAG00000002402",0.663238048341218,2.24817829520255
"vitro","ENSBTAG00000005111-ENSBTAG00000008997",0.659436419888086,2.26765586252665
"vitro","ENSBTAG00000004129-ENSBTAG00000014798",0.657424382075626,3.50499979436328
"vitro","ENSBTAG00000005111-ENSBTAG00000006420",0.655653021702924,1.70204473889677
"vitro","ENSBTAG00000000575-ENSBTAG00000015910",0.654288540073374,1.80929627365918
"vitro","ENSBTAG00000005108-ENSBTAG00000004356",0.651449441928926,2.13990116284943
"vitro","ENSBTAG00000006685-ENSBTAG00000005215",0.650282772789698,3.87789551413532
"vitro","ENSBTAG00000017564-ENSBTAG00000019832",0.649762386555819,3.20723774542439
"vitro","ENSBTAG00000009476-ENSBTAG00000013745",0.645985743586549,2.18353038457002
"vitro","ENSBTAG00000007148-ENSBTAG00000008165",0.645057668844651,2.96447348991094
"vitro","ENSBTAG00000005339-ENSBTAG00000015910",0.640498774122705,2.26289171064987
"vitro","ENSBTAG00000013760-ENSBTAG00000019289",0.638146451683946,1.79786961270103
"vitro","ENSBTAG00000047567-ENSBTAG00000000570",0.632508846713302,2.52508179906824
"vitro","ENSBTAG00000007148-ENSBTAG00000000898",0.631357780723294,1.9392484180591
"vitro","ENSBTAG00000020645-ENSBTAG00000010860",0.631122142581337,2.07512805829866
"vitro","ENSBTAG00000005691-ENSBTAG00000027464",0.627581919219419,2.72421849649592
"vitro","ENSBTAG00000008452-ENSBTAG00000009903",0.626044166258528,3.08155414512131
"vitro","ENSBTAG00000001941-ENSBTAG00000014966",0.622065216399216,1.84089066145677
"vitro","ENSBTAG00000032436-ENSBTAG00000006240",0.619454030454567,1.88408783375373
"vitro","ENSBTAG00000003505-ENSBTAG00000011628",0.619157333330317,2.20176882188778
"vitro","ENSBTAG00000007740-ENSBTAG00000013320",0.619026277140157,2.03582571432548
"vitro","ENSBTAG00000025257-ENSBTAG00000001338",0.618521731618382,2.72175163232272
"vitro","ENSBTAG00000017753-ENSBTAG00000020979",0.617342864323711,2.86461596478602
"vitro","ENSBTAG00000007740-ENSBTAG00000011154",0.615815148428029,1.86870080234241
"vitro","ENSBTAG00000005947-ENSBTAG00000018517",0.615105391849082,2.93906529089982
"vitro","ENSBTAG00000011412-ENSBTAG00000018169",0.613223269230154,2.50308687734252
"vitro","ENSBTAG00000020194-ENSBTAG00000011628",0.612612736936915,1.62464757334462
"vitro","ENSBTAG00000016648-ENSBTAG00000017266",0.611395586591587,1.72829226909077
"vitro","ENSBTAG00000015150-ENSBTAG00000016933",0.610969717540913,2.20902315570894
"vitro","ENSBTAG00000005305-ENSBTAG00000020979",0.609648298492118,2.83651330516619
"vitro","ENSBTAG00000005947-ENSBTAG00000013745",0.60588095442277,1.78428110942086
"vitro","ENSBTAG00000011851-ENSBTAG00000015510",0.60497889564896,2.11227967375041
"vitro","ENSBTAG00000047567-ENSBTAG00000001694",0.604727263586441,1.63508068352299
"vitro","ENSBTAG00000025868-ENSBTAG00000013755",0.604633506696021,1.88123390307445
"vitro","ENSBTAG00000025644-ENSBTAG00000020661",0.604585213119713,1.9878641563774
"vitro","ENSBTAG00000011412-ENSBTAG00000017266",0.602111491572357,1.90485529282952
"vitro","ENSBTAG00000005947-ENSBTAG00000019929",0.601828631987628,2.43586232720708
"vitro","ENSBTAG00000025257-ENSBTAG00000014162",0.599224129784811,3.29088967547904
"vitro","ENSBTAG00000021697-ENSBTAG00000005990",0.597619734115921,1.64426451107334
"vitro","ENSBTAG00000025644-ENSBTAG00000012687",0.596177222170272,1.66787870459052
"vitro","ENSBTAG00000009478-ENSBTAG00000000231",0.5961460197578,1.73149865609368
"vitro","ENSBTAG00000005710-ENSBTAG00000015457",0.594455054275189,1.70286053829627
"vitro","ENSBTAG00000012413-ENSBTAG00000014064",0.593586247069353,1.79711951560522
"vitro","ENSBTAG00000014575-ENSBTAG00000003585",0.588944804621358,2.29359135060222
"vitro","ENSBTAG00000011966-ENSBTAG00000018169",0.585682392851493,2.54428517733121
"vitro","ENSBTAG00000000130-ENSBTAG00000010785",0.58519181579184,1.76822930954388
"vitro","ENSBTAG00000014834-ENSBTAG00000011628",0.579754040785415,2.24493335056539
"vitro","ENSBTAG00000017246-ENSBTAG00000012599",0.57750734208973,2.86644219994763
"vitro","ENSBTAG00000025471-ENSBTAG00000010497",0.575748438380279,1.76936957179402
"vitro","ENSBTAG00000039355-ENSBTAG00000011515",0.57508357405357,2.51444167205993
"vitro","ENSBTAG00000007725-ENSBTAG00000012687",0.573709710237201,1.79081709328196
"vitro","ENSBTAG00000038221-ENSBTAG00000006359",0.57345037584469,1.59703784341703
"vitro","ENSBTAG00000004226-ENSBTAG00000026278",0.567562494845574,2.053028753545
"vitro","ENSBTAG00000017246-ENSBTAG00000022799",0.567003878695639,1.60144587922092
"vitro","ENSBTAG00000008027-ENSBTAG00000007175",0.565507669272168,1.62252538806763
"vitro","ENSBTAG00000005250-ENSBTAG00000006240",0.565378442212081,1.5385262408086
"vitro","ENSBTAG00000015991-ENSBTAG00000021527",0.558444197991374,1.68865129132583
"vitro","ENSBTAG00000011966-ENSBTAG00000019289",0.557846794119141,1.47203387669218
"vitro","ENSBTAG00000009476-ENSBTAG00000011971",0.557781575644953,1.69437592621496
"vitro","ENSBTAG00000040584-ENSBTAG00000021923",0.554869032135804,1.74415845513752
"vitro","ENSBTAG00000007446-ENSBTAG00000015591",0.554416798350042,1.90578858322773
"vitro","ENSBTAG00000006538-ENSBTAG00000017981",0.554036986234899,2.46328176837305
"vitro","ENSBTAG00000038735-ENSBTAG00000019903",0.549028428614644,1.2561897952906
"vitro","ENSBTAG00000020244-ENSBTAG00000000815",0.548092490143882,2.001381214602
"vitro","ENSBTAG00000025644-ENSBTAG00000012100",0.54622125156369,1.71371394794524
"vitro","ENSBTAG00000021466-ENSBTAG00000010682",0.544564748108009,2.05445077734097
"vitro","ENSBTAG00000017448-ENSBTAG00000011628",0.543716722350395,1.62930522792653
"vitro","ENSBTAG00000005305-ENSBTAG00000008849",0.542682509011429,1.56264342615137
"vitro","ENSBTAG00000000575-ENSBTAG00000011154",0.540538100863583,1.64861400252564
"vitro","ENSBTAG00000005947-ENSBTAG00000017060",0.5394273651705,1.80272548639771
"vitro","ENSBTAG00000008300-ENSBTAG00000011578",0.538151982032564,1.83179529407716
"vitro","ENSBTAG00000014051-ENSBTAG00000020148",0.536572248287274,1.72757273059847
"vitro","ENSBTAG00000000575-ENSBTAG00000013745",0.530646916338783,1.6712043967177
"vitro","ENSBTAG00000018773-ENSBTAG00000006161",0.528230580408278,1.34871552393617
"vitro","ENSBTAG00000013103-ENSBTAG00000015910",0.525636588661456,1.62955141125902
"vitro","ENSBTAG00000014113-ENSBTAG00000001338",0.524060754657496,2.30755188816845
"vitro","ENSBTAG00000014834-ENSBTAG00000005828",0.523641034685883,1.95413202524471
"vitro","ENSBTAG00000040131-ENSBTAG00000017256",0.52060047590251,2.07946914995386
"vitro","ENSBTAG00000007446-ENSBTAG00000008849",0.517995865735128,2.08385762965532
"vitro","ENSBTAG00000038735-ENSBTAG00000017489",0.516618876581348,2.43445757240249
"vitro","ENSBTAG00000000575-ENSBTAG00000015296",0.516583004469583,1.65226884695723
"vitro","ENSBTAG00000025775-ENSBTAG00000019903",0.516540344052729,1.58406998739722
"vitro","ENSBTAG00000002317-ENSBTAG00000014966",0.515788222447252,2.17381790242179
"vitro","ENSBTAG00000018134-ENSBTAG00000011628",0.512999394506517,1.67779970953625
"vitro","ENSBTAG00000009972-ENSBTAG00000018105",0.512694610680187,2.15753016907286
"vitro","ENSBTAG00000014906-ENSBTAG00000011578",0.511390017082909,2.00396966003185
"vitro","ENSBTAG00000014113-ENSBTAG00000014162",0.509999969912444,2.26113923004974
"vitro","ENSBTAG00000015114-ENSBTAG00000017489",0.501568302760475,1.99552895404885
"vitro","ENSBTAG00000020676-ENSBTAG00000011578",0.500473727195684,1.88081939008492
"vitro","ENSBTAG00000032436-ENSBTAG00000006161",0.499274215671617,2.18249372773631
"vitro","ENSBTAG00000012849-ENSBTAG00000019929",0.497024329900095,1.7017185782318
"vitro","ENSBTAG00000006396-ENSBTAG00000003798",0.49662919489234,1.38188946723919
"vitro","ENSBTAG00000002317-ENSBTAG00000018052",0.492914521304453,1.82641247412741
"vitro","ENSBTAG00000014465-ENSBTAG00000013125",0.491651379371762,1.70294644489768
"vitro","ENSBTAG00000007708-ENSBTAG00000025324",0.489658857627246,2.19710371402104
"vitro","ENSBTAG00000014051-ENSBTAG00000013745",0.489055102028884,1.50201317027853
"vitro","ENSBTAG00000009357-ENSBTAG00000012119",0.487630965066634,2.71404768960813
"vitro","ENSBTAG00000018343-ENSBTAG00000010497",0.48622416715955,1.9760173640473
"vitro","ENSBTAG00000002006-ENSBTAG00000017866",0.485134030711871,1.41245000140948
"vitro","ENSBTAG00000011412-ENSBTAG00000015910",0.482044982957551,1.15603049052807
"vitro","ENSBTAG00000013103-ENSBTAG00000019929",0.48100183375027,1.66280750509303
"vitro","ENSBTAG00000005111-ENSBTAG00000011909",0.476676798374483,1.6637677800043
"vitro","ENSBTAG00000007740-ENSBTAG00000012119",0.471617476468959,1.83966897918204
"vitro","ENSBTAG00000013898-ENSBTAG00000047704",0.471076360808842,2.26787015715899
"vitro","ENSBTAG00000013103-ENSBTAG00000017866",0.46992462519766,1.63552411447224
"vitro","ENSBTAG00000012228-ENSBTAG00000001814",0.46916744492793,2.16887340430483
"vitro","ENSBTAG00000008027-ENSBTAG00000002144",0.466565319562446,1.37448186320613
"vitro","ENSBTAG00000005108-ENSBTAG00000010462",0.463802157857391,1.62973155152327
"vitro","ENSBTAG00000013103-ENSBTAG00000013745",0.462864688441108,1.37195852526584
"vitro","ENSBTAG00000007273-ENSBTAG00000011738",0.461656711440863,1.67623368773507
"vitro","ENSBTAG00000005077-ENSBTAG00000014798",0.461376288362196,1.88564172388484
"vitro","ENSBTAG00000005339-ENSBTAG00000003166",0.459701799729968,1.48613386815478
"vitro","ENSBTAG00000008027-ENSBTAG00000047138",0.458933403045063,2.70994718203814
"vitro","ENSBTAG00000009476-ENSBTAG00000000782",0.455942529293767,1.38954144186604
"vitro","ENSBTAG00000013760-ENSBTAG00000003585",0.455340867959763,2.43081355852124
"vitro","ENSBTAG00000000575-ENSBTAG00000012119",0.453499401443353,2.05869506402306
"vitro","ENSBTAG00000017685-ENSBTAG00000007421",0.45093599359969,1.56622370625838
"vitro","ENSBTAG00000038045-ENSBTAG00000018572",0.450675314190246,2.82682430778516
"vitro","ENSBTAG00000005339-ENSBTAG00000007213",0.449723553863418,2.46212632838867
"vitro","ENSBTAG00000010138-ENSBTAG00000011971",0.446035948699984,1.36982301968277
"vitro","ENSBTAG00000008300-ENSBTAG00000008165",0.445105986872472,1.26623575588529
"vitro","ENSBTAG00000017312-ENSBTAG00000017136",0.443082721191343,2.05524496998435
"vitro","ENSBTAG00000005339-ENSBTAG00000001694",0.442152411050061,1.87407164887284
"vitro","ENSBTAG00000010452-ENSBTAG00000011515",0.441371258827316,2.39105325477583
"vitro","ENSBTAG00000013901-ENSBTAG00000014269",0.437598896233967,1.57158077774645
"vitro","ENSBTAG00000005339-ENSBTAG00000015996",0.437408240620292,1.60867977674865
"vitro","ENSBTAG00000032436-ENSBTAG00000007909",0.433578778158462,1.93324501948392
"vitro","ENSBTAG00000008300-ENSBTAG00000019929",0.433082940451647,1.76483788763517
"vitro","ENSBTAG00000001460-ENSBTAG00000020661",0.43284931675756,1.27821895569911
"vitro","ENSBTAG00000002411-ENSBTAG00000007421",0.428101299671867,1.39621980742268
"vitro","ENSBTAG00000021499-ENSBTAG00000008036",0.427479038757731,1.03968467204971
"vitro","ENSBTAG00000005947-ENSBTAG00000015739",0.426599479598741,1.34483488445076
"vitro","ENSBTAG00000012413-ENSBTAG00000015457",0.425728473463727,1.1164286104128
"vitro","ENSBTAG00000007897-ENSBTAG00000017489",0.42431808748622,1.56387555671577
"vitro","ENSBTAG00000006045-ENSBTAG00000034385",0.422670409479289,1.44395491886563
"vitro","ENSBTAG00000005339-ENSBTAG00000011628",0.42216884153525,2.39051738795561
"vitro","ENSBTAG00000005581-ENSBTAG00000014162",0.418848143931354,2.70772131014014
"vitro","ENSBTAG00000030710-ENSBTAG00000020979",0.418587041434102,3.42705987001178
"vitro","ENSBTAG00000006295-ENSBTAG00000019903",0.413968438821769,1.24394489730921
"vitro","ENSBTAG00000015991-ENSBTAG00000000253",0.412129091054994,1.42383432169594
"vitro","ENSBTAG00000013472-ENSBTAG00000011578",0.406283483616627,1.39947856206549
"vitro","ENSBTAG00000008027-ENSBTAG00000020704",0.406066974759664,1.3121924210459
"vitro","ENSBTAG00000021105-ENSBTAG00000000477",0.402515390739365,1.80013232203521
"vitro","ENSBTAG00000020194-ENSBTAG00000010543",0.40250989245556,1.48092756470998
"vitro","ENSBTAG00000020194-ENSBTAG00000014064",0.400589115043941,1.29141583342283
"vitro","ENSBTAG00000032436-ENSBTAG00000012599",0.400273218642923,1.26803028352134
"vitro","ENSBTAG00000008096-ENSBTAG00000013674",0.399034068100335,1.58096612694632
"vitro","ENSBTAG00000013103-ENSBTAG00000010682",0.398299849308094,1.29334400639977
"vitro","ENSBTAG00000007773-ENSBTAG00000010347",0.398178740144897,1.67549856417408
"vitro","ENSBTAG00000006295-ENSBTAG00000017489",0.395498361183884,1.98448802210123
"vitro","ENSBTAG00000025644-ENSBTAG00000004337",0.395327857960655,1.15817135573589
"vitro","ENSBTAG00000025775-ENSBTAG00000002144",0.394354783906303,1.26517629958681
"vitro","ENSBTAG00000013201-ENSBTAG00000020319",0.393554711580539,1.7408861362036
"vitro","ENSBTAG00000013103-ENSBTAG00000001462",0.393395959232353,1.12551887371464
"vitro","ENSBTAG00000006295-ENSBTAG00000002144",0.389385688464813,1.18139930419053
"vitro","ENSBTAG00000005339-ENSBTAG00000019929",0.388185969230972,1.2974508479922
"vitro","ENSBTAG00000011851-ENSBTAG00000013118",0.387481450621247,1.69941928919505
"vitro","ENSBTAG00000010334-ENSBTAG00000046199",0.385959808484571,1.56611856426559
"vitro","ENSBTAG00000008026-ENSBTAG00000007175",0.38538257771213,1.4056919459536
"vitro","ENSBTAG00000005691-ENSBTAG00000010543",0.382604432178243,1.4896938126314
"vitro","ENSBTAG00000003253-ENSBTAG00000011434",0.380152956274965,1.17006480070437
"vitro","ENSBTAG00000019910-ENSBTAG00000015510",0.379822690459149,1.55816236418804
"vitro","ENSBTAG00000006685-ENSBTAG00000019404",0.379438797561183,2.26871791117914
"vitro","ENSBTAG00000015742-ENSBTAG00000017060",0.376330207940033,1.10869591509697
"vitro","ENSBTAG00000014127-ENSBTAG00000020319",0.375546455757824,1.40049735690989
"vitro","ENSBTAG00000005198-ENSBTAG00000027464",0.375196736424558,1.24237259068326
"vitro","ENSBTAG00000047567-ENSBTAG00000019866",0.375172200010508,1.16553341593086
"vitro","ENSBTAG00000012109-ENSBTAG00000013674",0.371249894903696,1.16916557805991
"vitro","ENSBTAG00000012413-ENSBTAG00000010543",0.370046902154764,1.29781514403533
"vitro","ENSBTAG00000019604-ENSBTAG00000009851",0.368990059907096,0.865920366131476
"vitro","ENSBTAG00000008027-ENSBTAG00000017981",0.368748453441464,1.42370502251179
"vitro","ENSBTAG00000022120-ENSBTAG00000006240",0.368185145011703,1.14662322550558
"vitro","ENSBTAG00000007273-ENSBTAG00000002144",0.366073106242764,1.71542903780984
"vitro","ENSBTAG00000025644-ENSBTAG00000020667",0.363622995836962,2.25822492821723
"vitro","ENSBTAG00000002317-ENSBTAG00000012119",0.362081632249171,1.8052661104741
"vitro","ENSBTAG00000025644-ENSBTAG00000011050",0.358126763068557,1.38673559672085
"vitro","ENSBTAG00000001601-ENSBTAG00000011578",0.357853022143106,0.851964904313197
"vitro","ENSBTAG00000007773-ENSBTAG00000018993",0.356065251252346,1.11908440050276
"vitro","ENSBTAG00000008300-ENSBTAG00000018993",0.354696635229789,1.68550350311745
"vitro","ENSBTAG00000025644-ENSBTAG00000011425",0.35283852808804,1.01217344811133
"vitro","ENSBTAG00000013103-ENSBTAG00000011578",0.352385208714615,1.20580849695461
"vitro","ENSBTAG00000013901-ENSBTAG00000019153",0.351051326562223,1.05157590691964
"vitro","ENSBTAG00000011034-ENSBTAG00000003777",0.349824882132804,1.11865159122162
"vitro","ENSBTAG00000007773-ENSBTAG00000015910",0.349205498333966,1.10505527775146
"vitro","ENSBTAG00000011104-ENSBTAG00000020979",0.348459120198981,1.00622209615915
"vitro","ENSBTAG00000005198-ENSBTAG00000015457",0.34293487921436,1.38035800917892
"vitro","ENSBTAG00000005339-ENSBTAG00000000570",0.340826000836464,1.2361325432749
"vitro","ENSBTAG00000021048-ENSBTAG00000002144",0.340236905802681,1.28637269097401
"vitro","ENSBTAG00000000575-ENSBTAG00000019289",0.33629363598482,1.05040773630627
"vitro","ENSBTAG00000025775-ENSBTAG00000017489",0.334371329518547,1.41952033293582
"vitro","ENSBTAG00000010312-ENSBTAG00000014064",0.334302175372098,0.989832746991123
"vitro","ENSBTAG00000005108-ENSBTAG00000011154",0.33347957043504,1.34695816602509
"vitro","ENSBTAG00000011966-ENSBTAG00000015910",0.333046939821485,0.987683634910099
"vitro","ENSBTAG00000011580-ENSBTAG00000046199",0.32476666381697,1.03666776756924
"vitro","ENSBTAG00000004237-ENSBTAG00000011628",0.324254869403161,1.16711209297682
"vitro","ENSBTAG00000015362-ENSBTAG00000002081",0.323355823840592,1.73525653857653
"vitro","ENSBTAG00000005111-ENSBTAG00000002081",0.321368071655732,1.22847786529637
"vitro","ENSBTAG00000007897-ENSBTAG00000017981",0.320757188719865,1.09037798202298
"vitro","ENSBTAG00000012849-ENSBTAG00000015910",0.309969854060019,1.14855797593113
"vitro","ENSBTAG00000007273-ENSBTAG00000032719",0.309340223200687,1.2376607160237
"vitro","ENSBTAG00000015352-ENSBTAG00000012599",0.309018608640427,1.55321235657318
"vitro","ENSBTAG00000021807-ENSBTAG00000021664",0.308806537077033,1.45536689729504
"vitro","ENSBTAG00000015742-ENSBTAG00000007103",0.305227994848921,0.947296765006688
"vitro","ENSBTAG00000008027-ENSBTAG00000017489",0.30378363828392,0.990894602254735
"vitro","ENSBTAG00000005077-ENSBTAG00000009851",0.303678608724622,0.720121872838703
"vitro","ENSBTAG00000021048-ENSBTAG00000019903",0.302378065933592,1.03297482127145
"vitro","ENSBTAG00000007737-ENSBTAG00000002081",0.300313918355096,0.964368097747647
"vitro","ENSBTAG00000012519-ENSBTAG00000031753",0.298659638374733,1.46016157772639
"vitro","ENSBTAG00000031444-ENSBTAG00000006360",0.290887942084542,1.24897542372742
"vitro","ENSBTAG00000003658-ENSBTAG00000000736",0.289580370778479,1.06331687177382
"vitro","ENSBTAG00000020645-ENSBTAG00000014798",0.287795957053636,0.955747277011626
"vitro","ENSBTAG00000017246-ENSBTAG00000012314",0.283393304154201,0.75055899669356
"vitro","ENSBTAG00000005077-ENSBTAG00000034883",0.280384720243348,1.15846091661901
"vitro","ENSBTAG00000025868-ENSBTAG00000008165",0.279909503439604,1.35160517265799
"vitro","ENSBTAG00000000073-ENSBTAG00000000736",0.27863570847083,1.02065083156384
"vitro","ENSBTAG00000017246-ENSBTAG00000019832",0.278443433269901,0.926304991879572
"vitro","ENSBTAG00000013103-ENSBTAG00000019289",0.277955584182677,1.0897296690241
"vitro","ENSBTAG00000007773-ENSBTAG00000003418",0.277126062584504,0.856627668815676
"vitro","ENSBTAG00000012849-ENSBTAG00000003585",0.274661256661508,0.975569341541357
"vitro","ENSBTAG00000018103-ENSBTAG00000017753",0.272802976703895,1.17131925212085
"vitro","ENSBTAG00000011585-ENSBTAG00000015046",0.270514473884361,0.738730075057901
"vitro","ENSBTAG00000008027-ENSBTAG00000019903",0.26551081484065,0.792873092517997
"vitro","ENSBTAG00000020342-ENSBTAG00000035084",0.254465062584471,1.14629048468563
"vitro","ENSBTAG00000020556-ENSBTAG00000017033",0.248585673902239,0.784746951678606
"vitro","ENSBTAG00000020638-ENSBTAG00000001141",0.244245873458824,1.44915965230234
"vitro","ENSBTAG00000007708-ENSBTAG00000046199",0.241440405979024,0.837732682739534
"vitro","ENSBTAG00000000016-ENSBTAG00000013674",0.234388460307572,0.798656099075966
"vitro","ENSBTAG00000017468-ENSBTAG00000013557",0.231118479231559,0.84341766205458
"vitro","ENSBTAG00000005339-ENSBTAG00000000782",0.225189465177094,0.856279536694339
"vitro","ENSBTAG00000025644-ENSBTAG00000019021",0.224822426306232,0.74833636618277
"vitro","ENSBTAG00000009208-ENSBTAG00000044190",0.22238621656891,0.885049174707904
"vitro","ENSBTAG00000009478-ENSBTAG00000002081",0.209982654414623,0.681145988825084
"vitro","ENSBTAG00000013472-ENSBTAG00000008165",0.208487465469808,0.971558450036489
"vitro","ENSBTAG00000005339-ENSBTAG00000019866",0.20647545927304,0.757423637752116
"vitro","ENSBTAG00000012057-ENSBTAG00000005072",0.199961070633028,0.810481245973765
"vitro","ENSBTAG00000021048-ENSBTAG00000017489",0.197526104816195,0.86541162857391
"vitro","ENSBTAG00000003835-ENSBTAG00000002081",0.197155995171756,0.984065651241878
"vitro","ENSBTAG00000006538-ENSBTAG00000017489",0.196515058092934,0.617469213812384
"vitro","ENSBTAG00000011784-ENSBTAG00000000736",0.194427501728132,0.742147052939533
"vitro","ENSBTAG00000005339-ENSBTAG00000011971",0.192790838150631,0.555911005118472
"vitro","ENSBTAG00000002006-ENSBTAG00000008165",0.183636573280337,0.632720565958135
"vitro","ENSBTAG00000003329-ENSBTAG00000002081",0.17975735571959,0.674138231721668
"vitro","ENSBTAG00000015114-ENSBTAG00000008165",0.149491941679805,0.584083853442204
"vitro","ENSBTAG00000011966-ENSBTAG00000017266",0.148707723501848,0.442279578764295
"vitro","ENSBTAG00000020221-ENSBTAG00000035084",0.148677594424091,0.603569944253465
"vitro","ENSBTAG00000013155-ENSBTAG00000008165",0.148335595087028,0.65623777317424
"vitro","ENSBTAG00000014583-ENSBTAG00000020667",0.132785448224484,0.663634897330381
"vitro","ENSBTAG00000010123-ENSBTAG00000000736",0.0952399999270992,0.397866055241143
"vitro","ENSBTAG00000011851-ENSBTAG00000018572",0.0856776513327861,0.359378233266122
"vitro","ENSBTAG00000022514-ENSBTAG00000013730",0.0618089949217895,0.244702625443711
"vivo","ENSBTAG00000014583-ENSBTAG00000010986",26.7592366964471,35.0658688503878
"vivo","ENSBTAG00000025644-ENSBTAG00000010986",25.6184635269276,34.2461419910334
"vivo","ENSBTAG00000008027-ENSBTAG00000016948",21.4090782834798,30.4334308708216
"vivo","ENSBTAG00000008027-ENSBTAG00000012314",21.0146435661711,30.7452008211073
"vivo","ENSBTAG00000008027-ENSBTAG00000020704",19.03447976944,28.1711764560929
"vivo","ENSBTAG00000008027-ENSBTAG00000019903",18.6507035124186,28.4548076345404
"vivo","ENSBTAG00000008027-ENSBTAG00000002144",15.7405115361755,24.570065410168
"vivo","ENSBTAG00000021697-ENSBTAG00000002804",13.6682388850065,27.7682764555494
"vivo","ENSBTAG00000021697-ENSBTAG00000019929",12.79893487406,25.350779613619
"vivo","ENSBTAG00000021697-ENSBTAG00000007173",12.0864157670479,24.183948201088
"vivo","ENSBTAG00000021697-ENSBTAG00000005990",11.8277935695496,24.3790394189947
"vivo","ENSBTAG00000015362-ENSBTAG00000006420",11.7700208396717,24.4750295396087
"vivo","ENSBTAG00000002317-ENSBTAG00000014966",11.4236297534772,21.782417480181
"vivo","ENSBTAG00000015362-ENSBTAG00000018114",10.6201487194096,21.6157787772389
"vivo","ENSBTAG00000002317-ENSBTAG00000018052",10.5251918502081,19.9987351370249
"vivo","ENSBTAG00000015362-ENSBTAG00000000231",10.4229632735848,21.146646212177
"vivo","ENSBTAG00000002278-ENSBTAG00000015910",10.4130007341869,21.1213064347164
"vivo","ENSBTAG00000012817-ENSBTAG00000007909",10.2738044213338,20.1293763129697
"vivo","ENSBTAG00000002317-ENSBTAG00000026676",10.0288950990262,20.0625900121257
"vivo","ENSBTAG00000002278-ENSBTAG00000019929",10.000796347982,21.9166950949714
"vivo","ENSBTAG00000012817-ENSBTAG00000022799",9.73571483358247,21.3746286172266
"vivo","ENSBTAG00000002317-ENSBTAG00000011154",9.54363090228471,19.4817778390608
"vivo","ENSBTAG00000015362-ENSBTAG00000011909",9.53015054901789,19.5733967822152
"vivo","ENSBTAG00000000470-ENSBTAG00000019929",9.43187607070066,18.8222654327375
"vivo","ENSBTAG00000015362-ENSBTAG00000018105",9.36552344008923,20.4372777081235
"vivo","ENSBTAG00000015362-ENSBTAG00000008997",7.74607324959915,17.9810746275166
"vivo","ENSBTAG00000021807-ENSBTAG00000016247",7.72614731226086,18.7461852358898
"vivo","ENSBTAG00000012817-ENSBTAG00000005397",7.16660481106904,17.8134203370774
"vivo","ENSBTAG00000001745-ENSBTAG00000015910",7.12296938011907,18.9821078819967
"vivo","ENSBTAG00000015991-ENSBTAG00000010444",6.38522413668133,13.1076418368227
"vivo","ENSBTAG00000002278-ENSBTAG00000013745",6.33835698409311,13.2360877603905
"vivo","ENSBTAG00000014906-ENSBTAG00000008008",6.30449510760125,12.0404612456357
"vivo","ENSBTAG00000000793-ENSBTAG00000019569",6.28173039313823,20.5128310462198
"vivo","ENSBTAG00000001745-ENSBTAG00000019289",6.27854951015219,17.6440439061071
"vivo","ENSBTAG00000000073-ENSBTAG00000014611",6.23843660828949,16.1519609250765
"vivo","ENSBTAG00000000793-ENSBTAG00000015910",6.23784093450605,20.1899234918146
"vivo","ENSBTAG00000000793-ENSBTAG00000017266",5.99955667679917,19.0726667545038
"vivo","ENSBTAG00000014906-ENSBTAG00000015910",5.77348092314048,13.8159313513985
"vivo","ENSBTAG00000005947-ENSBTAG00000015910",5.6306489477904,15.4851543319315
"vivo","ENSBTAG00000000793-ENSBTAG00000018169",5.60997708834132,17.7663158629107
"vivo","ENSBTAG00000019269-ENSBTAG00000015910",5.26894630868689,19.7967346266405
"vivo","ENSBTAG00000007273-ENSBTAG00000012314",5.25190282024984,13.8464066404587
"vivo","ENSBTAG00000007273-ENSBTAG00000034385",5.1906405988928,13.6260064850683
"vivo","ENSBTAG00000003658-ENSBTAG00000018517",5.17606370114499,13.3538379934776
"vivo","ENSBTAG00000032436-ENSBTAG00000010444",5.13283708475357,11.1700713549323
"vivo","ENSBTAG00000021457-ENSBTAG00000011986",5.10081032435799,18.1406743555467
"vivo","ENSBTAG00000017549-ENSBTAG00000002699",5.09441054189609,17.5054815133614
"vivo","ENSBTAG00000007773-ENSBTAG00000018993",5.00309396304277,14.5628822932266
"vivo","ENSBTAG00000019866-ENSBTAG00000000782",4.87839018968202,16.050133328768
"vivo","ENSBTAG00000020638-ENSBTAG00000000782",4.86636789005915,14.565852037246
"vivo","ENSBTAG00000007773-ENSBTAG00000003418",4.83731653872308,13.674723817646
"vivo","ENSBTAG00000000793-ENSBTAG00000019289",4.80961644571576,14.9382869786416
"vivo","ENSBTAG00000007773-ENSBTAG00000010347",4.77479620060268,13.669162237075
"vivo","ENSBTAG00000011808-ENSBTAG00000018105",4.70172566819703,13.4077777281386
"vivo","ENSBTAG00000007773-ENSBTAG00000015910",4.661280397095,12.7402800521744
"vivo","ENSBTAG00000021457-ENSBTAG00000023147",4.64882280360266,16.1520141923173
"vivo","ENSBTAG00000012529-ENSBTAG00000012899",4.58836541455288,17.5459823765956
"vivo","ENSBTAG00000007273-ENSBTAG00000011738",4.55295780380927,12.4165313582531
"vivo","ENSBTAG00000016043-ENSBTAG00000018035",4.52304490171253,13.1890779744117
"vivo","ENSBTAG00000019269-ENSBTAG00000019289",4.3571658024201,16.1115287604002
"vivo","ENSBTAG00000009357-ENSBTAG00000012771",4.35566696699114,13.7202251879065
"vivo","ENSBTAG00000019866-ENSBTAG00000009851",4.30313614241104,14.2544144551522
"vivo","ENSBTAG00000047330-ENSBTAG00000017851",4.28101402961896,10.6256260544156
"vivo","ENSBTAG00000046421-ENSBTAG00000007213",4.24986738023197,15.365957978809
"vivo","ENSBTAG00000003658-ENSBTAG00000015910",4.24953663645316,13.5293001126038
"vivo","ENSBTAG00000007773-ENSBTAG00000017060",4.21181360212797,12.4475654526283
"vivo","ENSBTAG00000018343-ENSBTAG00000015312",4.11970245323546,16.4258776001343
"vivo","ENSBTAG00000008452-ENSBTAG00000013909",3.96836365414459,11.4740952616797
"vivo","ENSBTAG00000007273-ENSBTAG00000002144",3.85075060890485,10.3872228032201
"vivo","ENSBTAG00000003832-ENSBTAG00000022799",3.81024879201409,15.3204112675086
"vivo","ENSBTAG00000005947-ENSBTAG00000019712",3.75359266176282,12.6160533895044
"vivo","ENSBTAG00000007273-ENSBTAG00000032719",3.69190691537445,10.2750517357318
"vivo","ENSBTAG00000005250-ENSBTAG00000008008",3.41053341361598,12.555595775306
"vivo","ENSBTAG00000031998-ENSBTAG00000039292",3.39622587056356,13.0047534641811
"vivo","ENSBTAG00000017564-ENSBTAG00000000561",3.36787334094693,9.55434611311533
"vivo","ENSBTAG00000016800-ENSBTAG00000000782",3.31492927145307,7.98839882640862
"vivo","ENSBTAG00000021333-ENSBTAG00000017801",3.29736057621509,11.9714706174494
"vivo","ENSBTAG00000013472-ENSBTAG00000001462",3.27853946008789,10.013358356563
"vivo","ENSBTAG00000020645-ENSBTAG00000014270",3.27691478662988,10.171193991396
"vivo","ENSBTAG00000000442-ENSBTAG00000007348",3.24706960933548,8.12357810465415
"vivo","ENSBTAG00000011010-ENSBTAG00000009757",3.22570092369954,11.3747006275682
"vivo","ENSBTAG00000011104-ENSBTAG00000023147",3.20792218019501,12.6070136382489
"vivo","ENSBTAG00000031998-ENSBTAG00000015708",3.10493365314117,11.7397660283534
"vivo","ENSBTAG00000021217-ENSBTAG00000015910",2.90271052975599,7.72403579062593
"vivo","ENSBTAG00000007153-ENSBTAG00000012219",2.824428226447,10.9691351755761
"vivo","ENSBTAG00000020238-ENSBTAG00000004739",2.74692087530808,11.7549478186658
"vivo","ENSBTAG00000010991-ENSBTAG00000007348",2.73264487078185,10.7113941190521
"vivo","ENSBTAG00000019267-ENSBTAG00000014357",2.66043027721129,11.5723022766126
"vivo","ENSBTAG00000006685-ENSBTAG00000019404",2.6320986614528,6.49453105825799
"vivo","ENSBTAG00000009476-ENSBTAG00000015910",2.60331058424271,7.62852882736131
"vivo","ENSBTAG00000015991-ENSBTAG00000021190",2.55748667164947,7.31167242870282
"vivo","ENSBTAG00000011291-ENSBTAG00000006732",2.52791490811272,12.064747343172
"vivo","ENSBTAG00000021217-ENSBTAG00000019289",2.49444850895941,6.97736059034056
"vivo","ENSBTAG00000003585-ENSBTAG00000007213",2.40472975976183,4.6969720747894
"vivo","ENSBTAG00000015978-ENSBTAG00000011628",2.38815216845903,6.96322489785883
"vivo","ENSBTAG00000009476-ENSBTAG00000000782",2.36789563354057,6.46259403646408
"vivo","ENSBTAG00000021302-ENSBTAG00000015910",2.36014493592248,10.5732642039393
"vivo","ENSBTAG00000020676-ENSBTAG00000017060",2.31806072004578,6.4690789876615
"vivo","ENSBTAG00000015991-ENSBTAG00000011628",2.28692412222364,6.47512181523807
"vivo","ENSBTAG00000005339-ENSBTAG00000011628",2.28023562926301,5.96269586819046
"vivo","ENSBTAG00000005111-ENSBTAG00000018114",2.27517882308507,10.9021550468081
"vivo","ENSBTAG00000012398-ENSBTAG00000008008",2.26559339167137,9.71933348520153
"vivo","ENSBTAG00000017866-ENSBTAG00000014031",2.25562927391229,6.7114716489327
"vivo","ENSBTAG00000016800-ENSBTAG00000007338",2.24315920374633,6.74400441245784
"vivo","ENSBTAG00000005111-ENSBTAG00000006420",2.22916174644388,8.13286322878871
"vivo","ENSBTAG00000017246-ENSBTAG00000012314",2.21932443745793,10.7113572793069
"vivo","ENSBTAG00000013688-ENSBTAG00000019866",2.21288436937382,4.9511331886764
"vivo","ENSBTAG00000017866-ENSBTAG00000008008",2.18949180264197,8.22785228418009
"vivo","ENSBTAG00000016208-ENSBTAG00000015910",2.15025054613732,5.28519347590974
"vivo","ENSBTAG00000004237-ENSBTAG00000011628",2.09547078215098,10.146120507821
"vivo","ENSBTAG00000014906-ENSBTAG00000011578",2.08188492305994,6.72618145495781
"vivo","ENSBTAG00000006685-ENSBTAG00000005215",2.08144696579814,4.94203818423539
"vivo","ENSBTAG00000011966-ENSBTAG00000012897",2.06762477480068,6.76503506864304
"vivo","ENSBTAG00000045582-ENSBTAG00000002144",2.06197296598772,6.64059738015128
"vivo","ENSBTAG00000018343-ENSBTAG00000020736",2.0487750093355,8.87574360741994
"vivo","ENSBTAG00000021217-ENSBTAG00000010682",2.02443451901847,7.40267679886653
"vivo","ENSBTAG00000009761-ENSBTAG00000002144",2.01971344446645,5.74510356080347
"vivo","ENSBTAG00000012004-ENSBTAG00000008997",2.01924981676639,10.614734139719
"vivo","ENSBTAG00000025644-ENSBTAG00000011050",1.98995362079075,11.2776963519952
"vivo","ENSBTAG00000013162-ENSBTAG00000012314",1.98402761200763,6.46391245886335
"vivo","ENSBTAG00000012164-ENSBTAG00000010498",1.97520554996868,8.49118975748027
"vivo","ENSBTAG00000009357-ENSBTAG00000011154",1.96272170896125,5.77963271801739
"vivo","ENSBTAG00000008027-ENSBTAG00000007175",1.95603014206108,6.21760732602043
"vivo","ENSBTAG00000009476-ENSBTAG00000013745",1.95113687593317,5.6489870211515
"vivo","ENSBTAG00000009476-ENSBTAG00000019289",1.94303053690309,6.41022875813641
"vivo","ENSBTAG00000008817-ENSBTAG00000015910",1.92884521045949,9.34293859189777
"vivo","ENSBTAG00000009476-ENSBTAG00000001462",1.92620907839441,6.38260787765147
"vivo","ENSBTAG00000008817-ENSBTAG00000019929",1.91914257669552,9.34964525023459
"vivo","ENSBTAG00000011966-ENSBTAG00000017266",1.91179108385556,9.81635029552013
"vivo","ENSBTAG00000010179-ENSBTAG00000026676",1.90409500138722,7.09102721161647
"vivo","ENSBTAG00000011741-ENSBTAG00000015910",1.89254287057411,10.5211443612624
"vivo","ENSBTAG00000005111-ENSBTAG00000000231",1.87869075574822,8.81470031905334
"vivo","ENSBTAG00000019964-ENSBTAG00000005828",1.86060466546817,9.97739069488541
"vivo","ENSBTAG00000039355-ENSBTAG00000018993",1.82769919173157,5.75586631520468
"vivo","ENSBTAG00000005359-ENSBTAG00000018035",1.80869153287566,4.04645303251266
"vivo","ENSBTAG00000019964-ENSBTAG00000001694",1.79562494414076,8.12028881775638
"vivo","ENSBTAG00000017866-ENSBTAG00000006240",1.77156524261861,6.28263779458904
"vivo","ENSBTAG00000020244-ENSBTAG00000000815",1.76957372529799,5.70737988055984
"vivo","ENSBTAG00000012413-ENSBTAG00000014064",1.76297553034174,8.85667132139026
"vivo","ENSBTAG00000021326-ENSBTAG00000039292",1.75475743498578,6.87322788655249
"vivo","ENSBTAG00000004237-ENSBTAG00000010444",1.75252251259891,8.75319466125764
"vivo","ENSBTAG00000008817-ENSBTAG00000017266",1.74961310101263,7.91266587234532
"vivo","ENSBTAG00000000130-ENSBTAG00000004211",1.74158112280565,7.00633185759927
"vivo","ENSBTAG00000005359-ENSBTAG00000019832",1.74022847494785,4.06995134079649
"vivo","ENSBTAG00000006354-ENSBTAG00000017060",1.7384042484132,10.0635185490926
"vivo","ENSBTAG00000004777-ENSBTAG00000014420",1.73191281485132,10.2119060002323
"vivo","ENSBTAG00000019267-ENSBTAG00000011578",1.71506441263634,7.92534568725154
"vivo","ENSBTAG00000000016-ENSBTAG00000024928",1.71127425831341,10.2731755617103
"vivo","ENSBTAG00000016648-ENSBTAG00000017266",1.70580912894471,7.55062418122935
"vivo","ENSBTAG00000005111-ENSBTAG00000008997",1.69994923733491,4.99854947673724
"vivo","ENSBTAG00000013688-ENSBTAG00000011971",1.69926676179605,4.39201556406108
"vivo","ENSBTAG00000005359-ENSBTAG00000011909",1.69737685578672,4.09037540001306
"vivo","ENSBTAG00000012004-ENSBTAG00000019929",1.69347065296141,5.67180943507568
"vivo","ENSBTAG00000011034-ENSBTAG00000020148",1.68831474770793,10.1047713555446
"vivo","ENSBTAG00000009212-ENSBTAG00000012314",1.6772747159375,4.04483658703957
"vivo","ENSBTAG00000014906-ENSBTAG00000020755",1.66725031349075,3.9907894001347
"vivo","ENSBTAG00000008027-ENSBTAG00000017981",1.66510412268838,5.02646518180864
"vivo","ENSBTAG00000038735-ENSBTAG00000019903",1.64080232931009,10.0408300198517
"vivo","ENSBTAG00000004777-ENSBTAG00000017753",1.63905458784964,7.30200484881659
"vivo","ENSBTAG00000037899-ENSBTAG00000022799",1.62686899005977,3.67199954184657
"vivo","ENSBTAG00000005359-ENSBTAG00000024269",1.62186040304343,3.85089982807693
"vivo","ENSBTAG00000012004-ENSBTAG00000015910",1.61581861658193,6.15006162672616
"vivo","ENSBTAG00000011034-ENSBTAG00000003777",1.59846114087395,8.95608817179458
"vivo","ENSBTAG00000020244-ENSBTAG00000015510",1.59407931324228,6.1587190365965
"vivo","ENSBTAG00000032436-ENSBTAG00000002144",1.56000803648215,5.22151880163869
"vivo","ENSBTAG00000012398-ENSBTAG00000012314",1.55401036765718,5.03200894663229
"vivo","ENSBTAG00000021499-ENSBTAG00000008849",1.54412977066812,10.0739397023209
"vivo","ENSBTAG00000037899-ENSBTAG00000007909",1.53507570660734,3.45239957683443
"vivo","ENSBTAG00000010123-ENSBTAG00000012314",1.53177943288739,10.1159345566243
"vivo","ENSBTAG00000007737-ENSBTAG00000010444",1.50339219127804,4.24684680192197
"vivo","ENSBTAG00000005250-ENSBTAG00000006240",1.50306875801585,4.805519972514
"vivo","ENSBTAG00000013155-ENSBTAG00000015910",1.50184274475566,4.87345537425957
"vivo","ENSBTAG00000014583-ENSBTAG00000011050",1.49514311616334,8.88072902476341
"vivo","ENSBTAG00000001368-ENSBTAG00000015910",1.48619141507449,5.96811073734666
"vivo","ENSBTAG00000000130-ENSBTAG00000010785",1.4478785046902,6.2090589381752
"vivo","ENSBTAG00000009476-ENSBTAG00000011971",1.44715432798461,3.8628325668859
"vivo","ENSBTAG00000014556-ENSBTAG00000026676",1.44305943856749,4.96497530339501
"vivo","ENSBTAG00000000130-ENSBTAG00000014357",1.43903174423016,6.32592546694272
"vivo","ENSBTAG00000015978-ENSBTAG00000013290",1.43634726149704,5.64190025692593
"vivo","ENSBTAG00000014583-ENSBTAG00000014567",1.42154518243236,5.45024650459476
"vivo","ENSBTAG00000019964-ENSBTAG00000003166",1.41023645655015,6.41797026743072
"vivo","ENSBTAG00000032436-ENSBTAG00000006161",1.40723182295989,5.11739973423366
"vivo","ENSBTAG00000032436-ENSBTAG00000006240",1.40397689016666,5.79557126198734
"vivo","ENSBTAG00000001764-ENSBTAG00000026676",1.39315263107825,3.34146828555457
"vivo","ENSBTAG00000001764-ENSBTAG00000021190",1.39006078404638,3.44099509895201
"vivo","ENSBTAG00000005581-ENSBTAG00000039292",1.38811520443505,2.83469187869229
"vivo","ENSBTAG00000025644-ENSBTAG00000014567",1.38503207594687,6.72916020891774
"vivo","ENSBTAG00000015801-ENSBTAG00000015510",1.38080936078606,5.05693550989648
"vivo","ENSBTAG00000040584-ENSBTAG00000021923",1.37856380535168,6.3967831928507
"vivo","ENSBTAG00000015789-ENSBTAG00000011628",1.37420636176397,4.19788513305124
"vivo","ENSBTAG00000008817-ENSBTAG00000012897",1.35052706441792,7.00853593582679
"vivo","ENSBTAG00000014834-ENSBTAG00000011628",1.34881806395359,7.14786355766757
"vivo","ENSBTAG00000015089-ENSBTAG00000002135",1.33816892054201,6.40639169747402
"vivo","ENSBTAG00000020645-ENSBTAG00000011628",1.33806994191131,4.33977830483545
"vivo","ENSBTAG00000005339-ENSBTAG00000015910",1.32852672506784,3.62440440200395
"vivo","ENSBTAG00000009478-ENSBTAG00000018035",1.31903255785776,8.59422841435821
"vivo","ENSBTAG00000009478-ENSBTAG00000006420",1.31836090642813,9.38921202384953
"vivo","ENSBTAG00000020556-ENSBTAG00000018517",1.31671699682743,3.48032287243098
"vivo","ENSBTAG00000012829-ENSBTAG00000017745",1.31572737357509,3.51502385883966
"vivo","ENSBTAG00000005111-ENSBTAG00000011909",1.29884715242748,4.044004802014
"vivo","ENSBTAG00000047567-ENSBTAG00000000570",1.29505292451481,4.00318545266252
"vivo","ENSBTAG00000011563-ENSBTAG00000010497",1.29396345436396,4.27865400659483
"vivo","ENSBTAG00000012004-ENSBTAG00000018035",1.29232221005577,4.82814115003679
"vivo","ENSBTAG00000000575-ENSBTAG00000015910",1.2847178034035,4.88918953767115
"vivo","ENSBTAG00000009478-ENSBTAG00000000231",1.28017731850182,10.0667284162467
"vivo","ENSBTAG00000020645-ENSBTAG00000011461",1.26861044403568,5.27506725106201
"vivo","ENSBTAG00000005359-ENSBTAG00000008997",1.26383595224331,3.28250897476319
"vivo","ENSBTAG00000014906-ENSBTAG00000011628",1.26340109700681,3.50112962494636
"vivo","ENSBTAG00000013898-ENSBTAG00000039292",1.2586195646234,2.87292830774085
"vivo","ENSBTAG00000026236-ENSBTAG00000019929",1.25048842504532,3.93413886590331
"vivo","ENSBTAG00000020645-ENSBTAG00000014600",1.25047070414325,8.1656856676925
"vivo","ENSBTAG00000007338-ENSBTAG00000004917",1.24267268692175,5.15235977556775
"vivo","ENSBTAG00000032436-ENSBTAG00000006378",1.2406955239462,4.55936366024391
"vivo","ENSBTAG00000025775-ENSBTAG00000016948",1.23733877893065,3.27437317125318
"vivo","ENSBTAG00000010303-ENSBTAG00000011628",1.23433206677606,6.34648127413657
"vivo","ENSBTAG00000030710-ENSBTAG00000013755",1.22698899830011,7.22884797836574
"vivo","ENSBTAG00000012004-ENSBTAG00000019832",1.21152516303257,3.15753658576325
"vivo","ENSBTAG00000014575-ENSBTAG00000015910",1.19823823830459,5.34163438761177
"vivo","ENSBTAG00000009478-ENSBTAG00000018114",1.18508051265165,9.0502408267395
"vivo","ENSBTAG00000008300-ENSBTAG00000001462",1.17815239787257,5.67981729568715
"vivo","ENSBTAG00000005947-ENSBTAG00000013755",1.1745246943118,3.5833939081584
"vivo","ENSBTAG00000001141-ENSBTAG00000015910",1.17340894633244,3.89713488645199
"vivo","ENSBTAG00000020661-ENSBTAG00000017851",1.16950278464937,4.37984963940353
"vivo","ENSBTAG00000046421-ENSBTAG00000006240",1.16498440382373,3.58685540162306
"vivo","ENSBTAG00000018103-ENSBTAG00000006240",1.16053059405854,4.11770631074339
"vivo","ENSBTAG00000020556-ENSBTAG00000017033",1.14687542280546,2.38544786323307
"vivo","ENSBTAG00000005581-ENSBTAG00000014162",1.1449650305765,9.29077554354574
"vivo","ENSBTAG00000039355-ENSBTAG00000011515",1.13846641307894,4.46266354765546
"vivo","ENSBTAG00000007737-ENSBTAG00000012314",1.13241475217907,6.33319920883583
"vivo","ENSBTAG00000014575-ENSBTAG00000003585",1.13084861178462,6.10224402833496
"vivo","ENSBTAG00000012413-ENSBTAG00000015457",1.12418126809633,5.95230302210309
"vivo","ENSBTAG00000007737-ENSBTAG00000011628",1.12072730418397,4.11054369286474
"vivo","ENSBTAG00000014113-ENSBTAG00000019428",1.12060545934458,3.29160445044799
"vivo","ENSBTAG00000004924-ENSBTAG00000031718",1.11763258860362,5.33410746660803
"vivo","ENSBTAG00000038735-ENSBTAG00000002144",1.11609850896968,5.39980649793307
"vivo","ENSBTAG00000017246-ENSBTAG00000022799",1.11164366565302,4.03312162047758
"vivo","ENSBTAG00000016208-ENSBTAG00000014944",1.09875733861779,2.44907124715531
"vivo","ENSBTAG00000014834-ENSBTAG00000005828",1.09757919312001,5.91464544505381
"vivo","ENSBTAG00000013155-ENSBTAG00000010682",1.09358405472293,3.2138586575411
"vivo","ENSBTAG00000013155-ENSBTAG00000008373",1.09253339658052,3.36749856189876
"vivo","ENSBTAG00000019910-ENSBTAG00000015510",1.08795629902874,6.39733258587509
"vivo","ENSBTAG00000002441-ENSBTAG00000039292",1.08467530989636,2.81796064803421
"vivo","ENSBTAG00000019694-ENSBTAG00000013745",1.08000762421548,5.91257269483043
"vivo","ENSBTAG00000025775-ENSBTAG00000019903",1.0798437047819,3.03090195064019
"vivo","ENSBTAG00000000559-ENSBTAG00000020661",1.07309208546977,3.10518415563345
"vivo","ENSBTAG00000008027-ENSBTAG00000047138",1.06978877196495,3.6001054498516
"vivo","ENSBTAG00000006354-ENSBTAG00000025101",1.06373360348469,5.46050518579204
"vivo","ENSBTAG00000009972-ENSBTAG00000024269",1.06014086967549,3.42743279427934
"vivo","ENSBTAG00000020645-ENSBTAG00000017489",1.0534827948929,8.49817130356043
"vivo","ENSBTAG00000003835-ENSBTAG00000006420",1.05032963711647,6.98820808607865
"vivo","ENSBTAG00000004226-ENSBTAG00000026278",1.04911895087248,5.67412974280033
"vivo","ENSBTAG00000012088-ENSBTAG00000015910",1.04866434469672,3.0637395810807
"vivo","ENSBTAG00000011412-ENSBTAG00000012897",1.04402697400565,3.670912513687
"vivo","ENSBTAG00000018103-ENSBTAG00000011154",1.043166637683,3.64306100690917
"vivo","ENSBTAG00000009478-ENSBTAG00000014354",1.03928534607137,7.72987630511709
"vivo","ENSBTAG00000013003-ENSBTAG00000012687",1.03852012729077,5.92789609495904
"vivo","ENSBTAG00000014575-ENSBTAG00000019929",1.02539004687834,5.8396341560445
"vivo","ENSBTAG00000010726-ENSBTAG00000012314",1.02002595422012,4.28028236878771
"vivo","ENSBTAG00000014906-ENSBTAG00000011515",1.01980248245991,2.91487435088092
"vivo","ENSBTAG00000014218-ENSBTAG00000005903",1.01897875838317,4.35830653384262
"vivo","ENSBTAG00000009972-ENSBTAG00000018114",1.01210333669562,3.03937459116628
"vivo","ENSBTAG00000000073-ENSBTAG00000012314",1.00660108176442,3.96385947036844
"vivo","ENSBTAG00000007268-ENSBTAG00000015910",1.00504296875078,4.92320122596924
"vivo","ENSBTAG00000007737-ENSBTAG00000045633",1.00306197550146,6.72731305582751
"vivo","ENSBTAG00000003329-ENSBTAG00000006420",0.998449860478496,2.88964105778645
"vivo","ENSBTAG00000021466-ENSBTAG00000015910",0.99541231547741,4.10026647360781
"vivo","ENSBTAG00000013155-ENSBTAG00000019289",0.992712358366189,2.85703228383478
"vivo","ENSBTAG00000011851-ENSBTAG00000000782",0.992064078280556,4.76604475340194
"vivo","ENSBTAG00000025210-ENSBTAG00000019929",0.988998206926992,3.10877958394533
"vivo","ENSBTAG00000039355-ENSBTAG00000011578",0.986443622670239,3.87386926992847
"vivo","ENSBTAG00000013472-ENSBTAG00000017866",0.9857968074413,2.47665807309334
"vivo","ENSBTAG00000021466-ENSBTAG00000004885",0.973965307718647,3.47727777347746
"vivo","ENSBTAG00000003835-ENSBTAG00000002081",0.971874792447901,4.9092333542775
"vivo","ENSBTAG00000022120-ENSBTAG00000015910",0.966889225442892,2.54654163680732
"vivo","ENSBTAG00000022635-ENSBTAG00000015910",0.966137698520528,2.87124929171622
"vivo","ENSBTAG00000000073-ENSBTAG00000008849",0.964431205928994,6.30298660048954
"vivo","ENSBTAG00000015742-ENSBTAG00000007103",0.96378164972267,5.6014378074926
"vivo","ENSBTAG00000025775-ENSBTAG00000002144",0.96307605032487,2.85041210716005
"vivo","ENSBTAG00000017753-ENSBTAG00000015996",0.960255765124145,4.07436358130806
"vivo","ENSBTAG00000012004-ENSBTAG00000024269",0.952063091991321,3.36962432675549
"vivo","ENSBTAG00000038735-ENSBTAG00000017489",0.951201410871901,8.48577316088717
"vivo","ENSBTAG00000012004-ENSBTAG00000013755",0.946227417074084,3.41370623103808
"vivo","ENSBTAG00000013472-ENSBTAG00000015910",0.943496599035469,3.21910013200185
"vivo","ENSBTAG00000004630-ENSBTAG00000003585",0.941241383915554,4.53819634733539
"vivo","ENSBTAG00000005691-ENSBTAG00000020644",0.936781790336206,2.63443872464334
"vivo","ENSBTAG00000005947-ENSBTAG00000015739",0.936516802793967,3.15002735397134
"vivo","ENSBTAG00000007737-ENSBTAG00000006161",0.935821722756094,3.84974870608052
"vivo","ENSBTAG00000014583-ENSBTAG00000011628",0.92248711061073,2.58383506770156
"vivo","ENSBTAG00000002302-ENSBTAG00000017256",0.920901413661575,3.19890009756874
"vivo","ENSBTAG00000009972-ENSBTAG00000011909",0.917932012224309,3.10622251051355
"vivo","ENSBTAG00000010303-ENSBTAG00000017060",0.913529620586995,3.69607746850599
"vivo","ENSBTAG00000004924-ENSBTAG00000039292",0.90989273546913,3.78233379197095
"vivo","ENSBTAG00000025471-ENSBTAG00000012642",0.909878882361513,4.28594130910314
"vivo","ENSBTAG00000015114-ENSBTAG00000017489",0.905606053918809,6.56308294175411
"vivo","ENSBTAG00000012829-ENSBTAG00000016933",0.902983788225435,2.15916544785259
"vivo","ENSBTAG00000005198-ENSBTAG00000027464",0.900808017792862,4.92806016757489
"vivo","ENSBTAG00000010303-ENSBTAG00000007103",0.898670734410964,4.52697250293782
"vivo","ENSBTAG00000005628-ENSBTAG00000008852",0.89397268460823,3.66770406715514
"vivo","ENSBTAG00000011585-ENSBTAG00000015046",0.887988954824742,3.78088937751593
"vivo","ENSBTAG00000015742-ENSBTAG00000017060",0.880501862494922,4.13710058637406
"vivo","ENSBTAG00000000073-ENSBTAG00000018517",0.870052880430042,2.38872449905372
"vivo","ENSBTAG00000000575-ENSBTAG00000019929",0.869903433018511,3.51036950435904
"vivo","ENSBTAG00000014218-ENSBTAG00000011761",0.866695044558025,3.67357763900752
"vivo","ENSBTAG00000015089-ENSBTAG00000023144",0.865002434683205,2.35963063910323
"vivo","ENSBTAG00000007737-ENSBTAG00000002144",0.861966718572901,3.35046488751559
"vivo","ENSBTAG00000014575-ENSBTAG00000019289",0.861441618026584,5.3681224128449
"vivo","ENSBTAG00000003835-ENSBTAG00000000231",0.861190165417239,4.39392763227938
"vivo","ENSBTAG00000006295-ENSBTAG00000016948",0.860458654117189,2.20532405078863
"vivo","ENSBTAG00000005198-ENSBTAG00000011628",0.859654203391952,2.95165889407161
"vivo","ENSBTAG00000018103-ENSBTAG00000014420",0.856404683458533,4.45510937862911
"vivo","ENSBTAG00000026779-ENSBTAG00000007103",0.851710955759928,3.08361304204306
"vivo","ENSBTAG00000000575-ENSBTAG00000026676",0.844888908086006,4.04412772422108
"vivo","ENSBTAG00000025644-ENSBTAG00000011628",0.835250366570124,3.20958846601312
"vivo","ENSBTAG00000009972-ENSBTAG00000018105",0.827900069302903,2.38933840506447
"vivo","ENSBTAG00000005691-ENSBTAG00000026676",0.825155057895469,2.03182044086723
"vivo","ENSBTAG00000016208-ENSBTAG00000015127",0.818903679287438,2.69644542252302
"vivo","ENSBTAG00000000283-ENSBTAG00000012771",0.818803601287936,4.25550966484818
"vivo","ENSBTAG00000021302-ENSBTAG00000019289",0.816522879292629,2.08840221642588
"vivo","ENSBTAG00000015177-ENSBTAG00000010249",0.816277475389042,4.09909522064159
"vivo","ENSBTAG00000007446-ENSBTAG00000008733",0.815927531540858,4.92837247409175
"vivo","ENSBTAG00000025644-ENSBTAG00000014600",0.814490605330201,5.2499702140731
"vivo","ENSBTAG00000022635-ENSBTAG00000009757",0.807656554026287,2.52043585155376
"vivo","ENSBTAG00000005111-ENSBTAG00000018105",0.80704432318075,2.71800533081663
"vivo","ENSBTAG00000010161-ENSBTAG00000039292",0.797886739921927,2.15345193441491
"vivo","ENSBTAG00000005691-ENSBTAG00000024269",0.796548263302946,1.94217945036759
"vivo","ENSBTAG00000025775-ENSBTAG00000020704",0.792916555862805,2.61302694261625
"vivo","ENSBTAG00000002006-ENSBTAG00000015910",0.792341611643451,2.43898592951405
"vivo","ENSBTAG00000006655-ENSBTAG00000008218",0.792259735706231,2.04192234899439
"vivo","ENSBTAG00000016208-ENSBTAG00000038141",0.791612725311206,2.20979018182496
"vivo","ENSBTAG00000017448-ENSBTAG00000011628",0.783614467163805,4.58895275356863
"vivo","ENSBTAG00000013003-ENSBTAG00000021527",0.783173800606215,1.88921950383559
"vivo","ENSBTAG00000011851-ENSBTAG00000011425",0.77781520710651,2.6954468486988
"vivo","ENSBTAG00000002006-ENSBTAG00000011154",0.776876173546897,2.64772929931768
"vivo","ENSBTAG00000020645-ENSBTAG00000005990",0.77078470655615,3.97948855991541
"vivo","ENSBTAG00000004630-ENSBTAG00000015910",0.769915221632314,4.00889741769269
"vivo","ENSBTAG00000034077-ENSBTAG00000023731",0.763408203267485,2.16360274624452
"vivo","ENSBTAG00000008300-ENSBTAG00000018993",0.763131712039004,2.35240902695586
"vivo","ENSBTAG00000008027-ENSBTAG00000017489",0.756904655732043,2.67684524674986
"vivo","ENSBTAG00000011409-ENSBTAG00000001941",0.756129234659151,2.0366389025544
"vivo","ENSBTAG00000002006-ENSBTAG00000005903",0.755639086123157,2.737327352909
"vivo","ENSBTAG00000013066-ENSBTAG00000002402",0.751710481949534,4.17543560892711
"vivo","ENSBTAG00000012004-ENSBTAG00000013843",0.748263467766917,2.47935350489769
"vivo","ENSBTAG00000010161-ENSBTAG00000015133",0.745323441065565,2.82082811352984
"vivo","ENSBTAG00000009565-ENSBTAG00000002804",0.74461754813968,4.39694429551115
"vivo","ENSBTAG00000002080-ENSBTAG00000022799",0.743850275855736,3.17279196984713
"vivo","ENSBTAG00000016260-ENSBTAG00000011628",0.742409676780565,2.42628878472401
"vivo","ENSBTAG00000025471-ENSBTAG00000020054",0.741441955278108,2.78097483088312
"vivo","ENSBTAG00000011810-ENSBTAG00000003777",0.740991367913509,3.21819129975313
"vivo","ENSBTAG00000017280-ENSBTAG00000005397",0.738337219645761,2.99324028167183
"vivo","ENSBTAG00000010303-ENSBTAG00000007626",0.737451721717661,4.04430744486576
"vivo","ENSBTAG00000003806-ENSBTAG00000016455",0.737322521747502,3.21987163487231
"vivo","ENSBTAG00000004594-ENSBTAG00000019569",0.735894205080624,2.87350266533364
"vivo","ENSBTAG00000025257-ENSBTAG00000019428",0.734702749631871,2.49100923092723
"vivo","ENSBTAG00000012398-ENSBTAG00000014357",0.733490635531515,2.0479908404653
"vivo","ENSBTAG00000021466-ENSBTAG00000019289",0.717281488196355,3.07623250514091
"vivo","ENSBTAG00000006538-ENSBTAG00000016948",0.713552005314404,3.0488862882166
"vivo","ENSBTAG00000004086-ENSBTAG00000019712",0.713063884268764,4.33418219095802
"vivo","ENSBTAG00000020638-ENSBTAG00000001141",0.711562086840126,2.4850003507201
"vivo","ENSBTAG00000018347-ENSBTAG00000013205",0.710550363635193,2.06578383117269
"vivo","ENSBTAG00000000575-ENSBTAG00000011154",0.705410100125606,3.59305488387044
"vivo","ENSBTAG00000011851-ENSBTAG00000012771",0.703270179546581,3.43875535746525
"vivo","ENSBTAG00000000575-ENSBTAG00000020679",0.703074826868939,2.22739906229137
"vivo","ENSBTAG00000005339-ENSBTAG00000001694",0.70222202989864,2.77062724653584
"vivo","ENSBTAG00000015991-ENSBTAG00000000253",0.698415165459441,3.59883499974217
"vivo","ENSBTAG00000014465-ENSBTAG00000013125",0.693022914079471,3.70950733130373
"vivo","ENSBTAG00000010562-ENSBTAG00000020755",0.692777704554373,1.48571749908447
"vivo","ENSBTAG00000005691-ENSBTAG00000015127",0.685082270880794,1.85820674420719
"vivo","ENSBTAG00000020676-ENSBTAG00000011578",0.683228305233794,1.71881514099471
"vivo","ENSBTAG00000004594-ENSBTAG00000011578",0.68191690352844,3.01035849164143
"vivo","ENSBTAG00000021105-ENSBTAG00000013205",0.681184818803978,2.55357714193584
"vivo","ENSBTAG00000014583-ENSBTAG00000004337",0.675053774060177,2.30475961654909
"vivo","ENSBTAG00000008300-ENSBTAG00000017266",0.674511249591211,4.30452930694028
"vivo","ENSBTAG00000020221-ENSBTAG00000002144",0.672053113567892,2.00201311410761
"vivo","ENSBTAG00000010123-ENSBTAG00000014611",0.671751946363582,1.75893072224396
"vivo","ENSBTAG00000017060-ENSBTAG00000017846",0.667099074835477,2.32135175489354
"vivo","ENSBTAG00000025471-ENSBTAG00000024928",0.66542214635293,2.7915690183102
"vivo","ENSBTAG00000011851-ENSBTAG00000015510",0.664561598505358,3.33972202356391
"vivo","ENSBTAG00000017122-ENSBTAG00000011154",0.664447044932525,2.44183118585231
"vivo","ENSBTAG00000022120-ENSBTAG00000019929",0.662138935911901,1.68505796756549
"vivo","ENSBTAG00000019665-ENSBTAG00000005273",0.65650078486066,2.86738036190827
"vivo","ENSBTAG00000038221-ENSBTAG00000006359",0.655908332780654,2.77539941276554
"vivo","ENSBTAG00000018773-ENSBTAG00000001941",0.654531525110772,2.67022157963683
"vivo","ENSBTAG00000012228-ENSBTAG00000001814",0.653290040447949,1.82671323743166
"vivo","ENSBTAG00000007737-ENSBTAG00000022799",0.65120364434077,2.30611404003476
"vivo","ENSBTAG00000016542-ENSBTAG00000017266",0.650799576379555,3.02538737984815
"vivo","ENSBTAG00000001244-ENSBTAG00000017060",0.650698330256573,1.99597385699832
"vivo","ENSBTAG00000017246-ENSBTAG00000010444",0.648585667400401,2.21824131047446
"vivo","ENSBTAG00000025471-ENSBTAG00000006378",0.644421249973964,2.38859048373385
"vivo","ENSBTAG00000002006-ENSBTAG00000003585",0.643960001756778,2.11783043524043
"vivo","ENSBTAG00000005163-ENSBTAG00000006240",0.64226163042291,1.87606074733892
"vivo","ENSBTAG00000012228-ENSBTAG00000010146",0.642172568972141,1.70770197019584
"vivo","ENSBTAG00000016542-ENSBTAG00000019569",0.642052121357842,2.6263367320846
"vivo","ENSBTAG00000020406-ENSBTAG00000047793",0.641354663738059,2.49649189523264
"vivo","ENSBTAG00000014583-ENSBTAG00000026813",0.640616476838079,2.41000420697446
"vivo","ENSBTAG00000004630-ENSBTAG00000019929",0.637453506840197,3.27343460351696
"vivo","ENSBTAG00000005691-ENSBTAG00000014357",0.635203193380662,1.66364127521848
"vivo","ENSBTAG00000018343-ENSBTAG00000004211",0.634431528526853,2.23687572319587
"vivo","ENSBTAG00000002006-ENSBTAG00000017266",0.633975605859451,2.11535119238824
"vivo","ENSBTAG00000006538-ENSBTAG00000020704",0.631417148672821,3.03112653878371
"vivo","ENSBTAG00000005691-ENSBTAG00000015457",0.631210599434955,1.57654062505893
"vivo","ENSBTAG00000015991-ENSBTAG00000018993",0.628787357788756,1.41994972935708
"vivo","ENSBTAG00000017312-ENSBTAG00000039292",0.627980421684299,1.88485717293879
"vivo","ENSBTAG00000001321-ENSBTAG00000013205",0.627462649798973,1.67353350613199
"vivo","ENSBTAG00000008300-ENSBTAG00000017489",0.627203993510269,4.71066071522455
"vivo","ENSBTAG00000010452-ENSBTAG00000011515",0.626959516448883,1.7903143186331
"vivo","ENSBTAG00000025210-ENSBTAG00000013755",0.626953629017287,2.13443805850792
"vivo","ENSBTAG00000038735-ENSBTAG00000016948",0.625929200709373,1.58304553041764
"vivo","ENSBTAG00000003837-ENSBTAG00000011761",0.62571379900238,3.3886561458567
"vivo","ENSBTAG00000007708-ENSBTAG00000000244",0.624003715125035,1.96593016840728
"vivo","ENSBTAG00000020221-ENSBTAG00000005092",0.623946061615994,2.30713402393945
"vivo","ENSBTAG00000019770-ENSBTAG00000012314",0.62268964242994,4.17075708269022
"vivo","ENSBTAG00000025471-ENSBTAG00000010497",0.621190491550366,2.37649730978267
"vivo","ENSBTAG00000018773-ENSBTAG00000019866",0.620215123660387,2.70664889166478
"vivo","ENSBTAG00000013760-ENSBTAG00000015910",0.619833047122604,3.55096807156241
"vivo","ENSBTAG00000020221-ENSBTAG00000035084",0.615673171729753,2.39942724940977
"vivo","ENSBTAG00000017455-ENSBTAG00000017266",0.615328997953548,3.50138339416653
"vivo","ENSBTAG00000015991-ENSBTAG00000021527",0.614705594608479,1.59321943129848
"vivo","ENSBTAG00000014583-ENSBTAG00000014600",0.613609768121646,2.82474981095952
"vivo","ENSBTAG00000000575-ENSBTAG00000013745",0.612795921980551,2.63673707727171
"vivo","ENSBTAG00000017060-ENSBTAG00000007103",0.608372708953607,1.97527096056414
"vivo","ENSBTAG00000002006-ENSBTAG00000015127",0.607992922536451,2.43529063034849
"vivo","ENSBTAG00000007244-ENSBTAG00000015910",0.607241150519651,1.76800481805916
"vivo","ENSBTAG00000025644-ENSBTAG00000026813",0.606632006912316,2.1392479582862
"vivo","ENSBTAG00000018463-ENSBTAG00000011578",0.605470709243687,3.05949243523323
"vivo","ENSBTAG00000020221-ENSBTAG00000005903",0.605294804550317,1.82548675936294
"vivo","ENSBTAG00000002317-ENSBTAG00000012119",0.604765086656905,2.35159852413616
"vivo","ENSBTAG00000014465-ENSBTAG00000019929",0.600576722910402,1.73855920171531
"vivo","ENSBTAG00000005850-ENSBTAG00000022799",0.599562634731984,1.8496539628058
"vivo","ENSBTAG00000017564-ENSBTAG00000017846",0.598435200158421,2.41375991651369
"vivo","ENSBTAG00000005691-ENSBTAG00000011154",0.597804853236116,1.31050341339556
"vivo","ENSBTAG00000014737-ENSBTAG00000001462",0.597098545487116,3.00245001664625
"vivo","ENSBTAG00000012228-ENSBTAG00000014966",0.596129911770391,1.79825940299223
"vivo","ENSBTAG00000037533-ENSBTAG00000005397",0.595790895558715,4.61509087777261
"vivo","ENSBTAG00000025471-ENSBTAG00000004211",0.592161157254108,2.27230258058496
"vivo","ENSBTAG00000025644-ENSBTAG00000004337",0.590085464366075,2.38646644921143
"vivo","ENSBTAG00000010361-ENSBTAG00000022799",0.588952431664702,2.12967146055845
"vivo","ENSBTAG00000015089-ENSBTAG00000015910",0.584160384910107,1.68647953057894
"vivo","ENSBTAG00000007244-ENSBTAG00000019929",0.582993150800398,2.36879233938316
"vivo","ENSBTAG00000020645-ENSBTAG00000021527",0.57918212828906,1.34390073985764
"vivo","ENSBTAG00000014465-ENSBTAG00000013755",0.578765233755036,1.67582225113922
"vivo","ENSBTAG00000007338-ENSBTAG00000017593",0.578017969544888,1.41597958917144
"vivo","ENSBTAG00000013162-ENSBTAG00000002144",0.57651515732227,2.48146913503794
"vivo","ENSBTAG00000013191-ENSBTAG00000015910",0.574547030272536,3.63682457942117
"vivo","ENSBTAG00000021466-ENSBTAG00000010682",0.574383133349978,2.23367996883916
"vivo","ENSBTAG00000006505-ENSBTAG00000006240",0.569848846629748,1.95241469827608
"vivo","ENSBTAG00000023907-ENSBTAG00000020644",0.567250816279019,1.86436807709585
"vivo","ENSBTAG00000008300-ENSBTAG00000011741",0.567128063680216,1.33443874304632
"vivo","ENSBTAG00000032808-ENSBTAG00000004211",0.566219304217836,2.6824804776503
"vivo","ENSBTAG00000022120-ENSBTAG00000017060",0.565915278448773,1.68663619545745
"vivo","ENSBTAG00000018255-ENSBTAG00000015127",0.560525469534162,1.59784775307281
"vivo","ENSBTAG00000024394-ENSBTAG00000019866",0.558360497352066,3.30103796496806
"vivo","ENSBTAG00000011851-ENSBTAG00000007338",0.556377439086069,2.80923691006454
"vivo","ENSBTAG00000020406-ENSBTAG00000021527",0.555933834631735,2.19058751272959
"vivo","ENSBTAG00000018773-ENSBTAG00000006161",0.55410287906414,1.88389809556538
"vivo","ENSBTAG00000007446-ENSBTAG00000015591",0.552276501569385,1.15861857492731
"vivo","ENSBTAG00000007244-ENSBTAG00000000253",0.551529986176622,1.71602970399464
"vivo","ENSBTAG00000001725-ENSBTAG00000039292",0.55089150334146,2.57783947245423
"vivo","ENSBTAG00000019716-ENSBTAG00000039292",0.549238155623462,1.74659201434523
"vivo","ENSBTAG00000008300-ENSBTAG00000019289",0.548630230876042,1.25040088832962
"vivo","ENSBTAG00000032808-ENSBTAG00000007498",0.548625928035416,2.53952640132557
"vivo","ENSBTAG00000017246-ENSBTAG00000002144",0.5471155705803,2.97859842640434
"vivo","ENSBTAG00000003837-ENSBTAG00000002606",0.545993792747726,2.50692869565245
"vivo","ENSBTAG00000022120-ENSBTAG00000013745",0.545577626922534,1.57376458570477
"vivo","ENSBTAG00000011082-ENSBTAG00000021527",0.545465051564304,2.06959728648474
"vivo","ENSBTAG00000007737-ENSBTAG00000006240",0.54218945567648,2.30401757209538
"vivo","ENSBTAG00000015978-ENSBTAG00000039292",0.539177633789785,1.97280591199155
"vivo","ENSBTAG00000003176-ENSBTAG00000015910",0.538818521197063,1.61610429642054
"vivo","ENSBTAG00000004630-ENSBTAG00000013745",0.538759366778656,2.21943752566273
"vivo","ENSBTAG00000020645-ENSBTAG00000039292",0.538332732976812,2.37511182865857
"vivo","ENSBTAG00000023907-ENSBTAG00000015910",0.537461495781971,1.28569528301455
"vivo","ENSBTAG00000005198-ENSBTAG00000015457",0.536046287195089,2.3767841319586
"vivo","ENSBTAG00000032808-ENSBTAG00000010785",0.536004724837479,2.10603559860803
"vivo","ENSBTAG00000019716-ENSBTAG00000003220",0.535040302460766,1.62435732333666
"vivo","ENSBTAG00000016542-ENSBTAG00000015910",0.534183194009535,2.17369414281488
"vivo","ENSBTAG00000004362-ENSBTAG00000014357",0.53215469470471,2.44619524376412
"vivo","ENSBTAG00000007897-ENSBTAG00000017489",0.531745024447802,4.2513263677498
"vivo","ENSBTAG00000002006-ENSBTAG00000014269",0.531620316103379,1.97251603448216
"vivo","ENSBTAG00000009615-ENSBTAG00000013290",0.529172573719985,2.94832369518321
"vivo","ENSBTAG00000020221-ENSBTAG00000012314",0.528447677723631,1.98324146041406
"vivo","ENSBTAG00000011851-ENSBTAG00000004917",0.526665045860297,2.90806219260024
"vivo","ENSBTAG00000007148-ENSBTAG00000020199",0.524905694850157,1.80506613725604
"vivo","ENSBTAG00000023652-ENSBTAG00000005828",0.52456006093619,4.23328896526993
"vivo","ENSBTAG00000017280-ENSBTAG00000017060",0.524374689781201,1.7498973002226
"vivo","ENSBTAG00000011851-ENSBTAG00000002699",0.521360703773601,2.07547608695346
"vivo","ENSBTAG00000016177-ENSBTAG00000011628",0.518810103192037,1.28670255636023
"vivo","ENSBTAG00000020221-ENSBTAG00000006835",0.518549658917202,1.82515698872496
"vivo","ENSBTAG00000001941-ENSBTAG00000006161",0.517924106706302,1.4398930025987
"vivo","ENSBTAG00000038735-ENSBTAG00000020704",0.517901460261708,1.56106365054301
"vivo","ENSBTAG00000005691-ENSBTAG00000019866",0.517281838636675,1.44392472599906
"vivo","ENSBTAG00000000575-ENSBTAG00000012897",0.514969188192643,2.38800591672623
"vivo","ENSBTAG00000004362-ENSBTAG00000015996",0.514292351149583,1.66714240151051
"vivo","ENSBTAG00000010361-ENSBTAG00000007909",0.513764016400288,1.84080741700516
"vivo","ENSBTAG00000000575-ENSBTAG00000011628",0.512881692376341,2.44076682657142
"vivo","ENSBTAG00000005260-ENSBTAG00000015910",0.510681321793868,1.42638855889196
"vivo","ENSBTAG00000020194-ENSBTAG00000015457",0.509690515062703,1.6518572362359
"vivo","ENSBTAG00000005947-ENSBTAG00000002402",0.509585360871862,2.62395441088046
"vivo","ENSBTAG00000040131-ENSBTAG00000017256",0.50653991677753,1.55147101049077
"vivo","ENSBTAG00000034501-ENSBTAG00000005397",0.506515164822371,1.85895064199181
"vivo","ENSBTAG00000017246-ENSBTAG00000006240",0.506457885645267,2.15747304805391
"vivo","ENSBTAG00000022635-ENSBTAG00000018169",0.506206868756906,1.6817638447322
"vivo","ENSBTAG00000014737-ENSBTAG00000037649",0.50608683887245,1.52713362475004
"vivo","ENSBTAG00000020221-ENSBTAG00000016999",0.505570751269302,1.87219844361828
"vivo","ENSBTAG00000018077-ENSBTAG00000024406",0.505081966994114,2.31807526100538
"vivo","ENSBTAG00000034077-ENSBTAG00000018999",0.502491716732633,1.19742027023492
"vivo","ENSBTAG00000008096-ENSBTAG00000019733",0.501370346430536,1.90337020979386
"vivo","ENSBTAG00000010312-ENSBTAG00000014420",0.500139938437323,2.35760617340686
"vivo","ENSBTAG00000034077-ENSBTAG00000003848",0.498417453358648,3.13160506607317
"vivo","ENSBTAG00000006295-ENSBTAG00000019903",0.496789999780187,1.15424216368614
"vivo","ENSBTAG00000013191-ENSBTAG00000018052",0.495698641016368,2.5519669062658
"vivo","ENSBTAG00000011082-ENSBTAG00000002402",0.493844808655366,1.98323588050909
"vivo","ENSBTAG00000007244-ENSBTAG00000011741",0.493362940797203,1.690648432669
"vivo","ENSBTAG00000020221-ENSBTAG00000002107",0.492365934226748,1.2903183740618
"vivo","ENSBTAG00000017122-ENSBTAG00000015910",0.487602451239404,1.6369201561184
"vivo","ENSBTAG00000013066-ENSBTAG00000021527",0.486681096641395,2.73322316930178
"vivo","ENSBTAG00000005947-ENSBTAG00000013125",0.486626460844532,2.47595060658199
"vivo","ENSBTAG00000001292-ENSBTAG00000034385",0.486170151240575,1.98742130724948
"vivo","ENSBTAG00000010123-ENSBTAG00000018517",0.485761607366486,1.64730813678268
"vivo","ENSBTAG00000021879-ENSBTAG00000013755",0.485634332367088,1.72880126260412
"vivo","ENSBTAG00000017246-ENSBTAG00000019832",0.485211739863286,1.51954147169906
"vivo","ENSBTAG00000000575-ENSBTAG00000015127",0.483574565445829,2.03446289344395
"vivo","ENSBTAG00000021499-ENSBTAG00000008036",0.481698918032409,1.97955655130279
"vivo","ENSBTAG00000010312-ENSBTAG00000017753",0.479399981970561,1.59955061116866
"vivo","ENSBTAG00000006538-ENSBTAG00000019903",0.478734977355623,1.74999120074103
"vivo","ENSBTAG00000021326-ENSBTAG00000014798",0.478015784135591,1.92692626768298
"vivo","ENSBTAG00000011802-ENSBTAG00000015910",0.47586535461765,1.2179232920536
"vivo","ENSBTAG00000017122-ENSBTAG00000011741",0.475118185774822,1.9131649346785
"vivo","ENSBTAG00000000575-ENSBTAG00000015296",0.474684994136648,2.14100690264774
"vivo","ENSBTAG00000011802-ENSBTAG00000019289",0.474131556000798,1.51403148368056
"vivo","ENSBTAG00000017060-ENSBTAG00000010303",0.474009151193313,1.64209412983267
"vivo","ENSBTAG00000005260-ENSBTAG00000019929",0.470873416647215,1.66101627799546
"vivo","ENSBTAG00000010562-ENSBTAG00000011515",0.470536922141891,1.26073486931799
"vivo","ENSBTAG00000010334-ENSBTAG00000046199",0.470364217232893,3.77728907282494
"vivo","ENSBTAG00000011802-ENSBTAG00000017266",0.469943180128332,1.39029951031959
"vivo","ENSBTAG00000005305-ENSBTAG00000008849",0.468815160678699,2.26301942714627
"vivo","ENSBTAG00000010138-ENSBTAG00000019866",0.467092793710718,1.59406915672853
"vivo","ENSBTAG00000010138-ENSBTAG00000011971",0.465418286592536,1.5132994879338
"vivo","ENSBTAG00000006295-ENSBTAG00000002144",0.465389731637498,1.05451454291687
"vivo","ENSBTAG00000005108-ENSBTAG00000001060",0.46505511390358,1.8781574770471
"vivo","ENSBTAG00000005339-ENSBTAG00000011971",0.464840493333747,1.53652620101007
"vivo","ENSBTAG00000005691-ENSBTAG00000014064",0.463593230213203,1.19525638767379
"vivo","ENSBTAG00000006295-ENSBTAG00000020704",0.463469327156471,1.02216172372388
"vivo","ENSBTAG00000013066-ENSBTAG00000012687",0.463360630638349,1.94703827814262
"vivo","ENSBTAG00000017246-ENSBTAG00000018035",0.461248137769542,1.54712786173793
"vivo","ENSBTAG00000011851-ENSBTAG00000019866",0.460519059004011,2.11487153395186
"vivo","ENSBTAG00000015352-ENSBTAG00000012599",0.460027766269848,1.35107115604875
"vivo","ENSBTAG00000015150-ENSBTAG00000017745",0.459954708089688,1.22867675975512
"vivo","ENSBTAG00000010726-ENSBTAG00000025101",0.45991540502911,1.3055926023901
"vivo","ENSBTAG00000017473-ENSBTAG00000018169",0.453027790105874,1.60184722724154
"vivo","ENSBTAG00000005691-ENSBTAG00000011578",0.444856555501531,1.02103136711826
"vivo","ENSBTAG00000020645-ENSBTAG00000013674",0.443831062713162,2.03657960198996
"vivo","ENSBTAG00000021316-ENSBTAG00000015910",0.44319038285588,1.51665115355862
"vivo","ENSBTAG00000017745-ENSBTAG00000010423",0.442775919313609,1.32968400819907
"vivo","ENSBTAG00000020194-ENSBTAG00000010543",0.441509657872935,3.83971995707394
"vivo","ENSBTAG00000002006-ENSBTAG00000017866",0.441043864815763,1.41688968761135
"vivo","ENSBTAG00000015789-ENSBTAG00000006732",0.440676986127097,1.22161215121534
"vivo","ENSBTAG00000018200-ENSBTAG00000007626",0.437091053023997,1.28376860219699
"vivo","ENSBTAG00000011851-ENSBTAG00000010647",0.436871580677366,2.48785751138643
"vivo","ENSBTAG00000004261-ENSBTAG00000017060",0.435207734944507,1.32383071072551
"vivo","ENSBTAG00000045520-ENSBTAG00000039292",0.434852097809439,2.96654081258376
"vivo","ENSBTAG00000005691-ENSBTAG00000027464",0.433869043612674,0.955880478339031
"vivo","ENSBTAG00000000476-ENSBTAG00000003781",0.431221747373562,1.70400276020868
"vivo","ENSBTAG00000013363-ENSBTAG00000009851",0.430287760071851,1.05140081818013
"vivo","ENSBTAG00000017280-ENSBTAG00000039292",0.42970752086317,1.70739694894364
"vivo","ENSBTAG00000021499-ENSBTAG00000013732",0.429352539962433,1.39961733873234
"vivo","ENSBTAG00000023907-ENSBTAG00000015996",0.426811775911496,2.21331939941017
"vivo","ENSBTAG00000005198-ENSBTAG00000011578",0.426572704135299,1.49806182571451
"vivo","ENSBTAG00000005108-ENSBTAG00000015996",0.425878295919313,2.01116313616888
"vivo","ENSBTAG00000013760-ENSBTAG00000019929",0.425736575480631,1.98214664549656
"vivo","ENSBTAG00000011082-ENSBTAG00000012687",0.42498735484068,1.94050984916175
"vivo","ENSBTAG00000010123-ENSBTAG00000014269",0.424200504649656,1.4866870354225
"vivo","ENSBTAG00000009876-ENSBTAG00000006420",0.423559005315982,1.99790415132501
"vivo","ENSBTAG00000017473-ENSBTAG00000015910",0.421751343462798,1.38302531663857
"vivo","ENSBTAG00000005339-ENSBTAG00000003166",0.42058575728022,1.74193232025358
"vivo","ENSBTAG00000008300-ENSBTAG00000033669",0.420535153157809,1.71233052837575
"vivo","ENSBTAG00000012849-ENSBTAG00000019289",0.418109147886756,0.969173159461794
"vivo","ENSBTAG00000014051-ENSBTAG00000013745",0.417248957998175,1.59704694120281
"vivo","ENSBTAG00000015150-ENSBTAG00000016933",0.417000716045122,0.894711195208942
"vivo","ENSBTAG00000021048-ENSBTAG00000016948",0.416100709429161,1.97468268604997
"vivo","ENSBTAG00000008300-ENSBTAG00000019929",0.415398125242213,1.80548515493373
"vivo","ENSBTAG00000014737-ENSBTAG00000011971",0.413487127603176,1.48087681824302
"vivo","ENSBTAG00000008611-ENSBTAG00000011761",0.411182244614247,1.20031829374739
"vivo","ENSBTAG00000010738-ENSBTAG00000014162",0.409387411475876,3.5992800988778
"vivo","ENSBTAG00000001941-ENSBTAG00000011409",0.408832947688243,1.17165741476576
"vivo","ENSBTAG00000020244-ENSBTAG00000006359",0.40783747168401,1.15618347794346
"vivo","ENSBTAG00000001321-ENSBTAG00000005273",0.404797393245842,1.18508975928034
"vivo","ENSBTAG00000021048-ENSBTAG00000002144",0.404542805626856,1.69323953411392
"vivo","ENSBTAG00000022120-ENSBTAG00000006240",0.403589330244006,1.3136832221376
"vivo","ENSBTAG00000014737-ENSBTAG00000000782",0.401563750341898,1.21075108516818
"vivo","ENSBTAG00000009393-ENSBTAG00000039292",0.400005939987692,0.990411022795695
"vivo","ENSBTAG00000008121-ENSBTAG00000015127",0.399262097466152,1.18655045213481
"vivo","ENSBTAG00000047567-ENSBTAG00000001694",0.39805775788269,1.05740878310983
"vivo","ENSBTAG00000020194-ENSBTAG00000011628",0.397444462636704,1.45742718266129
"vivo","ENSBTAG00000010738-ENSBTAG00000019428",0.396942447899751,1.59685797792624
"vivo","ENSBTAG00000012849-ENSBTAG00000019929",0.394240963906371,1.50291025915154
"vivo","ENSBTAG00000014113-ENSBTAG00000003220",0.3931661469925,1.01267117308955
"vivo","ENSBTAG00000017122-ENSBTAG00000019289",0.392614544669438,0.951137844918496
"vivo","ENSBTAG00000005260-ENSBTAG00000005990",0.392179113753876,1.46879187648025
"vivo","ENSBTAG00000007740-ENSBTAG00000017266",0.389433666968165,1.75224774381962
"vivo","ENSBTAG00000014737-ENSBTAG00000015910",0.387902703978412,1.38253109109266
"vivo","ENSBTAG00000011966-ENSBTAG00000019289",0.387314723728879,2.4721232974308
"vivo","ENSBTAG00000014051-ENSBTAG00000003777",0.386606322386123,1.30066190736727
"vivo","ENSBTAG00000016515-ENSBTAG00000000815",0.38613761163714,1.02015109197651
"vivo","ENSBTAG00000001725-ENSBTAG00000015127",0.385632561822612,2.18329708161411
"vivo","ENSBTAG00000018134-ENSBTAG00000010444",0.385074089160651,1.27651090770728
"vivo","ENSBTAG00000016542-ENSBTAG00000018169",0.384825461649371,1.45024918263226
"vivo","ENSBTAG00000014051-ENSBTAG00000015910",0.378482684640955,1.15222572063061
"vivo","ENSBTAG00000009876-ENSBTAG00000020736",0.377679308276279,1.48945171482935
"vivo","ENSBTAG00000013898-ENSBTAG00000047704",0.376427430945775,1.20577432903389
"vivo","ENSBTAG00000034077-ENSBTAG00000017846",0.375501534563236,0.884005875111916
"vivo","ENSBTAG00000000575-ENSBTAG00000019289",0.373282578271337,2.03722497081955
"vivo","ENSBTAG00000005339-ENSBTAG00000000782",0.367231906415846,2.42019854434584
"vivo","ENSBTAG00000010673-ENSBTAG00000000815",0.365873346030806,1.64996506816189
"vivo","ENSBTAG00000003300-ENSBTAG00000002804",0.364631376240384,1.6359121674639
"vivo","ENSBTAG00000021048-ENSBTAG00000008483",0.363826167593863,1.70461216829018
"vivo","ENSBTAG00000007737-ENSBTAG00000019832",0.362835345432019,1.31356764226644
"vivo","ENSBTAG00000004226-ENSBTAG00000021286",0.361998162702994,0.915345924794608
"vivo","ENSBTAG00000031444-ENSBTAG00000006360",0.361421905924142,1.76253642420756
"vivo","ENSBTAG00000047567-ENSBTAG00000019866",0.359214167271163,0.94517838286353
"vivo","ENSBTAG00000011757-ENSBTAG00000022799",0.357584422480109,1.34780710079447
"vivo","ENSBTAG00000005108-ENSBTAG00000004356",0.357431545239601,1.27519102134729
"vivo","ENSBTAG00000021316-ENSBTAG00000019929",0.356689671425481,1.73420609234245
"vivo","ENSBTAG00000020457-ENSBTAG00000019832",0.355227469844252,1.04323306887886
"vivo","ENSBTAG00000005260-ENSBTAG00000013745",0.350951500479852,1.31146276615325
"vivo","ENSBTAG00000022635-ENSBTAG00000012897",0.34784785753684,0.922292444399655
"vivo","ENSBTAG00000013760-ENSBTAG00000003585",0.347218890690138,1.75630076656494
"vivo","ENSBTAG00000020457-ENSBTAG00000018035",0.347127661311445,1.46919646718515
"vivo","ENSBTAG00000009761-ENSBTAG00000012314",0.346912640919739,1.06537757805934
"vivo","ENSBTAG00000000016-ENSBTAG00000013674",0.34598098128173,1.38500240022455
"vivo","ENSBTAG00000010663-ENSBTAG00000019929",0.340622701892293,1.57772357591578
"vivo","ENSBTAG00000021048-ENSBTAG00000020704",0.339063299212072,1.75683988451946
"vivo","ENSBTAG00000017745-ENSBTAG00000018474",0.336737954814772,1.4080084809461
"vivo","ENSBTAG00000005198-ENSBTAG00000019866",0.335879991521503,0.821805625576603
"vivo","ENSBTAG00000014127-ENSBTAG00000020319",0.334695707404912,1.19979617001569
"vivo","ENSBTAG00000014921-ENSBTAG00000007101",0.333190304955439,1.30102883887032
"vivo","ENSBTAG00000003253-ENSBTAG00000011434",0.333088749703521,1.05641394200481
"vivo","ENSBTAG00000005280-ENSBTAG00000048246",0.332533402508354,1.06309637704447
"vivo","ENSBTAG00000020457-ENSBTAG00000015910",0.332032912784363,0.906407997358411
"vivo","ENSBTAG00000009812-ENSBTAG00000039292",0.331664091861924,0.972250479238994
"vivo","ENSBTAG00000005077-ENSBTAG00000001060",0.331226602803016,1.14970213001546
"vivo","ENSBTAG00000007737-ENSBTAG00000002081",0.33059366873612,1.55073633763089
"vivo","ENSBTAG00000020342-ENSBTAG00000007047",0.329446305111517,1.32206430560336
"vivo","ENSBTAG00000012623-ENSBTAG00000002606",0.32817619289951,1.04940807631233
"vivo","ENSBTAG00000017122-ENSBTAG00000018052",0.327986073058367,1.44688687665796
"vivo","ENSBTAG00000011412-ENSBTAG00000019289",0.327225643734318,1.0383910259996
"vivo","ENSBTAG00000019993-ENSBTAG00000027516",0.326661387460952,0.930818195722614
"vivo","ENSBTAG00000001941-ENSBTAG00000014966",0.325883256135016,0.918405358935503
"vivo","ENSBTAG00000006538-ENSBTAG00000002144",0.3255307471369,1.12577970954654
"vivo","ENSBTAG00000007148-ENSBTAG00000000898",0.324554927499523,1.12234964741187
"vivo","ENSBTAG00000012849-ENSBTAG00000003585",0.323913540324327,0.97211090037737
"vivo","ENSBTAG00000025644-ENSBTAG00000010785",0.323352975167531,1.1243650392742
"vivo","ENSBTAG00000008121-ENSBTAG00000011761",0.321363104028741,0.834113300622273
"vivo","ENSBTAG00000010123-ENSBTAG00000005903",0.320613298537627,1.46005800428677
"vivo","ENSBTAG00000017664-ENSBTAG00000015910",0.319426710068141,1.03498549442889
"vivo","ENSBTAG00000015327-ENSBTAG00000011425",0.317274793263022,1.80466270233168
"vivo","ENSBTAG00000016542-ENSBTAG00000019289",0.315144274905906,1.01640978421921
"vivo","ENSBTAG00000005077-ENSBTAG00000015910",0.314342962133935,1.30878860919451
"vivo","ENSBTAG00000023907-ENSBTAG00000013745",0.312176605896991,1.00264835847784
"vivo","ENSBTAG00000008300-ENSBTAG00000004356",0.31208733928328,0.843320886819745
"vivo","ENSBTAG00000005108-ENSBTAG00000009851",0.311610970812143,1.66708900505022
"vivo","ENSBTAG00000021316-ENSBTAG00000003585",0.311368909647811,1.5220931666867
"vivo","ENSBTAG00000007737-ENSBTAG00000018035",0.310114063977061,0.996495970743846
"vivo","ENSBTAG00000008121-ENSBTAG00000002606",0.308347895349525,0.824737059596234
"vivo","ENSBTAG00000007148-ENSBTAG00000034848",0.307421233142311,1.28966703301228
"vivo","ENSBTAG00000007740-ENSBTAG00000015910",0.307062276509239,1.14215028171492
"vivo","ENSBTAG00000020457-ENSBTAG00000001060",0.306148291117303,0.938060539626644
"vivo","ENSBTAG00000005260-ENSBTAG00000013755",0.30476550594149,1.08786699102443
"vivo","ENSBTAG00000005947-ENSBTAG00000013745",0.304579630779259,1.17933667521267
"vivo","ENSBTAG00000007708-ENSBTAG00000046199",0.304290019519365,1.69345285688478
"vivo","ENSBTAG00000005198-ENSBTAG00000014064",0.303211584808484,0.60014041435097
"vivo","ENSBTAG00000001941-ENSBTAG00000023144",0.300727063860766,0.642818899229088
"vivo","ENSBTAG00000005260-ENSBTAG00000011578",0.297021301473572,1.18425066205945
"vivo","ENSBTAG00000011966-ENSBTAG00000015910",0.296561788781385,0.898473691508317
"vivo","ENSBTAG00000006984-ENSBTAG00000021818",0.296123300770854,1.25948817675535
"vivo","ENSBTAG00000001292-ENSBTAG00000032719",0.296058207695827,1.25313119580596
"vivo","ENSBTAG00000006538-ENSBTAG00000017981",0.294750173224643,1.20423286855083
"vivo","ENSBTAG00000010161-ENSBTAG00000014162",0.293888846629505,0.943375838728895
"vivo","ENSBTAG00000008300-ENSBTAG00000013125",0.292309529755786,1.60122049553889
"vivo","ENSBTAG00000018343-ENSBTAG00000010497",0.291979788172314,1.01302962122166
"vivo","ENSBTAG00000011104-ENSBTAG00000017425",0.29186385161492,0.799409857015427
"vivo","ENSBTAG00000003658-ENSBTAG00000000736",0.291811767688026,1.66297758222893
"vivo","ENSBTAG00000007446-ENSBTAG00000008849",0.291467479602369,1.06041360622708
"vivo","ENSBTAG00000023907-ENSBTAG00000000782",0.290433898920721,0.741960843703649
"vivo","ENSBTAG00000004129-ENSBTAG00000003220",0.28863485118666,1.10901018698229
"vivo","ENSBTAG00000020194-ENSBTAG00000009155",0.287953822521474,1.95323576833427
"vivo","ENSBTAG00000017745-ENSBTAG00000016933",0.287757911685546,1.07417406498536
"vivo","ENSBTAG00000006295-ENSBTAG00000017489",0.286855645532008,1.86676138991299
"vivo","ENSBTAG00000012210-ENSBTAG00000039292",0.28568347064328,1.32985855682466
"vivo","ENSBTAG00000016515-ENSBTAG00000015510",0.283515869333465,1.1546380661645
"vivo","ENSBTAG00000013898-ENSBTAG00000016159",0.283377435999086,0.74091523522574
"vivo","ENSBTAG00000016267-ENSBTAG00000020755",0.283339586029483,1.03525755983541
"vivo","ENSBTAG00000020457-ENSBTAG00000024269",0.282542614552097,0.847837520446943
"vivo","ENSBTAG00000014051-ENSBTAG00000020148",0.28185893296333,0.902168174236405
"vivo","ENSBTAG00000025644-ENSBTAG00000012100",0.279723349152925,0.877890816354765
"vivo","ENSBTAG00000012444-ENSBTAG00000015910",0.278920262090571,1.07195215736817
"vivo","ENSBTAG00000032436-ENSBTAG00000018035",0.278089407116873,0.913792479765012
"vivo","ENSBTAG00000032436-ENSBTAG00000012314",0.276353611292575,0.752665875369194
"vivo","ENSBTAG00000003176-ENSBTAG00000017060",0.276182128305964,0.978125624008818
"vivo","ENSBTAG00000001292-ENSBTAG00000032007",0.275820256012024,0.935058136849212
"vivo","ENSBTAG00000023907-ENSBTAG00000019929",0.274735744163601,0.884568158587685
"vivo","ENSBTAG00000021105-ENSBTAG00000005273",0.272879542003218,0.755871840468305
"vivo","ENSBTAG00000007319-ENSBTAG00000007909",0.272413273411734,0.906406393639372
"vivo","ENSBTAG00000014113-ENSBTAG00000014162",0.271205162540169,1.33821483192778
"vivo","ENSBTAG00000017473-ENSBTAG00000019289",0.270052413388262,0.757874226627688
"vivo","ENSBTAG00000010673-ENSBTAG00000006359",0.269612417639852,0.855542982984196
"vivo","ENSBTAG00000017664-ENSBTAG00000006161",0.269047955300079,0.780680519754726
"vivo","ENSBTAG00000013901-ENSBTAG00000014269",0.268875059494359,1.27764254423869
"vivo","ENSBTAG00000017280-ENSBTAG00000047793",0.268207128369751,0.907375432246397
"vivo","ENSBTAG00000009812-ENSBTAG00000003220",0.267474057799024,0.842110723764146
"vivo","ENSBTAG00000040333-ENSBTAG00000013290",0.264415100667711,1.89033680573986
"vivo","ENSBTAG00000021811-ENSBTAG00000020148",0.262462906969344,0.893068234823325
"vivo","ENSBTAG00000020457-ENSBTAG00000013755",0.262455545039765,0.829663369539321
"vivo","ENSBTAG00000010963-ENSBTAG00000009024",0.26215860224194,1.23392465604074
"vivo","ENSBTAG00000017746-ENSBTAG00000009851",0.261133995350097,0.772061330742727
"vivo","ENSBTAG00000019336-ENSBTAG00000011761",0.259480219632773,0.827262990224566
"vivo","ENSBTAG00000038045-ENSBTAG00000018572",0.258859057071924,0.706328701219797
"vivo","ENSBTAG00000019604-ENSBTAG00000009851",0.2582636673234,0.889636948730132
"vivo","ENSBTAG00000009208-ENSBTAG00000044190",0.258154131243455,0.893661542412261
"vivo","ENSBTAG00000015362-ENSBTAG00000002081",0.258142500889071,1.00020941828895
"vivo","ENSBTAG00000005339-ENSBTAG00000000570",0.257188739186568,1.50038718711671
"vivo","ENSBTAG00000010738-ENSBTAG00000003220",0.25715544195429,0.801183796376651
"vivo","ENSBTAG00000012210-ENSBTAG00000037735",0.256413902181326,1.02677837559607
"vivo","ENSBTAG00000020342-ENSBTAG00000002107",0.256327901170404,1.36361365953661
"vivo","ENSBTAG00000002473-ENSBTAG00000003777",0.254305831545119,0.738345482786965
"vivo","ENSBTAG00000019336-ENSBTAG00000002107",0.253865951553793,0.783080954690912
"vivo","ENSBTAG00000017473-ENSBTAG00000017266",0.251956117660898,0.910051063169891
"vivo","ENSBTAG00000017564-ENSBTAG00000018035",0.251819810759562,1.59429423468262
"vivo","ENSBTAG00000013103-ENSBTAG00000019929",0.251746498695407,0.952966605324431
"vivo","ENSBTAG00000011412-ENSBTAG00000019929",0.251427410176047,0.949714678603048
"vivo","ENSBTAG00000021807-ENSBTAG00000021664",0.251065907952946,0.754873131124238
"vivo","ENSBTAG00000008026-ENSBTAG00000007175",0.250079046218468,1.00122031872164
"vivo","ENSBTAG00000007897-ENSBTAG00000019903",0.24929815406732,1.01338990985475
"vivo","ENSBTAG00000010663-ENSBTAG00000015910",0.248926565216729,0.876079914408916
"vivo","ENSBTAG00000007740-ENSBTAG00000015127",0.248841303099364,0.969010731479214
"vivo","ENSBTAG00000006538-ENSBTAG00000017489",0.247298853507719,1.33126571755233
"vivo","ENSBTAG00000000016-ENSBTAG00000015312",0.247284211870264,1.49017094524157
"vivo","ENSBTAG00000013103-ENSBTAG00000001462",0.247030469657546,0.818239560560057
"vivo","ENSBTAG00000007740-ENSBTAG00000007909",0.246264744085012,0.8733876826884
"vivo","ENSBTAG00000013760-ENSBTAG00000019289",0.245072328940034,0.950146332415396
"vivo","ENSBTAG00000000016-ENSBTAG00000004211",0.24456122558364,0.640507652337543
"vivo","ENSBTAG00000008452-ENSBTAG00000016071",0.242201344188196,1.39790463454313
"vivo","ENSBTAG00000013901-ENSBTAG00000019153",0.241778092713286,1.18230805407238
"vivo","ENSBTAG00000021048-ENSBTAG00000019903",0.240879250226968,0.973608437013292
"vivo","ENSBTAG00000023907-ENSBTAG00000013755",0.238804392362923,0.644936553315661
"vivo","ENSBTAG00000006655-ENSBTAG00000003255",0.238248389031256,0.741661387534146
"vivo","ENSBTAG00000021316-ENSBTAG00000019289",0.238111244734417,1.0560059964569
"vivo","ENSBTAG00000025410-ENSBTAG00000018343",0.236236574839803,0.834369085943929
"vivo","ENSBTAG00000016515-ENSBTAG00000006359",0.235304968173451,0.722235723663782
"vivo","ENSBTAG00000000016-ENSBTAG00000016455",0.232667967753279,1.37474857103216
"vivo","ENSBTAG00000010820-ENSBTAG00000002107",0.231942098997308,0.672825711311961
"vivo","ENSBTAG00000014921-ENSBTAG00000018474",0.231764778691763,0.756028367950947
"vivo","ENSBTAG00000011784-ENSBTAG00000000736",0.231214772104473,1.4782694920415
"vivo","ENSBTAG00000009357-ENSBTAG00000012119",0.230666111216562,0.759624334694226
"vivo","ENSBTAG00000015991-ENSBTAG00000024015",0.230486933965885,0.773392698107677
"vivo","ENSBTAG00000005108-ENSBTAG00000010462",0.228803905075386,1.00606660123082
"vivo","ENSBTAG00000007897-ENSBTAG00000016948",0.228639710948357,0.826835783941309
"vivo","ENSBTAG00000017664-ENSBTAG00000019712",0.228533708976277,0.718187869297637
"vivo","ENSBTAG00000015043-ENSBTAG00000007909",0.228067380788971,0.991269540145233
"vivo","ENSBTAG00000017549-ENSBTAG00000008197",0.226482899521968,0.885309559016088
"vivo","ENSBTAG00000025644-ENSBTAG00000020661",0.225075589203551,0.694726824478125
"vivo","ENSBTAG00000014737-ENSBTAG00000000802",0.224433258658192,0.887840172086048
"vivo","ENSBTAG00000018103-ENSBTAG00000017753",0.224189118587551,0.631431748123605
"vivo","ENSBTAG00000012638-ENSBTAG00000014420",0.223313713697786,0.746084669399702
"vivo","ENSBTAG00000010663-ENSBTAG00000013745",0.222699825242536,1.29550285912467
"vivo","ENSBTAG00000019993-ENSBTAG00000039292",0.222256929965011,0.705029572386644
"vivo","ENSBTAG00000011412-ENSBTAG00000017266",0.221025336414354,0.826765626357161
"vivo","ENSBTAG00000005108-ENSBTAG00000011154",0.220849421716838,0.691594507423107
"vivo","ENSBTAG00000005947-ENSBTAG00000017060",0.220341097435225,0.773913876463604
"vivo","ENSBTAG00000011238-ENSBTAG00000002951",0.220045285516628,0.791379876402923
"vivo","ENSBTAG00000006045-ENSBTAG00000011944",0.218145081634301,0.870670211782161
"vivo","ENSBTAG00000021048-ENSBTAG00000017489",0.217824753832318,1.21527615659356
"vivo","ENSBTAG00000021105-ENSBTAG00000014031",0.21745858502992,0.665740665512649
"vivo","ENSBTAG00000014921-ENSBTAG00000017745",0.216680708037734,0.809218043401092
"vivo","ENSBTAG00000013472-ENSBTAG00000011578",0.215753945499723,1.43636468714286
"vivo","ENSBTAG00000007737-ENSBTAG00000011909",0.215202910474511,1.63865977841985
"vivo","ENSBTAG00000006686-ENSBTAG00000015910",0.214774876246093,0.804210464567136
"vivo","ENSBTAG00000001460-ENSBTAG00000020661",0.213096977848164,1.0078759287765
"vivo","ENSBTAG00000020457-ENSBTAG00000003045",0.212704330126235,0.622299880634083
"vivo","ENSBTAG00000001601-ENSBTAG00000011578",0.211615568420321,0.735883075234224
"vivo","ENSBTAG00000011580-ENSBTAG00000046199",0.21158956459929,0.826297439129525
"vivo","ENSBTAG00000011757-ENSBTAG00000007909",0.211223082297349,0.919710345385003
"vivo","ENSBTAG00000012057-ENSBTAG00000005072",0.210708596167676,1.46049985152887
"vivo","ENSBTAG00000013201-ENSBTAG00000020319",0.209595431818776,0.721414429291019
"vivo","ENSBTAG00000020457-ENSBTAG00000008997",0.209092468039325,0.639126502144334
"vivo","ENSBTAG00000008300-ENSBTAG00000011578",0.208385531162613,0.56617538657855
"vivo","ENSBTAG00000001321-ENSBTAG00000002144",0.208164123026054,0.968196336112936
"vivo","ENSBTAG00000017246-ENSBTAG00000006161",0.206053374669422,0.628837005721658
"vivo","ENSBTAG00000006045-ENSBTAG00000034385",0.20501648328233,0.516000522965703
"vivo","ENSBTAG00000025644-ENSBTAG00000004588",0.204229077998886,0.640459314479185
"vivo","ENSBTAG00000017468-ENSBTAG00000013557",0.203661361080127,0.803465433978879
"vivo","ENSBTAG00000013103-ENSBTAG00000011578",0.202694349109338,0.786777426345953
"vivo","ENSBTAG00000020457-ENSBTAG00000013222",0.201939926254179,1.02650620146752
"vivo","ENSBTAG00000011104-ENSBTAG00000018300",0.20193356912976,0.879854845619098
"vivo","ENSBTAG00000021811-ENSBTAG00000003777",0.201685720844338,0.84260441612214
"vivo","ENSBTAG00000014127-ENSBTAG00000039652",0.201081728044457,0.935483832115993
"vivo","ENSBTAG00000017664-ENSBTAG00000011578",0.200097006636236,0.724422139219733
"vivo","ENSBTAG00000007446-ENSBTAG00000003060",0.200071386463659,1.01863318579888
"vivo","ENSBTAG00000002411-ENSBTAG00000007421",0.200047750731118,0.583100870587141
"vivo","ENSBTAG00000020457-ENSBTAG00000014357",0.199382430292495,0.579320625357864
"vivo","ENSBTAG00000006989-ENSBTAG00000011971",0.199197249577479,0.64250868189602
"vivo","ENSBTAG00000013103-ENSBTAG00000017866",0.198920752624571,0.685138098570997
"vivo","ENSBTAG00000020457-ENSBTAG00000012599",0.198266775795173,0.679639153110138
"vivo","ENSBTAG00000020645-ENSBTAG00000012848",0.197170580625147,1.03339487441533
"vivo","ENSBTAG00000020645-ENSBTAG00000020199",0.196055640131754,0.507893240924496
"vivo","ENSBTAG00000020457-ENSBTAG00000013843",0.195874194435531,0.500473506087709
"vivo","ENSBTAG00000025644-ENSBTAG00000011425",0.195777471328746,0.735197085188896
"vivo","ENSBTAG00000037778-ENSBTAG00000039292",0.195236850953245,1.07419379573161
"vivo","ENSBTAG00000005710-ENSBTAG00000011425",0.192679857416096,0.731504576070885
"vivo","ENSBTAG00000020194-ENSBTAG00000014064",0.190343451872734,0.651243488049759
"vivo","ENSBTAG00000017664-ENSBTAG00000011154",0.189610921750974,0.652957373302808
"vivo","ENSBTAG00000005077-ENSBTAG00000039292",0.189539400758022,0.913460964548797
"vivo","ENSBTAG00000020645-ENSBTAG00000010860",0.188953387926785,0.806385294165112
"vivo","ENSBTAG00000018134-ENSBTAG00000011628",0.188617441090183,0.673490263181905
"vivo","ENSBTAG00000012444-ENSBTAG00000015127",0.188210243547089,0.589348505039003
"vivo","ENSBTAG00000001492-ENSBTAG00000007213",0.188138942353387,0.746920939752792
"vivo","ENSBTAG00000005077-ENSBTAG00000018424",0.188119213447413,0.82400338391294
"vivo","ENSBTAG00000013103-ENSBTAG00000004885",0.187816404842066,0.780545016756026
"vivo","ENSBTAG00000012638-ENSBTAG00000017753",0.187386864532281,0.712778505209645
"vivo","ENSBTAG00000015043-ENSBTAG00000022799",0.186636520962661,0.630590188408782
"vivo","ENSBTAG00000032436-ENSBTAG00000019832",0.18648208840512,0.726055273207189
"vivo","ENSBTAG00000007708-ENSBTAG00000025324",0.186357872950507,0.887384307217302
"vivo","ENSBTAG00000014583-ENSBTAG00000012100",0.186263734746377,0.622739316881094
"vivo","ENSBTAG00000010312-ENSBTAG00000020199",0.18611391274271,0.592774858780811
"vivo","ENSBTAG00000011412-ENSBTAG00000018169",0.185708689199542,0.597492670144584
"vivo","ENSBTAG00000005339-ENSBTAG00000007213",0.182799326584467,1.06497834524278
"vivo","ENSBTAG00000025644-ENSBTAG00000014773",0.182057567362728,1.03321143663897
"vivo","ENSBTAG00000017582-ENSBTAG00000002699",0.181719607846273,1.22372416852267
"vivo","ENSBTAG00000013103-ENSBTAG00000010682",0.181378739481617,0.641214491391509
"vivo","ENSBTAG00000000575-ENSBTAG00000012119",0.179798563068785,0.940072190549492
"vivo","ENSBTAG00000017455-ENSBTAG00000015910",0.176804541794867,0.547536735990454
"vivo","ENSBTAG00000014583-ENSBTAG00000020661",0.176176998633053,0.661706707331594
"vivo","ENSBTAG00000010963-ENSBTAG00000000973",0.171057959159276,0.579193034930494
"vivo","ENSBTAG00000025775-ENSBTAG00000017981",0.16686556312963,0.745348986460089
"vivo","ENSBTAG00000013103-ENSBTAG00000015910",0.166169489810645,0.636134040935715
"vivo","ENSBTAG00000044040-ENSBTAG00000002804",0.165445129246293,1.35625289760615
"vivo","ENSBTAG00000017280-ENSBTAG00000037735",0.164411590653541,0.497243283405351
"vivo","ENSBTAG00000006295-ENSBTAG00000017981",0.164234146448772,0.653671014697854
"vivo","ENSBTAG00000032436-ENSBTAG00000022799",0.163874174291375,0.553599382793938
"vivo","ENSBTAG00000020457-ENSBTAG00000019929",0.162718093353385,0.56007908146542
"vivo","ENSBTAG00000005077-ENSBTAG00000015127",0.162591521477283,0.757338964062175
"vivo","ENSBTAG00000008026-ENSBTAG00000047138",0.161841321815168,0.897272347797582
"vivo","ENSBTAG00000002006-ENSBTAG00000008165",0.161778975401066,0.757464436738285
"vivo","ENSBTAG00000007740-ENSBTAG00000013320",0.161595646073441,0.883631141820695
"vivo","ENSBTAG00000012849-ENSBTAG00000015910",0.161134494744479,0.51897541860855
"vivo","ENSBTAG00000038735-ENSBTAG00000017981",0.160954461742033,0.720399739810603
"vivo","ENSBTAG00000005339-ENSBTAG00000019866",0.160715511989775,0.572609975282889
"vivo","ENSBTAG00000005710-ENSBTAG00000014064",0.160615679348209,0.643103344037433
"vivo","ENSBTAG00000008300-ENSBTAG00000008165",0.160576163320591,0.813303575898933
"vivo","ENSBTAG00000015114-ENSBTAG00000008165",0.160307674940873,0.687189887562883
"vivo","ENSBTAG00000007740-ENSBTAG00000011154",0.159497859126555,0.503782986565906
"vivo","ENSBTAG00000032436-ENSBTAG00000007909",0.158207206769935,0.733726236757992
"vivo","ENSBTAG00000017564-ENSBTAG00000019832",0.156986379538295,1.08527919520323
"vivo","ENSBTAG00000025644-ENSBTAG00000019021",0.15651302867552,0.605252701132904
"vivo","ENSBTAG00000017746-ENSBTAG00000010462",0.155915854065923,0.585990155435167
"vivo","ENSBTAG00000005198-ENSBTAG00000010543",0.15491610915582,0.583376624244473
"vivo","ENSBTAG00000014113-ENSBTAG00000001338",0.154463757769437,0.580605209815621
"vivo","ENSBTAG00000025257-ENSBTAG00000014162",0.153416771834709,0.613756079306422
"vivo","ENSBTAG00000005077-ENSBTAG00000009851",0.153082977094003,0.682311908667056
"vivo","ENSBTAG00000020645-ENSBTAG00000014944",0.152887127132189,0.452373501190466
"vivo","ENSBTAG00000017664-ENSBTAG00000014357",0.152052566509152,0.514617035579398
"vivo","ENSBTAG00000021105-ENSBTAG00000006240",0.151211441910994,0.490831762050256
"vivo","ENSBTAG00000032436-ENSBTAG00000012599",0.149500184997446,0.541411406497252
"vivo","ENSBTAG00000007897-ENSBTAG00000020704",0.149353948842356,0.568919142399412
"vivo","ENSBTAG00000008237-ENSBTAG00000005273",0.149209805022165,0.505983674476217
"vivo","ENSBTAG00000017246-ENSBTAG00000007909",0.148715857978593,0.638103580413609
"vivo","ENSBTAG00000007319-ENSBTAG00000022799",0.148571734258423,0.681482682431609
"vivo","ENSBTAG00000013472-ENSBTAG00000008165",0.148543506400527,0.799595064050987
"vivo","ENSBTAG00000025644-ENSBTAG00000011515",0.14771218087582,0.493088937342344
"vivo","ENSBTAG00000005947-ENSBTAG00000018517",0.147527728149321,0.515663754452903
"vivo","ENSBTAG00000011757-ENSBTAG00000004334",0.147334573672987,0.436030346288615
"vivo","ENSBTAG00000017753-ENSBTAG00000039292",0.145201395995044,0.438554519956915
"vivo","ENSBTAG00000011966-ENSBTAG00000018169",0.14368276139251,0.393653528733775
"vivo","ENSBTAG00000012066-ENSBTAG00000013569",0.143523209394096,1.11468002398306
"vivo","ENSBTAG00000013103-ENSBTAG00000019289",0.142788866725405,0.756722636193385
"vivo","ENSBTAG00000008300-ENSBTAG00000014357",0.142544227403107,0.528984889361125
"vivo","ENSBTAG00000017246-ENSBTAG00000012599",0.14172115072248,0.458123148424022
"vivo","ENSBTAG00000025868-ENSBTAG00000008165",0.141158911139831,0.495187733157726
"vivo","ENSBTAG00000037533-ENSBTAG00000037735",0.140684796133637,0.55202322320617
"vivo","ENSBTAG00000010738-ENSBTAG00000001338",0.140037391887464,0.619093069144672
"vivo","ENSBTAG00000007737-ENSBTAG00000012599",0.139733259114328,0.547278212780034
"vivo","ENSBTAG00000008300-ENSBTAG00000001882",0.139067435202681,0.42180600952427
"vivo","ENSBTAG00000005710-ENSBTAG00000015457",0.138227142229288,0.564874377533256
"vivo","ENSBTAG00000018200-ENSBTAG00000020892",0.137930868424052,0.517113675564093
"vivo","ENSBTAG00000011966-ENSBTAG00000019929",0.135763924151715,0.98988893166056
"vivo","ENSBTAG00000025644-ENSBTAG00000012687",0.134992697535186,0.500637923326225
"vivo","ENSBTAG00000007725-ENSBTAG00000012687",0.134269473656305,0.622530867712021
"vivo","ENSBTAG00000008452-ENSBTAG00000009903",0.133567240186137,0.553270374632139
"vivo","ENSBTAG00000020645-ENSBTAG00000014798",0.13213023116609,0.491870751067254
"vivo","ENSBTAG00000016648-ENSBTAG00000015910",0.131429046942367,0.432772389976367
"vivo","ENSBTAG00000032436-ENSBTAG00000014064",0.130335055471925,0.487027866475888
"vivo","ENSBTAG00000013472-ENSBTAG00000019929",0.128915674606913,0.492284455586021
"vivo","ENSBTAG00000012413-ENSBTAG00000010543",0.128738637009157,0.661557944963746
"vivo","ENSBTAG00000011104-ENSBTAG00000020979",0.128467604136253,0.419497396030441
"vivo","ENSBTAG00000000277-ENSBTAG00000011238",0.126381023971151,0.405365286766678
"vivo","ENSBTAG00000017685-ENSBTAG00000007421",0.126112786867979,0.38825469892659
"vivo","ENSBTAG00000008237-ENSBTAG00000013205",0.124784237359301,0.433565118043016
"vivo","ENSBTAG00000000310-ENSBTAG00000022799",0.123947872849027,0.468934408040347
"vivo","ENSBTAG00000013191-ENSBTAG00000019929",0.123856709471247,0.494361526901331
"vivo","ENSBTAG00000025644-ENSBTAG00000020667",0.123146510985401,0.524326705102925
"vivo","ENSBTAG00000003300-ENSBTAG00000019929",0.122169206409668,0.784097523035796
"vivo","ENSBTAG00000038221-ENSBTAG00000000815",0.121498560108535,0.366536813514255
"vivo","ENSBTAG00000013155-ENSBTAG00000008165",0.120744693976579,0.429698289927993
"vivo","ENSBTAG00000013103-ENSBTAG00000013745",0.120317001278325,0.734381989712498
"vivo","ENSBTAG00000014583-ENSBTAG00000011515",0.118924187748681,0.405897179437132
"vivo","ENSBTAG00000000016-ENSBTAG00000010497",0.117895770644203,0.476505909243184
"vivo","ENSBTAG00000003329-ENSBTAG00000002081",0.117077762003289,0.42293567796379
"vivo","ENSBTAG00000017246-ENSBTAG00000014064",0.116713210877642,0.444522397184563
"vivo","ENSBTAG00000010303-ENSBTAG00000020892",0.116615977674059,0.608544239597474
"vivo","ENSBTAG00000010963-ENSBTAG00000003255",0.116309782162057,0.860843303513394
"vivo","ENSBTAG00000015114-ENSBTAG00000019929",0.116285968039952,0.578883165324366
"vivo","ENSBTAG00000007897-ENSBTAG00000023731",0.115446410370399,0.429787707955924
"vivo","ENSBTAG00000017745-ENSBTAG00000015361",0.11500195295184,0.445902981660249
"vivo","ENSBTAG00000019839-ENSBTAG00000019929",0.114127184827351,0.614006380606946
"vivo","ENSBTAG00000015991-ENSBTAG00000005903",0.113581304127236,0.359638786352195
"vivo","ENSBTAG00000010312-ENSBTAG00000014064",0.113472754198492,0.404113866126042
"vivo","ENSBTAG00000001492-ENSBTAG00000003585",0.112383173908814,0.543959691539405
"vivo","ENSBTAG00000003505-ENSBTAG00000011628",0.110273891086982,0.436186594393339
"vivo","ENSBTAG00000000277-ENSBTAG00000027676",0.109701243865646,0.558998232598523
"vivo","ENSBTAG00000017753-ENSBTAG00000014420",0.109445238995489,0.380729367511405
"vivo","ENSBTAG00000017753-ENSBTAG00000020054",0.109214480996617,0.431836279830253
"vivo","ENSBTAG00000005898-ENSBTAG00000017851",0.109027859602578,0.594162009793162
"vivo","ENSBTAG00000022120-ENSBTAG00000008165",0.107387357389318,0.541683647351544
"vivo","ENSBTAG00000000073-ENSBTAG00000000736",0.106955645070714,0.364001378000701
"vivo","ENSBTAG00000021048-ENSBTAG00000017981",0.106897570670816,0.453800062894279
"vivo","ENSBTAG00000019839-ENSBTAG00000015910",0.106577511803217,0.367727362319239
"vivo","ENSBTAG00000021945-ENSBTAG00000011741",0.106549603333463,0.345783051292481
"vivo","ENSBTAG00000012109-ENSBTAG00000013674",0.106533951920906,0.660075567748745
"vivo","ENSBTAG00000017122-ENSBTAG00000000782",0.106463372175381,0.264717255058286
"vivo","ENSBTAG00000007737-ENSBTAG00000007909",0.106390607306011,0.33382637883542
"vivo","ENSBTAG00000010123-ENSBTAG00000000736",0.106374972193974,0.525827181545629
"vivo","ENSBTAG00000025775-ENSBTAG00000017489",0.104991761818317,0.586064137565492
"vivo","ENSBTAG00000030710-ENSBTAG00000020979",0.103257095963049,0.45571244730721
"vivo","ENSBTAG00000023652-ENSBTAG00000003166",0.103030887022734,0.466344066818466
"vivo","ENSBTAG00000005339-ENSBTAG00000019929",0.102495394271201,0.380683943067521
"vivo","ENSBTAG00000001725-ENSBTAG00000001338",0.099903185634534,0.592517595663558
"vivo","ENSBTAG00000020645-ENSBTAG00000006208",0.09968421347339,0.368750260358903
"vivo","ENSBTAG00000004129-ENSBTAG00000014162",0.0985865977250295,0.439668746239989
"vivo","ENSBTAG00000012519-ENSBTAG00000031753",0.0984224039036258,0.362694192946257
"vivo","ENSBTAG00000017312-ENSBTAG00000017136",0.0982542744224076,0.471249969185213
"vivo","ENSBTAG00000007446-ENSBTAG00000020979",0.0980645848438658,0.439294085921371
"vivo","ENSBTAG00000005947-ENSBTAG00000019929",0.0980222632945386,0.564741154134153
"vivo","ENSBTAG00000005111-ENSBTAG00000002081",0.0979143484416739,0.389657848024537
"vivo","ENSBTAG00000007737-ENSBTAG00000014064",0.0974921737673564,0.36486451532032
"vivo","ENSBTAG00000003253-ENSBTAG00000007665",0.0952230214634815,0.356670318339325
"vivo","ENSBTAG00000008300-ENSBTAG00000015910",0.0950054865525005,0.367458015860749
"vivo","ENSBTAG00000017753-ENSBTAG00000004334",0.0939208894175881,0.36213633195283
"vivo","ENSBTAG00000004129-ENSBTAG00000014798",0.0922026887830775,0.407387871095601
"vivo","ENSBTAG00000023652-ENSBTAG00000001694",0.0916720972336718,0.400084190344946
"vivo","ENSBTAG00000001141-ENSBTAG00000022799",0.091071108429509,0.387229052917929
"vivo","ENSBTAG00000011238-ENSBTAG00000017256",0.0909766093988009,0.384364310640007
"vivo","ENSBTAG00000023600-ENSBTAG00000005910",0.0908949912714881,0.407233902294944
"vivo","ENSBTAG00000002880-ENSBTAG00000013755",0.0899859546450873,0.406166105997037
"vivo","ENSBTAG00000008300-ENSBTAG00000013745",0.0897046574967587,0.336199490433277
"vivo","ENSBTAG00000007897-ENSBTAG00000017981",0.0888555296472587,0.417564731937708
"vivo","ENSBTAG00000017753-ENSBTAG00000015228",0.0868772531418885,0.326261999111582
"vivo","ENSBTAG00000017753-ENSBTAG00000020979",0.0862806859428657,0.345113673878244
"vivo","ENSBTAG00000005710-ENSBTAG00000009851",0.0847864254009656,0.329955815702951
"vivo","ENSBTAG00000005481-ENSBTAG00000003166",0.0838477873755863,0.311200983564107
"vivo","ENSBTAG00000022514-ENSBTAG00000013730",0.0825493791528523,0.437002826547428
"vivo","ENSBTAG00000002880-ENSBTAG00000012687",0.0821490115776429,0.357728793856253
"vivo","ENSBTAG00000013472-ENSBTAG00000019289",0.0819148343947275,0.250830801993715
"vivo","ENSBTAG00000017455-ENSBTAG00000013755",0.0818036797134802,0.327450243569682
"vivo","ENSBTAG00000017246-ENSBTAG00000006378",0.0811845501297528,0.297087862362326
"vivo","ENSBTAG00000007148-ENSBTAG00000008165",0.0800660278013241,0.40979614120793
"vivo","ENSBTAG00000005077-ENSBTAG00000014798",0.0799547531903412,0.39923917145284
"vivo","ENSBTAG00000006354-ENSBTAG00000012071",0.0799424872858633,0.305298579572936
"vivo","ENSBTAG00000001725-ENSBTAG00000014798",0.0788683905311504,0.495766533804833
"vivo","ENSBTAG00000006396-ENSBTAG00000003798",0.0787444120535741,0.341374689607441
"vivo","ENSBTAG00000010963-ENSBTAG00000002414",0.0786486625096188,0.473784957635929
"vivo","ENSBTAG00000007897-ENSBTAG00000002144",0.0784108812238296,0.356435743669304
"vivo","ENSBTAG00000011851-ENSBTAG00000013118",0.0773372117312713,0.346553486391488
"vivo","ENSBTAG00000007740-ENSBTAG00000012119",0.076836671115933,0.42379077228553
"vivo","ENSBTAG00000015509-ENSBTAG00000012687",0.0767010407376615,0.321882887334834
"vivo","ENSBTAG00000003505-ENSBTAG00000006161",0.076357038263378,0.346757198772185
"vivo","ENSBTAG00000001141-ENSBTAG00000013745",0.0761891195260112,0.446853329569033
"vivo","ENSBTAG00000011851-ENSBTAG00000018572",0.0751760462974382,0.309860555214881
"vivo","ENSBTAG00000014583-ENSBTAG00000012687",0.0730347581967001,0.251614253344515
"vivo","ENSBTAG00000004148-ENSBTAG00000003255",0.0729823219404094,0.227336754400373
"vivo","ENSBTAG00000007375-ENSBTAG00000015228",0.0724780952581562,0.383167930985095
"vivo","ENSBTAG00000045582-ENSBTAG00000012314",0.0723582556501366,0.306823687741573
"vivo","ENSBTAG00000014075-ENSBTAG00000012887",0.0704618919403871,0.331540133454926
"vivo","ENSBTAG00000007740-ENSBTAG00000026676",0.0698761644555929,0.290543805107569
"vivo","ENSBTAG00000025868-ENSBTAG00000013755",0.0690641690139659,0.340852312000952
"vivo","ENSBTAG00000009478-ENSBTAG00000002081",0.0673499780665664,0.342332393755481
"vivo","ENSBTAG00000008096-ENSBTAG00000013674",0.0672468342716922,0.272718311793958
"vivo","ENSBTAG00000005305-ENSBTAG00000020979",0.06712308112115,0.455504862710977
"vivo","ENSBTAG00000004129-ENSBTAG00000001338",0.0649423921287053,0.256336391161866
"vivo","ENSBTAG00000011757-ENSBTAG00000011578",0.0640830007207292,0.222325902658718
"vivo","ENSBTAG00000007737-ENSBTAG00000006378",0.0634819857485763,0.249386710757373
"vivo","ENSBTAG00000014583-ENSBTAG00000020667",0.0610077750769023,0.259405088506911
"vivo","ENSBTAG00000006276-ENSBTAG00000047138",0.0605987677226683,0.285102758355029
"vivo","ENSBTAG00000007897-ENSBTAG00000039292",0.0595759975767331,0.214077141530181
"vivo","ENSBTAG00000021105-ENSBTAG00000000477",0.0578512027845759,0.267885602627229
"vivo","ENSBTAG00000005339-ENSBTAG00000015996",0.056485759304008,0.212981008209489
"vivo","ENSBTAG00000025257-ENSBTAG00000001338",0.0563604739429614,0.260433872511996
"vivo","ENSBTAG00000020342-ENSBTAG00000035084",0.0520295492072339,0.30713301631475
"vivo","ENSBTAG00000012066-ENSBTAG00000019929",0.047829767151494,0.201777848798275
"vivo","ENSBTAG00000005691-ENSBTAG00000010543",0.0477588649865019,0.161749510468109
"vivo","ENSBTAG00000005481-ENSBTAG00000022799",0.0474017155219654,0.194980352937073
"vivo","ENSBTAG00000005077-ENSBTAG00000034883",0.0469099046854565,0.195621937128205
"vivo","ENSBTAG00000011412-ENSBTAG00000015910",0.0464063813418379,0.185391320350814
"vivo","ENSBTAG00000019839-ENSBTAG00000013755",0.0422623245825136,0.139728179667053
"vivo","ENSBTAG00000013718-ENSBTAG00000005072",0.038064183853505,0.199512321970191
"vivo","ENSBTAG00000017455-ENSBTAG00000019929",0.0306542971969755,0.16842984028807
"vivo","ENSBTAG00000005077-ENSBTAG00000003255",0.00826032846347762,0.0578706574298489
