"dataset","feature","mean_importance","sd_importance"
"vitro","`ENSBTAG00000014737-ENSBTAG00000015910`",28.4106219872639,26.3545863958178
"vitro","`ENSBTAG00000008300-ENSBTAG00000001462`",26.8351333146495,28.5812333047426
"vitro","`ENSBTAG00000017745-ENSBTAG00000015361`",26.7776760201273,28.476404123414
"vitro","`ENSBTAG00000025644-ENSBTAG00000010986`",25.4891868526423,19.5159041981614
"vitro","`ENSBTAG00000017745-ENSBTAG00000018474`",23.8322169160764,30.441809757471
"vitro","`ENSBTAG00000008300-ENSBTAG00000033669`",22.704088750531,28.9732879484905
"vitro","`ENSBTAG00000015043-ENSBTAG00000022799`",22.6980899675629,33.0599039292603
"vitro","`ENSBTAG00000022120-ENSBTAG00000019929`",22.6824247255577,29.4235499694451
"vitro","`ENSBTAG00000017745-ENSBTAG00000010423`",22.4621646000954,29.2758985438322
"vitro","`ENSBTAG00000009212-ENSBTAG00000012314`",22.1740716494529,25.1828239451969
"vitro","`ENSBTAG00000012817-ENSBTAG00000022799`",21.9962912396196,30.4601876951251
"vitro","`ENSBTAG00000020645-ENSBTAG00000014944`",21.373375473282,22.0314224460686
"vitro","`ENSBTAG00000010738-ENSBTAG00000019428`",21.1467976166503,23.742388818627
"vitro","`ENSBTAG00000017745-ENSBTAG00000016933`",21.1399436598352,28.5802210317496
"vitro","`ENSBTAG00000020645-ENSBTAG00000011461`",21.0121846961067,24.6470937443576
"vitro","`ENSBTAG00000001292-ENSBTAG00000034385`",19.8928174626988,24.1198103650689
"vitro","`ENSBTAG00000000016-ENSBTAG00000016455`",19.5998691025031,30.4473049889619
"vitro","`ENSBTAG00000015978-ENSBTAG00000011628`",18.8547700876066,27.9178635703621
"vitro","`ENSBTAG00000015043-ENSBTAG00000007909`",18.7539397491605,29.7907030824732
"vitro","`ENSBTAG00000019665-ENSBTAG00000005273`",18.6280926871609,21.1019302161641
"vitro","`ENSBTAG00000020645-ENSBTAG00000011628`",18.089040448676,29.9710921990862
"vitro","`ENSBTAG00000020645-ENSBTAG00000012848`",17.4555711293084,20.9953498190115
"vitro","`ENSBTAG00000008300-ENSBTAG00000015910`",17.446559107076,18.5816610618805
"vitro","`ENSBTAG00000020645-ENSBTAG00000006208`",17.4464114210492,20.3005295043279
"vitro","`ENSBTAG00000010303-ENSBTAG00000017060`",17.2745990882721,24.8335491345521
"vitro","`ENSBTAG00000005850-ENSBTAG00000022799`",17.0748175102136,14.0570440576296
"vitro","`ENSBTAG00000010303-ENSBTAG00000007103`",16.9944026286985,22.6695684835562
"vitro","`ENSBTAG00000020645-ENSBTAG00000039292`",16.9625826720705,21.9831298846785
"vitro","`ENSBTAG00000005250-ENSBTAG00000008008`",16.7142867210337,13.0817112925925
"vitro","`ENSBTAG00000004630-ENSBTAG00000019929`",16.5424097599258,32.7019878021045
"vitro","`ENSBTAG00000025775-ENSBTAG00000016948`",16.5216133291662,12.2857228550946
"vitro","`ENSBTAG00000031998-ENSBTAG00000015708`",16.214679201819,17.6276519353729
"vitro","`ENSBTAG00000034501-ENSBTAG00000005397`",16.1797474698922,22.100557507818
"vitro","`ENSBTAG00000012398-ENSBTAG00000012314`",15.8657692618265,20.354283489886
"vitro","`ENSBTAG00000020645-ENSBTAG00000021527`",15.8594164566196,22.9211267166568
"vitro","`ENSBTAG00000015742-ENSBTAG00000007103`",15.6305826541759,27.3422491147953
"vitro","`ENSBTAG00000013066-ENSBTAG00000002402`",15.5583029459865,30.6703659589124
"vitro","`ENSBTAG00000009357-ENSBTAG00000012771`",15.3998602980146,21.5884440724341
"vitro","`ENSBTAG00000020645-ENSBTAG00000005990`",15.3041875083244,14.3135352053644
"vitro","`ENSBTAG00000032436-ENSBTAG00000010444`",15.2058888841528,30.4760929455063
"vitro","`ENSBTAG00000014583-ENSBTAG00000010986`",14.9890732109985,11.6197746330095
"vitro","`ENSBTAG00000021457-ENSBTAG00000023147`",14.9860668514999,21.2153220950904
"vitro","`ENSBTAG00000004362-ENSBTAG00000014357`",14.8548376019556,23.666703082573
"vitro","`ENSBTAG00000020406-ENSBTAG00000021527`",14.7257799766746,30.2367527117245
"vitro","`ENSBTAG00000010673-ENSBTAG00000000815`",14.6356656676119,23.9676533502867
"vitro","`ENSBTAG00000046421-ENSBTAG00000007213`",14.440648467685,22.7764513230548
"vitro","`ENSBTAG00000015978-ENSBTAG00000039292`",14.1364375382564,17.0145942136839
"vitro","`ENSBTAG00000015978-ENSBTAG00000013290`",14.0814112538014,22.6737740173031
"vitro","`ENSBTAG00000015114-ENSBTAG00000019929`",14.0202216850242,21.9345100709934
"vitro","`ENSBTAG00000012817-ENSBTAG00000007909`",14.0039014663136,17.9254758897355
"vitro","`ENSBTAG00000025257-ENSBTAG00000019428`",13.9189473551264,17.7188991382134
"vitro","`ENSBTAG00000021316-ENSBTAG00000003585`",13.8717822083159,31.1121021393121
"vitro","`ENSBTAG00000000073-ENSBTAG00000014611`",13.7874899663248,13.9307610760294
"vitro","`ENSBTAG00000017473-ENSBTAG00000018169`",13.6623279013645,17.7048603797412
"vitro","`ENSBTAG00000014737-ENSBTAG00000037649`",13.5630495117165,9.40954457938012
"vitro","`ENSBTAG00000003300-ENSBTAG00000002804`",13.5506768835069,23.9574159008641
"vitro","`ENSBTAG00000014737-ENSBTAG00000000782`",13.4905523293263,8.46910552172063
"vitro","`ENSBTAG00000000016-ENSBTAG00000004211`",13.4056400185737,17.9388995728918
"vitro","`ENSBTAG00000017664-ENSBTAG00000011154`",13.3543433470605,20.8659867119826
"vitro","`ENSBTAG00000020645-ENSBTAG00000014600`",13.3212408487336,15.1049624864805
"vitro","`ENSBTAG00000000073-ENSBTAG00000008849`",13.2445791515524,14.8071101515735
"vitro","`ENSBTAG00000014737-ENSBTAG00000011971`",13.1375699273636,14.690842206315
"vitro","`ENSBTAG00000000016-ENSBTAG00000015312`",13.0946785840069,24.974742052584
"vitro","`ENSBTAG00000015991-ENSBTAG00000021190`",12.9684449231683,27.094034949314
"vitro","`ENSBTAG00000010161-ENSBTAG00000015133`",12.9477735213046,16.2953649392486
"vitro","`ENSBTAG00000032436-ENSBTAG00000019832`",12.91977688721,29.0479431978814
"vitro","`ENSBTAG00000008300-ENSBTAG00000011741`",12.8713071456933,21.5538998397215
"vitro","`ENSBTAG00000001941-ENSBTAG00000023144`",12.8409680173966,25.483294250827
"vitro","`ENSBTAG00000031998-ENSBTAG00000039292`",12.8038276378271,10.7592998410258
"vitro","`ENSBTAG00000021316-ENSBTAG00000019929`",12.7231582160606,24.8817639817116
"vitro","`ENSBTAG00000017866-ENSBTAG00000008008`",12.5934755250092,16.082470278576
"vitro","`ENSBTAG00000021048-ENSBTAG00000016948`",12.5676478806642,13.0647022868331
"vitro","`ENSBTAG00000000470-ENSBTAG00000019929`",12.4856610866011,20.0924964824017
"vitro","`ENSBTAG00000001292-ENSBTAG00000032007`",12.340327722629,21.2868000765156
"vitro","`ENSBTAG00000000310-ENSBTAG00000022799`",12.2857328204918,15.9538209035593
"vitro","`ENSBTAG00000000442-ENSBTAG00000007348`",12.2000704861432,18.11032721016
"vitro","`ENSBTAG00000016800-ENSBTAG00000007338`",12.1816663375191,14.8325975041089
"vitro","`ENSBTAG00000003658-ENSBTAG00000018517`",12.1631320229307,11.8686572642745
"vitro","`ENSBTAG00000009565-ENSBTAG00000002804`",12.1537017742648,22.1555303130761
"vitro","`ENSBTAG00000000559-ENSBTAG00000020661`",12.0501929569327,10.6070986070721
"vitro","`ENSBTAG00000004261-ENSBTAG00000017060`",11.9880892679356,18.0349673007794
"vitro","`ENSBTAG00000026779-ENSBTAG00000007103`",11.9163502184688,15.1959069396621
"vitro","`ENSBTAG00000017122-ENSBTAG00000011741`",11.8975266318958,24.3658348460362
"vitro","`ENSBTAG00000021457-ENSBTAG00000011986`",11.8445603258656,16.1102975103203
"vitro","`ENSBTAG00000009876-ENSBTAG00000020736`",11.7898108626369,16.6169959767473
"vitro","`ENSBTAG00000009761-ENSBTAG00000012314`",11.7618779086616,20.2512311125051
"vitro","`ENSBTAG00000007338-ENSBTAG00000017593`",11.7446867048151,14.8272216628085
"vitro","`ENSBTAG00000011409-ENSBTAG00000001941`",11.7430096640851,11.3378478732165
"vitro","`ENSBTAG00000014465-ENSBTAG00000019929`",11.6713535330915,18.8570737846729
"vitro","`ENSBTAG00000010123-ENSBTAG00000005903`",11.437286041702,13.9961334691729
"vitro","`ENSBTAG00000012398-ENSBTAG00000008008`",11.3507161656197,13.755620435014
"vitro","`ENSBTAG00000012066-ENSBTAG00000019929`",11.2507622315128,21.0562697352025
"vitro","`ENSBTAG00000015362-ENSBTAG00000006420`",11.0978788811913,17.0948771301494
"vitro","`ENSBTAG00000017246-ENSBTAG00000010444`",11.0976412152516,10.3756334037565
"vitro","`ENSBTAG00000014583-ENSBTAG00000014567`",11.0487215413072,12.6673921058203
"vitro","`ENSBTAG00000017280-ENSBTAG00000037735`",10.9916747349953,17.3436484946559
"vitro","`ENSBTAG00000015362-ENSBTAG00000008997`",10.9847690269145,10.0668926679612
"vitro","`ENSBTAG00000009478-ENSBTAG00000018035`",10.8902747639641,16.691278260411
"vitro","`ENSBTAG00000017664-ENSBTAG00000014357`",10.8768115029311,13.6278606527012
"vitro","`ENSBTAG00000007737-ENSBTAG00000019832`",10.8637290002811,19.3173858340921
"vitro","`ENSBTAG00000008300-ENSBTAG00000017266`",10.85488425941,13.0722795132336
"vitro","`ENSBTAG00000000283-ENSBTAG00000012771`",10.7991641915727,14.4426049782075
"vitro","`ENSBTAG00000014556-ENSBTAG00000026676`",10.720009293519,20.9694626173357
"vitro","`ENSBTAG00000013155-ENSBTAG00000008373`",10.7101922469121,11.4586100804652
"vitro","`ENSBTAG00000016542-ENSBTAG00000019569`",10.6864598165151,15.4278947940868
"vitro","`ENSBTAG00000014737-ENSBTAG00000000802`",10.6827104822775,9.51802306975844
"vitro","`ENSBTAG00000017280-ENSBTAG00000005397`",10.6471357157107,17.3906227184374
"vitro","`ENSBTAG00000010963-ENSBTAG00000000973`",10.6257574275759,10.0755120835742
"vitro","`ENSBTAG00000026236-ENSBTAG00000019929`",10.6162900451979,14.4632202361252
"vitro","`ENSBTAG00000004630-ENSBTAG00000013745`",10.5997755581566,14.7849552148536
"vitro","`ENSBTAG00000008237-ENSBTAG00000005273`",10.5977807879081,10.4513880840627
"vitro","`ENSBTAG00000010663-ENSBTAG00000019929`",10.5680843761505,13.2426562826837
"vitro","`ENSBTAG00000015362-ENSBTAG00000011909`",10.4960622542292,14.504374942345
"vitro","`ENSBTAG00000006505-ENSBTAG00000006240`",10.4483485515262,15.6646476391871
"vitro","`ENSBTAG00000022120-ENSBTAG00000017060`",10.4403367642052,15.5526249787878
"vitro","`ENSBTAG00000015509-ENSBTAG00000012687`",10.4334956018725,22.8069440791419
"vitro","`ENSBTAG00000007737-ENSBTAG00000010444`",10.3785673959073,11.9194995664851
"vitro","`ENSBTAG00000005163-ENSBTAG00000006240`",10.2873033814809,11.1782544148058
"vitro","`ENSBTAG00000045582-ENSBTAG00000002144`",10.2788783682677,15.887950034596
"vitro","`ENSBTAG00000007737-ENSBTAG00000011628`",10.2437919475748,13.6758541683661
"vitro","`ENSBTAG00000020645-ENSBTAG00000020199`",10.2054352636415,11.6953814056349
"vitro","`ENSBTAG00000017280-ENSBTAG00000039292`",10.0947922960647,17.8856039716047
"vitro","`ENSBTAG00000017746-ENSBTAG00000010462`",10.0567090171088,14.4102338081009
"vitro","`ENSBTAG00000020676-ENSBTAG00000011578`",10.0482108102116,19.4113806654936
"vitro","`ENSBTAG00000020676-ENSBTAG00000017060`",10.0131612018184,15.4291805507081
"vitro","`ENSBTAG00000013162-ENSBTAG00000012314`",9.97535393173111,14.9692056380396
"vitro","`ENSBTAG00000039355-ENSBTAG00000018993`",9.90419314132011,11.8488014336575
"vitro","`ENSBTAG00000020645-ENSBTAG00000014270`",9.90018188991701,15.917005810505
"vitro","`ENSBTAG00000010123-ENSBTAG00000018517`",9.89227147361608,16.68757169262
"vitro","`ENSBTAG00000000575-ENSBTAG00000019929`",9.85668813956622,16.9888332858215
"vitro","`ENSBTAG00000017473-ENSBTAG00000019289`",9.84395157636105,8.42833738241923
"vitro","`ENSBTAG00000045582-ENSBTAG00000012314`",9.83365153835007,8.72051666501251
"vitro","`ENSBTAG00000002278-ENSBTAG00000019929`",9.78408386971604,19.0603982579945
"vitro","`ENSBTAG00000021316-ENSBTAG00000015910`",9.77979954626877,12.468809317019
"vitro","`ENSBTAG00000010123-ENSBTAG00000012314`",9.77253962222315,14.3016748927869
"vitro","`ENSBTAG00000014583-ENSBTAG00000020661`",9.70376629629138,11.4227742089195
"vitro","`ENSBTAG00000008817-ENSBTAG00000019929`",9.56003020836929,17.7456098684973
"vitro","`ENSBTAG00000010123-ENSBTAG00000014269`",9.51971181469565,9.68848063664297
"vitro","`ENSBTAG00000014113-ENSBTAG00000019428`",9.51389158157145,16.3937705428675
"vitro","`ENSBTAG00000021466-ENSBTAG00000004885`",9.41215954863253,20.2920380792685
"vitro","`ENSBTAG00000012638-ENSBTAG00000017753`",9.29690950277794,7.16339446756087
"vitro","`ENSBTAG00000006295-ENSBTAG00000020704`",9.23519861833192,13.9542291422975
"vitro","`ENSBTAG00000005260-ENSBTAG00000019929`",9.23360972493772,15.8969207247236
"vitro","`ENSBTAG00000017473-ENSBTAG00000015910`",9.20547728431129,9.28138224695263
"vitro","`ENSBTAG00000017664-ENSBTAG00000015910`",9.15575644396048,11.6458047729809
"vitro","`ENSBTAG00000038735-ENSBTAG00000016948`",9.15341374162285,10.5581281565198
"vitro","`ENSBTAG00000001321-ENSBTAG00000013205`",8.96902924304642,5.31206649552986
"vitro","`ENSBTAG00000012817-ENSBTAG00000005397`",8.96141514926801,11.9742255761862
"vitro","`ENSBTAG00000017060-ENSBTAG00000007103`",8.95138264886726,16.2449378396157
"vitro","`ENSBTAG00000017280-ENSBTAG00000047793`",8.94054277224698,18.8476620741085
"vitro","`ENSBTAG00000011851-ENSBTAG00000011425`",8.93118255693112,14.179547682598
"vitro","`ENSBTAG00000015362-ENSBTAG00000018114`",8.91876226858387,7.042694418365
"vitro","`ENSBTAG00000023652-ENSBTAG00000005828`",8.90474189342322,12.7476620807411
"vitro","`ENSBTAG00000015991-ENSBTAG00000010444`",8.89394321921008,16.7308080053681
"vitro","`ENSBTAG00000001764-ENSBTAG00000021190`",8.80744195766689,13.4536449405941
"vitro","`ENSBTAG00000019770-ENSBTAG00000012314`",8.78715681204478,13.8804577144398
"vitro","`ENSBTAG00000010726-ENSBTAG00000012314`",8.77152772447596,11.0535105672563
"vitro","`ENSBTAG00000004630-ENSBTAG00000003585`",8.76572430691168,14.3022022856777
"vitro","`ENSBTAG00000021466-ENSBTAG00000019289`",8.69398989416296,14.2479612987314
"vitro","`ENSBTAG00000020556-ENSBTAG00000018517`",8.67418709780673,17.1886154719869
"vitro","`ENSBTAG00000000016-ENSBTAG00000024928`",8.67143952341473,14.0571087463933
"vitro","`ENSBTAG00000032436-ENSBTAG00000012314`",8.63850228943884,13.6256188479681
"vitro","`ENSBTAG00000010663-ENSBTAG00000013745`",8.60356807207703,12.4585097134519
"vitro","`ENSBTAG00000007319-ENSBTAG00000022799`",8.5681403228512,10.7111729381544
"vitro","`ENSBTAG00000046421-ENSBTAG00000006240`",8.47118097683981,16.9746801857364
"vitro","`ENSBTAG00000020221-ENSBTAG00000005092`",8.46533926517385,10.0145634319015
"vitro","`ENSBTAG00000008300-ENSBTAG00000014357`",8.44359242119909,17.8585495566966
"vitro","`ENSBTAG00000045520-ENSBTAG00000039292`",8.44279686065529,14.2485084865858
"vitro","`ENSBTAG00000038735-ENSBTAG00000019903`",8.43087949890515,17.5251143791782
"vitro","`ENSBTAG00000032436-ENSBTAG00000022799`",8.39225845579851,9.79198317092061
"vitro","`ENSBTAG00000037899-ENSBTAG00000022799`",8.37425073853284,12.0390319483047
"vitro","`ENSBTAG00000005691-ENSBTAG00000015127`",8.34884086333859,16.1704825772903
"vitro","`ENSBTAG00000006354-ENSBTAG00000017060`",8.32260147923181,11.863434566369
"vitro","`ENSBTAG00000009972-ENSBTAG00000011909`",8.2707663911854,18.6796716664614
"vitro","`ENSBTAG00000021807-ENSBTAG00000016247`",8.24981676817387,8.92143006527552
"vitro","`ENSBTAG00000012529-ENSBTAG00000012899`",8.10167930471004,10.8305585411997
"vitro","`ENSBTAG00000007244-ENSBTAG00000015910`",8.01573371127556,19.4788767685452
"vitro","`ENSBTAG00000002317-ENSBTAG00000026676`",7.97393509311787,11.948958415041
"vitro","`ENSBTAG00000014737-ENSBTAG00000001462`",7.9015456175974,5.95047937860773
"vitro","`ENSBTAG00000021466-ENSBTAG00000015910`",7.85553582995183,16.8023002587745
"vitro","`ENSBTAG00000004086-ENSBTAG00000019712`",7.85501680698682,10.2289170774413
"vitro","`ENSBTAG00000012164-ENSBTAG00000010498`",7.83885732932938,10.649416214046
"vitro","`ENSBTAG00000014906-ENSBTAG00000008008`",7.83155731938629,12.1018410069621
"vitro","`ENSBTAG00000004362-ENSBTAG00000015996`",7.81203685083559,12.390231845471
"vitro","`ENSBTAG00000016515-ENSBTAG00000000815`",7.77120840221099,11.790343846525
"vitro","`ENSBTAG00000012228-ENSBTAG00000001814`",7.76333341425609,12.5556885458373
"vitro","`ENSBTAG00000011010-ENSBTAG00000009757`",7.75241134233277,7.84896604673724
"vitro","`ENSBTAG00000003832-ENSBTAG00000022799`",7.7431294553232,7.71598800694535
"vitro","`ENSBTAG00000013718-ENSBTAG00000005072`",7.72760309575594,12.9500131849976
"vitro","`ENSBTAG00000000277-ENSBTAG00000027676`",7.70521555155791,17.7516527812222
"vitro","`ENSBTAG00000005198-ENSBTAG00000011578`",7.69880418102789,16.2344770902707
"vitro","`ENSBTAG00000011741-ENSBTAG00000015910`",7.6493470589787,11.2736391874511
"vitro","`ENSBTAG00000003300-ENSBTAG00000019929`",7.64475789780342,11.8224077047962
"vitro","`ENSBTAG00000014575-ENSBTAG00000019929`",7.64225801053594,12.3040305620025
"vitro","`ENSBTAG00000005198-ENSBTAG00000019866`",7.57487324953707,10.9786864402697
"vitro","`ENSBTAG00000007273-ENSBTAG00000012314`",7.51427901216113,12.7138589850852
"vitro","`ENSBTAG00000013103-ENSBTAG00000015910`",7.45329852848983,12.5177068056932
"vitro","`ENSBTAG00000010562-ENSBTAG00000020755`",7.43295661220197,10.8096906942174
"vitro","`ENSBTAG00000010673-ENSBTAG00000006359`",7.41038711128698,16.2042188308384
"vitro","`ENSBTAG00000005691-ENSBTAG00000024269`",7.40381077576651,19.7291248846644
"vitro","`ENSBTAG00000019694-ENSBTAG00000013745`",7.40248174038091,10.4325895684514
"vitro","`ENSBTAG00000038221-ENSBTAG00000000815`",7.39650346784295,13.9290445319781
"vitro","`ENSBTAG00000013363-ENSBTAG00000009851`",7.36956335083316,11.9830843633589
"vitro","`ENSBTAG00000025775-ENSBTAG00000020704`",7.36198718688893,7.5368095042
"vitro","`ENSBTAG00000004594-ENSBTAG00000019569`",7.33128898580565,7.82644558382419
"vitro","`ENSBTAG00000005260-ENSBTAG00000011578`",7.33028490716938,14.4908837398595
"vitro","`ENSBTAG00000013155-ENSBTAG00000010682`",7.23969833078009,12.0000459867412
"vitro","`ENSBTAG00000013760-ENSBTAG00000019929`",7.18960948557884,10.843305897399
"vitro","`ENSBTAG00000013898-ENSBTAG00000039292`",7.1602540803163,14.1332565858107
"vitro","`ENSBTAG00000009478-ENSBTAG00000006420`",7.15593344616804,9.82566662709588
"vitro","`ENSBTAG00000014583-ENSBTAG00000014600`",7.10172741770322,8.27998728133529
"vitro","`ENSBTAG00000022635-ENSBTAG00000009757`",7.09542862131028,5.97686947856393
"vitro","`ENSBTAG00000022120-ENSBTAG00000013745`",7.09501571912331,11.0717135559096
"vitro","`ENSBTAG00000010663-ENSBTAG00000015910`",7.08921323623579,7.9566045528682
"vitro","`ENSBTAG00000020645-ENSBTAG00000013674`",7.08094297672916,12.2942209970808
"vitro","`ENSBTAG00000037899-ENSBTAG00000007909`",7.0314917268457,8.62885091462608
"vitro","`ENSBTAG00000003837-ENSBTAG00000011761`",7.00908981432027,11.3208961880819
"vitro","`ENSBTAG00000017312-ENSBTAG00000039292`",7.00084800005029,12.4024856042602
"vitro","`ENSBTAG00000012066-ENSBTAG00000013569`",6.98942914634862,14.4567467600632
"vitro","`ENSBTAG00000009972-ENSBTAG00000024269`",6.98128648460002,9.42216159965628
"vitro","`ENSBTAG00000005339-ENSBTAG00000015910`",6.96466489734552,6.60951496577893
"vitro","`ENSBTAG00000017473-ENSBTAG00000017266`",6.96128377335746,8.19702447404952
"vitro","`ENSBTAG00000011563-ENSBTAG00000010497`",6.87579861228977,15.4841302473623
"vitro","`ENSBTAG00000017246-ENSBTAG00000019832`",6.87231063400681,11.0423278082178
"vitro","`ENSBTAG00000025644-ENSBTAG00000014600`",6.86769501555835,9.84542058836578
"vitro","`ENSBTAG00000005691-ENSBTAG00000011154`",6.84091059690955,14.3231439786817
"vitro","`ENSBTAG00000005339-ENSBTAG00000019929`",6.82854447409966,7.64678812093982
"vitro","`ENSBTAG00000012398-ENSBTAG00000014357`",6.81036564830366,7.45477980765164
"vitro","`ENSBTAG00000020221-ENSBTAG00000005903`",6.7841523569528,7.88098110548943
"vitro","`ENSBTAG00000021499-ENSBTAG00000008849`",6.75657969655666,8.41165491651829
"vitro","`ENSBTAG00000034077-ENSBTAG00000018999`",6.74706769658905,9.80469367124365
"vitro","`ENSBTAG00000016648-ENSBTAG00000015910`",6.72795568447458,19.1707117408771
"vitro","`ENSBTAG00000015362-ENSBTAG00000000231`",6.68706429565298,5.44621092113491
"vitro","`ENSBTAG00000008121-ENSBTAG00000015127`",6.6870267735691,10.2504546180711
"vitro","`ENSBTAG00000009972-ENSBTAG00000018114`",6.67479053686372,8.8349638446821
"vitro","`ENSBTAG00000012004-ENSBTAG00000019929`",6.66800277979515,12.6685296576319
"vitro","`ENSBTAG00000022635-ENSBTAG00000015910`",6.66649485283236,8.42025433192162
"vitro","`ENSBTAG00000021466-ENSBTAG00000010682`",6.66485903780376,9.27817177458429
"vitro","`ENSBTAG00000019964-ENSBTAG00000003166`",6.66144678001524,10.3264226221521
"vitro","`ENSBTAG00000005359-ENSBTAG00000019832`",6.6578881903153,7.66526824986971
"vitro","`ENSBTAG00000015362-ENSBTAG00000018105`",6.62587558259885,8.77662165471691
"vitro","`ENSBTAG00000010991-ENSBTAG00000007348`",6.62337090050509,9.73330156761935
"vitro","`ENSBTAG00000000277-ENSBTAG00000011238`",6.61633412481821,9.07339912617793
"vitro","`ENSBTAG00000011238-ENSBTAG00000017256`",6.60510948463111,14.0669045773202
"vitro","`ENSBTAG00000023652-ENSBTAG00000001694`",6.50256684999736,10.0373233699656
"vitro","`ENSBTAG00000009478-ENSBTAG00000000231`",6.49606267521243,10.3235199757569
"vitro","`ENSBTAG00000017549-ENSBTAG00000002699`",6.48511538731909,13.7493288167129
"vitro","`ENSBTAG00000013103-ENSBTAG00000019929`",6.45861407439042,8.04512106297201
"vitro","`ENSBTAG00000007737-ENSBTAG00000022799`",6.42824669486838,8.59287474371118
"vitro","`ENSBTAG00000014583-ENSBTAG00000011050`",6.42743477184316,8.27506747544726
"vitro","`ENSBTAG00000005691-ENSBTAG00000011578`",6.41920064675752,10.0157458117145
"vitro","`ENSBTAG00000023907-ENSBTAG00000019929`",6.41325756426832,18.7347599399636
"vitro","`ENSBTAG00000005481-ENSBTAG00000003166`",6.38561157985384,7.41600073281077
"vitro","`ENSBTAG00000001764-ENSBTAG00000026676`",6.37463969241191,9.40792155730634
"vitro","`ENSBTAG00000019267-ENSBTAG00000014357`",6.34995432067304,7.03355925109015
"vitro","`ENSBTAG00000016267-ENSBTAG00000020755`",6.34818036037554,10.5042839873914
"vitro","`ENSBTAG00000009478-ENSBTAG00000018114`",6.34311714650358,8.05690330718882
"vitro","`ENSBTAG00000021811-ENSBTAG00000003777`",6.33186391085056,8.90142008317735
"vitro","`ENSBTAG00000000793-ENSBTAG00000019289`",6.30500173164818,6.39362685104056
"vitro","`ENSBTAG00000004924-ENSBTAG00000031718`",6.2733432045951,6.85215297146361
"vitro","`ENSBTAG00000007148-ENSBTAG00000000898`",6.23442016665897,6.78208087562148
"vitro","`ENSBTAG00000017685-ENSBTAG00000007421`",6.23393849486078,10.6236835989605
"vitro","`ENSBTAG00000005691-ENSBTAG00000020644`",6.21510031915089,11.2235411842244
"vitro","`ENSBTAG00000008237-ENSBTAG00000013205`",6.16885146815925,9.74284895527516
"vitro","`ENSBTAG00000004594-ENSBTAG00000011578`",6.14908933026816,9.56994603578774
"vitro","`ENSBTAG00000007897-ENSBTAG00000039292`",6.14615317839689,11.8111319719249
"vitro","`ENSBTAG00000025471-ENSBTAG00000004211`",6.14564869991306,8.6733920604709
"vitro","`ENSBTAG00000010303-ENSBTAG00000007626`",6.12999509085582,6.50614335366248
"vitro","`ENSBTAG00000007737-ENSBTAG00000007909`",6.11426424293589,8.38673537826988
"vitro","`ENSBTAG00000010361-ENSBTAG00000022799`",6.07057184952134,8.01798376561981
"vitro","`ENSBTAG00000022635-ENSBTAG00000012897`",6.05906491201692,8.88381127472208
"vitro","`ENSBTAG00000025644-ENSBTAG00000011628`",6.0467326914865,7.05618621627508
"vitro","`ENSBTAG00000007244-ENSBTAG00000000253`",6.03845262144397,14.4630921732221
"vitro","`ENSBTAG00000007268-ENSBTAG00000015910`",6.02208945023913,9.15967146817245
"vitro","`ENSBTAG00000014921-ENSBTAG00000017745`",6.01755821886972,7.38670654178161
"vitro","`ENSBTAG00000019269-ENSBTAG00000015910`",6.01518964790795,9.86457904660935
"vitro","`ENSBTAG00000015789-ENSBTAG00000006732`",6.00288835328135,9.75309861011449
"vitro","`ENSBTAG00000021217-ENSBTAG00000019289`",5.98912952672697,15.4426801393342
"vitro","`ENSBTAG00000021697-ENSBTAG00000002804`",5.92549826044696,15.5212941203406
"vitro","`ENSBTAG00000009478-ENSBTAG00000002081`",5.90037343035544,15.8617794011651
"vitro","`ENSBTAG00000010562-ENSBTAG00000011515`",5.89691184875495,4.8373512199614
"vitro","`ENSBTAG00000011082-ENSBTAG00000002402`",5.89617605980642,6.40138382774986
"vitro","`ENSBTAG00000017455-ENSBTAG00000019929`",5.89260261011866,8.86424474705102
"vitro","`ENSBTAG00000009876-ENSBTAG00000006420`",5.83319675961098,6.89254315998267
"vitro","`ENSBTAG00000013760-ENSBTAG00000003585`",5.82162132834206,11.9035100581121
"vitro","`ENSBTAG00000014575-ENSBTAG00000003585`",5.81295795298297,11.5899586385242
"vitro","`ENSBTAG00000006295-ENSBTAG00000016948`",5.80921285160313,6.70855413155639
"vitro","`ENSBTAG00000004129-ENSBTAG00000003220`",5.80648035482645,8.8047516039676
"vitro","`ENSBTAG00000019267-ENSBTAG00000011578`",5.80372498347768,8.28140503498163
"vitro","`ENSBTAG00000007740-ENSBTAG00000026676`",5.72855605364851,9.25375673561273
"vitro","`ENSBTAG00000005947-ENSBTAG00000015910`",5.71981822475103,7.57538220646237
"vitro","`ENSBTAG00000018103-ENSBTAG00000011154`",5.71339424982452,8.38764682773783
"vitro","`ENSBTAG00000017122-ENSBTAG00000018052`",5.70224781077571,10.197331580421
"vitro","`ENSBTAG00000023652-ENSBTAG00000003166`",5.69767675585687,6.4361756496868
"vitro","`ENSBTAG00000010738-ENSBTAG00000003220`",5.68733506614599,7.09267317059047
"vitro","`ENSBTAG00000007737-ENSBTAG00000006378`",5.67287950984958,7.4475376204711
"vitro","`ENSBTAG00000005691-ENSBTAG00000015457`",5.66761712879779,9.93451980578151
"vitro","`ENSBTAG00000005108-ENSBTAG00000001060`",5.66479503251915,8.66222323910635
"vitro","`ENSBTAG00000011851-ENSBTAG00000002699`",5.65840636246294,9.45811906734399
"vitro","`ENSBTAG00000007897-ENSBTAG00000016948`",5.64324560667771,6.16847782612978
"vitro","`ENSBTAG00000019839-ENSBTAG00000015910`",5.62743559598446,8.39552034075706
"vitro","`ENSBTAG00000014583-ENSBTAG00000012687`",5.62401743896392,8.3798215211771
"vitro","`ENSBTAG00000007244-ENSBTAG00000019929`",5.62182900616292,12.5027600566453
"vitro","`ENSBTAG00000002317-ENSBTAG00000018052`",5.6159296084003,6.03366105251124
"vitro","`ENSBTAG00000018773-ENSBTAG00000006161`",5.59702827392084,9.45374717889263
"vitro","`ENSBTAG00000002317-ENSBTAG00000011154`",5.58268327790184,12.6439253685024
"vitro","`ENSBTAG00000021326-ENSBTAG00000014798`",5.58023476043256,6.41504847972035
"vitro","`ENSBTAG00000017664-ENSBTAG00000011578`",5.57796018169144,10.5056452744733
"vitro","`ENSBTAG00000020406-ENSBTAG00000047793`",5.57669285125503,7.03574244418221
"vitro","`ENSBTAG00000007319-ENSBTAG00000007909`",5.57106544252621,7.0365326877061
"vitro","`ENSBTAG00000014583-ENSBTAG00000026813`",5.56941863196229,9.62780410761403
"vitro","`ENSBTAG00000000575-ENSBTAG00000015910`",5.56665159091736,9.06496577665289
"vitro","`ENSBTAG00000007338-ENSBTAG00000004917`",5.53373570485988,8.08374731823272
"vitro","`ENSBTAG00000015742-ENSBTAG00000017060`",5.53183679997673,7.60952236458902
"vitro","`ENSBTAG00000003253-ENSBTAG00000007665`",5.53087940717678,9.34644399752011
"vitro","`ENSBTAG00000005710-ENSBTAG00000009851`",5.50883451466762,6.6218517522151
"vitro","`ENSBTAG00000021326-ENSBTAG00000039292`",5.49520736489774,7.50925889302931
"vitro","`ENSBTAG00000022120-ENSBTAG00000015910`",5.49406604943177,8.36024287297666
"vitro","`ENSBTAG00000013066-ENSBTAG00000012687`",5.45561717851875,9.9392976201652
"vitro","`ENSBTAG00000016260-ENSBTAG00000011628`",5.45117264968433,10.4309870337117
"vitro","`ENSBTAG00000020457-ENSBTAG00000012599`",5.43365459248113,5.7795785943668
"vitro","`ENSBTAG00000015114-ENSBTAG00000017489`",5.41937659772456,4.87803403152835
"vitro","`ENSBTAG00000016542-ENSBTAG00000019289`",5.41257444294723,8.01427196967915
"vitro","`ENSBTAG00000015991-ENSBTAG00000011628`",5.39035552071282,5.35687557420985
"vitro","`ENSBTAG00000021945-ENSBTAG00000011741`",5.38468362074379,7.3747117349802
"vitro","`ENSBTAG00000015089-ENSBTAG00000015910`",5.36998876796416,14.0571953292061
"vitro","`ENSBTAG00000013155-ENSBTAG00000019289`",5.36359014922584,5.17636550829643
"vitro","`ENSBTAG00000021316-ENSBTAG00000019289`",5.35979846348273,7.6682071119589
"vitro","`ENSBTAG00000014583-ENSBTAG00000012100`",5.3577302361765,5.97361166418649
"vitro","`ENSBTAG00000009478-ENSBTAG00000014354`",5.33874546050516,7.16873919488384
"vitro","`ENSBTAG00000018463-ENSBTAG00000011578`",5.33148631821586,10.172556848245
"vitro","`ENSBTAG00000025210-ENSBTAG00000019929`",5.32700740125834,9.6395917301824
"vitro","`ENSBTAG00000019839-ENSBTAG00000013755`",5.29833646615607,10.9354280242182
"vitro","`ENSBTAG00000005691-ENSBTAG00000019866`",5.28879244064153,9.48164539300411
"vitro","`ENSBTAG00000021302-ENSBTAG00000015910`",5.27860140405461,8.55700549852977
"vitro","`ENSBTAG00000012638-ENSBTAG00000014420`",5.27529785804779,5.81754355935461
"vitro","`ENSBTAG00000011034-ENSBTAG00000020148`",5.27408766464964,9.40786526311008
"vitro","`ENSBTAG00000034077-ENSBTAG00000003848`",5.27108779804447,10.9829533553105
"vitro","`ENSBTAG00000008817-ENSBTAG00000015910`",5.2647299007887,5.9632355572166
"vitro","`ENSBTAG00000001321-ENSBTAG00000005273`",5.25660579729684,6.17484425557194
"vitro","`ENSBTAG00000021697-ENSBTAG00000019929`",5.25012258133625,10.1300101493821
"vitro","`ENSBTAG00000008027-ENSBTAG00000012314`",5.22401048977668,3.59404600589959
"vitro","`ENSBTAG00000014218-ENSBTAG00000005903`",5.21513234054331,7.95477275559852
"vitro","`ENSBTAG00000017246-ENSBTAG00000012314`",5.20922926012898,12.9207482266888
"vitro","`ENSBTAG00000020457-ENSBTAG00000019832`",5.1949664394454,7.31175101335185
"vitro","`ENSBTAG00000011966-ENSBTAG00000018169`",5.18968223095471,11.7467945398989
"vitro","`ENSBTAG00000005108-ENSBTAG00000009851`",5.16863343492934,9.2508289105516
"vitro","`ENSBTAG00000007740-ENSBTAG00000015910`",5.15409375969611,8.68045177824497
"vitro","`ENSBTAG00000025644-ENSBTAG00000004588`",5.15238840364639,6.24124701515655
"vitro","`ENSBTAG00000006538-ENSBTAG00000019903`",5.12190036439277,5.92293683731835
"vitro","`ENSBTAG00000005339-ENSBTAG00000000782`",5.11550291179478,5.27399682981195
"vitro","`ENSBTAG00000005947-ENSBTAG00000013125`",5.11503658146916,8.4032491772724
"vitro","`ENSBTAG00000000575-ENSBTAG00000011154`",5.10580025023188,12.8073646043122
"vitro","`ENSBTAG00000016515-ENSBTAG00000015510`",5.09525719582933,5.51298796953042
"vitro","`ENSBTAG00000005481-ENSBTAG00000022799`",5.09095372480323,5.25363461188931
"vitro","`ENSBTAG00000005947-ENSBTAG00000019929`",5.0872790232788,9.67306305074318
"vitro","`ENSBTAG00000016542-ENSBTAG00000018169`",5.08437207947166,8.63794907636594
"vitro","`ENSBTAG00000003835-ENSBTAG00000000231`",5.07088139792518,6.76698133874157
"vitro","`ENSBTAG00000015991-ENSBTAG00000005903`",5.06719747458692,6.66751201181148
"vitro","`ENSBTAG00000001292-ENSBTAG00000032719`",5.06682931350355,7.28814061099548
"vitro","`ENSBTAG00000017122-ENSBTAG00000011154`",5.05750074317939,9.92811700404962
"vitro","`ENSBTAG00000012004-ENSBTAG00000019832`",5.05705613820955,6.99510173001136
"vitro","`ENSBTAG00000000575-ENSBTAG00000011628`",5.05512094630149,7.9910557343547
"vitro","`ENSBTAG00000011757-ENSBTAG00000004334`",5.05160811129358,6.79522739102135
"vitro","`ENSBTAG00000007273-ENSBTAG00000034385`",4.99005823786069,7.45014144591801
"vitro","`ENSBTAG00000007446-ENSBTAG00000008733`",4.98856733661948,10.4962988695352
"vitro","`ENSBTAG00000001141-ENSBTAG00000013745`",4.98490952643068,9.71436297589198
"vitro","`ENSBTAG00000005198-ENSBTAG00000010543`",4.9841916534755,13.1869175944881
"vitro","`ENSBTAG00000005260-ENSBTAG00000005990`",4.97950881560233,8.69545416045771
"vitro","`ENSBTAG00000009476-ENSBTAG00000013745`",4.96938699232651,8.01449498255734
"vitro","`ENSBTAG00000021048-ENSBTAG00000008483`",4.96625193000365,7.61633583035233
"vitro","`ENSBTAG00000013191-ENSBTAG00000015910`",4.96455000965167,5.65817610982516
"vitro","`ENSBTAG00000017664-ENSBTAG00000019712`",4.96431843209693,5.33215843902616
"vitro","`ENSBTAG00000011851-ENSBTAG00000012771`",4.96130879271386,7.2347598603055
"vitro","`ENSBTAG00000016542-ENSBTAG00000017266`",4.96040461880023,6.55177300190509
"vitro","`ENSBTAG00000017753-ENSBTAG00000015228`",4.95192529496632,9.32166924743082
"vitro","`ENSBTAG00000010726-ENSBTAG00000025101`",4.94012344481824,7.07203780305719
"vitro","`ENSBTAG00000025644-ENSBTAG00000014567`",4.93835334181559,9.56953689114106
"vitro","`ENSBTAG00000001725-ENSBTAG00000014798`",4.93003016824726,8.77772333133466
"vitro","`ENSBTAG00000010361-ENSBTAG00000007909`",4.92109036026241,5.28797144451121
"vitro","`ENSBTAG00000016542-ENSBTAG00000015910`",4.91116793492376,8.02172010126687
"vitro","`ENSBTAG00000005691-ENSBTAG00000026676`",4.89257548303033,10.1924832665338
"vitro","`ENSBTAG00000006295-ENSBTAG00000019903`",4.88989284474224,10.2021742888498
"vitro","`ENSBTAG00000025775-ENSBTAG00000019903`",4.88285367124072,12.013438958799
"vitro","`ENSBTAG00000013191-ENSBTAG00000019929`",4.87386474581258,7.55565488943886
"vitro","`ENSBTAG00000014906-ENSBTAG00000015910`",4.87240254144361,9.30112547883803
"vitro","`ENSBTAG00000032808-ENSBTAG00000004211`",4.85989135988954,9.99984398616
"vitro","`ENSBTAG00000039355-ENSBTAG00000011515`",4.84002272116172,7.09206988787548
"vitro","`ENSBTAG00000021048-ENSBTAG00000020704`",4.82593845759954,6.92857613486622
"vitro","`ENSBTAG00000019839-ENSBTAG00000019929`",4.82262128876371,14.7999120257251
"vitro","`ENSBTAG00000020457-ENSBTAG00000018035`",4.8137293061822,6.61948621415202
"vitro","`ENSBTAG00000004924-ENSBTAG00000039292`",4.8079702030676,4.92083423053153
"vitro","`ENSBTAG00000012057-ENSBTAG00000005072`",4.7732317901291,9.12201003754441
"vitro","`ENSBTAG00000039355-ENSBTAG00000011578`",4.76918119954022,8.82952332086846
"vitro","`ENSBTAG00000008611-ENSBTAG00000011761`",4.7598777218009,5.58584408880893
"vitro","`ENSBTAG00000020221-ENSBTAG00000016999`",4.74551104859096,5.51340621761228
"vitro","`ENSBTAG00000008817-ENSBTAG00000017266`",4.72997321329133,5.06562294147386
"vitro","`ENSBTAG00000020221-ENSBTAG00000012314`",4.71758618685899,6.58695701513641
"vitro","`ENSBTAG00000015801-ENSBTAG00000015510`",4.7134919165464,7.59440296587144
"vitro","`ENSBTAG00000005339-ENSBTAG00000007213`",4.69554335184928,5.976152510239
"vitro","`ENSBTAG00000019964-ENSBTAG00000001694`",4.69227338811279,5.31372098148688
"vitro","`ENSBTAG00000016043-ENSBTAG00000018035`",4.68951272716371,6.5676739697553
"vitro","`ENSBTAG00000005260-ENSBTAG00000013745`",4.6436736684626,7.19125367677946
"vitro","`ENSBTAG00000001141-ENSBTAG00000015910`",4.64231041425046,6.18574749662498
"vitro","`ENSBTAG00000020645-ENSBTAG00000017489`",4.63639547110205,9.470429196784
"vitro","`ENSBTAG00000014051-ENSBTAG00000013745`",4.62497426275407,9.04967318111214
"vitro","`ENSBTAG00000001141-ENSBTAG00000022799`",4.6224478459989,7.86622843918534
"vitro","`ENSBTAG00000018773-ENSBTAG00000019866`",4.6064216535013,7.21346477825483
"vitro","`ENSBTAG00000044040-ENSBTAG00000002804`",4.58520049658063,8.34223079157529
"vitro","`ENSBTAG00000011412-ENSBTAG00000015910`",4.56828493712387,6.89389394443416
"vitro","`ENSBTAG00000034077-ENSBTAG00000023731`",4.55312928518548,8.81023982484378
"vitro","`ENSBTAG00000020194-ENSBTAG00000015457`",4.54933184483653,4.28599520302458
"vitro","`ENSBTAG00000016800-ENSBTAG00000000782`",4.54348850171555,4.96769026358643
"vitro","`ENSBTAG00000014583-ENSBTAG00000011628`",4.52882741110541,4.95337342481136
"vitro","`ENSBTAG00000032808-ENSBTAG00000007498`",4.52553830304515,6.26277409974137
"vitro","`ENSBTAG00000024394-ENSBTAG00000019866`",4.50475838916974,4.995729158433
"vitro","`ENSBTAG00000007737-ENSBTAG00000018035`",4.50349999587883,11.4762073454478
"vitro","`ENSBTAG00000005359-ENSBTAG00000024269`",4.47271103375092,6.47152732985568
"vitro","`ENSBTAG00000017866-ENSBTAG00000006240`",4.4634251901043,6.70008031197179
"vitro","`ENSBTAG00000008300-ENSBTAG00000004356`",4.45205013738927,8.16744205253164
"vitro","`ENSBTAG00000007737-ENSBTAG00000045633`",4.45005577265083,6.173871537498
"vitro","`ENSBTAG00000004777-ENSBTAG00000017753`",4.44827657843593,6.80029225294554
"vitro","`ENSBTAG00000013760-ENSBTAG00000015910`",4.44469190419778,5.84940335662186
"vitro","`ENSBTAG00000013760-ENSBTAG00000019289`",4.43598183562606,6.59080801219407
"vitro","`ENSBTAG00000005260-ENSBTAG00000015910`",4.43112985304599,7.42157988661362
"vitro","`ENSBTAG00000011851-ENSBTAG00000015510`",4.42428776122118,7.06580730193508
"vitro","`ENSBTAG00000023907-ENSBTAG00000020644`",4.42349220280491,7.52175958214055
"vitro","`ENSBTAG00000000130-ENSBTAG00000014357`",4.40580509610677,6.37957338036984
"vitro","`ENSBTAG00000006686-ENSBTAG00000015910`",4.39228762679213,6.15410835914162
"vitro","`ENSBTAG00000002317-ENSBTAG00000012119`",4.39071980155884,5.03951204598135
"vitro","`ENSBTAG00000037533-ENSBTAG00000005397`",4.38913459138111,4.40732251325743
"vitro","`ENSBTAG00000013688-ENSBTAG00000019866`",4.38716692695589,4.44400817522298
"vitro","`ENSBTAG00000001941-ENSBTAG00000006161`",4.37377513525222,6.691373647681
"vitro","`ENSBTAG00000006045-ENSBTAG00000034385`",4.34288143855317,5.58519001883002
"vitro","`ENSBTAG00000008027-ENSBTAG00000019903`",4.32692284545537,7.21149586059608
"vitro","`ENSBTAG00000005260-ENSBTAG00000013755`",4.32667590119251,6.53084882045948
"vitro","`ENSBTAG00000007737-ENSBTAG00000012314`",4.31648439650338,5.62122969541491
"vitro","`ENSBTAG00000020457-ENSBTAG00000015910`",4.29637065663167,6.74167678165153
"vitro","`ENSBTAG00000002411-ENSBTAG00000007421`",4.28877690978542,4.57982350754827
"vitro","`ENSBTAG00000007244-ENSBTAG00000011741`",4.26197771949207,5.97803744135837
"vitro","`ENSBTAG00000012829-ENSBTAG00000016933`",4.25650918499557,9.45907231868577
"vitro","`ENSBTAG00000009393-ENSBTAG00000039292`",4.25024035647048,5.78700188871479
"vitro","`ENSBTAG00000007273-ENSBTAG00000011738`",4.24338353137104,6.1621707591885
"vitro","`ENSBTAG00000017549-ENSBTAG00000008197`",4.23676167044024,10.6790437596614
"vitro","`ENSBTAG00000002080-ENSBTAG00000022799`",4.22048743814061,5.83597124774855
"vitro","`ENSBTAG00000011585-ENSBTAG00000015046`",4.21995969610562,7.87778579868379
"vitro","`ENSBTAG00000020457-ENSBTAG00000019929`",4.20351010278443,7.17313523828041
"vitro","`ENSBTAG00000021048-ENSBTAG00000002144`",4.20250191365527,9.46117263452475
"vitro","`ENSBTAG00000025644-ENSBTAG00000011425`",4.19697492285055,6.14868212539883
"vitro","`ENSBTAG00000010303-ENSBTAG00000020892`",4.19225285417761,5.42035462103957
"vitro","`ENSBTAG00000012004-ENSBTAG00000013755`",4.18344895855374,8.07032440047664
"vitro","`ENSBTAG00000017866-ENSBTAG00000014031`",4.17840198513665,6.8921779287663
"vitro","`ENSBTAG00000017753-ENSBTAG00000015996`",4.16492741346117,7.01851808241178
"vitro","`ENSBTAG00000013162-ENSBTAG00000002144`",4.15079486241623,5.02844040312302
"vitro","`ENSBTAG00000020457-ENSBTAG00000008997`",4.14385439161449,7.04269298765936
"vitro","`ENSBTAG00000016208-ENSBTAG00000014944`",4.14042287952566,4.34332274077214
"vitro","`ENSBTAG00000018343-ENSBTAG00000020736`",4.13597980743687,4.0453327877944
"vitro","`ENSBTAG00000005581-ENSBTAG00000014162`",4.13592328866836,9.80033906575158
"vitro","`ENSBTAG00000007737-ENSBTAG00000014064`",4.12025894769533,5.40934981218315
"vitro","`ENSBTAG00000005691-ENSBTAG00000027464`",4.11953271039404,8.61708400676324
"vitro","`ENSBTAG00000005077-ENSBTAG00000003255`",4.11505687856343,12.6517917202977
"vitro","`ENSBTAG00000005359-ENSBTAG00000011909`",4.11455349339637,5.21101076136352
"vitro","`ENSBTAG00000023907-ENSBTAG00000015996`",4.10337318855779,5.44226425838316
"vitro","`ENSBTAG00000012228-ENSBTAG00000014966`",4.10069751216905,8.63838235958185
"vitro","`ENSBTAG00000014218-ENSBTAG00000011761`",4.08791380168875,4.13088916616099
"vitro","`ENSBTAG00000014113-ENSBTAG00000014162`",4.06824698749674,5.7113771384683
"vitro","`ENSBTAG00000008027-ENSBTAG00000016948`",4.0491491129265,5.49469065835312
"vitro","`ENSBTAG00000009476-ENSBTAG00000015910`",4.03449372194061,7.46835291801673
"vitro","`ENSBTAG00000002006-ENSBTAG00000003585`",4.01602661111651,3.45951817081907
"vitro","`ENSBTAG00000007737-ENSBTAG00000006240`",4.00830621034808,5.75735727978717
"vitro","`ENSBTAG00000013472-ENSBTAG00000011578`",4.00356853203936,10.3934324944872
"vitro","`ENSBTAG00000000575-ENSBTAG00000012897`",4.00209331734947,7.17925124459013
"vitro","`ENSBTAG00000020194-ENSBTAG00000014064`",4.00040547367395,3.36038020196978
"vitro","`ENSBTAG00000011966-ENSBTAG00000019929`",3.99883613517953,6.77673021159554
"vitro","`ENSBTAG00000011851-ENSBTAG00000000782`",3.99792744736275,7.0302867694584
"vitro","`ENSBTAG00000013103-ENSBTAG00000004885`",3.99667440657917,5.29918853607239
"vitro","`ENSBTAG00000003585-ENSBTAG00000007213`",3.98451043166361,8.36490349980247
"vitro","`ENSBTAG00000006989-ENSBTAG00000011971`",3.97557599652836,7.44552633302576
"vitro","`ENSBTAG00000011412-ENSBTAG00000012897`",3.96610136925689,7.17847367139544
"vitro","`ENSBTAG00000007897-ENSBTAG00000017489`",3.96520413891654,9.58307452942652
"vitro","`ENSBTAG00000005898-ENSBTAG00000017851`",3.9642292332837,7.55729809794988
"vitro","`ENSBTAG00000009812-ENSBTAG00000039292`",3.95152673381698,4.49846757046599
"vitro","`ENSBTAG00000038735-ENSBTAG00000017489`",3.94937135537878,8.03811873019883
"vitro","`ENSBTAG00000009476-ENSBTAG00000001462`",3.94919901487504,6.14774919691591
"vitro","`ENSBTAG00000010123-ENSBTAG00000014611`",3.94585657090488,5.5857189360455
"vitro","`ENSBTAG00000013472-ENSBTAG00000019289`",3.93936739392819,5.50317955733349
"vitro","`ENSBTAG00000006685-ENSBTAG00000005215`",3.93633563406992,5.9015057899947
"vitro","`ENSBTAG00000022635-ENSBTAG00000018169`",3.93348844195205,5.30856429468355
"vitro","`ENSBTAG00000025471-ENSBTAG00000010497`",3.93236263943368,3.8888899169367
"vitro","`ENSBTAG00000011802-ENSBTAG00000015910`",3.93205284239365,8.38007687822052
"vitro","`ENSBTAG00000017746-ENSBTAG00000009851`",3.93059685431997,6.79610451045193
"vitro","`ENSBTAG00000013155-ENSBTAG00000008165`",3.92480669149401,6.6155410433131
"vitro","`ENSBTAG00000014906-ENSBTAG00000011515`",3.916561018134,6.41594349384373
"vitro","`ENSBTAG00000005077-ENSBTAG00000018424`",3.9140065069409,8.18681904532611
"vitro","`ENSBTAG00000008300-ENSBTAG00000013125`",3.91300594697546,6.00144638281892
"vitro","`ENSBTAG00000005077-ENSBTAG00000009851`",3.90159180118503,4.4763858110484
"vitro","`ENSBTAG00000011412-ENSBTAG00000019929`",3.89968246635981,5.36478642656076
"vitro","`ENSBTAG00000019866-ENSBTAG00000000782`",3.89573887265816,7.27419995838292
"vitro","`ENSBTAG00000002317-ENSBTAG00000014966`",3.89525062613002,6.06439021995361
"vitro","`ENSBTAG00000013103-ENSBTAG00000013745`",3.88727279989949,6.67805220717799
"vitro","`ENSBTAG00000019964-ENSBTAG00000005828`",3.88505470949768,8.51997307074388
"vitro","`ENSBTAG00000021333-ENSBTAG00000017801`",3.8804296955299,4.5980366361307
"vitro","`ENSBTAG00000015789-ENSBTAG00000011628`",3.84252952475803,3.82121838863003
"vitro","`ENSBTAG00000038735-ENSBTAG00000020704`",3.84108164048918,3.9611973839852
"vitro","`ENSBTAG00000000575-ENSBTAG00000026676`",3.83000200748814,4.56440108571254
"vitro","`ENSBTAG00000009357-ENSBTAG00000011154`",3.82949160469348,5.39617687791529
"vitro","`ENSBTAG00000016208-ENSBTAG00000015910`",3.82159066330419,4.1281814942115
"vitro","`ENSBTAG00000019716-ENSBTAG00000039292`",3.81614205740364,5.29389015477193
"vitro","`ENSBTAG00000013472-ENSBTAG00000015910`",3.79152189273193,4.42390001170949
"vitro","`ENSBTAG00000002278-ENSBTAG00000013745`",3.78908837153495,8.64915267078772
"vitro","`ENSBTAG00000013066-ENSBTAG00000021527`",3.78789568459778,4.31869133834185
"vitro","`ENSBTAG00000017280-ENSBTAG00000017060`",3.78144686221969,5.52198956469277
"vitro","`ENSBTAG00000005691-ENSBTAG00000014357`",3.77581058151349,5.15365448753692
"vitro","`ENSBTAG00000009476-ENSBTAG00000000782`",3.77510121364025,7.32959238455639
"vitro","`ENSBTAG00000014113-ENSBTAG00000003220`",3.73568677260415,6.27748648790903
"vitro","`ENSBTAG00000005250-ENSBTAG00000006240`",3.73442236955032,4.98121162165386
"vitro","`ENSBTAG00000010161-ENSBTAG00000039292`",3.73088665995282,4.01957185508887
"vitro","`ENSBTAG00000005359-ENSBTAG00000008997`",3.73037123478627,4.4989012904531
"vitro","`ENSBTAG00000015991-ENSBTAG00000018993`",3.7290455572754,6.28079387090697
"vitro","`ENSBTAG00000021048-ENSBTAG00000017489`",3.72534006490484,6.22634364027781
"vitro","`ENSBTAG00000011851-ENSBTAG00000013118`",3.7213526876408,10.5237777261612
"vitro","`ENSBTAG00000000073-ENSBTAG00000012314`",3.72015572157169,5.37423349510603
"vitro","`ENSBTAG00000006655-ENSBTAG00000003255`",3.71801030642948,7.12080921220069
"vitro","`ENSBTAG00000007897-ENSBTAG00000019903`",3.71710606610447,6.47025760107667
"vitro","`ENSBTAG00000005339-ENSBTAG00000019866`",3.71375113467935,5.2630680588685
"vitro","`ENSBTAG00000003806-ENSBTAG00000016455`",3.7066655386952,4.39050144170964
"vitro","`ENSBTAG00000020221-ENSBTAG00000006835`",3.68355648800648,6.39540737746732
"vitro","`ENSBTAG00000021048-ENSBTAG00000019903`",3.67670923406188,7.25427185446643
"vitro","`ENSBTAG00000002880-ENSBTAG00000013755`",3.67095306378899,4.46462997928398
"vitro","`ENSBTAG00000010179-ENSBTAG00000026676`",3.66643874079193,7.2176103424503
"vitro","`ENSBTAG00000005339-ENSBTAG00000015996`",3.66472333733057,4.62343931569607
"vitro","`ENSBTAG00000013155-ENSBTAG00000015910`",3.66463609182867,3.50349979881521
"vitro","`ENSBTAG00000017246-ENSBTAG00000002144`",3.65854002779438,4.98148390663043
"vitro","`ENSBTAG00000005339-ENSBTAG00000011971`",3.64925437407936,5.0022214966804
"vitro","`ENSBTAG00000010161-ENSBTAG00000014162`",3.63207670327943,5.34765423673396
"vitro","`ENSBTAG00000004777-ENSBTAG00000014420`",3.62803370777051,5.47532730127891
"vitro","`ENSBTAG00000015089-ENSBTAG00000023144`",3.62795339542809,6.2307420834963
"vitro","`ENSBTAG00000032436-ENSBTAG00000007909`",3.62724918201812,4.61971901544249
"vitro","`ENSBTAG00000025775-ENSBTAG00000017981`",3.62388100839958,5.4230524261018
"vitro","`ENSBTAG00000012004-ENSBTAG00000015910`",3.62357676434705,8.73525599488714
"vitro","`ENSBTAG00000010138-ENSBTAG00000011971`",3.62265971609649,4.931156879891
"vitro","`ENSBTAG00000019866-ENSBTAG00000009851`",3.61605148621722,4.31228974479336
"vitro","`ENSBTAG00000013103-ENSBTAG00000010682`",3.61560731507931,5.00544243600799
"vitro","`ENSBTAG00000005077-ENSBTAG00000014798`",3.60782986931584,5.96536098252219
"vitro","`ENSBTAG00000011757-ENSBTAG00000022799`",3.58992849331894,4.40403957453423
"vitro","`ENSBTAG00000011291-ENSBTAG00000006732`",3.58255024236301,5.60754606613822
"vitro","`ENSBTAG00000020342-ENSBTAG00000007047`",3.57584872463184,5.42119638930191
"vitro","`ENSBTAG00000017312-ENSBTAG00000017136`",3.57194798558203,5.90057796367494
"vitro","`ENSBTAG00000012109-ENSBTAG00000013674`",3.56709480344497,5.8446565789448
"vitro","`ENSBTAG00000013688-ENSBTAG00000011971`",3.56290620870537,4.51789384325557
"vitro","`ENSBTAG00000005710-ENSBTAG00000011425`",3.56234887352827,7.28827900306993
"vitro","`ENSBTAG00000001601-ENSBTAG00000011578`",3.5560387615923,6.28765563511344
"vitro","`ENSBTAG00000005339-ENSBTAG00000003166`",3.55361656794936,5.22389900462491
"vitro","`ENSBTAG00000005628-ENSBTAG00000008852`",3.53607419806765,6.78930547239757
"vitro","`ENSBTAG00000010312-ENSBTAG00000017753`",3.53444953114602,6.88654972516776
"vitro","`ENSBTAG00000020457-ENSBTAG00000013755`",3.53091963247168,5.29234874750953
"vitro","`ENSBTAG00000040333-ENSBTAG00000013290`",3.51779702559675,4.75594433356479
"vitro","`ENSBTAG00000017753-ENSBTAG00000004334`",3.49568529705373,7.17383824268292
"vitro","`ENSBTAG00000020221-ENSBTAG00000002107`",3.49283052204746,7.05366619488598
"vitro","`ENSBTAG00000010963-ENSBTAG00000009024`",3.4856022898594,6.00879740699792
"vitro","`ENSBTAG00000037778-ENSBTAG00000039292`",3.45814367352171,4.07294889919458
"vitro","`ENSBTAG00000011082-ENSBTAG00000021527`",3.45538956221271,4.99236692975464
"vitro","`ENSBTAG00000014575-ENSBTAG00000015910`",3.45281542964617,3.97481733401376
"vitro","`ENSBTAG00000012444-ENSBTAG00000015127`",3.45084366286502,8.37774797573366
"vitro","`ENSBTAG00000010963-ENSBTAG00000002414`",3.44717790221347,6.10144711798297
"vitro","`ENSBTAG00000010738-ENSBTAG00000001338`",3.44499550245347,4.06219447842726
"vitro","`ENSBTAG00000005359-ENSBTAG00000018035`",3.44295804731921,4.55239355010858
"vitro","`ENSBTAG00000007708-ENSBTAG00000046199`",3.40197852497134,7.35196345315031
"vitro","`ENSBTAG00000011238-ENSBTAG00000002951`",3.39723599145422,7.66796024740553
"vitro","`ENSBTAG00000020194-ENSBTAG00000011628`",3.37747444480738,5.07278013690204
"vitro","`ENSBTAG00000018347-ENSBTAG00000013205`",3.36644137744926,5.41609116398803
"vitro","`ENSBTAG00000001745-ENSBTAG00000015910`",3.36620716685069,5.12798564094566
"vitro","`ENSBTAG00000013103-ENSBTAG00000019289`",3.36509177069768,4.03434174881516
"vitro","`ENSBTAG00000003658-ENSBTAG00000015910`",3.36102081437699,4.26425323643962
"vitro","`ENSBTAG00000010963-ENSBTAG00000003255`",3.36089610485936,5.16097984993065
"vitro","`ENSBTAG00000016208-ENSBTAG00000015127`",3.34924626608631,4.07674163661309
"vitro","`ENSBTAG00000015089-ENSBTAG00000002135`",3.34740024562842,8.68161077255513
"vitro","`ENSBTAG00000019910-ENSBTAG00000015510`",3.34684487510699,4.91540050082259
"vitro","`ENSBTAG00000008027-ENSBTAG00000017489`",3.3444660436869,4.86537034935414
"vitro","`ENSBTAG00000002006-ENSBTAG00000015127`",3.33265228196943,6.41501487592066
"vitro","`ENSBTAG00000017122-ENSBTAG00000019289`",3.3314557335197,5.50070131581555
"vitro","`ENSBTAG00000008300-ENSBTAG00000019929`",3.33017009249327,4.07386200160621
"vitro","`ENSBTAG00000001941-ENSBTAG00000011409`",3.32958402987164,4.98301735168728
"vitro","`ENSBTAG00000021811-ENSBTAG00000020148`",3.32940780769015,5.70691967205389
"vitro","`ENSBTAG00000008300-ENSBTAG00000018993`",3.32498283210009,5.6478054240706
"vitro","`ENSBTAG00000007740-ENSBTAG00000013320`",3.32292196158274,5.65965112996643
"vitro","`ENSBTAG00000017246-ENSBTAG00000006378`",3.30320091781607,4.2859748921954
"vitro","`ENSBTAG00000016208-ENSBTAG00000038141`",3.30122594595414,2.85762392572346
"vitro","`ENSBTAG00000025644-ENSBTAG00000020667`",3.29860322005257,2.87645497004572
"vitro","`ENSBTAG00000006655-ENSBTAG00000008218`",3.2934810251224,5.15743886378698
"vitro","`ENSBTAG00000018134-ENSBTAG00000011628`",3.28509627097212,5.77042153590585
"vitro","`ENSBTAG00000007897-ENSBTAG00000017981`",3.2800702488969,7.68847428196321
"vitro","`ENSBTAG00000018255-ENSBTAG00000015127`",3.27994998950277,5.04685956336217
"vitro","`ENSBTAG00000005339-ENSBTAG00000001694`",3.27944003455603,9.15661103071608
"vitro","`ENSBTAG00000006295-ENSBTAG00000017489`",3.26813895773766,5.43715935313869
"vitro","`ENSBTAG00000005198-ENSBTAG00000014064`",3.26429986047582,7.42844981898431
"vitro","`ENSBTAG00000003176-ENSBTAG00000015910`",3.25908918800376,3.58025858404225
"vitro","`ENSBTAG00000012210-ENSBTAG00000039292`",3.24966973344994,5.45387905571446
"vitro","`ENSBTAG00000017246-ENSBTAG00000018035`",3.2481264980313,5.31424602095703
"vitro","`ENSBTAG00000022514-ENSBTAG00000013730`",3.2441189189338,7.526776930269
"vitro","`ENSBTAG00000007375-ENSBTAG00000015228`",3.23662977679269,5.93855310922522
"vitro","`ENSBTAG00000007740-ENSBTAG00000011154`",3.22255491798145,5.07238866879581
"vitro","`ENSBTAG00000005077-ENSBTAG00000039292`",3.21278167766183,4.60658415099557
"vitro","`ENSBTAG00000020638-ENSBTAG00000000782`",3.20746711785864,5.8277822630511
"vitro","`ENSBTAG00000020457-ENSBTAG00000024269`",3.20522663898083,5.52812306860518
"vitro","`ENSBTAG00000008121-ENSBTAG00000011761`",3.20219444710776,4.78726058240848
"vitro","`ENSBTAG00000000793-ENSBTAG00000019569`",3.18535190338954,4.13470766996097
"vitro","`ENSBTAG00000012004-ENSBTAG00000024269`",3.17157103587434,7.02031350401141
"vitro","`ENSBTAG00000003658-ENSBTAG00000000736`",3.16284804405891,3.77168988239254
"vitro","`ENSBTAG00000020457-ENSBTAG00000013222`",3.15824589260589,4.7474985302054
"vitro","`ENSBTAG00000006538-ENSBTAG00000017981`",3.15727810729777,5.31866887534229
"vitro","`ENSBTAG00000022120-ENSBTAG00000008165`",3.15322269251626,4.98138119900611
"vitro","`ENSBTAG00000001244-ENSBTAG00000017060`",3.15151234756206,6.72093051917252
"vitro","`ENSBTAG00000019336-ENSBTAG00000002107`",3.13131061241774,3.7400398161315
"vitro","`ENSBTAG00000001725-ENSBTAG00000039292`",3.12956543514827,4.93195449474824
"vitro","`ENSBTAG00000013003-ENSBTAG00000012687`",3.12851352045988,5.11327529118626
"vitro","`ENSBTAG00000000793-ENSBTAG00000018169`",3.12436510657415,5.88243644744914
"vitro","`ENSBTAG00000017753-ENSBTAG00000039292`",3.12262627718305,5.82441196405624
"vitro","`ENSBTAG00000017060-ENSBTAG00000010303`",3.12068486679542,6.38952226347413
"vitro","`ENSBTAG00000037533-ENSBTAG00000037735`",3.11832288877673,4.0288072708467
"vitro","`ENSBTAG00000021302-ENSBTAG00000019289`",3.11266126167155,2.68248079297631
"vitro","`ENSBTAG00000001492-ENSBTAG00000007213`",3.10669672120996,4.66570481743703
"vitro","`ENSBTAG00000000575-ENSBTAG00000015296`",3.1060920475139,3.79187654922278
"vitro","`ENSBTAG00000015177-ENSBTAG00000010249`",3.09392033897007,3.88976559089217
"vitro","`ENSBTAG00000007148-ENSBTAG00000020199`",3.09356848550309,4.24736473850469
"vitro","`ENSBTAG00000011802-ENSBTAG00000017266`",3.07760824646954,3.0920768816748
"vitro","`ENSBTAG00000005108-ENSBTAG00000004356`",3.07549741697165,7.71773223564863
"vitro","`ENSBTAG00000020342-ENSBTAG00000035084`",3.07526040607971,3.7252775206875
"vitro","`ENSBTAG00000017753-ENSBTAG00000014420`",3.06830091594847,4.72256865130746
"vitro","`ENSBTAG00000016515-ENSBTAG00000006359`",3.06544944230794,6.20971432983449
"vitro","`ENSBTAG00000010138-ENSBTAG00000019866`",3.05614138054066,2.76036474847662
"vitro","`ENSBTAG00000011851-ENSBTAG00000019866`",3.05384213170946,5.44784506864246
"vitro","`ENSBTAG00000008300-ENSBTAG00000017489`",3.05080210470695,5.08919836775382
"vitro","`ENSBTAG00000012088-ENSBTAG00000015910`",3.04929521402312,4.00496407805295
"vitro","`ENSBTAG00000011757-ENSBTAG00000007909`",3.04817026711349,3.7377814539504
"vitro","`ENSBTAG00000005108-ENSBTAG00000015996`",3.04761697243383,4.46099372049894
"vitro","`ENSBTAG00000025775-ENSBTAG00000017489`",3.04490510985496,4.26537283963549
"vitro","`ENSBTAG00000009972-ENSBTAG00000018105`",3.03876142211802,3.95517897851708
"vitro","`ENSBTAG00000013191-ENSBTAG00000018052`",3.02535778047459,3.76433895006671
"vitro","`ENSBTAG00000000130-ENSBTAG00000004211`",3.02051893086306,4.50712657135302
"vitro","`ENSBTAG00000011412-ENSBTAG00000018169`",3.01808870651672,5.56006409316645
"vitro","`ENSBTAG00000012829-ENSBTAG00000017745`",3.01419076574719,4.46524035588551
"vitro","`ENSBTAG00000008300-ENSBTAG00000011578`",3.00515256447124,2.64167449835969
"vitro","`ENSBTAG00000007897-ENSBTAG00000002144`",3.00383169087126,3.05511426244758
"vitro","`ENSBTAG00000007740-ENSBTAG00000017266`",3.0021458669024,3.9581788357363
"vitro","`ENSBTAG00000002006-ENSBTAG00000014269`",3.00098789119148,4.94453844956653
"vitro","`ENSBTAG00000011851-ENSBTAG00000018572`",2.9994677348317,6.97917501234507
"vitro","`ENSBTAG00000019269-ENSBTAG00000019289`",2.99905668538038,6.61291987149254
"vitro","`ENSBTAG00000004129-ENSBTAG00000014798`",2.99321688036164,6.1068163413813
"vitro","`ENSBTAG00000017582-ENSBTAG00000002699`",2.99191707768672,4.60958180384282
"vitro","`ENSBTAG00000025410-ENSBTAG00000018343`",2.98771308926903,3.64130591549264
"vitro","`ENSBTAG00000005691-ENSBTAG00000010543`",2.97337271264662,4.76189845169395
"vitro","`ENSBTAG00000011966-ENSBTAG00000015910`",2.97302088656805,4.88939524976923
"vitro","`ENSBTAG00000007740-ENSBTAG00000015127`",2.9649150728676,8.36551768714917
"vitro","`ENSBTAG00000012228-ENSBTAG00000010146`",2.95638780598576,4.26446093866348
"vitro","`ENSBTAG00000007153-ENSBTAG00000012219`",2.953863848152,3.32323191892805
"vitro","`ENSBTAG00000007897-ENSBTAG00000020704`",2.94956410425466,3.27624693707886
"vitro","`ENSBTAG00000014051-ENSBTAG00000020148`",2.94864343136965,3.77439257617355
"vitro","`ENSBTAG00000006295-ENSBTAG00000017981`",2.94542607103972,3.9374259350009
"vitro","`ENSBTAG00000014465-ENSBTAG00000013755`",2.94532761739688,5.76318872413164
"vitro","`ENSBTAG00000019993-ENSBTAG00000027516`",2.94435600089614,4.33767750004282
"vitro","`ENSBTAG00000001492-ENSBTAG00000003585`",2.94173428022585,4.86097488179597
"vitro","`ENSBTAG00000012004-ENSBTAG00000008997`",2.94006534329675,5.92413967472297
"vitro","`ENSBTAG00000018200-ENSBTAG00000020892`",2.93193702971093,3.78230041110551
"vitro","`ENSBTAG00000018103-ENSBTAG00000014420`",2.93076123094153,5.12270190689378
"vitro","`ENSBTAG00000001745-ENSBTAG00000019289`",2.93045882254165,4.89514197446975
"vitro","`ENSBTAG00000047567-ENSBTAG00000001694`",2.91225142117495,3.82186468973538
"vitro","`ENSBTAG00000002278-ENSBTAG00000015910`",2.90744760669155,4.50590456376516
"vitro","`ENSBTAG00000014583-ENSBTAG00000004337`",2.89981120128047,4.67976662413851
"vitro","`ENSBTAG00000013103-ENSBTAG00000001462`",2.89799936811396,4.26074207375809
"vitro","`ENSBTAG00000010303-ENSBTAG00000011628`",2.89211083704116,4.11799969712347
"vitro","`ENSBTAG00000007773-ENSBTAG00000003418`",2.89145504158494,5.00560530930665
"vitro","`ENSBTAG00000008096-ENSBTAG00000019733`",2.87447396435441,4.72066936265168
"vitro","`ENSBTAG00000005581-ENSBTAG00000039292`",2.86979207849396,3.61684512543477
"vitro","`ENSBTAG00000013901-ENSBTAG00000019153`",2.85932115351353,5.32711244013819
"vitro","`ENSBTAG00000007740-ENSBTAG00000007909`",2.85050158153741,4.38624060923138
"vitro","`ENSBTAG00000007737-ENSBTAG00000011909`",2.84294203397565,4.39183571828991
"vitro","`ENSBTAG00000007737-ENSBTAG00000006161`",2.83117412487739,3.27233427777797
"vitro","`ENSBTAG00000020194-ENSBTAG00000010543`",2.83066177874378,6.40417058556089
"vitro","`ENSBTAG00000008026-ENSBTAG00000047138`",2.82894685080389,5.81365120133787
"vitro","`ENSBTAG00000004226-ENSBTAG00000026278`",2.82832483939818,4.74511466367322
"vitro","`ENSBTAG00000000073-ENSBTAG00000000736`",2.81381916717276,6.41185202410885
"vitro","`ENSBTAG00000020457-ENSBTAG00000001060`",2.80239115725699,4.36986474737142
"vitro","`ENSBTAG00000013472-ENSBTAG00000008165`",2.8010405937529,3.69514032859123
"vitro","`ENSBTAG00000047567-ENSBTAG00000000570`",2.79571434474739,2.79086045877063
"vitro","`ENSBTAG00000017455-ENSBTAG00000015910`",2.79498657174074,4.07845252775572
"vitro","`ENSBTAG00000006276-ENSBTAG00000047138`",2.79287374378634,4.74355008409884
"vitro","`ENSBTAG00000005339-ENSBTAG00000000570`",2.78717897760232,4.27119511047513
"vitro","`ENSBTAG00000020645-ENSBTAG00000014798`",2.77192669486445,5.51334782008341
"vitro","`ENSBTAG00000000575-ENSBTAG00000013745`",2.76920169802722,4.28849812067219
"vitro","`ENSBTAG00000015150-ENSBTAG00000017745`",2.7683349945359,3.51201252826712
"vitro","`ENSBTAG00000000575-ENSBTAG00000015127`",2.76089265309592,3.47910571167921
"vitro","`ENSBTAG00000008452-ENSBTAG00000016071`",2.75932699298905,4.38771942402838
"vitro","`ENSBTAG00000014127-ENSBTAG00000020319`",2.75370087561372,3.10629026422398
"vitro","`ENSBTAG00000001941-ENSBTAG00000014966`",2.74109657346289,4.47465628920993
"vitro","`ENSBTAG00000013201-ENSBTAG00000020319`",2.74011369118018,3.80488592793054
"vitro","`ENSBTAG00000009812-ENSBTAG00000003220`",2.72820213020636,3.19688913098128
"vitro","`ENSBTAG00000025471-ENSBTAG00000020054`",2.72706148818233,3.51299866856486
"vitro","`ENSBTAG00000006538-ENSBTAG00000016948`",2.72142835863153,2.51494648998455
"vitro","`ENSBTAG00000000073-ENSBTAG00000018517`",2.7102822590823,5.62234692552163
"vitro","`ENSBTAG00000011851-ENSBTAG00000004917`",2.70684169703824,4.0620851085874
"vitro","`ENSBTAG00000032436-ENSBTAG00000006240`",2.70610372410909,5.5143175728915
"vitro","`ENSBTAG00000007737-ENSBTAG00000002144`",2.69354147544793,2.71364112884582
"vitro","`ENSBTAG00000005108-ENSBTAG00000011154`",2.68978779724785,7.18578837953092
"vitro","`ENSBTAG00000015362-ENSBTAG00000002081`",2.6885442911283,5.44828778646117
"vitro","`ENSBTAG00000007446-ENSBTAG00000015591`",2.68407143364294,3.74554630954542
"vitro","`ENSBTAG00000005198-ENSBTAG00000011628`",2.68152617759485,3.09798399590936
"vitro","`ENSBTAG00000008121-ENSBTAG00000002606`",2.67624752901141,3.90147468027777
"vitro","`ENSBTAG00000004129-ENSBTAG00000014162`",2.66157004006065,3.97445740305547
"vitro","`ENSBTAG00000002441-ENSBTAG00000039292`",2.65747144259012,4.52129213165405
"vitro","`ENSBTAG00000017246-ENSBTAG00000007909`",2.65698652849879,7.24982329486405
"vitro","`ENSBTAG00000014051-ENSBTAG00000015910`",2.6458116552069,4.71010187538191
"vitro","`ENSBTAG00000007773-ENSBTAG00000017060`",2.64450101021608,4.33018496406198
"vitro","`ENSBTAG00000014127-ENSBTAG00000039652`",2.63920776756094,2.097968561451
"vitro","`ENSBTAG00000005691-ENSBTAG00000014064`",2.63910840674289,4.88457150834171
"vitro","`ENSBTAG00000011851-ENSBTAG00000007338`",2.63133528098639,6.06773210486144
"vitro","`ENSBTAG00000038045-ENSBTAG00000018572`",2.63085356130788,3.31019889681143
"vitro","`ENSBTAG00000017246-ENSBTAG00000006240`",2.62363670216119,5.0410029317034
"vitro","`ENSBTAG00000017122-ENSBTAG00000000782`",2.61291343465406,3.05167825322584
"vitro","`ENSBTAG00000017455-ENSBTAG00000017266`",2.61079128176972,4.3454803030211
"vitro","`ENSBTAG00000011851-ENSBTAG00000010647`",2.60896946923596,6.80336531397216
"vitro","`ENSBTAG00000014583-ENSBTAG00000011515`",2.59050362390904,2.01321881786211
"vitro","`ENSBTAG00000014906-ENSBTAG00000011578`",2.58999042039944,3.50463937014151
"vitro","`ENSBTAG00000015991-ENSBTAG00000000253`",2.58242031330642,2.31576345816996
"vitro","`ENSBTAG00000025644-ENSBTAG00000012100`",2.57912630760131,4.18675303476648
"vitro","`ENSBTAG00000009476-ENSBTAG00000011971`",2.56006752561541,5.83455662179715
"vitro","`ENSBTAG00000005111-ENSBTAG00000002081`",2.54236344524106,4.37147472476801
"vitro","`ENSBTAG00000012849-ENSBTAG00000015910`",2.54157094868532,5.69911011795774
"vitro","`ENSBTAG00000002006-ENSBTAG00000005903`",2.53979290054703,2.36769940616736
"vitro","`ENSBTAG00000034077-ENSBTAG00000017846`",2.53922894974218,2.97979089742938
"vitro","`ENSBTAG00000014921-ENSBTAG00000018474`",2.53703199265771,3.23062986111383
"vitro","`ENSBTAG00000009615-ENSBTAG00000013290`",2.53246154581813,6.06240952220579
"vitro","`ENSBTAG00000012004-ENSBTAG00000018035`",2.51991739913938,6.80247178427316
"vitro","`ENSBTAG00000006538-ENSBTAG00000017489`",2.51571104161581,4.85074348526974
"vitro","`ENSBTAG00000020645-ENSBTAG00000010860`",2.51466680448042,3.20936551156341
"vitro","`ENSBTAG00000005339-ENSBTAG00000011628`",2.51038245099487,3.73899298959056
"vitro","`ENSBTAG00000001725-ENSBTAG00000015127`",2.50444137358441,2.59725574182897
"vitro","`ENSBTAG00000021879-ENSBTAG00000013755`",2.5022926331237,5.12085495958711
"vitro","`ENSBTAG00000014921-ENSBTAG00000007101`",2.50140867720438,3.20699992555627
"vitro","`ENSBTAG00000038735-ENSBTAG00000017981`",2.50095194808863,4.17784164838801
"vitro","`ENSBTAG00000015352-ENSBTAG00000012599`",2.49763732046075,4.22960206427631
"vitro","`ENSBTAG00000021105-ENSBTAG00000005273`",2.49335517176499,2.91905112418609
"vitro","`ENSBTAG00000005947-ENSBTAG00000002402`",2.48544580155004,6.03228574442401
"vitro","`ENSBTAG00000007740-ENSBTAG00000012119`",2.48043242114744,5.48114963214345
"vitro","`ENSBTAG00000009357-ENSBTAG00000012119`",2.47472595582708,2.81866736186351
"vitro","`ENSBTAG00000025644-ENSBTAG00000010785`",2.45892300279176,3.77387036149864
"vitro","`ENSBTAG00000005111-ENSBTAG00000006420`",2.4499427250416,5.91919267175192
"vitro","`ENSBTAG00000021217-ENSBTAG00000015910`",2.44779217644804,6.09550111318029
"vitro","`ENSBTAG00000002473-ENSBTAG00000003777`",2.4402126790803,3.51830681478054
"vitro","`ENSBTAG00000014113-ENSBTAG00000001338`",2.43140223405687,4.07960087462515
"vitro","`ENSBTAG00000002880-ENSBTAG00000012687`",2.41659671779485,3.84787536054181
"vitro","`ENSBTAG00000005077-ENSBTAG00000001060`",2.41582039894393,4.64135584369755
"vitro","`ENSBTAG00000003835-ENSBTAG00000006420`",2.41083493277005,2.85382491492692
"vitro","`ENSBTAG00000019336-ENSBTAG00000011761`",2.40788593552372,2.57503705484827
"vitro","`ENSBTAG00000023907-ENSBTAG00000013745`",2.40636805816402,3.2926675204483
"vitro","`ENSBTAG00000014583-ENSBTAG00000020667`",2.40468670173366,3.20688505011391
"vitro","`ENSBTAG00000023907-ENSBTAG00000013755`",2.3917590366532,4.12205240875338
"vitro","`ENSBTAG00000003176-ENSBTAG00000017060`",2.38808546667717,3.42173039727903
"vitro","`ENSBTAG00000000793-ENSBTAG00000015910`",2.38566080091936,3.47140570264603
"vitro","`ENSBTAG00000038221-ENSBTAG00000006359`",2.37466289645045,2.2718408765706
"vitro","`ENSBTAG00000013103-ENSBTAG00000017866`",2.36976645210421,4.24156328448016
"vitro","`ENSBTAG00000019993-ENSBTAG00000039292`",2.36793778834419,4.81678027452836
"vitro","`ENSBTAG00000017753-ENSBTAG00000020054`",2.36695559535767,4.44031203506837
"vitro","`ENSBTAG00000005111-ENSBTAG00000000231`",2.36620199905029,4.00635290223055
"vitro","`ENSBTAG00000021499-ENSBTAG00000013732`",2.36488952142474,3.05532053430444
"vitro","`ENSBTAG00000011104-ENSBTAG00000023147`",2.36081393008623,3.13028965824448
"vitro","`ENSBTAG00000011412-ENSBTAG00000017266`",2.36028675503763,7.12065237105904
"vitro","`ENSBTAG00000000016-ENSBTAG00000013674`",2.35930458575183,2.36063897530041
"vitro","`ENSBTAG00000000476-ENSBTAG00000003781`",2.35783082414596,4.1619621120055
"vitro","`ENSBTAG00000021105-ENSBTAG00000000477`",2.35620278579033,6.09527300811073
"vitro","`ENSBTAG00000001460-ENSBTAG00000020661`",2.34782188249058,4.52617231640783
"vitro","`ENSBTAG00000005947-ENSBTAG00000018517`",2.34780826664074,2.74442773313483
"vitro","`ENSBTAG00000015327-ENSBTAG00000011425`",2.34759975728832,2.94673660242525
"vitro","`ENSBTAG00000006295-ENSBTAG00000002144`",2.344091508102,3.77275567573582
"vitro","`ENSBTAG00000047330-ENSBTAG00000017851`",2.3439176778086,3.30424950604181
"vitro","`ENSBTAG00000011802-ENSBTAG00000019289`",2.34073537954751,2.88225086659151
"vitro","`ENSBTAG00000007897-ENSBTAG00000023731`",2.34013837757941,2.67168162229874
"vitro","`ENSBTAG00000008027-ENSBTAG00000017981`",2.33828739308929,2.74122734599128
"vitro","`ENSBTAG00000008096-ENSBTAG00000013674`",2.32818489510933,3.74054585545091
"vitro","`ENSBTAG00000010334-ENSBTAG00000046199`",2.32327472503491,3.82975199282741
"vitro","`ENSBTAG00000018773-ENSBTAG00000001941`",2.32297096185347,4.17130966811342
"vitro","`ENSBTAG00000012623-ENSBTAG00000002606`",2.31042379937884,4.40246431287202
"vitro","`ENSBTAG00000018343-ENSBTAG00000010497`",2.30691207243131,4.59437363225241
"vitro","`ENSBTAG00000005111-ENSBTAG00000008997`",2.30640282833318,2.20485036279504
"vitro","`ENSBTAG00000013003-ENSBTAG00000021527`",2.30595372123628,2.42158010177467
"vitro","`ENSBTAG00000000016-ENSBTAG00000010497`",2.30338103721996,3.59303571212913
"vitro","`ENSBTAG00000003253-ENSBTAG00000011434`",2.29701106613032,6.35391515437199
"vitro","`ENSBTAG00000000575-ENSBTAG00000019289`",2.28017560439673,5.19038714208801
"vitro","`ENSBTAG00000012413-ENSBTAG00000014064`",2.27750197123324,3.92870722944004
"vitro","`ENSBTAG00000008452-ENSBTAG00000009903`",2.27579720272427,4.39474725570704
"vitro","`ENSBTAG00000017122-ENSBTAG00000015910`",2.27122634611156,3.19951023671185
"vitro","`ENSBTAG00000013901-ENSBTAG00000014269`",2.25235498962935,3.61582391390591
"vitro","`ENSBTAG00000038735-ENSBTAG00000002144`",2.25046460694685,3.46871490503106
"vitro","`ENSBTAG00000023907-ENSBTAG00000000782`",2.23774333202169,3.94667481883356
"vitro","`ENSBTAG00000007773-ENSBTAG00000015910`",2.21187670975351,3.51591650087543
"vitro","`ENSBTAG00000022120-ENSBTAG00000006240`",2.19157277274188,3.34254794538399
"vitro","`ENSBTAG00000005111-ENSBTAG00000018114`",2.1901351364823,3.27919136838989
"vitro","`ENSBTAG00000006354-ENSBTAG00000025101`",2.18566003075881,2.16501656337745
"vitro","`ENSBTAG00000007148-ENSBTAG00000034848`",2.1699537160865,4.09804301158308
"vitro","`ENSBTAG00000023600-ENSBTAG00000005910`",2.16890246652191,3.13593701504245
"vitro","`ENSBTAG00000010738-ENSBTAG00000014162`",2.16587140112221,2.96408277642162
"vitro","`ENSBTAG00000018343-ENSBTAG00000004211`",2.16334378084761,2.60361372122987
"vitro","`ENSBTAG00000021697-ENSBTAG00000007173`",2.15719631636921,2.22329651612846
"vitro","`ENSBTAG00000020221-ENSBTAG00000002144`",2.15074141670673,3.59907493345218
"vitro","`ENSBTAG00000012849-ENSBTAG00000019929`",2.14460094309353,2.82690499346419
"vitro","`ENSBTAG00000011966-ENSBTAG00000012897`",2.14019965351833,3.0619404305753
"vitro","`ENSBTAG00000005305-ENSBTAG00000008849`",2.13237091409688,2.75194316718897
"vitro","`ENSBTAG00000032436-ENSBTAG00000002144`",2.12951385415364,2.91803943117844
"vitro","`ENSBTAG00000002006-ENSBTAG00000015910`",2.12929670236284,2.83122638641337
"vitro","`ENSBTAG00000014075-ENSBTAG00000012887`",2.12891463226166,3.64176831786754
"vitro","`ENSBTAG00000007773-ENSBTAG00000010347`",2.12527753719097,2.44568755424717
"vitro","`ENSBTAG00000020457-ENSBTAG00000003045`",2.11347868110895,3.65198706976633
"vitro","`ENSBTAG00000020556-ENSBTAG00000017033`",2.09562802969249,2.07924032154185
"vitro","`ENSBTAG00000012519-ENSBTAG00000031753`",2.09339419342303,3.70933515051757
"vitro","`ENSBTAG00000017664-ENSBTAG00000006161`",2.08908287938283,3.05190538125333
"vitro","`ENSBTAG00000001725-ENSBTAG00000001338`",2.08645085438188,3.06905745937528
"vitro","`ENSBTAG00000011082-ENSBTAG00000012687`",2.08314632543887,2.79479082115111
"vitro","`ENSBTAG00000017564-ENSBTAG00000019832`",2.07219004928391,2.71481415037569
"vitro","`ENSBTAG00000018343-ENSBTAG00000015312`",2.06226146472624,2.58541038056573
"vitro","`ENSBTAG00000019604-ENSBTAG00000009851`",2.04765755284543,6.1115603314579
"vitro","`ENSBTAG00000008026-ENSBTAG00000007175`",2.04644054509797,4.33034740025931
"vitro","`ENSBTAG00000011412-ENSBTAG00000019289`",2.04481013519967,3.20105189722477
"vitro","`ENSBTAG00000002006-ENSBTAG00000008165`",2.04162249967875,5.88326944011979
"vitro","`ENSBTAG00000025471-ENSBTAG00000006378`",2.0407689187945,4.9020663236112
"vitro","`ENSBTAG00000020342-ENSBTAG00000002107`",2.03716604047229,2.4468344034227
"vitro","`ENSBTAG00000018134-ENSBTAG00000010444`",2.02455822485234,2.62111831305645
"vitro","`ENSBTAG00000005111-ENSBTAG00000011909`",2.00877584101313,2.39802495506738
"vitro","`ENSBTAG00000014051-ENSBTAG00000003777`",1.99847265313751,3.84476202364951
"vitro","`ENSBTAG00000013472-ENSBTAG00000019929`",1.99607335470451,2.67464224394231
"vitro","`ENSBTAG00000000793-ENSBTAG00000017266`",1.99521475819751,3.35260224915449
"vitro","`ENSBTAG00000003505-ENSBTAG00000011628`",1.99384770050599,3.06986085014747
"vitro","`ENSBTAG00000012849-ENSBTAG00000019289`",1.98945488794591,3.28393897345589
"vitro","`ENSBTAG00000012413-ENSBTAG00000015457`",1.98308052064841,2.50811998599455
"vitro","`ENSBTAG00000001368-ENSBTAG00000015910`",1.96906728964848,2.880277038271
"vitro","`ENSBTAG00000007737-ENSBTAG00000012599`",1.96472795075003,2.76179392119357
"vitro","`ENSBTAG00000021499-ENSBTAG00000008036`",1.95845752781264,1.93793100398607
"vitro","`ENSBTAG00000007446-ENSBTAG00000008849`",1.94928248592693,2.48655393600704
"vitro","`ENSBTAG00000001321-ENSBTAG00000002144`",1.94392542770808,2.3494974678042
"vitro","`ENSBTAG00000031444-ENSBTAG00000006360`",1.94248784311364,2.0874134706171
"vitro","`ENSBTAG00000021807-ENSBTAG00000021664`",1.92899360829508,3.02991158813117
"vitro","`ENSBTAG00000000575-ENSBTAG00000020679`",1.92346554790779,2.54761041155394
"vitro","`ENSBTAG00000025257-ENSBTAG00000001338`",1.91923843177683,3.22204771255305
"vitro","`ENSBTAG00000003837-ENSBTAG00000002606`",1.91483444289211,2.54246152604593
"vitro","`ENSBTAG00000032436-ENSBTAG00000014064`",1.90449255556249,2.55477042071959
"vitro","`ENSBTAG00000002006-ENSBTAG00000011154`",1.9037799612708,2.74459176928543
"vitro","`ENSBTAG00000025471-ENSBTAG00000024928`",1.89643586805946,4.09680008577384
"vitro","`ENSBTAG00000018200-ENSBTAG00000007626`",1.89338448742368,3.53351719567811
"vitro","`ENSBTAG00000017246-ENSBTAG00000022799`",1.88948983929597,1.96397853752179
"vitro","`ENSBTAG00000005947-ENSBTAG00000019712`",1.88741126820045,3.28708457076624
"vitro","`ENSBTAG00000008027-ENSBTAG00000020704`",1.88717336058299,2.65817526587014
"vitro","`ENSBTAG00000021105-ENSBTAG00000014031`",1.88615310862271,3.74447896628166
"vitro","`ENSBTAG00000006538-ENSBTAG00000002144`",1.88503524480864,2.96640199979896
"vitro","`ENSBTAG00000017455-ENSBTAG00000013755`",1.88263480144546,3.24539586233101
"vitro","`ENSBTAG00000000575-ENSBTAG00000012119`",1.88181667718837,2.29647565737698
"vitro","`ENSBTAG00000013103-ENSBTAG00000011578`",1.87164094457592,3.59695211092979
"vitro","`ENSBTAG00000032436-ENSBTAG00000006378`",1.86973142577893,2.92132125745963
"vitro","`ENSBTAG00000009476-ENSBTAG00000019289`",1.86590314215422,2.96547339447151
"vitro","`ENSBTAG00000015114-ENSBTAG00000008165`",1.86541194158642,3.39760343148404
"vitro","`ENSBTAG00000010123-ENSBTAG00000000736`",1.84938151036566,2.66633232422583
"vitro","`ENSBTAG00000006538-ENSBTAG00000020704`",1.84309509765355,2.06058505728458
"vitro","`ENSBTAG00000011810-ENSBTAG00000003777`",1.83774123498954,2.66655403716914
"vitro","`ENSBTAG00000005710-ENSBTAG00000014064`",1.8194176990125,3.04970978562334
"vitro","`ENSBTAG00000005198-ENSBTAG00000015457`",1.81614717718967,2.55375795568195
"vitro","`ENSBTAG00000025868-ENSBTAG00000013755`",1.81199636266951,2.69709000689324
"vitro","`ENSBTAG00000011808-ENSBTAG00000018105`",1.8083992550568,2.50532474353325
"vitro","`ENSBTAG00000032808-ENSBTAG00000010785`",1.80632081238042,2.66106778650055
"vitro","`ENSBTAG00000007773-ENSBTAG00000018993`",1.80279361756602,2.43032131485053
"vitro","`ENSBTAG00000007725-ENSBTAG00000012687`",1.79848836015417,2.87586466663624
"vitro","`ENSBTAG00000011966-ENSBTAG00000019289`",1.79276715586947,2.76093457635024
"vitro","`ENSBTAG00000005198-ENSBTAG00000027464`",1.78532587047477,2.201696570492
"vitro","`ENSBTAG00000025644-ENSBTAG00000004337`",1.7844803588766,3.60621957561535
"vitro","`ENSBTAG00000007708-ENSBTAG00000000244`",1.77877127324326,2.47598957259447
"vitro","`ENSBTAG00000018103-ENSBTAG00000006240`",1.76687764636335,1.98379538393694
"vitro","`ENSBTAG00000014906-ENSBTAG00000011628`",1.76551535303317,2.12060284206893
"vitro","`ENSBTAG00000015991-ENSBTAG00000021527`",1.7650481696354,1.58077440360444
"vitro","`ENSBTAG00000032436-ENSBTAG00000012599`",1.74804777183965,2.9836267614829
"vitro","`ENSBTAG00000016177-ENSBTAG00000011628`",1.74482137813611,1.66518478008047
"vitro","`ENSBTAG00000025868-ENSBTAG00000008165`",1.74221626205034,3.1586861497186
"vitro","`ENSBTAG00000020244-ENSBTAG00000015510`",1.7410157319546,1.90125561437272
"vitro","`ENSBTAG00000008300-ENSBTAG00000013745`",1.73614772344456,2.69078576672062
"vitro","`ENSBTAG00000006045-ENSBTAG00000011944`",1.73412270034512,1.31704006652633
"vitro","`ENSBTAG00000021105-ENSBTAG00000013205`",1.73280892107951,2.71037873694595
"vitro","`ENSBTAG00000013472-ENSBTAG00000001462`",1.72936603045795,3.09022175919128
"vitro","`ENSBTAG00000008300-ENSBTAG00000008165`",1.72096924421566,3.78439050175258
"vitro","`ENSBTAG00000011104-ENSBTAG00000018300`",1.7173171480609,2.36470711493661
"vitro","`ENSBTAG00000020457-ENSBTAG00000013843`",1.71266770755866,2.5495009760296
"vitro","`ENSBTAG00000015991-ENSBTAG00000024015`",1.71115205599553,1.93004451325595
"vitro","`ENSBTAG00000014906-ENSBTAG00000020755`",1.70177396249428,2.52385073995032
"vitro","`ENSBTAG00000008300-ENSBTAG00000001882`",1.67491989473343,2.0659880828651
"vitro","`ENSBTAG00000023907-ENSBTAG00000015910`",1.66661002581704,2.33953118560374
"vitro","`ENSBTAG00000025257-ENSBTAG00000014162`",1.66335492804289,1.6928182811931
"vitro","`ENSBTAG00000005077-ENSBTAG00000034883`",1.66136729325225,1.97384942789401
"vitro","`ENSBTAG00000009761-ENSBTAG00000002144`",1.65303290439808,2.17006754643192
"vitro","`ENSBTAG00000012413-ENSBTAG00000010543`",1.6497615055274,2.97783914601129
"vitro","`ENSBTAG00000021217-ENSBTAG00000010682`",1.61972677839558,4.31265688642869
"vitro","`ENSBTAG00000008027-ENSBTAG00000002144`",1.61726235205389,2.82575427782016
"vitro","`ENSBTAG00000004237-ENSBTAG00000010444`",1.61131374584475,3.18221029839441
"vitro","`ENSBTAG00000016648-ENSBTAG00000017266`",1.60906041257182,2.13085135897989
"vitro","`ENSBTAG00000019716-ENSBTAG00000003220`",1.60483758073614,1.83332660884768
"vitro","`ENSBTAG00000025644-ENSBTAG00000014773`",1.602290798829,3.24480441040094
"vitro","`ENSBTAG00000017060-ENSBTAG00000017846`",1.59871508681567,1.76585009848013
"vitro","`ENSBTAG00000002302-ENSBTAG00000017256`",1.59630859309149,2.12270274087746
"vitro","`ENSBTAG00000025775-ENSBTAG00000002144`",1.59077546991606,1.91973749224222
"vitro","`ENSBTAG00000007446-ENSBTAG00000020979`",1.58960646676946,2.0784440401084
"vitro","`ENSBTAG00000005077-ENSBTAG00000015127`",1.57151719295599,1.86052897653679
"vitro","`ENSBTAG00000025471-ENSBTAG00000012642`",1.56615961631963,2.18744847939566
"vitro","`ENSBTAG00000005710-ENSBTAG00000015457`",1.56168008091807,1.45765741086528
"vitro","`ENSBTAG00000006685-ENSBTAG00000019404`",1.56000382418917,3.65598838031399
"vitro","`ENSBTAG00000020221-ENSBTAG00000035084`",1.54912094121267,2.53307140802498
"vitro","`ENSBTAG00000006396-ENSBTAG00000003798`",1.5433885157846,2.36385907669336
"vitro","`ENSBTAG00000007273-ENSBTAG00000002144`",1.54325125104484,3.38317451396718
"vitro","`ENSBTAG00000000130-ENSBTAG00000010785`",1.52511469946741,1.98360734238352
"vitro","`ENSBTAG00000025644-ENSBTAG00000012687`",1.51947635649918,2.4731037537626
"vitro","`ENSBTAG00000011104-ENSBTAG00000020979`",1.51912936538655,2.68678897870991
"vitro","`ENSBTAG00000014465-ENSBTAG00000013125`",1.51366229990811,1.98840128883378
"vitro","`ENSBTAG00000021105-ENSBTAG00000006240`",1.51211826305815,2.41219510269527
"vitro","`ENSBTAG00000014834-ENSBTAG00000005828`",1.50154894849177,1.91914163667294
"vitro","`ENSBTAG00000007273-ENSBTAG00000032719`",1.49576394862062,1.97778254522903
"vitro","`ENSBTAG00000020457-ENSBTAG00000014357`",1.49330894550247,2.94882819950528
"vitro","`ENSBTAG00000025644-ENSBTAG00000026813`",1.48438391502645,2.52816907912501
"vitro","`ENSBTAG00000025644-ENSBTAG00000019021`",1.4696018992184,1.66801288487475
"vitro","`ENSBTAG00000012004-ENSBTAG00000013843`",1.46854660168811,1.87584850845295
"vitro","`ENSBTAG00000015150-ENSBTAG00000016933`",1.45728519376824,2.78928419480458
"vitro","`ENSBTAG00000030710-ENSBTAG00000013755`",1.45287560190874,2.57098521106706
"vitro","`ENSBTAG00000017468-ENSBTAG00000013557`",1.45224805442474,1.44588688582147
"vitro","`ENSBTAG00000003329-ENSBTAG00000006420`",1.44345451344526,3.38088816508096
"vitro","`ENSBTAG00000011757-ENSBTAG00000011578`",1.44159056934169,2.06622780276358
"vitro","`ENSBTAG00000002006-ENSBTAG00000017266`",1.42179876144214,1.77093944627765
"vitro","`ENSBTAG00000014575-ENSBTAG00000019289`",1.42173377044085,1.77364486162389
"vitro","`ENSBTAG00000017448-ENSBTAG00000011628`",1.4126793125692,1.75868104929418
"vitro","`ENSBTAG00000047567-ENSBTAG00000019866`",1.40089585642405,1.88862498249374
"vitro","`ENSBTAG00000008817-ENSBTAG00000012897`",1.40045766967671,2.46249829642108
"vitro","`ENSBTAG00000004148-ENSBTAG00000003255`",1.38827681472693,2.37513176411291
"vitro","`ENSBTAG00000025210-ENSBTAG00000013755`",1.37601791832189,2.30105313369309
"vitro","`ENSBTAG00000004630-ENSBTAG00000015910`",1.36886546497391,2.13108258152863
"vitro","`ENSBTAG00000030710-ENSBTAG00000020979`",1.34674717956033,2.88034680779396
"vitro","`ENSBTAG00000032436-ENSBTAG00000006161`",1.3376187491047,1.67133013196767
"vitro","`ENSBTAG00000008300-ENSBTAG00000019289`",1.31177638643025,1.73220921722317
"vitro","`ENSBTAG00000032436-ENSBTAG00000018035`",1.30883482155238,1.5529530149616
"vitro","`ENSBTAG00000012210-ENSBTAG00000037735`",1.30519355809248,1.70916422608764
"vitro","`ENSBTAG00000004226-ENSBTAG00000021286`",1.28560102255714,2.03435556738797
"vitro","`ENSBTAG00000006354-ENSBTAG00000012071`",1.28442896954718,2.35838492390972
"vitro","`ENSBTAG00000011034-ENSBTAG00000003777`",1.27764716228366,1.49961113291359
"vitro","`ENSBTAG00000013898-ENSBTAG00000016159`",1.27380821025826,1.78375613507845
"vitro","`ENSBTAG00000005108-ENSBTAG00000010462`",1.26007692401757,1.49293485164023
"vitro","`ENSBTAG00000040131-ENSBTAG00000017256`",1.23372225289312,1.57248887283764
"vitro","`ENSBTAG00000017246-ENSBTAG00000012599`",1.2336207901928,1.55828611688377
"vitro","`ENSBTAG00000020661-ENSBTAG00000017851`",1.23263320327949,3.07665831605899
"vitro","`ENSBTAG00000017564-ENSBTAG00000018035`",1.22918718891332,1.4203657206938
"vitro","`ENSBTAG00000017246-ENSBTAG00000014064`",1.20403791887989,1.29827181276343
"vitro","`ENSBTAG00000011104-ENSBTAG00000017425`",1.20292621196596,1.71553432155584
"vitro","`ENSBTAG00000005280-ENSBTAG00000048246`",1.18798689830718,1.46453329485742
"vitro","`ENSBTAG00000021697-ENSBTAG00000005990`",1.17832427478303,1.56766835438963
"vitro","`ENSBTAG00000010820-ENSBTAG00000002107`",1.16173104025705,1.76463575535683
"vitro","`ENSBTAG00000005947-ENSBTAG00000017060`",1.15203340504438,1.71681704752768
"vitro","`ENSBTAG00000020244-ENSBTAG00000000815`",1.13919353910265,2.82718533807402
"vitro","`ENSBTAG00000014834-ENSBTAG00000011628`",1.13474072645499,1.93826309248733
"vitro","`ENSBTAG00000003329-ENSBTAG00000002081`",1.12348636331723,1.59205558376938
"vitro","`ENSBTAG00000005947-ENSBTAG00000013745`",1.10757916948946,2.87142234644068
"vitro","`ENSBTAG00000007737-ENSBTAG00000002081`",1.080576497143,2.14726853415184
"vitro","`ENSBTAG00000005077-ENSBTAG00000015910`",1.07402439368606,1.3978548377729
"vitro","`ENSBTAG00000025644-ENSBTAG00000011515`",1.06878206233397,1.74601357479096
"vitro","`ENSBTAG00000004129-ENSBTAG00000001338`",1.03213015023871,2.86479171010862
"vitro","`ENSBTAG00000018077-ENSBTAG00000024406`",1.02097048355933,1.68904703157825
"vitro","`ENSBTAG00000020244-ENSBTAG00000006359`",1.02063934719062,1.94536577007072
"vitro","`ENSBTAG00000017564-ENSBTAG00000017846`",1.02035162072924,1.8862676252124
"vitro","`ENSBTAG00000010312-ENSBTAG00000014064`",1.01184999771785,0.997690240618665
"vitro","`ENSBTAG00000017246-ENSBTAG00000006161`",1.00829818080166,1.64785488346224
"vitro","`ENSBTAG00000018103-ENSBTAG00000017753`",1.00563760361173,1.66503472151984
"vitro","`ENSBTAG00000007148-ENSBTAG00000008165`",0.998635432860201,1.34894979583651
"vitro","`ENSBTAG00000002006-ENSBTAG00000017866`",0.982934901400935,1.32762499365504
"vitro","`ENSBTAG00000008027-ENSBTAG00000007175`",0.982674880146992,1.32739623241705
"vitro","`ENSBTAG00000007708-ENSBTAG00000025324`",0.974462313937003,1.71704638361506
"vitro","`ENSBTAG00000011784-ENSBTAG00000000736`",0.946943895010602,1.36432519277652
"vitro","`ENSBTAG00000021048-ENSBTAG00000017981`",0.940328669116803,1.79336724077835
"vitro","`ENSBTAG00000006984-ENSBTAG00000021818`",0.931526764638758,1.49826970478475
"vitro","`ENSBTAG00000010452-ENSBTAG00000011515`",0.869480121480446,1.01277277393935
"vitro","`ENSBTAG00000005305-ENSBTAG00000020979`",0.86746669914132,1.446884921998
"vitro","`ENSBTAG00000010312-ENSBTAG00000020199`",0.864346778808158,1.68327035155551
"vitro","`ENSBTAG00000010312-ENSBTAG00000014420`",0.84883841153928,1.08937066036356
"vitro","`ENSBTAG00000013472-ENSBTAG00000017866`",0.818265403703961,1.69152645457885
"vitro","`ENSBTAG00000012849-ENSBTAG00000003585`",0.814556204074332,1.03875680841848
"vitro","`ENSBTAG00000040584-ENSBTAG00000021923`",0.78086894590024,1.41769651334277
"vitro","`ENSBTAG00000020194-ENSBTAG00000009155`",0.754426777559929,2.07803986906015
"vitro","`ENSBTAG00000008452-ENSBTAG00000013909`",0.749617882281297,1.45504262684899
"vitro","`ENSBTAG00000003835-ENSBTAG00000002081`",0.74717764438413,2.36278317301317
"vitro","`ENSBTAG00000011966-ENSBTAG00000017266`",0.70944086011543,1.04041738396108
"vitro","`ENSBTAG00000008027-ENSBTAG00000047138`",0.700743561552945,1.1660618446529
"vitro","`ENSBTAG00000017564-ENSBTAG00000000561`",0.684241732834103,1.12292825095208
"vitro","`ENSBTAG00000017753-ENSBTAG00000020979`",0.67127341474426,1.65498627702019
"vitro","`ENSBTAG00000012444-ENSBTAG00000015910`",0.660625641001894,1.10624238868832
"vitro","`ENSBTAG00000005111-ENSBTAG00000018105`",0.634831531801747,1.35315447731882
"vitro","`ENSBTAG00000013898-ENSBTAG00000047704`",0.599331905111773,1.25562735091499
"vitro","`ENSBTAG00000020238-ENSBTAG00000004739`",0.59804735773379,1.30007294755173
"vitro","`ENSBTAG00000007446-ENSBTAG00000003060`",0.584356052464985,1.4133882608444
"vitro","`ENSBTAG00000020638-ENSBTAG00000001141`",0.566870330490199,0.909066249068095
"vitro","`ENSBTAG00000011580-ENSBTAG00000046199`",0.551783570278513,0.930363382592948
"vitro","`ENSBTAG00000004237-ENSBTAG00000011628`",0.519079586346806,0.846568709892395
"vitro","`ENSBTAG00000009208-ENSBTAG00000044190`",0.517347442503297,0.896760489085669
"vitro","`ENSBTAG00000003505-ENSBTAG00000006161`",0.423441386108888,0.923969814437301
"vitro","`ENSBTAG00000005947-ENSBTAG00000013755`",0.361882061988011,0.621181495556326
"vitro","`ENSBTAG00000025644-ENSBTAG00000020661`",0.356692919422052,0.669492723310934
"vitro","`ENSBTAG00000005947-ENSBTAG00000015739`",0.298737283802928,0.52707304363418
"vitro","`ENSBTAG00000025644-ENSBTAG00000011050`",0.214614759254667,0.46374047391859
"vivo","`ENSBTAG00000025644-ENSBTAG00000010986`",33.6798551559822,31.2436554672868
"vivo","`ENSBTAG00000000442-ENSBTAG00000007348`",27.8410700373375,36.4232845714335
"vivo","`ENSBTAG00000021697-ENSBTAG00000002804`",25.9477191661576,32.2490121294919
"vivo","`ENSBTAG00000012004-ENSBTAG00000019929`",24.0296375239208,25.6577043878853
"vivo","`ENSBTAG00000015362-ENSBTAG00000018114`",23.8989109996432,30.9978458821124
"vivo","`ENSBTAG00000021697-ENSBTAG00000019929`",22.1965372352371,26.6437572072948
"vivo","`ENSBTAG00000012817-ENSBTAG00000007909`",21.5206447756329,30.1846907175006
"vivo","`ENSBTAG00000021697-ENSBTAG00000007173`",21.2043471729434,28.3577468765572
"vivo","`ENSBTAG00000015362-ENSBTAG00000000231`",20.951310080713,20.8612870385452
"vivo","`ENSBTAG00000000793-ENSBTAG00000018169`",20.0667073739322,25.4945062799514
"vivo","`ENSBTAG00000014583-ENSBTAG00000010986`",19.8108663836034,16.1074715770775
"vivo","`ENSBTAG00000015362-ENSBTAG00000011909`",19.5491354913784,23.9247283599202
"vivo","`ENSBTAG00000025210-ENSBTAG00000019929`",19.3596526365586,33.2441203860067
"vivo","`ENSBTAG00000008027-ENSBTAG00000019903`",18.7356196842722,24.2579098758354
"vivo","`ENSBTAG00000018343-ENSBTAG00000015312`",18.5977889747253,31.5104685345985
"vivo","`ENSBTAG00000021697-ENSBTAG00000005990`",18.5727776682191,23.6763400166595
"vivo","`ENSBTAG00000000793-ENSBTAG00000015910`",18.2092756245916,16.1105144781909
"vivo","`ENSBTAG00000000470-ENSBTAG00000019929`",18.1368338434374,25.876877819998
"vivo","`ENSBTAG00000019269-ENSBTAG00000015910`",18.1287119318913,34.469897040269
"vivo","`ENSBTAG00000008027-ENSBTAG00000002144`",18.0690783274425,21.8294173036686
"vivo","`ENSBTAG00000016208-ENSBTAG00000015910`",17.9745208436408,30.3892033199152
"vivo","`ENSBTAG00000005947-ENSBTAG00000015910`",17.4799072925518,17.8683370611989
"vivo","`ENSBTAG00000001745-ENSBTAG00000019289`",17.3148927474868,23.6233336678946
"vivo","`ENSBTAG00000015991-ENSBTAG00000011628`",17.0295486192918,18.4897288837458
"vivo","`ENSBTAG00000010123-ENSBTAG00000014611`",16.8878702471525,30.3462668070199
"vivo","`ENSBTAG00000007273-ENSBTAG00000012314`",16.7171075057349,20.2794768683088
"vivo","`ENSBTAG00000013718-ENSBTAG00000005072`",16.6961639713698,30.9441798413813
"vivo","`ENSBTAG00000019269-ENSBTAG00000019289`",16.5928262249197,22.4159173101569
"vivo","`ENSBTAG00000002278-ENSBTAG00000019929`",16.4673976681643,17.4637745187878
"vivo","`ENSBTAG00000000073-ENSBTAG00000014611`",16.2038743273477,24.7152858843309
"vivo","`ENSBTAG00000007773-ENSBTAG00000017060`",16.1938964486231,26.1402408664871
"vivo","`ENSBTAG00000021302-ENSBTAG00000019289`",16.0146200226845,29.9433889194277
"vivo","`ENSBTAG00000000793-ENSBTAG00000019569`",16.0053757387892,21.4845363625463
"vivo","`ENSBTAG00000019866-ENSBTAG00000000782`",16.0007240463945,26.8782466716856
"vivo","`ENSBTAG00000037899-ENSBTAG00000022799`",15.7844610836457,15.8400854537535
"vivo","`ENSBTAG00000008027-ENSBTAG00000012314`",15.6869972836315,30.4943165806878
"vivo","`ENSBTAG00000015991-ENSBTAG00000010444`",15.5768537084683,24.1712631296791
"vivo","`ENSBTAG00000008027-ENSBTAG00000016948`",15.5690206858552,17.4515421431782
"vivo","`ENSBTAG00000012817-ENSBTAG00000005397`",15.5587235338818,28.8316290063271
"vivo","`ENSBTAG00000016800-ENSBTAG00000007338`",15.3312312556331,22.5818353812446
"vivo","`ENSBTAG00000015362-ENSBTAG00000018105`",15.2952498860652,13.6942632608912
"vivo","`ENSBTAG00000009476-ENSBTAG00000015910`",15.2730716130444,21.6320955813154
"vivo","`ENSBTAG00000006295-ENSBTAG00000019903`",15.2585123179939,19.507550410599
"vivo","`ENSBTAG00000007273-ENSBTAG00000034385`",15.1836726135088,16.4272488381946
"vivo","`ENSBTAG00000017473-ENSBTAG00000019289`",15.157128224525,26.6932829572454
"vivo","`ENSBTAG00000005339-ENSBTAG00000015910`",15.1469678471294,20.2113033555378
"vivo","`ENSBTAG00000012004-ENSBTAG00000008997`",15.0170743460079,19.2090568469726
"vivo","`ENSBTAG00000016208-ENSBTAG00000015127`",14.917520915634,22.4932421348033
"vivo","`ENSBTAG00000009476-ENSBTAG00000011971`",14.8933382767964,18.2328382647119
"vivo","`ENSBTAG00000000793-ENSBTAG00000017266`",14.5634914239763,23.0774424584497
"vivo","`ENSBTAG00000015801-ENSBTAG00000015510`",14.4246648342376,21.6905279770876
"vivo","`ENSBTAG00000013760-ENSBTAG00000019929`",14.3320853967586,23.3554803011457
"vivo","`ENSBTAG00000008027-ENSBTAG00000020704`",14.2609753382418,25.9896853953894
"vivo","`ENSBTAG00000015742-ENSBTAG00000007103`",14.1771678558732,20.0879822443214
"vivo","`ENSBTAG00000003806-ENSBTAG00000016455`",14.1489650092919,20.4667564865514
"vivo","`ENSBTAG00000002278-ENSBTAG00000013745`",14.0159765122918,22.2785761271623
"vivo","`ENSBTAG00000014906-ENSBTAG00000015910`",13.9527903304816,15.8847768101448
"vivo","`ENSBTAG00000007273-ENSBTAG00000011738`",13.7983293562189,17.7754801805056
"vivo","`ENSBTAG00000015362-ENSBTAG00000006420`",13.7843591020312,13.5210290551457
"vivo","`ENSBTAG00000012398-ENSBTAG00000014357`",13.7234532524878,23.9492906164824
"vivo","`ENSBTAG00000007446-ENSBTAG00000008733`",13.6274448075195,28.5676787546082
"vivo","`ENSBTAG00000001745-ENSBTAG00000015910`",13.4531027627764,20.1173303636834
"vivo","`ENSBTAG00000006295-ENSBTAG00000016948`",13.4361900901535,22.0960024942057
"vivo","`ENSBTAG00000020244-ENSBTAG00000000815`",13.4026640369955,18.5245418822842
"vivo","`ENSBTAG00000015362-ENSBTAG00000008997`",13.3380725870445,17.1309240771748
"vivo","`ENSBTAG00000004261-ENSBTAG00000017060`",13.3077137737687,22.7349025562906
"vivo","`ENSBTAG00000019866-ENSBTAG00000009851`",13.2770847007455,14.5486965009902
"vivo","`ENSBTAG00000007737-ENSBTAG00000010444`",13.2639136814968,22.538503714177
"vivo","`ENSBTAG00000002317-ENSBTAG00000014966`",13.2361544796974,13.4637777218305
"vivo","`ENSBTAG00000013155-ENSBTAG00000008373`",12.7772325960647,13.0073370360303
"vivo","`ENSBTAG00000013155-ENSBTAG00000019289`",12.7115498593625,19.9309515943358
"vivo","`ENSBTAG00000012817-ENSBTAG00000022799`",12.633403747234,22.7697529490468
"vivo","`ENSBTAG00000009476-ENSBTAG00000001462`",12.365847623368,14.1190785432926
"vivo","`ENSBTAG00000013162-ENSBTAG00000012314`",12.3442322391007,18.3125188749798
"vivo","`ENSBTAG00000032436-ENSBTAG00000012314`",12.2179999724252,20.446917528825
"vivo","`ENSBTAG00000012164-ENSBTAG00000010498`",12.1551281925278,15.4474786710823
"vivo","`ENSBTAG00000012004-ENSBTAG00000019832`",12.0402465408745,16.919535050601
"vivo","`ENSBTAG00000006354-ENSBTAG00000017060`",12.0336842881115,17.9958782460123
"vivo","`ENSBTAG00000005339-ENSBTAG00000011628`",12.007452188208,17.0335115583886
"vivo","`ENSBTAG00000032436-ENSBTAG00000006378`",11.9996684627674,21.6492136604737
"vivo","`ENSBTAG00000000575-ENSBTAG00000015910`",11.9779485004851,20.1127930284782
"vivo","`ENSBTAG00000009357-ENSBTAG00000012771`",11.9738399277242,14.5213956136203
"vivo","`ENSBTAG00000009212-ENSBTAG00000012314`",11.8803208094081,15.7600999281325
"vivo","`ENSBTAG00000007773-ENSBTAG00000018993`",11.8454484369696,18.4999418602473
"vivo","`ENSBTAG00000020221-ENSBTAG00000016999`",11.7596042097335,19.8604969315827
"vivo","`ENSBTAG00000020661-ENSBTAG00000017851`",11.6897508775421,18.0704136366466
"vivo","`ENSBTAG00000014113-ENSBTAG00000019428`",11.6339415929269,15.0805555885801
"vivo","`ENSBTAG00000014583-ENSBTAG00000011628`",11.633588322864,15.5124398408118
"vivo","`ENSBTAG00000017564-ENSBTAG00000000561`",11.5954583121459,13.9404787672685
"vivo","`ENSBTAG00000015362-ENSBTAG00000002081`",11.5952366644807,19.6992934438435
"vivo","`ENSBTAG00000012004-ENSBTAG00000015910`",11.5528076040906,24.6599251885792
"vivo","`ENSBTAG00000000793-ENSBTAG00000019289`",11.5232472363624,14.1237572992056
"vivo","`ENSBTAG00000012398-ENSBTAG00000012314`",11.4602318886473,22.5536867052354
"vivo","`ENSBTAG00000021457-ENSBTAG00000011986`",11.4477152842863,11.1168373862597
"vivo","`ENSBTAG00000017664-ENSBTAG00000006161`",11.4033152107901,17.5617748401558
"vivo","`ENSBTAG00000011851-ENSBTAG00000011425`",11.3511423739587,17.43972588013
"vivo","`ENSBTAG00000037899-ENSBTAG00000007909`",11.3337231091738,14.6511148901768
"vivo","`ENSBTAG00000000073-ENSBTAG00000008849`",11.331872843435,18.8058131622125
"vivo","`ENSBTAG00000009476-ENSBTAG00000013745`",11.3265687859966,15.0839568349845
"vivo","`ENSBTAG00000016800-ENSBTAG00000000782`",11.3050331007838,19.0301715546039
"vivo","`ENSBTAG00000020645-ENSBTAG00000011461`",11.2496285312323,22.8481884317289
"vivo","`ENSBTAG00000010303-ENSBTAG00000017060`",11.240062034485,15.7985475332515
"vivo","`ENSBTAG00000014834-ENSBTAG00000011628`",11.1295474370106,17.3935572720614
"vivo","`ENSBTAG00000003835-ENSBTAG00000006420`",11.0536682917251,16.8954253396107
"vivo","`ENSBTAG00000020645-ENSBTAG00000014270`",10.9942752652365,13.7210613211257
"vivo","`ENSBTAG00000015991-ENSBTAG00000021190`",10.9917570276707,14.5245103549089
"vivo","`ENSBTAG00000007737-ENSBTAG00000011628`",10.9732051678509,10.0983082356315
"vivo","`ENSBTAG00000038735-ENSBTAG00000016948`",10.8917249016825,11.6936060722392
"vivo","`ENSBTAG00000038735-ENSBTAG00000019903`",10.8170881506174,16.2281657941335
"vivo","`ENSBTAG00000022120-ENSBTAG00000017060`",10.7947766266427,18.9829777961836
"vivo","`ENSBTAG00000010179-ENSBTAG00000026676`",10.7923020067696,17.9133257274943
"vivo","`ENSBTAG00000011851-ENSBTAG00000012771`",10.7897046264514,20.0883298574656
"vivo","`ENSBTAG00000010562-ENSBTAG00000020755`",10.7577496228379,16.5154148068758
"vivo","`ENSBTAG00000006295-ENSBTAG00000017489`",10.7354123112339,19.6062845666532
"vivo","`ENSBTAG00000010663-ENSBTAG00000019929`",10.7352035549136,18.8430088631826
"vivo","`ENSBTAG00000002317-ENSBTAG00000018052`",10.7236655695311,11.7763018973432
"vivo","`ENSBTAG00000007273-ENSBTAG00000032719`",10.715356727802,17.4623285884443
"vivo","`ENSBTAG00000016208-ENSBTAG00000014944`",10.6777018652622,12.9310355831959
"vivo","`ENSBTAG00000008300-ENSBTAG00000014357`",10.6688743825183,18.4018164093776
"vivo","`ENSBTAG00000002278-ENSBTAG00000015910`",10.6137944321136,14.295269188819
"vivo","`ENSBTAG00000004630-ENSBTAG00000019929`",10.6076460263373,12.2866009912977
"vivo","`ENSBTAG00000009876-ENSBTAG00000020736`",10.6037159893217,16.5811664057432
"vivo","`ENSBTAG00000021457-ENSBTAG00000023147`",10.5538127589867,12.9734228955927
"vivo","`ENSBTAG00000009476-ENSBTAG00000000782`",10.5110471874343,11.2603006547062
"vivo","`ENSBTAG00000021105-ENSBTAG00000013205`",10.4945499503549,14.9104348096889
"vivo","`ENSBTAG00000003658-ENSBTAG00000000736`",10.4746729970882,22.5121206706462
"vivo","`ENSBTAG00000009478-ENSBTAG00000018035`",10.3853477946423,14.4384858385784
"vivo","`ENSBTAG00000014218-ENSBTAG00000011761`",10.3798290262569,16.1691122121488
"vivo","`ENSBTAG00000003658-ENSBTAG00000018517`",10.3338624583218,15.4697688166075
"vivo","`ENSBTAG00000010738-ENSBTAG00000019428`",10.2848554888643,16.2105081266127
"vivo","`ENSBTAG00000022120-ENSBTAG00000015910`",10.2571301490335,18.1651289541748
"vivo","`ENSBTAG00000021807-ENSBTAG00000016247`",10.2414843193787,14.1709194555654
"vivo","`ENSBTAG00000023907-ENSBTAG00000019929`",10.2363312887127,18.1517750975472
"vivo","`ENSBTAG00000020645-ENSBTAG00000011628`",10.2327724908592,15.2552944577928
"vivo","`ENSBTAG00000005850-ENSBTAG00000022799`",10.2050003764295,23.4803556963025
"vivo","`ENSBTAG00000007273-ENSBTAG00000002144`",10.1681041121736,12.5520518570962
"vivo","`ENSBTAG00000012004-ENSBTAG00000018035`",10.1120028446731,12.5998262382341
"vivo","`ENSBTAG00000019665-ENSBTAG00000005273`",10.0954457284055,15.0059724955682
"vivo","`ENSBTAG00000025257-ENSBTAG00000019428`",10.0642657183794,12.2290741937015
"vivo","`ENSBTAG00000006984-ENSBTAG00000021818`",10.0570974219347,15.9831161851143
"vivo","`ENSBTAG00000021879-ENSBTAG00000013755`",10.0526051167361,19.2339700625575
"vivo","`ENSBTAG00000016177-ENSBTAG00000011628`",10.0404147371854,14.6170505016983
"vivo","`ENSBTAG00000010361-ENSBTAG00000022799`",10.0322889294874,11.8481369814822
"vivo","`ENSBTAG00000010161-ENSBTAG00000015133`",9.99150720817537,13.4280018014142
"vivo","`ENSBTAG00000001764-ENSBTAG00000026676`",9.98142077199048,12.3100881055535
"vivo","`ENSBTAG00000011034-ENSBTAG00000020148`",9.94014541597829,16.2987037738216
"vivo","`ENSBTAG00000010562-ENSBTAG00000011515`",9.88301454969089,14.1048963192567
"vivo","`ENSBTAG00000032808-ENSBTAG00000004211`",9.86451116973577,13.4305582441985
"vivo","`ENSBTAG00000007773-ENSBTAG00000015910`",9.82430279067403,10.6854452500142
"vivo","`ENSBTAG00000020638-ENSBTAG00000000782`",9.80555569582265,11.5348905119865
"vivo","`ENSBTAG00000008300-ENSBTAG00000011578`",9.79279023302072,18.5520884942336
"vivo","`ENSBTAG00000013472-ENSBTAG00000001462`",9.78357161877571,13.063089086913
"vivo","`ENSBTAG00000007737-ENSBTAG00000012314`",9.78137260872002,14.9877509677558
"vivo","`ENSBTAG00000010312-ENSBTAG00000014064`",9.77601278163025,26.5347254076231
"vivo","`ENSBTAG00000005198-ENSBTAG00000011628`",9.77070302807125,11.8882046830582
"vivo","`ENSBTAG00000019770-ENSBTAG00000012314`",9.76754948828571,19.642399590752
"vivo","`ENSBTAG00000014906-ENSBTAG00000008008`",9.75401816021322,8.36910457085332
"vivo","`ENSBTAG00000008300-ENSBTAG00000001462`",9.70237465037711,15.3256785666484
"vivo","`ENSBTAG00000015089-ENSBTAG00000002135`",9.60440989324562,11.2618384967989
"vivo","`ENSBTAG00000039355-ENSBTAG00000011578`",9.59836208232557,10.9234344569198
"vivo","`ENSBTAG00000021811-ENSBTAG00000020148`",9.546034813468,13.8326927862265
"vivo","`ENSBTAG00000000283-ENSBTAG00000012771`",9.51120649870509,11.4166735734754
"vivo","`ENSBTAG00000021217-ENSBTAG00000015910`",9.50745478436,16.9456458010568
"vivo","`ENSBTAG00000021466-ENSBTAG00000010682`",9.4462425546729,18.6411085349247
"vivo","`ENSBTAG00000013472-ENSBTAG00000015910`",9.4425033792917,8.55706836123715
"vivo","`ENSBTAG00000006295-ENSBTAG00000002144`",9.43161014954839,15.1426941384411
"vivo","`ENSBTAG00000019267-ENSBTAG00000014357`",9.41381102785594,16.5375037763273
"vivo","`ENSBTAG00000021217-ENSBTAG00000019289`",9.41245071161984,18.2153881158587
"vivo","`ENSBTAG00000009565-ENSBTAG00000002804`",9.4025700625296,18.7366383152328
"vivo","`ENSBTAG00000017753-ENSBTAG00000014420`",9.37444474813902,20.7747951893518
"vivo","`ENSBTAG00000003658-ENSBTAG00000015910`",9.37234495790741,10.1994761438226
"vivo","`ENSBTAG00000021466-ENSBTAG00000015910`",9.30107379773257,18.1155216435724
"vivo","`ENSBTAG00000005947-ENSBTAG00000013125`",9.27991223259763,10.1224870808765
"vivo","`ENSBTAG00000020221-ENSBTAG00000005092`",9.23351526254582,12.7781633665403
"vivo","`ENSBTAG00000020645-ENSBTAG00000017489`",9.23080724099503,17.2617759545898
"vivo","`ENSBTAG00000001244-ENSBTAG00000017060`",9.20421812871141,14.8325692508235
"vivo","`ENSBTAG00000022120-ENSBTAG00000006240`",9.18301558784348,11.9648719302355
"vivo","`ENSBTAG00000002317-ENSBTAG00000026676`",9.18005132963141,10.9450158968461
"vivo","`ENSBTAG00000020638-ENSBTAG00000001141`",9.17754062647238,18.1701563684193
"vivo","`ENSBTAG00000034077-ENSBTAG00000017846`",9.16800084041345,13.2161509481277
"vivo","`ENSBTAG00000017549-ENSBTAG00000002699`",9.16121485164382,10.3102499472953
"vivo","`ENSBTAG00000038735-ENSBTAG00000002144`",9.15864188982755,10.8831822001617
"vivo","`ENSBTAG00000003585-ENSBTAG00000007213`",9.12912027146209,11.5096438856354
"vivo","`ENSBTAG00000021217-ENSBTAG00000010682`",9.12313220667439,13.63816755891
"vivo","`ENSBTAG00000008817-ENSBTAG00000019929`",9.08399010939746,10.5069084812486
"vivo","`ENSBTAG00000001725-ENSBTAG00000015127`",9.0691404532732,23.7221140998498
"vivo","`ENSBTAG00000022635-ENSBTAG00000015910`",9.02335394805545,10.0499748675915
"vivo","`ENSBTAG00000011802-ENSBTAG00000017266`",9.02261647639522,15.809633152947
"vivo","`ENSBTAG00000011966-ENSBTAG00000019929`",8.98166354208785,15.9554678798183
"vivo","`ENSBTAG00000004630-ENSBTAG00000015910`",8.94106660490177,9.76522920278012
"vivo","`ENSBTAG00000006685-ENSBTAG00000005215`",8.86960906886592,16.8425785848087
"vivo","`ENSBTAG00000003329-ENSBTAG00000006420`",8.86251487340473,11.4391980130042
"vivo","`ENSBTAG00000011741-ENSBTAG00000015910`",8.84611335720541,13.5150870050357
"vivo","`ENSBTAG00000005250-ENSBTAG00000008008`",8.80003705640926,18.4152252388341
"vivo","`ENSBTAG00000017746-ENSBTAG00000009851`",8.78084737249546,8.63997646266708
"vivo","`ENSBTAG00000009476-ENSBTAG00000019289`",8.77900935055553,12.3167682053339
"vivo","`ENSBTAG00000020221-ENSBTAG00000002107`",8.75654002907954,12.6247778112923
"vivo","`ENSBTAG00000038735-ENSBTAG00000017489`",8.74691545559866,8.82625662899705
"vivo","`ENSBTAG00000005198-ENSBTAG00000019866`",8.70952001075478,11.9608973607092
"vivo","`ENSBTAG00000006655-ENSBTAG00000008218`",8.66580986335221,15.1307003086148
"vivo","`ENSBTAG00000001141-ENSBTAG00000015910`",8.60428361730415,11.7181718103542
"vivo","`ENSBTAG00000007897-ENSBTAG00000023731`",8.55086373804152,11.3028591288362
"vivo","`ENSBTAG00000003832-ENSBTAG00000022799`",8.53866725484746,11.0552460811736
"vivo","`ENSBTAG00000017122-ENSBTAG00000015910`",8.53634693237959,8.49159905301415
"vivo","`ENSBTAG00000007737-ENSBTAG00000045633`",8.5327225942422,10.1025546668498
"vivo","`ENSBTAG00000025644-ENSBTAG00000011628`",8.52011854458785,11.7947582790294
"vivo","`ENSBTAG00000006686-ENSBTAG00000015910`",8.49129646531859,14.0566136475496
"vivo","`ENSBTAG00000008300-ENSBTAG00000019929`",8.48160577296223,14.1775286220763
"vivo","`ENSBTAG00000008817-ENSBTAG00000017266`",8.47192212673014,10.7641678818619
"vivo","`ENSBTAG00000002317-ENSBTAG00000011154`",8.44235418339212,12.2719119917887
"vivo","`ENSBTAG00000011104-ENSBTAG00000020979`",8.42851993419254,12.7459751708351
"vivo","`ENSBTAG00000007773-ENSBTAG00000003418`",8.42259657321423,9.6360449648755
"vivo","`ENSBTAG00000020676-ENSBTAG00000011578`",8.40434225253452,11.2252283013506
"vivo","`ENSBTAG00000023907-ENSBTAG00000015910`",8.3868691132305,12.4565924548445
"vivo","`ENSBTAG00000017664-ENSBTAG00000015910`",8.37082830775716,11.4910435965371
"vivo","`ENSBTAG00000005691-ENSBTAG00000019866`",8.3459685222966,13.4334340241131
"vivo","`ENSBTAG00000025210-ENSBTAG00000013755`",8.32777727845862,11.5511920066428
"vivo","`ENSBTAG00000003300-ENSBTAG00000019929`",8.3257362290091,16.1358914185341
"vivo","`ENSBTAG00000020238-ENSBTAG00000004739`",8.28251486150503,18.9344174840451
"vivo","`ENSBTAG00000014575-ENSBTAG00000003585`",8.28246254699629,15.011883763967
"vivo","`ENSBTAG00000013003-ENSBTAG00000012687`",8.22193008126499,11.106964769922
"vivo","`ENSBTAG00000010161-ENSBTAG00000039292`",8.19268375829136,11.4577327052567
"vivo","`ENSBTAG00000017246-ENSBTAG00000010444`",8.16667773948318,13.1752850502092
"vivo","`ENSBTAG00000005691-ENSBTAG00000011578`",8.15977226775883,11.4423279211432
"vivo","`ENSBTAG00000008300-ENSBTAG00000011741`",8.15253159626644,8.78469900201897
"vivo","`ENSBTAG00000000016-ENSBTAG00000013674`",8.14095520694588,15.5967997934911
"vivo","`ENSBTAG00000047330-ENSBTAG00000017851`",8.1268543061307,10.4893474829758
"vivo","`ENSBTAG00000032808-ENSBTAG00000010785`",8.09387298019989,13.3933689340159
"vivo","`ENSBTAG00000011808-ENSBTAG00000018105`",8.09275524567356,8.99846034668107
"vivo","`ENSBTAG00000005691-ENSBTAG00000020644`",8.08297362799047,10.6077038157983
"vivo","`ENSBTAG00000020194-ENSBTAG00000015457`",8.0613263192262,9.25082200369107
"vivo","`ENSBTAG00000034077-ENSBTAG00000018999`",8.05720696148586,12.6948429899104
"vivo","`ENSBTAG00000017246-ENSBTAG00000012314`",8.04498127500036,14.0276411230719
"vivo","`ENSBTAG00000015089-ENSBTAG00000023144`",8.01138818652905,13.319227197007
"vivo","`ENSBTAG00000018343-ENSBTAG00000020736`",7.98680164355674,8.57798601848328
"vivo","`ENSBTAG00000015991-ENSBTAG00000021527`",7.97204805664838,7.92966606276037
"vivo","`ENSBTAG00000005947-ENSBTAG00000019712`",7.96318296993999,9.85379614535837
"vivo","`ENSBTAG00000045520-ENSBTAG00000039292`",7.95009676026742,14.1316223143049
"vivo","`ENSBTAG00000013155-ENSBTAG00000015910`",7.94386563739744,10.8267913013204
"vivo","`ENSBTAG00000025644-ENSBTAG00000026813`",7.92931917430265,14.126585685107
"vivo","`ENSBTAG00000012398-ENSBTAG00000008008`",7.91733615361982,13.6327741104189
"vivo","`ENSBTAG00000026236-ENSBTAG00000019929`",7.90352289288861,7.57533584203537
"vivo","`ENSBTAG00000017280-ENSBTAG00000039292`",7.88825175854623,12.4449698739315
"vivo","`ENSBTAG00000016208-ENSBTAG00000038141`",7.87751163759744,12.3725441184738
"vivo","`ENSBTAG00000010738-ENSBTAG00000003220`",7.87565317987397,9.24504779104467
"vivo","`ENSBTAG00000005581-ENSBTAG00000014162`",7.80088176198859,9.09308177126476
"vivo","`ENSBTAG00000001321-ENSBTAG00000002144`",7.79750822534139,9.33229356302189
"vivo","`ENSBTAG00000011784-ENSBTAG00000000736`",7.77081554875608,12.1642078984945
"vivo","`ENSBTAG00000011104-ENSBTAG00000017425`",7.76314381938566,12.1539129118824
"vivo","`ENSBTAG00000005359-ENSBTAG00000011909`",7.75837940541656,13.2088014944727
"vivo","`ENSBTAG00000000559-ENSBTAG00000020661`",7.75729902271157,12.1233671716773
"vivo","`ENSBTAG00000007737-ENSBTAG00000014064`",7.73326548270342,10.0323180321335
"vivo","`ENSBTAG00000019964-ENSBTAG00000005828`",7.72096983580706,6.92917762929644
"vivo","`ENSBTAG00000032436-ENSBTAG00000010444`",7.6987539389883,11.9508920179121
"vivo","`ENSBTAG00000003300-ENSBTAG00000002804`",7.69386026824047,20.2235835713193
"vivo","`ENSBTAG00000005111-ENSBTAG00000000231`",7.6850911060007,11.6084759491689
"vivo","`ENSBTAG00000000575-ENSBTAG00000013745`",7.67260140159698,11.5112400010099
"vivo","`ENSBTAG00000020221-ENSBTAG00000002144`",7.63349458582996,15.9033715076957
"vivo","`ENSBTAG00000014575-ENSBTAG00000019289`",7.6244415189877,16.322179043818
"vivo","`ENSBTAG00000012413-ENSBTAG00000014064`",7.61901595274842,10.6077807507535
"vivo","`ENSBTAG00000031998-ENSBTAG00000039292`",7.6110233620493,14.9664799239216
"vivo","`ENSBTAG00000015978-ENSBTAG00000011628`",7.5861054783939,9.59670263094224
"vivo","`ENSBTAG00000009812-ENSBTAG00000039292`",7.57657961187719,8.18592996354136
"vivo","`ENSBTAG00000031444-ENSBTAG00000006360`",7.55979268481956,12.160279534076
"vivo","`ENSBTAG00000022120-ENSBTAG00000013745`",7.5574937708597,10.9214730487256
"vivo","`ENSBTAG00000016648-ENSBTAG00000017266`",7.55655797457772,13.3316646758133
"vivo","`ENSBTAG00000020194-ENSBTAG00000014064`",7.55024165649827,15.7567704843583
"vivo","`ENSBTAG00000005339-ENSBTAG00000001694`",7.54653321309842,12.7717340015837
"vivo","`ENSBTAG00000022120-ENSBTAG00000019929`",7.5339319832116,13.7106300016709
"vivo","`ENSBTAG00000021048-ENSBTAG00000017981`",7.51125426815774,10.6689515045781
"vivo","`ENSBTAG00000010820-ENSBTAG00000002107`",7.47442359171086,13.3078616016458
"vivo","`ENSBTAG00000008817-ENSBTAG00000015910`",7.4527781111407,13.7042470628714
"vivo","`ENSBTAG00000013201-ENSBTAG00000020319`",7.44917675221394,8.81112617078723
"vivo","`ENSBTAG00000008096-ENSBTAG00000019733`",7.44411596139494,8.81629922309081
"vivo","`ENSBTAG00000014906-ENSBTAG00000011578`",7.43164718174073,10.9843317180675
"vivo","`ENSBTAG00000008300-ENSBTAG00000033669`",7.4190788798124,12.1392099979953
"vivo","`ENSBTAG00000018773-ENSBTAG00000019866`",7.41648501334959,10.3576440505423
"vivo","`ENSBTAG00000025410-ENSBTAG00000018343`",7.4137234784021,13.2950548299989
"vivo","`ENSBTAG00000005710-ENSBTAG00000011425`",7.37516901238131,7.5060120381831
"vivo","`ENSBTAG00000017280-ENSBTAG00000005397`",7.30544308070607,12.7363262628238
"vivo","`ENSBTAG00000017746-ENSBTAG00000010462`",7.28984997892374,10.0640433800019
"vivo","`ENSBTAG00000008300-ENSBTAG00000019289`",7.28739330858118,9.80396852826382
"vivo","`ENSBTAG00000020645-ENSBTAG00000039292`",7.28581849082496,9.13874519691583
"vivo","`ENSBTAG00000001321-ENSBTAG00000005273`",7.28087890328021,9.55734586342362
"vivo","`ENSBTAG00000005947-ENSBTAG00000002402`",7.28051160102153,9.70081310989349
"vivo","`ENSBTAG00000002006-ENSBTAG00000015910`",7.27639882367726,13.701115073985
"vivo","`ENSBTAG00000009357-ENSBTAG00000012119`",7.22023571640695,12.8918807846846
"vivo","`ENSBTAG00000002080-ENSBTAG00000022799`",7.19786975239102,10.364298804058
"vivo","`ENSBTAG00000010991-ENSBTAG00000007348`",7.18973934926331,12.1708016152168
"vivo","`ENSBTAG00000002880-ENSBTAG00000012687`",7.16275845521373,11.0803912740099
"vivo","`ENSBTAG00000013066-ENSBTAG00000021527`",7.15767613885154,16.2952040492066
"vivo","`ENSBTAG00000025775-ENSBTAG00000002144`",7.15533107622486,9.9230837830353
"vivo","`ENSBTAG00000000073-ENSBTAG00000012314`",7.14280304638265,11.5190860311804
"vivo","`ENSBTAG00000002006-ENSBTAG00000014269`",7.1366986327289,10.2072094084486
"vivo","`ENSBTAG00000003329-ENSBTAG00000002081`",7.13534194927329,11.2779207314065
"vivo","`ENSBTAG00000003505-ENSBTAG00000011628`",7.1259606383896,10.0088398334411
"vivo","`ENSBTAG00000005947-ENSBTAG00000015739`",7.12483549873488,8.95811796430912
"vivo","`ENSBTAG00000023652-ENSBTAG00000005828`",7.12257742274249,14.89347946103
"vivo","`ENSBTAG00000039355-ENSBTAG00000011515`",7.1168547328991,9.92605931558007
"vivo","`ENSBTAG00000017564-ENSBTAG00000018035`",7.11217191284704,11.6006299199683
"vivo","`ENSBTAG00000009972-ENSBTAG00000018105`",7.10779453752152,14.106217491997
"vivo","`ENSBTAG00000009357-ENSBTAG00000011154`",7.10332812503933,8.84449792053196
"vivo","`ENSBTAG00000012529-ENSBTAG00000012899`",7.09000155871025,9.67544017232099
"vivo","`ENSBTAG00000012228-ENSBTAG00000001814`",7.07059692011569,9.44530525150445
"vivo","`ENSBTAG00000007153-ENSBTAG00000012219`",7.06706873644503,9.63288098791462
"vivo","`ENSBTAG00000016043-ENSBTAG00000018035`",7.04343843298344,8.21856277263859
"vivo","`ENSBTAG00000019336-ENSBTAG00000002107`",7.0373476321404,9.92011301481146
"vivo","`ENSBTAG00000047567-ENSBTAG00000000570`",7.03013930278462,11.5730887290613
"vivo","`ENSBTAG00000038045-ENSBTAG00000018572`",7.01098768440637,11.3407743959871
"vivo","`ENSBTAG00000000575-ENSBTAG00000019929`",6.99825094568629,11.497471290738
"vivo","`ENSBTAG00000010138-ENSBTAG00000011971`",6.99393280477482,10.2103642148139
"vivo","`ENSBTAG00000002317-ENSBTAG00000012119`",6.98708473045099,9.61494651782877
"vivo","`ENSBTAG00000018103-ENSBTAG00000017753`",6.97904742245188,13.1314335031491
"vivo","`ENSBTAG00000040131-ENSBTAG00000017256`",6.96413081336514,10.4908915872998
"vivo","`ENSBTAG00000011010-ENSBTAG00000009757`",6.95072538624138,10.6455331527708
"vivo","`ENSBTAG00000020645-ENSBTAG00000014944`",6.94986187914966,13.6823866914848
"vivo","`ENSBTAG00000023907-ENSBTAG00000013745`",6.94690416464464,10.4800397451427
"vivo","`ENSBTAG00000022635-ENSBTAG00000012897`",6.9398429048574,12.1635556772407
"vivo","`ENSBTAG00000011851-ENSBTAG00000019866`",6.93595035224407,13.0339639186407
"vivo","`ENSBTAG00000015742-ENSBTAG00000017060`",6.92294268718344,10.2243510388006
"vivo","`ENSBTAG00000025644-ENSBTAG00000019021`",6.9209303389791,12.4593607258275
"vivo","`ENSBTAG00000020406-ENSBTAG00000047793`",6.91209233164702,10.9814752292803
"vivo","`ENSBTAG00000005359-ENSBTAG00000024269`",6.8938981604642,9.62887579975274
"vivo","`ENSBTAG00000017280-ENSBTAG00000037735`",6.89363780367866,7.97440159883041
"vivo","`ENSBTAG00000008300-ENSBTAG00000017489`",6.88779018742548,10.0826786117836
"vivo","`ENSBTAG00000018134-ENSBTAG00000011628`",6.88384600140507,8.2630931668951
"vivo","`ENSBTAG00000005691-ENSBTAG00000015457`",6.88022699920057,8.73231092696692
"vivo","`ENSBTAG00000021499-ENSBTAG00000008849`",6.86813298866897,7.60809135329892
"vivo","`ENSBTAG00000012849-ENSBTAG00000019929`",6.86076771673813,12.1849508214025
"vivo","`ENSBTAG00000013103-ENSBTAG00000019929`",6.84734709587005,11.0103434487901
"vivo","`ENSBTAG00000013162-ENSBTAG00000002144`",6.84010316026366,8.47848623279109
"vivo","`ENSBTAG00000014737-ENSBTAG00000000782`",6.83535769005363,13.7637401571014
"vivo","`ENSBTAG00000013688-ENSBTAG00000019866`",6.83481653847062,8.0997163648035
"vivo","`ENSBTAG00000021466-ENSBTAG00000004885`",6.82964627244281,12.5365364387776
"vivo","`ENSBTAG00000023652-ENSBTAG00000003166`",6.81643251092725,9.62907855587948
"vivo","`ENSBTAG00000002006-ENSBTAG00000008165`",6.77091969751992,9.92376922925477
"vivo","`ENSBTAG00000020645-ENSBTAG00000021527`",6.76950341185774,8.92304630122321
"vivo","`ENSBTAG00000006538-ENSBTAG00000019903`",6.76778377819147,12.3975824213078
"vivo","`ENSBTAG00000020406-ENSBTAG00000021527`",6.76704493763887,8.13188796477328
"vivo","`ENSBTAG00000020645-ENSBTAG00000014600`",6.76399375576477,8.58081311398072
"vivo","`ENSBTAG00000015150-ENSBTAG00000017745`",6.73541565005778,9.84070899102661
"vivo","`ENSBTAG00000002006-ENSBTAG00000011154`",6.73417270446813,10.9633629473151
"vivo","`ENSBTAG00000005111-ENSBTAG00000018114`",6.72938400851826,12.8582895012648
"vivo","`ENSBTAG00000006354-ENSBTAG00000025101`",6.70124658241673,14.7712238125593
"vivo","`ENSBTAG00000000130-ENSBTAG00000014357`",6.69546162343455,7.88293643509269
"vivo","`ENSBTAG00000009972-ENSBTAG00000018114`",6.66938337328294,11.0644546500182
"vivo","`ENSBTAG00000017473-ENSBTAG00000017266`",6.66557092644088,12.0240832109902
"vivo","`ENSBTAG00000004362-ENSBTAG00000014357`",6.65979124477873,11.5478756537875
"vivo","`ENSBTAG00000014465-ENSBTAG00000019929`",6.65858326756424,11.4999854937164
"vivo","`ENSBTAG00000017549-ENSBTAG00000008197`",6.65651098195065,9.83002772565913
"vivo","`ENSBTAG00000014575-ENSBTAG00000019929`",6.64870588495442,12.3473016855809
"vivo","`ENSBTAG00000014556-ENSBTAG00000026676`",6.63185515546481,8.80347969711143
"vivo","`ENSBTAG00000017122-ENSBTAG00000000782`",6.61192827970804,9.87153401681291
"vivo","`ENSBTAG00000007268-ENSBTAG00000015910`",6.60825712363229,7.76407370083341
"vivo","`ENSBTAG00000010123-ENSBTAG00000012314`",6.59727641830696,15.2478650045718
"vivo","`ENSBTAG00000008300-ENSBTAG00000008165`",6.59333937937553,10.4109855198491
"vivo","`ENSBTAG00000017246-ENSBTAG00000019832`",6.58909825584796,7.29697250792231
"vivo","`ENSBTAG00000019839-ENSBTAG00000015910`",6.58373275481677,12.6409183047651
"vivo","`ENSBTAG00000017745-ENSBTAG00000018474`",6.57587430169886,10.2520051616735
"vivo","`ENSBTAG00000004924-ENSBTAG00000039292`",6.55399826044566,9.19055431492505
"vivo","`ENSBTAG00000017060-ENSBTAG00000007103`",6.55041102987796,8.96589747176333
"vivo","`ENSBTAG00000005947-ENSBTAG00000017060`",6.55009070059998,7.50209399437697
"vivo","`ENSBTAG00000012088-ENSBTAG00000015910`",6.5336261604969,9.24645946859871
"vivo","`ENSBTAG00000021945-ENSBTAG00000011741`",6.52841315733185,9.23654228791286
"vivo","`ENSBTAG00000010334-ENSBTAG00000046199`",6.51964319852761,9.6618382472629
"vivo","`ENSBTAG00000000575-ENSBTAG00000015296`",6.51234385615576,7.86116241000211
"vivo","`ENSBTAG00000012004-ENSBTAG00000013843`",6.50816336145334,8.36547710595269
"vivo","`ENSBTAG00000015043-ENSBTAG00000022799`",6.50464307425863,6.71950939769093
"vivo","`ENSBTAG00000021048-ENSBTAG00000019903`",6.50248060561038,8.77561592645384
"vivo","`ENSBTAG00000005198-ENSBTAG00000027464`",6.50150072070698,11.0632506420228
"vivo","`ENSBTAG00000007897-ENSBTAG00000002144`",6.49400425991133,7.95360199622557
"vivo","`ENSBTAG00000014906-ENSBTAG00000011515`",6.46797668834998,7.42828669466957
"vivo","`ENSBTAG00000007244-ENSBTAG00000000253`",6.45992163024598,7.85850230632866
"vivo","`ENSBTAG00000020457-ENSBTAG00000013222`",6.45183977847615,9.83141445201161
"vivo","`ENSBTAG00000022635-ENSBTAG00000009757`",6.44874764306151,7.96056499387668
"vivo","`ENSBTAG00000010726-ENSBTAG00000012314`",6.4414364763453,11.3616744349666
"vivo","`ENSBTAG00000004086-ENSBTAG00000019712`",6.43706597624045,13.3421061612621
"vivo","`ENSBTAG00000008452-ENSBTAG00000016071`",6.42928007016313,7.90645021691381
"vivo","`ENSBTAG00000020676-ENSBTAG00000017060`",6.40853454974682,7.5503300281844
"vivo","`ENSBTAG00000000016-ENSBTAG00000016455`",6.39879970668452,8.54745803273561
"vivo","`ENSBTAG00000004594-ENSBTAG00000019569`",6.39558865434907,9.74106899068232
"vivo","`ENSBTAG00000014583-ENSBTAG00000014567`",6.37420779658274,14.1632023731494
"vivo","`ENSBTAG00000016515-ENSBTAG00000000815`",6.36141159070757,12.2564249691237
"vivo","`ENSBTAG00000020342-ENSBTAG00000002107`",6.35967278142914,9.82795007423166
"vivo","`ENSBTAG00000034501-ENSBTAG00000005397`",6.35502457086332,8.78504420874141
"vivo","`ENSBTAG00000005581-ENSBTAG00000039292`",6.34283233908192,6.87194617579128
"vivo","`ENSBTAG00000020556-ENSBTAG00000017033`",6.34213319456266,7.5214883785292
"vivo","`ENSBTAG00000021333-ENSBTAG00000017801`",6.33826379110472,9.84357202605121
"vivo","`ENSBTAG00000017664-ENSBTAG00000011154`",6.33499338735176,9.93865686609341
"vivo","`ENSBTAG00000001764-ENSBTAG00000021190`",6.32152923386596,11.8338888442581
"vivo","`ENSBTAG00000004777-ENSBTAG00000014420`",6.31357148952527,9.28189923578395
"vivo","`ENSBTAG00000019839-ENSBTAG00000013755`",6.30134814710793,13.8854052449995
"vivo","`ENSBTAG00000000575-ENSBTAG00000011628`",6.29239502749081,8.4386966554532
"vivo","`ENSBTAG00000025644-ENSBTAG00000014567`",6.28900881920492,11.593555208029
"vivo","`ENSBTAG00000012444-ENSBTAG00000015910`",6.28124116266396,8.3496742564669
"vivo","`ENSBTAG00000011802-ENSBTAG00000019289`",6.26844453832522,11.0768250553371
"vivo","`ENSBTAG00000013898-ENSBTAG00000039292`",6.26322340737866,9.37550931184874
"vivo","`ENSBTAG00000014113-ENSBTAG00000014162`",6.2603125109724,9.91856393620903
"vivo","`ENSBTAG00000025775-ENSBTAG00000016948`",6.25266522342436,7.72740891519296
"vivo","`ENSBTAG00000005947-ENSBTAG00000013745`",6.25259827716229,10.1890448337803
"vivo","`ENSBTAG00000004129-ENSBTAG00000003220`",6.24608823768629,14.4239048586167
"vivo","`ENSBTAG00000007338-ENSBTAG00000017593`",6.2437631801209,9.62930282201934
"vivo","`ENSBTAG00000032436-ENSBTAG00000012599`",6.23891322864235,11.7712112300364
"vivo","`ENSBTAG00000010673-ENSBTAG00000000815`",6.2386492411284,8.79331906400768
"vivo","`ENSBTAG00000019964-ENSBTAG00000001694`",6.23699599764496,7.6699583980837
"vivo","`ENSBTAG00000005947-ENSBTAG00000019929`",6.23111354906597,9.65091094934049
"vivo","`ENSBTAG00000013155-ENSBTAG00000008165`",6.23068719955066,7.74387901427785
"vivo","`ENSBTAG00000007737-ENSBTAG00000022799`",6.21261301519128,8.76832280558679
"vivo","`ENSBTAG00000000575-ENSBTAG00000012897`",6.20159353474069,13.2979952599673
"vivo","`ENSBTAG00000013191-ENSBTAG00000019929`",6.19703915424697,11.6783353660585
"vivo","`ENSBTAG00000010361-ENSBTAG00000007909`",6.17600017780437,7.55769625625035
"vivo","`ENSBTAG00000007740-ENSBTAG00000007909`",6.17475529599944,7.23774906790334
"vivo","`ENSBTAG00000017448-ENSBTAG00000011628`",6.16710740613869,8.79691302420598
"vivo","`ENSBTAG00000017664-ENSBTAG00000011578`",6.151577140575,12.1193101116172
"vivo","`ENSBTAG00000004630-ENSBTAG00000003585`",6.14891815258363,10.4384506740215
"vivo","`ENSBTAG00000003837-ENSBTAG00000002606`",6.14096263651357,8.03856376049121
"vivo","`ENSBTAG00000012829-ENSBTAG00000017745`",6.13325722710931,12.1179693980768
"vivo","`ENSBTAG00000021048-ENSBTAG00000017489`",6.13167052894803,8.52878118733448
"vivo","`ENSBTAG00000014583-ENSBTAG00000020661`",6.11299148809446,9.25093074046807
"vivo","`ENSBTAG00000007737-ENSBTAG00000006240`",6.10244924916165,10.2603085833892
"vivo","`ENSBTAG00000017745-ENSBTAG00000015361`",6.09987526900448,9.45962310451393
"vivo","`ENSBTAG00000005691-ENSBTAG00000026676`",6.08662451322171,10.1496281435262
"vivo","`ENSBTAG00000001941-ENSBTAG00000014966`",6.07953982086392,8.50113993912945
"vivo","`ENSBTAG00000020221-ENSBTAG00000005903`",6.07773698127168,11.5732523036923
"vivo","`ENSBTAG00000020457-ENSBTAG00000015910`",6.07759481862768,12.3735806625443
"vivo","`ENSBTAG00000014465-ENSBTAG00000013755`",6.0689137219525,7.44334834209033
"vivo","`ENSBTAG00000012444-ENSBTAG00000015127`",6.06621940751956,7.46563223938645
"vivo","`ENSBTAG00000011851-ENSBTAG00000000782`",6.05640570602252,9.50195990420226
"vivo","`ENSBTAG00000010138-ENSBTAG00000019866`",6.04835131013814,9.86425529612138
"vivo","`ENSBTAG00000004630-ENSBTAG00000013745`",6.04811404219715,7.42460489024307
"vivo","`ENSBTAG00000011757-ENSBTAG00000007909`",6.04121324962424,9.97403633337784
"vivo","`ENSBTAG00000005691-ENSBTAG00000010543`",6.04009109820331,8.3260236158613
"vivo","`ENSBTAG00000005339-ENSBTAG00000007213`",6.03990832492779,11.8383503015241
"vivo","`ENSBTAG00000011563-ENSBTAG00000010497`",6.027732175829,8.1196433202171
"vivo","`ENSBTAG00000017122-ENSBTAG00000019289`",6.0033609944839,7.84487230610049
"vivo","`ENSBTAG00000000575-ENSBTAG00000012119`",6.00300941620071,9.82130438125701
"vivo","`ENSBTAG00000004237-ENSBTAG00000010444`",6.00071903662633,5.95517705770178
"vivo","`ENSBTAG00000002302-ENSBTAG00000017256`",5.99181635113472,8.09848730336821
"vivo","`ENSBTAG00000002441-ENSBTAG00000039292`",5.98765951654316,10.5537271386106
"vivo","`ENSBTAG00000006295-ENSBTAG00000017981`",5.98647821579801,7.85496817203682
"vivo","`ENSBTAG00000023907-ENSBTAG00000020644`",5.98546677528127,9.17548164415305
"vivo","`ENSBTAG00000017664-ENSBTAG00000019712`",5.98230815071462,8.86147134053732
"vivo","`ENSBTAG00000039355-ENSBTAG00000018993`",5.97868583433868,8.34752891726702
"vivo","`ENSBTAG00000025644-ENSBTAG00000020667`",5.97834991499295,9.94727502908095
"vivo","`ENSBTAG00000015978-ENSBTAG00000039292`",5.97470628576783,9.37135151516325
"vivo","`ENSBTAG00000005198-ENSBTAG00000011578`",5.97197238837145,7.2605284581022
"vivo","`ENSBTAG00000005198-ENSBTAG00000010543`",5.96034171107925,6.8564659856838
"vivo","`ENSBTAG00000008300-ENSBTAG00000004356`",5.95176703365773,9.21852635932881
"vivo","`ENSBTAG00000014113-ENSBTAG00000003220`",5.94466965286423,9.28355892143938
"vivo","`ENSBTAG00000009478-ENSBTAG00000000231`",5.93151927735063,8.42232470943554
"vivo","`ENSBTAG00000005359-ENSBTAG00000008997`",5.92958879944703,9.05260152521709
"vivo","`ENSBTAG00000020457-ENSBTAG00000018035`",5.92861497094642,9.80863712051555
"vivo","`ENSBTAG00000005260-ENSBTAG00000015910`",5.91157426352439,7.86034444140095
"vivo","`ENSBTAG00000020457-ENSBTAG00000012599`",5.90706367988194,7.02311488308614
"vivo","`ENSBTAG00000011851-ENSBTAG00000015510`",5.89711008691218,7.34698575191765
"vivo","`ENSBTAG00000018347-ENSBTAG00000013205`",5.89661141542465,7.19709710543196
"vivo","`ENSBTAG00000017246-ENSBTAG00000012599`",5.8961162431388,8.62450418908144
"vivo","`ENSBTAG00000014583-ENSBTAG00000012100`",5.89568712409648,5.49975303121977
"vivo","`ENSBTAG00000014834-ENSBTAG00000005828`",5.88360344454275,11.1371417383365
"vivo","`ENSBTAG00000007737-ENSBTAG00000006161`",5.86949628365768,14.7359981114877
"vivo","`ENSBTAG00000032808-ENSBTAG00000007498`",5.86909760273625,9.38272258624152
"vivo","`ENSBTAG00000013760-ENSBTAG00000015910`",5.85936873456933,7.06197674694881
"vivo","`ENSBTAG00000008300-ENSBTAG00000017266`",5.84820622080172,8.05557251196097
"vivo","`ENSBTAG00000005947-ENSBTAG00000013755`",5.83909446561372,9.9246056786431
"vivo","`ENSBTAG00000007897-ENSBTAG00000039292`",5.83217205439145,7.07045640878244
"vivo","`ENSBTAG00000007737-ENSBTAG00000019832`",5.82862197457625,7.2720463774081
"vivo","`ENSBTAG00000024394-ENSBTAG00000019866`",5.82694942356038,9.26084065301964
"vivo","`ENSBTAG00000017246-ENSBTAG00000007909`",5.82243729284455,8.60314311183193
"vivo","`ENSBTAG00000008300-ENSBTAG00000001882`",5.81869351069285,7.50157316413792
"vivo","`ENSBTAG00000010312-ENSBTAG00000017753`",5.8167044168378,9.65544742522323
"vivo","`ENSBTAG00000015177-ENSBTAG00000010249`",5.78139998568798,7.25150074590444
"vivo","`ENSBTAG00000017246-ENSBTAG00000006378`",5.78045732174556,8.87714082537796
"vivo","`ENSBTAG00000023600-ENSBTAG00000005910`",5.77606399446526,9.85911810686708
"vivo","`ENSBTAG00000010123-ENSBTAG00000014269`",5.77415591553541,14.468820863295
"vivo","`ENSBTAG00000014465-ENSBTAG00000013125`",5.77405097728385,8.64731315496889
"vivo","`ENSBTAG00000007773-ENSBTAG00000010347`",5.77293754793145,6.52397987924853
"vivo","`ENSBTAG00000007244-ENSBTAG00000011741`",5.7565734015522,8.15137595320042
"vivo","`ENSBTAG00000021316-ENSBTAG00000015910`",5.75131593920787,8.22256817100335
"vivo","`ENSBTAG00000006685-ENSBTAG00000019404`",5.73476725906399,7.8080450781264
"vivo","`ENSBTAG00000020645-ENSBTAG00000005990`",5.72371340931487,6.54695305662041
"vivo","`ENSBTAG00000010123-ENSBTAG00000018517`",5.71653004247766,8.93191124546252
"vivo","`ENSBTAG00000011082-ENSBTAG00000021527`",5.70680206887314,10.1379189867631
"vivo","`ENSBTAG00000011580-ENSBTAG00000046199`",5.70310082420654,7.48283640898286
"vivo","`ENSBTAG00000005260-ENSBTAG00000005990`",5.69963028300442,7.22963089126302
"vivo","`ENSBTAG00000013191-ENSBTAG00000018052`",5.69674313812434,8.42658287441067
"vivo","`ENSBTAG00000025644-ENSBTAG00000012687`",5.6914409309911,7.61584871182355
"vivo","`ENSBTAG00000021466-ENSBTAG00000019289`",5.6814296809703,15.7250228395788
"vivo","`ENSBTAG00000019604-ENSBTAG00000009851`",5.66904456678192,8.31513383640332
"vivo","`ENSBTAG00000010161-ENSBTAG00000014162`",5.66531126745803,10.125327154615
"vivo","`ENSBTAG00000003835-ENSBTAG00000000231`",5.65896488090577,9.56555915313097
"vivo","`ENSBTAG00000014583-ENSBTAG00000011050`",5.6549129365127,8.06054707571215
"vivo","`ENSBTAG00000014921-ENSBTAG00000017745`",5.64090545459947,8.40133446895836
"vivo","`ENSBTAG00000018103-ENSBTAG00000011154`",5.63082073597603,10.6695219630806
"vivo","`ENSBTAG00000025471-ENSBTAG00000020054`",5.62147215460292,7.59016667474418
"vivo","`ENSBTAG00000005077-ENSBTAG00000014798`",5.61781280761732,7.32164797420686
"vivo","`ENSBTAG00000006655-ENSBTAG00000003255`",5.61546212258728,8.29281583064893
"vivo","`ENSBTAG00000003837-ENSBTAG00000011761`",5.61180154688481,5.71309794857356
"vivo","`ENSBTAG00000005111-ENSBTAG00000008997`",5.61101210365011,7.46170773851335
"vivo","`ENSBTAG00000013472-ENSBTAG00000011578`",5.59313375747467,7.89632884617019
"vivo","`ENSBTAG00000025868-ENSBTAG00000008165`",5.58657931842395,9.43607093352356
"vivo","`ENSBTAG00000017246-ENSBTAG00000014064`",5.58477165701844,6.3141724898039
"vivo","`ENSBTAG00000014218-ENSBTAG00000005903`",5.57015771969409,8.14259402343715
"vivo","`ENSBTAG00000010663-ENSBTAG00000015910`",5.56656351586846,9.17893791875591
"vivo","`ENSBTAG00000017312-ENSBTAG00000017136`",5.55133127273274,9.32976110800012
"vivo","`ENSBTAG00000017312-ENSBTAG00000039292`",5.55126648494863,6.41280558739009
"vivo","`ENSBTAG00000017753-ENSBTAG00000020979`",5.55063678568067,6.4317648735466
"vivo","`ENSBTAG00000020457-ENSBTAG00000019929`",5.53617526479956,9.94009895838743
"vivo","`ENSBTAG00000005359-ENSBTAG00000018035`",5.5279692932394,7.69903476559447
"vivo","`ENSBTAG00000001725-ENSBTAG00000039292`",5.49679012918254,7.71383683402693
"vivo","`ENSBTAG00000025644-ENSBTAG00000012100`",5.49022043811312,6.35847847695661
"vivo","`ENSBTAG00000011412-ENSBTAG00000019289`",5.47913683261416,8.57335494042269
"vivo","`ENSBTAG00000010312-ENSBTAG00000014420`",5.47876458043861,7.93641501047204
"vivo","`ENSBTAG00000018343-ENSBTAG00000004211`",5.47690819398141,7.43323846198614
"vivo","`ENSBTAG00000017455-ENSBTAG00000017266`",5.46735565086709,8.80652375544836
"vivo","`ENSBTAG00000025644-ENSBTAG00000011425`",5.46630867497643,6.74240938033115
"vivo","`ENSBTAG00000017866-ENSBTAG00000014031`",5.46410191583255,6.18167204490352
"vivo","`ENSBTAG00000007148-ENSBTAG00000034848`",5.46354717079268,7.25204998338925
"vivo","`ENSBTAG00000019964-ENSBTAG00000003166`",5.44254288474259,9.45233966454587
"vivo","`ENSBTAG00000015991-ENSBTAG00000005903`",5.44046202174613,8.28128224111385
"vivo","`ENSBTAG00000006045-ENSBTAG00000011944`",5.41391676686295,6.55259695092033
"vivo","`ENSBTAG00000000130-ENSBTAG00000004211`",5.40855026094531,5.84569879024731
"vivo","`ENSBTAG00000001941-ENSBTAG00000006161`",5.39006419542606,5.98249464159556
"vivo","`ENSBTAG00000012004-ENSBTAG00000024269`",5.3900007593719,7.49941293863312
"vivo","`ENSBTAG00000005710-ENSBTAG00000009851`",5.38589118101707,10.9033209675572
"vivo","`ENSBTAG00000010673-ENSBTAG00000006359`",5.3811842550403,7.49679717739131
"vivo","`ENSBTAG00000032436-ENSBTAG00000007909`",5.38090466608431,10.4205473932749
"vivo","`ENSBTAG00000007737-ENSBTAG00000007909`",5.38066502626425,6.81189609388317
"vivo","`ENSBTAG00000005339-ENSBTAG00000011971`",5.36702876856999,8.14385010029949
"vivo","`ENSBTAG00000025775-ENSBTAG00000020704`",5.35687231648377,7.39638394416716
"vivo","`ENSBTAG00000030710-ENSBTAG00000013755`",5.34784557371405,9.02280148896125
"vivo","`ENSBTAG00000016260-ENSBTAG00000011628`",5.33003976645779,6.50633874670489
"vivo","`ENSBTAG00000018463-ENSBTAG00000011578`",5.32928717726597,8.05129591510301
"vivo","`ENSBTAG00000010963-ENSBTAG00000000973`",5.32139793636391,8.3553304805209
"vivo","`ENSBTAG00000021302-ENSBTAG00000015910`",5.30701978963594,7.07640374011116
"vivo","`ENSBTAG00000008237-ENSBTAG00000005273`",5.29959177025812,8.84326292749149
"vivo","`ENSBTAG00000007244-ENSBTAG00000019929`",5.28793998883696,7.98905478212156
"vivo","`ENSBTAG00000038735-ENSBTAG00000017981`",5.28206807925079,7.53055916614383
"vivo","`ENSBTAG00000014075-ENSBTAG00000012887`",5.27504670700884,8.55278066125609
"vivo","`ENSBTAG00000008300-ENSBTAG00000018993`",5.26080686556324,6.42459325192606
"vivo","`ENSBTAG00000007740-ENSBTAG00000013320`",5.25442767245644,8.90308310201182
"vivo","`ENSBTAG00000005198-ENSBTAG00000014064`",5.24843841823762,8.21413686337627
"vivo","`ENSBTAG00000014583-ENSBTAG00000014600`",5.24502510897439,6.38898701236979
"vivo","`ENSBTAG00000012638-ENSBTAG00000017753`",5.24191720279274,9.00129072388026
"vivo","`ENSBTAG00000005163-ENSBTAG00000006240`",5.23197924756048,6.49098581801063
"vivo","`ENSBTAG00000007148-ENSBTAG00000000898`",5.23190206991453,10.3198217509167
"vivo","`ENSBTAG00000017280-ENSBTAG00000017060`",5.23070521314632,8.32581130508905
"vivo","`ENSBTAG00000005305-ENSBTAG00000008849`",5.22559263626577,6.74408979564587
"vivo","`ENSBTAG00000011412-ENSBTAG00000019929`",5.22435161657632,9.91244642874331
"vivo","`ENSBTAG00000001321-ENSBTAG00000013205`",5.22375387914747,7.83467676637776
"vivo","`ENSBTAG00000034077-ENSBTAG00000003848`",5.19980763537287,8.97862528320086
"vivo","`ENSBTAG00000001292-ENSBTAG00000032719`",5.18958801111956,6.212446536459
"vivo","`ENSBTAG00000011757-ENSBTAG00000022799`",5.17971292061415,8.68777906456347
"vivo","`ENSBTAG00000017753-ENSBTAG00000015996`",5.17618021744375,7.60731899142302
"vivo","`ENSBTAG00000005108-ENSBTAG00000010462`",5.16670916325325,8.70036720065088
"vivo","`ENSBTAG00000013760-ENSBTAG00000003585`",5.16540111603056,5.99225707774281
"vivo","`ENSBTAG00000000310-ENSBTAG00000022799`",5.16285502986965,4.84243955871865
"vivo","`ENSBTAG00000000575-ENSBTAG00000019289`",5.15681679876461,9.4279345434623
"vivo","`ENSBTAG00000040584-ENSBTAG00000021923`",5.15227225430357,6.00463722276347
"vivo","`ENSBTAG00000025775-ENSBTAG00000017489`",5.14331280988438,6.61969093158258
"vivo","`ENSBTAG00000023907-ENSBTAG00000015996`",5.12695571408242,7.37492029580404
"vivo","`ENSBTAG00000014127-ENSBTAG00000020319`",5.12621722818379,6.84391054046986
"vivo","`ENSBTAG00000018134-ENSBTAG00000010444`",5.12354940503969,8.9592915026194
"vivo","`ENSBTAG00000006295-ENSBTAG00000020704`",5.11777716086474,9.47396022915107
"vivo","`ENSBTAG00000023907-ENSBTAG00000013755`",5.11756507181218,8.30005194664243
"vivo","`ENSBTAG00000013155-ENSBTAG00000010682`",5.10578235273961,9.31426114760257
"vivo","`ENSBTAG00000005108-ENSBTAG00000015996`",5.10061417276949,9.59893649281201
"vivo","`ENSBTAG00000017246-ENSBTAG00000018035`",5.09862001121887,5.22025214256978
"vivo","`ENSBTAG00000009761-ENSBTAG00000002144`",5.09816135909848,8.86961901798785
"vivo","`ENSBTAG00000014113-ENSBTAG00000001338`",5.09680388065674,8.05901052151703
"vivo","`ENSBTAG00000005628-ENSBTAG00000008852`",5.09679071147502,7.6412776829233
"vivo","`ENSBTAG00000018077-ENSBTAG00000024406`",5.09670338055935,8.1533701665218
"vivo","`ENSBTAG00000004594-ENSBTAG00000011578`",5.08696151965625,6.79631897370277
"vivo","`ENSBTAG00000014583-ENSBTAG00000026813`",5.07089464998926,5.00211105803041
"vivo","`ENSBTAG00000025644-ENSBTAG00000014600`",5.06887545205089,6.88940319799788
"vivo","`ENSBTAG00000005691-ENSBTAG00000011154`",5.06733785975956,7.44439994259653
"vivo","`ENSBTAG00000017753-ENSBTAG00000015228`",5.06009085167683,7.08976831074928
"vivo","`ENSBTAG00000014737-ENSBTAG00000037649`",5.05426169465811,7.52647240697305
"vivo","`ENSBTAG00000011966-ENSBTAG00000017266`",5.04827988605836,6.71295078676705
"vivo","`ENSBTAG00000021499-ENSBTAG00000008036`",5.03963784391227,7.73906713740883
"vivo","`ENSBTAG00000002006-ENSBTAG00000017866`",5.03457062958982,6.96771233748493
"vivo","`ENSBTAG00000005691-ENSBTAG00000027464`",5.03072266997102,8.5476562529909
"vivo","`ENSBTAG00000007446-ENSBTAG00000015591`",5.02726600322742,6.41774627539766
"vivo","`ENSBTAG00000014051-ENSBTAG00000003777`",5.02186411417306,7.45879044779238
"vivo","`ENSBTAG00000025644-ENSBTAG00000004588`",5.01857929695485,8.34895954621556
"vivo","`ENSBTAG00000007708-ENSBTAG00000000244`",5.01431543036481,8.33045204192223
"vivo","`ENSBTAG00000015991-ENSBTAG00000024015`",5.01122781891342,8.2767239616847
"vivo","`ENSBTAG00000001941-ENSBTAG00000023144`",5.00807941596534,6.42039470657722
"vivo","`ENSBTAG00000020645-ENSBTAG00000014798`",5.00625233477685,6.3443509796711
"vivo","`ENSBTAG00000012004-ENSBTAG00000013755`",5.00596624576915,8.00527417656976
"vivo","`ENSBTAG00000017455-ENSBTAG00000019929`",4.99450289851324,5.88789332508812
"vivo","`ENSBTAG00000019993-ENSBTAG00000027516`",4.98731608369016,7.52528678811544
"vivo","`ENSBTAG00000034077-ENSBTAG00000023731`",4.97764423716939,8.53323367657468
"vivo","`ENSBTAG00000020457-ENSBTAG00000014357`",4.95427948327995,7.61224299195668
"vivo","`ENSBTAG00000017664-ENSBTAG00000014357`",4.95091826345477,6.58149795763151
"vivo","`ENSBTAG00000006354-ENSBTAG00000012071`",4.93271745589537,8.62007614028985
"vivo","`ENSBTAG00000045582-ENSBTAG00000012314`",4.93071032100364,8.37479649438353
"vivo","`ENSBTAG00000010123-ENSBTAG00000000736`",4.93015537197835,8.77756412548354
"vivo","`ENSBTAG00000025644-ENSBTAG00000014773`",4.92133722313775,6.26291596440142
"vivo","`ENSBTAG00000037533-ENSBTAG00000005397`",4.89683217444569,7.34057603277378
"vivo","`ENSBTAG00000046421-ENSBTAG00000007213`",4.89474850991246,7.76384202990782
"vivo","`ENSBTAG00000013363-ENSBTAG00000009851`",4.88417217230835,7.05440886113613
"vivo","`ENSBTAG00000000575-ENSBTAG00000020679`",4.85743783163193,7.07818222162705
"vivo","`ENSBTAG00000017246-ENSBTAG00000022799`",4.83700173542958,11.2413666913015
"vivo","`ENSBTAG00000011757-ENSBTAG00000011578`",4.83414580000967,7.54189596508575
"vivo","`ENSBTAG00000014906-ENSBTAG00000011628`",4.8315080800518,5.802411324099
"vivo","`ENSBTAG00000006538-ENSBTAG00000020704`",4.82390681559147,10.012726116332
"vivo","`ENSBTAG00000005359-ENSBTAG00000019832`",4.80979828675559,9.3353307395473
"vivo","`ENSBTAG00000009972-ENSBTAG00000011909`",4.80675971173434,5.73429203240971
"vivo","`ENSBTAG00000017060-ENSBTAG00000010303`",4.79672138702959,10.403282950571
"vivo","`ENSBTAG00000010303-ENSBTAG00000011628`",4.79184983066185,7.14915607899172
"vivo","`ENSBTAG00000005111-ENSBTAG00000006420`",4.78731236547506,8.15737310668702
"vivo","`ENSBTAG00000012413-ENSBTAG00000015457`",4.78293088301821,9.15805213693149
"vivo","`ENSBTAG00000010303-ENSBTAG00000007103`",4.77957778386298,4.82417465415951
"vivo","`ENSBTAG00000022635-ENSBTAG00000018169`",4.76594458098182,7.48802882588932
"vivo","`ENSBTAG00000010738-ENSBTAG00000001338`",4.76434281731176,5.8965694285431
"vivo","`ENSBTAG00000011291-ENSBTAG00000006732`",4.7501305094513,5.66574196168892
"vivo","`ENSBTAG00000005691-ENSBTAG00000014357`",4.74984390536855,8.48810604422022
"vivo","`ENSBTAG00000025644-ENSBTAG00000010785`",4.74046681621848,8.29665952302606
"vivo","`ENSBTAG00000020645-ENSBTAG00000006208`",4.73855508290754,5.87676247304749
"vivo","`ENSBTAG00000003505-ENSBTAG00000006161`",4.73849904649869,7.65943038273942
"vivo","`ENSBTAG00000021048-ENSBTAG00000020704`",4.72858967127744,5.11046461694861
"vivo","`ENSBTAG00000005691-ENSBTAG00000014064`",4.72771815958682,5.87031742760495
"vivo","`ENSBTAG00000012210-ENSBTAG00000037735`",4.71870196824869,7.41283805043181
"vivo","`ENSBTAG00000006505-ENSBTAG00000006240`",4.7106568518505,6.62390536062307
"vivo","`ENSBTAG00000001292-ENSBTAG00000034385`",4.70906665732536,6.61526300598043
"vivo","`ENSBTAG00000047567-ENSBTAG00000019866`",4.70629755821009,9.37458995466548
"vivo","`ENSBTAG00000000575-ENSBTAG00000026676`",4.69924217855795,4.77586780398789
"vivo","`ENSBTAG00000013191-ENSBTAG00000015910`",4.69583919460327,7.82366352836605
"vivo","`ENSBTAG00000016515-ENSBTAG00000006359`",4.69446998549022,4.63333094865105
"vivo","`ENSBTAG00000012849-ENSBTAG00000019289`",4.69413198749787,6.09464895718488
"vivo","`ENSBTAG00000007737-ENSBTAG00000018035`",4.69070743188229,6.14885142209805
"vivo","`ENSBTAG00000031998-ENSBTAG00000015708`",4.6899319021327,5.42228426413461
"vivo","`ENSBTAG00000001941-ENSBTAG00000011409`",4.66976742202798,6.8394090134865
"vivo","`ENSBTAG00000004777-ENSBTAG00000017753`",4.66460901715918,9.62189385843288
"vivo","`ENSBTAG00000004129-ENSBTAG00000014798`",4.66086231259689,7.4034989698008
"vivo","`ENSBTAG00000006989-ENSBTAG00000011971`",4.66085047062189,5.60102285176227
"vivo","`ENSBTAG00000010123-ENSBTAG00000005903`",4.65319992314456,10.0463100826243
"vivo","`ENSBTAG00000020457-ENSBTAG00000019832`",4.65205731564391,5.17366520606173
"vivo","`ENSBTAG00000014737-ENSBTAG00000001462`",4.65081829327738,7.98251960223712
"vivo","`ENSBTAG00000005250-ENSBTAG00000006240`",4.64580510695529,5.42562506173617
"vivo","`ENSBTAG00000011802-ENSBTAG00000015910`",4.64183002302441,4.28267394734301
"vivo","`ENSBTAG00000010663-ENSBTAG00000013745`",4.63578773170607,8.75456561402134
"vivo","`ENSBTAG00000017468-ENSBTAG00000013557`",4.62930467145051,5.74485610610592
"vivo","`ENSBTAG00000001460-ENSBTAG00000020661`",4.62725847393742,6.77345990629368
"vivo","`ENSBTAG00000026779-ENSBTAG00000007103`",4.62098318974969,4.85605823883072
"vivo","`ENSBTAG00000015991-ENSBTAG00000000253`",4.61617581972307,8.61481408544402
"vivo","`ENSBTAG00000008300-ENSBTAG00000013125`",4.6142064003233,6.84711899036775
"vivo","`ENSBTAG00000013688-ENSBTAG00000011971`",4.61258064578502,8.24341355723424
"vivo","`ENSBTAG00000018103-ENSBTAG00000006240`",4.60646694264008,7.88198908335436
"vivo","`ENSBTAG00000010738-ENSBTAG00000014162`",4.60529861658742,5.88667087832517
"vivo","`ENSBTAG00000004226-ENSBTAG00000021286`",4.5795753494044,6.73708953351946
"vivo","`ENSBTAG00000015327-ENSBTAG00000011425`",4.579449103325,7.15947005431677
"vivo","`ENSBTAG00000007737-ENSBTAG00000002081`",4.56433704000668,8.09581871020186
"vivo","`ENSBTAG00000017564-ENSBTAG00000017846`",4.56210097644263,5.74282420410944
"vivo","`ENSBTAG00000032436-ENSBTAG00000018035`",4.55954576910092,4.87899519687744
"vivo","`ENSBTAG00000038735-ENSBTAG00000020704`",4.5586093563561,6.82910357861233
"vivo","`ENSBTAG00000007740-ENSBTAG00000017266`",4.54296406991019,5.09232854291664
"vivo","`ENSBTAG00000012623-ENSBTAG00000002606`",4.52914164411005,6.33699984869218
"vivo","`ENSBTAG00000009972-ENSBTAG00000024269`",4.50862257263667,6.24764294177131
"vivo","`ENSBTAG00000011412-ENSBTAG00000012897`",4.50295415970672,7.11094098085527
"vivo","`ENSBTAG00000006538-ENSBTAG00000017489`",4.49870017442031,7.14762842665119
"vivo","`ENSBTAG00000011104-ENSBTAG00000023147`",4.48671557830737,6.28841795499508
"vivo","`ENSBTAG00000014737-ENSBTAG00000011971`",4.48194626054437,5.90363542864307
"vivo","`ENSBTAG00000000073-ENSBTAG00000000736`",4.47924735554219,6.38563889879403
"vivo","`ENSBTAG00000037533-ENSBTAG00000037735`",4.47326720919447,5.35653400329723
"vivo","`ENSBTAG00000010312-ENSBTAG00000020199`",4.47083701111406,6.66289533185975
"vivo","`ENSBTAG00000008817-ENSBTAG00000012897`",4.46970319590228,7.36280494406581
"vivo","`ENSBTAG00000007740-ENSBTAG00000015910`",4.46783389841176,4.58159456810801
"vivo","`ENSBTAG00000007708-ENSBTAG00000025324`",4.46539555455758,6.44351974436127
"vivo","`ENSBTAG00000009812-ENSBTAG00000003220`",4.46516536932786,5.41208942059079
"vivo","`ENSBTAG00000014575-ENSBTAG00000015910`",4.46351891604437,5.31810932376853
"vivo","`ENSBTAG00000011810-ENSBTAG00000003777`",4.45711100175188,7.50790670406361
"vivo","`ENSBTAG00000008027-ENSBTAG00000047138`",4.45167173597106,7.24568372476899
"vivo","`ENSBTAG00000000016-ENSBTAG00000015312`",4.45157256432383,7.21393776508756
"vivo","`ENSBTAG00000006538-ENSBTAG00000017981`",4.44986502355147,6.69929156210741
"vivo","`ENSBTAG00000015352-ENSBTAG00000012599`",4.44671509702833,4.69056728458998
"vivo","`ENSBTAG00000010963-ENSBTAG00000009024`",4.44436377274417,6.32100041678283
"vivo","`ENSBTAG00000005481-ENSBTAG00000003166`",4.44185691040493,6.61835311382462
"vivo","`ENSBTAG00000025644-ENSBTAG00000020661`",4.4400768215978,5.85953544658642
"vivo","`ENSBTAG00000013898-ENSBTAG00000047704`",4.43499891422176,4.75139787197191
"vivo","`ENSBTAG00000005339-ENSBTAG00000000782`",4.4309664165481,6.6636366426815
"vivo","`ENSBTAG00000007740-ENSBTAG00000011154`",4.42593035081304,6.13541878719449
"vivo","`ENSBTAG00000006538-ENSBTAG00000002144`",4.41757934555544,8.02362000745016
"vivo","`ENSBTAG00000000277-ENSBTAG00000027676`",4.41069822578011,7.51898637420764
"vivo","`ENSBTAG00000012228-ENSBTAG00000014966`",4.40070601644425,5.22234240559645
"vivo","`ENSBTAG00000011585-ENSBTAG00000015046`",4.39271422592569,3.89988189811797
"vivo","`ENSBTAG00000005691-ENSBTAG00000015127`",4.38616698822726,6.62896295967223
"vivo","`ENSBTAG00000014921-ENSBTAG00000007101`",4.36901618038568,9.13504197447727
"vivo","`ENSBTAG00000004362-ENSBTAG00000015996`",4.35991789806564,6.99899144540253
"vivo","`ENSBTAG00000013066-ENSBTAG00000002402`",4.35803803587948,6.42106643137293
"vivo","`ENSBTAG00000007737-ENSBTAG00000006378`",4.35493083230823,6.08317166697619
"vivo","`ENSBTAG00000014921-ENSBTAG00000018474`",4.35254103914173,7.51220974618814
"vivo","`ENSBTAG00000004924-ENSBTAG00000031718`",4.34623943733931,8.83228709185135
"vivo","`ENSBTAG00000005111-ENSBTAG00000018105`",4.3451019949447,7.5209291973411
"vivo","`ENSBTAG00000003835-ENSBTAG00000002081`",4.34215992656113,5.2647948774763
"vivo","`ENSBTAG00000021105-ENSBTAG00000014031`",4.33578143907368,9.33169127047067
"vivo","`ENSBTAG00000020194-ENSBTAG00000011628`",4.32667990544039,7.55294144491163
"vivo","`ENSBTAG00000007897-ENSBTAG00000016948`",4.32311850885794,4.96827537949504
"vivo","`ENSBTAG00000025644-ENSBTAG00000011515`",4.3155506162501,6.78197827153992
"vivo","`ENSBTAG00000032436-ENSBTAG00000014064`",4.31517916896552,7.55267443087817
"vivo","`ENSBTAG00000020457-ENSBTAG00000001060`",4.31308867014234,5.89384829501228
"vivo","`ENSBTAG00000020221-ENSBTAG00000035084`",4.30753804556756,6.22312757862352
"vivo","`ENSBTAG00000013003-ENSBTAG00000021527`",4.29109241365168,6.24999049883926
"vivo","`ENSBTAG00000020645-ENSBTAG00000020199`",4.2776956399232,5.86829240341435
"vivo","`ENSBTAG00000012066-ENSBTAG00000019929`",4.27609119961199,6.56005606643321
"vivo","`ENSBTAG00000020221-ENSBTAG00000012314`",4.2515498678313,8.19845987187173
"vivo","`ENSBTAG00000019716-ENSBTAG00000003220`",4.24520531146516,6.4267352582959
"vivo","`ENSBTAG00000018773-ENSBTAG00000001941`",4.24201205458317,5.58581088446543
"vivo","`ENSBTAG00000015789-ENSBTAG00000011628`",4.23890399598011,4.6283555900305
"vivo","`ENSBTAG00000005198-ENSBTAG00000015457`",4.2304448620748,5.46859160986333
"vivo","`ENSBTAG00000014127-ENSBTAG00000039652`",4.22030234345201,6.25888098424704
"vivo","`ENSBTAG00000003253-ENSBTAG00000011434`",4.20731549172187,5.67792056262872
"vivo","`ENSBTAG00000005339-ENSBTAG00000003166`",4.19768556430314,6.13177749343407
"vivo","`ENSBTAG00000007319-ENSBTAG00000007909`",4.1928218613055,7.68500354099351
"vivo","`ENSBTAG00000005077-ENSBTAG00000018424`",4.18574772166093,6.23840008159971
"vivo","`ENSBTAG00000010963-ENSBTAG00000003255`",4.18253755251519,8.10589790348013
"vivo","`ENSBTAG00000016542-ENSBTAG00000019569`",4.17976765704825,7.50370473285542
"vivo","`ENSBTAG00000020221-ENSBTAG00000006835`",4.17933473021412,8.04983356750954
"vivo","`ENSBTAG00000007244-ENSBTAG00000015910`",4.17822228378543,4.99892424083634
"vivo","`ENSBTAG00000007148-ENSBTAG00000020199`",4.17153223924942,7.27154988421937
"vivo","`ENSBTAG00000017122-ENSBTAG00000011741`",4.16772827145217,4.59902263510716
"vivo","`ENSBTAG00000011757-ENSBTAG00000004334`",4.16102195008129,7.78468049273847
"vivo","`ENSBTAG00000013901-ENSBTAG00000019153`",4.14988950457887,6.25334518764218
"vivo","`ENSBTAG00000037778-ENSBTAG00000039292`",4.14132109502661,7.15029756581585
"vivo","`ENSBTAG00000013103-ENSBTAG00000011578`",4.13401046557248,6.97173653527931
"vivo","`ENSBTAG00000006538-ENSBTAG00000016948`",4.12869305889519,5.15749084034181
"vivo","`ENSBTAG00000020457-ENSBTAG00000003045`",4.12559272984335,5.60721828687618
"vivo","`ENSBTAG00000017745-ENSBTAG00000016933`",4.12073718099694,5.25033893652394
"vivo","`ENSBTAG00000007708-ENSBTAG00000046199`",4.11642765986796,4.19626590739311
"vivo","`ENSBTAG00000005077-ENSBTAG00000015910`",4.10222830716329,6.15625710071778
"vivo","`ENSBTAG00000007446-ENSBTAG00000020979`",4.0995091121796,5.93093429690346
"vivo","`ENSBTAG00000002006-ENSBTAG00000017266`",4.09364508435998,5.75588140037131
"vivo","`ENSBTAG00000007737-ENSBTAG00000012599`",4.092080010067,5.28387564035748
"vivo","`ENSBTAG00000038221-ENSBTAG00000006359`",4.09091853294697,9.84181790327336
"vivo","`ENSBTAG00000000575-ENSBTAG00000015127`",4.08389498807712,6.50666763333113
"vivo","`ENSBTAG00000017455-ENSBTAG00000015910`",4.07802618985304,5.01914395648593
"vivo","`ENSBTAG00000010303-ENSBTAG00000007626`",4.03661832551008,5.14670417715402
"vivo","`ENSBTAG00000015114-ENSBTAG00000017489`",4.03411605979972,4.29647850512528
"vivo","`ENSBTAG00000008121-ENSBTAG00000011761`",4.01743035754432,5.63475069702955
"vivo","`ENSBTAG00000005077-ENSBTAG00000001060`",4.01411232599166,5.45797773077413
"vivo","`ENSBTAG00000007897-ENSBTAG00000017489`",4.01399897090697,5.27065163334226
"vivo","`ENSBTAG00000007148-ENSBTAG00000008165`",4.0124567802863,5.72365506464107
"vivo","`ENSBTAG00000012057-ENSBTAG00000005072`",4.01158739460239,4.57452132300932
"vivo","`ENSBTAG00000014583-ENSBTAG00000020667`",4.01153236776599,4.45922766557241
"vivo","`ENSBTAG00000014583-ENSBTAG00000012687`",4.01097641939629,6.2687815721244
"vivo","`ENSBTAG00000021048-ENSBTAG00000008483`",4.00438372309596,6.32771753823983
"vivo","`ENSBTAG00000008096-ENSBTAG00000013674`",4.00267919796866,5.32005220508216
"vivo","`ENSBTAG00000005260-ENSBTAG00000013745`",4.00030451625797,6.84952169592272
"vivo","`ENSBTAG00000032436-ENSBTAG00000002144`",3.9933754297093,8.23506297688929
"vivo","`ENSBTAG00000008027-ENSBTAG00000017981`",3.98932556379198,6.81043228321822
"vivo","`ENSBTAG00000005710-ENSBTAG00000014064`",3.98449204830218,4.49379895946259
"vivo","`ENSBTAG00000018343-ENSBTAG00000010497`",3.98165368263284,4.2678344643038
"vivo","`ENSBTAG00000025471-ENSBTAG00000012642`",3.98027854783625,5.77595548016145
"vivo","`ENSBTAG00000005108-ENSBTAG00000004356`",3.96143690721817,6.32216770577852
"vivo","`ENSBTAG00000020194-ENSBTAG00000009155`",3.9606332712177,7.73533537695537
"vivo","`ENSBTAG00000021105-ENSBTAG00000006240`",3.95553648733628,5.02314668953137
"vivo","`ENSBTAG00000001492-ENSBTAG00000007213`",3.94947258914308,5.12607119513521
"vivo","`ENSBTAG00000005260-ENSBTAG00000013755`",3.94238955136593,4.76810069473415
"vivo","`ENSBTAG00000019267-ENSBTAG00000011578`",3.93755218057647,5.3913491781198
"vivo","`ENSBTAG00000011851-ENSBTAG00000013118`",3.93575547666738,5.00255087048565
"vivo","`ENSBTAG00000005710-ENSBTAG00000015457`",3.93045716589874,3.49753914984287
"vivo","`ENSBTAG00000001601-ENSBTAG00000011578`",3.91618557718554,5.61681178557971
"vivo","`ENSBTAG00000001292-ENSBTAG00000032007`",3.90530992732127,4.80241025098988
"vivo","`ENSBTAG00000014583-ENSBTAG00000011515`",3.90193830628542,7.46774869335241
"vivo","`ENSBTAG00000021105-ENSBTAG00000005273`",3.89087528154009,4.33854593830794
"vivo","`ENSBTAG00000038221-ENSBTAG00000000815`",3.88862834161108,7.18658292646788
"vivo","`ENSBTAG00000014051-ENSBTAG00000020148`",3.87346150841006,5.15116307927532
"vivo","`ENSBTAG00000002473-ENSBTAG00000003777`",3.87204330202168,8.66891294821828
"vivo","`ENSBTAG00000008026-ENSBTAG00000007175`",3.86575769440114,5.46822083421715
"vivo","`ENSBTAG00000001492-ENSBTAG00000003585`",3.86391655700953,6.18891626128559
"vivo","`ENSBTAG00000007737-ENSBTAG00000011909`",3.86384395339216,7.9509701076627
"vivo","`ENSBTAG00000046421-ENSBTAG00000006240`",3.86036299312041,6.58103885942109
"vivo","`ENSBTAG00000016515-ENSBTAG00000015510`",3.85050615994958,6.0012236834355
"vivo","`ENSBTAG00000005260-ENSBTAG00000011578`",3.84751263382808,4.93886311259617
"vivo","`ENSBTAG00000014583-ENSBTAG00000004337`",3.84670154916599,9.29350783023444
"vivo","`ENSBTAG00000005077-ENSBTAG00000039292`",3.83827823224961,5.23914716188967
"vivo","`ENSBTAG00000008300-ENSBTAG00000013745`",3.8320049682495,5.17365490317002
"vivo","`ENSBTAG00000012519-ENSBTAG00000031753`",3.82869156103304,8.14884595905679
"vivo","`ENSBTAG00000005280-ENSBTAG00000048246`",3.81914759004884,4.18284496468563
"vivo","`ENSBTAG00000012638-ENSBTAG00000014420`",3.81787246064287,4.57568439690812
"vivo","`ENSBTAG00000013472-ENSBTAG00000008165`",3.81670955645847,6.14817645263502
"vivo","`ENSBTAG00000013898-ENSBTAG00000016159`",3.81438581084592,5.48843354561716
"vivo","`ENSBTAG00000008237-ENSBTAG00000013205`",3.80059917697733,5.33283461569988
"vivo","`ENSBTAG00000017753-ENSBTAG00000004334`",3.79597557362266,4.87988240749784
"vivo","`ENSBTAG00000009478-ENSBTAG00000018114`",3.78478535589806,6.93506363813926
"vivo","`ENSBTAG00000040333-ENSBTAG00000013290`",3.78441456166238,6.31182548576055
"vivo","`ENSBTAG00000001725-ENSBTAG00000014798`",3.77700812714214,7.08327864787243
"vivo","`ENSBTAG00000011851-ENSBTAG00000002699`",3.77372744914418,5.24317274580482
"vivo","`ENSBTAG00000017866-ENSBTAG00000008008`",3.77335651233846,5.06464242239476
"vivo","`ENSBTAG00000005077-ENSBTAG00000034883`",3.76880058818493,4.55355201776659
"vivo","`ENSBTAG00000010303-ENSBTAG00000020892`",3.75778980017866,7.19883912080101
"vivo","`ENSBTAG00000011966-ENSBTAG00000012897`",3.75620006131426,5.51507420938864
"vivo","`ENSBTAG00000021811-ENSBTAG00000003777`",3.75505291655756,5.7795662047706
"vivo","`ENSBTAG00000018773-ENSBTAG00000006161`",3.74811736811926,6.25996741676683
"vivo","`ENSBTAG00000005108-ENSBTAG00000009851`",3.74803018256667,7.9685920957902
"vivo","`ENSBTAG00000020457-ENSBTAG00000013755`",3.7360887726517,5.51375848754014
"vivo","`ENSBTAG00000004129-ENSBTAG00000001338`",3.73592401228907,6.53313380333158
"vivo","`ENSBTAG00000017246-ENSBTAG00000006161`",3.71993159766225,4.6866177524203
"vivo","`ENSBTAG00000018200-ENSBTAG00000020892`",3.71958962442153,4.64761328761952
"vivo","`ENSBTAG00000017246-ENSBTAG00000006240`",3.71135956405548,7.14675979298516
"vivo","`ENSBTAG00000013901-ENSBTAG00000014269`",3.70917986014004,4.76550537503628
"vivo","`ENSBTAG00000005339-ENSBTAG00000000570`",3.69483861065305,5.4902957260505
"vivo","`ENSBTAG00000032436-ENSBTAG00000019832`",3.68717512033677,4.09736300822757
"vivo","`ENSBTAG00000013103-ENSBTAG00000004885`",3.68306456512114,4.58096728838528
"vivo","`ENSBTAG00000015991-ENSBTAG00000018993`",3.68026139828789,5.80937300308013
"vivo","`ENSBTAG00000017473-ENSBTAG00000015910`",3.67857550323296,4.78619520620621
"vivo","`ENSBTAG00000020645-ENSBTAG00000012848`",3.67301010208663,4.98408481295515
"vivo","`ENSBTAG00000019336-ENSBTAG00000011761`",3.67092482978808,6.84067925667452
"vivo","`ENSBTAG00000020457-ENSBTAG00000008997`",3.65754063674433,5.6872424587949
"vivo","`ENSBTAG00000007897-ENSBTAG00000019903`",3.65725990476868,4.48650133924738
"vivo","`ENSBTAG00000015150-ENSBTAG00000016933`",3.65605856612446,4.62792699429825
"vivo","`ENSBTAG00000025775-ENSBTAG00000019903`",3.65204802629646,3.66451581346666
"vivo","`ENSBTAG00000013103-ENSBTAG00000013745`",3.6511747664233,5.39398088594502
"vivo","`ENSBTAG00000007740-ENSBTAG00000026676`",3.6468204288353,5.08706535341566
"vivo","`ENSBTAG00000005111-ENSBTAG00000011909`",3.64300543046854,4.90797865471776
"vivo","`ENSBTAG00000005077-ENSBTAG00000015127`",3.63593772736177,4.64024490795038
"vivo","`ENSBTAG00000006396-ENSBTAG00000003798`",3.63270976402313,5.52089593621826
"vivo","`ENSBTAG00000005339-ENSBTAG00000015996`",3.62991921502357,7.04202125719335
"vivo","`ENSBTAG00000014737-ENSBTAG00000015910`",3.61454089800611,6.66249847019162
"vivo","`ENSBTAG00000005305-ENSBTAG00000020979`",3.60888528381598,4.57971782248736
"vivo","`ENSBTAG00000020645-ENSBTAG00000010860`",3.59546123408635,5.18790990093711
"vivo","`ENSBTAG00000014051-ENSBTAG00000013745`",3.57915870891616,4.5281785779421
"vivo","`ENSBTAG00000021316-ENSBTAG00000003585`",3.56985040643898,4.34521181785681
"vivo","`ENSBTAG00000012829-ENSBTAG00000016933`",3.56705543886073,4.27773916218866
"vivo","`ENSBTAG00000013472-ENSBTAG00000019929`",3.56036234499695,4.48637214125482
"vivo","`ENSBTAG00000009478-ENSBTAG00000014354`",3.556782824812,4.66890316624605
"vivo","`ENSBTAG00000014737-ENSBTAG00000000802`",3.54597140921567,4.89736999259625
"vivo","`ENSBTAG00000005691-ENSBTAG00000024269`",3.5341175996026,4.51128628812678
"vivo","`ENSBTAG00000017473-ENSBTAG00000018169`",3.53103564777566,5.84456299289025
"vivo","`ENSBTAG00000000016-ENSBTAG00000010497`",3.52209161953427,4.59170202383524
"vivo","`ENSBTAG00000003253-ENSBTAG00000007665`",3.51690941617069,4.46975939377292
"vivo","`ENSBTAG00000008452-ENSBTAG00000013909`",3.51442564629059,5.703570524952
"vivo","`ENSBTAG00000015043-ENSBTAG00000007909`",3.50110163138779,5.32528585683854
"vivo","`ENSBTAG00000008611-ENSBTAG00000011761`",3.49902125088505,6.26732281628033
"vivo","`ENSBTAG00000019694-ENSBTAG00000013745`",3.47681597324397,5.82442746069054
"vivo","`ENSBTAG00000009876-ENSBTAG00000006420`",3.47646194412363,5.38332482030206
"vivo","`ENSBTAG00000011412-ENSBTAG00000018169`",3.473228479042,5.02788332055624
"vivo","`ENSBTAG00000002006-ENSBTAG00000003585`",3.47234561752288,6.44832168146956
"vivo","`ENSBTAG00000021316-ENSBTAG00000019289`",3.45013544049793,5.57602487494637
"vivo","`ENSBTAG00000023652-ENSBTAG00000001694`",3.44055614606716,6.47654198873596
"vivo","`ENSBTAG00000000277-ENSBTAG00000011238`",3.43904126722633,7.42121689234806
"vivo","`ENSBTAG00000045582-ENSBTAG00000002144`",3.42390348039964,3.74608175119442
"vivo","`ENSBTAG00000017582-ENSBTAG00000002699`",3.41963344101628,5.33559777234219
"vivo","`ENSBTAG00000020457-ENSBTAG00000024269`",3.41041495098551,5.03686633825135
"vivo","`ENSBTAG00000008121-ENSBTAG00000015127`",3.40500834362583,4.02008864748693
"vivo","`ENSBTAG00000011238-ENSBTAG00000002951`",3.40376861329256,5.91813190705819
"vivo","`ENSBTAG00000012413-ENSBTAG00000010543`",3.38381609793512,7.94173870398192
"vivo","`ENSBTAG00000011966-ENSBTAG00000015910`",3.38297991657228,4.63351045081047
"vivo","`ENSBTAG00000013103-ENSBTAG00000017866`",3.38070797646858,5.27519269243384
"vivo","`ENSBTAG00000008300-ENSBTAG00000015910`",3.36886962096897,4.68100893649885
"vivo","`ENSBTAG00000025257-ENSBTAG00000001338`",3.36676472452291,4.0258995016322
"vivo","`ENSBTAG00000011851-ENSBTAG00000004917`",3.35794406275679,5.42401066378875
"vivo","`ENSBTAG00000007338-ENSBTAG00000004917`",3.35790153014018,3.74956540157413
"vivo","`ENSBTAG00000008027-ENSBTAG00000017489`",3.35222398844525,4.55757938548121
"vivo","`ENSBTAG00000015114-ENSBTAG00000019929`",3.3455360802927,6.45660354364319
"vivo","`ENSBTAG00000003176-ENSBTAG00000017060`",3.34472997276292,6.92371821396491
"vivo","`ENSBTAG00000007725-ENSBTAG00000012687`",3.34073477913196,6.61135322683806
"vivo","`ENSBTAG00000005481-ENSBTAG00000022799`",3.3401837977259,4.81826017200057
"vivo","`ENSBTAG00000025775-ENSBTAG00000017981`",3.32436178943421,5.30379287138643
"vivo","`ENSBTAG00000021316-ENSBTAG00000019929`",3.29749129912538,4.58129159874922
"vivo","`ENSBTAG00000013760-ENSBTAG00000019289`",3.25917469468378,5.13610769552163
"vivo","`ENSBTAG00000021499-ENSBTAG00000013732`",3.22594832040829,3.32087547151932
"vivo","`ENSBTAG00000011851-ENSBTAG00000007338`",3.20868234898138,6.36615724744844
"vivo","`ENSBTAG00000007740-ENSBTAG00000015127`",3.20201610535018,6.78100108814346
"vivo","`ENSBTAG00000007446-ENSBTAG00000008849`",3.1836923368514,6.00386015546758
"vivo","`ENSBTAG00000017246-ENSBTAG00000002144`",3.17615536019904,4.12770607778559
"vivo","`ENSBTAG00000008027-ENSBTAG00000007175`",3.16460883094989,4.00518149538402
"vivo","`ENSBTAG00000025644-ENSBTAG00000004337`",3.1433661265163,4.29737502070321
"vivo","`ENSBTAG00000000476-ENSBTAG00000003781`",3.13580259371021,4.10932853221881
"vivo","`ENSBTAG00000025471-ENSBTAG00000006378`",3.13367543895776,5.56753407065838
"vivo","`ENSBTAG00000011851-ENSBTAG00000018572`",3.11943425391481,3.8857704528681
"vivo","`ENSBTAG00000017753-ENSBTAG00000020054`",3.11574893307406,4.38171890139957
"vivo","`ENSBTAG00000019839-ENSBTAG00000019929`",3.11349885685063,4.6840598048079
"vivo","`ENSBTAG00000015978-ENSBTAG00000013290`",3.10293306590413,4.43837553366697
"vivo","`ENSBTAG00000007446-ENSBTAG00000003060`",3.08977823840503,4.950093741171
"vivo","`ENSBTAG00000020342-ENSBTAG00000035084`",3.08316307576942,5.39990799740744
"vivo","`ENSBTAG00000011034-ENSBTAG00000003777`",3.08122953724278,4.25405388817846
"vivo","`ENSBTAG00000009761-ENSBTAG00000012314`",3.07846863923221,4.76846160994274
"vivo","`ENSBTAG00000018255-ENSBTAG00000015127`",3.07842499213122,3.67121793514169
"vivo","`ENSBTAG00000012066-ENSBTAG00000013569`",3.07315746391826,6.15899740553412
"vivo","`ENSBTAG00000001141-ENSBTAG00000022799`",3.05938771015433,4.88852281640508
"vivo","`ENSBTAG00000030710-ENSBTAG00000020979`",3.04318645186868,4.89011987620079
"vivo","`ENSBTAG00000015089-ENSBTAG00000015910`",3.03634998962268,5.9825610173433
"vivo","`ENSBTAG00000005947-ENSBTAG00000018517`",3.0319597096962,5.39061888499126
"vivo","`ENSBTAG00000005108-ENSBTAG00000011154`",3.03088730031038,6.19771943958554
"vivo","`ENSBTAG00000001368-ENSBTAG00000015910`",3.02135974075235,5.51262760204176
"vivo","`ENSBTAG00000005077-ENSBTAG00000003255`",3.01683998333193,3.61307584522591
"vivo","`ENSBTAG00000020244-ENSBTAG00000006359`",3.00368737242813,4.35375935751543
"vivo","`ENSBTAG00000025471-ENSBTAG00000024928`",2.98711092221222,3.94800464137779
"vivo","`ENSBTAG00000021326-ENSBTAG00000014798`",2.98387610652602,5.2452632417734
"vivo","`ENSBTAG00000018103-ENSBTAG00000014420`",2.98347583769954,4.38128810833333
"vivo","`ENSBTAG00000007740-ENSBTAG00000012119`",2.97970342516493,4.42526619063156
"vivo","`ENSBTAG00000009615-ENSBTAG00000013290`",2.97854671908747,4.2926165078306
"vivo","`ENSBTAG00000021048-ENSBTAG00000002144`",2.96240984317664,4.42828980845039
"vivo","`ENSBTAG00000020194-ENSBTAG00000010543`",2.93941465330042,4.3917360033548
"vivo","`ENSBTAG00000001725-ENSBTAG00000001338`",2.93420776091704,5.00751532628411
"vivo","`ENSBTAG00000011966-ENSBTAG00000018169`",2.92154543525127,4.21128082647669
"vivo","`ENSBTAG00000000016-ENSBTAG00000004211`",2.89924077013459,4.64239684043953
"vivo","`ENSBTAG00000000575-ENSBTAG00000011154`",2.89439848682324,4.03412500854229
"vivo","`ENSBTAG00000025257-ENSBTAG00000014162`",2.89064047815974,3.56021430570475
"vivo","`ENSBTAG00000017753-ENSBTAG00000039292`",2.8819689604414,6.26523546679415
"vivo","`ENSBTAG00000006045-ENSBTAG00000034385`",2.87991750282481,3.80071713047829
"vivo","`ENSBTAG00000009393-ENSBTAG00000039292`",2.87599386516149,4.40334880234034
"vivo","`ENSBTAG00000020556-ENSBTAG00000018517`",2.86538676110245,4.17330436465003
"vivo","`ENSBTAG00000022514-ENSBTAG00000013730`",2.84365429073813,5.25098532690224
"vivo","`ENSBTAG00000004148-ENSBTAG00000003255`",2.8325961284091,4.61631914369385
"vivo","`ENSBTAG00000005898-ENSBTAG00000017851`",2.82138620089455,4.80117876471871
"vivo","`ENSBTAG00000010963-ENSBTAG00000002414`",2.79988136424439,6.03899716221596
"vivo","`ENSBTAG00000016542-ENSBTAG00000018169`",2.79836806618177,3.7640783366658
"vivo","`ENSBTAG00000017455-ENSBTAG00000013755`",2.79338449793413,2.93421487686835
"vivo","`ENSBTAG00000012849-ENSBTAG00000015910`",2.79020822412999,2.95176066686458
"vivo","`ENSBTAG00000008121-ENSBTAG00000002606`",2.78436928540372,3.65615465427919
"vivo","`ENSBTAG00000000016-ENSBTAG00000024928`",2.77330035179435,5.56418309393273
"vivo","`ENSBTAG00000000073-ENSBTAG00000018517`",2.75623756390417,5.45077376823892
"vivo","`ENSBTAG00000007897-ENSBTAG00000020704`",2.74917230538111,3.53261003168951
"vivo","`ENSBTAG00000005339-ENSBTAG00000019866`",2.74042486504778,3.97361173407875
"vivo","`ENSBTAG00000021807-ENSBTAG00000021664`",2.72959742093924,4.89862175983375
"vivo","`ENSBTAG00000005339-ENSBTAG00000019929`",2.72738687946797,4.31406101942468
"vivo","`ENSBTAG00000012210-ENSBTAG00000039292`",2.71160285810575,3.93666592666972
"vivo","`ENSBTAG00000011082-ENSBTAG00000002402`",2.70333024576121,3.79756059811738
"vivo","`ENSBTAG00000014051-ENSBTAG00000015910`",2.69451978437425,3.92907576217369
"vivo","`ENSBTAG00000016648-ENSBTAG00000015910`",2.69394928506957,3.10543206219903
"vivo","`ENSBTAG00000014906-ENSBTAG00000020755`",2.68648097823999,4.36847676670232
"vivo","`ENSBTAG00000020645-ENSBTAG00000013674`",2.68527718728049,4.13222357834552
"vivo","`ENSBTAG00000000130-ENSBTAG00000010785`",2.68144882366759,4.70620343137898
"vivo","`ENSBTAG00000013103-ENSBTAG00000001462`",2.66860538934289,5.17943760782534
"vivo","`ENSBTAG00000013472-ENSBTAG00000017866`",2.66120948113085,4.03217380451057
"vivo","`ENSBTAG00000016542-ENSBTAG00000017266`",2.65676488690817,2.94522058386465
"vivo","`ENSBTAG00000009478-ENSBTAG00000006420`",2.63885270503723,2.8511595680085
"vivo","`ENSBTAG00000021326-ENSBTAG00000039292`",2.61267826378045,3.69553842928415
"vivo","`ENSBTAG00000013472-ENSBTAG00000019289`",2.60637806709567,3.85072242872034
"vivo","`ENSBTAG00000012109-ENSBTAG00000013674`",2.60063945021029,3.66006727712532
"vivo","`ENSBTAG00000017060-ENSBTAG00000017846`",2.59490724820685,3.65180103944568
"vivo","`ENSBTAG00000016542-ENSBTAG00000019289`",2.59343895382995,4.85844741717051
"vivo","`ENSBTAG00000006276-ENSBTAG00000047138`",2.58930840821886,3.62679801122562
"vivo","`ENSBTAG00000011104-ENSBTAG00000018300`",2.58838454466761,3.84920331055178
"vivo","`ENSBTAG00000016542-ENSBTAG00000015910`",2.57303235497076,3.3327185754673
"vivo","`ENSBTAG00000010452-ENSBTAG00000011515`",2.57023877550966,2.97616526207209
"vivo","`ENSBTAG00000023907-ENSBTAG00000000782`",2.57012555232178,4.94767556522762
"vivo","`ENSBTAG00000017866-ENSBTAG00000006240`",2.54804132318558,4.43313573127018
"vivo","`ENSBTAG00000013103-ENSBTAG00000010682`",2.53328187215887,2.8819848068726
"vivo","`ENSBTAG00000012849-ENSBTAG00000003585`",2.51202158538208,3.17386388775734
"vivo","`ENSBTAG00000007375-ENSBTAG00000015228`",2.51109226062058,3.44443576532819
"vivo","`ENSBTAG00000005111-ENSBTAG00000002081`",2.48189094962929,3.77901343665533
"vivo","`ENSBTAG00000032436-ENSBTAG00000006240`",2.45091196346761,3.91352350530291
"vivo","`ENSBTAG00000007897-ENSBTAG00000017981`",2.42053888377781,6.83578026247959
"vivo","`ENSBTAG00000013103-ENSBTAG00000015910`",2.4192944239284,3.99706723333619
"vivo","`ENSBTAG00000004226-ENSBTAG00000026278`",2.40716424353868,3.39213440223182
"vivo","`ENSBTAG00000025868-ENSBTAG00000013755`",2.38479702444262,3.96717942926001
"vivo","`ENSBTAG00000017745-ENSBTAG00000010423`",2.38054128585387,4.54729051996234
"vivo","`ENSBTAG00000002006-ENSBTAG00000015127`",2.37784411675556,3.91146984827696
"vivo","`ENSBTAG00000022120-ENSBTAG00000008165`",2.37345518617307,3.44058248173185
"vivo","`ENSBTAG00000017122-ENSBTAG00000018052`",2.35962303590757,6.04517824833797
"vivo","`ENSBTAG00000015509-ENSBTAG00000012687`",2.35915469565312,3.5045773866275
"vivo","`ENSBTAG00000002411-ENSBTAG00000007421`",2.3573104560926,4.28876972854205
"vivo","`ENSBTAG00000021048-ENSBTAG00000016948`",2.33545671273937,3.63374153142781
"vivo","`ENSBTAG00000018200-ENSBTAG00000007626`",2.33351478094204,3.48503440963511
"vivo","`ENSBTAG00000005077-ENSBTAG00000009851`",2.31199176713409,3.43931617812517
"vivo","`ENSBTAG00000003176-ENSBTAG00000015910`",2.31183627521108,6.07965751280942
"vivo","`ENSBTAG00000011412-ENSBTAG00000015910`",2.30956291271194,3.78921017030469
"vivo","`ENSBTAG00000017564-ENSBTAG00000019832`",2.30703329138832,2.99791368057629
"vivo","`ENSBTAG00000011966-ENSBTAG00000019289`",2.303913738028,3.80222009961309
"vivo","`ENSBTAG00000007737-ENSBTAG00000002144`",2.30377347918545,2.57262268113079
"vivo","`ENSBTAG00000007319-ENSBTAG00000022799`",2.26789031186531,3.09081937985861
"vivo","`ENSBTAG00000009478-ENSBTAG00000002081`",2.25287469348326,3.17860697220709
"vivo","`ENSBTAG00000020244-ENSBTAG00000015510`",2.23904220440638,4.66847392605524
"vivo","`ENSBTAG00000019716-ENSBTAG00000039292`",2.1973812124301,2.8840983228536
"vivo","`ENSBTAG00000011851-ENSBTAG00000010647`",2.17016297730264,3.45440295474537
"vivo","`ENSBTAG00000011082-ENSBTAG00000012687`",2.12772289524286,3.13715648585952
"vivo","`ENSBTAG00000002880-ENSBTAG00000013755`",2.11457740117403,3.79939283045461
"vivo","`ENSBTAG00000011409-ENSBTAG00000001941`",2.08865835788378,5.12302699884896
"vivo","`ENSBTAG00000013103-ENSBTAG00000019289`",2.07043501500493,2.75835117639995
"vivo","`ENSBTAG00000005260-ENSBTAG00000019929`",2.06558460764809,2.78823963197282
"vivo","`ENSBTAG00000025471-ENSBTAG00000010497`",2.0489805743651,3.36888061966228
"vivo","`ENSBTAG00000020342-ENSBTAG00000007047`",2.04703438904662,2.08931308734248
"vivo","`ENSBTAG00000009208-ENSBTAG00000044190`",2.04581322882546,3.32450240617217
"vivo","`ENSBTAG00000002006-ENSBTAG00000005903`",2.00863396728244,3.24475869181237
"vivo","`ENSBTAG00000047567-ENSBTAG00000001694`",1.99561215655598,3.47375552142372
"vivo","`ENSBTAG00000001141-ENSBTAG00000013745`",1.96552782415462,2.65083773042108
"vivo","`ENSBTAG00000010726-ENSBTAG00000025101`",1.93515485899894,4.20292676865407
"vivo","`ENSBTAG00000013066-ENSBTAG00000012687`",1.93176472489061,3.41491565901304
"vivo","`ENSBTAG00000011412-ENSBTAG00000017266`",1.92754867751321,3.26514747211349
"vivo","`ENSBTAG00000019993-ENSBTAG00000039292`",1.91932186642962,2.89827858915482
"vivo","`ENSBTAG00000012228-ENSBTAG00000010146`",1.86720976499344,3.90542211841977
"vivo","`ENSBTAG00000021105-ENSBTAG00000000477`",1.82386331536152,2.86952676575589
"vivo","`ENSBTAG00000032436-ENSBTAG00000006161`",1.81218018656064,3.09269494122861
"vivo","`ENSBTAG00000020457-ENSBTAG00000013843`",1.79543559716938,3.47264636164293
"vivo","`ENSBTAG00000016267-ENSBTAG00000020755`",1.78349561620842,3.69893571461612
"vivo","`ENSBTAG00000011238-ENSBTAG00000017256`",1.7812051177983,2.71659739699232
"vivo","`ENSBTAG00000025644-ENSBTAG00000011050`",1.74362160331629,2.59434343413671
"vivo","`ENSBTAG00000032436-ENSBTAG00000022799`",1.65078008155548,2.80820401770793
"vivo","`ENSBTAG00000008026-ENSBTAG00000047138`",1.60925144931859,2.33882107671242
"vivo","`ENSBTAG00000005108-ENSBTAG00000001060`",1.54554902196538,2.26752452322989
"vivo","`ENSBTAG00000017122-ENSBTAG00000011154`",1.53892767360892,3.29522625447174
"vivo","`ENSBTAG00000008452-ENSBTAG00000009903`",1.51392757388923,2.07023820538837
"vivo","`ENSBTAG00000044040-ENSBTAG00000002804`",1.50689603274305,1.80041415861726
"vivo","`ENSBTAG00000025471-ENSBTAG00000004211`",1.49820447550715,1.7155460889264
"vivo","`ENSBTAG00000019910-ENSBTAG00000015510`",1.42182667527471,2.72285200423019
"vivo","`ENSBTAG00000004237-ENSBTAG00000011628`",1.41569194795631,2.69772057382285
"vivo","`ENSBTAG00000017280-ENSBTAG00000047793`",1.38830226354039,2.42191788742562
"vivo","`ENSBTAG00000004129-ENSBTAG00000014162`",1.33532750804085,1.93185357666546
"vivo","`ENSBTAG00000017685-ENSBTAG00000007421`",1.28963643069373,2.85042385667913
"vivo","`ENSBTAG00000015789-ENSBTAG00000006732`",1.19289272406737,1.75087879993863
"vivo","`ENSBTAG00000015114-ENSBTAG00000008165`",0.88985255457108,1.45301233166825
