"dataset","feature","mean_importance","sd_importance"
"vitro","ENSBTAG00000015043-ENSBTAG00000022799",20.8142010216047,37.8266104144481
"vitro","ENSBTAG00000000283-ENSBTAG00000012771",17.873153776618,37.1948763803436
"vitro","ENSBTAG00000031998-ENSBTAG00000015708",17.587118239324,28.7928083032944
"vitro","ENSBTAG00000022120-ENSBTAG00000019929",17.577533902857,30.9634674029844
"vitro","ENSBTAG00000000470-ENSBTAG00000019929",17.350822971115,35.6411669309053
"vitro","ENSBTAG00000004630-ENSBTAG00000019929",16.7938652591431,34.0302785465139
"vitro","ENSBTAG00000001292-ENSBTAG00000034385",15.5100219845311,23.7339829301241
"vitro","ENSBTAG00000000016-ENSBTAG00000016455",15.4720161372913,31.0761266959423
"vitro","ENSBTAG00000021316-ENSBTAG00000019929",15.0519577377143,30.6700110099232
"vitro","ENSBTAG00000012817-ENSBTAG00000022799",14.3995166351836,31.5342928070552
"vitro","ENSBTAG00000008300-ENSBTAG00000001462",14.3631579669831,30.5748619071563
"vitro","ENSBTAG00000020645-ENSBTAG00000021527",13.6367910842515,19.1588828703323
"vitro","ENSBTAG00000014737-ENSBTAG00000015910",13.4320106635963,24.740332048573
"vitro","ENSBTAG00000020645-ENSBTAG00000014944",13.3964070756637,22.2492607901553
"vitro","ENSBTAG00000015043-ENSBTAG00000007909",12.8605546205556,31.5394285995113
"vitro","ENSBTAG00000025644-ENSBTAG00000010986",12.1911805871716,17.9183924487158
"vitro","ENSBTAG00000017280-ENSBTAG00000037735",11.9651097986773,29.8280927060729
"vitro","ENSBTAG00000009357-ENSBTAG00000012771",11.9336346748229,25.3970721482545
"vitro","ENSBTAG00000013066-ENSBTAG00000002402",11.7090270660589,31.2172310372237
"vitro","ENSBTAG00000007737-ENSBTAG00000019832",10.8462347300252,31.3581142131185
"vitro","ENSBTAG00000026236-ENSBTAG00000019929",10.7174058886888,24.4867324708293
"vitro","ENSBTAG00000008300-ENSBTAG00000015910",10.6537731479138,20.6029018722646
"vitro","ENSBTAG00000020406-ENSBTAG00000021527",10.5385020330017,31.455735835805
"vitro","ENSBTAG00000010123-ENSBTAG00000018517",10.4962061522836,31.4620770549641
"vitro","ENSBTAG00000020645-ENSBTAG00000011628",10.4748996843937,18.383804807004
"vitro","ENSBTAG00000013760-ENSBTAG00000019929",10.3533414620419,29.8792571838724
"vitro","ENSBTAG00000017745-ENSBTAG00000016933",10.3229561193615,27.1057744811908
"vitro","ENSBTAG00000017745-ENSBTAG00000015361",10.1845766341247,22.7337498092432
"vitro","ENSBTAG00000010738-ENSBTAG00000019428",10.1298291959108,17.8493561939645
"vitro","ENSBTAG00000015978-ENSBTAG00000011628",9.98256172452163,26.258229254768
"vitro","ENSBTAG00000017664-ENSBTAG00000011154",9.78532415190363,21.4486857657294
"vitro","ENSBTAG00000008300-ENSBTAG00000011741",9.67837723617495,24.6127739531487
"vitro","ENSBTAG00000017745-ENSBTAG00000010423",9.27890118113496,22.6987750428326
"vitro","ENSBTAG00000020645-ENSBTAG00000012848",9.24767444039717,15.1565310651561
"vitro","ENSBTAG00000015978-ENSBTAG00000013290",9.18295208326297,23.7138854886852
"vitro","ENSBTAG00000020556-ENSBTAG00000018517",8.88464879147297,27.8721771244069
"vitro","ENSBTAG00000017122-ENSBTAG00000011741",8.88265342489215,26.9150820093936
"vitro","ENSBTAG00000020645-ENSBTAG00000005990",8.82197447792195,13.7211663972999
"vitro","ENSBTAG00000025775-ENSBTAG00000016948",8.79612350128207,13.6145730733225
"vitro","ENSBTAG00000017745-ENSBTAG00000018474",8.52478528997344,23.3955358820356
"vitro","ENSBTAG00000014113-ENSBTAG00000019428",8.45978063429265,19.0761053622863
"vitro","ENSBTAG00000003300-ENSBTAG00000002804",8.3786187000145,24.5670927063172
"vitro","ENSBTAG00000010673-ENSBTAG00000000815",8.37322744934865,20.438797212279
"vitro","ENSBTAG00000017473-ENSBTAG00000018169",8.32956457599886,17.3648679974847
"vitro","ENSBTAG00000000016-ENSBTAG00000015312",8.31508019220915,23.3875787941855
"vitro","ENSBTAG00000008300-ENSBTAG00000033669",8.27395884549919,12.5990660979397
"vitro","ENSBTAG00000019665-ENSBTAG00000005273",8.13333994290366,17.6405590668416
"vitro","ENSBTAG00000012817-ENSBTAG00000007909",8.11374234725165,16.3730361530535
"vitro","ENSBTAG00000010161-ENSBTAG00000015133",7.93435779440271,15.5095323485127
"vitro","ENSBTAG00000014575-ENSBTAG00000019929",7.93403281206255,24.9094389571142
"vitro","ENSBTAG00000025257-ENSBTAG00000019428",7.90896570155245,18.1294365365808
"vitro","ENSBTAG00000020645-ENSBTAG00000039292",7.67300316049142,15.8848238583655
"vitro","ENSBTAG00000021457-ENSBTAG00000023147",7.59823592290346,21.2018788357564
"vitro","ENSBTAG00000020645-ENSBTAG00000014600",7.52541191758396,11.906241761491
"vitro","ENSBTAG00000017280-ENSBTAG00000039292",7.44011944845489,21.6529923547085
"vitro","ENSBTAG00000015978-ENSBTAG00000039292",7.35846404173753,14.5027501445083
"vitro","ENSBTAG00000012398-ENSBTAG00000008008",7.25624714227846,16.6838216259066
"vitro","ENSBTAG00000046421-ENSBTAG00000007213",6.92532677433026,20.6526863060449
"vitro","ENSBTAG00000014556-ENSBTAG00000026676",6.92169267595824,19.4396977167153
"vitro","ENSBTAG00000007338-ENSBTAG00000017593",6.80239647989312,8.85052803634494
"vitro","ENSBTAG00000020645-ENSBTAG00000020199",6.38366585297536,13.3606869669876
"vitro","ENSBTAG00000032436-ENSBTAG00000019832",6.17482154609172,17.1447418585697
"vitro","ENSBTAG00000011409-ENSBTAG00000001941",6.17393896736216,10.3767481856877
"vitro","ENSBTAG00000031998-ENSBTAG00000039292",6.13188983941544,12.1773201914006
"vitro","ENSBTAG00000008817-ENSBTAG00000019929",6.07491609299517,15.8692322728901
"vitro","ENSBTAG00000010663-ENSBTAG00000019929",6.07377994173428,12.00994060957
"vitro","ENSBTAG00000017280-ENSBTAG00000005397",6.03281423374027,13.9618664964257
"vitro","ENSBTAG00000045582-ENSBTAG00000002144",6.00903953152248,14.6198628576769
"vitro","ENSBTAG00000014737-ENSBTAG00000011971",5.98588720984145,13.9393619647227
"vitro","ENSBTAG00000020645-ENSBTAG00000006208",5.9331277543863,12.7867206329483
"vitro","ENSBTAG00000020645-ENSBTAG00000014270",5.90736363068732,15.8053092183133
"vitro","ENSBTAG00000017280-ENSBTAG00000047793",5.90640381867533,12.9368648124564
"vitro","ENSBTAG00000045582-ENSBTAG00000012314",5.8557337644865,10.0948384696253
"vitro","ENSBTAG00000046421-ENSBTAG00000006240",5.82848971815348,17.7448484805019
"vitro","ENSBTAG00000005850-ENSBTAG00000022799",5.81060677947294,13.0265760949356
"vitro","ENSBTAG00000010303-ENSBTAG00000007103",5.67084999567431,9.56288067385412
"vitro","ENSBTAG00000011563-ENSBTAG00000010497",5.57891262999636,15.8927301966866
"vitro","ENSBTAG00000003837-ENSBTAG00000011761",5.57362502103723,11.8094830095932
"vitro","ENSBTAG00000017746-ENSBTAG00000010462",5.54904298703715,14.3001805082101
"vitro","ENSBTAG00000017866-ENSBTAG00000008008",5.52394447291992,13.4343148212698
"vitro","ENSBTAG00000008237-ENSBTAG00000005273",5.50171938881183,11.3723149415804
"vitro","ENSBTAG00000014737-ENSBTAG00000000782",5.48908668071412,10.5326646897495
"vitro","ENSBTAG00000010673-ENSBTAG00000006359",5.45716532102758,16.1568023965018
"vitro","ENSBTAG00000006505-ENSBTAG00000006240",5.43625674814177,15.6304813826031
"vitro","ENSBTAG00000020645-ENSBTAG00000011461",5.42064798350251,9.10673086276503
"vitro","ENSBTAG00000002317-ENSBTAG00000026676",5.39136603956534,11.4204382680973
"vitro","ENSBTAG00000016800-ENSBTAG00000007338",5.11864573371535,12.3348659132317
"vitro","ENSBTAG00000000073-ENSBTAG00000008849",5.1110750254216,10.6882752749829
"vitro","ENSBTAG00000017664-ENSBTAG00000015910",5.08735883199799,10.0696815886338
"vitro","ENSBTAG00000005250-ENSBTAG00000008008",4.97525666917194,7.12239848043666
"vitro","ENSBTAG00000014465-ENSBTAG00000019929",4.95475597387088,12.0421349044971
"vitro","ENSBTAG00000009212-ENSBTAG00000012314",4.95414482251532,9.20065571168618
"vitro","ENSBTAG00000009478-ENSBTAG00000018035",4.88885377217902,14.1220439428175
"vitro","ENSBTAG00000016542-ENSBTAG00000019569",4.87013186938805,14.2727893694927
"vitro","ENSBTAG00000000442-ENSBTAG00000007348",4.70432225782546,13.3301749410248
"vitro","ENSBTAG00000013155-ENSBTAG00000008373",4.6769389790254,9.72170847447657
"vitro","ENSBTAG00000011238-ENSBTAG00000017256",4.56624221757168,14.0584492408523
"vitro","ENSBTAG00000014737-ENSBTAG00000000802",4.50826468016819,9.74237320184064
"vitro","ENSBTAG00000002317-ENSBTAG00000011154",4.50233828116036,12.8376478047325
"vitro","ENSBTAG00000001292-ENSBTAG00000032007",4.4745398202768,10.6863652794424
"vitro","ENSBTAG00000000310-ENSBTAG00000022799",4.47033963864696,6.59835022385866
"vitro","ENSBTAG00000016260-ENSBTAG00000011628",4.40882464721111,10.6808444921743
"vitro","ENSBTAG00000000559-ENSBTAG00000020661",4.40072335139575,9.31419312645958
"vitro","ENSBTAG00000013155-ENSBTAG00000010682",4.32662120152387,11.795512752892
"vitro","ENSBTAG00000000016-ENSBTAG00000004211",4.30992855572083,13.0825105258198
"vitro","ENSBTAG00000017473-ENSBTAG00000015910",4.25467724601998,9.63998773776126
"vitro","ENSBTAG00000013363-ENSBTAG00000009851",4.22475624169492,11.5164071026193
"vitro","ENSBTAG00000017473-ENSBTAG00000017266",4.21252588512765,8.61693192962062
"vitro","ENSBTAG00000007319-ENSBTAG00000007909",4.21123643188525,7.44469407891334
"vitro","ENSBTAG00000017664-ENSBTAG00000014357",4.20050569905166,12.1835512992212
"vitro","ENSBTAG00000009876-ENSBTAG00000020736",4.18629329894919,8.91647897482808
"vitro","ENSBTAG00000007338-ENSBTAG00000004917",4.17849909466993,9.9258132041012
"vitro","ENSBTAG00000004362-ENSBTAG00000015996",4.13069365846407,11.7848423240959
"vitro","ENSBTAG00000004362-ENSBTAG00000014357",4.10522001135993,12.1311191032065
"vitro","ENSBTAG00000003300-ENSBTAG00000019929",4.09367898200364,11.2577157988292
"vitro","ENSBTAG00000010963-ENSBTAG00000000973",4.02634079146747,5.93655985148494
"vitro","ENSBTAG00000008237-ENSBTAG00000013205",3.97280992854236,9.90548764319778
"vitro","ENSBTAG00000032436-ENSBTAG00000010444",3.93173775339869,8.80292031645272
"vitro","ENSBTAG00000021466-ENSBTAG00000004885",3.92745442077058,10.7628667845544
"vitro","ENSBTAG00000013103-ENSBTAG00000015910",3.85621627649568,12.0426830756104
"vitro","ENSBTAG00000021807-ENSBTAG00000016247",3.8114665917863,6.70160568798978
"vitro","ENSBTAG00000014737-ENSBTAG00000037649",3.7699792288103,8.09845836861282
"vitro","ENSBTAG00000000073-ENSBTAG00000014611",3.76449002116301,5.99392888290465
"vitro","ENSBTAG00000039355-ENSBTAG00000018993",3.73536209916417,7.37453926824286
"vitro","ENSBTAG00000015362-ENSBTAG00000011909",3.72728444954461,6.58027679366596
"vitro","ENSBTAG00000034077-ENSBTAG00000018999",3.71844578143129,9.39741403714657
"vitro","ENSBTAG00000015362-ENSBTAG00000008997",3.66530785495716,7.43095171751875
"vitro","ENSBTAG00000021697-ENSBTAG00000019929",3.62517812451645,9.86718691567509
"vitro","ENSBTAG00000012638-ENSBTAG00000017753",3.5885276800582,6.76222497256699
"vitro","ENSBTAG00000019267-ENSBTAG00000014357",3.57062655526574,6.69114258460686
"vitro","ENSBTAG00000006295-ENSBTAG00000016948",3.54225499845051,6.772694202476
"vitro","ENSBTAG00000010303-ENSBTAG00000017060",3.53068603912932,5.87113192337971
"vitro","ENSBTAG00000010738-ENSBTAG00000003220",3.48595537988799,6.89691575947765
"vitro","ENSBTAG00000034501-ENSBTAG00000005397",3.48281521190335,5.49955472887523
"vitro","ENSBTAG00000017473-ENSBTAG00000019289",3.46316867711949,6.90518532027937
"vitro","ENSBTAG00000017549-ENSBTAG00000002699",3.43799718089858,8.58122971341785
"vitro","ENSBTAG00000018463-ENSBTAG00000011578",3.40196057871263,9.64293761453061
"vitro","ENSBTAG00000017122-ENSBTAG00000011154",3.38755555693386,10.3076811616597
"vitro","ENSBTAG00000015362-ENSBTAG00000018105",3.3641634560783,6.85003483172101
"vitro","ENSBTAG00000018103-ENSBTAG00000011154",3.32909003873783,8.21102814223556
"vitro","ENSBTAG00000016542-ENSBTAG00000018169",3.31992829158304,8.87348924387662
"vitro","ENSBTAG00000013066-ENSBTAG00000012687",3.29022641241372,10.1685552732938
"vitro","ENSBTAG00000004924-ENSBTAG00000031718",3.27181229345505,6.20791377559726
"vitro","ENSBTAG00000012228-ENSBTAG00000014966",3.22082198113325,8.84241077138334
"vitro","ENSBTAG00000001764-ENSBTAG00000021190",3.17161062882852,4.0702158875498
"vitro","ENSBTAG00000003658-ENSBTAG00000018517",3.16756038481176,8.36795465256866
"vitro","ENSBTAG00000009565-ENSBTAG00000002804",3.13828162121704,7.94899855662631
"vitro","ENSBTAG00000034077-ENSBTAG00000023731",3.06898576748572,8.69470514918964
"vitro","ENSBTAG00000012228-ENSBTAG00000001814",2.98944027532909,6.38251359792817
"vitro","ENSBTAG00000007740-ENSBTAG00000015910",2.9530401864631,8.68725623895133
"vitro","ENSBTAG00000007319-ENSBTAG00000022799",2.93262666208195,5.8437589400043
"vitro","ENSBTAG00000019267-ENSBTAG00000011578",2.9285418605549,6.15662189192022
"vitro","ENSBTAG00000009972-ENSBTAG00000024269",2.91314273788608,8.8566962820935
"vitro","ENSBTAG00000009761-ENSBTAG00000012314",2.88848958680193,6.4089507518942
"vitro","ENSBTAG00000001321-ENSBTAG00000013205",2.88078295781972,4.4392091894578
"vitro","ENSBTAG00000014906-ENSBTAG00000008008",2.87541825623883,6.38950935393746
"vitro","ENSBTAG00000012529-ENSBTAG00000012899",2.8364830287579,4.82238742784863
"vitro","ENSBTAG00000013155-ENSBTAG00000019289",2.82976305768609,5.40896028262296
"vitro","ENSBTAG00000044040-ENSBTAG00000002804",2.80201094264299,8.08502268418183
"vitro","ENSBTAG00000026779-ENSBTAG00000007103",2.77196222277861,5.82398095142487
"vitro","ENSBTAG00000019694-ENSBTAG00000013745",2.7470542525334,6.94479161472835
"vitro","ENSBTAG00000001941-ENSBTAG00000006161",2.72334300635537,7.04054987787782
"vitro","ENSBTAG00000002317-ENSBTAG00000014966",2.66804288813717,5.8540901760959
"vitro","ENSBTAG00000010303-ENSBTAG00000007626",2.62043032916028,4.00054521486286
"vitro","ENSBTAG00000004777-ENSBTAG00000014420",2.61732595444257,5.6246329125691
"vitro","ENSBTAG00000008611-ENSBTAG00000011761",2.59607777458874,5.41492257565737
"vitro","ENSBTAG00000011010-ENSBTAG00000009757",2.57100482588109,5.2153638809535
"vitro","ENSBTAG00000005481-ENSBTAG00000003166",2.56703285550408,5.57797329339181
"vitro","ENSBTAG00000013162-ENSBTAG00000012314",2.5292603639486,6.50524329645161
"vitro","ENSBTAG00000023907-ENSBTAG00000015996",2.49356673871213,5.50355238874753
"vitro","ENSBTAG00000011238-ENSBTAG00000002951",2.46790942306988,7.62830497264153
"vitro","ENSBTAG00000016542-ENSBTAG00000015910",2.46051508653278,7.0041559816064
"vitro","ENSBTAG00000013103-ENSBTAG00000019929",2.4408289565836,7.05928142213145
"vitro","ENSBTAG00000011585-ENSBTAG00000015046",2.43872470670033,6.17424681022932
"vitro","ENSBTAG00000021316-ENSBTAG00000003585",2.41751484371519,6.7621665734414
"vitro","ENSBTAG00000022635-ENSBTAG00000009757",2.41566179809303,3.96940477982863
"vitro","ENSBTAG00000010963-ENSBTAG00000009024",2.40891915460749,5.54648407637775
"vitro","ENSBTAG00000016648-ENSBTAG00000015910",2.40856589033236,6.96390615913688
"vitro","ENSBTAG00000013718-ENSBTAG00000005072",2.40054571626775,4.70628797978448
"vitro","ENSBTAG00000007737-ENSBTAG00000006240",2.36510679975569,5.86182361037498
"vitro","ENSBTAG00000021048-ENSBTAG00000016948",2.36334854386772,3.9573578670261
"vitro","ENSBTAG00000009478-ENSBTAG00000006420",2.35173886588416,5.85465142642789
"vitro","ENSBTAG00000015509-ENSBTAG00000012687",2.3446202786347,6.9018787546346
"vitro","ENSBTAG00000005260-ENSBTAG00000019929",2.33205402385456,4.69461745218015
"vitro","ENSBTAG00000000073-ENSBTAG00000012314",2.31539305149474,5.33733830849023
"vitro","ENSBTAG00000016515-ENSBTAG00000015510",2.31290264894619,5.27544151321805
"vitro","ENSBTAG00000009478-ENSBTAG00000018114",2.27579591776155,5.3645756390454
"vitro","ENSBTAG00000001321-ENSBTAG00000005273",2.27506330340581,5.16456058455823
"vitro","ENSBTAG00000010161-ENSBTAG00000039292",2.26703160231681,4.35697087187263
"vitro","ENSBTAG00000016515-ENSBTAG00000006359",2.2034920560567,6.34074822874576
"vitro","ENSBTAG00000015362-ENSBTAG00000006420",2.20068373930363,2.74020234156424
"vitro","ENSBTAG00000008300-ENSBTAG00000013125",2.18980329888585,5.95223894567134
"vitro","ENSBTAG00000016542-ENSBTAG00000019289",2.17681488726838,6.46825124579386
"vitro","ENSBTAG00000020645-ENSBTAG00000017489",2.17359873977077,6.13262635909156
"vitro","ENSBTAG00000021457-ENSBTAG00000011986",2.16330389971519,2.80440107596447
"vitro","ENSBTAG00000017866-ENSBTAG00000006240",2.15925447118772,6.00992795109372
"vitro","ENSBTAG00000014583-ENSBTAG00000010986",2.14982355606045,3.06217024590576
"vitro","ENSBTAG00000008300-ENSBTAG00000017266",2.13484760089991,3.2091948939858
"vitro","ENSBTAG00000005691-ENSBTAG00000027464",2.13131883844504,6.18229394033314
"vitro","ENSBTAG00000015991-ENSBTAG00000018993",2.12212194474307,6.12212192518543
"vitro","ENSBTAG00000015114-ENSBTAG00000019929",2.12014257969402,6.16197765741554
"vitro","ENSBTAG00000038735-ENSBTAG00000016948",2.11618031621828,5.02927689955035
"vitro","ENSBTAG00000021333-ENSBTAG00000017801",2.11307976762973,3.77861014972686
"vitro","ENSBTAG00000011082-ENSBTAG00000002402",2.05483805510678,3.56731830522996
"vitro","ENSBTAG00000023907-ENSBTAG00000013755",2.02324700335138,4.28132835818189
"vitro","ENSBTAG00000012004-ENSBTAG00000019929",2.01357782960834,5.37116869504315
"vitro","ENSBTAG00000014737-ENSBTAG00000001462",1.97361434346566,3.57418778838812
"vitro","ENSBTAG00000010726-ENSBTAG00000025101",1.97350226128813,4.64440462910385
"vitro","ENSBTAG00000009615-ENSBTAG00000013290",1.95787796966585,6.19135376481015
"vitro","ENSBTAG00000040333-ENSBTAG00000013290",1.95707797312089,4.8882885290632
"vitro","ENSBTAG00000008300-ENSBTAG00000014357",1.94436617622354,5.05991886589079
"vitro","ENSBTAG00000005359-ENSBTAG00000008997",1.91892183858854,4.37285636620644
"vitro","ENSBTAG00000004777-ENSBTAG00000017753",1.91556971574056,5.52853192046712
"vitro","ENSBTAG00000015362-ENSBTAG00000018114",1.91375963582006,3.29913820356929
"vitro","ENSBTAG00000017312-ENSBTAG00000017136",1.91050361761896,5.93975681662353
"vitro","ENSBTAG00000007273-ENSBTAG00000034385",1.90775240206099,3.57265703436685
"vitro","ENSBTAG00000006538-ENSBTAG00000019903",1.90301124838477,3.73249288156612
"vitro","ENSBTAG00000010663-ENSBTAG00000013745",1.89030674137989,3.73099982710101
"vitro","ENSBTAG00000047567-ENSBTAG00000000570",1.88708848790041,3.14856427966513
"vitro","ENSBTAG00000021499-ENSBTAG00000008849",1.87896703546335,4.98185863226202
"vitro","ENSBTAG00000016208-ENSBTAG00000015910",1.86815719509331,3.78579414960874
"vitro","ENSBTAG00000019770-ENSBTAG00000012314",1.86439498637864,3.61863446626093
"vitro","ENSBTAG00000007740-ENSBTAG00000026676",1.84656334276281,5.83934600690468
"vitro","ENSBTAG00000006655-ENSBTAG00000008218",1.84349581218931,4.83145342349633
"vitro","ENSBTAG00000017246-ENSBTAG00000010444",1.82268425626652,2.9573498232449
"vitro","ENSBTAG00000014218-ENSBTAG00000011761",1.81828160860556,3.4857940642274
"vitro","ENSBTAG00000025471-ENSBTAG00000024928",1.81077088434665,4.11312712210167
"vitro","ENSBTAG00000010663-ENSBTAG00000015910",1.80939697829347,3.18493730832645
"vitro","ENSBTAG00000017246-ENSBTAG00000018035",1.80058037388863,4.50878374196995
"vitro","ENSBTAG00000009478-ENSBTAG00000014354",1.78604906928385,3.69848745313813
"vitro","ENSBTAG00000003658-ENSBTAG00000015910",1.78284973709993,3.88836118009596
"vitro","ENSBTAG00000019993-ENSBTAG00000027516",1.77794842174357,3.90601952197114
"vitro","ENSBTAG00000012398-ENSBTAG00000014357",1.77700007258607,3.87977812847586
"vitro","ENSBTAG00000011757-ENSBTAG00000007909",1.77469547461842,2.88224388576303
"vitro","ENSBTAG00000018773-ENSBTAG00000019866",1.76448997366478,4.24929927804769
"vitro","ENSBTAG00000004630-ENSBTAG00000003585",1.75683491033993,4.71682087559567
"vitro","ENSBTAG00000013191-ENSBTAG00000019929",1.75660574834314,3.52254048912718
"vitro","ENSBTAG00000021316-ENSBTAG00000015910",1.75027657052103,3.02083894995043
"vitro","ENSBTAG00000000016-ENSBTAG00000024928",1.74881158256507,4.8924859955335
"vitro","ENSBTAG00000009476-ENSBTAG00000013745",1.73745702114948,5.24978893683125
"vitro","ENSBTAG00000010123-ENSBTAG00000014611",1.72639570541968,5.06798636371314
"vitro","ENSBTAG00000016542-ENSBTAG00000017266",1.72301793922505,4.68839684279714
"vitro","ENSBTAG00000001764-ENSBTAG00000026676",1.72290202362473,4.28291396092946
"vitro","ENSBTAG00000010361-ENSBTAG00000022799",1.70734326226017,2.93873511697108
"vitro","ENSBTAG00000010303-ENSBTAG00000020892",1.69353850466578,4.67699737577843
"vitro","ENSBTAG00000007737-ENSBTAG00000006378",1.68632335877285,3.32256239413505
"vitro","ENSBTAG00000017664-ENSBTAG00000019712",1.67354058765653,3.34606686477605
"vitro","ENSBTAG00000012638-ENSBTAG00000014420",1.66073309334454,3.27453458543598
"vitro","ENSBTAG00000005359-ENSBTAG00000024269",1.66021536582802,4.91800212593256
"vitro","ENSBTAG00000001492-ENSBTAG00000007213",1.64295277713872,4.51291326330565
"vitro","ENSBTAG00000032808-ENSBTAG00000004211",1.64016501903112,3.31653981834984
"vitro","ENSBTAG00000013760-ENSBTAG00000003585",1.63466305880826,3.42203390026889
"vitro","ENSBTAG00000005359-ENSBTAG00000018035",1.63068519212075,3.81954050763945
"vitro","ENSBTAG00000032436-ENSBTAG00000006240",1.62862309197107,5.02100432261244
"vitro","ENSBTAG00000001745-ENSBTAG00000015910",1.61881527839756,4.20836831514908
"vitro","ENSBTAG00000019964-ENSBTAG00000003166",1.60564329969888,3.67214356710931
"vitro","ENSBTAG00000017246-ENSBTAG00000006240",1.60411118437861,5.01280612142648
"vitro","ENSBTAG00000011851-ENSBTAG00000015510",1.60252215643465,4.49339902687434
"vitro","ENSBTAG00000005947-ENSBTAG00000013125",1.59825774856878,5.05413477349005
"vitro","ENSBTAG00000000575-ENSBTAG00000011628",1.5830713389693,3.81995921258108
"vitro","ENSBTAG00000005691-ENSBTAG00000024269",1.57220512552422,2.80786949008302
"vitro","ENSBTAG00000000575-ENSBTAG00000015296",1.57052188170008,3.50330516534697
"vitro","ENSBTAG00000004226-ENSBTAG00000026278",1.56558152834503,4.78997650155707
"vitro","ENSBTAG00000006045-ENSBTAG00000034385",1.56519614164903,4.61147346315724
"vitro","ENSBTAG00000011851-ENSBTAG00000002699",1.56200219635151,2.96683816859825
"vitro","ENSBTAG00000008300-ENSBTAG00000018993",1.55492427758936,4.79881079985284
"vitro","ENSBTAG00000015991-ENSBTAG00000010444",1.546165248522,2.60470812921814
"vitro","ENSBTAG00000014921-ENSBTAG00000017745",1.53805148192854,2.66721904844544
"vitro","ENSBTAG00000004261-ENSBTAG00000017060",1.53349122393785,2.84332132711235
"vitro","ENSBTAG00000004924-ENSBTAG00000039292",1.52525825448981,3.16702227154836
"vitro","ENSBTAG00000021466-ENSBTAG00000015910",1.51132261510576,3.10863290451071
"vitro","ENSBTAG00000037533-ENSBTAG00000005397",1.50699942941622,3.8277613555751
"vitro","ENSBTAG00000022635-ENSBTAG00000015910",1.50601067938489,2.11556284557382
"vitro","ENSBTAG00000023652-ENSBTAG00000005828",1.50000991521326,3.32791375141438
"vitro","ENSBTAG00000017246-ENSBTAG00000019832",1.49120915651629,3.32794332937728
"vitro","ENSBTAG00000007897-ENSBTAG00000016948",1.48255420014701,3.60942302210689
"vitro","ENSBTAG00000023907-ENSBTAG00000020644",1.48192131969365,3.90253912882665
"vitro","ENSBTAG00000002317-ENSBTAG00000018052",1.48142984209378,3.14050053773278
"vitro","ENSBTAG00000011851-ENSBTAG00000011425",1.47588570232609,3.09981721448822
"vitro","ENSBTAG00000010334-ENSBTAG00000046199",1.47255500821688,3.69805575432292
"vitro","ENSBTAG00000009972-ENSBTAG00000011909",1.4701554200064,3.04502331000046
"vitro","ENSBTAG00000015362-ENSBTAG00000000231",1.46898807796371,2.76311102530116
"vitro","ENSBTAG00000009478-ENSBTAG00000000231",1.46305160448068,2.99187551055549
"vitro","ENSBTAG00000037899-ENSBTAG00000007909",1.45286064687749,2.62256477516032
"vitro","ENSBTAG00000005260-ENSBTAG00000013755",1.45243998034911,3.70032314525152
"vitro","ENSBTAG00000032436-ENSBTAG00000012314",1.45214287727498,3.56793058766664
"vitro","ENSBTAG00000017664-ENSBTAG00000011578",1.44996319421572,4.58518621713476
"vitro","ENSBTAG00000019964-ENSBTAG00000005828",1.44471480818034,4.56858936322314
"vitro","ENSBTAG00000009393-ENSBTAG00000039292",1.44175317745682,3.12871060475582
"vitro","ENSBTAG00000012817-ENSBTAG00000005397",1.41910533750761,2.61818265594462
"vitro","ENSBTAG00000006538-ENSBTAG00000016948",1.40856513024557,2.3271487365671
"vitro","ENSBTAG00000000277-ENSBTAG00000011238",1.40544066655997,2.65343175875184
"vitro","ENSBTAG00000007737-ENSBTAG00000011628",1.40337059401572,2.12880008109115
"vitro","ENSBTAG00000012398-ENSBTAG00000012314",1.39938668432082,2.49004461596834
"vitro","ENSBTAG00000011291-ENSBTAG00000006732",1.39786922353818,2.91983926277357
"vitro","ENSBTAG00000010123-ENSBTAG00000014269",1.39423899654359,3.47009144253724
"vitro","ENSBTAG00000014583-ENSBTAG00000014600",1.39181441687933,3.20992131669925
"vitro","ENSBTAG00000016800-ENSBTAG00000000782",1.38990351337776,3.01716700659579
"vitro","ENSBTAG00000015991-ENSBTAG00000011628",1.38424134407897,3.57547396174819
"vitro","ENSBTAG00000037899-ENSBTAG00000022799",1.38356909042352,2.00189729463012
"vitro","ENSBTAG00000020221-ENSBTAG00000005903",1.38093992906881,3.60524753506902
"vitro","ENSBTAG00000016515-ENSBTAG00000000815",1.38034448498017,3.08104541137488
"vitro","ENSBTAG00000009876-ENSBTAG00000006420",1.38025313749183,2.12581657049703
"vitro","ENSBTAG00000007737-ENSBTAG00000007909",1.36665098656668,3.37853756450606
"vitro","ENSBTAG00000023907-ENSBTAG00000013745",1.36288999218839,3.2544787028463
"vitro","ENSBTAG00000013103-ENSBTAG00000013745",1.36066471863807,4.03375080488938
"vitro","ENSBTAG00000020645-ENSBTAG00000013674",1.3575909065438,4.1782390670655
"vitro","ENSBTAG00000034077-ENSBTAG00000017846",1.35404700314392,2.7058655758344
"vitro","ENSBTAG00000005481-ENSBTAG00000022799",1.35029010605938,2.81950358910589
"vitro","ENSBTAG00000014465-ENSBTAG00000013755",1.3471397594528,3.02617906026388
"vitro","ENSBTAG00000003176-ENSBTAG00000015910",1.3417608813775,3.17213751596564
"vitro","ENSBTAG00000008027-ENSBTAG00000016948",1.33071606512716,3.61786985640536
"vitro","ENSBTAG00000004129-ENSBTAG00000014162",1.32531440735429,3.52617471663343
"vitro","ENSBTAG00000025644-ENSBTAG00000014600",1.32097992697118,3.59961299890093
"vitro","ENSBTAG00000013155-ENSBTAG00000015910",1.32089179712434,2.70897177146793
"vitro","ENSBTAG00000017246-ENSBTAG00000006378",1.31963948228922,2.88341591065325
"vitro","ENSBTAG00000013066-ENSBTAG00000021527",1.31600333137232,3.93920781553003
"vitro","ENSBTAG00000013103-ENSBTAG00000004885",1.27047002070878,3.66773680054931
"vitro","ENSBTAG00000001941-ENSBTAG00000023144",1.26136711323662,2.04405666870551
"vitro","ENSBTAG00000013760-ENSBTAG00000015910",1.25939025683758,3.06060841833174
"vitro","ENSBTAG00000014218-ENSBTAG00000005903",1.25803292438655,2.88600488460537
"vitro","ENSBTAG00000017122-ENSBTAG00000019289",1.25307841842547,1.49073034491298
"vitro","ENSBTAG00000000575-ENSBTAG00000015910",1.24338207042155,2.92295960643172
"vitro","ENSBTAG00000004594-ENSBTAG00000019569",1.23498865444223,3.11474821261884
"vitro","ENSBTAG00000013103-ENSBTAG00000001462",1.23130532285071,3.43311414076165
"vitro","ENSBTAG00000020676-ENSBTAG00000017060",1.22422917794393,2.18562849211239
"vitro","ENSBTAG00000003832-ENSBTAG00000022799",1.21972178016918,2.22287722413237
"vitro","ENSBTAG00000000016-ENSBTAG00000010497",1.21484141001507,3.66295131431115
"vitro","ENSBTAG00000023907-ENSBTAG00000000782",1.21374312221279,3.79389385241213
"vitro","ENSBTAG00000007897-ENSBTAG00000023731",1.21025605234325,2.60608617615654
"vitro","ENSBTAG00000009972-ENSBTAG00000018105",1.20561341909583,3.02123849507333
"vitro","ENSBTAG00000025644-ENSBTAG00000011628",1.20314217183408,3.31173467620742
"vitro","ENSBTAG00000001292-ENSBTAG00000032719",1.20296494727219,1.91942918026996
"vitro","ENSBTAG00000007740-ENSBTAG00000007909",1.19933205962965,3.07571443462877
"vitro","ENSBTAG00000007153-ENSBTAG00000012219",1.19661052587472,2.96470716538845
"vitro","ENSBTAG00000004630-ENSBTAG00000013745",1.18697622959121,2.06656741605012
"vitro","ENSBTAG00000007740-ENSBTAG00000017266",1.18172513624337,3.73694299880185
"vitro","ENSBTAG00000005691-ENSBTAG00000015457",1.17032023565228,2.66743567382279
"vitro","ENSBTAG00000020342-ENSBTAG00000007047",1.16631773869512,2.98469026285492
"vitro","ENSBTAG00000002411-ENSBTAG00000007421",1.16404543466125,3.51341704433614
"vitro","ENSBTAG00000007737-ENSBTAG00000012314",1.16210142278895,2.47270454680938
"vitro","ENSBTAG00000010562-ENSBTAG00000011515",1.15585385435799,1.83825139062935
"vitro","ENSBTAG00000021316-ENSBTAG00000019289",1.15418294850724,3.14471509656401
"vitro","ENSBTAG00000005339-ENSBTAG00000015910",1.15231567842241,1.53113560362862
"vitro","ENSBTAG00000005710-ENSBTAG00000014064",1.14841263040428,3.18640399829828
"vitro","ENSBTAG00000007148-ENSBTAG00000034848",1.14463668107825,3.61965900558303
"vitro","ENSBTAG00000013688-ENSBTAG00000011971",1.13397609632958,3.26527389442471
"vitro","ENSBTAG00000038735-ENSBTAG00000019903",1.13323854518254,1.82470735717009
"vitro","ENSBTAG00000005250-ENSBTAG00000006240",1.13225004753339,3.53726130318605
"vitro","ENSBTAG00000004129-ENSBTAG00000003220",1.12207323740419,1.94270961349855
"vitro","ENSBTAG00000005710-ENSBTAG00000009851",1.11974702387015,2.71199272741453
"vitro","ENSBTAG00000037533-ENSBTAG00000037735",1.1170322767907,2.6115554870332
"vitro","ENSBTAG00000025471-ENSBTAG00000004211",1.11695958412781,2.24825573326492
"vitro","ENSBTAG00000005691-ENSBTAG00000014064",1.11638958421808,2.48290198204308
"vitro","ENSBTAG00000002473-ENSBTAG00000003777",1.11421695049872,3.2289847499935
"vitro","ENSBTAG00000005359-ENSBTAG00000019832",1.1091849601659,2.99704327744678
"vitro","ENSBTAG00000008096-ENSBTAG00000019733",1.10631794401352,2.30822067143922
"vitro","ENSBTAG00000007244-ENSBTAG00000015910",1.10482309459148,1.88823540768927
"vitro","ENSBTAG00000013688-ENSBTAG00000019866",1.0993161052399,2.33290710966845
"vitro","ENSBTAG00000022635-ENSBTAG00000012897",1.08814200578139,1.63485398581296
"vitro","ENSBTAG00000022120-ENSBTAG00000013745",1.0866153281132,3.43617937728891
"vitro","ENSBTAG00000006396-ENSBTAG00000003798",1.08602317384667,2.29035032067535
"vitro","ENSBTAG00000022120-ENSBTAG00000017060",1.08372420929952,2.68110753639898
"vitro","ENSBTAG00000011851-ENSBTAG00000012771",1.07482906208963,2.76237878141818
"vitro","ENSBTAG00000021326-ENSBTAG00000014798",1.05705326585197,2.91605096999896
"vitro","ENSBTAG00000010991-ENSBTAG00000007348",1.02969292120436,1.5990901528491
"vitro","ENSBTAG00000021217-ENSBTAG00000019289",1.02624105663954,3.00289847435036
"vitro","ENSBTAG00000007244-ENSBTAG00000000253",1.02524412853205,2.07761191914403
"vitro","ENSBTAG00000025775-ENSBTAG00000002144",1.01576050464799,2.14713956853337
"vitro","ENSBTAG00000016208-ENSBTAG00000015127",1.01402264508367,3.20662115745293
"vitro","ENSBTAG00000013472-ENSBTAG00000019289",1.00992499134431,2.3932581714529
"vitro","ENSBTAG00000021466-ENSBTAG00000019289",1.00660045521918,2.18191154733917
"vitro","ENSBTAG00000007740-ENSBTAG00000013320",1.00645621030636,3.18269398978952
"vitro","ENSBTAG00000000073-ENSBTAG00000018517",1.00158102189914,3.04618403116065
"vitro","ENSBTAG00000005077-ENSBTAG00000039292",1.00081410022188,2.0768798041379
"vitro","ENSBTAG00000013103-ENSBTAG00000019289",1.000561396734,2.9597548162479
"vitro","ENSBTAG00000014583-ENSBTAG00000020661",1.00015533805491,2.08143453381177
"vitro","ENSBTAG00000014906-ENSBTAG00000011515",0.998291793280018,1.75339215050805
"vitro","ENSBTAG00000007773-ENSBTAG00000015910",0.994162941451789,3.14381926032028
"vitro","ENSBTAG00000013155-ENSBTAG00000008165",0.992857467266295,1.83328646658795
"vitro","ENSBTAG00000007273-ENSBTAG00000032719",0.989662983180045,1.6616388092066
"vitro","ENSBTAG00000007737-ENSBTAG00000006161",0.986253147138632,2.85026124789945
"vitro","ENSBTAG00000025471-ENSBTAG00000010497",0.982036481426496,1.7304948378877
"vitro","ENSBTAG00000015991-ENSBTAG00000021190",0.982014534201411,2.66893320320573
"vitro","ENSBTAG00000013003-ENSBTAG00000021527",0.980833843898735,2.4736443827968
"vitro","ENSBTAG00000005947-ENSBTAG00000019712",0.979950560036126,3.09887576407173
"vitro","ENSBTAG00000003253-ENSBTAG00000007665",0.971857615626705,1.66751355522397
"vitro","ENSBTAG00000020676-ENSBTAG00000011578",0.961376845734187,1.91461129684724
"vitro","ENSBTAG00000013103-ENSBTAG00000011578",0.957636190039735,2.86269866198745
"vitro","ENSBTAG00000014127-ENSBTAG00000039652",0.955662405496858,2.07751400087136
"vitro","ENSBTAG00000015089-ENSBTAG00000023144",0.953939978888277,2.54413751030346
"vitro","ENSBTAG00000012004-ENSBTAG00000019832",0.943748757372856,2.11716098798836
"vitro","ENSBTAG00000032808-ENSBTAG00000007498",0.939973422453939,1.83078820915343
"vitro","ENSBTAG00000025471-ENSBTAG00000020054",0.936231539623898,2.16133617591748
"vitro","ENSBTAG00000010138-ENSBTAG00000019866",0.934776237243071,1.60135957621609
"vitro","ENSBTAG00000006538-ENSBTAG00000002144",0.933749766640296,1.4621966060338
"vitro","ENSBTAG00000007740-ENSBTAG00000011154",0.93289114597069,2.0993343858121
"vitro","ENSBTAG00000013103-ENSBTAG00000017866",0.932170048111222,2.49794643711764
"vitro","ENSBTAG00000032436-ENSBTAG00000002144",0.932084949675786,2.2006842494884
"vitro","ENSBTAG00000014921-ENSBTAG00000007101",0.92759247196222,1.83143217330934
"vitro","ENSBTAG00000025775-ENSBTAG00000019903",0.911874423854215,1.77924004470043
"vitro","ENSBTAG00000039355-ENSBTAG00000011515",0.90793800165426,1.92153975957107
"vitro","ENSBTAG00000013162-ENSBTAG00000002144",0.907865206962557,2.14386886340751
"vitro","ENSBTAG00000020221-ENSBTAG00000016999",0.90672766417472,2.50231724642083
"vitro","ENSBTAG00000012413-ENSBTAG00000015457",0.906579992021335,1.6566936319604
"vitro","ENSBTAG00000008300-ENSBTAG00000017489",0.904741980222456,1.63290347268852
"vitro","ENSBTAG00000016208-ENSBTAG00000014944",0.903464517518981,1.8370778210707
"vitro","ENSBTAG00000018103-ENSBTAG00000006240",0.899096051426249,1.84699284607426
"vitro","ENSBTAG00000014575-ENSBTAG00000003585",0.894521331079428,1.52035045947953
"vitro","ENSBTAG00000014575-ENSBTAG00000015910",0.88869150902105,1.81344148623144
"vitro","ENSBTAG00000010963-ENSBTAG00000002414",0.887314290624423,1.87880062940803
"vitro","ENSBTAG00000015991-ENSBTAG00000000253",0.880725035182318,2.36977945932251
"vitro","ENSBTAG00000007708-ENSBTAG00000000244",0.87939063411154,1.61593022352844
"vitro","ENSBTAG00000011802-ENSBTAG00000017266",0.876256217533445,2.11147864158762
"vitro","ENSBTAG00000013191-ENSBTAG00000015910",0.870115626892084,1.25331429198303
"vitro","ENSBTAG00000005198-ENSBTAG00000019866",0.866409723339723,1.20296287803949
"vitro","ENSBTAG00000001941-ENSBTAG00000011409",0.863742355489573,1.64913788253473
"vitro","ENSBTAG00000032436-ENSBTAG00000006378",0.857134333602408,2.44683994239641
"vitro","ENSBTAG00000008817-ENSBTAG00000015910",0.846716869057635,1.83037601637446
"vitro","ENSBTAG00000032436-ENSBTAG00000022799",0.8430748433276,1.82166332911072
"vitro","ENSBTAG00000008300-ENSBTAG00000011578",0.84211434416527,1.77605499378091
"vitro","ENSBTAG00000020194-ENSBTAG00000015457",0.840202320110076,2.02841165483041
"vitro","ENSBTAG00000016208-ENSBTAG00000038141",0.839505811643435,2.12224547373643
"vitro","ENSBTAG00000007268-ENSBTAG00000015910",0.833217401734175,1.76307325850529
"vitro","ENSBTAG00000011851-ENSBTAG00000004917",0.832920968862406,2.03122275622927
"vitro","ENSBTAG00000002317-ENSBTAG00000012119",0.832274121664824,1.42717664665628
"vitro","ENSBTAG00000010123-ENSBTAG00000012314",0.83144446735634,1.49449630495374
"vitro","ENSBTAG00000015352-ENSBTAG00000012599",0.831158521468412,2.62835402449814
"vitro","ENSBTAG00000025644-ENSBTAG00000011515",0.83052930826728,1.55041223980768
"vitro","ENSBTAG00000047567-ENSBTAG00000019866",0.830472778554297,1.80204910444313
"vitro","ENSBTAG00000007446-ENSBTAG00000008733",0.830045741001365,1.62917703926152
"vitro","ENSBTAG00000013103-ENSBTAG00000010682",0.829881973481332,2.47359945974357
"vitro","ENSBTAG00000008300-ENSBTAG00000013745",0.829653972131478,2.14044566932137
"vitro","ENSBTAG00000005260-ENSBTAG00000013745",0.826309977160281,1.7420304428957
"vitro","ENSBTAG00000003835-ENSBTAG00000006420",0.82629147066279,1.75227592933089
"vitro","ENSBTAG00000005359-ENSBTAG00000011909",0.823849189881227,2.56139488464229
"vitro","ENSBTAG00000012088-ENSBTAG00000015910",0.815298395296644,1.51894287147457
"vitro","ENSBTAG00000011802-ENSBTAG00000015910",0.814919921193287,1.27046370087804
"vitro","ENSBTAG00000017746-ENSBTAG00000009851",0.814762686798935,1.6659343138066
"vitro","ENSBTAG00000017246-ENSBTAG00000012314",0.809958732968313,1.6805859879045
"vitro","ENSBTAG00000005198-ENSBTAG00000011578",0.805890324124001,2.54844896852318
"vitro","ENSBTAG00000004086-ENSBTAG00000019712",0.798266733196435,1.29404827321058
"vitro","ENSBTAG00000012210-ENSBTAG00000037735",0.796937516022865,1.67541079300998
"vitro","ENSBTAG00000010726-ENSBTAG00000012314",0.79571796019487,1.56671060577048
"vitro","ENSBTAG00000025775-ENSBTAG00000020704",0.795622963680837,2.51598072396487
"vitro","ENSBTAG00000013901-ENSBTAG00000014269",0.792970786659075,1.73508114125158
"vitro","ENSBTAG00000005691-ENSBTAG00000019866",0.791084162455336,1.5242285512434
"vitro","ENSBTAG00000012109-ENSBTAG00000013674",0.786987865420463,1.54975654621639
"vitro","ENSBTAG00000005077-ENSBTAG00000001060",0.784549502488475,2.4211191082338
"vitro","ENSBTAG00000004148-ENSBTAG00000003255",0.784146606541977,2.27004075638123
"vitro","ENSBTAG00000006354-ENSBTAG00000025101",0.784080798192597,1.89105593583641
"vitro","ENSBTAG00000015177-ENSBTAG00000010249",0.781214897843042,1.67269915424667
"vitro","ENSBTAG00000038221-ENSBTAG00000006359",0.780291769469156,1.30750479621949
"vitro","ENSBTAG00000020342-ENSBTAG00000002107",0.774662339461898,1.63364848941071
"vitro","ENSBTAG00000025644-ENSBTAG00000004588",0.766800986525797,1.92910113779948
"vitro","ENSBTAG00000005339-ENSBTAG00000015996",0.76679002284,1.15211713697524
"vitro","ENSBTAG00000007740-ENSBTAG00000012119",0.765421372782709,2.42047490776617
"vitro","ENSBTAG00000019269-ENSBTAG00000019289",0.762528138503164,2.15304064230232
"vitro","ENSBTAG00000001368-ENSBTAG00000015910",0.761070043790597,2.28575850145507
"vitro","ENSBTAG00000017060-ENSBTAG00000007103",0.758280456743797,1.30740050773561
"vitro","ENSBTAG00000011082-ENSBTAG00000021527",0.75634595791169,2.23076814879472
"vitro","ENSBTAG00000016648-ENSBTAG00000017266",0.754162871102697,1.65075606327154
"vitro","ENSBTAG00000019336-ENSBTAG00000011761",0.753184527374192,2.16857856027887
"vitro","ENSBTAG00000000575-ENSBTAG00000026676",0.753022481790643,1.98023330230457
"vitro","ENSBTAG00000007737-ENSBTAG00000012599",0.747288910351102,2.14510151788013
"vitro","ENSBTAG00000011851-ENSBTAG00000000782",0.744937926913264,1.38185829184903
"vitro","ENSBTAG00000005710-ENSBTAG00000015457",0.742274577813416,1.30628754277658
"vitro","ENSBTAG00000009761-ENSBTAG00000002144",0.739580179258154,1.65254185494729
"vitro","ENSBTAG00000003585-ENSBTAG00000007213",0.739283028824311,1.34339412739557
"vitro","ENSBTAG00000020194-ENSBTAG00000014064",0.738515462999737,2.01781943936597
"vitro","ENSBTAG00000014906-ENSBTAG00000015910",0.737461188583738,1.56875760137431
"vitro","ENSBTAG00000019866-ENSBTAG00000000782",0.731247791426473,2.24778989432979
"vitro","ENSBTAG00000007737-ENSBTAG00000018035",0.722790180751556,1.97785765789674
"vitro","ENSBTAG00000008027-ENSBTAG00000017489",0.720498654493671,1.6194412395011
"vitro","ENSBTAG00000014583-ENSBTAG00000011515",0.718264716200416,1.53106566606938
"vitro","ENSBTAG00000005947-ENSBTAG00000015910",0.7171457507591,1.39659173136548
"vitro","ENSBTAG00000007737-ENSBTAG00000022799",0.710189257308318,1.17149425142346
"vitro","ENSBTAG00000003176-ENSBTAG00000017060",0.708474679135402,1.73128177195975
"vitro","ENSBTAG00000017664-ENSBTAG00000006161",0.705884466253226,1.90363822710343
"vitro","ENSBTAG00000017753-ENSBTAG00000015228",0.705310326083682,1.48855152803426
"vitro","ENSBTAG00000019839-ENSBTAG00000015910",0.704909566364255,1.44974338733255
"vitro","ENSBTAG00000005260-ENSBTAG00000005990",0.698933402866307,1.57513744780639
"vitro","ENSBTAG00000000575-ENSBTAG00000019929",0.696851662721872,2.06513102866019
"vitro","ENSBTAG00000014583-ENSBTAG00000014567",0.694954746045704,1.02958195217017
"vitro","ENSBTAG00000005260-ENSBTAG00000015910",0.694065971316435,1.57490899813789
"vitro","ENSBTAG00000005108-ENSBTAG00000001060",0.691973109803532,1.32377936593622
"vitro","ENSBTAG00000008817-ENSBTAG00000017266",0.691947732513306,1.5532517465035
"vitro","ENSBTAG00000014051-ENSBTAG00000013745",0.683323142167479,1.89840841606892
"vitro","ENSBTAG00000018343-ENSBTAG00000004211",0.678579914650434,1.27251445268352
"vitro","ENSBTAG00000010820-ENSBTAG00000002107",0.678124659989343,1.19841002910589
"vitro","ENSBTAG00000011757-ENSBTAG00000022799",0.676750648529762,1.40312238819565
"vitro","ENSBTAG00000001141-ENSBTAG00000015910",0.673865208227548,1.68142982487949
"vitro","ENSBTAG00000010138-ENSBTAG00000011971",0.672958397393831,1.2733051930104
"vitro","ENSBTAG00000010161-ENSBTAG00000014162",0.671033402387939,1.47935198827316
"vitro","ENSBTAG00000011966-ENSBTAG00000018169",0.667192007580675,2.05033748957378
"vitro","ENSBTAG00000005077-ENSBTAG00000015127",0.667005032143277,1.40825858193129
"vitro","ENSBTAG00000007897-ENSBTAG00000017981",0.66577174218066,1.92751809740038
"vitro","ENSBTAG00000023652-ENSBTAG00000003166",0.665471658835812,1.62151538998742
"vitro","ENSBTAG00000011412-ENSBTAG00000018169",0.663419191218421,2.09791568771699
"vitro","ENSBTAG00000003835-ENSBTAG00000000231",0.662333629354081,1.65544105125999
"vitro","ENSBTAG00000007897-ENSBTAG00000017489",0.661922869227335,2.09318390211216
"vitro","ENSBTAG00000025410-ENSBTAG00000018343",0.66083630948544,1.51543843097772
"vitro","ENSBTAG00000002880-ENSBTAG00000013755",0.657544101801107,1.24205504942704
"vitro","ENSBTAG00000047567-ENSBTAG00000001694",0.655215537249632,1.40852992591047
"vitro","ENSBTAG00000032436-ENSBTAG00000014064",0.654454726946909,1.97642357859376
"vitro","ENSBTAG00000008300-ENSBTAG00000004356",0.6505621769057,1.7065254958353
"vitro","ENSBTAG00000021466-ENSBTAG00000010682",0.649802886950739,1.55923754245582
"vitro","ENSBTAG00000011851-ENSBTAG00000019866",0.648197233938627,1.76963611406196
"vitro","ENSBTAG00000020221-ENSBTAG00000002107",0.647867958311755,1.98346346681717
"vitro","ENSBTAG00000000575-ENSBTAG00000013745",0.640204323826171,1.21621994138684
"vitro","ENSBTAG00000020457-ENSBTAG00000019832",0.638942110428239,1.31109861283034
"vitro","ENSBTAG00000000575-ENSBTAG00000011154",0.634830278647851,1.67957887208145
"vitro","ENSBTAG00000012849-ENSBTAG00000019929",0.632284048253612,1.50822641399585
"vitro","ENSBTAG00000009357-ENSBTAG00000011154",0.631259569626478,1.57475769590085
"vitro","ENSBTAG00000011802-ENSBTAG00000019289",0.621223982847355,1.85434985946512
"vitro","ENSBTAG00000005198-ENSBTAG00000014064",0.618383418579251,1.29919812860975
"vitro","ENSBTAG00000001941-ENSBTAG00000014966",0.617720204839092,1.33214855081506
"vitro","ENSBTAG00000015114-ENSBTAG00000017489",0.617393846878781,1.67012256913598
"vitro","ENSBTAG00000032436-ENSBTAG00000007909",0.614169075946748,1.69613226864692
"vitro","ENSBTAG00000012066-ENSBTAG00000013569",0.61116574910751,1.45471599761014
"vitro","ENSBTAG00000017122-ENSBTAG00000015910",0.606614705857581,1.54619243971918
"vitro","ENSBTAG00000045520-ENSBTAG00000039292",0.602723924218774,1.28871647770318
"vitro","ENSBTAG00000007244-ENSBTAG00000011741",0.601913036264632,0.995410651581308
"vitro","ENSBTAG00000006354-ENSBTAG00000017060",0.598106428217041,0.975520195201385
"vitro","ENSBTAG00000003806-ENSBTAG00000016455",0.597802272961912,1.1375846405906
"vitro","ENSBTAG00000023652-ENSBTAG00000001694",0.592196905232225,0.90040014274368
"vitro","ENSBTAG00000005691-ENSBTAG00000011578",0.587134436906635,1.5901529698979
"vitro","ENSBTAG00000020645-ENSBTAG00000010860",0.582635619720081,1.22023375668474
"vitro","ENSBTAG00000012228-ENSBTAG00000010146",0.581571691279777,1.47599802775315
"vitro","ENSBTAG00000017753-ENSBTAG00000039292",0.581029359159783,1.55848367123478
"vitro","ENSBTAG00000005691-ENSBTAG00000020644",0.580499928401443,1.26818134078242
"vitro","ENSBTAG00000010562-ENSBTAG00000020755",0.579903351608778,1.16424026800216
"vitro","ENSBTAG00000007273-ENSBTAG00000011738",0.577057650331472,1.82481651627247
"vitro","ENSBTAG00000017753-ENSBTAG00000020054",0.576107559603564,1.06983511939727
"vitro","ENSBTAG00000020221-ENSBTAG00000006835",0.574251416414804,1.01778719615147
"vitro","ENSBTAG00000017564-ENSBTAG00000017846",0.571938798599969,1.80862928579622
"vitro","ENSBTAG00000001745-ENSBTAG00000019289",0.565354037091416,1.29072394482763
"vitro","ENSBTAG00000022635-ENSBTAG00000018169",0.554915290626694,1.19633892149078
"vitro","ENSBTAG00000009476-ENSBTAG00000015910",0.545913095096661,0.873946487804398
"vitro","ENSBTAG00000014583-ENSBTAG00000011628",0.545461731007905,0.674047041022852
"vitro","ENSBTAG00000012004-ENSBTAG00000013755",0.54452950942613,1.05729245319569
"vitro","ENSBTAG00000020457-ENSBTAG00000018035",0.54375152382703,1.17155195674261
"vitro","ENSBTAG00000017455-ENSBTAG00000019929",0.540072979519483,0.868943143098028
"vitro","ENSBTAG00000021048-ENSBTAG00000017489",0.539793190810631,1.17876482960348
"vitro","ENSBTAG00000005339-ENSBTAG00000000570",0.538118365229258,1.01658193388725
"vitro","ENSBTAG00000018103-ENSBTAG00000017753",0.53562819940366,1.30328405901366
"vitro","ENSBTAG00000005108-ENSBTAG00000015996",0.53556659851438,1.50885006379057
"vitro","ENSBTAG00000007446-ENSBTAG00000008849",0.534302294380347,1.44897230035133
"vitro","ENSBTAG00000001492-ENSBTAG00000003585",0.529828025415437,1.19926071245161
"vitro","ENSBTAG00000001725-ENSBTAG00000014798",0.529286835946358,1.23321969894944
"vitro","ENSBTAG00000020645-ENSBTAG00000014798",0.528202868818166,0.765336684131406
"vitro","ENSBTAG00000007244-ENSBTAG00000019929",0.527305106325419,1.35667666092935
"vitro","ENSBTAG00000005163-ENSBTAG00000006240",0.525326639138484,0.618565213468328
"vitro","ENSBTAG00000013760-ENSBTAG00000019289",0.525245606437337,1.08134273313979
"vitro","ENSBTAG00000022120-ENSBTAG00000015910",0.524751506247964,1.5462115992456
"vitro","ENSBTAG00000011757-ENSBTAG00000004334",0.523197296781759,1.08037150952255
"vitro","ENSBTAG00000014906-ENSBTAG00000011578",0.522986364486608,1.45646091570317
"vitro","ENSBTAG00000005198-ENSBTAG00000011628",0.522759048499341,1.13561535501855
"vitro","ENSBTAG00000018347-ENSBTAG00000013205",0.520312024845125,1.49009195042177
"vitro","ENSBTAG00000019716-ENSBTAG00000003220",0.519457566665989,1.64266905847328
"vitro","ENSBTAG00000021302-ENSBTAG00000019289",0.518035553490433,0.899610778630297
"vitro","ENSBTAG00000009478-ENSBTAG00000002081",0.516387879442978,1.07930968527583
"vitro","ENSBTAG00000002080-ENSBTAG00000022799",0.515579917406156,0.963067959334793
"vitro","ENSBTAG00000007737-ENSBTAG00000014064",0.515122697450456,0.99459122542801
"vitro","ENSBTAG00000005339-ENSBTAG00000019929",0.514615075312505,1.1585394831683
"vitro","ENSBTAG00000005710-ENSBTAG00000011425",0.508789304638729,1.60893305179166
"vitro","ENSBTAG00000007897-ENSBTAG00000039292",0.507294005920245,0.868264414862977
"vitro","ENSBTAG00000014465-ENSBTAG00000013125",0.507067344295816,1.5464666868045
"vitro","ENSBTAG00000005111-ENSBTAG00000000231",0.503849284438352,1.49784312713877
"vitro","ENSBTAG00000000130-ENSBTAG00000010785",0.502097700870252,1.5877723426839
"vitro","ENSBTAG00000017455-ENSBTAG00000015910",0.501150052954855,0.836328662017951
"vitro","ENSBTAG00000018134-ENSBTAG00000011628",0.495897627081402,1.36017654739034
"vitro","ENSBTAG00000017246-ENSBTAG00000006161",0.495803410460482,1.24286423743623
"vitro","ENSBTAG00000016043-ENSBTAG00000018035",0.495550287754382,0.730011315866741
"vitro","ENSBTAG00000007773-ENSBTAG00000010347",0.4923167063067,1.03523492789042
"vitro","ENSBTAG00000006538-ENSBTAG00000020704",0.485366188491092,1.15185673441374
"vitro","ENSBTAG00000007737-ENSBTAG00000045633",0.482893594626132,1.19193842550045
"vitro","ENSBTAG00000010303-ENSBTAG00000011628",0.480927259600426,1.06275728576516
"vitro","ENSBTAG00000007737-ENSBTAG00000002144",0.480639269673317,0.9712201958775
"vitro","ENSBTAG00000005628-ENSBTAG00000008852",0.480222544914207,1.01122052621916
"vitro","ENSBTAG00000005691-ENSBTAG00000014357",0.478633617936409,0.83659040655703
"vitro","ENSBTAG00000020194-ENSBTAG00000011628",0.477811174826278,0.949200547963479
"vitro","ENSBTAG00000005947-ENSBTAG00000017060",0.47721711473035,0.765372210902224
"vitro","ENSBTAG00000018134-ENSBTAG00000010444",0.472142289199591,0.805660154935694
"vitro","ENSBTAG00000020221-ENSBTAG00000005092",0.471979876615895,0.997884979841076
"vitro","ENSBTAG00000013898-ENSBTAG00000047704",0.468290112792816,1.23345970682134
"vitro","ENSBTAG00000021499-ENSBTAG00000013732",0.466434457724912,1.04778275574551
"vitro","ENSBTAG00000007375-ENSBTAG00000015228",0.466422257169431,1.15321983187817
"vitro","ENSBTAG00000019269-ENSBTAG00000015910",0.466318221848937,0.840105236802998
"vitro","ENSBTAG00000024394-ENSBTAG00000019866",0.464482843132203,1.07560525880668
"vitro","ENSBTAG00000020406-ENSBTAG00000047793",0.464405702064355,0.774695550645465
"vitro","ENSBTAG00000007148-ENSBTAG00000000898",0.463571259198238,0.88081235440561
"vitro","ENSBTAG00000047330-ENSBTAG00000017851",0.463010678542161,0.655686106916902
"vitro","ENSBTAG00000025471-ENSBTAG00000012642",0.461889617711799,0.88147487136014
"vitro","ENSBTAG00000007737-ENSBTAG00000010444",0.46141043303794,0.985765805899557
"vitro","ENSBTAG00000003837-ENSBTAG00000002606",0.46096745921292,0.814914087359574
"vitro","ENSBTAG00000018343-ENSBTAG00000010497",0.458344888810862,1.40104679510844
"vitro","ENSBTAG00000006984-ENSBTAG00000021818",0.458278614850678,1.44920422587521
"vitro","ENSBTAG00000025644-ENSBTAG00000010785",0.45499604304134,1.35550699619065
"vitro","ENSBTAG00000038735-ENSBTAG00000017981",0.45343448569872,1.01719411815016
"vitro","ENSBTAG00000017246-ENSBTAG00000002144",0.45256011675223,0.976594855594172
"vitro","ENSBTAG00000014113-ENSBTAG00000014162",0.452225578172665,1.00800257402671
"vitro","ENSBTAG00000015789-ENSBTAG00000006732",0.452118964742566,0.81930828123836
"vitro","ENSBTAG00000006045-ENSBTAG00000011944",0.449790474621621,0.841982094537431
"vitro","ENSBTAG00000016177-ENSBTAG00000011628",0.449262422332169,0.818193732326381
"vitro","ENSBTAG00000018343-ENSBTAG00000015312",0.448409564926527,1.20671296668179
"vitro","ENSBTAG00000000277-ENSBTAG00000027676",0.446057484149746,0.646951202382287
"vitro","ENSBTAG00000038221-ENSBTAG00000000815",0.443926316684707,1.29055737446158
"vitro","ENSBTAG00000011034-ENSBTAG00000003777",0.442476557278299,0.804727217290614
"vitro","ENSBTAG00000032436-ENSBTAG00000018035",0.440196344601606,1.21415641445021
"vitro","ENSBTAG00000007737-ENSBTAG00000011909",0.437065340319897,0.975647170201891
"vitro","ENSBTAG00000013191-ENSBTAG00000018052",0.434233513266851,0.673315098730909
"vitro","ENSBTAG00000002006-ENSBTAG00000003585",0.433493982011178,0.940689558414937
"vitro","ENSBTAG00000021105-ENSBTAG00000005273",0.433344710436824,1.04107145570103
"vitro","ENSBTAG00000000793-ENSBTAG00000018169",0.430660358541704,1.04216451456673
"vitro","ENSBTAG00000011757-ENSBTAG00000011578",0.430623562868411,0.787244691927327
"vitro","ENSBTAG00000002278-ENSBTAG00000015910",0.430589415247767,1.19714485055514
"vitro","ENSBTAG00000020194-ENSBTAG00000010543",0.430202599059923,1.27723569615104
"vitro","ENSBTAG00000008027-ENSBTAG00000012314",0.428950474619788,0.903784197835608
"vitro","ENSBTAG00000010123-ENSBTAG00000005903",0.428457413956963,0.965260959217115
"vitro","ENSBTAG00000000575-ENSBTAG00000015127",0.425855135693305,0.666870619483678
"vitro","ENSBTAG00000005691-ENSBTAG00000011154",0.42399235708742,0.850719092930889
"vitro","ENSBTAG00000005077-ENSBTAG00000018424",0.423304823708667,0.921439167447918
"vitro","ENSBTAG00000012164-ENSBTAG00000010498",0.420996352798431,0.734937673938119
"vitro","ENSBTAG00000005077-ENSBTAG00000009851",0.420895573448251,1.126584489987
"vitro","ENSBTAG00000005108-ENSBTAG00000009851",0.417253817131647,0.807394547656606
"vitro","ENSBTAG00000019993-ENSBTAG00000039292",0.417213527038752,0.701921037003315
"vitro","ENSBTAG00000017122-ENSBTAG00000000782",0.412720311825791,0.875535601296066
"vitro","ENSBTAG00000008096-ENSBTAG00000013674",0.412680160516748,0.726983588941374
"vitro","ENSBTAG00000015801-ENSBTAG00000015510",0.412676055667026,0.870308213789643
"vitro","ENSBTAG00000013472-ENSBTAG00000015910",0.411904469822007,1.0471406839899
"vitro","ENSBTAG00000014575-ENSBTAG00000019289",0.4118705981547,0.943693765761009
"vitro","ENSBTAG00000025775-ENSBTAG00000017981",0.407639705626727,0.881553639918343
"vitro","ENSBTAG00000005581-ENSBTAG00000039292",0.404411846962091,1.23104500992677
"vitro","ENSBTAG00000021302-ENSBTAG00000015910",0.402195643652222,0.891655501250232
"vitro","ENSBTAG00000014583-ENSBTAG00000026813",0.4018254037858,0.905176087588873
"vitro","ENSBTAG00000021697-ENSBTAG00000005990",0.401604990058458,0.860003969784584
"vitro","ENSBTAG00000002006-ENSBTAG00000005903",0.399632545814567,1.09607668227832
"vitro","ENSBTAG00000040131-ENSBTAG00000017256",0.398746552386293,1.26094731468033
"vitro","ENSBTAG00000006295-ENSBTAG00000002144",0.398560803954457,0.694988211600517
"vitro","ENSBTAG00000022120-ENSBTAG00000006240",0.395165408209992,1.04478897301223
"vitro","ENSBTAG00000019604-ENSBTAG00000009851",0.392286982480487,0.978884651781407
"vitro","ENSBTAG00000007773-ENSBTAG00000003418",0.390239557624965,0.805773318851147
"vitro","ENSBTAG00000014113-ENSBTAG00000003220",0.388151418066432,1.16228702179246
"vitro","ENSBTAG00000008027-ENSBTAG00000007175",0.387854352018206,0.946620991332611
"vitro","ENSBTAG00000013201-ENSBTAG00000020319",0.386878901389203,0.91287717744261
"vitro","ENSBTAG00000021326-ENSBTAG00000039292",0.386167379399766,1.22116847696165
"vitro","ENSBTAG00000017685-ENSBTAG00000007421",0.383692371650863,0.798111103995917
"vitro","ENSBTAG00000015089-ENSBTAG00000015910",0.381258627107108,0.894597313159336
"vitro","ENSBTAG00000006295-ENSBTAG00000019903",0.3809400149151,1.06859361782442
"vitro","ENSBTAG00000017549-ENSBTAG00000008197",0.380596672561877,1.20355235517684
"vitro","ENSBTAG00000007897-ENSBTAG00000020704",0.379565337636909,1.10914446379079
"vitro","ENSBTAG00000000130-ENSBTAG00000014357",0.379415538769145,1.09266894297569
"vitro","ENSBTAG00000014921-ENSBTAG00000018474",0.379365129687403,0.732944342504524
"vitro","ENSBTAG00000015991-ENSBTAG00000024015",0.37744412586407,1.08380193652615
"vitro","ENSBTAG00000002006-ENSBTAG00000015127",0.377333860498506,0.888496612546268
"vitro","ENSBTAG00000023907-ENSBTAG00000015910",0.376283402357661,0.607564045702681
"vitro","ENSBTAG00000007725-ENSBTAG00000012687",0.375604389710029,0.828229683620798
"vitro","ENSBTAG00000010738-ENSBTAG00000001338",0.375062631530334,0.829620660726152
"vitro","ENSBTAG00000005260-ENSBTAG00000011578",0.374225352152297,1.11881261745643
"vitro","ENSBTAG00000025644-ENSBTAG00000012687",0.370359271496807,1.12237754593288
"vitro","ENSBTAG00000002302-ENSBTAG00000017256",0.367967346626266,0.43401805239403
"vitro","ENSBTAG00000006295-ENSBTAG00000017489",0.367608177875497,0.775085904274155
"vitro","ENSBTAG00000001321-ENSBTAG00000002144",0.367108133172342,0.690929020064621
"vitro","ENSBTAG00000013472-ENSBTAG00000019929",0.361258456537378,1.14239954665506
"vitro","ENSBTAG00000018200-ENSBTAG00000007626",0.358734279764707,1.13441739883653
"vitro","ENSBTAG00000002006-ENSBTAG00000017266",0.357884614969916,0.995249903998874
"vitro","ENSBTAG00000001141-ENSBTAG00000022799",0.357467903486139,0.760940179764113
"vitro","ENSBTAG00000007708-ENSBTAG00000046199",0.355162128741314,0.648023441487968
"vitro","ENSBTAG00000005108-ENSBTAG00000010462",0.354910386857333,1.07918966693019
"vitro","ENSBTAG00000021879-ENSBTAG00000013755",0.354501568150665,0.875846355502423
"vitro","ENSBTAG00000013898-ENSBTAG00000039292",0.350123381040073,0.849185693141732
"vitro","ENSBTAG00000011851-ENSBTAG00000007338",0.349681676224017,0.842751166351353
"vitro","ENSBTAG00000005077-ENSBTAG00000015910",0.34676164862427,1.09655661484769
"vitro","ENSBTAG00000011808-ENSBTAG00000018105",0.345064979077044,1.03265636942815
"vitro","ENSBTAG00000002278-ENSBTAG00000013745",0.344215911304373,0.633142377649538
"vitro","ENSBTAG00000010738-ENSBTAG00000014162",0.343270054994177,0.967762131554049
"vitro","ENSBTAG00000017246-ENSBTAG00000014064",0.339615219187772,0.726445644930396
"vitro","ENSBTAG00000020638-ENSBTAG00000000782",0.336532320600908,0.713461797898177
"vitro","ENSBTAG00000014051-ENSBTAG00000003777",0.335574392867425,0.94221149915234
"vitro","ENSBTAG00000037778-ENSBTAG00000039292",0.33525433090916,0.648717386774574
"vitro","ENSBTAG00000010312-ENSBTAG00000014064",0.334142524656096,0.793138522943452
"vitro","ENSBTAG00000006989-ENSBTAG00000011971",0.333497064452395,1.05461031664954
"vitro","ENSBTAG00000005111-ENSBTAG00000006420",0.332917992080028,0.993802904247186
"vitro","ENSBTAG00000011104-ENSBTAG00000017425",0.33221197628039,0.896961726730969
"vitro","ENSBTAG00000009476-ENSBTAG00000001462",0.332116460300119,0.724254927675032
"vitro","ENSBTAG00000011082-ENSBTAG00000012687",0.331962129919183,1.04975642746534
"vitro","ENSBTAG00000008300-ENSBTAG00000001882",0.330841964159551,0.730570218973735
"vitro","ENSBTAG00000021945-ENSBTAG00000011741",0.330545630161568,0.718146621258399
"vitro","ENSBTAG00000012057-ENSBTAG00000005072",0.329998022473421,0.59032204686697
"vitro","ENSBTAG00000007148-ENSBTAG00000020199",0.3281948958379,0.706037407777296
"vitro","ENSBTAG00000011966-ENSBTAG00000019289",0.324807993541912,0.605416192757974
"vitro","ENSBTAG00000004129-ENSBTAG00000014798",0.323556260413343,0.964962728666955
"vitro","ENSBTAG00000014906-ENSBTAG00000020755",0.322777065427565,1.0207107032163
"vitro","ENSBTAG00000008121-ENSBTAG00000011761",0.322345314558567,0.753243976731278
"vitro","ENSBTAG00000017280-ENSBTAG00000017060",0.32143565146176,0.860452870476637
"vitro","ENSBTAG00000005111-ENSBTAG00000008997",0.319352698635274,0.817333648116343
"vitro","ENSBTAG00000004594-ENSBTAG00000011578",0.319231776726074,0.690825690620252
"vitro","ENSBTAG00000012066-ENSBTAG00000019929",0.319202661108898,0.58749510178769
"vitro","ENSBTAG00000011104-ENSBTAG00000020979",0.318989286809919,1.00873269551205
"vitro","ENSBTAG00000009357-ENSBTAG00000012119",0.318961362219878,0.748733052206644
"vitro","ENSBTAG00000020457-ENSBTAG00000013755",0.317536231560988,0.955844396046183
"vitro","ENSBTAG00000012829-ENSBTAG00000016933",0.315139253129362,0.446287032476021
"vitro","ENSBTAG00000020457-ENSBTAG00000001060",0.311662918264711,0.770282939024077
"vitro","ENSBTAG00000019866-ENSBTAG00000009851",0.309804135162285,0.712458448684897
"vitro","ENSBTAG00000005198-ENSBTAG00000015457",0.309175186123266,0.606622226929456
"vitro","ENSBTAG00000018773-ENSBTAG00000001941",0.30867322189583,0.755017174641262
"vitro","ENSBTAG00000005108-ENSBTAG00000011154",0.308274994295562,0.770872255229843
"vitro","ENSBTAG00000014051-ENSBTAG00000015910",0.307532286741007,0.972502480141583
"vitro","ENSBTAG00000021697-ENSBTAG00000007173",0.306178328764862,0.968220889080813
"vitro","ENSBTAG00000017246-ENSBTAG00000022799",0.305637919590996,0.669910963369351
"vitro","ENSBTAG00000020457-ENSBTAG00000008997",0.304509348519241,0.70001439528623
"vitro","ENSBTAG00000011412-ENSBTAG00000012897",0.29982855025949,0.948141126366257
"vitro","ENSBTAG00000018103-ENSBTAG00000014420",0.299536148671815,0.502528598748489
"vitro","ENSBTAG00000017753-ENSBTAG00000015996",0.299527813232638,0.854723300778938
"vitro","ENSBTAG00000010963-ENSBTAG00000003255",0.298515879199058,0.861286288403103
"vitro","ENSBTAG00000021499-ENSBTAG00000008036",0.295569109393692,0.552973484892121
"vitro","ENSBTAG00000005691-ENSBTAG00000026676",0.290790078620972,0.525391806723318
"vitro","ENSBTAG00000008452-ENSBTAG00000009903",0.290734539386867,0.689302572828802
"vitro","ENSBTAG00000008027-ENSBTAG00000019903",0.288890584018545,0.505275978519815
"vitro","ENSBTAG00000006655-ENSBTAG00000003255",0.288245346343817,0.534992116437143
"vitro","ENSBTAG00000000575-ENSBTAG00000012119",0.287035452785632,0.698136907446608
"vitro","ENSBTAG00000007273-ENSBTAG00000012314",0.28634987816167,0.604629858239461
"vitro","ENSBTAG00000025644-ENSBTAG00000012100",0.285096354917889,0.573995578649287
"vitro","ENSBTAG00000009812-ENSBTAG00000039292",0.284711265596941,0.835212877384913
"vitro","ENSBTAG00000025644-ENSBTAG00000014567",0.284367480805119,0.818776380265887
"vitro","ENSBTAG00000012210-ENSBTAG00000039292",0.284083639954448,0.898351348247268
"vitro","ENSBTAG00000030710-ENSBTAG00000013755",0.283282618150843,0.847900062557018
"vitro","ENSBTAG00000005691-ENSBTAG00000015127",0.283034256838917,0.541422456461125
"vitro","ENSBTAG00000013901-ENSBTAG00000019153",0.281085092194061,0.823841405382984
"vitro","ENSBTAG00000012849-ENSBTAG00000019289",0.278709820982081,0.342494340386221
"vitro","ENSBTAG00000019336-ENSBTAG00000002107",0.278194778528678,0.667770388768804
"vitro","ENSBTAG00000034077-ENSBTAG00000003848",0.277242162134212,0.604210171375369
"vitro","ENSBTAG00000001601-ENSBTAG00000011578",0.277009606067899,0.702736874549663
"vitro","ENSBTAG00000011966-ENSBTAG00000019929",0.274437578236058,0.578787196559742
"vitro","ENSBTAG00000004129-ENSBTAG00000001338",0.273974394615818,0.582625831879504
"vitro","ENSBTAG00000015991-ENSBTAG00000021527",0.271337041702102,0.46059856769029
"vitro","ENSBTAG00000012004-ENSBTAG00000008997",0.269096697653469,0.732942978352925
"vitro","ENSBTAG00000014583-ENSBTAG00000011050",0.268956434555541,0.633294750611059
"vitro","ENSBTAG00000006685-ENSBTAG00000005215",0.26892081813372,0.850402295538465
"vitro","ENSBTAG00000009476-ENSBTAG00000000782",0.268907849344265,0.850361284625293
"vitro","ENSBTAG00000019716-ENSBTAG00000039292",0.268880926861337,0.676027239542062
"vitro","ENSBTAG00000025644-ENSBTAG00000019021",0.267996670989172,0.489451078916308
"vitro","ENSBTAG00000017866-ENSBTAG00000014031",0.267958334595912,0.466858949170576
"vitro","ENSBTAG00000008026-ENSBTAG00000047138",0.267042881123912,0.534150028037725
"vitro","ENSBTAG00000018255-ENSBTAG00000015127",0.266407216442653,0.576377270027835
"vitro","ENSBTAG00000025644-ENSBTAG00000011050",0.266128847232476,0.465858405524112
"vitro","ENSBTAG00000012004-ENSBTAG00000018035",0.264455860450683,0.560710710119332
"vitro","ENSBTAG00000007897-ENSBTAG00000019903",0.262571017651511,0.659934409932127
"vitro","ENSBTAG00000015789-ENSBTAG00000011628",0.26249065695976,0.739989681482556
"vitro","ENSBTAG00000008817-ENSBTAG00000012897",0.26213874755715,0.474216172515384
"vitro","ENSBTAG00000015991-ENSBTAG00000005903",0.259824326503618,0.531021897500674
"vitro","ENSBTAG00000025775-ENSBTAG00000017489",0.258951598276851,0.597152989878057
"vitro","ENSBTAG00000012444-ENSBTAG00000015127",0.258316874949486,0.753040409080618
"vitro","ENSBTAG00000014113-ENSBTAG00000001338",0.257433569253494,0.543797428842719
"vitro","ENSBTAG00000001141-ENSBTAG00000013745",0.257354755428859,0.689160297273804
"vitro","ENSBTAG00000009476-ENSBTAG00000019289",0.25688601438632,0.422819951076611
"vitro","ENSBTAG00000005305-ENSBTAG00000008849",0.256468868955064,0.4714545605257
"vitro","ENSBTAG00000007273-ENSBTAG00000002144",0.256455895545158,0.584456331736437
"vitro","ENSBTAG00000025644-ENSBTAG00000004337",0.256385161565222,0.758678035037789
"vitro","ENSBTAG00000016267-ENSBTAG00000020755",0.256274488469346,0.727690028087736
"vitro","ENSBTAG00000000073-ENSBTAG00000000736",0.252858753293485,0.756150452864013
"vitro","ENSBTAG00000000016-ENSBTAG00000013674",0.252041439858767,0.79702501470205
"vitro","ENSBTAG00000011966-ENSBTAG00000012897",0.24940593212439,0.740693674393267
"vitro","ENSBTAG00000018200-ENSBTAG00000020892",0.248557712386028,0.504869757562937
"vitro","ENSBTAG00000005339-ENSBTAG00000019866",0.248206912235418,0.554121839718308
"vitro","ENSBTAG00000021811-ENSBTAG00000020148",0.245031196347543,0.774856678254168
"vitro","ENSBTAG00000020244-ENSBTAG00000015510",0.243342360525252,0.444212616208194
"vitro","ENSBTAG00000018077-ENSBTAG00000024406",0.243139976308199,0.768876115373287
"vitro","ENSBTAG00000020457-ENSBTAG00000019929",0.24269668863476,0.539421988232776
"vitro","ENSBTAG00000002006-ENSBTAG00000014269",0.241438881584071,0.336949845998378
"vitro","ENSBTAG00000006295-ENSBTAG00000020704",0.240474257340858,0.358887682490174
"vitro","ENSBTAG00000017564-ENSBTAG00000018035",0.238138700150448,0.753060691507299
"vitro","ENSBTAG00000005339-ENSBTAG00000000782",0.237633227346817,0.539152313945685
"vitro","ENSBTAG00000025644-ENSBTAG00000020667",0.236987210716136,0.506790044731982
"vitro","ENSBTAG00000012004-ENSBTAG00000015910",0.235947761852354,0.361500058373143
"vitro","ENSBTAG00000020238-ENSBTAG00000004739",0.235663383066274,0.745233051590181
"vitro","ENSBTAG00000001725-ENSBTAG00000015127",0.235620511208242,0.576678426029866
"vitro","ENSBTAG00000005077-ENSBTAG00000034883",0.234083633148657,0.740237443717047
"vitro","ENSBTAG00000032808-ENSBTAG00000010785",0.232949500820838,0.524769425131066
"vitro","ENSBTAG00000023907-ENSBTAG00000019929",0.232063182499254,0.450687676865492
"vitro","ENSBTAG00000018773-ENSBTAG00000006161",0.230941468875678,0.624283105604289
"vitro","ENSBTAG00000017455-ENSBTAG00000017266",0.230023093765642,0.377143728371793
"vitro","ENSBTAG00000021048-ENSBTAG00000017981",0.229655721479042,0.503036623696596
"vitro","ENSBTAG00000008027-ENSBTAG00000020704",0.228242619482203,0.567949999821723
"vitro","ENSBTAG00000017246-ENSBTAG00000012599",0.227003598875729,0.717848409502543
"vitro","ENSBTAG00000020221-ENSBTAG00000012314",0.225685218468446,0.517222152867349
"vitro","ENSBTAG00000015327-ENSBTAG00000011425",0.225133359165231,0.455982318958239
"vitro","ENSBTAG00000005198-ENSBTAG00000027464",0.221069262953003,0.357194640014768
"vitro","ENSBTAG00000017468-ENSBTAG00000013557",0.217726811566124,0.688512632235245
"vitro","ENSBTAG00000004226-ENSBTAG00000021286",0.216481912409706,0.523926376189026
"vitro","ENSBTAG00000039355-ENSBTAG00000011578",0.216294864939156,0.68398441940623
"vitro","ENSBTAG00000021048-ENSBTAG00000019903",0.215449429794136,0.457344803234426
"vitro","ENSBTAG00000002006-ENSBTAG00000015910",0.214818402252639,0.574569603048642
"vitro","ENSBTAG00000020221-ENSBTAG00000035084",0.213258551377081,0.674382752859614
"vitro","ENSBTAG00000002006-ENSBTAG00000017866",0.213194177864591,0.300152647073691
"vitro","ENSBTAG00000017246-ENSBTAG00000007909",0.211537787124725,0.668941218505973
"vitro","ENSBTAG00000002006-ENSBTAG00000011154",0.208439951044131,0.494673907584409
"vitro","ENSBTAG00000005198-ENSBTAG00000010543",0.206247160864256,0.652210789274192
"vitro","ENSBTAG00000014834-ENSBTAG00000011628",0.205440903981448,0.504258157768709
"vitro","ENSBTAG00000015742-ENSBTAG00000007103",0.204016061880491,0.437019066794487
"vitro","ENSBTAG00000011966-ENSBTAG00000015910",0.203452020900623,0.469339759087227
"vitro","ENSBTAG00000020221-ENSBTAG00000002144",0.20131340444001,0.491134298217677
"vitro","ENSBTAG00000008300-ENSBTAG00000019929",0.197910517566182,0.438196207707124
"vitro","ENSBTAG00000007148-ENSBTAG00000008165",0.196544523461732,0.621528355771475
"vitro","ENSBTAG00000038735-ENSBTAG00000020704",0.193206048486914,0.496495564893384
"vitro","ENSBTAG00000007446-ENSBTAG00000015591",0.193045868229054,0.461232885749997
"vitro","ENSBTAG00000011741-ENSBTAG00000015910",0.191487931624139,0.418399042450625
"vitro","ENSBTAG00000008027-ENSBTAG00000002144",0.185403688027008,0.389522456809226
"vitro","ENSBTAG00000021105-ENSBTAG00000014031",0.184907830631154,0.439101203914246
"vitro","ENSBTAG00000025471-ENSBTAG00000006378",0.183825209980965,0.397364877050414
"vitro","ENSBTAG00000011104-ENSBTAG00000023147",0.183193546689968,0.293139153366225
"vitro","ENSBTAG00000012004-ENSBTAG00000024269",0.182858040307771,0.43820117533067
"vitro","ENSBTAG00000008452-ENSBTAG00000013909",0.182549187556151,0.514527392438002
"vitro","ENSBTAG00000008027-ENSBTAG00000017981",0.171459864108323,0.542203697885256
"vitro","ENSBTAG00000000793-ENSBTAG00000019289",0.170494621177805,0.273359391150319
"vitro","ENSBTAG00000008121-ENSBTAG00000015127",0.169574677933078,0.282991240056687
"vitro","ENSBTAG00000021105-ENSBTAG00000006240",0.167169891560514,0.399537508120176
"vitro","ENSBTAG00000012444-ENSBTAG00000015910",0.166589881063857,0.422266848199463
"vitro","ENSBTAG00000001244-ENSBTAG00000017060",0.165345666474333,0.522868907297435
"vitro","ENSBTAG00000020244-ENSBTAG00000006359",0.165135433177273,0.348510650641184
"vitro","ENSBTAG00000007897-ENSBTAG00000002144",0.16407278577417,0.350900600324754
"vitro","ENSBTAG00000021048-ENSBTAG00000020704",0.163720356353433,0.517729225411268
"vitro","ENSBTAG00000020457-ENSBTAG00000013222",0.163571519665839,0.517258562479077
"vitro","ENSBTAG00000009972-ENSBTAG00000018114",0.160846483877395,0.362266613413582
"vitro","ENSBTAG00000017564-ENSBTAG00000000561",0.160743622601553,0.508315966767427
"vitro","ENSBTAG00000005111-ENSBTAG00000011909",0.158546923418187,0.458845184966467
"vitro","ENSBTAG00000021048-ENSBTAG00000008483",0.1573515629474,0.497589332301141
"vitro","ENSBTAG00000004237-ENSBTAG00000010444",0.156883082321056,0.330961850923625
"vitro","ENSBTAG00000010452-ENSBTAG00000011515",0.156751047687069,0.332629682111385
"vitro","ENSBTAG00000001725-ENSBTAG00000001338",0.15638025700328,0.494517793212863
"vitro","ENSBTAG00000020457-ENSBTAG00000013843",0.151811905768248,0.480071398158518
"vitro","ENSBTAG00000038045-ENSBTAG00000018572",0.151363469816989,0.478653319167836
"vitro","ENSBTAG00000011966-ENSBTAG00000017266",0.150685984224464,0.318864876535212
"vitro","ENSBTAG00000005339-ENSBTAG00000011971",0.150500671564377,0.272050311411387
"vitro","ENSBTAG00000019964-ENSBTAG00000001694",0.149982733862418,0.235810225297427
"vitro","ENSBTAG00000010312-ENSBTAG00000020199",0.148933578098362,0.470969326869393
"vitro","ENSBTAG00000012004-ENSBTAG00000013843",0.148786116969262,0.295353678651929
"vitro","ENSBTAG00000005339-ENSBTAG00000003166",0.148086862027006,0.25086611967894
"vitro","ENSBTAG00000020244-ENSBTAG00000000815",0.147716385417818,0.255124605597373
"vitro","ENSBTAG00000014906-ENSBTAG00000011628",0.147092066553598,0.310419304389464
"vitro","ENSBTAG00000005339-ENSBTAG00000001694",0.145957982284985,0.46155966670306
"vitro","ENSBTAG00000001725-ENSBTAG00000039292",0.145769899559141,0.249003003622398
"vitro","ENSBTAG00000005947-ENSBTAG00000019929",0.145712322198291,0.310153002646609
"vitro","ENSBTAG00000023600-ENSBTAG00000005910",0.145081527769108,0.306440514473907
"vitro","ENSBTAG00000021807-ENSBTAG00000021664",0.144085019247071,0.303964294040001
"vitro","ENSBTAG00000021217-ENSBTAG00000015910",0.143851855511166,0.355489972200558
"vitro","ENSBTAG00000019910-ENSBTAG00000015510",0.143076217529112,0.396162585137447
"vitro","ENSBTAG00000000575-ENSBTAG00000012897",0.142384196715633,0.283123978127431
"vitro","ENSBTAG00000010361-ENSBTAG00000007909",0.139324984300068,0.246193182192513
"vitro","ENSBTAG00000006686-ENSBTAG00000015910",0.137985298005568,0.276102475998589
"vitro","ENSBTAG00000014075-ENSBTAG00000012887",0.134453159916715,0.242880073090518
"vitro","ENSBTAG00000003658-ENSBTAG00000000736",0.133829538702394,0.423206160509221
"vitro","ENSBTAG00000007740-ENSBTAG00000015127",0.130872458873175,0.286560685468214
"vitro","ENSBTAG00000014583-ENSBTAG00000012100",0.130821919421299,0.243412718969295
"vitro","ENSBTAG00000017753-ENSBTAG00000004334",0.130028145890378,0.332341270782518
"vitro","ENSBTAG00000019839-ENSBTAG00000019929",0.12983138748587,0.41056289623523
"vitro","ENSBTAG00000011784-ENSBTAG00000000736",0.129398556800771,0.278452410548873
"vitro","ENSBTAG00000005280-ENSBTAG00000048246",0.128520538416601,0.364041767332073
"vitro","ENSBTAG00000007737-ENSBTAG00000002081",0.126659494256357,0.400532489135102
"vitro","ENSBTAG00000006295-ENSBTAG00000017981",0.125623852247864,0.275269655286815
"vitro","ENSBTAG00000000793-ENSBTAG00000017266",0.125410507528878,0.277194930806418
"vitro","ENSBTAG00000014127-ENSBTAG00000020319",0.122799193484512,0.283152632592352
"vitro","ENSBTAG00000000476-ENSBTAG00000003781",0.120710179360207,0.277293998457376
"vitro","ENSBTAG00000017455-ENSBTAG00000013755",0.120678250864838,0.282686407969109
"vitro","ENSBTAG00000017753-ENSBTAG00000020979",0.120410896702922,0.257856741228087
"vitro","ENSBTAG00000010312-ENSBTAG00000014420",0.119560566862296,0.378083709625707
"vitro","ENSBTAG00000010312-ENSBTAG00000017753",0.11914686247869,0.376775461495515
"vitro","ENSBTAG00000003329-ENSBTAG00000006420",0.118086987671128,0.225125517973049
"vitro","ENSBTAG00000014834-ENSBTAG00000005828",0.116500059834023,0.266723007962072
"vitro","ENSBTAG00000014583-ENSBTAG00000020667",0.116092473803509,0.246455135757503
"vitro","ENSBTAG00000000575-ENSBTAG00000019289",0.111399706423713,0.352276802973022
"vitro","ENSBTAG00000005111-ENSBTAG00000018114",0.111284405106377,0.277014697127812
"vitro","ENSBTAG00000021811-ENSBTAG00000003777",0.110922900545749,0.189555237362568
"vitro","ENSBTAG00000011104-ENSBTAG00000018300",0.110534127152929,0.242434958394953
"vitro","ENSBTAG00000000575-ENSBTAG00000020679",0.108034422631986,0.230135433771392
"vitro","ENSBTAG00000025644-ENSBTAG00000026813",0.107396921426041,0.226744068948103
"vitro","ENSBTAG00000025210-ENSBTAG00000013755",0.106381127213116,0.336406662049566
"vitro","ENSBTAG00000011034-ENSBTAG00000020148",0.105660005789052,0.259813024389625
"vitro","ENSBTAG00000015742-ENSBTAG00000017060",0.104085178212407,0.237340222912707
"vitro","ENSBTAG00000012829-ENSBTAG00000017745",0.102512525437019,0.324173069076928
"vitro","ENSBTAG00000001460-ENSBTAG00000020661",0.0992890520655748,0.313979551246262
"vitro","ENSBTAG00000005339-ENSBTAG00000007213",0.0992890520655748,0.313979551246262
"vitro","ENSBTAG00000017312-ENSBTAG00000039292",0.0991148253376656,0.209837740871034
"vitro","ENSBTAG00000005111-ENSBTAG00000002081",0.0979844598712255,0.26862296999897
"vitro","ENSBTAG00000015362-ENSBTAG00000002081",0.0959706671578282,0.169975090320294
"vitro","ENSBTAG00000002880-ENSBTAG00000012687",0.0951844398304817,0.200667404454114
"vitro","ENSBTAG00000020457-ENSBTAG00000012599",0.0943112044931588,0.220471995057101
"vitro","ENSBTAG00000020556-ENSBTAG00000017033",0.0902803493296266,0.206785587998741
"vitro","ENSBTAG00000017582-ENSBTAG00000002699",0.0899737488096733,0.243200877947512
"vitro","ENSBTAG00000011851-ENSBTAG00000010647",0.0882965481711551,0.215116851600545
"vitro","ENSBTAG00000015150-ENSBTAG00000016933",0.0861126549651176,0.272312125053979
"vitro","ENSBTAG00000017122-ENSBTAG00000018052",0.0855810953665673,0.270631186010435
"vitro","ENSBTAG00000020457-ENSBTAG00000014357",0.0855159947962142,0.225356345357595
"vitro","ENSBTAG00000003329-ENSBTAG00000002081",0.0852428301674901,0.269561497528181
"vitro","ENSBTAG00000006354-ENSBTAG00000012071",0.0852428301674901,0.269561497528181
"vitro","ENSBTAG00000014051-ENSBTAG00000020148",0.0848260592665831,0.20972341248836
"vitro","ENSBTAG00000008121-ENSBTAG00000002606",0.0840624163586661,0.224781919344945
"vitro","ENSBTAG00000020638-ENSBTAG00000001141",0.0836740054739153,0.22430947723247
"vitro","ENSBTAG00000007708-ENSBTAG00000025324",0.0829075954571284,0.262176836972354
"vitro","ENSBTAG00000010123-ENSBTAG00000000736",0.0811993345617205,0.256774841705067
"vitro","ENSBTAG00000040584-ENSBTAG00000021923",0.0795603793321447,0.177642685323734
"vitro","ENSBTAG00000002441-ENSBTAG00000039292",0.0783010399951203,0.24760962954452
"vitro","ENSBTAG00000021697-ENSBTAG00000002804",0.0765445821912156,0.242055222270203
"vitro","ENSBTAG00000021217-ENSBTAG00000010682",0.0755025980699465,0.238760179161264
"vitro","ENSBTAG00000025644-ENSBTAG00000011425",0.0730949897131243,0.23114665304005
"vitro","ENSBTAG00000007773-ENSBTAG00000018993",0.0712291025687818,0.225246199807101
"vitro","ENSBTAG00000005691-ENSBTAG00000010543",0.071188163894521,0.225116740352049
"vitro","ENSBTAG00000025644-ENSBTAG00000014773",0.070727044643131,0.172211854171311
"vitro","ENSBTAG00000014583-ENSBTAG00000012687",0.0706241528728026,0.22333318089798
"vitro","ENSBTAG00000025644-ENSBTAG00000020661",0.0699600225857267,0.155427137367253
"vitro","ENSBTAG00000007446-ENSBTAG00000020979",0.0690597205036246,0.1457792370931
"vitro","ENSBTAG00000014583-ENSBTAG00000004337",0.0671389456352482,0.212311987909605
"vitro","ENSBTAG00000008300-ENSBTAG00000019289",0.0659890315266589,0.2086756402129
"vitro","ENSBTAG00000005339-ENSBTAG00000011628",0.0656662853172498,0.121486139965964
"vitro","ENSBTAG00000000130-ENSBTAG00000004211",0.0649008971752744,0.205234657262255
"vitro","ENSBTAG00000017564-ENSBTAG00000019832",0.0638286763278695,0.20184399722974
"vitro","ENSBTAG00000005108-ENSBTAG00000004356",0.0613855030454535,0.132772618876994
"vitro","ENSBTAG00000011412-ENSBTAG00000015910",0.0610184261953037,0.192957206016042
"vitro","ENSBTAG00000031444-ENSBTAG00000006360",0.0603662176470984,0.190894741494281
"vitro","ENSBTAG00000030710-ENSBTAG00000020979",0.0596470410519353,0.149602074346192
"vitro","ENSBTAG00000013003-ENSBTAG00000012687",0.0565169784007556,0.121012075398009
"vitro","ENSBTAG00000032436-ENSBTAG00000006161",0.0562942930480439,0.0968809530912387
"vitro","ENSBTAG00000017753-ENSBTAG00000014420",0.0551708893766814,0.174465670967501
"vitro","ENSBTAG00000018343-ENSBTAG00000020736",0.0544425744315426,0.172162536886921
"vitro","ENSBTAG00000020457-ENSBTAG00000024269",0.0535094116157652,0.169211616961289
"vitro","ENSBTAG00000000793-ENSBTAG00000019569",0.053175216396641,0.168154798885717
"vitro","ENSBTAG00000003253-ENSBTAG00000011434",0.052058034576966,0.126580004682152
"vitro","ENSBTAG00000017060-ENSBTAG00000017846",0.0508418985437774,0.107369489225011
"vitro","ENSBTAG00000009812-ENSBTAG00000003220",0.0498128877100933,0.157522181994104
"vitro","ENSBTAG00000008452-ENSBTAG00000016071",0.0488142724704665,0.109491939701646
"vitro","ENSBTAG00000005947-ENSBTAG00000002402",0.0485515795697025,0.153533575439158
"vitro","ENSBTAG00000013472-ENSBTAG00000011578",0.047670645465081,0.150747817200033
"vitro","ENSBTAG00000011851-ENSBTAG00000013118",0.0472306087377111,0.149356298887417
"vitro","ENSBTAG00000017060-ENSBTAG00000010303",0.0464355520362295,0.146842108841755
"vitro","ENSBTAG00000008027-ENSBTAG00000047138",0.0444612770456903,0.140598903144143
"vitro","ENSBTAG00000013472-ENSBTAG00000001462",0.0435521372474183,0.0709938453065099
"vitro","ENSBTAG00000011412-ENSBTAG00000017266",0.0405918238892809,0.128362617870562
"vitro","ENSBTAG00000002278-ENSBTAG00000019929",0.0399786395774989,0.0889877384122444
"vitro","ENSBTAG00000005947-ENSBTAG00000018517",0.0390190597494137,0.123389100966346
"vitro","ENSBTAG00000003505-ENSBTAG00000006161",0.0380756302444675,0.120405714918911
"vitro","ENSBTAG00000015089-ENSBTAG00000002135",0.0378387088593079,0.119656503715405
"vitro","ENSBTAG00000020194-ENSBTAG00000009155",0.036989542588565,0.116971204187666
"vitro","ENSBTAG00000009208-ENSBTAG00000044190",0.0367162208452997,0.1161068849449
"vitro","ENSBTAG00000009476-ENSBTAG00000011971",0.0351864814282045,0.111269424160341
"vitro","ENSBTAG00000003505-ENSBTAG00000011628",0.0343692872534681,0.108685229277552
"vitro","ENSBTAG00000020342-ENSBTAG00000035084",0.0340349238541906,0.107627879369639
"vitro","ENSBTAG00000012849-ENSBTAG00000015910",0.0332976895635663,0.105296539842087
"vitro","ENSBTAG00000005947-ENSBTAG00000013745",0.0331393176750357,0.104795723956988
"vitro","ENSBTAG00000005947-ENSBTAG00000013755",0.0328560756436251,0.103900034008638
"vitro","ENSBTAG00000012623-ENSBTAG00000002606",0.0326279084516554,0.103178505994689
"vitro","ENSBTAG00000005111-ENSBTAG00000018105",0.031603183951216,0.0683498916235121
"vitro","ENSBTAG00000025257-ENSBTAG00000001338",0.0289763129348462,0.0618169619348438
"vitro","ENSBTAG00000025868-ENSBTAG00000013755",0.0267048355987518,0.0563960953505106
"vitro","ENSBTAG00000021105-ENSBTAG00000013205",0.0266813008328785,0.0563606304028733
"vitro","ENSBTAG00000008026-ENSBTAG00000007175",0.0235070388208075,0.0743357837197505
"vitro","ENSBTAG00000020457-ENSBTAG00000015910",0.0189794618523395,0.0600183282176713
"vitro","ENSBTAG00000017448-ENSBTAG00000011628",0.0187297320911246,0.059228613372702
"vitro","ENSBTAG00000015150-ENSBTAG00000017745",0.0171614323674292,0.0542692141920118
"vitro","ENSBTAG00000007446-ENSBTAG00000003060",0.0171125393977214,0.0541146010461655
"vitro","ENSBTAG00000006685-ENSBTAG00000019404",0.017055497599729,0.0539342190426783
"vitro","ENSBTAG00000010179-ENSBTAG00000026676",0.0141248305745605,0.044666636179596
"vitro","ENSBTAG00000020457-ENSBTAG00000003045",0.0140923596996765,0.044563954257344
"vitro","ENSBTAG00000006538-ENSBTAG00000017981",0.0126833110067643,0.0401081510536585
"vitro","ENSBTAG00000022514-ENSBTAG00000013730",0.0126671333141536,0.0400569926977227
"vitro","ENSBTAG00000004630-ENSBTAG00000015910",0.0126310446152529,0.0399428702114044
"vitro","ENSBTAG00000038735-ENSBTAG00000002144",0.0126108349438685,0.0398789616190662
"vitro","ENSBTAG00000019839-ENSBTAG00000013755",0.00903651317535184,0.0285759637402323
"vitro","ENSBTAG00000007773-ENSBTAG00000017060",0.00592349458345749,0.018731734591396
"vitro","ENSBTAG00000000793-ENSBTAG00000015910",0,0
"vitro","ENSBTAG00000002006-ENSBTAG00000008165",0,0
"vitro","ENSBTAG00000003835-ENSBTAG00000002081",0,0
"vitro","ENSBTAG00000004237-ENSBTAG00000011628",0,0
"vitro","ENSBTAG00000005077-ENSBTAG00000003255",0,0
"vitro","ENSBTAG00000005077-ENSBTAG00000014798",0,0
"vitro","ENSBTAG00000005305-ENSBTAG00000020979",0,0
"vitro","ENSBTAG00000005581-ENSBTAG00000014162",0,0
"vitro","ENSBTAG00000005898-ENSBTAG00000017851",0,0
"vitro","ENSBTAG00000005947-ENSBTAG00000015739",0,0
"vitro","ENSBTAG00000006276-ENSBTAG00000047138",0,0
"vitro","ENSBTAG00000006538-ENSBTAG00000017489",0,0
"vitro","ENSBTAG00000008300-ENSBTAG00000008165",0,0
"vitro","ENSBTAG00000011412-ENSBTAG00000019289",0,0
"vitro","ENSBTAG00000011412-ENSBTAG00000019929",0,0
"vitro","ENSBTAG00000011580-ENSBTAG00000046199",0,0
"vitro","ENSBTAG00000011810-ENSBTAG00000003777",0,0
"vitro","ENSBTAG00000011851-ENSBTAG00000018572",0,0
"vitro","ENSBTAG00000012413-ENSBTAG00000010543",0,0
"vitro","ENSBTAG00000012413-ENSBTAG00000014064",0,0
"vitro","ENSBTAG00000012519-ENSBTAG00000031753",0,0
"vitro","ENSBTAG00000012849-ENSBTAG00000003585",0,0
"vitro","ENSBTAG00000013472-ENSBTAG00000008165",0,0
"vitro","ENSBTAG00000013472-ENSBTAG00000017866",0,0
"vitro","ENSBTAG00000013898-ENSBTAG00000016159",0,0
"vitro","ENSBTAG00000015114-ENSBTAG00000008165",0,0
"vitro","ENSBTAG00000020661-ENSBTAG00000017851",0,0
"vitro","ENSBTAG00000021048-ENSBTAG00000002144",0,0
"vitro","ENSBTAG00000021105-ENSBTAG00000000477",0,0
"vitro","ENSBTAG00000022120-ENSBTAG00000008165",0,0
"vitro","ENSBTAG00000025210-ENSBTAG00000019929",0,0
"vitro","ENSBTAG00000025257-ENSBTAG00000014162",0,0
"vitro","ENSBTAG00000025868-ENSBTAG00000008165",0,0
"vitro","ENSBTAG00000032436-ENSBTAG00000012599",0,0
"vitro","ENSBTAG00000038735-ENSBTAG00000017489",0,0
"vivo","ENSBTAG00000021697-ENSBTAG00000019929",29.789480739632,37.8661980156849
"vivo","ENSBTAG00000000470-ENSBTAG00000019929",25.5788397732053,34.9489526761198
"vivo","ENSBTAG00000000442-ENSBTAG00000007348",22.3175626692373,35.7597142708451
"vivo","ENSBTAG00000025644-ENSBTAG00000010986",21.176660713985,31.8106454554064
"vivo","ENSBTAG00000015362-ENSBTAG00000000231",21.1405397779308,35.7332753925502
"vivo","ENSBTAG00000015362-ENSBTAG00000011909",21.1039909602605,35.8110856486197
"vivo","ENSBTAG00000015362-ENSBTAG00000008997",20.8863264313982,34.0440804908307
"vivo","ENSBTAG00000015362-ENSBTAG00000018114",20.3892976695273,34.325416614199
"vivo","ENSBTAG00000002278-ENSBTAG00000019929",19.8410986714913,37.6173535574409
"vivo","ENSBTAG00000012004-ENSBTAG00000019929",19.3136637668248,31.0054284040039
"vivo","ENSBTAG00000015362-ENSBTAG00000018105",17.5069435744371,33.0547488388908
"vivo","ENSBTAG00000002278-ENSBTAG00000015910",16.5371660578686,33.5220611086372
"vivo","ENSBTAG00000015362-ENSBTAG00000006420",16.1727334424196,27.3253667420077
"vivo","ENSBTAG00000014583-ENSBTAG00000010986",15.4851096828663,22.3615322258655
"vivo","ENSBTAG00000021697-ENSBTAG00000005990",14.3013482971622,31.2111680569405
"vivo","ENSBTAG00000046421-ENSBTAG00000007213",13.3656148885809,29.4766994442093
"vivo","ENSBTAG00000000793-ENSBTAG00000015910",13.3321832549396,32.18127399052
"vivo","ENSBTAG00000021697-ENSBTAG00000007173",12.2879924619492,27.5329061188894
"vivo","ENSBTAG00000021697-ENSBTAG00000002804",12.230288963415,26.8592626959237
"vivo","ENSBTAG00000015991-ENSBTAG00000010444",11.4926725667463,31.3967667839968
"vivo","ENSBTAG00000008027-ENSBTAG00000012314",11.324789535589,31.3595885060469
"vivo","ENSBTAG00000019269-ENSBTAG00000015910",10.9731329389707,30.0790030843322
"vivo","ENSBTAG00000002278-ENSBTAG00000013745",10.8120712157428,20.4236277648293
"vivo","ENSBTAG00000019269-ENSBTAG00000019289",10.3692823658743,31.5025738083344
"vivo","ENSBTAG00000021302-ENSBTAG00000019289",10.3607849189352,30.4096743448893
"vivo","ENSBTAG00000018343-ENSBTAG00000015312",10,31.6227766016838
"vivo","ENSBTAG00000012638-ENSBTAG00000017753",9.85246451324277,28.4716482398759
"vivo","ENSBTAG00000010738-ENSBTAG00000019428",9.72880798150466,28.0418747688387
"vivo","ENSBTAG00000012004-ENSBTAG00000019832",9.71835608914582,24.160760446895
"vivo","ENSBTAG00000014113-ENSBTAG00000019428",9.71820273371156,22.266807776098
"vivo","ENSBTAG00000010123-ENSBTAG00000014611",9.69416438033361,30.655639453929
"vivo","ENSBTAG00000000793-ENSBTAG00000017266",9.67132536575445,23.9985621048986
"vivo","ENSBTAG00000000793-ENSBTAG00000019569",9.64156296939893,27.5456300532135
"vivo","ENSBTAG00000000793-ENSBTAG00000018169",9.11913014174675,22.2900433890154
"vivo","ENSBTAG00000025210-ENSBTAG00000019929",9.04570784693409,28.5209120998065
"vivo","ENSBTAG00000009972-ENSBTAG00000018105",8.99966751972395,21.5687367869585
"vivo","ENSBTAG00000017473-ENSBTAG00000019289",8.87281661862107,27.3148187705275
"vivo","ENSBTAG00000013760-ENSBTAG00000019929",8.85350825765503,20.4253008008765
"vivo","ENSBTAG00000016515-ENSBTAG00000000815",8.75964731946974,27.1678218074898
"vivo","ENSBTAG00000008027-ENSBTAG00000020704",8.73607435981268,26.513771437482
"vivo","ENSBTAG00000009357-ENSBTAG00000012771",8.61366668685563,24.3218780906324
"vivo","ENSBTAG00000008027-ENSBTAG00000019903",8.2748317650789,23.0463151612488
"vivo","ENSBTAG00000032436-ENSBTAG00000010444",8.16320762162267,19.6044152879888
"vivo","ENSBTAG00000010663-ENSBTAG00000019929",8.04527880030364,23.6093705873205
"vivo","ENSBTAG00000014218-ENSBTAG00000005903",7.23296339890261,15.2817677852123
"vivo","ENSBTAG00000000793-ENSBTAG00000019289",7.17791992109332,22.6748665722211
"vivo","ENSBTAG00000004261-ENSBTAG00000017060",7.15230053083327,21.8604396866017
"vivo","ENSBTAG00000006295-ENSBTAG00000017489",6.72162077645988,20.1441928593215
"vivo","ENSBTAG00000008027-ENSBTAG00000016948",6.69305752431593,16.6847692908306
"vivo","ENSBTAG00000008027-ENSBTAG00000002144",6.69265615471731,21.164037045251
"vivo","ENSBTAG00000020638-ENSBTAG00000001141",5.99072218834393,18.944326944475
"vivo","ENSBTAG00000010991-ENSBTAG00000007348",5.96031289912765,18.4331151420669
"vivo","ENSBTAG00000006354-ENSBTAG00000025101",5.70877989107272,18.0527471163577
"vivo","ENSBTAG00000006295-ENSBTAG00000016948",5.2859006749272,16.5862210905736
"vivo","ENSBTAG00000019866-ENSBTAG00000009851",4.68036749487212,9.49401727277973
"vivo","ENSBTAG00000003835-ENSBTAG00000006420",4.52882863199523,7.45298267980856
"vivo","ENSBTAG00000016800-ENSBTAG00000000782",4.50012748895751,9.02276726315821
"vivo","ENSBTAG00000003835-ENSBTAG00000000231",4.43762576009663,8.33353463807966
"vivo","ENSBTAG00000014218-ENSBTAG00000011761",4.30197295799906,9.07168336967083
"vivo","ENSBTAG00000012004-ENSBTAG00000015910",4.28729951819508,10.2185891566497
"vivo","ENSBTAG00000013472-ENSBTAG00000001462",4.16299450076961,11.0124633523875
"vivo","ENSBTAG00000006295-ENSBTAG00000019903",4.15098671517808,9.01836727968446
"vivo","ENSBTAG00000012004-ENSBTAG00000018035",4.13601486102703,7.2117573787926
"vivo","ENSBTAG00000012817-ENSBTAG00000005397",3.98739077335816,9.36122424025908
"vivo","ENSBTAG00000007446-ENSBTAG00000008733",3.82316265935623,11.8774223351097
"vivo","ENSBTAG00000019866-ENSBTAG00000000782",3.62497196115015,7.43261356349943
"vivo","ENSBTAG00000017664-ENSBTAG00000011154",3.60123273920372,11.2321782382565
"vivo","ENSBTAG00000021217-ENSBTAG00000019289",3.58672664023724,6.24633668548694
"vivo","ENSBTAG00000021807-ENSBTAG00000016247",3.55350865038006,7.90818229649997
"vivo","ENSBTAG00000007273-ENSBTAG00000002144",3.32858584682376,8.90433115951038
"vivo","ENSBTAG00000011034-ENSBTAG00000020148",3.26687856281247,6.90838062726222
"vivo","ENSBTAG00000016208-ENSBTAG00000015910",3.24724542436555,6.40546825118588
"vivo","ENSBTAG00000032436-ENSBTAG00000012314",3.1973764555954,10.1109921366777
"vivo","ENSBTAG00000000310-ENSBTAG00000022799",3.19695430692196,8.28888277389499
"vivo","ENSBTAG00000007273-ENSBTAG00000034385",3.18268367838392,6.87925489148244
"vivo","ENSBTAG00000006295-ENSBTAG00000020704",3.17820418165045,9.83532925847812
"vivo","ENSBTAG00000019993-ENSBTAG00000027516",3.11143321881402,6.5801969077468
"vivo","ENSBTAG00000019267-ENSBTAG00000014357",3.07797317701445,9.6285822697459
"vivo","ENSBTAG00000011034-ENSBTAG00000003777",3.05512049622946,6.89055409225979
"vivo","ENSBTAG00000006295-ENSBTAG00000002144",2.9627485482101,9.18540162723212
"vivo","ENSBTAG00000007273-ENSBTAG00000012314",2.94317115066153,7.31152797836975
"vivo","ENSBTAG00000013472-ENSBTAG00000015910",2.92430490873055,6.21379359580426
"vivo","ENSBTAG00000021466-ENSBTAG00000004885",2.92363789551964,9.24535480342346
"vivo","ENSBTAG00000011563-ENSBTAG00000010497",2.86639841553578,7.48475033278024
"vivo","ENSBTAG00000006354-ENSBTAG00000017060",2.86561566057717,8.28231636127129
"vivo","ENSBTAG00000005250-ENSBTAG00000008008",2.8639271768676,6.02483701400725
"vivo","ENSBTAG00000012004-ENSBTAG00000013755",2.81826012441303,7.88351891333899
"vivo","ENSBTAG00000020638-ENSBTAG00000000782",2.80890540755354,8.31121256198487
"vivo","ENSBTAG00000005947-ENSBTAG00000019712",2.79678502707719,5.33768461053823
"vivo","ENSBTAG00000001745-ENSBTAG00000015910",2.76985902514905,5.91597283871571
"vivo","ENSBTAG00000016800-ENSBTAG00000007338",2.74359525485357,6.92457600013581
"vivo","ENSBTAG00000014906-ENSBTAG00000008008",2.73935566217321,6.84496735961338
"vivo","ENSBTAG00000000073-ENSBTAG00000012314",2.66508275186585,8.34662667349619
"vivo","ENSBTAG00000015362-ENSBTAG00000002081",2.64368432393015,7.92851642214002
"vivo","ENSBTAG00000038735-ENSBTAG00000017489",2.6258110616912,7.11479007500059
"vivo","ENSBTAG00000016648-ENSBTAG00000017266",2.57485555798744,7.1534414911516
"vivo","ENSBTAG00000007273-ENSBTAG00000011738",2.56946463765894,6.72176432275977
"vivo","ENSBTAG00000037899-ENSBTAG00000007909",2.50202701353465,7.14717647526189
"vivo","ENSBTAG00000017448-ENSBTAG00000011628",2.4873561775325,6.57778697263864
"vivo","ENSBTAG00000017122-ENSBTAG00000019289",2.47981340141193,7.12615086665305
"vivo","ENSBTAG00000002302-ENSBTAG00000017256",2.46257105379147,4.72515992404441
"vivo","ENSBTAG00000017664-ENSBTAG00000006161",2.43142437823949,7.68883899369555
"vivo","ENSBTAG00000020676-ENSBTAG00000017060",2.41271381912641,6.00662068331321
"vivo","ENSBTAG00000005947-ENSBTAG00000015910",2.40205254818959,5.23777562818572
"vivo","ENSBTAG00000017664-ENSBTAG00000019712",2.38631747231702,7.54619843277758
"vivo","ENSBTAG00000012817-ENSBTAG00000007909",2.35700120133125,4.96909911223133
"vivo","ENSBTAG00000019964-ENSBTAG00000003166",2.34753103952226,5.85999980174431
"vivo","ENSBTAG00000009476-ENSBTAG00000001462",2.34085672318882,5.86697073116023
"vivo","ENSBTAG00000019267-ENSBTAG00000011578",2.31725376982068,5.87986129656314
"vivo","ENSBTAG00000012004-ENSBTAG00000008997",2.30300706100855,5.18383720081415
"vivo","ENSBTAG00000012004-ENSBTAG00000024269",2.28602233198047,6.10206756655673
"vivo","ENSBTAG00000017664-ENSBTAG00000015910",2.25990732124286,6.75677620949979
"vivo","ENSBTAG00000001745-ENSBTAG00000019289",2.20659581601081,5.34444985747876
"vivo","ENSBTAG00000012164-ENSBTAG00000010498",2.20114634101431,4.69591894096787
"vivo","ENSBTAG00000015991-ENSBTAG00000011628",2.19774780454912,6.11888417034077
"vivo","ENSBTAG00000019993-ENSBTAG00000039292",2.16604643120922,4.6704616688229
"vivo","ENSBTAG00000017745-ENSBTAG00000016933",2.14646621527299,6.24776181008697
"vivo","ENSBTAG00000012817-ENSBTAG00000022799",2.12291937049485,5.61738004727683
"vivo","ENSBTAG00000014906-ENSBTAG00000015910",2.12184217869434,4.41528165253934
"vivo","ENSBTAG00000001725-ENSBTAG00000015127",2.1170264888205,4.88455963047915
"vivo","ENSBTAG00000015978-ENSBTAG00000039292",2.07682919353975,5.07076386419643
"vivo","ENSBTAG00000019770-ENSBTAG00000012314",2.03131244086562,4.43138068210162
"vivo","ENSBTAG00000001725-ENSBTAG00000039292",2.02508424046124,5.42954993219503
"vivo","ENSBTAG00000002080-ENSBTAG00000022799",2.01404346832744,5.93380233693235
"vivo","ENSBTAG00000002317-ENSBTAG00000026676",1.98683843401029,4.90981490714061
"vivo","ENSBTAG00000021333-ENSBTAG00000017801",1.9592915373615,4.08831769075437
"vivo","ENSBTAG00000040584-ENSBTAG00000021923",1.94008780742368,5.86584125397633
"vivo","ENSBTAG00000034077-ENSBTAG00000018999",1.87359127821722,5.33908000166567
"vivo","ENSBTAG00000005198-ENSBTAG00000011628",1.85066930753341,5.24302955226254
"vivo","ENSBTAG00000021466-ENSBTAG00000015910",1.84322270594406,5.82878198572201
"vivo","ENSBTAG00000017549-ENSBTAG00000002699",1.84044848138042,5.82000911736014
"vivo","ENSBTAG00000009476-ENSBTAG00000000782",1.83558255303846,3.65194906375954
"vivo","ENSBTAG00000009476-ENSBTAG00000019289",1.81177874381185,4.54152037566327
"vivo","ENSBTAG00000004777-ENSBTAG00000014420",1.800178163802,3.84860882961797
"vivo","ENSBTAG00000009478-ENSBTAG00000000231",1.78509766177483,4.07744904544502
"vivo","ENSBTAG00000009972-ENSBTAG00000011909",1.76059740900392,3.73958166731546
"vivo","ENSBTAG00000005339-ENSBTAG00000015910",1.75516419960368,3.94569966414165
"vivo","ENSBTAG00000003658-ENSBTAG00000018517",1.74931151454089,3.74741661736735
"vivo","ENSBTAG00000037899-ENSBTAG00000022799",1.64557531489394,4.47249463059023
"vivo","ENSBTAG00000009476-ENSBTAG00000013745",1.64399994607403,3.40478819556864
"vivo","ENSBTAG00000003658-ENSBTAG00000015910",1.62897179043132,3.62312275050656
"vivo","ENSBTAG00000002317-ENSBTAG00000018052",1.61969805754488,3.79874539851763
"vivo","ENSBTAG00000001764-ENSBTAG00000026676",1.60470102814691,3.41890428012233
"vivo","ENSBTAG00000017664-ENSBTAG00000011578",1.58198704787775,4.6483593180006
"vivo","ENSBTAG00000010673-ENSBTAG00000000815",1.57695294638722,4.986763073497
"vivo","ENSBTAG00000013760-ENSBTAG00000015910",1.57569601288517,4.44818904121769
"vivo","ENSBTAG00000000073-ENSBTAG00000008849",1.5707875145922,4.96726626626632
"vivo","ENSBTAG00000012004-ENSBTAG00000013843",1.56636690562388,3.71968747249457
"vivo","ENSBTAG00000019964-ENSBTAG00000001694",1.53108462025053,4.84171469044564
"vivo","ENSBTAG00000038221-ENSBTAG00000000815",1.51426104783359,4.78851388322733
"vivo","ENSBTAG00000003835-ENSBTAG00000002081",1.50043226319769,4.48266689529653
"vivo","ENSBTAG00000040131-ENSBTAG00000017256",1.4987467911675,3.74341114720409
"vivo","ENSBTAG00000004630-ENSBTAG00000019929",1.48720917937766,4.15757599085696
"vivo","ENSBTAG00000046421-ENSBTAG00000006240",1.48475918946021,3.23137271339478
"vivo","ENSBTAG00000009476-ENSBTAG00000015910",1.48167794632644,4.59503593557694
"vivo","ENSBTAG00000009876-ENSBTAG00000020736",1.45633571102622,2.84317011551926
"vivo","ENSBTAG00000022120-ENSBTAG00000015910",1.45592816286637,4.5587375958443
"vivo","ENSBTAG00000002317-ENSBTAG00000014966",1.43715847086077,3.04335974419045
"vivo","ENSBTAG00000014465-ENSBTAG00000013755",1.42744918972003,3.40890065768238
"vivo","ENSBTAG00000020645-ENSBTAG00000014270",1.41435283290439,3.56745000461945
"vivo","ENSBTAG00000009972-ENSBTAG00000024269",1.39487270782569,3.62455377042857
"vivo","ENSBTAG00000020645-ENSBTAG00000021527",1.39181395029002,3.59443412700365
"vivo","ENSBTAG00000007737-ENSBTAG00000045633",1.37968154245821,4.03557158924185
"vivo","ENSBTAG00000015789-ENSBTAG00000011628",1.3758745191119,4.35089725498246
"vivo","ENSBTAG00000020645-ENSBTAG00000011628",1.37285420597359,3.89032094236053
"vivo","ENSBTAG00000000575-ENSBTAG00000019929",1.36521890913616,3.69378881252484
"vivo","ENSBTAG00000003505-ENSBTAG00000006161",1.36298251401639,3.81341243859298
"vivo","ENSBTAG00000013155-ENSBTAG00000010682",1.34016547154814,3.35460447933908
"vivo","ENSBTAG00000014113-ENSBTAG00000014162",1.32162054928741,3.73896024335885
"vivo","ENSBTAG00000026779-ENSBTAG00000007103",1.31753547995855,4.16641301475216
"vivo","ENSBTAG00000008300-ENSBTAG00000001462",1.31680741928359,3.26695659640333
"vivo","ENSBTAG00000009478-ENSBTAG00000006420",1.3087253975745,3.25891824958638
"vivo","ENSBTAG00000004777-ENSBTAG00000017753",1.29027132266159,3.20190932747266
"vivo","ENSBTAG00000016208-ENSBTAG00000015127",1.28513056188055,3.01125466225922
"vivo","ENSBTAG00000009476-ENSBTAG00000011971",1.27584237100961,2.55449123622201
"vivo","ENSBTAG00000018077-ENSBTAG00000024406",1.27326778664728,3.70445273101232
"vivo","ENSBTAG00000017122-ENSBTAG00000011741",1.25559910507851,3.22243006090933
"vivo","ENSBTAG00000021302-ENSBTAG00000015910",1.24496436106565,3.59381278333995
"vivo","ENSBTAG00000007740-ENSBTAG00000017266",1.23904688815099,3.01868548293421
"vivo","ENSBTAG00000005339-ENSBTAG00000011628",1.23537431876478,3.76237039998816
"vivo","ENSBTAG00000015978-ENSBTAG00000011628",1.22408633115311,3.65627625178215
"vivo","ENSBTAG00000014834-ENSBTAG00000011628",1.22309544948234,2.34631958760687
"vivo","ENSBTAG00000021499-ENSBTAG00000008849",1.20291155627224,3.8039403415581
"vivo","ENSBTAG00000012623-ENSBTAG00000002606",1.1810308219046,2.9017247697226
"vivo","ENSBTAG00000005250-ENSBTAG00000006240",1.1692905044535,2.83543444353454
"vivo","ENSBTAG00000014921-ENSBTAG00000018474",1.1622956505519,2.81950137019066
"vivo","ENSBTAG00000038735-ENSBTAG00000016948",1.15803267050898,3.66202084369568
"vivo","ENSBTAG00000000073-ENSBTAG00000014611",1.15405335243539,2.68215503723186
"vivo","ENSBTAG00000018463-ENSBTAG00000011578",1.14103879381509,2.6385873662402
"vivo","ENSBTAG00000005339-ENSBTAG00000003166",1.13732394878782,3.29490382888684
"vivo","ENSBTAG00000015801-ENSBTAG00000015510",1.12539326435543,2.38937873107334
"vivo","ENSBTAG00000017664-ENSBTAG00000014357",1.12439335085423,3.55564397464821
"vivo","ENSBTAG00000013162-ENSBTAG00000012314",1.12355556963533,3.07440677207883
"vivo","ENSBTAG00000021457-ENSBTAG00000023147",1.10182254598403,2.66302805924451
"vivo","ENSBTAG00000012849-ENSBTAG00000019929",1.09703455850425,3.46912787679068
"vivo","ENSBTAG00000017122-ENSBTAG00000015910",1.09616485623846,3.46637763674456
"vivo","ENSBTAG00000012638-ENSBTAG00000014420",1.08835501842498,2.51769047238467
"vivo","ENSBTAG00000004594-ENSBTAG00000019569",1.08825795926172,2.93843514569982
"vivo","ENSBTAG00000021316-ENSBTAG00000003585",1.08558877485686,3.4329331308594
"vivo","ENSBTAG00000008096-ENSBTAG00000013674",1.07903201743341,2.32701782884891
"vivo","ENSBTAG00000034501-ENSBTAG00000005397",1.07826308371668,2.36007624940426
"vivo","ENSBTAG00000017246-ENSBTAG00000018035",1.07436406382785,2.59546845119959
"vivo","ENSBTAG00000000575-ENSBTAG00000015127",1.06501132503445,2.44047700236145
"vivo","ENSBTAG00000022120-ENSBTAG00000019929",1.05664401875025,2.62638495283464
"vivo","ENSBTAG00000025644-ENSBTAG00000004337",1.05521143995093,3.33687156331093
"vivo","ENSBTAG00000009972-ENSBTAG00000018114",1.04648685565836,3.23972047466528
"vivo","ENSBTAG00000004630-ENSBTAG00000013745",1.04423658553554,2.2016908584082
"vivo","ENSBTAG00000019964-ENSBTAG00000005828",1.03875846104821,2.95379637278135
"vivo","ENSBTAG00000020194-ENSBTAG00000011628",1.02654381443949,2.92320663583052
"vivo","ENSBTAG00000011802-ENSBTAG00000017266",1.02486730993962,2.22162010983954
"vivo","ENSBTAG00000003329-ENSBTAG00000006420",1.02395377918608,2.04922150697284
"vivo","ENSBTAG00000011851-ENSBTAG00000011425",1.01956484186978,3.22414712253792
"vivo","ENSBTAG00000045520-ENSBTAG00000039292",1.01822678009752,2.33887899663865
"vivo","ENSBTAG00000012398-ENSBTAG00000012314",1.01011863191179,1.98411098007988
"vivo","ENSBTAG00000018103-ENSBTAG00000006240",1.00733118066764,2.48311166298929
"vivo","ENSBTAG00000009761-ENSBTAG00000012314",1.0047486111941,3.17729408726431
"vivo","ENSBTAG00000006538-ENSBTAG00000016948",0.997576304514522,3.1546132620796
"vivo","ENSBTAG00000007338-ENSBTAG00000017593",0.995562730544927,2.33606570698073
"vivo","ENSBTAG00000026236-ENSBTAG00000019929",0.994467632891857,2.18035965592344
"vivo","ENSBTAG00000006655-ENSBTAG00000008218",0.993803180418687,2.12003181189186
"vivo","ENSBTAG00000020238-ENSBTAG00000004739",0.988363862547707,2.16986445999266
"vivo","ENSBTAG00000017280-ENSBTAG00000037735",0.986739200955481,3.12034333159392
"vivo","ENSBTAG00000011291-ENSBTAG00000006732",0.986133603035325,2.14187452293503
"vivo","ENSBTAG00000000575-ENSBTAG00000026676",0.985387783683221,3.11606977494428
"vivo","ENSBTAG00000010963-ENSBTAG00000000973",0.981912201219907,3.10507901816447
"vivo","ENSBTAG00000000575-ENSBTAG00000013745",0.96674948852044,2.0523858428074
"vivo","ENSBTAG00000005691-ENSBTAG00000026676",0.96512425939317,2.6930955351722
"vivo","ENSBTAG00000021879-ENSBTAG00000013755",0.96511317244994,3.05195582477268
"vivo","ENSBTAG00000013718-ENSBTAG00000005072",0.95768139822427,1.97688816477114
"vivo","ENSBTAG00000007273-ENSBTAG00000032719",0.953781369789361,2.32763601188249
"vivo","ENSBTAG00000007737-ENSBTAG00000010444",0.952778966026657,2.17835538762081
"vivo","ENSBTAG00000010562-ENSBTAG00000011515",0.95247252105673,2.60653778721092
"vivo","ENSBTAG00000004594-ENSBTAG00000011578",0.950103866355586,3.00449223141587
"vivo","ENSBTAG00000000575-ENSBTAG00000019289",0.945957348312038,2.99137979003928
"vivo","ENSBTAG00000000575-ENSBTAG00000012897",0.945572270738986,1.99346875720342
"vivo","ENSBTAG00000005339-ENSBTAG00000000782",0.928658013646633,2.93667449049109
"vivo","ENSBTAG00000011851-ENSBTAG00000007338",0.924703473856568,2.5456847463144
"vivo","ENSBTAG00000005691-ENSBTAG00000020644",0.923948491581863,2.11375318753225
"vivo","ENSBTAG00000020661-ENSBTAG00000017851",0.92370921100793,2.42427209374318
"vivo","ENSBTAG00000014906-ENSBTAG00000011515",0.921578137651314,2.17371851417195
"vivo","ENSBTAG00000005111-ENSBTAG00000018114",0.921285944122344,2.88964177896197
"vivo","ENSBTAG00000021466-ENSBTAG00000019289",0.919481449794596,2.90765564762469
"vivo","ENSBTAG00000007737-ENSBTAG00000011628",0.918236539153651,2.47963928638635
"vivo","ENSBTAG00000013066-ENSBTAG00000021527",0.908451746595619,2.87277666360027
"vivo","ENSBTAG00000005108-ENSBTAG00000001060",0.905856758566587,2.86457059092766
"vivo","ENSBTAG00000000575-ENSBTAG00000011154",0.894909199183589,2.40738772745154
"vivo","ENSBTAG00000020221-ENSBTAG00000002107",0.894591003259771,1.69093501278584
"vivo","ENSBTAG00000016177-ENSBTAG00000011628",0.889828719888323,1.59137153962679
"vivo","ENSBTAG00000004630-ENSBTAG00000003585",0.881210527755887,2.41219362798263
"vivo","ENSBTAG00000010820-ENSBTAG00000002107",0.87437666858594,2.58458587032049
"vivo","ENSBTAG00000010303-ENSBTAG00000007103",0.873920785063081,2.18276956555965
"vivo","ENSBTAG00000020221-ENSBTAG00000006835",0.872294778289339,1.85820969818804
"vivo","ENSBTAG00000004630-ENSBTAG00000015910",0.871734738632156,2.54984082908928
"vivo","ENSBTAG00000014906-ENSBTAG00000011578",0.865753554492629,2.73775312458341
"vivo","ENSBTAG00000014583-ENSBTAG00000011628",0.859151085413015,2.71687428411099
"vivo","ENSBTAG00000017564-ENSBTAG00000017846",0.847691666240757,2.04146450946155
"vivo","ENSBTAG00000008300-ENSBTAG00000011741",0.846943648334239,1.67996255678828
"vivo","ENSBTAG00000013155-ENSBTAG00000015910",0.843620923084268,1.82646881311034
"vivo","ENSBTAG00000011010-ENSBTAG00000009757",0.843604361736087,2.11361775361011
"vivo","ENSBTAG00000015742-ENSBTAG00000007103",0.841221293235655,1.61009060288287
"vivo","ENSBTAG00000002317-ENSBTAG00000011154",0.836635533782848,1.53788475479814
"vivo","ENSBTAG00000025644-ENSBTAG00000014600",0.83626188554944,1.92830436081777
"vivo","ENSBTAG00000011851-ENSBTAG00000000782",0.834863182288214,2.34013579843728
"vivo","ENSBTAG00000011851-ENSBTAG00000019866",0.830198966620082,2.62531964563756
"vivo","ENSBTAG00000020645-ENSBTAG00000005990",0.819572918841028,1.72829860407631
"vivo","ENSBTAG00000020645-ENSBTAG00000039292",0.815195321170773,2.55427292155819
"vivo","ENSBTAG00000005260-ENSBTAG00000005990",0.810986487349612,2.36220573356115
"vivo","ENSBTAG00000021466-ENSBTAG00000010682",0.808993056578636,2.55826067004995
"vivo","ENSBTAG00000014921-ENSBTAG00000017745",0.808199873751611,1.72473593772154
"vivo","ENSBTAG00000015114-ENSBTAG00000017489",0.803859221186515,2.54202605707847
"vivo","ENSBTAG00000008300-ENSBTAG00000019289",0.802466430094945,1.93558258670174
"vivo","ENSBTAG00000005691-ENSBTAG00000019866",0.802295338529249,1.75581844047336
"vivo","ENSBTAG00000014465-ENSBTAG00000019929",0.796234344491322,1.98178277352697
"vivo","ENSBTAG00000001292-ENSBTAG00000034385",0.796203530180759,1.64815209278161
"vivo","ENSBTAG00000010303-ENSBTAG00000011628",0.787795099863019,1.18083301612234
"vivo","ENSBTAG00000013155-ENSBTAG00000008373",0.768687009116013,2.43080175658921
"vivo","ENSBTAG00000014575-ENSBTAG00000019929",0.76829792171724,1.82649165000242
"vivo","ENSBTAG00000000559-ENSBTAG00000020661",0.766275096167337,2.37737824214486
"vivo","ENSBTAG00000013155-ENSBTAG00000019289",0.762823462342924,1.61673747276005
"vivo","ENSBTAG00000003176-ENSBTAG00000015910",0.760488787542372,2.03266262140649
"vivo","ENSBTAG00000015991-ENSBTAG00000021190",0.759654160310313,2.0125393843454
"vivo","ENSBTAG00000021316-ENSBTAG00000015910",0.75350767543033,2.38280048877874
"vivo","ENSBTAG00000006505-ENSBTAG00000006240",0.750497858774218,1.58346907239896
"vivo","ENSBTAG00000020221-ENSBTAG00000005092",0.749809269193906,1.43638317637534
"vivo","ENSBTAG00000001764-ENSBTAG00000021190",0.742751315367961,1.64544302044059
"vivo","ENSBTAG00000009812-ENSBTAG00000039292",0.741767336472147,2.16431070928726
"vivo","ENSBTAG00000001141-ENSBTAG00000015910",0.740440678969274,2.06579822248183
"vivo","ENSBTAG00000021217-ENSBTAG00000010682",0.736445350790822,1.97644736081445
"vivo","ENSBTAG00000010663-ENSBTAG00000015910",0.735709876168075,2.26315896802964
"vivo","ENSBTAG00000020221-ENSBTAG00000016999",0.734289388469355,2.32202692925534
"vivo","ENSBTAG00000013898-ENSBTAG00000039292",0.731240899449021,2.1431343531916
"vivo","ENSBTAG00000005260-ENSBTAG00000015910",0.728375066523709,1.49195328710027
"vivo","ENSBTAG00000003806-ENSBTAG00000016455",0.726448465756632,1.31423772898877
"vivo","ENSBTAG00000000073-ENSBTAG00000018517",0.724670078693029,1.84811179734039
"vivo","ENSBTAG00000000575-ENSBTAG00000015910",0.723297243291751,1.63885391407562
"vivo","ENSBTAG00000020221-ENSBTAG00000005903",0.720591152324303,1.55124463655599
"vivo","ENSBTAG00000022120-ENSBTAG00000006240",0.718191625550778,1.64644351318587
"vivo","ENSBTAG00000017746-ENSBTAG00000009851",0.716977703180889,2.26728257360776
"vivo","ENSBTAG00000012210-ENSBTAG00000039292",0.716786414890028,2.26667766691892
"vivo","ENSBTAG00000020645-ENSBTAG00000017489",0.716057578928825,1.44632182175118
"vivo","ENSBTAG00000011802-ENSBTAG00000019289",0.709355214157746,1.53252135878385
"vivo","ENSBTAG00000020221-ENSBTAG00000012314",0.708663558190216,1.49600157142205
"vivo","ENSBTAG00000010663-ENSBTAG00000013745",0.70789044821916,1.8737506323708
"vivo","ENSBTAG00000019665-ENSBTAG00000005273",0.703616613390467,2.22503109784801
"vivo","ENSBTAG00000009478-ENSBTAG00000018035",0.703334394442503,1.59210071253614
"vivo","ENSBTAG00000000575-ENSBTAG00000020679",0.703037953872188,1.84350068269491
"vivo","ENSBTAG00000032808-ENSBTAG00000004211",0.702819223022162,1.75212593996049
"vivo","ENSBTAG00000017866-ENSBTAG00000014031",0.698896371829732,2.0396115115638
"vivo","ENSBTAG00000007244-ENSBTAG00000011741",0.697067209898537,1.6053793689473
"vivo","ENSBTAG00000032808-ENSBTAG00000010785",0.694818964013544,1.18086219684198
"vivo","ENSBTAG00000017246-ENSBTAG00000022799",0.693605774025303,1.77361204952621
"vivo","ENSBTAG00000021316-ENSBTAG00000019929",0.692505181766504,2.18989366585106
"vivo","ENSBTAG00000020457-ENSBTAG00000014357",0.688893326347068,2.06659836801862
"vivo","ENSBTAG00000006685-ENSBTAG00000019404",0.688523202163241,1.47426418088653
"vivo","ENSBTAG00000003832-ENSBTAG00000022799",0.686012242954003,2.10466690216199
"vivo","ENSBTAG00000019910-ENSBTAG00000015510",0.68582345570934,1.60471371810564
"vivo","ENSBTAG00000014575-ENSBTAG00000015910",0.684584393018336,1.52620679859234
"vivo","ENSBTAG00000017246-ENSBTAG00000006240",0.683394237985889,2.16108233187057
"vivo","ENSBTAG00000020244-ENSBTAG00000000815",0.675309431186426,1.71213572762473
"vivo","ENSBTAG00000009212-ENSBTAG00000012314",0.67432090211236,1.10938756777228
"vivo","ENSBTAG00000015089-ENSBTAG00000023144",0.670076544307797,1.53385514935159
"vivo","ENSBTAG00000017280-ENSBTAG00000039292",0.669410007662324,1.47976544326293
"vivo","ENSBTAG00000011808-ENSBTAG00000018105",0.666730437739937,1.26051023401474
"vivo","ENSBTAG00000007153-ENSBTAG00000012219",0.66655567198456,1.15282226481809
"vivo","ENSBTAG00000005947-ENSBTAG00000015739",0.657807418772772,1.41983326571016
"vivo","ENSBTAG00000000575-ENSBTAG00000011628",0.655669138293969,2.07340786848887
"vivo","ENSBTAG00000006045-ENSBTAG00000034385",0.654549889473525,1.90075888996233
"vivo","ENSBTAG00000002441-ENSBTAG00000039292",0.650752598342317,1.4554500788327
"vivo","ENSBTAG00000005947-ENSBTAG00000013755",0.649802942924088,2.05485732992051
"vivo","ENSBTAG00000032436-ENSBTAG00000022799",0.646357624703431,2.04396227707916
"vivo","ENSBTAG00000016043-ENSBTAG00000018035",0.644809722605501,1.6455925430352
"vivo","ENSBTAG00000010452-ENSBTAG00000011515",0.64040912500239,1.90096845628692
"vivo","ENSBTAG00000011802-ENSBTAG00000015910",0.63974856459836,1.34953850242992
"vivo","ENSBTAG00000007446-ENSBTAG00000008849",0.638496008654158,1.70307552373245
"vivo","ENSBTAG00000014575-ENSBTAG00000003585",0.631754605383796,1.9523573068196
"vivo","ENSBTAG00000010138-ENSBTAG00000019866",0.620139960441322,1.44703305344874
"vivo","ENSBTAG00000008817-ENSBTAG00000017266",0.619934657770008,1.96040551903023
"vivo","ENSBTAG00000005198-ENSBTAG00000027464",0.6180630597649,1.89088042772541
"vivo","ENSBTAG00000001725-ENSBTAG00000014798",0.614621626550444,1.94360423909682
"vivo","ENSBTAG00000016208-ENSBTAG00000038141",0.610405359181799,1.36088152512367
"vivo","ENSBTAG00000004924-ENSBTAG00000039292",0.607784536235759,1.3365389731953
"vivo","ENSBTAG00000007737-ENSBTAG00000018035",0.605247345376582,1.30386155757453
"vivo","ENSBTAG00000018343-ENSBTAG00000020736",0.601769843573392,1.61393238958268
"vivo","ENSBTAG00000014737-ENSBTAG00000000782",0.59962143411479,1.41695081557618
"vivo","ENSBTAG00000007737-ENSBTAG00000019832",0.598775688591991,1.56351642776521
"vivo","ENSBTAG00000007737-ENSBTAG00000012314",0.594057007992033,1.56783534870229
"vivo","ENSBTAG00000014834-ENSBTAG00000005828",0.591660837156321,1.87099584773595
"vivo","ENSBTAG00000034077-ENSBTAG00000017846",0.590747159603991,1.53718841168681
"vivo","ENSBTAG00000020457-ENSBTAG00000013755",0.589928168332332,1.41154983524881
"vivo","ENSBTAG00000002880-ENSBTAG00000013755",0.581017098550312,1.50877452604767
"vivo","ENSBTAG00000017246-ENSBTAG00000012314",0.580393732375093,1.50587366833361
"vivo","ENSBTAG00000020457-ENSBTAG00000013222",0.578927960148011,1.22990569527317
"vivo","ENSBTAG00000004129-ENSBTAG00000003220",0.577155859172795,1.82512707989742
"vivo","ENSBTAG00000005111-ENSBTAG00000000231",0.575496700107528,1.45647125278399
"vivo","ENSBTAG00000010562-ENSBTAG00000020755",0.5700570566544,1.4858058028393
"vivo","ENSBTAG00000007244-ENSBTAG00000015910",0.564322765108891,1.78454527322829
"vivo","ENSBTAG00000005850-ENSBTAG00000022799",0.561134915514423,1.20694514556452
"vivo","ENSBTAG00000009478-ENSBTAG00000018114",0.558723232626726,1.76683799675256
"vivo","ENSBTAG00000021807-ENSBTAG00000021664",0.558681084795927,1.7667047136088
"vivo","ENSBTAG00000018103-ENSBTAG00000017753",0.549671973358873,1.73821540177343
"vivo","ENSBTAG00000009478-ENSBTAG00000014354",0.547740476141425,1.32175001442623
"vivo","ENSBTAG00000022635-ENSBTAG00000015910",0.54288789501827,1.71676226239211
"vivo","ENSBTAG00000008817-ENSBTAG00000019929",0.542559268114148,1.47305997607503
"vivo","ENSBTAG00000014113-ENSBTAG00000003220",0.541253262185013,1.1661041584585
"vivo","ENSBTAG00000047330-ENSBTAG00000017851",0.538240439221634,1.18790025684224
"vivo","ENSBTAG00000008300-ENSBTAG00000015910",0.53642865582036,1.39580956792853
"vivo","ENSBTAG00000014583-ENSBTAG00000026813",0.531048025906184,0.990259684464311
"vivo","ENSBTAG00000000575-ENSBTAG00000015296",0.522882901627347,1.65350091870018
"vivo","ENSBTAG00000012228-ENSBTAG00000001814",0.520327488646843,1.64541999331943
"vivo","ENSBTAG00000017753-ENSBTAG00000014420",0.520312944554569,1.33802805164201
"vivo","ENSBTAG00000005163-ENSBTAG00000006240",0.508673253028997,1.17804269693653
"vivo","ENSBTAG00000007773-ENSBTAG00000015910",0.503543090354147,0.931141255389472
"vivo","ENSBTAG00000011412-ENSBTAG00000012897",0.501867645813008,1.38735756737569
"vivo","ENSBTAG00000001321-ENSBTAG00000013205",0.499657440120051,1.58005556062856
"vivo","ENSBTAG00000039355-ENSBTAG00000011515",0.499252930194024,1.06435817253971
"vivo","ENSBTAG00000008817-ENSBTAG00000015910",0.497321044100463,1.12834659535749
"vivo","ENSBTAG00000009393-ENSBTAG00000039292",0.494662915534524,1.09399119768952
"vivo","ENSBTAG00000007737-ENSBTAG00000022799",0.493878227118453,1.16750958941787
"vivo","ENSBTAG00000002006-ENSBTAG00000014269",0.491988850478197,1.07816320764799
"vivo","ENSBTAG00000032436-ENSBTAG00000007909",0.488933545020681,1.15381032135941
"vivo","ENSBTAG00000002006-ENSBTAG00000005903",0.486188006020102,1.29736516607593
"vivo","ENSBTAG00000012413-ENSBTAG00000014064",0.484383843818683,1.13765598656253
"vivo","ENSBTAG00000012228-ENSBTAG00000014966",0.482063161972234,1.44169862592934
"vivo","ENSBTAG00000032808-ENSBTAG00000007498",0.48092921304812,1.0848081132726
"vivo","ENSBTAG00000012413-ENSBTAG00000015457",0.475907577631155,1.00890422770394
"vivo","ENSBTAG00000010726-ENSBTAG00000012314",0.47349077153461,0.867422318337192
"vivo","ENSBTAG00000032436-ENSBTAG00000006240",0.472439991211448,1.49398642997811
"vivo","ENSBTAG00000021048-ENSBTAG00000020704",0.471376881740211,0.994653977351604
"vivo","ENSBTAG00000010312-ENSBTAG00000014420",0.46974350175505,1.03583621643482
"vivo","ENSBTAG00000025644-ENSBTAG00000014773",0.468020824119445,1.48001179660652
"vivo","ENSBTAG00000005111-ENSBTAG00000006420",0.466855649097084,1.47632718966312
"vivo","ENSBTAG00000020645-ENSBTAG00000014600",0.464945140499175,1.47028563100439
"vivo","ENSBTAG00000014906-ENSBTAG00000020755",0.46345111021055,1.32751801911607
"vivo","ENSBTAG00000006354-ENSBTAG00000012071",0.463188804368039,1.46473160849315
"vivo","ENSBTAG00000013191-ENSBTAG00000018052",0.459649154581987,1.42981396451865
"vivo","ENSBTAG00000004924-ENSBTAG00000031718",0.456319844094621,1.01828928144833
"vivo","ENSBTAG00000011412-ENSBTAG00000019929",0.456261101243339,1.44282428766564
"vivo","ENSBTAG00000011412-ENSBTAG00000019289",0.454994862178063,1.0013098068318
"vivo","ENSBTAG00000021048-ENSBTAG00000008483",0.451951610432284,1.42919648114713
"vivo","ENSBTAG00000018134-ENSBTAG00000011628",0.451832092374485,1.42881853186297
"vivo","ENSBTAG00000014575-ENSBTAG00000019289",0.450891581663561,1.25981401728028
"vivo","ENSBTAG00000025644-ENSBTAG00000011628",0.450520447689016,1.0501447860799
"vivo","ENSBTAG00000032436-ENSBTAG00000006378",0.450366277603004,0.982974625011606
"vivo","ENSBTAG00000010138-ENSBTAG00000011971",0.449111166222519,1.04147746406011
"vivo","ENSBTAG00000020342-ENSBTAG00000002107",0.447353977026947,1.41465748773979
"vivo","ENSBTAG00000045582-ENSBTAG00000002144",0.441323678708531,0.798713696936839
"vivo","ENSBTAG00000015991-ENSBTAG00000018993",0.439013292732909,1.36472766975081
"vivo","ENSBTAG00000022120-ENSBTAG00000013745",0.437658869724343,1.38399886650383
"vivo","ENSBTAG00000007268-ENSBTAG00000015910",0.436940065639625,0.98665663350247
"vivo","ENSBTAG00000020645-ENSBTAG00000006208",0.435996608011731,1.37874233342469
"vivo","ENSBTAG00000017753-ENSBTAG00000015996",0.433851065009201,1.37195753071885
"vivo","ENSBTAG00000000277-ENSBTAG00000011238",0.431497267520179,0.943997424911701
"vivo","ENSBTAG00000017473-ENSBTAG00000015910",0.431490014898062,1.25268640714183
"vivo","ENSBTAG00000020457-ENSBTAG00000019832",0.430558758486735,1.27953877376428
"vivo","ENSBTAG00000039355-ENSBTAG00000011578",0.42784038604317,1.25274274854596
"vivo","ENSBTAG00000013472-ENSBTAG00000017866",0.427383545184381,1.0722855855522
"vivo","ENSBTAG00000020194-ENSBTAG00000014064",0.423275758006745,1.25812303048542
"vivo","ENSBTAG00000014583-ENSBTAG00000011050",0.419934409142714,1.32794920076801
"vivo","ENSBTAG00000006396-ENSBTAG00000003798",0.415921261438815,1.31525851343702
"vivo","ENSBTAG00000018773-ENSBTAG00000006161",0.414698976551174,1.31139330924247
"vivo","ENSBTAG00000011851-ENSBTAG00000002699",0.413058129757958,1.30620449608452
"vivo","ENSBTAG00000020457-ENSBTAG00000008997",0.412432679961111,1.3042266501644
"vivo","ENSBTAG00000016515-ENSBTAG00000015510",0.411840124151351,1.30235282416479
"vivo","ENSBTAG00000016267-ENSBTAG00000020755",0.411416532259861,0.940386259710064
"vivo","ENSBTAG00000007740-ENSBTAG00000013320",0.410352631821626,0.885215454615801
"vivo","ENSBTAG00000007338-ENSBTAG00000004917",0.409946992575443,0.966572733177016
"vivo","ENSBTAG00000010361-ENSBTAG00000007909",0.404463533587982,0.970206580666159
"vivo","ENSBTAG00000009876-ENSBTAG00000006420",0.403424119172579,1.21022469359208
"vivo","ENSBTAG00000005198-ENSBTAG00000015457",0.400553251575527,1.18490832616007
"vivo","ENSBTAG00000032436-ENSBTAG00000006161",0.400226271344558,0.667882031597911
"vivo","ENSBTAG00000019716-ENSBTAG00000003220",0.400147112305261,1.18403845015853
"vivo","ENSBTAG00000007740-ENSBTAG00000015910",0.399837141512479,1.2643960603105
"vivo","ENSBTAG00000010963-ENSBTAG00000002414",0.399752427591684,1.26412817137126
"vivo","ENSBTAG00000005077-ENSBTAG00000018424",0.398926225898954,1.26151549221555
"vivo","ENSBTAG00000025644-ENSBTAG00000010785",0.398869183002362,0.848788173107315
"vivo","ENSBTAG00000010312-ENSBTAG00000020199",0.397200330714849,1.25605773243106
"vivo","ENSBTAG00000017564-ENSBTAG00000018035",0.396470541926993,1.25374993765058
"vivo","ENSBTAG00000001941-ENSBTAG00000023144",0.394821155737796,1.24853412055149
"vivo","ENSBTAG00000003176-ENSBTAG00000017060",0.394234081813558,1.24667762979601
"vivo","ENSBTAG00000013103-ENSBTAG00000019289",0.394156185957784,1.24643130147147
"vivo","ENSBTAG00000006685-ENSBTAG00000005215",0.39287126946833,0.875326058813929
"vivo","ENSBTAG00000001368-ENSBTAG00000015910",0.391643700447959,0.851295549230161
"vivo","ENSBTAG00000018773-ENSBTAG00000001941",0.390853852299814,1.23598840551845
"vivo","ENSBTAG00000007737-ENSBTAG00000007909",0.390694785849161,0.830047213439407
"vivo","ENSBTAG00000009357-ENSBTAG00000011154",0.39026077434938,1.23411292836506
"vivo","ENSBTAG00000000016-ENSBTAG00000013674",0.38946802246874,0.866085348093635
"vivo","ENSBTAG00000032436-ENSBTAG00000019832",0.389155118219749,1.2306165366865
"vivo","ENSBTAG00000008300-ENSBTAG00000017266",0.388689351298748,0.898243099083615
"vivo","ENSBTAG00000020457-ENSBTAG00000003045",0.388637360309322,1.15168069749067
"vivo","ENSBTAG00000019604-ENSBTAG00000009851",0.388455754849934,1.22840495552579
"vivo","ENSBTAG00000012529-ENSBTAG00000012899",0.387934239417491,1.22675577892434
"vivo","ENSBTAG00000020194-ENSBTAG00000015457",0.387910325991584,0.94227536110802
"vivo","ENSBTAG00000005339-ENSBTAG00000019929",0.387352300301761,1.17126856650295
"vivo","ENSBTAG00000002006-ENSBTAG00000015127",0.384513859063549,1.2159395865418
"vivo","ENSBTAG00000024394-ENSBTAG00000019866",0.380913236582587,0.814547851691158
"vivo","ENSBTAG00000039355-ENSBTAG00000018993",0.379670130225085,0.957444426040124
"vivo","ENSBTAG00000013103-ENSBTAG00000013745",0.378070213793732,1.195562991055
"vivo","ENSBTAG00000015043-ENSBTAG00000007909",0.377866263924886,1.15184747048342
"vivo","ENSBTAG00000005359-ENSBTAG00000019832",0.376853937895076,0.847724225026326
"vivo","ENSBTAG00000017866-ENSBTAG00000006240",0.375563874184997,1.1876372493015
"vivo","ENSBTAG00000015150-ENSBTAG00000017745",0.375017585611784,1.08016536764877
"vivo","ENSBTAG00000008300-ENSBTAG00000004356",0.374847320167949,1.18537130654109
"vivo","ENSBTAG00000007319-ENSBTAG00000007909",0.373975572858201,0.893914916545324
"vivo","ENSBTAG00000002006-ENSBTAG00000003585",0.373481287437897,0.939289604412751
"vivo","ENSBTAG00000012057-ENSBTAG00000005072",0.371286953218909,0.993767265669572
"vivo","ENSBTAG00000020457-ENSBTAG00000015910",0.370442063200164,1.17144066084456
"vivo","ENSBTAG00000017246-ENSBTAG00000007909",0.368956879503771,1.16674409762021
"vivo","ENSBTAG00000025644-ENSBTAG00000026813",0.364226132825231,0.73629043016065
"vivo","ENSBTAG00000023652-ENSBTAG00000005828",0.363073947383337,1.06088181743491
"vivo","ENSBTAG00000006295-ENSBTAG00000017981",0.362778944284041,0.770139898307527
"vivo","ENSBTAG00000017549-ENSBTAG00000008197",0.358609279176132,0.956977104432218
"vivo","ENSBTAG00000025257-ENSBTAG00000019428",0.355210794314878,0.754919377418456
"vivo","ENSBTAG00000019336-ENSBTAG00000011761",0.352706182905277,1.11535488280462
"vivo","ENSBTAG00000009478-ENSBTAG00000002081",0.351746489509213,0.952177442499314
"vivo","ENSBTAG00000011966-ENSBTAG00000012897",0.350366680853077,0.964469893691607
"vivo","ENSBTAG00000007740-ENSBTAG00000007909",0.349112302096007,0.754367613396876
"vivo","ENSBTAG00000001321-ENSBTAG00000005273",0.348752540941908,1.10285236914755
"vivo","ENSBTAG00000005305-ENSBTAG00000008849",0.347080852007361,1.09756602457508
"vivo","ENSBTAG00000003300-ENSBTAG00000019929",0.346991036423016,1.09728200275918
"vivo","ENSBTAG00000009357-ENSBTAG00000012119",0.344241024344426,0.736324968722767
"vivo","ENSBTAG00000010673-ENSBTAG00000006359",0.342662758818975,0.710150992475203
"vivo","ENSBTAG00000005359-ENSBTAG00000024269",0.340453050385759,0.611790236195859
"vivo","ENSBTAG00000007148-ENSBTAG00000020199",0.336222813819962,0.867605934344812
"vivo","ENSBTAG00000015978-ENSBTAG00000013290",0.335634761762913,0.786734505565695
"vivo","ENSBTAG00000000130-ENSBTAG00000010785",0.333111394966095,1.05339072264881
"vivo","ENSBTAG00000012066-ENSBTAG00000013569",0.332059095017097,1.0500630580283
"vivo","ENSBTAG00000008237-ENSBTAG00000013205",0.330742794226194,1.04590054944316
"vivo","ENSBTAG00000038045-ENSBTAG00000018572",0.33036190408701,1.04469606906504
"vivo","ENSBTAG00000017455-ENSBTAG00000019929",0.327078627581612,1.03431343711986
"vivo","ENSBTAG00000025644-ENSBTAG00000012687",0.325876311062614,0.840348145740904
"vivo","ENSBTAG00000020645-ENSBTAG00000014944",0.325383535986418,1.02895308683644
"vivo","ENSBTAG00000012444-ENSBTAG00000015910",0.325313924288613,1.02873295531959
"vivo","ENSBTAG00000018773-ENSBTAG00000019866",0.321483473314464,0.777842437207857
"vivo","ENSBTAG00000017473-ENSBTAG00000017266",0.32020867909285,0.930548519103103
"vivo","ENSBTAG00000013003-ENSBTAG00000012687",0.319924030474366,0.693924696176347
"vivo","ENSBTAG00000020221-ENSBTAG00000002144",0.319697879808614,0.77639264457847
"vivo","ENSBTAG00000005691-ENSBTAG00000027464",0.317754188670681,1.00482697225822
"vivo","ENSBTAG00000010303-ENSBTAG00000007626",0.315488016069788,0.648734367933364
"vivo","ENSBTAG00000005947-ENSBTAG00000019929",0.314176641989075,0.993513776308771
"vivo","ENSBTAG00000007737-ENSBTAG00000014064",0.313540306838058,0.830872606686467
"vivo","ENSBTAG00000012088-ENSBTAG00000015910",0.313173722618949,0.990342266789672
"vivo","ENSBTAG00000007244-ENSBTAG00000000253",0.311957633245092,0.661948372827875
"vivo","ENSBTAG00000005260-ENSBTAG00000013755",0.311640560740655,0.709250535290164
"vivo","ENSBTAG00000037778-ENSBTAG00000039292",0.310263488884251,0.823498067761412
"vivo","ENSBTAG00000009565-ENSBTAG00000002804",0.309920197884661,0.688694939955451
"vivo","ENSBTAG00000008027-ENSBTAG00000007175",0.308864039305551,0.789791573551946
"vivo","ENSBTAG00000017746-ENSBTAG00000010462",0.305425545335761,0.784401703030025
"vivo","ENSBTAG00000021499-ENSBTAG00000008036",0.302550894837423,0.684757971345719
"vivo","ENSBTAG00000001292-ENSBTAG00000032007",0.302292379213718,0.858992747978245
"vivo","ENSBTAG00000025471-ENSBTAG00000006378",0.300841539969829,0.708776788892757
"vivo","ENSBTAG00000008300-ENSBTAG00000001882",0.300455262254287,0.578139230270602
"vivo","ENSBTAG00000005628-ENSBTAG00000008852",0.30016681339871,0.949210808334671
"vivo","ENSBTAG00000022635-ENSBTAG00000012897",0.298214010731552,0.943035504085599
"vivo","ENSBTAG00000014051-ENSBTAG00000020148",0.297497873149166,0.940770878207215
"vivo","ENSBTAG00000005108-ENSBTAG00000004356",0.297325670132726,0.82185236844299
"vivo","ENSBTAG00000025644-ENSBTAG00000011515",0.294772484412603,0.932152442290305
"vivo","ENSBTAG00000025210-ENSBTAG00000013755",0.293830005222633,0.624161729968139
"vivo","ENSBTAG00000011966-ENSBTAG00000017266",0.292521545089217,0.925034347153567
"vivo","ENSBTAG00000018103-ENSBTAG00000011154",0.292136188788311,0.923815743532007
"vivo","ENSBTAG00000011104-ENSBTAG00000018300",0.29105757222425,0.92040485846759
"vivo","ENSBTAG00000001941-ENSBTAG00000014966",0.290346481967696,0.918156193634926
"vivo","ENSBTAG00000007897-ENSBTAG00000039292",0.28999935146175,0.917058470590812
"vivo","ENSBTAG00000014921-ENSBTAG00000007101",0.289542539497514,0.915613904321408
"vivo","ENSBTAG00000014051-ENSBTAG00000013745",0.286021698236061,0.904480026655316
"vivo","ENSBTAG00000025775-ENSBTAG00000016948",0.283361766088523,0.491106211321824
"vivo","ENSBTAG00000007897-ENSBTAG00000016948",0.282320460514215,0.892775685292552
"vivo","ENSBTAG00000013688-ENSBTAG00000011971",0.278681428468367,0.88126805554933
"vivo","ENSBTAG00000017312-ENSBTAG00000039292",0.27868059430715,0.599965570633941
"vivo","ENSBTAG00000007773-ENSBTAG00000018993",0.276811723775036,0.875355530166497
"vivo","ENSBTAG00000020457-ENSBTAG00000024269",0.276467851081725,0.874268109230498
"vivo","ENSBTAG00000005947-ENSBTAG00000013745",0.275664931687693,0.871729055167834
"vivo","ENSBTAG00000005111-ENSBTAG00000018105",0.274164484872002,0.866984225722302
"vivo","ENSBTAG00000004129-ENSBTAG00000014798",0.27342795994965,0.864655129414194
"vivo","ENSBTAG00000017122-ENSBTAG00000000782",0.273409800417889,0.864597703932585
"vivo","ENSBTAG00000004086-ENSBTAG00000019712",0.272466852421237,0.861615840548073
"vivo","ENSBTAG00000021457-ENSBTAG00000011986",0.272210276725305,0.574013638709893
"vivo","ENSBTAG00000007708-ENSBTAG00000000244",0.27184479984133,0.859648737571181
"vivo","ENSBTAG00000017745-ENSBTAG00000015361",0.270322540756216,0.854834931673338
"vivo","ENSBTAG00000007244-ENSBTAG00000019929",0.26968675381236,0.595623300958172
"vivo","ENSBTAG00000005339-ENSBTAG00000015996",0.269008445850771,0.850679398710508
"vivo","ENSBTAG00000003329-ENSBTAG00000002081",0.267583805512501,0.823043911769228
"vivo","ENSBTAG00000007740-ENSBTAG00000015127",0.266317807597956,0.842170853472035
"vivo","ENSBTAG00000010179-ENSBTAG00000026676",0.265031012790866,0.535958049168555
"vivo","ENSBTAG00000005077-ENSBTAG00000001060",0.264599303338105,0.689643675673285
"vivo","ENSBTAG00000012849-ENSBTAG00000015910",0.26362360588115,0.810270936567899
"vivo","ENSBTAG00000005339-ENSBTAG00000019866",0.263457076294961,0.788959060433096
"vivo","ENSBTAG00000014051-ENSBTAG00000015910",0.26303048038742,0.831775412072497
"vivo","ENSBTAG00000008452-ENSBTAG00000016071",0.2627364729174,0.830845678818128
"vivo","ENSBTAG00000007773-ENSBTAG00000017060",0.257378305479624,0.570350280437817
"vivo","ENSBTAG00000013760-ENSBTAG00000003585",0.257248160899573,0.813490112332121
"vivo","ENSBTAG00000008300-ENSBTAG00000017489",0.256590951806171,0.541327623189528
"vivo","ENSBTAG00000025775-ENSBTAG00000020704",0.255577718296329,0.808207709005289
"vivo","ENSBTAG00000007725-ENSBTAG00000012687",0.251932987789484,0.796682059146157
"vivo","ENSBTAG00000007148-ENSBTAG00000008165",0.250045854822182,0.644729686652035
"vivo","ENSBTAG00000007148-ENSBTAG00000034848",0.250005426891179,0.555965551517233
"vivo","ENSBTAG00000005691-ENSBTAG00000015457",0.249513599580509,0.688883121005485
"vivo","ENSBTAG00000015150-ENSBTAG00000016933",0.248454820959521,0.785683129881429
"vivo","ENSBTAG00000003505-ENSBTAG00000011628",0.246988073993853,0.781044868718777
"vivo","ENSBTAG00000015043-ENSBTAG00000022799",0.246108274491545,0.7782626984072
"vivo","ENSBTAG00000017246-ENSBTAG00000019832",0.245435745348062,0.776135974520952
"vivo","ENSBTAG00000021217-ENSBTAG00000015910",0.245043304255743,0.774894966821778
"vivo","ENSBTAG00000021048-ENSBTAG00000019903",0.243497241578472,0.770005887356224
"vivo","ENSBTAG00000012398-ENSBTAG00000014357",0.24281473753232,0.723261713006357
"vivo","ENSBTAG00000012109-ENSBTAG00000013674",0.242587389628857,0.724805852672868
"vivo","ENSBTAG00000013103-ENSBTAG00000015910",0.242214177470377,0.765948482390633
"vivo","ENSBTAG00000017455-ENSBTAG00000017266",0.238949926007474,0.530352506939256
"vivo","ENSBTAG00000009812-ENSBTAG00000003220",0.237727346089564,0.751759875750146
"vivo","ENSBTAG00000006538-ENSBTAG00000002144",0.236972431312311,0.670038522654487
"vivo","ENSBTAG00000003837-ENSBTAG00000002606",0.236879214198112,0.74907784721693
"vivo","ENSBTAG00000038735-ENSBTAG00000019903",0.235878659824954,0.745913816474908
"vivo","ENSBTAG00000014737-ENSBTAG00000001462",0.235416221338344,0.453700539308493
"vivo","ENSBTAG00000005305-ENSBTAG00000020979",0.234279575104968,0.740857066588182
"vivo","ENSBTAG00000007446-ENSBTAG00000015591",0.234051009665842,0.740134279206144
"vivo","ENSBTAG00000011409-ENSBTAG00000001941",0.233914464078831,0.739702484146745
"vivo","ENSBTAG00000011851-ENSBTAG00000004917",0.232099879403299,0.733964263564826
"vivo","ENSBTAG00000005947-ENSBTAG00000013125",0.23116388791996,0.731004398606957
"vivo","ENSBTAG00000017564-ENSBTAG00000000561",0.230248097516268,0.728108415071963
"vivo","ENSBTAG00000011082-ENSBTAG00000021527",0.229940238907993,0.557872615948537
"vivo","ENSBTAG00000023652-ENSBTAG00000001694",0.229384858691682,0.394602876927791
"vivo","ENSBTAG00000013201-ENSBTAG00000020319",0.229188330620251,0.724757137891705
"vivo","ENSBTAG00000011412-ENSBTAG00000017266",0.229053740157639,0.724331525478514
"vivo","ENSBTAG00000001601-ENSBTAG00000011578",0.227945529899349,0.720827056935954
"vivo","ENSBTAG00000015789-ENSBTAG00000006732",0.226700059773553,0.485544976937981
"vivo","ENSBTAG00000010963-ENSBTAG00000003255",0.226666024394223,0.716780905261031
"vivo","ENSBTAG00000014127-ENSBTAG00000020319",0.225748212203381,0.713878528273703
"vivo","ENSBTAG00000005691-ENSBTAG00000011578",0.225714515369948,0.713771969530119
"vivo","ENSBTAG00000001725-ENSBTAG00000001338",0.225343213615256,0.712597810286074
"vivo","ENSBTAG00000005691-ENSBTAG00000024269",0.225095673409724,0.631754863657674
"vivo","ENSBTAG00000005260-ENSBTAG00000013745",0.22490839210077,0.711222783924654
"vivo","ENSBTAG00000005359-ENSBTAG00000008997",0.223724707210548,0.475885532884773
"vivo","ENSBTAG00000001244-ENSBTAG00000017060",0.223304851742327,0.612149097535289
"vivo","ENSBTAG00000023907-ENSBTAG00000013755",0.22207426331073,0.702260481765872
"vivo","ENSBTAG00000008121-ENSBTAG00000002606",0.222029662681179,0.702119442191414
"vivo","ENSBTAG00000013901-ENSBTAG00000014269",0.220210584845573,0.63210280454052
"vivo","ENSBTAG00000008096-ENSBTAG00000019733",0.219568236412494,0.694335728889798
"vivo","ENSBTAG00000004226-ENSBTAG00000026278",0.218792377646039,0.691882248045194
"vivo","ENSBTAG00000010963-ENSBTAG00000009024",0.217542135488062,0.687928635199222
"vivo","ENSBTAG00000025868-ENSBTAG00000013755",0.2169255325046,0.685978765359427
"vivo","ENSBTAG00000006538-ENSBTAG00000020704",0.214753133751036,0.679109037312052
"vivo","ENSBTAG00000009761-ENSBTAG00000002144",0.21454173544411,0.678440537168664
"vivo","ENSBTAG00000020556-ENSBTAG00000018517",0.214063294008069,0.470420980465542
"vivo","ENSBTAG00000020457-ENSBTAG00000019929",0.213826596325963,0.676179068711436
"vivo","ENSBTAG00000002880-ENSBTAG00000012687",0.213191292778301,0.674170062495237
"vivo","ENSBTAG00000014737-ENSBTAG00000011971",0.212228186779441,0.477646289356347
"vivo","ENSBTAG00000037533-ENSBTAG00000037735",0.212156826474305,0.647698493635127
"vivo","ENSBTAG00000018343-ENSBTAG00000004211",0.211499298391172,0.668819506443688
"vivo","ENSBTAG00000020406-ENSBTAG00000021527",0.210025591688905,0.446215089135972
"vivo","ENSBTAG00000007375-ENSBTAG00000015228",0.205456461294281,0.649710377688154
"vivo","ENSBTAG00000021105-ENSBTAG00000013205",0.204299178294605,0.646050727511786
"vivo","ENSBTAG00000025257-ENSBTAG00000014162",0.203363869192988,0.64309302043439
"vivo","ENSBTAG00000020676-ENSBTAG00000011578",0.203094827116984,0.433791230294714
"vivo","ENSBTAG00000004129-ENSBTAG00000014162",0.201988398264761,0.638743399445847
"vivo","ENSBTAG00000014737-ENSBTAG00000037649",0.200447250686625,0.557604624616807
"vivo","ENSBTAG00000025644-ENSBTAG00000011050",0.19991857075624,0.632198030155248
"vivo","ENSBTAG00000011851-ENSBTAG00000015510",0.199866836979657,0.632034433589285
"vivo","ENSBTAG00000014583-ENSBTAG00000012687",0.199791301515946,0.631795569479841
"vivo","ENSBTAG00000002006-ENSBTAG00000017866",0.19975511130606,0.631681125987601
"vivo","ENSBTAG00000005947-ENSBTAG00000017060",0.199253332456559,0.630094361941479
"vivo","ENSBTAG00000014051-ENSBTAG00000003777",0.198331915432777,0.627180585471476
"vivo","ENSBTAG00000008026-ENSBTAG00000007175",0.196975118902899,0.416200699830685
"vivo","ENSBTAG00000005077-ENSBTAG00000039292",0.196577015033843,0.621631103144105
"vivo","ENSBTAG00000015327-ENSBTAG00000011425",0.195230121591851,0.617371852101866
"vivo","ENSBTAG00000002317-ENSBTAG00000012119",0.194604581016637,0.39314872016763
"vivo","ENSBTAG00000010303-ENSBTAG00000017060",0.194506456863439,0.45939995451254
"vivo","ENSBTAG00000014583-ENSBTAG00000014600",0.193935661003035,0.613278408299886
"vivo","ENSBTAG00000005260-ENSBTAG00000019929",0.193748958347881,0.568418333642618
"vivo","ENSBTAG00000010161-ENSBTAG00000039292",0.19354795574367,0.548725371938325
"vivo","ENSBTAG00000002006-ENSBTAG00000017266",0.192933296631946,0.610108653841844
"vivo","ENSBTAG00000010123-ENSBTAG00000012314",0.190349368552054,0.601937555799319
"vivo","ENSBTAG00000020556-ENSBTAG00000017033",0.189664372398154,0.491739766284651
"vivo","ENSBTAG00000014075-ENSBTAG00000012887",0.189515500350512,0.599300633014058
"vivo","ENSBTAG00000011784-ENSBTAG00000000736",0.185794183096953,0.587532794596729
"vivo","ENSBTAG00000018347-ENSBTAG00000013205",0.184844390165315,0.522996807924566
"vivo","ENSBTAG00000011580-ENSBTAG00000046199",0.184102830238284,0.435934175551419
"vivo","ENSBTAG00000006655-ENSBTAG00000003255",0.183508781460184,0.496540636097174
"vivo","ENSBTAG00000005198-ENSBTAG00000019866",0.183466769492941,0.376186814065696
"vivo","ENSBTAG00000011082-ENSBTAG00000002402",0.183006267422063,0.57871663113959
"vivo","ENSBTAG00000020645-ENSBTAG00000011461",0.182199816952842,0.514006953832978
"vivo","ENSBTAG00000022120-ENSBTAG00000017060",0.180791484766262,0.406727666514778
"vivo","ENSBTAG00000015352-ENSBTAG00000012599",0.180763938666896,0.406650584863779
"vivo","ENSBTAG00000004362-ENSBTAG00000014357",0.180482043043827,0.570734332779043
"vivo","ENSBTAG00000001941-ENSBTAG00000006161",0.17907053960295,0.522786919017233
"vivo","ENSBTAG00000005198-ENSBTAG00000014064",0.178072685139693,0.56311527410345
"vivo","ENSBTAG00000025775-ENSBTAG00000002144",0.176210278711429,0.557225827861196
"vivo","ENSBTAG00000025775-ENSBTAG00000019903",0.175707109432666,0.555634666891679
"vivo","ENSBTAG00000000016-ENSBTAG00000024928",0.17492874941171,0.553173276385842
"vivo","ENSBTAG00000022635-ENSBTAG00000009757",0.174107436785651,0.550576057816442
"vivo","ENSBTAG00000017122-ENSBTAG00000011154",0.17354042600368,0.548783012287542
"vivo","ENSBTAG00000001460-ENSBTAG00000020661",0.172504115250299,0.545505909943133
"vivo","ENSBTAG00000017246-ENSBTAG00000014064",0.17203137882104,0.544010986093737
"vivo","ENSBTAG00000021316-ENSBTAG00000019289",0.171678297402041,0.370799788662647
"vivo","ENSBTAG00000020342-ENSBTAG00000035084",0.170933892737446,0.378647858436941
"vivo","ENSBTAG00000012210-ENSBTAG00000037735",0.169244704127619,0.474790413228533
"vivo","ENSBTAG00000015089-ENSBTAG00000002135",0.168385979872971,0.532483222437859
"vivo","ENSBTAG00000002006-ENSBTAG00000011154",0.167856586024739,0.530809132098165
"vivo","ENSBTAG00000013003-ENSBTAG00000021527",0.166862066639095,0.467499693220295
"vivo","ENSBTAG00000013472-ENSBTAG00000011578",0.163156601616047,0.515946476399416
"vivo","ENSBTAG00000017455-ENSBTAG00000013755",0.162893922659548,0.515115812603483
"vivo","ENSBTAG00000017280-ENSBTAG00000005397",0.162815049954048,0.514866395208886
"vivo","ENSBTAG00000025644-ENSBTAG00000020661",0.161683626711503,0.51128852076479
"vivo","ENSBTAG00000013066-ENSBTAG00000012687",0.160210509223687,0.506630114242267
"vivo","ENSBTAG00000017246-ENSBTAG00000010444",0.159916782681048,0.461572958239983
"vivo","ENSBTAG00000020194-ENSBTAG00000010543",0.159824270477389,0.482325910144434
"vivo","ENSBTAG00000008026-ENSBTAG00000047138",0.158624473793379,0.501614629832766
"vivo","ENSBTAG00000016515-ENSBTAG00000006359",0.157508980632882,0.342949545747118
"vivo","ENSBTAG00000013191-ENSBTAG00000015910",0.156552740240909,0.471821268324696
"vivo","ENSBTAG00000003837-ENSBTAG00000011761",0.155915983377641,0.44766811978557
"vivo","ENSBTAG00000023907-ENSBTAG00000015996",0.155723273189527,0.319688133736248
"vivo","ENSBTAG00000003585-ENSBTAG00000007213",0.155114321565145,0.314605420854941
"vivo","ENSBTAG00000005077-ENSBTAG00000014798",0.154310517880784,0.487972703423418
"vivo","ENSBTAG00000021945-ENSBTAG00000011741",0.153818403715346,0.347976276605159
"vivo","ENSBTAG00000005947-ENSBTAG00000018517",0.150741318126071,0.47668590277441
"vivo","ENSBTAG00000008300-ENSBTAG00000019929",0.150504367573827,0.32833381390693
"vivo","ENSBTAG00000017473-ENSBTAG00000018169",0.148797549353307,0.312184823504706
"vivo","ENSBTAG00000034077-ENSBTAG00000023731",0.148192569118247,0.407100437490042
"vivo","ENSBTAG00000014906-ENSBTAG00000011628",0.146645586227092,0.463734061288228
"vivo","ENSBTAG00000025471-ENSBTAG00000004211",0.146203475759792,0.35110594658736
"vivo","ENSBTAG00000014556-ENSBTAG00000026676",0.145412780220137,0.459835586393113
"vivo","ENSBTAG00000008452-ENSBTAG00000013909",0.144317168313976,0.456370957338046
"vivo","ENSBTAG00000015991-ENSBTAG00000024015",0.144214965158595,0.38276972683259
"vivo","ENSBTAG00000023907-ENSBTAG00000020644",0.144172046218442,0.455912040977342
"vivo","ENSBTAG00000013103-ENSBTAG00000001462",0.142762026414041,0.451453166849489
"vivo","ENSBTAG00000005111-ENSBTAG00000008997",0.142443057252403,0.314165742699001
"vivo","ENSBTAG00000005710-ENSBTAG00000009851",0.141071572106218,0.446107480956325
"vivo","ENSBTAG00000020457-ENSBTAG00000012599",0.140567745062981,0.444514239952909
"vivo","ENSBTAG00000005198-ENSBTAG00000011578",0.139452128038672,0.440986349159632
"vivo","ENSBTAG00000007148-ENSBTAG00000000898",0.138659669333178,0.438480374698642
"vivo","ENSBTAG00000013066-ENSBTAG00000002402",0.138435904401494,0.43777276785405
"vivo","ENSBTAG00000017280-ENSBTAG00000047793",0.138435904401494,0.43777276785405
"vivo","ENSBTAG00000008121-ENSBTAG00000015127",0.137874876383614,0.435998641486378
"vivo","ENSBTAG00000023600-ENSBTAG00000005910",0.137738555925772,0.435567558347923
"vivo","ENSBTAG00000000130-ENSBTAG00000014357",0.137489176163284,0.392700129532817
"vivo","ENSBTAG00000005339-ENSBTAG00000007213",0.137029323389919,0.43332476814393
"vivo","ENSBTAG00000006984-ENSBTAG00000021818",0.136083285020929,0.368606733369
"vivo","ENSBTAG00000005581-ENSBTAG00000014162",0.135900339750849,0.429754608403404
"vivo","ENSBTAG00000020221-ENSBTAG00000035084",0.135900339750849,0.429754608403404
"vivo","ENSBTAG00000005359-ENSBTAG00000018035",0.133874042917125,0.423346895193247
"vivo","ENSBTAG00000014583-ENSBTAG00000014567",0.13165530329644,0.416330624457024
"vivo","ENSBTAG00000038735-ENSBTAG00000017981",0.130447175782582,0.369265807429992
"vivo","ENSBTAG00000032436-ENSBTAG00000002144",0.126442919837581,0.305937181258993
"vivo","ENSBTAG00000011585-ENSBTAG00000015046",0.125506915234804,0.396887714243668
"vivo","ENSBTAG00000005947-ENSBTAG00000002402",0.124250203022379,0.369803515537208
"vivo","ENSBTAG00000023652-ENSBTAG00000003166",0.121108526816849,0.382978788808826
"vivo","ENSBTAG00000012228-ENSBTAG00000010146",0.120514184724778,0.381099314088571
"vivo","ENSBTAG00000025471-ENSBTAG00000010497",0.120400520820027,0.380739877261809
"vivo","ENSBTAG00000019716-ENSBTAG00000039292",0.118968355345034,0.376210972374574
"vivo","ENSBTAG00000010726-ENSBTAG00000025101",0.118627905361535,0.37513437499735
"vivo","ENSBTAG00000007740-ENSBTAG00000026676",0.118147883928861,0.373616413944405
"vivo","ENSBTAG00000003300-ENSBTAG00000002804",0.117835323389367,0.372628010732912
"vivo","ENSBTAG00000025257-ENSBTAG00000001338",0.117835323389367,0.372628010732912
"vivo","ENSBTAG00000005710-ENSBTAG00000011425",0.117499610217318,0.371566392468715
"vivo","ENSBTAG00000020645-ENSBTAG00000013674",0.117499610217317,0.371566392468715
"vivo","ENSBTAG00000019336-ENSBTAG00000002107",0.117139787552484,0.370428533294091
"vivo","ENSBTAG00000008817-ENSBTAG00000012897",0.11713807295511,0.370423111261119
"vivo","ENSBTAG00000020244-ENSBTAG00000015510",0.11713807295511,0.370423111261119
"vivo","ENSBTAG00000020645-ENSBTAG00000012848",0.115864833031685,0.366396773095238
"vivo","ENSBTAG00000017564-ENSBTAG00000019832",0.115180928228864,0.364234076215595
"vivo","ENSBTAG00000004237-ENSBTAG00000010444",0.114209621131233,0.361162533479591
"vivo","ENSBTAG00000017753-ENSBTAG00000015228",0.114209621131233,0.361162533479591
"vivo","ENSBTAG00000007737-ENSBTAG00000002144",0.113784418263859,0.298441752645904
"vivo","ENSBTAG00000005280-ENSBTAG00000048246",0.113721664355679,0.221634110003011
"vivo","ENSBTAG00000013760-ENSBTAG00000019289",0.107654699114507,0.317551791648766
"vivo","ENSBTAG00000014737-ENSBTAG00000015910",0.105418921437729,0.292847475832446
"vivo","ENSBTAG00000012444-ENSBTAG00000015127",0.104124255602208,0.329269807372525
"vivo","ENSBTAG00000011966-ENSBTAG00000019289",0.102506269882682,0.324153287277195
"vivo","ENSBTAG00000005691-ENSBTAG00000014357",0.0994435816048913,0.256264910963192
"vivo","ENSBTAG00000013103-ENSBTAG00000010682",0.099041458133123,0.232843013806328
"vivo","ENSBTAG00000008121-ENSBTAG00000011761",0.0976164896270702,0.308690444411742
"vivo","ENSBTAG00000018103-ENSBTAG00000014420",0.096951742943226,0.306588330823751
"vivo","ENSBTAG00000031444-ENSBTAG00000006360",0.0969432724572283,0.30656154479511
"vivo","ENSBTAG00000020457-ENSBTAG00000001060",0.0969432724572283,0.30656154479511
"vivo","ENSBTAG00000007737-ENSBTAG00000012599",0.0961146974789614,0.303941360651562
"vivo","ENSBTAG00000017753-ENSBTAG00000039292",0.0957943151540315,0.302928222782723
"vivo","ENSBTAG00000001321-ENSBTAG00000002144",0.095069972506364,0.300637650209697
"vivo","ENSBTAG00000005339-ENSBTAG00000001694",0.095069972506364,0.300637650209697
"vivo","ENSBTAG00000038221-ENSBTAG00000006359",0.0946584141838255,0.299336188520477
"vivo","ENSBTAG00000015991-ENSBTAG00000021527",0.0937118300419874,0.296342826635273
"vivo","ENSBTAG00000019839-ENSBTAG00000013755",0.0925548938686295,0.292684273220022
"vivo","ENSBTAG00000019694-ENSBTAG00000013745",0.091442343716183,0.289166080727124
"vivo","ENSBTAG00000017246-ENSBTAG00000002144",0.0888526981138843,0.280976902291222
"vivo","ENSBTAG00000020244-ENSBTAG00000006359",0.0888526981138843,0.280976902291221
"vivo","ENSBTAG00000016542-ENSBTAG00000017266",0.088272005149949,0.279140589903952
"vivo","ENSBTAG00000015742-ENSBTAG00000017060",0.0882720051499489,0.279140589903952
"vivo","ENSBTAG00000013103-ENSBTAG00000004885",0.0832994044817665,0.26341584589802
"vivo","ENSBTAG00000013898-ENSBTAG00000016159",0.0823840264105383,0.260521166272767
"vivo","ENSBTAG00000005691-ENSBTAG00000015127",0.0799773479071601,0.195786434960219
"vivo","ENSBTAG00000014583-ENSBTAG00000020667",0.079332766173111,0.250872234188591
"vivo","ENSBTAG00000000073-ENSBTAG00000000736",0.0749239764464885,0.236930416927712
"vivo","ENSBTAG00000005710-ENSBTAG00000015457",0.0743744682872916,0.235192719551804
"vivo","ENSBTAG00000010161-ENSBTAG00000014162",0.0743744682872916,0.235192719551804
"vivo","ENSBTAG00000000476-ENSBTAG00000003781",0.0738890395307494,0.193800376657804
"vivo","ENSBTAG00000047567-ENSBTAG00000019866",0.0725140451626873,0.229309545066407
"vivo","ENSBTAG00000013363-ENSBTAG00000009851",0.0717755397786341,0.185986773516121
"vivo","ENSBTAG00000000016-ENSBTAG00000016455",0.0688329121502948,0.163349017604443
"vivo","ENSBTAG00000013898-ENSBTAG00000047704",0.0629986430988221,0.15883520991428
"vivo","ENSBTAG00000018343-ENSBTAG00000010497",0.0627575736217045,0.158498088133952
"vivo","ENSBTAG00000005691-ENSBTAG00000014064",0.061636938388284,0.194913113306445
"vivo","ENSBTAG00000007737-ENSBTAG00000011909",0.061403022113566,0.194173405096555
"vivo","ENSBTAG00000011851-ENSBTAG00000013118",0.0612618657408911,0.193727029452654
"vivo","ENSBTAG00000011238-ENSBTAG00000017256",0.061261865740891,0.193727029452654
"vivo","ENSBTAG00000008300-ENSBTAG00000014357",0.0611837256060175,0.193479928649781
"vivo","ENSBTAG00000005481-ENSBTAG00000003166",0.061099797313005,0.193214524083732
"vivo","ENSBTAG00000005339-ENSBTAG00000000570",0.0610094129974533,0.192928703781833
"vivo","ENSBTAG00000013688-ENSBTAG00000019866",0.0610094129974533,0.192928703781833
"vivo","ENSBTAG00000025644-ENSBTAG00000012100",0.0607391491012882,0.19207405430064
"vivo","ENSBTAG00000017745-ENSBTAG00000018474",0.060739149101288,0.192074054300639
"vivo","ENSBTAG00000000016-ENSBTAG00000004211",0.0605657081756536,0.191525585936147
"vivo","ENSBTAG00000007897-ENSBTAG00000020704",0.0604283709689061,0.191091287555339
"vivo","ENSBTAG00000021105-ENSBTAG00000006240",0.0602773000414839,0.190613559336451
"vivo","ENSBTAG00000013472-ENSBTAG00000019929",0.0602773000414838,0.190613559336451
"vivo","ENSBTAG00000007319-ENSBTAG00000022799",0.0599248012108318,0.189498860159045
"vivo","ENSBTAG00000006686-ENSBTAG00000015910",0.0597174489575073,0.188843154760571
"vivo","ENSBTAG00000020645-ENSBTAG00000020199",0.0543855338720155,0.171982158799805
"vivo","ENSBTAG00000014465-ENSBTAG00000013125",0.0532445786159591,0.168374141482326
"vivo","ENSBTAG00000005581-ENSBTAG00000039292",0.0528748245977929,0.167204876610922
"vivo","ENSBTAG00000017866-ENSBTAG00000008008",0.0505308887481304,0.159792700636666
"vivo","ENSBTAG00000017753-ENSBTAG00000004334",0.050484487564707,0.159645967210921
"vivo","ENSBTAG00000008300-ENSBTAG00000011578",0.0504351863073196,0.159490062946067
"vivo","ENSBTAG00000021326-ENSBTAG00000014798",0.0504351863073196,0.159490062946067
"vivo","ENSBTAG00000012849-ENSBTAG00000019289",0.0504161198244168,0.159429769433125
"vivo","ENSBTAG00000020457-ENSBTAG00000013843",0.0503827043236491,0.159324100341544
"vivo","ENSBTAG00000002006-ENSBTAG00000015910",0.0498928724760581,0.157775116032668
"vivo","ENSBTAG00000017246-ENSBTAG00000006161",0.0497421711671723,0.157298556650221
"vivo","ENSBTAG00000014583-ENSBTAG00000011515",0.0496956674465084,0.15715149897325
"vivo","ENSBTAG00000019839-ENSBTAG00000019929",0.0495829788581944,0.156795146367869
"vivo","ENSBTAG00000009615-ENSBTAG00000013290",0.0494590214110489,0.156403158501949
"vivo","ENSBTAG00000014583-ENSBTAG00000004337",0.0493220158115722,0.155969908755406
"vivo","ENSBTAG00000004226-ENSBTAG00000021286",0.0483434043867395,0.152875267708672
"vivo","ENSBTAG00000011757-ENSBTAG00000022799",0.0456486772748811,0.144353792362593
"vivo","ENSBTAG00000000575-ENSBTAG00000012119",0.0455543618259661,0.14405554072548
"vivo","ENSBTAG00000020406-ENSBTAG00000047793",0.0455543618259661,0.14405554072548
"vivo","ENSBTAG00000001492-ENSBTAG00000003585",0.0446246809723749,0.141115631731082
"vivo","ENSBTAG00000006538-ENSBTAG00000017489",0.0433851065009201,0.137195753071885
"vivo","ENSBTAG00000001492-ENSBTAG00000007213",0.0418356384116014,0.132295904747889
"vivo","ENSBTAG00000006989-ENSBTAG00000011971",0.0319587684491252,0.101062499513163
"vivo","ENSBTAG00000004237-ENSBTAG00000011628",0.027454638044212,0.0868191885552205
"vivo","ENSBTAG00000015991-ENSBTAG00000005903",0.0242378427381744,0.0766467886216034
"vivo","ENSBTAG00000017122-ENSBTAG00000018052",0.0242378427381744,0.0766467886216034
"vivo","ENSBTAG00000010738-ENSBTAG00000014162",0.0239714928179747,0.0758045162191682
"vivo","ENSBTAG00000005198-ENSBTAG00000010543",0.023664165986975,0.0748326634471276
"vivo","ENSBTAG00000005691-ENSBTAG00000011154",0.0191294956269288,0.0424544171237954
"vivo","ENSBTAG00000005481-ENSBTAG00000022799",0.0188052228141009,0.0594673359995199
"vivo","ENSBTAG00000025644-ENSBTAG00000019021",0.0181131300645124,0.0572787465587317
"vivo","ENSBTAG00000021048-ENSBTAG00000016948",0.0147509362103127,0.0466465560444407
"vivo","ENSBTAG00000011104-ENSBTAG00000020979",0.0130190004097621,0.0411696941535138
"vivo","ENSBTAG00000032436-ENSBTAG00000018035",0.0129845586097363,0.0410607796187161
"vivo","ENSBTAG00000016542-ENSBTAG00000015910",0.0129475655652641,0.0409437973406001
"vivo","ENSBTAG00000020645-ENSBTAG00000010860",0.0129077269019864,0.040817816425706
"vivo","ENSBTAG00000011810-ENSBTAG00000003777",0.0129077269019864,0.040817816425706
"vivo","ENSBTAG00000025775-ENSBTAG00000017489",0.0128647011456464,0.0406817570376203
"vivo","ENSBTAG00000031998-ENSBTAG00000039292",0.0128647011456464,0.0406817570376203
"vivo","ENSBTAG00000000016-ENSBTAG00000015312",0.0128180899096115,0.0405343593671941
"vivo","ENSBTAG00000012398-ENSBTAG00000008008",0.012767425522617,0.0403741445080353
"vivo","ENSBTAG00000007737-ENSBTAG00000006161",0.0125850337294367,0.0397973710150633
"vivo","ENSBTAG00000015089-ENSBTAG00000015910",0.0125336391071403,0.0396348469491224
"vivo","ENSBTAG00000010161-ENSBTAG00000015133",0.0123789028218669,0.0391455278509851
"vivo","ENSBTAG00000001292-ENSBTAG00000032719",0.00677981615053831,0.0214396611528961
"vivo","ENSBTAG00000017060-ENSBTAG00000007103",0.00676614716636384,0.021396436029604
"vivo","ENSBTAG00000031998-ENSBTAG00000015708",0.00676614716636384,0.021396436029604
"vivo","ENSBTAG00000005339-ENSBTAG00000011971",0.00675862922506786,0.0213726622117932
"vivo","ENSBTAG00000025644-ENSBTAG00000020667",0.00675862922506786,0.0213726622117932
"vivo","ENSBTAG00000010738-ENSBTAG00000001338",0.00675059280506184,0.0213472488203405
"vivo","ENSBTAG00000011104-ENSBTAG00000023147",0.00675059280506184,0.0213472488203405
"vivo","ENSBTAG00000017312-ENSBTAG00000017136",0.00674198235505539,0.0213200201866411
"vivo","ENSBTAG00000007897-ENSBTAG00000023731",0.00673273409393734,0.021290774617112
"vivo","ENSBTAG00000008300-ENSBTAG00000013745",0.0067227744281179,0.0212592793883885
"vivo","ENSBTAG00000021105-ENSBTAG00000014031",0.0067227744281179,0.0212592793883885
"vivo","ENSBTAG00000017060-ENSBTAG00000010303",0.00671201798903293,0.0212252645413671
"vivo","ENSBTAG00000000016-ENSBTAG00000010497",0.00664210113498049,0.0210041680357278
"vivo","ENSBTAG00000007897-ENSBTAG00000017981",0.00647571353868913,0.0204780042570466
"vivo","ENSBTAG00000000130-ENSBTAG00000004211",0,0
"vivo","ENSBTAG00000000277-ENSBTAG00000027676",0,0
"vivo","ENSBTAG00000000283-ENSBTAG00000012771",0,0
"vivo","ENSBTAG00000001141-ENSBTAG00000013745",0,0
"vivo","ENSBTAG00000001141-ENSBTAG00000022799",0,0
"vivo","ENSBTAG00000001941-ENSBTAG00000011409",0,0
"vivo","ENSBTAG00000002006-ENSBTAG00000008165",0,0
"vivo","ENSBTAG00000002411-ENSBTAG00000007421",0,0
"vivo","ENSBTAG00000002473-ENSBTAG00000003777",0,0
"vivo","ENSBTAG00000003253-ENSBTAG00000007665",0,0
"vivo","ENSBTAG00000003253-ENSBTAG00000011434",0,0
"vivo","ENSBTAG00000003658-ENSBTAG00000000736",0,0
"vivo","ENSBTAG00000004129-ENSBTAG00000001338",0,0
"vivo","ENSBTAG00000004148-ENSBTAG00000003255",0,0
"vivo","ENSBTAG00000004362-ENSBTAG00000015996",0,0
"vivo","ENSBTAG00000005077-ENSBTAG00000003255",0,0
"vivo","ENSBTAG00000005077-ENSBTAG00000009851",0,0
"vivo","ENSBTAG00000005077-ENSBTAG00000015127",0,0
"vivo","ENSBTAG00000005077-ENSBTAG00000015910",0,0
"vivo","ENSBTAG00000005077-ENSBTAG00000034883",0,0
"vivo","ENSBTAG00000005108-ENSBTAG00000009851",0,0
"vivo","ENSBTAG00000005108-ENSBTAG00000010462",0,0
"vivo","ENSBTAG00000005108-ENSBTAG00000011154",0,0
"vivo","ENSBTAG00000005108-ENSBTAG00000015996",0,0
"vivo","ENSBTAG00000005111-ENSBTAG00000002081",0,0
"vivo","ENSBTAG00000005111-ENSBTAG00000011909",0,0
"vivo","ENSBTAG00000005260-ENSBTAG00000011578",0,0
"vivo","ENSBTAG00000005359-ENSBTAG00000011909",0,0
"vivo","ENSBTAG00000005691-ENSBTAG00000010543",0,0
"vivo","ENSBTAG00000005710-ENSBTAG00000014064",0,0
"vivo","ENSBTAG00000005898-ENSBTAG00000017851",0,0
"vivo","ENSBTAG00000006045-ENSBTAG00000011944",0,0
"vivo","ENSBTAG00000006276-ENSBTAG00000047138",0,0
"vivo","ENSBTAG00000006538-ENSBTAG00000017981",0,0
"vivo","ENSBTAG00000006538-ENSBTAG00000019903",0,0
"vivo","ENSBTAG00000007446-ENSBTAG00000003060",0,0
"vivo","ENSBTAG00000007446-ENSBTAG00000020979",0,0
"vivo","ENSBTAG00000007708-ENSBTAG00000025324",0,0
"vivo","ENSBTAG00000007708-ENSBTAG00000046199",0,0
"vivo","ENSBTAG00000007737-ENSBTAG00000002081",0,0
"vivo","ENSBTAG00000007737-ENSBTAG00000006240",0,0
"vivo","ENSBTAG00000007737-ENSBTAG00000006378",0,0
"vivo","ENSBTAG00000007740-ENSBTAG00000011154",0,0
"vivo","ENSBTAG00000007740-ENSBTAG00000012119",0,0
"vivo","ENSBTAG00000007773-ENSBTAG00000003418",0,0
"vivo","ENSBTAG00000007773-ENSBTAG00000010347",0,0
"vivo","ENSBTAG00000007897-ENSBTAG00000002144",0,0
"vivo","ENSBTAG00000007897-ENSBTAG00000017489",0,0
"vivo","ENSBTAG00000007897-ENSBTAG00000019903",0,0
"vivo","ENSBTAG00000008027-ENSBTAG00000017489",0,0
"vivo","ENSBTAG00000008027-ENSBTAG00000017981",0,0
"vivo","ENSBTAG00000008027-ENSBTAG00000047138",0,0
"vivo","ENSBTAG00000008237-ENSBTAG00000005273",0,0
"vivo","ENSBTAG00000008300-ENSBTAG00000008165",0,0
"vivo","ENSBTAG00000008300-ENSBTAG00000013125",0,0
"vivo","ENSBTAG00000008300-ENSBTAG00000018993",0,0
"vivo","ENSBTAG00000008300-ENSBTAG00000033669",0,0
"vivo","ENSBTAG00000008452-ENSBTAG00000009903",0,0
"vivo","ENSBTAG00000008611-ENSBTAG00000011761",0,0
"vivo","ENSBTAG00000009208-ENSBTAG00000044190",0,0
"vivo","ENSBTAG00000010123-ENSBTAG00000000736",0,0
"vivo","ENSBTAG00000010123-ENSBTAG00000005903",0,0
"vivo","ENSBTAG00000010123-ENSBTAG00000014269",0,0
"vivo","ENSBTAG00000010123-ENSBTAG00000018517",0,0
"vivo","ENSBTAG00000010303-ENSBTAG00000020892",0,0
"vivo","ENSBTAG00000010312-ENSBTAG00000014064",0,0
"vivo","ENSBTAG00000010312-ENSBTAG00000017753",0,0
"vivo","ENSBTAG00000010334-ENSBTAG00000046199",0,0
"vivo","ENSBTAG00000010361-ENSBTAG00000022799",0,0
"vivo","ENSBTAG00000010738-ENSBTAG00000003220",0,0
"vivo","ENSBTAG00000011082-ENSBTAG00000012687",0,0
"vivo","ENSBTAG00000011104-ENSBTAG00000017425",0,0
"vivo","ENSBTAG00000011238-ENSBTAG00000002951",0,0
"vivo","ENSBTAG00000011412-ENSBTAG00000015910",0,0
"vivo","ENSBTAG00000011412-ENSBTAG00000018169",0,0
"vivo","ENSBTAG00000011741-ENSBTAG00000015910",0,0
"vivo","ENSBTAG00000011757-ENSBTAG00000004334",0,0
"vivo","ENSBTAG00000011757-ENSBTAG00000007909",0,0
"vivo","ENSBTAG00000011757-ENSBTAG00000011578",0,0
"vivo","ENSBTAG00000011851-ENSBTAG00000010647",0,0
"vivo","ENSBTAG00000011851-ENSBTAG00000012771",0,0
"vivo","ENSBTAG00000011851-ENSBTAG00000018572",0,0
"vivo","ENSBTAG00000011966-ENSBTAG00000015910",0,0
"vivo","ENSBTAG00000011966-ENSBTAG00000018169",0,0
"vivo","ENSBTAG00000011966-ENSBTAG00000019929",0,0
"vivo","ENSBTAG00000012066-ENSBTAG00000019929",0,0
"vivo","ENSBTAG00000012413-ENSBTAG00000010543",0,0
"vivo","ENSBTAG00000012519-ENSBTAG00000031753",0,0
"vivo","ENSBTAG00000012829-ENSBTAG00000016933",0,0
"vivo","ENSBTAG00000012829-ENSBTAG00000017745",0,0
"vivo","ENSBTAG00000012849-ENSBTAG00000003585",0,0
"vivo","ENSBTAG00000013103-ENSBTAG00000011578",0,0
"vivo","ENSBTAG00000013103-ENSBTAG00000017866",0,0
"vivo","ENSBTAG00000013103-ENSBTAG00000019929",0,0
"vivo","ENSBTAG00000013155-ENSBTAG00000008165",0,0
"vivo","ENSBTAG00000013162-ENSBTAG00000002144",0,0
"vivo","ENSBTAG00000013191-ENSBTAG00000019929",0,0
"vivo","ENSBTAG00000013472-ENSBTAG00000008165",0,0
"vivo","ENSBTAG00000013472-ENSBTAG00000019289",0,0
"vivo","ENSBTAG00000013901-ENSBTAG00000019153",0,0
"vivo","ENSBTAG00000014113-ENSBTAG00000001338",0,0
"vivo","ENSBTAG00000014127-ENSBTAG00000039652",0,0
"vivo","ENSBTAG00000014583-ENSBTAG00000012100",0,0
"vivo","ENSBTAG00000014583-ENSBTAG00000020661",0,0
"vivo","ENSBTAG00000014737-ENSBTAG00000000802",0,0
"vivo","ENSBTAG00000015114-ENSBTAG00000008165",0,0
"vivo","ENSBTAG00000015114-ENSBTAG00000019929",0,0
"vivo","ENSBTAG00000015177-ENSBTAG00000010249",0,0
"vivo","ENSBTAG00000015509-ENSBTAG00000012687",0,0
"vivo","ENSBTAG00000015991-ENSBTAG00000000253",0,0
"vivo","ENSBTAG00000016208-ENSBTAG00000014944",0,0
"vivo","ENSBTAG00000016260-ENSBTAG00000011628",0,0
"vivo","ENSBTAG00000016542-ENSBTAG00000018169",0,0
"vivo","ENSBTAG00000016542-ENSBTAG00000019289",0,0
"vivo","ENSBTAG00000016542-ENSBTAG00000019569",0,0
"vivo","ENSBTAG00000016648-ENSBTAG00000015910",0,0
"vivo","ENSBTAG00000017060-ENSBTAG00000017846",0,0
"vivo","ENSBTAG00000017246-ENSBTAG00000006378",0,0
"vivo","ENSBTAG00000017246-ENSBTAG00000012599",0,0
"vivo","ENSBTAG00000017280-ENSBTAG00000017060",0,0
"vivo","ENSBTAG00000017455-ENSBTAG00000015910",0,0
"vivo","ENSBTAG00000017468-ENSBTAG00000013557",0,0
"vivo","ENSBTAG00000017582-ENSBTAG00000002699",0,0
"vivo","ENSBTAG00000017685-ENSBTAG00000007421",0,0
"vivo","ENSBTAG00000017745-ENSBTAG00000010423",0,0
"vivo","ENSBTAG00000017753-ENSBTAG00000020054",0,0
"vivo","ENSBTAG00000017753-ENSBTAG00000020979",0,0
"vivo","ENSBTAG00000018134-ENSBTAG00000010444",0,0
"vivo","ENSBTAG00000018200-ENSBTAG00000007626",0,0
"vivo","ENSBTAG00000018200-ENSBTAG00000020892",0,0
"vivo","ENSBTAG00000018255-ENSBTAG00000015127",0,0
"vivo","ENSBTAG00000019839-ENSBTAG00000015910",0,0
"vivo","ENSBTAG00000020194-ENSBTAG00000009155",0,0
"vivo","ENSBTAG00000020342-ENSBTAG00000007047",0,0
"vivo","ENSBTAG00000020457-ENSBTAG00000018035",0,0
"vivo","ENSBTAG00000020645-ENSBTAG00000014798",0,0
"vivo","ENSBTAG00000021048-ENSBTAG00000002144",0,0
"vivo","ENSBTAG00000021048-ENSBTAG00000017489",0,0
"vivo","ENSBTAG00000021048-ENSBTAG00000017981",0,0
"vivo","ENSBTAG00000021105-ENSBTAG00000000477",0,0
"vivo","ENSBTAG00000021105-ENSBTAG00000005273",0,0
"vivo","ENSBTAG00000021326-ENSBTAG00000039292",0,0
"vivo","ENSBTAG00000021499-ENSBTAG00000013732",0,0
"vivo","ENSBTAG00000021811-ENSBTAG00000003777",0,0
"vivo","ENSBTAG00000021811-ENSBTAG00000020148",0,0
"vivo","ENSBTAG00000022120-ENSBTAG00000008165",0,0
"vivo","ENSBTAG00000022514-ENSBTAG00000013730",0,0
"vivo","ENSBTAG00000022635-ENSBTAG00000018169",0,0
"vivo","ENSBTAG00000023907-ENSBTAG00000000782",0,0
"vivo","ENSBTAG00000023907-ENSBTAG00000013745",0,0
"vivo","ENSBTAG00000023907-ENSBTAG00000015910",0,0
"vivo","ENSBTAG00000023907-ENSBTAG00000019929",0,0
"vivo","ENSBTAG00000025410-ENSBTAG00000018343",0,0
"vivo","ENSBTAG00000025471-ENSBTAG00000012642",0,0
"vivo","ENSBTAG00000025471-ENSBTAG00000020054",0,0
"vivo","ENSBTAG00000025471-ENSBTAG00000024928",0,0
"vivo","ENSBTAG00000025644-ENSBTAG00000004588",0,0
"vivo","ENSBTAG00000025644-ENSBTAG00000011425",0,0
"vivo","ENSBTAG00000025644-ENSBTAG00000014567",0,0
"vivo","ENSBTAG00000025775-ENSBTAG00000017981",0,0
"vivo","ENSBTAG00000025868-ENSBTAG00000008165",0,0
"vivo","ENSBTAG00000030710-ENSBTAG00000013755",0,0
"vivo","ENSBTAG00000030710-ENSBTAG00000020979",0,0
"vivo","ENSBTAG00000032436-ENSBTAG00000012599",0,0
"vivo","ENSBTAG00000032436-ENSBTAG00000014064",0,0
"vivo","ENSBTAG00000034077-ENSBTAG00000003848",0,0
"vivo","ENSBTAG00000037533-ENSBTAG00000005397",0,0
"vivo","ENSBTAG00000038735-ENSBTAG00000002144",0,0
"vivo","ENSBTAG00000038735-ENSBTAG00000020704",0,0
"vivo","ENSBTAG00000040333-ENSBTAG00000013290",0,0
"vivo","ENSBTAG00000044040-ENSBTAG00000002804",0,0
"vivo","ENSBTAG00000045582-ENSBTAG00000012314",0,0
"vivo","ENSBTAG00000047567-ENSBTAG00000000570",0,0
"vivo","ENSBTAG00000047567-ENSBTAG00000001694",0,0
