"dataset","feature","mean_shap","sd_shap"
"vitro","ENSBTAG00000020406-ENSBTAG00000021527",0.0340241844534922,0.107136235647641
"vitro","ENSBTAG00000000283-ENSBTAG00000012771",0.0112020939631008,0.0234060204906014
"vitro","ENSBTAG00000000016-ENSBTAG00000016455",0.00954244968911807,0.0204775108675453
"vitro","ENSBTAG00000004630-ENSBTAG00000019929",0.00828519785902407,0.0176541144452335
"vitro","ENSBTAG00000000470-ENSBTAG00000019929",0.00821382184626317,0.0153162126367615
"vitro","ENSBTAG00000022120-ENSBTAG00000019929",0.00769199897032621,0.0122551574624135
"vitro","ENSBTAG00000009761-ENSBTAG00000012314",0.00758851615692327,0.0225960150701498
"vitro","ENSBTAG00000009357-ENSBTAG00000012771",0.0074522747034922,0.0175536987701839
"vitro","ENSBTAG00000015043-ENSBTAG00000022799",0.00737430375394701,0.0148960012649662
"vitro","ENSBTAG00000010123-ENSBTAG00000018517",0.00712655967054577,0.0221297632627153
"vitro","ENSBTAG00000008300-ENSBTAG00000001462",0.00708397472707924,0.0166794430997299
"vitro","ENSBTAG00000021316-ENSBTAG00000019929",0.00683892203423607,0.0141646636727359
"vitro","ENSBTAG00000031998-ENSBTAG00000015708",0.0067164487297246,0.0117905984581518
"vitro","ENSBTAG00000008300-ENSBTAG00000011741",0.0062541748602296,0.0169535459867374
"vitro","ENSBTAG00000020556-ENSBTAG00000018517",0.00605571428571429,0.0191297804779299
"vitro","ENSBTAG00000007737-ENSBTAG00000019832",0.00597005664282532,0.0179187315080202
"vitro","ENSBTAG00000008300-ENSBTAG00000015910",0.00588925643763858,0.0121993732745095
"vitro","ENSBTAG00000017280-ENSBTAG00000037735",0.00576594284798772,0.0143637937566674
"vitro","ENSBTAG00000020645-ENSBTAG00000021527",0.00505587402976126,0.00721113765445189
"vitro","ENSBTAG00000026236-ENSBTAG00000019929",0.00493391893779731,0.0100902724662721
"vitro","ENSBTAG00000020645-ENSBTAG00000011628",0.00468834538832232,0.0115215505820807
"vitro","ENSBTAG00000014113-ENSBTAG00000019428",0.00468370662037037,0.0112697096816846
"vitro","ENSBTAG00000012817-ENSBTAG00000022799",0.00457288044763851,0.0113719274420427
"vitro","ENSBTAG00000017122-ENSBTAG00000011741",0.00452525379857863,0.0141050143991892
"vitro","ENSBTAG00000000016-ENSBTAG00000015312",0.00439706484268865,0.0134780659548711
"vitro","ENSBTAG00000013760-ENSBTAG00000019929",0.00397865135903691,0.0122495879512562
"vitro","ENSBTAG00000032436-ENSBTAG00000012314",0.00382279539085123,0.0118089859032475
"vitro","ENSBTAG00000017280-ENSBTAG00000039292",0.00370504406272117,0.0106890000457799
"vitro","ENSBTAG00000017280-ENSBTAG00000005397",0.00361954825505041,0.00816467292122881
"vitro","ENSBTAG00000032436-ENSBTAG00000019832",0.00360012754297395,0.010031383190236
"vitro","ENSBTAG00000010738-ENSBTAG00000019428",0.00356371076510267,0.00718536418202259
"vitro","ENSBTAG00000001292-ENSBTAG00000034385",0.00343938674048072,0.00698731246145026
"vitro","ENSBTAG00000017280-ENSBTAG00000047793",0.00342455304720666,0.0078378500062713
"vitro","ENSBTAG00000008300-ENSBTAG00000033669",0.00322913218123452,0.00563996898027365
"vitro","ENSBTAG00000014575-ENSBTAG00000019929",0.00313411607142857,0.0096181187484729
"vitro","ENSBTAG00000020645-ENSBTAG00000014944",0.00299404155791205,0.00547427364892016
"vitro","ENSBTAG00000012398-ENSBTAG00000008008",0.00293800091901918,0.00839845763566949
"vitro","ENSBTAG00000017745-ENSBTAG00000015361",0.00278232166331628,0.00574335232993879
"vitro","ENSBTAG00000025644-ENSBTAG00000010986",0.00277113058357937,0.00357950923827875
"vitro","ENSBTAG00000020645-ENSBTAG00000012848",0.00266466761378763,0.00448169839568683
"vitro","ENSBTAG00000010663-ENSBTAG00000019929",0.00258058266478455,0.00536124205594117
"vitro","ENSBTAG00000017745-ENSBTAG00000016933",0.00254424396109455,0.00520352129359183
"vitro","ENSBTAG00000010303-ENSBTAG00000007103",0.00242415693435775,0.00387550124686619
"vitro","ENSBTAG00000008817-ENSBTAG00000019929",0.00241663182419433,0.00666566270990289
"vitro","ENSBTAG00000005250-ENSBTAG00000008008",0.00235677146002059,0.00372907209255401
"vitro","ENSBTAG00000016800-ENSBTAG00000007338",0.0023168761596621,0.00693403952323731
"vitro","ENSBTAG00000000442-ENSBTAG00000007348",0.00228617036792365,0.0061588805899046
"vitro","ENSBTAG00000017745-ENSBTAG00000010423",0.00222063435058021,0.00446599253096689
"vitro","ENSBTAG00000014465-ENSBTAG00000019929",0.00218274571562009,0.00507124139467831
"vitro","ENSBTAG00000020645-ENSBTAG00000005990",0.00207562484888715,0.00324020009005607
"vitro","ENSBTAG00000020645-ENSBTAG00000014600",0.00207153896074136,0.0032119638690111
"vitro","ENSBTAG00000014737-ENSBTAG00000015910",0.0020205135331704,0.00256583605121852
"vitro","ENSBTAG00000021466-ENSBTAG00000004885",0.00199143097099296,0.00555662940463254
"vitro","ENSBTAG00000017745-ENSBTAG00000018474",0.00193919164781043,0.00396920616813395
"vitro","ENSBTAG00000009565-ENSBTAG00000002804",0.00191779717180559,0.00565068193535891
"vitro","ENSBTAG00000009876-ENSBTAG00000020736",0.00187682349040715,0.00483402182774475
"vitro","ENSBTAG00000020645-ENSBTAG00000039292",0.00179303211253378,0.00318896719585758
"vitro","ENSBTAG00000032436-ENSBTAG00000010444",0.0017714874889905,0.0045221276728503
"vitro","ENSBTAG00000010673-ENSBTAG00000000815",0.00176816793683118,0.0040036969504602
"vitro","ENSBTAG00000025775-ENSBTAG00000016948",0.0017266710945121,0.00192711890020595
"vitro","ENSBTAG00000009212-ENSBTAG00000012314",0.00166433076332239,0.00391633071480565
"vitro","ENSBTAG00000021697-ENSBTAG00000019929",0.00161111123511905,0.00462270938627057
"vitro","ENSBTAG00000001292-ENSBTAG00000032007",0.0016064865437735,0.00486561685825152
"vitro","ENSBTAG00000012817-ENSBTAG00000007909",0.00155511720946607,0.00282323835392595
"vitro","ENSBTAG00000001764-ENSBTAG00000021190",0.00147448468877182,0.00223504636504709
"vitro","ENSBTAG00000034501-ENSBTAG00000005397",0.00146861472979842,0.00320780134194729
"vitro","ENSBTAG00000010303-ENSBTAG00000017060",0.00146369510629524,0.0026434810453112
"vitro","ENSBTAG00000000310-ENSBTAG00000022799",0.00145919972961222,0.00270366567765672
"vitro","ENSBTAG00000007338-ENSBTAG00000017593",0.00145811217436662,0.0023658933100668
"vitro","ENSBTAG00000015043-ENSBTAG00000007909",0.00145467923146381,0.00331232037607194
"vitro","ENSBTAG00000019665-ENSBTAG00000005273",0.00143981962906696,0.00226198695563422
"vitro","ENSBTAG00000007338-ENSBTAG00000004917",0.00143551022967115,0.00317015725182025
"vitro","ENSBTAG00000013066-ENSBTAG00000002402",0.00136051349916539,0.00274768764907304
"vitro","ENSBTAG00000020645-ENSBTAG00000011461",0.00134030454730841,0.00154775631681513
"vitro","ENSBTAG00000005850-ENSBTAG00000022799",0.00132160948123092,0.00214929992301834
"vitro","ENSBTAG00000011409-ENSBTAG00000001941",0.00127317628377788,0.00253328579705797
"vitro","ENSBTAG00000010161-ENSBTAG00000015133",0.00127157955123949,0.00180265726729967
"vitro","ENSBTAG00000015978-ENSBTAG00000039292",0.00127105932922931,0.00184035357632669
"vitro","ENSBTAG00000021316-ENSBTAG00000003585",0.00127070412600816,0.00385868601670313
"vitro","ENSBTAG00000014906-ENSBTAG00000008008",0.00124609430043123,0.00287279011997128
"vitro","ENSBTAG00000015978-ENSBTAG00000013290",0.00122084444240157,0.00230787202711
"vitro","ENSBTAG00000017866-ENSBTAG00000008008",0.00121833176357135,0.00262561630824759
"vitro","ENSBTAG00000007319-ENSBTAG00000022799",0.00119758498117142,0.00329178402303492
"vitro","ENSBTAG00000008237-ENSBTAG00000005273",0.00117819588056426,0.00218038542097495
"vitro","ENSBTAG00000005691-ENSBTAG00000027464",0.00116853581759944,0.00363779889057066
"vitro","ENSBTAG00000017664-ENSBTAG00000011154",0.00116034528406136,0.0023898012397963
"vitro","ENSBTAG00000031998-ENSBTAG00000039292",0.00115900471640709,0.00144723973425947
"vitro","ENSBTAG00000021807-ENSBTAG00000016247",0.00112444458858238,0.0026646041313571
"vitro","ENSBTAG00000045582-ENSBTAG00000012314",0.00109823047817236,0.00147141340832751
"vitro","ENSBTAG00000020645-ENSBTAG00000006208",0.00109650763918371,0.00169444717759864
"vitro","ENSBTAG00000008300-ENSBTAG00000014357",0.00108494465054313,0.00280215012456464
"vitro","ENSBTAG00000012004-ENSBTAG00000019929",0.00106252905556687,0.00318689941589532
"vitro","ENSBTAG00000017549-ENSBTAG00000002699",0.00105758018237134,0.00311842949000126
"vitro","ENSBTAG00000000073-ENSBTAG00000014611",0.0010506165769251,0.00171560249924438
"vitro","ENSBTAG00000021457-ENSBTAG00000011986",0.00104183132987529,0.00137562737610209
"vitro","ENSBTAG00000015114-ENSBTAG00000019929",0.00103180816663007,0.00294435809265103
"vitro","ENSBTAG00000020645-ENSBTAG00000014270",0.0010159164037753,0.00235674684186204
"vitro","ENSBTAG00000013162-ENSBTAG00000012314",0.000995756191659282,0.0021285875200711
"vitro","ENSBTAG00000020645-ENSBTAG00000020199",0.000978864771998803,0.00175632551548893
"vitro","ENSBTAG00000016648-ENSBTAG00000015910",0.000962818356089497,0.00266426561179682
"vitro","ENSBTAG00000020645-ENSBTAG00000017489",0.00095147783509561,0.00287291064201042
"vitro","ENSBTAG00000014737-ENSBTAG00000000782",0.000934701392906732,0.00106551839649014
"vitro","ENSBTAG00000017473-ENSBTAG00000018169",0.000905236679411747,0.00147660323765809
"vitro","ENSBTAG00000045582-ENSBTAG00000002144",0.000898639481046706,0.00161498803101293
"vitro","ENSBTAG00000015362-ENSBTAG00000011909",0.000888653176103234,0.0013194042745132
"vitro","ENSBTAG00000021457-ENSBTAG00000023147",0.000880016903159793,0.00169727118318688
"vitro","ENSBTAG00000004630-ENSBTAG00000003585",0.000878590805895494,0.00234801895466007
"vitro","ENSBTAG00000014737-ENSBTAG00000011971",0.000874174995953604,0.00171671724969918
"vitro","ENSBTAG00000005691-ENSBTAG00000024269",0.000868906496371133,0.00210499811029585
"vitro","ENSBTAG00000014583-ENSBTAG00000010986",0.000861157095576566,0.000809026390016453
"vitro","ENSBTAG00000011291-ENSBTAG00000006732",0.000858070738856649,0.00216544004189527
"vitro","ENSBTAG00000010123-ENSBTAG00000012314",0.000840673575583611,0.00247150573869476
"vitro","ENSBTAG00000005260-ENSBTAG00000019929",0.000834991820371241,0.00204138362601007
"vitro","ENSBTAG00000018773-ENSBTAG00000019866",0.000822707341269841,0.0024532955533077
"vitro","ENSBTAG00000010303-ENSBTAG00000020892",0.000821746812961588,0.00195827506511942
"vitro","ENSBTAG00000039355-ENSBTAG00000018993",0.000819318458353064,0.00161524336486483
"vitro","ENSBTAG00000017685-ENSBTAG00000007421",0.000806416666666667,0.00240090285872566
"vitro","ENSBTAG00000010303-ENSBTAG00000007626",0.000804761570594433,0.00122872899370263
"vitro","ENSBTAG00000004261-ENSBTAG00000017060",0.000804683205729621,0.00151707986989311
"vitro","ENSBTAG00000012398-ENSBTAG00000014357",0.000797880875812132,0.00194848724974329
"vitro","ENSBTAG00000015509-ENSBTAG00000012687",0.000791865921239223,0.00201156751622025
"vitro","ENSBTAG00000011585-ENSBTAG00000015046",0.00077713644126545,0.00218143973232372
"vitro","ENSBTAG00000007319-ENSBTAG00000007909",0.000776370871734537,0.00137542390671747
"vitro","ENSBTAG00000046421-ENSBTAG00000007213",0.000766474995057456,0.00187494133514079
"vitro","ENSBTAG00000015362-ENSBTAG00000006420",0.0007604518228588,0.000931809018737588
"vitro","ENSBTAG00000015978-ENSBTAG00000011628",0.000742193214567962,0.00155707023739559
"vitro","ENSBTAG00000025257-ENSBTAG00000019428",0.000723324995037016,0.00103864203805791
"vitro","ENSBTAG00000013191-ENSBTAG00000015910",0.000720485181282734,0.00132796457487631
"vitro","ENSBTAG00000001321-ENSBTAG00000013205",0.000711803708898705,0.000891377256839658
"vitro","ENSBTAG00000009972-ENSBTAG00000011909",0.000705729208978149,0.00175326026327745
"vitro","ENSBTAG00000007737-ENSBTAG00000007909",0.000695233010198722,0.00188129578696714
"vitro","ENSBTAG00000022120-ENSBTAG00000017060",0.000692759787388424,0.00170562291634161
"vitro","ENSBTAG00000021466-ENSBTAG00000015910",0.000691913633049227,0.00138153728655243
"vitro","ENSBTAG00000007244-ENSBTAG00000000253",0.000687611564168807,0.00133331413091461
"vitro","ENSBTAG00000014737-ENSBTAG00000000802",0.000682946017188175,0.00113720893298533
"vitro","ENSBTAG00000017746-ENSBTAG00000010462",0.000677998441163937,0.00175262271126962
"vitro","ENSBTAG00000014583-ENSBTAG00000014600",0.000659272923807128,0.00171367759496149
"vitro","ENSBTAG00000017664-ENSBTAG00000015910",0.000654038724070773,0.00103165785323126
"vitro","ENSBTAG00000010726-ENSBTAG00000025101",0.000644019827226548,0.00156126527122845
"vitro","ENSBTAG00000007273-ENSBTAG00000034385",0.00063415424761078,0.00155336552578457
"vitro","ENSBTAG00000000277-ENSBTAG00000011238",0.000629764831798567,0.00138009130616538
"vitro","ENSBTAG00000020645-ENSBTAG00000013674",0.000626720988063661,0.00194705017561545
"vitro","ENSBTAG00000003300-ENSBTAG00000002804",0.000625146107064425,0.00165619889607991
"vitro","ENSBTAG00000006295-ENSBTAG00000016948",0.000623978104824335,0.00095230939471053
"vitro","ENSBTAG00000014556-ENSBTAG00000026676",0.000622067303903697,0.00142715319763517
"vitro","ENSBTAG00000021048-ENSBTAG00000016948",0.000619464141870826,0.000567417638678273
"vitro","ENSBTAG00000007244-ENSBTAG00000015910",0.000610855238975373,0.00115717181614589
"vitro","ENSBTAG00000014737-ENSBTAG00000037649",0.000610774632962635,0.00116131566867061
"vitro","ENSBTAG00000012398-ENSBTAG00000012314",0.000610160207385207,0.00132429170746876
"vitro","ENSBTAG00000006505-ENSBTAG00000006240",0.000609946797065135,0.00101019548839257
"vitro","ENSBTAG00000007737-ENSBTAG00000011628",0.000606512335348881,0.00117146043288648
"vitro","ENSBTAG00000013191-ENSBTAG00000019929",0.000601232444156112,0.000985333920496296
"vitro","ENSBTAG00000013155-ENSBTAG00000019289",0.000600760140226736,0.000945997928544117
"vitro","ENSBTAG00000015362-ENSBTAG00000008997",0.000598719344619257,0.00108593907121276
"vitro","ENSBTAG00000015991-ENSBTAG00000010444",0.000592944223288251,0.00103922011929535
"vitro","ENSBTAG00000016542-ENSBTAG00000019569",0.00058737477682949,0.00137522490768655
"vitro","ENSBTAG00000010963-ENSBTAG00000000973",0.000586497214064512,0.000781126745503888
"vitro","ENSBTAG00000032808-ENSBTAG00000004211",0.00058427582180132,0.00101636409741598
"vitro","ENSBTAG00000021466-ENSBTAG00000019289",0.00058188076929849,0.00125031134926455
"vitro","ENSBTAG00000008237-ENSBTAG00000013205",0.000578923323766041,0.00143305368747744
"vitro","ENSBTAG00000019770-ENSBTAG00000012314",0.000577447523184264,0.00142508473652061
"vitro","ENSBTAG00000003658-ENSBTAG00000018517",0.000574510324721205,0.000816403497210502
"vitro","ENSBTAG00000009972-ENSBTAG00000024269",0.000571668562656873,0.00134255282616684
"vitro","ENSBTAG00000000073-ENSBTAG00000008849",0.000570085591416887,0.00112178077693851
"vitro","ENSBTAG00000005691-ENSBTAG00000015457",0.000568594278077412,0.00154262065184066
"vitro","ENSBTAG00000008300-ENSBTAG00000004356",0.000559935447454844,0.0012332818076059
"vitro","ENSBTAG00000001321-ENSBTAG00000005273",0.000542461394594297,0.00103561338483143
"vitro","ENSBTAG00000017664-ENSBTAG00000014357",0.000541332152174097,0.001374107808933
"vitro","ENSBTAG00000037899-ENSBTAG00000022799",0.000533720166619839,0.000924144504523484
"vitro","ENSBTAG00000002317-ENSBTAG00000026676",0.000532322423661672,0.00117371457823991
"vitro","ENSBTAG00000046421-ENSBTAG00000006240",0.000529029120351496,0.00138675853781356
"vitro","ENSBTAG00000009478-ENSBTAG00000018035",0.000526526920905398,0.00117719768979252
"vitro","ENSBTAG00000013103-ENSBTAG00000015910",0.00052591605763369,0.00152544916668303
"vitro","ENSBTAG00000012529-ENSBTAG00000012899",0.000523677278648008,0.000991269384672374
"vitro","ENSBTAG00000017473-ENSBTAG00000019289",0.000518763109920837,0.00101405516617772
"vitro","ENSBTAG00000007737-ENSBTAG00000006378",0.000518627634605101,0.00135232943904214
"vitro","ENSBTAG00000007244-ENSBTAG00000011741",0.000516829573115734,0.00105619922782854
"vitro","ENSBTAG00000004086-ENSBTAG00000019712",0.000510148365238691,0.00101471240000164
"vitro","ENSBTAG00000013155-ENSBTAG00000008373",0.000506133741108042,0.000950994598059202
"vitro","ENSBTAG00000017246-ENSBTAG00000010444",0.000505436486635282,0.000644223034422852
"vitro","ENSBTAG00000047567-ENSBTAG00000000570",0.000505177331349206,0.00107547341533655
"vitro","ENSBTAG00000010673-ENSBTAG00000006359",0.000502486601306749,0.00136327617269903
"vitro","ENSBTAG00000014465-ENSBTAG00000013755",0.000501828410943338,0.00118654354852851
"vitro","ENSBTAG00000003253-ENSBTAG00000007665",0.000500523284693787,0.00120448092438392
"vitro","ENSBTAG00000008300-ENSBTAG00000017266",0.000495239665216923,0.000531377814040573
"vitro","ENSBTAG00000016260-ENSBTAG00000011628",0.000490857530390237,0.00112523267413423
"vitro","ENSBTAG00000018103-ENSBTAG00000011154",0.000490363824242254,0.000841476350197642
"vitro","ENSBTAG00000017246-ENSBTAG00000019832",0.000488009750313809,0.000777353274394603
"vitro","ENSBTAG00000000016-ENSBTAG00000004211",0.000474751084152042,0.00132807740353203
"vitro","ENSBTAG00000012638-ENSBTAG00000017753",0.000468829781880706,0.000565364670605864
"vitro","ENSBTAG00000012228-ENSBTAG00000001814",0.000454893033703604,0.000672298283928946
"vitro","ENSBTAG00000011563-ENSBTAG00000010497",0.000454463897562088,0.00121388521756117
"vitro","ENSBTAG00000010738-ENSBTAG00000003220",0.000442490973665842,0.000679207228955202
"vitro","ENSBTAG00000013103-ENSBTAG00000017866",0.000440407400773693,0.00117980481341025
"vitro","ENSBTAG00000017473-ENSBTAG00000015910",0.000440135816943829,0.000835121595292959
"vitro","ENSBTAG00000007737-ENSBTAG00000018035",0.000438798059031755,0.00133730170176975
"vitro","ENSBTAG00000015362-ENSBTAG00000018105",0.000436728842238367,0.000732677948761186
"vitro","ENSBTAG00000003837-ENSBTAG00000011761",0.000436712871620415,0.000951625479345622
"vitro","ENSBTAG00000021316-ENSBTAG00000019289",0.000436552443000691,0.00104056843569955
"vitro","ENSBTAG00000010562-ENSBTAG00000011515",0.000435642118969354,0.000657214053778384
"vitro","ENSBTAG00000021333-ENSBTAG00000017801",0.000434992620074801,0.000604604917411112
"vitro","ENSBTAG00000011238-ENSBTAG00000017256",0.000434055469620571,0.00112951406531108
"vitro","ENSBTAG00000005198-ENSBTAG00000019866",0.000432414188259088,0.000806561160150222
"vitro","ENSBTAG00000011757-ENSBTAG00000007909",0.000431635601147586,0.000835765131237428
"vitro","ENSBTAG00000003300-ENSBTAG00000019929",0.000430945388638588,0.000961110023290642
"vitro","ENSBTAG00000026779-ENSBTAG00000007103",0.000426975890206494,0.000650270440217682
"vitro","ENSBTAG00000014737-ENSBTAG00000001462",0.000423611452346473,0.000570250348488571
"vitro","ENSBTAG00000013155-ENSBTAG00000010682",0.000422219295641291,0.000721098719570502
"vitro","ENSBTAG00000010361-ENSBTAG00000022799",0.000420043235814168,0.000728194196162429
"vitro","ENSBTAG00000023652-ENSBTAG00000005828",0.000418685476646116,0.00100358080379851
"vitro","ENSBTAG00000013718-ENSBTAG00000005072",0.000417824296400685,0.000568118895181285
"vitro","ENSBTAG00000005339-ENSBTAG00000015910",0.000417133343508344,0.000459436703008404
"vitro","ENSBTAG00000011802-ENSBTAG00000015910",0.000415565747890479,0.00102995420373041
"vitro","ENSBTAG00000004362-ENSBTAG00000015996",0.000413980671338525,0.000843221212163995
"vitro","ENSBTAG00000017753-ENSBTAG00000039292",0.000411296840587567,0.00120921263503604
"vitro","ENSBTAG00000034077-ENSBTAG00000018999",0.00040882228008039,0.00084571066046266
"vitro","ENSBTAG00000019267-ENSBTAG00000014357",0.000408731260831424,0.000626275710428694
"vitro","ENSBTAG00000004924-ENSBTAG00000031718",0.000406004594256284,0.000628422589906133
"vitro","ENSBTAG00000021217-ENSBTAG00000019289",0.00040359826615773,0.00125674735333183
"vitro","ENSBTAG00000007446-ENSBTAG00000008733",0.000399896730807676,0.000879122411365544
"vitro","ENSBTAG00000014583-ENSBTAG00000020661",0.000397984429012507,0.000976246737850513
"vitro","ENSBTAG00000009478-ENSBTAG00000006420",0.000393474315446005,0.000648536663883884
"vitro","ENSBTAG00000012228-ENSBTAG00000014966",0.000392132734547844,0.00100372279804713
"vitro","ENSBTAG00000020676-ENSBTAG00000017060",0.000390558085146916,0.000424911878559097
"vitro","ENSBTAG00000014583-ENSBTAG00000014567",0.000390314731256817,0.00061633603485103
"vitro","ENSBTAG00000007244-ENSBTAG00000019929",0.000389949278451434,0.000860656069733005
"vitro","ENSBTAG00000002317-ENSBTAG00000011154",0.000388970645014817,0.00103765192292511
"vitro","ENSBTAG00000019267-ENSBTAG00000011578",0.000384386596819271,0.000743396405519044
"vitro","ENSBTAG00000013363-ENSBTAG00000009851",0.000382699386934848,0.000674967479819933
"vitro","ENSBTAG00000004777-ENSBTAG00000014420",0.000380603624707931,0.000565554965172749
"vitro","ENSBTAG00000001941-ENSBTAG00000023144",0.000380039795143311,0.000745292083816804
"vitro","ENSBTAG00000037533-ENSBTAG00000037735",0.000379276363405698,0.000512296056925852
"vitro","ENSBTAG00000015089-ENSBTAG00000015910",0.000377485761048906,0.00091752819343972
"vitro","ENSBTAG00000022635-ENSBTAG00000015910",0.000375823765672674,0.000603436557580566
"vitro","ENSBTAG00000022635-ENSBTAG00000009757",0.000368212487226618,0.000540368014878624
"vitro","ENSBTAG00000006354-ENSBTAG00000017060",0.000366299758441835,0.000553889144134813
"vitro","ENSBTAG00000038735-ENSBTAG00000016948",0.000365264987071501,0.000624070739658399
"vitro","ENSBTAG00000000559-ENSBTAG00000020661",0.000362731383269496,0.000716693681994193
"vitro","ENSBTAG00000018134-ENSBTAG00000010444",0.000361808085173926,0.000892461078121317
"vitro","ENSBTAG00000038221-ENSBTAG00000006359",0.000361580024564508,0.000879970178239114
"vitro","ENSBTAG00000015991-ENSBTAG00000018993",0.00035866902600921,0.000668781296694507
"vitro","ENSBTAG00000012004-ENSBTAG00000019832",0.000356095610635352,0.000805080707840217
"vitro","ENSBTAG00000008300-ENSBTAG00000017489",0.000354444869366744,0.000653313186537058
"vitro","ENSBTAG00000002880-ENSBTAG00000013755",0.000352950788983422,0.00068950027762069
"vitro","ENSBTAG00000017060-ENSBTAG00000007103",0.000352514587562975,0.00061267931809616
"vitro","ENSBTAG00000015177-ENSBTAG00000010249",0.000350074979710614,0.000843506616479917
"vitro","ENSBTAG00000032436-ENSBTAG00000022799",0.000349295426957846,0.000973280614477102
"vitro","ENSBTAG00000010663-ENSBTAG00000015910",0.000348029173544,0.000684330552007065
"vitro","ENSBTAG00000007740-ENSBTAG00000015910",0.000347194883939539,0.000858058735061255
"vitro","ENSBTAG00000020676-ENSBTAG00000011578",0.00034236021797569,0.000868251651413067
"vitro","ENSBTAG00000017473-ENSBTAG00000017266",0.000340483302958529,0.000571663802504617
"vitro","ENSBTAG00000018463-ENSBTAG00000011578",0.000340307363060107,0.000927224056658557
"vitro","ENSBTAG00000004362-ENSBTAG00000014357",0.000339130388069533,0.00101340457014116
"vitro","ENSBTAG00000011966-ENSBTAG00000012897",0.000337631793573604,0.000992838246708431
"vitro","ENSBTAG00000004129-ENSBTAG00000014798",0.000332031394009217,0.000928321555531589
"vitro","ENSBTAG00000021499-ENSBTAG00000008849",0.000329803275537013,0.000779269496754497
"vitro","ENSBTAG00000009876-ENSBTAG00000006420",0.000329739357318868,0.00046204404339654
"vitro","ENSBTAG00000021302-ENSBTAG00000019289",0.000326816386100785,0.000524171026170664
"vitro","ENSBTAG00000017122-ENSBTAG00000019289",0.000326354698292059,0.000401112739669014
"vitro","ENSBTAG00000019694-ENSBTAG00000013745",0.000325572552417567,0.000791481791254257
"vitro","ENSBTAG00000011010-ENSBTAG00000009757",0.000324830753320363,0.000553226734101787
"vitro","ENSBTAG00000009478-ENSBTAG00000018114",0.000324421225692306,0.000702334583467342
"vitro","ENSBTAG00000040333-ENSBTAG00000013290",0.000323884992703801,0.000644011003480982
"vitro","ENSBTAG00000011851-ENSBTAG00000015510",0.00032286421984109,0.000595859489054505
"vitro","ENSBTAG00000017246-ENSBTAG00000012314",0.000321445935682457,0.000636047895354117
"vitro","ENSBTAG00000025644-ENSBTAG00000004588",0.000320842826150104,0.000652233703070271
"vitro","ENSBTAG00000016542-ENSBTAG00000018169",0.000320376948034698,0.000841190558709319
"vitro","ENSBTAG00000007897-ENSBTAG00000016948",0.000320340530469231,0.000554401612898579
"vitro","ENSBTAG00000000016-ENSBTAG00000024928",0.000319617203804047,0.000665556881371928
"vitro","ENSBTAG00000023907-ENSBTAG00000015996",0.000317668328565349,0.000647180951497474
"vitro","ENSBTAG00000016515-ENSBTAG00000015510",0.000312517252411331,0.000598809455361095
"vitro","ENSBTAG00000021316-ENSBTAG00000015910",0.000311461224691461,0.000398187990094206
"vitro","ENSBTAG00000017122-ENSBTAG00000011154",0.000308866346322932,0.000858828982967716
"vitro","ENSBTAG00000007737-ENSBTAG00000006240",0.000305264209328592,0.000638833633492034
"vitro","ENSBTAG00000011238-ENSBTAG00000002951",0.000303035145018206,0.000715837950590118
"vitro","ENSBTAG00000000793-ENSBTAG00000018169",0.000302674200943732,0.000759652382650891
"vitro","ENSBTAG00000017664-ENSBTAG00000019712",0.00030147212137049,0.00033250435037255
"vitro","ENSBTAG00000010963-ENSBTAG00000002414",0.000301467832958801,0.000489082195106301
"vitro","ENSBTAG00000013103-ENSBTAG00000019929",0.00030095869503741,0.000645815325343177
"vitro","ENSBTAG00000001141-ENSBTAG00000015910",0.000300235248281944,0.000801444181464105
"vitro","ENSBTAG00000025775-ENSBTAG00000020704",0.000299627922407207,0.000947506685390976
"vitro","ENSBTAG00000013191-ENSBTAG00000018052",0.000299242627948588,0.000528249909348546
"vitro","ENSBTAG00000014906-ENSBTAG00000015910",0.000297529166666667,0.000741773715280505
"vitro","ENSBTAG00000014921-ENSBTAG00000017745",0.000297495668381662,0.00069489823441244
"vitro","ENSBTAG00000025471-ENSBTAG00000024928",0.000295089940449479,0.000630668810824391
"vitro","ENSBTAG00000012849-ENSBTAG00000019929",0.000292831419378833,0.000667121115830426
"vitro","ENSBTAG00000010161-ENSBTAG00000014162",0.000290391129032258,0.000624130311869762
"vitro","ENSBTAG00000016542-ENSBTAG00000019289",0.000289971030866215,0.000635652251330611
"vitro","ENSBTAG00000008027-ENSBTAG00000016948",0.000288637517572969,0.000611723481774868
"vitro","ENSBTAG00000005691-ENSBTAG00000014064",0.000288520795317039,0.000453407370675296
"vitro","ENSBTAG00000019269-ENSBTAG00000019289",0.000288003511357272,0.000684143750414056
"vitro","ENSBTAG00000010991-ENSBTAG00000007348",0.000287688401980069,0.000534137882966193
"vitro","ENSBTAG00000013066-ENSBTAG00000012687",0.000287518070301513,0.000788182429192385
"vitro","ENSBTAG00000017312-ENSBTAG00000017136",0.000285114079720237,0.00056418595336241
"vitro","ENSBTAG00000000073-ENSBTAG00000012314",0.000284639849264137,0.000519966854111051
"vitro","ENSBTAG00000017866-ENSBTAG00000006240",0.000282471728219879,0.000595518241349745
"vitro","ENSBTAG00000011082-ENSBTAG00000002402",0.000280212389607624,0.000446186935871021
"vitro","ENSBTAG00000001725-ENSBTAG00000014798",0.00027912519414696,0.000607428238063621
"vitro","ENSBTAG00000002317-ENSBTAG00000014966",0.000278407452286089,0.000567409564174486
"vitro","ENSBTAG00000010562-ENSBTAG00000020755",0.00027755824102829,0.000511404925592144
"vitro","ENSBTAG00000005339-ENSBTAG00000015996",0.00027344788850081,0.000435902261403867
"vitro","ENSBTAG00000011851-ENSBTAG00000000782",0.000273425477475643,0.000694939636533128
"vitro","ENSBTAG00000010161-ENSBTAG00000039292",0.000267939058096811,0.000463031468009486
"vitro","ENSBTAG00000007737-ENSBTAG00000022799",0.000266403463971521,0.000537852918774698
"vitro","ENSBTAG00000034077-ENSBTAG00000023731",0.000264870598984455,0.000653047949495851
"vitro","ENSBTAG00000015362-ENSBTAG00000000231",0.000263577138638163,0.000359919558590304
"vitro","ENSBTAG00000022635-ENSBTAG00000012897",0.000257489063088734,0.000419634995353554
"vitro","ENSBTAG00000017246-ENSBTAG00000006240",0.000257113825586487,0.000772432241243207
"vitro","ENSBTAG00000007737-ENSBTAG00000012314",0.000256796641568361,0.000442567383731624
"vitro","ENSBTAG00000017246-ENSBTAG00000006378",0.000255813446480209,0.000535115179423668
"vitro","ENSBTAG00000001745-ENSBTAG00000015910",0.000255799128680155,0.000460318138315462
"vitro","ENSBTAG00000016515-ENSBTAG00000006359",0.000255449461867343,0.000661754719258368
"vitro","ENSBTAG00000012088-ENSBTAG00000015910",0.000254580074012139,0.000544578051183202
"vitro","ENSBTAG00000005481-ENSBTAG00000022799",0.000253069980701025,0.000357600955337417
"vitro","ENSBTAG00000002317-ENSBTAG00000012119",0.000253053545947795,0.000546425373065478
"vitro","ENSBTAG00000000277-ENSBTAG00000027676",0.00025301185924175,0.000372444703087601
"vitro","ENSBTAG00000011757-ENSBTAG00000004334",0.000251233959525134,0.000501440458075962
"vitro","ENSBTAG00000017753-ENSBTAG00000015228",0.000250526785714286,0.000653768681811543
"vitro","ENSBTAG00000014583-ENSBTAG00000011628",0.000249017059791505,0.000437940921489267
"vitro","ENSBTAG00000008452-ENSBTAG00000009903",0.000247317540322581,0.000487238906645423
"vitro","ENSBTAG00000008300-ENSBTAG00000013125",0.000246997642556472,0.000746778258501411
"vitro","ENSBTAG00000000575-ENSBTAG00000015910",0.000244900899597002,0.000331345407261669
"vitro","ENSBTAG00000023652-ENSBTAG00000001694",0.00024387144206142,0.000358812822096808
"vitro","ENSBTAG00000012817-ENSBTAG00000005397",0.000243868385789327,0.000296936929607848
"vitro","ENSBTAG00000016542-ENSBTAG00000015910",0.000241848410599603,0.000643769368394723
"vitro","ENSBTAG00000005691-ENSBTAG00000020644",0.000241683065679265,0.000661815537059104
"vitro","ENSBTAG00000007737-ENSBTAG00000010444",0.000241023463868072,0.000524023295313098
"vitro","ENSBTAG00000010138-ENSBTAG00000019866",0.000240808857287003,0.000372444673284841
"vitro","ENSBTAG00000011966-ENSBTAG00000019929",0.000240442881160621,0.000507876030595378
"vitro","ENSBTAG00000010123-ENSBTAG00000014269",0.000240130942279703,0.000424612544114188
"vitro","ENSBTAG00000023907-ENSBTAG00000013755",0.000239959142728669,0.000517091087846248
"vitro","ENSBTAG00000023907-ENSBTAG00000020644",0.000238488838672873,0.00035476878852659
"vitro","ENSBTAG00000025775-ENSBTAG00000019903",0.000237900261125099,0.00033099763794307
"vitro","ENSBTAG00000018200-ENSBTAG00000020892",0.000236728420985214,0.000369590678139835
"vitro","ENSBTAG00000009478-ENSBTAG00000002081",0.000236475685513401,0.000349447805507744
"vitro","ENSBTAG00000005947-ENSBTAG00000017060",0.000236150141766966,0.000499260340116121
"vitro","ENSBTAG00000007273-ENSBTAG00000032719",0.000235305205388454,0.000504732031580526
"vitro","ENSBTAG00000011851-ENSBTAG00000002699",0.000235115248474938,0.000439655454088734
"vitro","ENSBTAG00000004129-ENSBTAG00000014162",0.000234267375325614,0.000525195944821534
"vitro","ENSBTAG00000021302-ENSBTAG00000015910",0.000234062266525027,0.00044303810853708
"vitro","ENSBTAG00000013155-ENSBTAG00000008165",0.000233029232340435,0.0003233763544657
"vitro","ENSBTAG00000015114-ENSBTAG00000017489",0.00023289917243999,0.000378916131268161
"vitro","ENSBTAG00000005481-ENSBTAG00000003166",0.000229361432786498,0.000395347376753645
"vitro","ENSBTAG00000003658-ENSBTAG00000015910",0.000229156874877711,0.000452278040973676
"vitro","ENSBTAG00000009478-ENSBTAG00000014354",0.000228707220128468,0.000418798865663157
"vitro","ENSBTAG00000005260-ENSBTAG00000013755",0.000228375742010509,0.000602865374200358
"vitro","ENSBTAG00000014218-ENSBTAG00000005903",0.000228107347722414,0.000315826082496315
"vitro","ENSBTAG00000021326-ENSBTAG00000014798",0.000227719135926797,0.000302519507421696
"vitro","ENSBTAG00000016208-ENSBTAG00000015910",0.000227543736977055,0.000330683125992791
"vitro","ENSBTAG00000009972-ENSBTAG00000018105",0.000227266145507712,0.000440751205827657
"vitro","ENSBTAG00000011851-ENSBTAG00000012771",0.000225807019141586,0.000459309227039038
"vitro","ENSBTAG00000018103-ENSBTAG00000017753",0.000225113060586254,0.000447818012191414
"vitro","ENSBTAG00000006538-ENSBTAG00000002144",0.000224721718877901,0.000266104785760639
"vitro","ENSBTAG00000010663-ENSBTAG00000013745",0.00022281597433948,0.00035617059518715
"vitro","ENSBTAG00000015362-ENSBTAG00000018114",0.000222777860704265,0.00027726206339555
"vitro","ENSBTAG00000009615-ENSBTAG00000013290",0.000222485512235763,0.000703560965054271
"vitro","ENSBTAG00000000575-ENSBTAG00000011628",0.000221750935371281,0.00043471011117978
"vitro","ENSBTAG00000011757-ENSBTAG00000011578",0.000220007070538456,0.00049000721601878
"vitro","ENSBTAG00000013472-ENSBTAG00000019289",0.000219234437896856,0.000406317183458774
"vitro","ENSBTAG00000019964-ENSBTAG00000003166",0.000218334673964641,0.000439134151893535
"vitro","ENSBTAG00000007273-ENSBTAG00000011738",0.000217538461538462,0.000687917017150475
"vitro","ENSBTAG00000014906-ENSBTAG00000011515",0.000216491434709577,0.000463795707260542
"vitro","ENSBTAG00000004924-ENSBTAG00000039292",0.000215783488771237,0.000361048819355594
"vitro","ENSBTAG00000007148-ENSBTAG00000034848",0.000215473698273783,0.000681387662405046
"vitro","ENSBTAG00000003585-ENSBTAG00000007213",0.000215167275112728,0.000344175739195808
"vitro","ENSBTAG00000044040-ENSBTAG00000002804",0.000214670661359635,0.000514083811131675
"vitro","ENSBTAG00000004129-ENSBTAG00000003220",0.000213430746530882,0.000260909619519986
"vitro","ENSBTAG00000014921-ENSBTAG00000007101",0.000213187468379442,0.000252286394531519
"vitro","ENSBTAG00000001292-ENSBTAG00000032719",0.000211662425497807,0.000374336396886672
"vitro","ENSBTAG00000013103-ENSBTAG00000019289",0.000211294694552221,0.000387381085696854
"vitro","ENSBTAG00000006538-ENSBTAG00000019903",0.000208242206640429,0.000285435715436594
"vitro","ENSBTAG00000010963-ENSBTAG00000009024",0.000206921194430391,0.000480040841874748
"vitro","ENSBTAG00000039355-ENSBTAG00000011515",0.000206363734151818,0.00035700972364247
"vitro","ENSBTAG00000019839-ENSBTAG00000015910",0.000205952089923965,0.000458059293163621
"vitro","ENSBTAG00000004594-ENSBTAG00000019569",0.000205232712930547,0.000309988163413302
"vitro","ENSBTAG00000008817-ENSBTAG00000015910",0.000204441192816193,0.000437971299278558
"vitro","ENSBTAG00000005359-ENSBTAG00000008997",0.000204437679902413,0.000318899908308717
"vitro","ENSBTAG00000034077-ENSBTAG00000017846",0.000204179935097715,0.000361381181157215
"vitro","ENSBTAG00000005163-ENSBTAG00000006240",0.000203743902950499,0.000205554311120471
"vitro","ENSBTAG00000001745-ENSBTAG00000019289",0.000202778944530978,0.000269782415005661
"vitro","ENSBTAG00000005359-ENSBTAG00000018035",0.00020275148425039,0.000408771276582367
"vitro","ENSBTAG00000003176-ENSBTAG00000015910",0.000201315214706272,0.00047851163132107
"vitro","ENSBTAG00000006538-ENSBTAG00000016948",0.000201263863222708,0.000259686131504077
"vitro","ENSBTAG00000011851-ENSBTAG00000011425",0.000200719117791549,0.000411872017754851
"vitro","ENSBTAG00000006045-ENSBTAG00000034385",0.000200603162215322,0.000506857277847608
"vitro","ENSBTAG00000013103-ENSBTAG00000004885",0.000200168605699856,0.00039307077410116
"vitro","ENSBTAG00000038735-ENSBTAG00000019903",0.000199950577951376,0.000265545807494742
"vitro","ENSBTAG00000017746-ENSBTAG00000009851",0.000199727875553319,0.000424318968428941
"vitro","ENSBTAG00000003806-ENSBTAG00000016455",0.000199703893086774,0.000321799641968364
"vitro","ENSBTAG00000016515-ENSBTAG00000000815",0.000199383346739522,0.000326075610814952
"vitro","ENSBTAG00000010123-ENSBTAG00000014611",0.000198920695337656,0.000498463652322392
"vitro","ENSBTAG00000020406-ENSBTAG00000047793",0.00019866518694814,0.000355324965022187
"vitro","ENSBTAG00000013760-ENSBTAG00000003585",0.000198342762153812,0.000366575735958846
"vitro","ENSBTAG00000007148-ENSBTAG00000000898",0.000198288206484768,0.000397672882238358
"vitro","ENSBTAG00000001941-ENSBTAG00000006161",0.000198227732920692,0.000436503217738771
"vitro","ENSBTAG00000032436-ENSBTAG00000006240",0.000198033371501989,0.000565286310748205
"vitro","ENSBTAG00000007268-ENSBTAG00000015910",0.000196718225952601,0.000305646126927932
"vitro","ENSBTAG00000013103-ENSBTAG00000011578",0.00019634930805169,0.000441866893551405
"vitro","ENSBTAG00000007740-ENSBTAG00000026676",0.000195913673202002,0.000619533432088221
"vitro","ENSBTAG00000037899-ENSBTAG00000007909",0.000194080310345556,0.000281560659878336
"vitro","ENSBTAG00000009476-ENSBTAG00000013745",0.000193973353749712,0.000498638429790182
"vitro","ENSBTAG00000016043-ENSBTAG00000018035",0.000193530870297477,0.000352351902243454
"vitro","ENSBTAG00000010726-ENSBTAG00000012314",0.000193519976943346,0.000422110269025693
"vitro","ENSBTAG00000010738-ENSBTAG00000001338",0.000192524509803922,0.000460102844308096
"vitro","ENSBTAG00000005339-ENSBTAG00000019929",0.000192127362914863,0.000339315970044107
"vitro","ENSBTAG00000006295-ENSBTAG00000002144",0.000190814997135401,0.000363634968195391
"vitro","ENSBTAG00000006045-ENSBTAG00000011944",0.000190737605714924,0.000282295396909877
"vitro","ENSBTAG00000004129-ENSBTAG00000001338",0.000190473949302539,0.000451889976048523
"vitro","ENSBTAG00000015089-ENSBTAG00000023144",0.000190219582882209,0.000392885698984107
"vitro","ENSBTAG00000025471-ENSBTAG00000020054",0.000190046764282815,0.000328314053274717
"vitro","ENSBTAG00000000575-ENSBTAG00000013745",0.000189520441570503,0.000419776030084166
"vitro","ENSBTAG00000013688-ENSBTAG00000011971",0.000189323412607087,0.000405761425007857
"vitro","ENSBTAG00000025644-ENSBTAG00000014600",0.000189197465558937,0.00038282998259694
"vitro","ENSBTAG00000004630-ENSBTAG00000013745",0.000189098306700963,0.000319124205112497
"vitro","ENSBTAG00000005691-ENSBTAG00000019866",0.000188473762974443,0.000327755613591144
"vitro","ENSBTAG00000037533-ENSBTAG00000005397",0.000188417340814196,0.000418849687157125
"vitro","ENSBTAG00000034077-ENSBTAG00000003848",0.000187860612002245,0.000456639207237887
"vitro","ENSBTAG00000005359-ENSBTAG00000024269",0.000187532119606698,0.000489491537195874
"vitro","ENSBTAG00000009478-ENSBTAG00000000231",0.000186585862170767,0.000274295647503769
"vitro","ENSBTAG00000018255-ENSBTAG00000015127",0.000186337514736222,0.000393328886657631
"vitro","ENSBTAG00000021048-ENSBTAG00000017489",0.000185136237026862,0.000418043290320567
"vitro","ENSBTAG00000022635-ENSBTAG00000018169",0.00018294546099091,0.000393113139658644
"vitro","ENSBTAG00000008027-ENSBTAG00000007175",0.00018289314516129,0.000374899650393712
"vitro","ENSBTAG00000018343-ENSBTAG00000004211",0.000182811941742049,0.000302223496220697
"vitro","ENSBTAG00000012638-ENSBTAG00000014420",0.000180496855614715,0.000295330883092054
"vitro","ENSBTAG00000013066-ENSBTAG00000021527",0.000180135217114977,0.000442538661910669
"vitro","ENSBTAG00000005359-ENSBTAG00000019832",0.000179515398466056,0.000336803855769285
"vitro","ENSBTAG00000010334-ENSBTAG00000046199",0.000179270243536889,0.000427230014295201
"vitro","ENSBTAG00000014921-ENSBTAG00000018474",0.000178902273366533,0.000486117804112358
"vitro","ENSBTAG00000008611-ENSBTAG00000011761",0.000178242165486757,0.000353474211245355
"vitro","ENSBTAG00000023907-ENSBTAG00000019929",0.000178129643929644,0.000315682212637015
"vitro","ENSBTAG00000013155-ENSBTAG00000015910",0.000176817408103592,0.00028673838770541
"vitro","ENSBTAG00000014127-ENSBTAG00000039652",0.000175488631287184,0.000328619225708019
"vitro","ENSBTAG00000001141-ENSBTAG00000013745",0.000174633620689655,0.000397524037684797
"vitro","ENSBTAG00000020645-ENSBTAG00000014798",0.000174289773541414,0.000314444977419016
"vitro","ENSBTAG00000005339-ENSBTAG00000000570",0.000172260154024217,0.000291785422602106
"vitro","ENSBTAG00000008300-ENSBTAG00000018993",0.000172102080525009,0.000472654262158263
"vitro","ENSBTAG00000003832-ENSBTAG00000022799",0.000172042634225094,0.000260406635687479
"vitro","ENSBTAG00000032436-ENSBTAG00000002144",0.000171921071278248,0.000276475976033083
"vitro","ENSBTAG00000005198-ENSBTAG00000014064",0.000171680203716946,0.000354932548601058
"vitro","ENSBTAG00000005691-ENSBTAG00000026676",0.000170793127580035,0.000290101378997666
"vitro","ENSBTAG00000017246-ENSBTAG00000018035",0.000170450903130422,0.00033130818879653
"vitro","ENSBTAG00000005947-ENSBTAG00000013125",0.000169183616213221,0.000535005570017571
"vitro","ENSBTAG00000023907-ENSBTAG00000000782",0.000169002822750391,0.000505033526041043
"vitro","ENSBTAG00000014583-ENSBTAG00000026813",0.000168874003936252,0.000301628643593841
"vitro","ENSBTAG00000004226-ENSBTAG00000026278",0.000168494572150822,0.000426949747935591
"vitro","ENSBTAG00000012849-ENSBTAG00000019289",0.000168284944584605,0.000302424700367369
"vitro","ENSBTAG00000011757-ENSBTAG00000022799",0.000167832752426788,0.000261863079777071
"vitro","ENSBTAG00000006655-ENSBTAG00000003255",0.000167246284965035,0.00030126876849271
"vitro","ENSBTAG00000004777-ENSBTAG00000017753",0.000166433465327766,0.000336366191315905
"vitro","ENSBTAG00000007708-ENSBTAG00000046199",0.000166289272202486,0.000273402459770068
"vitro","ENSBTAG00000014218-ENSBTAG00000011761",0.000165479575766737,0.00023227275348198
"vitro","ENSBTAG00000001368-ENSBTAG00000015910",0.000163764343872611,0.000423620681884714
"vitro","ENSBTAG00000005691-ENSBTAG00000011154",0.00016367520480197,0.00033358808367292
"vitro","ENSBTAG00000021697-ENSBTAG00000005990",0.000163550022955802,0.000262820585956089
"vitro","ENSBTAG00000012228-ENSBTAG00000010146",0.000162531684312345,0.000344400369427978
"vitro","ENSBTAG00000006295-ENSBTAG00000017489",0.000162318944470417,0.000382835062876495
"vitro","ENSBTAG00000019993-ENSBTAG00000027516",0.00016137215426886,0.000291642742573434
"vitro","ENSBTAG00000015991-ENSBTAG00000011628",0.000161156586618511,0.000328139548476579
"vitro","ENSBTAG00000007273-ENSBTAG00000002144",0.000159502245484401,0.000378807378406862
"vitro","ENSBTAG00000011412-ENSBTAG00000012897",0.000159458062770563,0.000504250669633078
"vitro","ENSBTAG00000001941-ENSBTAG00000011409",0.000159352678610632,0.000325066021492329
"vitro","ENSBTAG00000000575-ENSBTAG00000011154",0.000159092810805095,0.000268596336848546
"vitro","ENSBTAG00000008027-ENSBTAG00000019903",0.000159039620657114,0.000208484087164484
"vitro","ENSBTAG00000013760-ENSBTAG00000015910",0.000158869048555759,0.000298255830668654
"vitro","ENSBTAG00000007737-ENSBTAG00000006161",0.00015794915033725,0.000366655055061205
"vitro","ENSBTAG00000011802-ENSBTAG00000017266",0.000157906382730057,0.000241392347921257
"vitro","ENSBTAG00000023907-ENSBTAG00000013745",0.000157776447754959,0.000392458637827283
"vitro","ENSBTAG00000014583-ENSBTAG00000011050",0.000157612620772947,0.000332856827657574
"vitro","ENSBTAG00000020457-ENSBTAG00000008997",0.000157048574462769,0.000255426203699187
"vitro","ENSBTAG00000007897-ENSBTAG00000023731",0.000156848321565307,0.000382044578727337
"vitro","ENSBTAG00000013103-ENSBTAG00000013745",0.000156435205317776,0.000426754737082766
"vitro","ENSBTAG00000006655-ENSBTAG00000008218",0.000155602770266652,0.000365382727194242
"vitro","ENSBTAG00000001141-ENSBTAG00000022799",0.000155412323037323,0.000439898580172422
"vitro","ENSBTAG00000047567-ENSBTAG00000019866",0.000155207961601326,0.000298206515287826
"vitro","ENSBTAG00000020221-ENSBTAG00000005903",0.00015393440330562,0.000374803141556803
"vitro","ENSBTAG00000018103-ENSBTAG00000014420",0.000153772175085872,0.000282275148812132
"vitro","ENSBTAG00000038045-ENSBTAG00000018572",0.000152877705627706,0.000483441753244291
"vitro","ENSBTAG00000019336-ENSBTAG00000011761",0.000152852598566308,0.000389631039448163
"vitro","ENSBTAG00000000575-ENSBTAG00000015127",0.000152585587933168,0.000223142171838412
"vitro","ENSBTAG00000017455-ENSBTAG00000015910",0.000152510299733145,0.000230308342907101
"vitro","ENSBTAG00000019993-ENSBTAG00000039292",0.000151854793325698,0.000218761130660443
"vitro","ENSBTAG00000020457-ENSBTAG00000018035",0.000151091840670126,0.000382649364789454
"vitro","ENSBTAG00000019269-ENSBTAG00000015910",0.000150588691734242,0.000349565489022176
"vitro","ENSBTAG00000016800-ENSBTAG00000000782",0.000150296328154051,0.000287607234546794
"vitro","ENSBTAG00000013688-ENSBTAG00000019866",0.000149581326642858,0.000251196350723957
"vitro","ENSBTAG00000000575-ENSBTAG00000015296",0.000148792927264892,0.000336486750257151
"vitro","ENSBTAG00000003835-ENSBTAG00000000231",0.000148592297755053,0.000379205601287725
"vitro","ENSBTAG00000009476-ENSBTAG00000015910",0.000148305303700913,0.000203831404132806
"vitro","ENSBTAG00000005250-ENSBTAG00000006240",0.000147752731034418,0.00032671499960744
"vitro","ENSBTAG00000001321-ENSBTAG00000002144",0.000147108994182105,0.000358410756020062
"vitro","ENSBTAG00000003837-ENSBTAG00000002606",0.000146590277889715,0.000255867543335231
"vitro","ENSBTAG00000000016-ENSBTAG00000010497",0.000145844914941856,0.000401807925896792
"vitro","ENSBTAG00000015991-ENSBTAG00000021190",0.00014582259659061,0.000313931289421775
"vitro","ENSBTAG00000001941-ENSBTAG00000014966",0.00014569249933384,0.000199622218968504
"vitro","ENSBTAG00000011851-ENSBTAG00000004917",0.000145488805229894,0.000279979143500338
"vitro","ENSBTAG00000002880-ENSBTAG00000012687",0.000145456308777429,0.000345961543408587
"vitro","ENSBTAG00000010138-ENSBTAG00000011971",0.000145456187188194,0.000256606489701144
"vitro","ENSBTAG00000014113-ENSBTAG00000014162",0.00014515620967662,0.000281136504973897
"vitro","ENSBTAG00000013103-ENSBTAG00000001462",0.00014454495153894,0.000322433735259355
"vitro","ENSBTAG00000007148-ENSBTAG00000020199",0.000144309243634922,0.000380262718469625
"vitro","ENSBTAG00000001492-ENSBTAG00000007213",0.000144142247251192,0.000374614088688361
"vitro","ENSBTAG00000017455-ENSBTAG00000019929",0.000144081850513426,0.000209400098966648
"vitro","ENSBTAG00000025471-ENSBTAG00000004211",0.000143673058369957,0.000258869627105772
"vitro","ENSBTAG00000001764-ENSBTAG00000026676",0.00014336982298264,0.000325668121633519
"vitro","ENSBTAG00000021879-ENSBTAG00000013755",0.000142909386200717,0.000444238141267583
"vitro","ENSBTAG00000010123-ENSBTAG00000005903",0.000142847966269841,0.000334376753885397
"vitro","ENSBTAG00000011966-ENSBTAG00000019289",0.000142004001572897,0.000236886177319104
"vitro","ENSBTAG00000013003-ENSBTAG00000021527",0.000140704368381832,0.000334749298200137
"vitro","ENSBTAG00000032808-ENSBTAG00000007498",0.000140037712515888,0.000225840406286182
"vitro","ENSBTAG00000009393-ENSBTAG00000039292",0.000138926289576975,0.000302073378137037
"vitro","ENSBTAG00000018343-ENSBTAG00000015312",0.000138014786117043,0.000291010963594206
"vitro","ENSBTAG00000022120-ENSBTAG00000015910",0.000137952976190476,0.000290970333668829
"vitro","ENSBTAG00000038735-ENSBTAG00000017981",0.000136597041847042,0.000288028819898744
"vitro","ENSBTAG00000008027-ENSBTAG00000012314",0.000136142149014778,0.000178692805359727
"vitro","ENSBTAG00000011966-ENSBTAG00000015910",0.000136004032258065,0.000286731441452502
"vitro","ENSBTAG00000003658-ENSBTAG00000000736",0.000135943602693603,0.000429891417840786
"vitro","ENSBTAG00000017664-ENSBTAG00000006161",0.000135780925918693,0.000273492203031541
"vitro","ENSBTAG00000023652-ENSBTAG00000003166",0.000135767952979585,0.000212124504773394
"vitro","ENSBTAG00000007740-ENSBTAG00000017266",0.00013563948509177,0.000428929713542446
"vitro","ENSBTAG00000016542-ENSBTAG00000017266",0.000134830118620415,0.000359538977072629
"vitro","ENSBTAG00000012829-ENSBTAG00000016933",0.000134745660247362,0.000217039797989337
"vitro","ENSBTAG00000017122-ENSBTAG00000000782",0.000134250348323791,0.000268851501138399
"vitro","ENSBTAG00000017753-ENSBTAG00000020054",0.000134035172141926,0.000267585029732701
"vitro","ENSBTAG00000016177-ENSBTAG00000011628",0.000133930750366634,0.000241019708781713
"vitro","ENSBTAG00000012413-ENSBTAG00000015457",0.00013373542352019,0.000176258747181373
"vitro","ENSBTAG00000007740-ENSBTAG00000007909",0.00013333907706935,0.00021208368835402
"vitro","ENSBTAG00000000130-ENSBTAG00000014357",0.000132712805895439,0.000321626840230271
"vitro","ENSBTAG00000020238-ENSBTAG00000004739",0.000132387626262626,0.000418646433013024
"vitro","ENSBTAG00000013103-ENSBTAG00000010682",0.000132375224595296,0.000339994994155454
"vitro","ENSBTAG00000002317-ENSBTAG00000018052",0.00013151289082618,0.000283488593177553
"vitro","ENSBTAG00000005947-ENSBTAG00000015910",0.000130555513581975,0.000274464979669454
"vitro","ENSBTAG00000017246-ENSBTAG00000022799",0.000130426519660895,0.000262891574234424
"vitro","ENSBTAG00000015991-ENSBTAG00000000253",0.000130399878392217,0.000275636213757119
"vitro","ENSBTAG00000013162-ENSBTAG00000002144",0.000129653753762496,0.000211736809778703
"vitro","ENSBTAG00000005947-ENSBTAG00000019712",0.000129376576220127,0.000409124656729981
"vitro","ENSBTAG00000025471-ENSBTAG00000010497",0.000129169567407093,0.000223090800249639
"vitro","ENSBTAG00000012057-ENSBTAG00000005072",0.000128903711249921,0.000222297872538337
"vitro","ENSBTAG00000025644-ENSBTAG00000011628",0.000128658575391061,0.000258646450139954
"vitro","ENSBTAG00000009972-ENSBTAG00000018114",0.000128151368584141,0.000272218289259645
"vitro","ENSBTAG00000012066-ENSBTAG00000013569",0.000127916666666667,0.000304049635019606
"vitro","ENSBTAG00000021499-ENSBTAG00000008036",0.000127725745439771,0.000208576778869497
"vitro","ENSBTAG00000010820-ENSBTAG00000002107",0.000127363755556218,0.00020461530614185
"vitro","ENSBTAG00000002302-ENSBTAG00000017256",0.000126635915566729,0.000189172160401688
"vitro","ENSBTAG00000002006-ENSBTAG00000017866",0.000126567675925926,0.00017318578329963
"vitro","ENSBTAG00000012164-ENSBTAG00000010498",0.000126555548315481,0.000190001473574483
"vitro","ENSBTAG00000017280-ENSBTAG00000017060",0.000126436275921659,0.000273090738891116
"vitro","ENSBTAG00000012210-ENSBTAG00000037735",0.000126334330687539,0.000195375328672832
"vitro","ENSBTAG00000005198-ENSBTAG00000027464",0.000126151712870463,0.000192917648238414
"vitro","ENSBTAG00000019866-ENSBTAG00000000782",0.000126070952118818,0.000341384031029646
"vitro","ENSBTAG00000017664-ENSBTAG00000011578",0.000125097264816253,0.000395592285876603
"vitro","ENSBTAG00000007375-ENSBTAG00000015228",0.000124915244149006,0.000235598360184993
"vitro","ENSBTAG00000032436-ENSBTAG00000007909",0.000124799185333555,0.000284044512852209
"vitro","ENSBTAG00000014583-ENSBTAG00000011515",0.000124351074645083,0.000202547943250641
"vitro","ENSBTAG00000017122-ENSBTAG00000015910",0.000124112772175554,0.000212320591183005
"vitro","ENSBTAG00000009476-ENSBTAG00000019289",0.000123975063131313,0.00021521330309727
"vitro","ENSBTAG00000020194-ENSBTAG00000010543",0.00012356756098394,0.000269860653216363
"vitro","ENSBTAG00000007740-ENSBTAG00000013320",0.000123407699377828,0.000390249410835281
"vitro","ENSBTAG00000004148-ENSBTAG00000003255",0.000123148815135482,0.000366325413899166
"vitro","ENSBTAG00000002473-ENSBTAG00000003777",0.000123129053676979,0.000286653829878189
"vitro","ENSBTAG00000014575-ENSBTAG00000019289",0.000123004951765189,0.000200397437738107
"vitro","ENSBTAG00000013760-ENSBTAG00000019289",0.00012247654601441,0.000243263044941403
"vitro","ENSBTAG00000008300-ENSBTAG00000001882",0.000122128840161449,0.000249874317005915
"vitro","ENSBTAG00000025471-ENSBTAG00000012642",0.000122008101825418,0.000164940908434166
"vitro","ENSBTAG00000008300-ENSBTAG00000011578",0.000121846571187468,0.000257418159437799
"vitro","ENSBTAG00000037778-ENSBTAG00000039292",0.000121354300263514,0.000194851788930576
"vitro","ENSBTAG00000012004-ENSBTAG00000015910",0.000121079883658009,0.000228060294982274
"vitro","ENSBTAG00000008096-ENSBTAG00000013674",0.000121076187055282,0.000250311401652304
"vitro","ENSBTAG00000008096-ENSBTAG00000019733",0.000121065760728663,0.000207811297060106
"vitro","ENSBTAG00000015362-ENSBTAG00000002081",0.000120301797739298,0.000226211049223387
"vitro","ENSBTAG00000010738-ENSBTAG00000014162",0.000120208333333333,0.000253878194675087
"vitro","ENSBTAG00000032436-ENSBTAG00000006378",0.000119757229826368,0.000258496632314603
"vitro","ENSBTAG00000007708-ENSBTAG00000000244",0.000119470459689861,0.000209056069523902
"vitro","ENSBTAG00000006538-ENSBTAG00000020704",0.000118907239502103,0.000219501446690594
"vitro","ENSBTAG00000015789-ENSBTAG00000006732",0.000118724348660485,0.000143100663530089
"vitro","ENSBTAG00000014575-ENSBTAG00000003585",0.000118419665176012,0.000169276086810749
"vitro","ENSBTAG00000012066-ENSBTAG00000019929",0.000117569754464286,0.000260891617816869
"vitro","ENSBTAG00000000073-ENSBTAG00000018517",0.000116583401084011,0.000317214759593165
"vitro","ENSBTAG00000010303-ENSBTAG00000011628",0.000115724700446188,0.00020008080004971
"vitro","ENSBTAG00000008817-ENSBTAG00000017266",0.000115679251990842,0.0001656693515535
"vitro","ENSBTAG00000025257-ENSBTAG00000001338",0.000115578125,0.000243757390045559
"vitro","ENSBTAG00000007897-ENSBTAG00000039292",0.000115525768213268,0.000155897819638654
"vitro","ENSBTAG00000007153-ENSBTAG00000012219",0.00011545776493913,0.000254527746342279
"vitro","ENSBTAG00000021945-ENSBTAG00000011741",0.000115369768246715,0.000245362625227196
"vitro","ENSBTAG00000007737-ENSBTAG00000014064",0.000114873021915156,0.0002073135462109
"vitro","ENSBTAG00000013201-ENSBTAG00000020319",0.000113976686507937,0.00019747475185155
"vitro","ENSBTAG00000025644-ENSBTAG00000019021",0.000113501939704561,0.000256875056636738
"vitro","ENSBTAG00000008027-ENSBTAG00000017489",0.00011345697167756,0.000270248177965066
"vitro","ENSBTAG00000015327-ENSBTAG00000011425",0.000113290439568386,0.000287901349428528
"vitro","ENSBTAG00000015742-ENSBTAG00000007103",0.000113,0.000338454001470083
"vitro","ENSBTAG00000020221-ENSBTAG00000006835",0.000112446809970265,0.000182081737078836
"vitro","ENSBTAG00000007773-ENSBTAG00000010347",0.000111262822608526,0.000131225203264584
"vitro","ENSBTAG00000025644-ENSBTAG00000011515",0.000110369452022554,0.00026984818000673
"vitro","ENSBTAG00000019964-ENSBTAG00000005828",0.000110284035776476,0.000348748742609161
"vitro","ENSBTAG00000008300-ENSBTAG00000013745",0.000110133436498801,0.000264838007286546
"vitro","ENSBTAG00000015801-ENSBTAG00000015510",0.000109619880511514,0.000266616463696288
"vitro","ENSBTAG00000006295-ENSBTAG00000017981",0.000109440029437036,0.000230889205358697
"vitro","ENSBTAG00000012109-ENSBTAG00000013674",0.000109396067040598,0.000209871050970445
"vitro","ENSBTAG00000020457-ENSBTAG00000024269",0.000109022270114943,0.000344758689245325
"vitro","ENSBTAG00000008121-ENSBTAG00000015127",0.000108906209235697,0.000246120886608637
"vitro","ENSBTAG00000025775-ENSBTAG00000002144",0.000108532886057059,0.000251098864616136
"vitro","ENSBTAG00000008027-ENSBTAG00000020704",0.000108068793402778,0.000178472046010434
"vitro","ENSBTAG00000000575-ENSBTAG00000019289",0.000108012155012155,0.000341564424821582
"vitro","ENSBTAG00000015991-ENSBTAG00000024015",0.00010797266313933,0.00022964885132627
"vitro","ENSBTAG00000005108-ENSBTAG00000015996",0.000107583978641091,0.000229509667219236
"vitro","ENSBTAG00000023907-ENSBTAG00000015910",0.000107563911165715,0.000147358867675946
"vitro","ENSBTAG00000005077-ENSBTAG00000015910",0.000107452652266715,0.000339795121788873
"vitro","ENSBTAG00000011104-ENSBTAG00000023147",0.000106970603298688,0.000149833157915269
"vitro","ENSBTAG00000018103-ENSBTAG00000006240",0.00010689088586018,0.000173450816649412
"vitro","ENSBTAG00000019716-ENSBTAG00000003220",0.000106684588514208,0.000337366290942736
"vitro","ENSBTAG00000008026-ENSBTAG00000047138",0.000106442307692308,0.000191772995975804
"vitro","ENSBTAG00000007740-ENSBTAG00000011154",0.000106317408660174,0.000244584144078837
"vitro","ENSBTAG00000005108-ENSBTAG00000001060",0.000106293311146079,0.000148355055413394
"vitro","ENSBTAG00000005077-ENSBTAG00000001060",0.000105815938013136,0.000308555536679253
"vitro","ENSBTAG00000015991-ENSBTAG00000005903",0.000105811222585767,0.000249843636527753
"vitro","ENSBTAG00000009357-ENSBTAG00000012119",0.000105272916666667,0.000264337138829102
"vitro","ENSBTAG00000022120-ENSBTAG00000013745",0.000105014638241777,0.000332085444502634
"vitro","ENSBTAG00000011082-ENSBTAG00000021527",0.000104857832570772,0.000222685722245702
"vitro","ENSBTAG00000006354-ENSBTAG00000025101",0.000104373366785687,0.000212791041124088
"vitro","ENSBTAG00000014906-ENSBTAG00000011578",0.000104318935529823,0.000179294289757483
"vitro","ENSBTAG00000025644-ENSBTAG00000010785",0.000104256490768004,0.000221784943402418
"vitro","ENSBTAG00000002006-ENSBTAG00000011154",0.000104125542482879,0.000248693702842041
"vitro","ENSBTAG00000019604-ENSBTAG00000009851",0.000103769230769231,0.000286275911097819
"vitro","ENSBTAG00000010963-ENSBTAG00000003255",0.000103686591435185,0.000255685673128596
"vitro","ENSBTAG00000007897-ENSBTAG00000017981",0.00010355236555078,0.000227378775442344
"vitro","ENSBTAG00000010312-ENSBTAG00000014064",0.000103283076414326,0.000195617917780242
"vitro","ENSBTAG00000000575-ENSBTAG00000012119",0.000103213359298289,0.000295556734609963
"vitro","ENSBTAG00000020221-ENSBTAG00000002107",0.000102375523928006,0.0003114237968873
"vitro","ENSBTAG00000011104-ENSBTAG00000017425",0.00010233086541068,0.000244593985222582
"vitro","ENSBTAG00000005260-ENSBTAG00000005990",0.000102242051260544,0.000224023771064236
"vitro","ENSBTAG00000005359-ENSBTAG00000011909",0.000102019405165913,0.000267630991196972
"vitro","ENSBTAG00000014075-ENSBTAG00000012887",0.000101629914529915,0.00018698355202176
"vitro","ENSBTAG00000020645-ENSBTAG00000010860",0.000101051039956212,0.000166138751930226
"vitro","ENSBTAG00000016648-ENSBTAG00000017266",0.000100794519966811,0.000217628733337413
"vitro","ENSBTAG00000007737-ENSBTAG00000012599",0.000100696920541572,0.000170770333548417
"vitro","ENSBTAG00000005710-ENSBTAG00000015457",0.000100617610884396,0.000168755163151
"vitro","ENSBTAG00000007737-ENSBTAG00000045633",0.000100589383297751,0.000162735569128097
"vitro","ENSBTAG00000016208-ENSBTAG00000038141",0.000100305690790099,0.000212569592960123
"vitro","ENSBTAG00000007740-ENSBTAG00000012119",0.000100117797144497,0.000316600273295313
"vitro","ENSBTAG00000004226-ENSBTAG00000021286",0.000100056360708535,0.000168190568932403
"vitro","ENSBTAG00000017866-ENSBTAG00000014031",0.000100015817612027,0.000186537836560368
"vitro","ENSBTAG00000005198-ENSBTAG00000011578",9.99796334715867e-05,0.000316163361399022
"vitro","ENSBTAG00000021105-ENSBTAG00000014031",9.95928529719098e-05,0.000245591275064507
"vitro","ENSBTAG00000009357-ENSBTAG00000011154",9.87650224588733e-05,0.00020823443482622
"vitro","ENSBTAG00000025471-ENSBTAG00000006378",9.84383433283358e-05,0.000227074238429382
"vitro","ENSBTAG00000002278-ENSBTAG00000015910",9.82927250889207e-05,0.000212541031369259
"vitro","ENSBTAG00000020221-ENSBTAG00000035084",9.79422743055556e-05,0.000309720666022542
"vitro","ENSBTAG00000001725-ENSBTAG00000039292",9.71806382275132e-05,0.000161583528934966
"vitro","ENSBTAG00000021105-ENSBTAG00000005273",9.68221607608561e-05,0.000164802089457408
"vitro","ENSBTAG00000012004-ENSBTAG00000013843",9.68117497508006e-05,0.000185154974786641
"vitro","ENSBTAG00000003329-ENSBTAG00000006420",9.68053902116402e-05,0.000193764883498223
"vitro","ENSBTAG00000021466-ENSBTAG00000010682",9.67036257787082e-05,0.000244148171693813
"vitro","ENSBTAG00000025644-ENSBTAG00000026813",9.64382352941176e-05,0.000214296688795062
"vitro","ENSBTAG00000015352-ENSBTAG00000012599",9.64183578584943e-05,0.000304901619086037
"vitro","ENSBTAG00000005077-ENSBTAG00000039292",9.60756432275613e-05,0.000215174309737094
"vitro","ENSBTAG00000014583-ENSBTAG00000004337",9.54114583333333e-05,0.000301717523211586
"vitro","ENSBTAG00000038735-ENSBTAG00000020704",9.50258620689655e-05,0.000232994637151458
"vitro","ENSBTAG00000011808-ENSBTAG00000018105",9.49733511369866e-05,0.000222503530023169
"vitro","ENSBTAG00000005710-ENSBTAG00000009851",9.47322378543203e-05,0.000188456431178904
"vitro","ENSBTAG00000005339-ENSBTAG00000001694",9.469069664903e-05,0.000299438274639008
"vitro","ENSBTAG00000005198-ENSBTAG00000011628",9.45972470688215e-05,0.000129891132272426
"vitro","ENSBTAG00000000575-ENSBTAG00000012897",9.45675287356322e-05,0.000208623580152126
"vitro","ENSBTAG00000003176-ENSBTAG00000017060",9.44753747758866e-05,0.00017285932088684
"vitro","ENSBTAG00000011966-ENSBTAG00000018169",9.44186113173092e-05,0.000290424262947053
"vitro","ENSBTAG00000008027-ENSBTAG00000002144",9.42483417120514e-05,0.000164620342112194
"vitro","ENSBTAG00000010361-ENSBTAG00000007909",9.40865956959707e-05,0.000157683271062789
"vitro","ENSBTAG00000020194-ENSBTAG00000015457",9.39684681697613e-05,0.000200050359986735
"vitro","ENSBTAG00000007725-ENSBTAG00000012687",9.33660262431323e-05,0.000155517776191617
"vitro","ENSBTAG00000005339-ENSBTAG00000000782",9.28470052083333e-05,0.000227655711147943
"vitro","ENSBTAG00000005339-ENSBTAG00000019866",9.28393152073386e-05,0.000196592720864652
"vitro","ENSBTAG00000017246-ENSBTAG00000002144",9.26359817985199e-05,0.000219055457770046
"vitro","ENSBTAG00000007273-ENSBTAG00000012314",9.25158617424242e-05,0.000233401342234527
"vitro","ENSBTAG00000047567-ENSBTAG00000001694",9.22872386023375e-05,0.000149935852221545
"vitro","ENSBTAG00000012004-ENSBTAG00000018035",9.21754587964718e-05,0.000247846616243811
"vitro","ENSBTAG00000032808-ENSBTAG00000010785",9.17334667256542e-05,0.000178884302403917
"vitro","ENSBTAG00000014583-ENSBTAG00000012100",9.16136363636364e-05,0.000263231686376868
"vitro","ENSBTAG00000005691-ENSBTAG00000011578",9.09871031746032e-05,0.000188792729213503
"vitro","ENSBTAG00000000793-ENSBTAG00000019289",9.06446809689874e-05,0.000119797916979331
"vitro","ENSBTAG00000017549-ENSBTAG00000008197",9.05422607444537e-05,0.000286319768453326
"vitro","ENSBTAG00000038221-ENSBTAG00000000815",9.04911531598796e-05,0.000170628115009786
"vitro","ENSBTAG00000020342-ENSBTAG00000007047",9.03010376897897e-05,0.00025632176742335
"vitro","ENSBTAG00000005260-ENSBTAG00000015910",9.01365896165469e-05,0.000225205086080805
"vitro","ENSBTAG00000000575-ENSBTAG00000026676",9.00624033600551e-05,0.000180559318333961
"vitro","ENSBTAG00000017564-ENSBTAG00000017846",8.9255816256993e-05,0.000282251673789583
"vitro","ENSBTAG00000007897-ENSBTAG00000019903",8.88937061501717e-05,0.000166083548851236
"vitro","ENSBTAG00000011802-ENSBTAG00000019289",8.88829581401526e-05,0.000177183165451226
"vitro","ENSBTAG00000002411-ENSBTAG00000007421",8.88367748754311e-05,0.000237016407758447
"vitro","ENSBTAG00000016208-ENSBTAG00000014944",8.87214781746032e-05,0.000137116437931724
"vitro","ENSBTAG00000021048-ENSBTAG00000017981",8.82497964692226e-05,0.000250632674608619
"vitro","ENSBTAG00000007737-ENSBTAG00000011909",8.82318485343662e-05,0.000129410037289664
"vitro","ENSBTAG00000016208-ENSBTAG00000015127",8.80163610418366e-05,0.000278332172251914
"vitro","ENSBTAG00000017753-ENSBTAG00000004334",8.79509460739424e-05,0.000254640896597383
"vitro","ENSBTAG00000006396-ENSBTAG00000003798",8.78901626686564e-05,0.000197648267871832
"vitro","ENSBTAG00000010123-ENSBTAG00000000736",8.72822580645161e-05,0.000276010734806471
"vitro","ENSBTAG00000001725-ENSBTAG00000015127",8.7280193236715e-05,0.000166049566018414
"vitro","ENSBTAG00000009476-ENSBTAG00000001462",8.7060575998076e-05,0.000160484732221376
"vitro","ENSBTAG00000005198-ENSBTAG00000010543",8.64852788116901e-05,0.000273490465119641
"vitro","ENSBTAG00000013898-ENSBTAG00000047704",8.64648476028782e-05,0.000154701980484181
"vitro","ENSBTAG00000020457-ENSBTAG00000019832",8.64390824447508e-05,0.000142658468575548
"vitro","ENSBTAG00000012444-ENSBTAG00000015127",8.61710207231041e-05,0.000244434456102015
"vitro","ENSBTAG00000005108-ENSBTAG00000011154",8.61159981589759e-05,0.000228683871502986
"vitro","ENSBTAG00000003835-ENSBTAG00000006420",8.57655268071935e-05,0.000180851485012916
"vitro","ENSBTAG00000017246-ENSBTAG00000007909",8.5638437950938e-05,0.000270812519183967
"vitro","ENSBTAG00000047330-ENSBTAG00000017851",8.51228876313867e-05,0.000109294121923449
"vitro","ENSBTAG00000013472-ENSBTAG00000001462",8.50983796296296e-05,0.000141027382371487
"vitro","ENSBTAG00000002006-ENSBTAG00000017266",8.44105902777778e-05,0.000193823915318305
"vitro","ENSBTAG00000020221-ENSBTAG00000016999",8.41530415605499e-05,0.000219515787607793
"vitro","ENSBTAG00000007446-ENSBTAG00000015591",8.3323007706976e-05,0.000247196582268888
"vitro","ENSBTAG00000007737-ENSBTAG00000002144",8.31349921166611e-05,0.000151622053750729
"vitro","ENSBTAG00000002006-ENSBTAG00000014269",8.30645571421834e-05,0.000118064655277948
"vitro","ENSBTAG00000039355-ENSBTAG00000011578",8.28125e-05,0.000261876118732694
"vitro","ENSBTAG00000020194-ENSBTAG00000011628",8.27367939063251e-05,0.000149805021695213
"vitro","ENSBTAG00000025410-ENSBTAG00000018343",8.26534818568841e-05,0.000172012381805652
"vitro","ENSBTAG00000005339-ENSBTAG00000011971",8.1264066521879e-05,0.000162236147869412
"vitro","ENSBTAG00000014113-ENSBTAG00000003220",8.12404279279279e-05,0.000194368767123122
"vitro","ENSBTAG00000005111-ENSBTAG00000011909",8.11949786324786e-05,0.00022285182378904
"vitro","ENSBTAG00000021048-ENSBTAG00000019903",8.10198086643062e-05,0.000225196340502815
"vitro","ENSBTAG00000019866-ENSBTAG00000009851",8.10124670060332e-05,0.000189491277799537
"vitro","ENSBTAG00000020457-ENSBTAG00000012599",8.03106060606061e-05,0.00017537197992764
"vitro","ENSBTAG00000000575-ENSBTAG00000019929",7.99938183084101e-05,0.000168641796817692
"vitro","ENSBTAG00000002006-ENSBTAG00000015127",7.96336051964097e-05,0.000183847933437934
"vitro","ENSBTAG00000002080-ENSBTAG00000022799",7.92759271284271e-05,0.000155976318893207
"vitro","ENSBTAG00000011851-ENSBTAG00000007338",7.83287587247689e-05,0.000167360899381616
"vitro","ENSBTAG00000007773-ENSBTAG00000015910",7.82099586023148e-05,0.000247321604890794
"vitro","ENSBTAG00000011851-ENSBTAG00000010647",7.81211766748474e-05,0.000202132284611595
"vitro","ENSBTAG00000015789-ENSBTAG00000011628",7.80253411306043e-05,0.000168176589313756
"vitro","ENSBTAG00000004237-ENSBTAG00000010444",7.767546145765e-05,0.000209479274396127
"vitro","ENSBTAG00000008452-ENSBTAG00000016071",7.72529199110122e-05,0.000182605076199002
"vitro","ENSBTAG00000012004-ENSBTAG00000013755",7.72112097773169e-05,0.000128907908204648
"vitro","ENSBTAG00000002006-ENSBTAG00000003585",7.6893386592527e-05,0.0002202635595879
"vitro","ENSBTAG00000020457-ENSBTAG00000013755",7.57754910714286e-05,0.000159989791418285
"vitro","ENSBTAG00000014465-ENSBTAG00000013125",7.49633125688618e-05,0.000164846133206919
"vitro","ENSBTAG00000040584-ENSBTAG00000021923",7.49529569892473e-05,0.000159808585745197
"vitro","ENSBTAG00000001492-ENSBTAG00000003585",7.47343198392791e-05,0.000120723948559354
"vitro","ENSBTAG00000032436-ENSBTAG00000018035",7.44176644316731e-05,0.000130371064656507
"vitro","ENSBTAG00000005260-ENSBTAG00000013745",7.42706518335397e-05,0.000185981770456512
"vitro","ENSBTAG00000005339-ENSBTAG00000003166",7.40712149213913e-05,0.000137768839817932
"vitro","ENSBTAG00000018134-ENSBTAG00000011628",7.38104707736475e-05,0.000205090555298885
"vitro","ENSBTAG00000020221-ENSBTAG00000002144",7.33950328407225e-05,0.000157107039201057
"vitro","ENSBTAG00000025775-ENSBTAG00000017981",7.29705882352941e-05,0.000154978415607186
"vitro","ENSBTAG00000012004-ENSBTAG00000024269",7.24054459485407e-05,0.000153232361450359
"vitro","ENSBTAG00000015742-ENSBTAG00000017060",7.22744922341696e-05,0.0001534290391937
"vitro","ENSBTAG00000016267-ENSBTAG00000020755",7.21043726171024e-05,0.000163226715188583
"vitro","ENSBTAG00000011412-ENSBTAG00000018169",7.19692687363058e-05,0.000227586810743474
"vitro","ENSBTAG00000023600-ENSBTAG00000005910",7.17881283068783e-05,0.000167754764942721
"vitro","ENSBTAG00000020457-ENSBTAG00000019929",7.05694444444444e-05,0.00016292774306384
"vitro","ENSBTAG00000025775-ENSBTAG00000017489",6.98971125730994e-05,0.000166534551629252
"vitro","ENSBTAG00000030710-ENSBTAG00000013755",6.97792904762896e-05,0.000150194845372493
"vitro","ENSBTAG00000002006-ENSBTAG00000005903",6.90296713038998e-05,0.000146763358222299
"vitro","ENSBTAG00000020194-ENSBTAG00000014064",6.771937263128e-05,0.000150610831678953
"vitro","ENSBTAG00000005111-ENSBTAG00000002081",6.76940789473684e-05,0.000169524032218773
"vitro","ENSBTAG00000007446-ENSBTAG00000020979",6.70069444444444e-05,0.000146840439524621
"vitro","ENSBTAG00000021217-ENSBTAG00000015910",6.69593596059113e-05,0.000155513856241263
"vitro","ENSBTAG00000005628-ENSBTAG00000008852",6.68900603071443e-05,9.42817914799837e-05
"vitro","ENSBTAG00000008300-ENSBTAG00000019929",6.65270748987854e-05,0.000166621099601838
"vitro","ENSBTAG00000013901-ENSBTAG00000014269",6.64560385781942e-05,0.000140617184973795
"vitro","ENSBTAG00000021217-ENSBTAG00000010682",6.61696428571429e-05,0.000209246783388463
"vitro","ENSBTAG00000005077-ENSBTAG00000018424",6.56960516136163e-05,0.000111679931607324
"vitro","ENSBTAG00000020244-ENSBTAG00000000815",6.56036474934802e-05,0.000131931562827184
"vitro","ENSBTAG00000007897-ENSBTAG00000017489",6.55277570075286e-05,0.00020721696210585
"vitro","ENSBTAG00000005691-ENSBTAG00000014357",6.52746692758033e-05,0.000143143867401963
"vitro","ENSBTAG00000007773-ENSBTAG00000018993",6.51358695652174e-05,0.000205977705201728
"vitro","ENSBTAG00000020457-ENSBTAG00000013843",6.45685876623377e-05,0.000204183802313234
"vitro","ENSBTAG00000020221-ENSBTAG00000005092",6.44049719635232e-05,0.000155697924970682
"vitro","ENSBTAG00000001601-ENSBTAG00000011578",6.43334637554735e-05,0.00010373644850188
"vitro","ENSBTAG00000008027-ENSBTAG00000017981",6.4055579900001e-05,0.000202561529326904
"vitro","ENSBTAG00000007773-ENSBTAG00000003418",6.36500052345721e-05,0.000122825557406137
"vitro","ENSBTAG00000030710-ENSBTAG00000020979",6.3640625e-05,0.000137047195757583
"vitro","ENSBTAG00000014051-ENSBTAG00000013745",6.34004143562943e-05,0.000172384029968613
"vitro","ENSBTAG00000005108-ENSBTAG00000009851",6.25132100870607e-05,0.000108086623412031
"vitro","ENSBTAG00000014127-ENSBTAG00000020319",6.16517237103175e-05,0.000157958654802388
"vitro","ENSBTAG00000045520-ENSBTAG00000039292",6.14458344637474e-05,0.000126191152122794
"vitro","ENSBTAG00000013472-ENSBTAG00000015910",6.0597731748547e-05,0.000162076733496757
"vitro","ENSBTAG00000014575-ENSBTAG00000015910",6.05524083007636e-05,0.000102841340953921
"vitro","ENSBTAG00000031444-ENSBTAG00000006360",6.04354838709677e-05,0.000191113780526628
"vitro","ENSBTAG00000005108-ENSBTAG00000010462",6.01846008225784e-05,0.000128436292602368
"vitro","ENSBTAG00000004630-ENSBTAG00000015910",6.00344827586207e-05,0.00018984570366735
"vitro","ENSBTAG00000020638-ENSBTAG00000001141",5.97822039072039e-05,0.00012732232037646
"vitro","ENSBTAG00000017455-ENSBTAG00000017266",5.94421290089002e-05,0.000118482068330631
"vitro","ENSBTAG00000017246-ENSBTAG00000006161",5.92861035454962e-05,0.000151899130126014
"vitro","ENSBTAG00000006984-ENSBTAG00000021818",5.9155467967968e-05,0.000187066014831911
"vitro","ENSBTAG00000018347-ENSBTAG00000013205",5.81054511088509e-05,0.000126362675418171
"vitro","ENSBTAG00000032436-ENSBTAG00000014064",5.80958104395605e-05,0.00013126785023104
"vitro","ENSBTAG00000007446-ENSBTAG00000008849",5.79684360724747e-05,0.000113415970085329
"vitro","ENSBTAG00000007897-ENSBTAG00000002144",5.7953663534903e-05,9.33868396260584e-05
"vitro","ENSBTAG00000005077-ENSBTAG00000009851",5.79451748718323e-05,0.000106283356294004
"vitro","ENSBTAG00000017455-ENSBTAG00000013755",5.79412692847125e-05,0.000125579772855262
"vitro","ENSBTAG00000020638-ENSBTAG00000000782",5.78613303575753e-05,0.000122555993665152
"vitro","ENSBTAG00000011034-ENSBTAG00000003777",5.77633610948298e-05,7.50811661334788e-05
"vitro","ENSBTAG00000014051-ENSBTAG00000003777",5.7045826146721e-05,0.000142384683051396
"vitro","ENSBTAG00000014583-ENSBTAG00000020667",5.63373758359559e-05,0.000122004247726472
"vitro","ENSBTAG00000012004-ENSBTAG00000008997",5.62707735961768e-05,0.000120810411492969
"vitro","ENSBTAG00000008121-ENSBTAG00000011761",5.60646400481239e-05,9.21434052690866e-05
"vitro","ENSBTAG00000019336-ENSBTAG00000002107",5.59169618182776e-05,0.000121502310517536
"vitro","ENSBTAG00000011851-ENSBTAG00000019866",5.53075982389495e-05,0.000162647376987379
"vitro","ENSBTAG00000020244-ENSBTAG00000015510",5.53011639621414e-05,9.52367671048377e-05
"vitro","ENSBTAG00000005077-ENSBTAG00000015127",5.51205318238406e-05,0.000123794331202014
"vitro","ENSBTAG00000000575-ENSBTAG00000020679",5.50172413793103e-05,0.000121172772783537
"vitro","ENSBTAG00000020342-ENSBTAG00000002107",5.45809338301716e-05,0.000123490214145788
"vitro","ENSBTAG00000018200-ENSBTAG00000007626",5.41142516652028e-05,0.0001711242891376
"vitro","ENSBTAG00000019716-ENSBTAG00000039292",5.38647903428605e-05,0.00011358103505762
"vitro","ENSBTAG00000014113-ENSBTAG00000001338",5.37234891642444e-05,0.000121881669030113
"vitro","ENSBTAG00000000073-ENSBTAG00000000736",5.36105769230769e-05,0.000141717266115187
"vitro","ENSBTAG00000020457-ENSBTAG00000001060",5.353125e-05,0.000137103757502049
"vitro","ENSBTAG00000005691-ENSBTAG00000015127",5.33381260725011e-05,0.000104416886463244
"vitro","ENSBTAG00000000476-ENSBTAG00000003781",5.32227857341491e-05,0.000123861668902539
"vitro","ENSBTAG00000002006-ENSBTAG00000015910",5.32106583231583e-05,0.000105074418701212
"vitro","ENSBTAG00000006295-ENSBTAG00000019903",5.31875823635458e-05,0.000117734598605144
"vitro","ENSBTAG00000009812-ENSBTAG00000039292",5.30016759713145e-05,0.000121045191604224
"vitro","ENSBTAG00000007740-ENSBTAG00000015127",5.29627492877493e-05,0.000111875081511218
"vitro","ENSBTAG00000025644-ENSBTAG00000004337",5.26033004158004e-05,0.000146357513357229
"vitro","ENSBTAG00000005111-ENSBTAG00000008997",5.24136429970603e-05,0.000113279961265401
"vitro","ENSBTAG00000002278-ENSBTAG00000013745",5.2292297979798e-05,0.000102828465619611
"vitro","ENSBTAG00000013901-ENSBTAG00000019153",5.22886791253496e-05,0.000151255547877695
"vitro","ENSBTAG00000021811-ENSBTAG00000003777",5.22871376811594e-05,9.77488164787252e-05
"vitro","ENSBTAG00000025644-ENSBTAG00000020661",5.22526041666667e-05,0.000110160423462279
"vitro","ENSBTAG00000025644-ENSBTAG00000014567",5.13460756064923e-05,0.000114605866637174
"vitro","ENSBTAG00000015991-ENSBTAG00000021527",5.10990981881258e-05,0.000131365709155266
"vitro","ENSBTAG00000017753-ENSBTAG00000020979",5.08808668582375e-05,0.000151981446187589
"vitro","ENSBTAG00000017246-ENSBTAG00000014064",5.06650068681319e-05,0.00011155371237115
"vitro","ENSBTAG00000022514-ENSBTAG00000013730",5.06477272727273e-05,0.000160162176492846
"vitro","ENSBTAG00000024394-ENSBTAG00000019866",5.06262372176435e-05,0.000113337239172418
"vitro","ENSBTAG00000005111-ENSBTAG00000000231",5.02818876400094e-05,0.000122416573734885
"vitro","ENSBTAG00000014583-ENSBTAG00000012687",5.00362903225807e-05,0.000158228643084796
"vitro","ENSBTAG00000011082-ENSBTAG00000012687",4.93229166666667e-05,0.000155972757509347
"vitro","ENSBTAG00000007897-ENSBTAG00000020704",4.92555338512425e-05,0.000115810893393048
"vitro","ENSBTAG00000000016-ENSBTAG00000013674",4.90657894736842e-05,0.000155159649931156
"vitro","ENSBTAG00000019964-ENSBTAG00000001694",4.8943652820644e-05,7.12263150016649e-05
"vitro","ENSBTAG00000000793-ENSBTAG00000019569",4.88860294117647e-05,0.000154591198703158
"vitro","ENSBTAG00000004594-ENSBTAG00000011578",4.83423894113549e-05,8.32936889543775e-05
"vitro","ENSBTAG00000008027-ENSBTAG00000047138",4.80416666666667e-05,0.000151921089257256
"vitro","ENSBTAG00000018343-ENSBTAG00000010497",4.79203738512949e-05,0.000137898045064783
"vitro","ENSBTAG00000025644-ENSBTAG00000020667",4.78725328947368e-05,0.000104218189304549
"vitro","ENSBTAG00000009208-ENSBTAG00000044190",4.75480769230769e-05,0.000150360221437814
"vitro","ENSBTAG00000015150-ENSBTAG00000017745",4.75241935483871e-05,0.000150284695575583
"vitro","ENSBTAG00000020342-ENSBTAG00000035084",4.71875e-05,0.000149219977089195
"vitro","ENSBTAG00000005691-ENSBTAG00000010543",4.71693548387097e-05,0.000149162597051007
"vitro","ENSBTAG00000013472-ENSBTAG00000019929",4.70949934846174e-05,0.000148927445802181
"vitro","ENSBTAG00000025868-ENSBTAG00000013755",4.69213122605364e-05,9.93254462719303e-05
"vitro","ENSBTAG00000011104-ENSBTAG00000018300",4.68244269171689e-05,0.000100879088146332
"vitro","ENSBTAG00000025644-ENSBTAG00000012100",4.63912329324639e-05,9.54723593576281e-05
"vitro","ENSBTAG00000005305-ENSBTAG00000008849",4.60200534759358e-05,8.85130407828157e-05
"vitro","ENSBTAG00000025644-ENSBTAG00000014773",4.58541666666667e-05,9.75541185076706e-05
"vitro","ENSBTAG00000017060-ENSBTAG00000017846",4.56538461538461e-05,9.65334047097277e-05
"vitro","ENSBTAG00000011104-ENSBTAG00000020979",4.48409457478006e-05,0.000141799520999092
"vitro","ENSBTAG00000006686-ENSBTAG00000015910",4.4815230294397e-05,8.69857755758373e-05
"vitro","ENSBTAG00000021697-ENSBTAG00000007173",4.475e-05,0.000141511925292535
"vitro","ENSBTAG00000007446-ENSBTAG00000003060",4.44675925925926e-05,0.000140618874657024
"vitro","ENSBTAG00000022120-ENSBTAG00000006240",4.41822495039682e-05,0.000125707450211388
"vitro","ENSBTAG00000020457-ENSBTAG00000003045",4.38981481481481e-05,0.000138818133211651
"vitro","ENSBTAG00000018077-ENSBTAG00000024406",4.35772812713602e-05,0.000137803463055296
"vitro","ENSBTAG00000005947-ENSBTAG00000013745",4.35046296296296e-05,0.000137573718391677
"vitro","ENSBTAG00000005710-ENSBTAG00000014064",4.34408416875522e-05,9.88777648722596e-05
"vitro","ENSBTAG00000009476-ENSBTAG00000011971",4.2375e-05,0.000134001515849635
"vitro","ENSBTAG00000025210-ENSBTAG00000013755",4.20096726190476e-05,0.000132846249234202
"vitro","ENSBTAG00000014906-ENSBTAG00000011628",4.19437477491382e-05,8.88083782521714e-05
"vitro","ENSBTAG00000012444-ENSBTAG00000015910",4.18706777404694e-05,8.62214055020249e-05
"vitro","ENSBTAG00000014834-ENSBTAG00000011628",4.16577875000062e-05,7.97636058730029e-05
"vitro","ENSBTAG00000021807-ENSBTAG00000021664",4.1591303228022e-05,9.02315995299264e-05
"vitro","ENSBTAG00000017312-ENSBTAG00000039292",4.15380500855342e-05,9.04944176962335e-05
"vitro","ENSBTAG00000020221-ENSBTAG00000012314",4.12590773809524e-05,9.19626983960418e-05
"vitro","ENSBTAG00000018773-ENSBTAG00000006161",4.11498642277281e-05,7.19186888324061e-05
"vitro","ENSBTAG00000011784-ENSBTAG00000000736",4.11340235880677e-05,8.67889642994395e-05
"vitro","ENSBTAG00000005108-ENSBTAG00000004356",4.09587912087912e-05,9.15357300479852e-05
"vitro","ENSBTAG00000006295-ENSBTAG00000020704",4.06729018762677e-05,6.52429781887597e-05
"vitro","ENSBTAG00000010452-ENSBTAG00000011515",3.99664847303444e-05,8.43095748540831e-05
"vitro","ENSBTAG00000021105-ENSBTAG00000006240",3.99358688186813e-05,7.41844057284053e-05
"vitro","ENSBTAG00000002278-ENSBTAG00000019929",3.96129032258065e-05,8.92736131733133e-05
"vitro","ENSBTAG00000008817-ENSBTAG00000012897",3.95389557597064e-05,7.97429156515597e-05
"vitro","ENSBTAG00000011034-ENSBTAG00000020148",3.92112068965517e-05,9.29579670142599e-05
"vitro","ENSBTAG00000005260-ENSBTAG00000011578",3.8976476471772e-05,8.22703299944511e-05
"vitro","ENSBTAG00000008121-ENSBTAG00000002606",3.84457516339869e-05,0.000110184724266905
"vitro","ENSBTAG00000005111-ENSBTAG00000018105",3.81379310344828e-05,9.24509221604816e-05
"vitro","ENSBTAG00000009761-ENSBTAG00000002144",3.77072968936679e-05,6.47045078782078e-05
"vitro","ENSBTAG00000005339-ENSBTAG00000011628",3.74918981481481e-05,7.69475197474806e-05
"vitro","ENSBTAG00000025644-ENSBTAG00000011050",3.72220344114194e-05,7.14896892136021e-05
"vitro","ENSBTAG00000017564-ENSBTAG00000000561",3.675e-05,0.000116213704011188
"vitro","ENSBTAG00000032436-ENSBTAG00000006161",3.66879228911077e-05,6.58416647897834e-05
"vitro","ENSBTAG00000025644-ENSBTAG00000012687",3.63430341880342e-05,8.50752453996593e-05
"vitro","ENSBTAG00000000130-ENSBTAG00000010785",3.63027384523769e-05,0.000114799338810887
"vitro","ENSBTAG00000020457-ENSBTAG00000015910",3.62045454545455e-05,0.00011448882528746
"vitro","ENSBTAG00000006538-ENSBTAG00000017981",3.56034482758621e-05,0.000112587989107719
"vitro","ENSBTAG00000017753-ENSBTAG00000014420",3.5429347826087e-05,0.00011203743514477
"vitro","ENSBTAG00000019839-ENSBTAG00000019929",3.47596153846154e-05,0.000109919555206814
"vitro","ENSBTAG00000013472-ENSBTAG00000011578",3.4515625e-05,0.000109147989864249
"vitro","ENSBTAG00000006685-ENSBTAG00000019404",3.44605263157895e-05,0.000108973752526066
"vitro","ENSBTAG00000020457-ENSBTAG00000013222",3.44321392295305e-05,0.000108883984677352
"vitro","ENSBTAG00000014906-ENSBTAG00000020755",3.43301767676768e-05,0.000108561551062056
"vitro","ENSBTAG00000005077-ENSBTAG00000034883",3.42052951388889e-05,0.000108166640677174
"vitro","ENSBTAG00000025644-ENSBTAG00000011425",3.3741935483871e-05,0.000106701368791488
"vitro","ENSBTAG00000011851-ENSBTAG00000013118",3.37306034482759e-05,0.000106665533748481
"vitro","ENSBTAG00000003253-ENSBTAG00000011434",3.31696428571429e-05,8.12830829429106e-05
"vitro","ENSBTAG00000001725-ENSBTAG00000001338",3.19982596232596e-05,0.000101187381570902
"vitro","ENSBTAG00000017753-ENSBTAG00000015996",3.16003027549393e-05,7.27834812916189e-05
"vitro","ENSBTAG00000014051-ENSBTAG00000020148",3.14219753734827e-05,6.77917720924412e-05
"vitro","ENSBTAG00000018773-ENSBTAG00000001941",3.12426487992592e-05,5.67270479547192e-05
"vitro","ENSBTAG00000009812-ENSBTAG00000003220",3.08610294117647e-05,9.75911438786228e-05
"vitro","ENSBTAG00000005581-ENSBTAG00000039292",3.06305458182007e-05,6.60617152436636e-05
"vitro","ENSBTAG00000005280-ENSBTAG00000048246",3.00681818181818e-05,7.13898531590306e-05
"vitro","ENSBTAG00000005111-ENSBTAG00000006420",2.97011540253728e-05,7.34712432658946e-05
"vitro","ENSBTAG00000012623-ENSBTAG00000002606",2.96363636363636e-05,9.37184106558992e-05
"vitro","ENSBTAG00000008026-ENSBTAG00000007175",2.95e-05,9.32871909749672e-05
"vitro","ENSBTAG00000005947-ENSBTAG00000002402",2.94515873015873e-05,9.31340965803082e-05
"vitro","ENSBTAG00000008452-ENSBTAG00000013909",2.92886424731183e-05,6.22305226847242e-05
"vitro","ENSBTAG00000013898-ENSBTAG00000039292",2.92501632232301e-05,6.51522941016173e-05
"vitro","ENSBTAG00000006354-ENSBTAG00000012071",2.92443181818182e-05,9.24786540732196e-05
"vitro","ENSBTAG00000005198-ENSBTAG00000015457",2.84096780936455e-05,4.92074577421981e-05
"vitro","ENSBTAG00000011741-ENSBTAG00000015910",2.83146814990565e-05,6.54674674652722e-05
"vitro","ENSBTAG00000020556-ENSBTAG00000017033",2.82457706766917e-05,6.76798762931954e-05
"vitro","ENSBTAG00000006685-ENSBTAG00000005215",2.79051677489177e-05,8.82438885756537e-05
"vitro","ENSBTAG00000014834-ENSBTAG00000005828",2.79029605263158e-05,4.96686945445934e-05
"vitro","ENSBTAG00000010312-ENSBTAG00000014420",2.77577639751553e-05,8.77777569148602e-05
"vitro","ENSBTAG00000006989-ENSBTAG00000011971",2.75258214732639e-05,8.70442903226856e-05
"vitro","ENSBTAG00000017246-ENSBTAG00000012599",2.74284982563208e-05,8.67365272879307e-05
"vitro","ENSBTAG00000020457-ENSBTAG00000014357",2.68162393162393e-05,7.25873287907165e-05
"vitro","ENSBTAG00000014051-ENSBTAG00000015910",2.60956735977476e-05,8.25217656452031e-05
"vitro","ENSBTAG00000005710-ENSBTAG00000011425",2.59275981355115e-05,8.19902643657512e-05
"vitro","ENSBTAG00000020244-ENSBTAG00000006359",2.58127090301003e-05,5.75440578030313e-05
"vitro","ENSBTAG00000012849-ENSBTAG00000015910",2.53965517241379e-05,8.03109481625521e-05
"vitro","ENSBTAG00000000793-ENSBTAG00000017266",2.44706699346405e-05,5.60463532450148e-05
"vitro","ENSBTAG00000005111-ENSBTAG00000018114",2.44499521072797e-05,5.83199814588274e-05
"vitro","ENSBTAG00000001460-ENSBTAG00000020661",2.40393939393939e-05,7.60192384185326e-05
"vitro","ENSBTAG00000021499-ENSBTAG00000013732",2.39442831281373e-05,6.88375960386053e-05
"vitro","ENSBTAG00000021697-ENSBTAG00000002804",2.31815476190476e-05,7.33064901638438e-05
"vitro","ENSBTAG00000012210-ENSBTAG00000039292",2.29089026915114e-05,7.24443112003377e-05
"vitro","ENSBTAG00000017060-ENSBTAG00000010303",2.26964285714286e-05,7.17724090370359e-05
"vitro","ENSBTAG00000007773-ENSBTAG00000017060",2.22839760180574e-05,7.04681195416309e-05
"vitro","ENSBTAG00000010312-ENSBTAG00000020199",2.22395833333333e-05,7.0327737546453e-05
"vitro","ENSBTAG00000018343-ENSBTAG00000020736",2.22199074074074e-05,7.02655168054543e-05
"vitro","ENSBTAG00000017582-ENSBTAG00000002699",2.15073924731183e-05,5.58497637779295e-05
"vitro","ENSBTAG00000038735-ENSBTAG00000002144",2.13020833333333e-05,6.73631022400452e-05
"vitro","ENSBTAG00000017564-ENSBTAG00000019832",2.12548076923077e-05,6.72136035365596e-05
"vitro","ENSBTAG00000013003-ENSBTAG00000012687",2.0625e-05,5.47635384073097e-05
"vitro","ENSBTAG00000011412-ENSBTAG00000015910",2.06026785714286e-05,6.51513901860584e-05
"vitro","ENSBTAG00000012829-ENSBTAG00000017745",1.96875e-05,6.2257341434565e-05
"vitro","ENSBTAG00000010312-ENSBTAG00000017753",1.95408865987813e-05,6.17937091512099e-05
"vitro","ENSBTAG00000005947-ENSBTAG00000018517",1.95324290060852e-05,6.17669638947681e-05
"vitro","ENSBTAG00000010179-ENSBTAG00000026676",1.90208333333333e-05,6.0149156327786e-05
"vitro","ENSBTAG00000003329-ENSBTAG00000002081",1.85964285714286e-05,5.88070706303455e-05
"vitro","ENSBTAG00000021326-ENSBTAG00000039292",1.84581850729995e-05,5.83699063035998e-05
"vitro","ENSBTAG00000011966-ENSBTAG00000017266",1.83683638996139e-05,4.90978379301272e-05
"vitro","ENSBTAG00000017468-ENSBTAG00000013557",1.82368421052632e-05,5.76699583814918e-05
"vitro","ENSBTAG00000017448-ENSBTAG00000011628",1.8e-05,5.69209978830308e-05
"vitro","ENSBTAG00000040131-ENSBTAG00000017256",1.74355116982691e-05,5.51359291370407e-05
"vitro","ENSBTAG00000017564-ENSBTAG00000018035",1.66112810800311e-05,5.25294830661599e-05
"vitro","ENSBTAG00000003505-ENSBTAG00000006161",1.61902173913044e-05,5.11979627697913e-05
"vitro","ENSBTAG00000005339-ENSBTAG00000007213",1.5963141025641e-05,5.0479884251502e-05
"vitro","ENSBTAG00000021105-ENSBTAG00000013205",1.55324074074074e-05,3.92971978855975e-05
"vitro","ENSBTAG00000019910-ENSBTAG00000015510",1.53306134654819e-05,3.23423315293308e-05
"vitro","ENSBTAG00000017122-ENSBTAG00000018052",1.50737934904602e-05,4.76675204088737e-05
"vitro","ENSBTAG00000007708-ENSBTAG00000025324",1.41666666666667e-05,4.4798933519052e-05
"vitro","ENSBTAG00000007148-ENSBTAG00000008165",1.41030045614221e-05,4.4597616265838e-05
"vitro","ENSBTAG00000009476-ENSBTAG00000000782",1.40128968253968e-05,4.43126705851968e-05
"vitro","ENSBTAG00000003505-ENSBTAG00000011628",1.36485906862745e-05,4.31606334199881e-05
"vitro","ENSBTAG00000007737-ENSBTAG00000002081",1.26073145604396e-05,3.98678291891935e-05
"vitro","ENSBTAG00000002441-ENSBTAG00000039292",1.24593761586948e-05,3.94000068862752e-05
"vitro","ENSBTAG00000021811-ENSBTAG00000020148",1.22614329268293e-05,3.87740554261652e-05
"vitro","ENSBTAG00000011412-ENSBTAG00000017266",1.06875e-05,3.37968424930495e-05
"vitro","ENSBTAG00000021048-ENSBTAG00000020704",9.45833333333333e-06,2.99098762024259e-05
"vitro","ENSBTAG00000015089-ENSBTAG00000002135",9.10054347826087e-06,2.87784453366954e-05
"vitro","ENSBTAG00000021048-ENSBTAG00000008483",8.75640732265446e-06,2.7690191259765e-05
"vitro","ENSBTAG00000015150-ENSBTAG00000016933",8.73416666666667e-06,2.76198601301873e-05
"vitro","ENSBTAG00000005947-ENSBTAG00000019929",8.72903878812344e-06,1.84164221917814e-05
"vitro","ENSBTAG00000019839-ENSBTAG00000013755",8.27426470588235e-06,2.61655224337314e-05
"vitro","ENSBTAG00000008300-ENSBTAG00000019289",8.03984621345732e-06,2.54242260720054e-05
"vitro","ENSBTAG00000000130-ENSBTAG00000004211",6.83771929824561e-06,2.16227669833443e-05
"vitro","ENSBTAG00000001244-ENSBTAG00000017060",5.97222222222222e-06,1.88858249148945e-05
"vitro","ENSBTAG00000020194-ENSBTAG00000009155",5.66666666666667e-06,1.79195734076208e-05
"vitro","ENSBTAG00000005947-ENSBTAG00000013755",5.3405172413793e-06,1.68881983661578e-05
"vitro","ENSBTAG00000000793-ENSBTAG00000015910",0,0
"vitro","ENSBTAG00000002006-ENSBTAG00000008165",0,0
"vitro","ENSBTAG00000003835-ENSBTAG00000002081",0,0
"vitro","ENSBTAG00000004237-ENSBTAG00000011628",0,0
"vitro","ENSBTAG00000005077-ENSBTAG00000003255",0,0
"vitro","ENSBTAG00000005077-ENSBTAG00000014798",0,0
"vitro","ENSBTAG00000005305-ENSBTAG00000020979",0,0
"vitro","ENSBTAG00000005581-ENSBTAG00000014162",0,0
"vitro","ENSBTAG00000005898-ENSBTAG00000017851",0,0
"vitro","ENSBTAG00000005947-ENSBTAG00000015739",0,0
"vitro","ENSBTAG00000006276-ENSBTAG00000047138",0,0
"vitro","ENSBTAG00000006538-ENSBTAG00000017489",0,0
"vitro","ENSBTAG00000008300-ENSBTAG00000008165",0,0
"vitro","ENSBTAG00000011412-ENSBTAG00000019289",0,0
"vitro","ENSBTAG00000011412-ENSBTAG00000019929",0,0
"vitro","ENSBTAG00000011580-ENSBTAG00000046199",0,0
"vitro","ENSBTAG00000011810-ENSBTAG00000003777",0,0
"vitro","ENSBTAG00000011851-ENSBTAG00000018572",0,0
"vitro","ENSBTAG00000012413-ENSBTAG00000010543",0,0
"vitro","ENSBTAG00000012413-ENSBTAG00000014064",0,0
"vitro","ENSBTAG00000012519-ENSBTAG00000031753",0,0
"vitro","ENSBTAG00000012849-ENSBTAG00000003585",0,0
"vitro","ENSBTAG00000013472-ENSBTAG00000008165",0,0
"vitro","ENSBTAG00000013472-ENSBTAG00000017866",0,0
"vitro","ENSBTAG00000013898-ENSBTAG00000016159",0,0
"vitro","ENSBTAG00000015114-ENSBTAG00000008165",0,0
"vitro","ENSBTAG00000020661-ENSBTAG00000017851",0,0
"vitro","ENSBTAG00000021048-ENSBTAG00000002144",0,0
"vitro","ENSBTAG00000021105-ENSBTAG00000000477",0,0
"vitro","ENSBTAG00000022120-ENSBTAG00000008165",0,0
"vitro","ENSBTAG00000025210-ENSBTAG00000019929",0,0
"vitro","ENSBTAG00000025257-ENSBTAG00000014162",0,0
"vitro","ENSBTAG00000025868-ENSBTAG00000008165",0,0
"vitro","ENSBTAG00000032436-ENSBTAG00000012599",0,0
"vitro","ENSBTAG00000038735-ENSBTAG00000017489",0,0
"vivo","ENSBTAG00000021697-ENSBTAG00000019929",0.0234486788601533,0.0389546249467833
"vivo","ENSBTAG00000019269-ENSBTAG00000019289",0.0179971134984573,0.0559022991476649
"vivo","ENSBTAG00000019269-ENSBTAG00000015910",0.0176529076900922,0.0548508352808807
"vivo","ENSBTAG00000000442-ENSBTAG00000007348",0.0147995003321899,0.0307255574823467
"vivo","ENSBTAG00000025644-ENSBTAG00000010986",0.0137191240015538,0.0259467139046309
"vivo","ENSBTAG00000021697-ENSBTAG00000005990",0.0127241402181466,0.0357613064963369
"vivo","ENSBTAG00000002278-ENSBTAG00000019929",0.0124501398088672,0.0353861030067603
"vivo","ENSBTAG00000021697-ENSBTAG00000002804",0.0114161758382384,0.0319379297615848
"vivo","ENSBTAG00000021697-ENSBTAG00000007173",0.0113927251106922,0.0320693258045945
"vivo","ENSBTAG00000002278-ENSBTAG00000015910",0.0111517382193804,0.0326449421229927
"vivo","ENSBTAG00000021302-ENSBTAG00000019289",0.00959210487663543,0.0296599105281957
"vivo","ENSBTAG00000010123-ENSBTAG00000014611",0.00936625000000001,0.0296186831345521
"vivo","ENSBTAG00000012004-ENSBTAG00000019929",0.00894806211770696,0.0169426347905908
"vivo","ENSBTAG00000017473-ENSBTAG00000019289",0.00845787042483661,0.0265430743638073
"vivo","ENSBTAG00000008027-ENSBTAG00000012314",0.00804253075396826,0.0235873803439432
"vivo","ENSBTAG00000000470-ENSBTAG00000019929",0.00796750052300079,0.010214568892558
"vivo","ENSBTAG00000015991-ENSBTAG00000010444",0.00794819653524493,0.0197945279061036
"vivo","ENSBTAG00000014583-ENSBTAG00000010986",0.00780832043443001,0.0136819439148928
"vivo","ENSBTAG00000015362-ENSBTAG00000011909",0.00768226223554743,0.0186444592653456
"vivo","ENSBTAG00000015362-ENSBTAG00000000231",0.00749899199072221,0.0177337945375842
"vivo","ENSBTAG00000015362-ENSBTAG00000018105",0.00691898503544017,0.0185686933142353
"vivo","ENSBTAG00000015362-ENSBTAG00000018114",0.00691441642216906,0.0164070263339408
"vivo","ENSBTAG00000015362-ENSBTAG00000008997",0.00654839772059329,0.015761431974532
"vivo","ENSBTAG00000008027-ENSBTAG00000020704",0.00637863591269842,0.0198962542527452
"vivo","ENSBTAG00000002278-ENSBTAG00000013745",0.00622732941009511,0.01731828681626
"vivo","ENSBTAG00000032436-ENSBTAG00000010444",0.00580679011068671,0.0129242613206632
"vivo","ENSBTAG00000008027-ENSBTAG00000019903",0.00570746494220152,0.0173237166058268
"vivo","ENSBTAG00000015362-ENSBTAG00000006420",0.00569911258189609,0.0138246812425426
"vivo","ENSBTAG00000025210-ENSBTAG00000019929",0.00553983333333334,0.0174322853625956
"vivo","ENSBTAG00000004261-ENSBTAG00000017060",0.00528026249098124,0.016542718428609
"vivo","ENSBTAG00000008027-ENSBTAG00000002144",0.005,0.0158113883008419
"vivo","ENSBTAG00000006295-ENSBTAG00000017489",0.00485507525998906,0.0151605693627497
"vivo","ENSBTAG00000009972-ENSBTAG00000018105",0.00475383616820343,0.0138061023927829
"vivo","ENSBTAG00000046421-ENSBTAG00000007213",0.00469983436310554,0.0125514194551302
"vivo","ENSBTAG00000013760-ENSBTAG00000019929",0.00455329242408192,0.0125680738423567
"vivo","ENSBTAG00000008027-ENSBTAG00000016948",0.00442046689574793,0.0125217095423233
"vivo","ENSBTAG00000018343-ENSBTAG00000015312",0.0044,0.0139140217047409
"vivo","ENSBTAG00000012638-ENSBTAG00000017753",0.00417883928571429,0.0125988155142246
"vivo","ENSBTAG00000020638-ENSBTAG00000001141",0.004142,0.0130981540684174
"vivo","ENSBTAG00000009357-ENSBTAG00000012771",0.00410679613095238,0.0107070380765835
"vivo","ENSBTAG00000010738-ENSBTAG00000019428",0.00393467210514086,0.0123209114141665
"vivo","ENSBTAG00000016515-ENSBTAG00000000815",0.00389086391612201,0.0119856383512851
"vivo","ENSBTAG00000014113-ENSBTAG00000019428",0.00368970393271319,0.00966415039939886
"vivo","ENSBTAG00000012004-ENSBTAG00000019832",0.00367720770317398,0.0106706154622501
"vivo","ENSBTAG00000010663-ENSBTAG00000019929",0.0034129233748788,0.0103387558009299
"vivo","ENSBTAG00000010991-ENSBTAG00000007348",0.00260814285714286,0.00821910064679688
"vivo","ENSBTAG00000002302-ENSBTAG00000017256",0.00256388877243094,0.00759190415595238
"vivo","ENSBTAG00000021217-ENSBTAG00000019289",0.00250872841229893,0.00517128593626367
"vivo","ENSBTAG00000017122-ENSBTAG00000019289",0.00218993814997263,0.00685096399557996
"vivo","ENSBTAG00000020638-ENSBTAG00000000782",0.00193552573529412,0.00602977943368395
"vivo","ENSBTAG00000016800-ENSBTAG00000000782",0.00188762859154681,0.004845919758062
"vivo","ENSBTAG00000003835-ENSBTAG00000000231",0.00183589199019629,0.00466409853020184
"vivo","ENSBTAG00000000793-ENSBTAG00000015910",0.00183553765217512,0.00457529426127798
"vivo","ENSBTAG00000038735-ENSBTAG00000017489",0.00176698765432099,0.00535525157119971
"vivo","ENSBTAG00000000793-ENSBTAG00000019569",0.00172460895820271,0.00452857361350468
"vivo","ENSBTAG00000016800-ENSBTAG00000007338",0.00169542609126984,0.00426059443042445
"vivo","ENSBTAG00000006295-ENSBTAG00000019903",0.00161158156957422,0.00330155324347201
"vivo","ENSBTAG00000003835-ENSBTAG00000006420",0.00143080779539088,0.00316681569397184
"vivo","ENSBTAG00000014218-ENSBTAG00000005903",0.00135880088879109,0.0029183800029098
"vivo","ENSBTAG00000000793-ENSBTAG00000018169",0.0012934145935133,0.00331142794596091
"vivo","ENSBTAG00000000793-ENSBTAG00000017266",0.00125668588376422,0.00338024988609553
"vivo","ENSBTAG00000020676-ENSBTAG00000017060",0.00123633501344086,0.00378272891666716
"vivo","ENSBTAG00000019866-ENSBTAG00000009851",0.00122580671844984,0.00178942285986518
"vivo","ENSBTAG00000012004-ENSBTAG00000018035",0.00120933133224234,0.00212074251518982
"vivo","ENSBTAG00000016208-ENSBTAG00000015910",0.0011924315717317,0.00331443145036188
"vivo","ENSBTAG00000017122-ENSBTAG00000011741",0.0010198722826087,0.00302179318659862
"vivo","ENSBTAG00000005947-ENSBTAG00000019712",0.00101966671762793,0.00248115446926778
"vivo","ENSBTAG00000000310-ENSBTAG00000022799",0.00100170788002342,0.00210849153441264
"vivo","ENSBTAG00000000793-ENSBTAG00000019289",0.000992760572598215,0.00302291263522621
"vivo","ENSBTAG00000020221-ENSBTAG00000016999",0.000975160121328225,0.00308372706676333
"vivo","ENSBTAG00000009972-ENSBTAG00000011909",0.000923143648331955,0.00221655897150154
"vivo","ENSBTAG00000026236-ENSBTAG00000019929",0.000909799107142857,0.00202286804948887
"vivo","ENSBTAG00000017664-ENSBTAG00000011154",0.00090550330481441,0.00279550170824879
"vivo","ENSBTAG00000019866-ENSBTAG00000000782",0.000890318640253116,0.00137090092119604
"vivo","ENSBTAG00000006354-ENSBTAG00000025101",0.000881083342727845,0.00278623017145474
"vivo","ENSBTAG00000014834-ENSBTAG00000011628",0.000825529401965684,0.00238465839145094
"vivo","ENSBTAG00000003835-ENSBTAG00000002081",0.000812670156120761,0.00243425276311114
"vivo","ENSBTAG00000006295-ENSBTAG00000016948",0.000775144304586837,0.00229948388408709
"vivo","ENSBTAG00000007737-ENSBTAG00000010444",0.000761860119047619,0.00184925940879335
"vivo","ENSBTAG00000007446-ENSBTAG00000008733",0.000758327666756911,0.00238114887754873
"vivo","ENSBTAG00000012849-ENSBTAG00000019929",0.00075775,0.00239621589699259
"vivo","ENSBTAG00000007273-ENSBTAG00000012314",0.000742682987488977,0.00171943790679195
"vivo","ENSBTAG00000012398-ENSBTAG00000012314",0.000719535714285714,0.00170197708995721
"vivo","ENSBTAG00000019964-ENSBTAG00000003166",0.000710577817780338,0.00181506494568624
"vivo","ENSBTAG00000020221-ENSBTAG00000012314",0.000701536959228136,0.00195313885226637
"vivo","ENSBTAG00000012164-ENSBTAG00000010498",0.000689824443713614,0.00130720372588107
"vivo","ENSBTAG00000032808-ENSBTAG00000004211",0.000661690717317487,0.00192683754662404
"vivo","ENSBTAG00000013472-ENSBTAG00000001462",0.000645580836774153,0.00130666814927296
"vivo","ENSBTAG00000014218-ENSBTAG00000011761",0.000631102251666096,0.00137978796048034
"vivo","ENSBTAG00000021217-ENSBTAG00000010682",0.000629249124307592,0.00190738471059374
"vivo","ENSBTAG00000000073-ENSBTAG00000012314",0.000624759990642118,0.0017954404570221
"vivo","ENSBTAG00000008300-ENSBTAG00000019289",0.000622984169653525,0.00187451823480634
"vivo","ENSBTAG00000008300-ENSBTAG00000011741",0.000619727551961927,0.00155001581570366
"vivo","ENSBTAG00000015114-ENSBTAG00000017489",6e-04,0.00189736659610103
"vivo","ENSBTAG00000020661-ENSBTAG00000017851",0.0005965,0.00156117130172615
"vivo","ENSBTAG00000020221-ENSBTAG00000002107",0.000581449404761905,0.00156463385095288
"vivo","ENSBTAG00000020221-ENSBTAG00000005903",0.000579218253968254,0.0017070203533647
"vivo","ENSBTAG00000007273-ENSBTAG00000002144",0.000576826099176467,0.00149830899428259
"vivo","ENSBTAG00000013472-ENSBTAG00000015910",0.000574396567898263,0.000959868252612731
"vivo","ENSBTAG00000009876-ENSBTAG00000020736",0.000569451430880881,0.000979361000171735
"vivo","ENSBTAG00000014834-ENSBTAG00000005828",0.000568377314814815,0.00179736688518538
"vivo","ENSBTAG00000009476-ENSBTAG00000001462",0.000567932901542901,0.0010006933499065
"vivo","ENSBTAG00000020221-ENSBTAG00000006835",0.000566597658388068,0.00150247886212399
"vivo","ENSBTAG00000017664-ENSBTAG00000019712",0.000561170494553031,0.00177457691847069
"vivo","ENSBTAG00000012004-ENSBTAG00000015910",0.000560501041673868,0.00132014221098458
"vivo","ENSBTAG00000017664-ENSBTAG00000006161",0.000560305177243311,0.00177184054487321
"vivo","ENSBTAG00000021807-ENSBTAG00000016247",0.000551967774683501,0.00117681375328908
"vivo","ENSBTAG00000006295-ENSBTAG00000002144",0.000549899977302587,0.00155133326155317
"vivo","ENSBTAG00000009476-ENSBTAG00000000782",0.000548586080586081,0.00091909315499289
"vivo","ENSBTAG00000019267-ENSBTAG00000014357",0.000545754207318635,0.0016245436257651
"vivo","ENSBTAG00000020221-ENSBTAG00000005092",0.000543368055555556,0.00147145628196397
"vivo","ENSBTAG00000012623-ENSBTAG00000002606",0.000535805741512764,0.00123282805722743
"vivo","ENSBTAG00000014906-ENSBTAG00000015910",0.000524131780349047,0.00102527007696598
"vivo","ENSBTAG00000012817-ENSBTAG00000005397",0.000523059419225483,0.00111890009882536
"vivo","ENSBTAG00000017664-ENSBTAG00000015910",0.000509607301981224,0.00143212073415655
"vivo","ENSBTAG00000015991-ENSBTAG00000021190",0.000505351005334786,0.00135995134343204
"vivo","ENSBTAG00000019964-ENSBTAG00000001694",0.000503523782409536,0.00159228200847716
"vivo","ENSBTAG00000007273-ENSBTAG00000034385",0.000502493753785527,0.00097495188565249
"vivo","ENSBTAG00000014906-ENSBTAG00000008008",0.00049788137778269,0.00130788838821249
"vivo","ENSBTAG00000011034-ENSBTAG00000020148",0.000495700370362165,0.00106792818759551
"vivo","ENSBTAG00000002317-ENSBTAG00000018052",0.000490796186765014,0.000821686095535464
"vivo","ENSBTAG00000034077-ENSBTAG00000018999",0.000479859628020777,0.00126864759866343
"vivo","ENSBTAG00000005250-ENSBTAG00000008008",0.000479162300813845,0.000955340765212157
"vivo","ENSBTAG00000008096-ENSBTAG00000013674",0.000478778875990154,0.00103700914763455
"vivo","ENSBTAG00000002080-ENSBTAG00000022799",0.000478291405932622,0.00106490804219539
"vivo","ENSBTAG00000032436-ENSBTAG00000012314",0.000477892495841145,0.00151122876356056
"vivo","ENSBTAG00000006295-ENSBTAG00000020704",0.000475410586539609,0.00140562840097371
"vivo","ENSBTAG00000017549-ENSBTAG00000002699",0.000474474772732547,0.0015004209741256
"vivo","ENSBTAG00000006354-ENSBTAG00000017060",0.000472254373500063,0.00138411294300916
"vivo","ENSBTAG00000011563-ENSBTAG00000010497",0.000471135518948378,0.000912672751833725
"vivo","ENSBTAG00000019267-ENSBTAG00000011578",0.000466937918916763,0.000975893517135414
"vivo","ENSBTAG00000002317-ENSBTAG00000026676",0.00046500672760298,0.00099636777909929
"vivo","ENSBTAG00000019993-ENSBTAG00000027516",0.000464429131802254,0.000986973598830078
"vivo","ENSBTAG00000016043-ENSBTAG00000018035",0.000462682231800766,0.00120308396396753
"vivo","ENSBTAG00000005947-ENSBTAG00000015910",0.000451943492659979,0.00105753265826233
"vivo","ENSBTAG00000032808-ENSBTAG00000010785",0.00044780325140809,0.00109464216256989
"vivo","ENSBTAG00000005198-ENSBTAG00000011628",0.000445886306578027,0.000973568349929355
"vivo","ENSBTAG00000020645-ENSBTAG00000017489",0.000440062748015873,0.000957570522129395
"vivo","ENSBTAG00000037899-ENSBTAG00000007909",0.000437690476190476,0.00108565655913788
"vivo","ENSBTAG00000009476-ENSBTAG00000019289",0.000434807270875262,0.000812348028062984
"vivo","ENSBTAG00000007273-ENSBTAG00000011738",0.000434156805016473,0.00112817634717032
"vivo","ENSBTAG00000013162-ENSBTAG00000012314",0.000432530866112183,0.000980170124770687
"vivo","ENSBTAG00000013066-ENSBTAG00000021527",0.000432,0.00136610394919274
"vivo","ENSBTAG00000037899-ENSBTAG00000022799",0.000431958714896215,0.000864137299636982
"vivo","ENSBTAG00000038221-ENSBTAG00000000815",0.000422943835111452,0.00133746584127888
"vivo","ENSBTAG00000012004-ENSBTAG00000013755",0.000412515986942618,0.0011660118414691
"vivo","ENSBTAG00000015742-ENSBTAG00000007103",0.000409420138888889,0.000980072938618621
"vivo","ENSBTAG00000032808-ENSBTAG00000007498",0.000406729166666667,0.0012299431322248
"vivo","ENSBTAG00000017564-ENSBTAG00000017846",0.000404460648148148,0.00111839144485368
"vivo","ENSBTAG00000017448-ENSBTAG00000011628",0.000400254812725734,0.00110370436486624
"vivo","ENSBTAG00000016648-ENSBTAG00000017266",0.000397730730850543,0.00116091346044762
"vivo","ENSBTAG00000015991-ENSBTAG00000011628",0.000392138582449263,0.000807964776103252
"vivo","ENSBTAG00000009476-ENSBTAG00000013745",0.000391571231467905,0.000723923247144343
"vivo","ENSBTAG00000015362-ENSBTAG00000002081",0.000388868277144757,0.00107561443287137
"vivo","ENSBTAG00000019770-ENSBTAG00000012314",0.000386697092818482,0.000866432217325143
"vivo","ENSBTAG00000005339-ENSBTAG00000015910",0.000384836231823308,0.000770136217177007
"vivo","ENSBTAG00000009212-ENSBTAG00000012314",0.000379833333333333,0.000833811140797794
"vivo","ENSBTAG00000001725-ENSBTAG00000039292",0.000376100687780082,0.0010611719831375
"vivo","ENSBTAG00000011034-ENSBTAG00000003777",0.000370977641511586,0.000815208690692607
"vivo","ENSBTAG00000011808-ENSBTAG00000018105",0.000363774509706552,0.000865401601287729
"vivo","ENSBTAG00000012004-ENSBTAG00000008997",0.000362067665897716,0.000745911537395626
"vivo","ENSBTAG00000009476-ENSBTAG00000011971",0.000359965241835102,0.000581120380289511
"vivo","ENSBTAG00000021466-ENSBTAG00000004885",0.000356548332850398,0.00112750482774309
"vivo","ENSBTAG00000000073-ENSBTAG00000018517",0.000354547413793103,0.00102823966364163
"vivo","ENSBTAG00000025644-ENSBTAG00000026813",0.000350426024220702,0.000751929140615862
"vivo","ENSBTAG00000001745-ENSBTAG00000015910",0.000345501688187053,0.000748315968332057
"vivo","ENSBTAG00000010303-ENSBTAG00000011628",0.000341720611190734,0.000380422365384623
"vivo","ENSBTAG00000004594-ENSBTAG00000019569",0.000335777398005785,0.00101228786173313
"vivo","ENSBTAG00000002317-ENSBTAG00000014966",0.000334587959512307,0.000550601152847908
"vivo","ENSBTAG00000022120-ENSBTAG00000019929",0.000332955769928176,0.000611946054831209
"vivo","ENSBTAG00000047330-ENSBTAG00000017851",0.00033257366699055,0.000948373111101007
"vivo","ENSBTAG00000009761-ENSBTAG00000012314",0.000331934657212001,0.00104966955113716
"vivo","ENSBTAG00000012004-ENSBTAG00000024269",0.000331269753101836,0.000821851622620945
"vivo","ENSBTAG00000001725-ENSBTAG00000015127",0.000331020102301198,0.000717434237327446
"vivo","ENSBTAG00000002317-ENSBTAG00000011154",0.000330289392662691,0.000519737055773596
"vivo","ENSBTAG00000022120-ENSBTAG00000015910",0.000321260238647176,0.000873086357956319
"vivo","ENSBTAG00000017664-ENSBTAG00000011578",0.000318744829299241,0.000946529171556348
"vivo","ENSBTAG00000017246-ENSBTAG00000018035",0.000318698552142302,0.000688499328083341
"vivo","ENSBTAG00000021333-ENSBTAG00000017801",0.000317250538997396,0.000634593877307636
"vivo","ENSBTAG00000016208-ENSBTAG00000015127",0.000312730272400635,0.000669977514833927
"vivo","ENSBTAG00000021217-ENSBTAG00000015910",0.000311875,0.000986235345265013
"vivo","ENSBTAG00000013155-ENSBTAG00000010682",0.000306751946429472,0.000735983664091293
"vivo","ENSBTAG00000045520-ENSBTAG00000039292",0.00030602838725289,0.000583911862654392
"vivo","ENSBTAG00000003806-ENSBTAG00000016455",0.000304881179062127,0.000524636453469261
"vivo","ENSBTAG00000017745-ENSBTAG00000016933",0.000301369935089477,0.000834790078850522
"vivo","ENSBTAG00000019964-ENSBTAG00000005828",0.000301337224906065,0.000823282911545388
"vivo","ENSBTAG00000009972-ENSBTAG00000024269",0.000297426402464352,0.000591112268688359
"vivo","ENSBTAG00000012817-ENSBTAG00000007909",0.000296882812376618,0.000628908434061909
"vivo","ENSBTAG00000010673-ENSBTAG00000000815",0.000294928019655929,0.000932644287915645
"vivo","ENSBTAG00000013760-ENSBTAG00000015910",0.000293269830617868,0.000868267189343094
"vivo","ENSBTAG00000018463-ENSBTAG00000011578",0.000291485442541931,0.000841430753312515
"vivo","ENSBTAG00000009812-ENSBTAG00000039292",0.00028921960509545,0.000748678972939327
"vivo","ENSBTAG00000004594-ENSBTAG00000011578",0.00028918506773399,0.000914483479349477
"vivo","ENSBTAG00000004777-ENSBTAG00000014420",0.000285107952487181,0.000634110174876293
"vivo","ENSBTAG00000009476-ENSBTAG00000015910",0.000285094991591657,0.00061228989994793
"vivo","ENSBTAG00000016177-ENSBTAG00000011628",0.000284978640087511,0.000519264635104051
"vivo","ENSBTAG00000019993-ENSBTAG00000039292",0.000284925487184396,0.000602480062080096
"vivo","ENSBTAG00000012817-ENSBTAG00000022799",0.000284532441371863,0.00063648026406021
"vivo","ENSBTAG00000017664-ENSBTAG00000014357",0.000284415674603175,0.000899401333999338
"vivo","ENSBTAG00000021302-ENSBTAG00000015910",0.000280798837744903,0.00060309106735342
"vivo","ENSBTAG00000003658-ENSBTAG00000018517",0.000280793015300668,0.000472907541320099
"vivo","ENSBTAG00000002880-ENSBTAG00000013755",0.000279883928571429,0.000871509441230752
"vivo","ENSBTAG00000004777-ENSBTAG00000017753",0.000273509920634921,0.000646670385098178
"vivo","ENSBTAG00000007273-ENSBTAG00000032719",0.000273082552458569,0.000520328817117448
"vivo","ENSBTAG00000021105-ENSBTAG00000013205",0.00027113484345351,0.000857403658346287
"vivo","ENSBTAG00000014906-ENSBTAG00000011515",0.000270367756519498,0.000539414361904011
"vivo","ENSBTAG00000005260-ENSBTAG00000015910",0.000269008976574501,0.000449042087356613
"vivo","ENSBTAG00000010179-ENSBTAG00000026676",0.000268448412698413,0.000568801740941821
"vivo","ENSBTAG00000020221-ENSBTAG00000002144",0.000264461263911695,0.00079632577851489
"vivo","ENSBTAG00000001141-ENSBTAG00000015910",0.000260563119348445,0.00042726989910506
"vivo","ENSBTAG00000005691-ENSBTAG00000019866",0.000259772276334776,0.000531115880134056
"vivo","ENSBTAG00000003658-ENSBTAG00000015910",0.000258777672926066,0.000497147090499531
"vivo","ENSBTAG00000013718-ENSBTAG00000005072",0.000258285729065794,0.000465160849175227
"vivo","ENSBTAG00000026779-ENSBTAG00000007103",0.00025439552053984,0.000804469271450041
"vivo","ENSBTAG00000000073-ENSBTAG00000014611",0.000252032115618778,0.000441141517243017
"vivo","ENSBTAG00000007338-ENSBTAG00000017593",0.000250055132824047,0.000550956889649749
"vivo","ENSBTAG00000046421-ENSBTAG00000006240",0.000249003707665597,0.000560816843482556
"vivo","ENSBTAG00000015978-ENSBTAG00000039292",0.000248434653752883,0.000646451730270155
"vivo","ENSBTAG00000007153-ENSBTAG00000012219",0.000247512323023878,0.000443257954275509
"vivo","ENSBTAG00000032436-ENSBTAG00000006161",0.00024714801538671,0.000573207384206418
"vivo","ENSBTAG00000020238-ENSBTAG00000004739",0.000246222966269841,0.000454506557191067
"vivo","ENSBTAG00000010303-ENSBTAG00000007103",0.000246064981271771,0.000571295454241847
"vivo","ENSBTAG00000012638-ENSBTAG00000014420",0.000246041617419628,0.000604297099219688
"vivo","ENSBTAG00000040584-ENSBTAG00000021923",0.000242983250739317,0.000716127781832249
"vivo","ENSBTAG00000013155-ENSBTAG00000008373",0.000242475198412698,0.000766773903085372
"vivo","ENSBTAG00000007737-ENSBTAG00000011628",0.000241974251216683,0.000413029317964961
"vivo","ENSBTAG00000004630-ENSBTAG00000013745",0.0002407714093702,0.000553740979102374
"vivo","ENSBTAG00000020645-ENSBTAG00000011628",0.000238682877829205,0.00050404727467219
"vivo","ENSBTAG00000007740-ENSBTAG00000017266",0.0002382923394459,0.000682158467320128
"vivo","ENSBTAG00000020645-ENSBTAG00000014270",0.000235670823997831,0.000535886552938068
"vivo","ENSBTAG00000021457-ENSBTAG00000023147",0.000235468892945109,0.000427995726191517
"vivo","ENSBTAG00000001764-ENSBTAG00000026676",0.000235281330813488,0.000496095113616495
"vivo","ENSBTAG00000017473-ENSBTAG00000015910",0.000235183493589744,0.000493110354045498
"vivo","ENSBTAG00000017246-ENSBTAG00000012314",0.000234363419566545,0.000494165286393307
"vivo","ENSBTAG00000021466-ENSBTAG00000015910",0.000233492285372931,0.000738367437856478
"vivo","ENSBTAG00000001745-ENSBTAG00000019289",0.000231760484307359,0.000491541089941442
"vivo","ENSBTAG00000004630-ENSBTAG00000019929",0.000229471091824854,0.000605469990981272
"vivo","ENSBTAG00000008300-ENSBTAG00000001462",0.000229288810481622,0.000489402334756633
"vivo","ENSBTAG00000025644-ENSBTAG00000014600",0.000227528431389962,0.000589376563062492
"vivo","ENSBTAG00000020645-ENSBTAG00000021527",0.000226501199907491,0.000567627915879772
"vivo","ENSBTAG00000014583-ENSBTAG00000026813",0.000226221753818349,0.000489879838467819
"vivo","ENSBTAG00000015089-ENSBTAG00000023144",0.000223164141414141,0.000570408427773068
"vivo","ENSBTAG00000005250-ENSBTAG00000006240",0.000220481270135554,0.000544152347260011
"vivo","ENSBTAG00000018077-ENSBTAG00000024406",0.000219616095334845,0.000543829189058525
"vivo","ENSBTAG00000020342-ENSBTAG00000035084",0.000219375,0.000635027134700208
"vivo","ENSBTAG00000014921-ENSBTAG00000018474",0.000218353708791209,0.000477632335254299
"vivo","ENSBTAG00000009478-ENSBTAG00000000231",0.000218024397351843,0.000495950744875907
"vivo","ENSBTAG00000014575-ENSBTAG00000015910",0.000211704136141636,0.000372454600326526
"vivo","ENSBTAG00000010820-ENSBTAG00000002107",0.000210988591269841,0.000612804104570828
"vivo","ENSBTAG00000005198-ENSBTAG00000027464",0.000208998922413793,0.000518160671349583
"vivo","ENSBTAG00000015043-ENSBTAG00000007909",0.000207611111111111,0.00043822860552409
"vivo","ENSBTAG00000015789-ENSBTAG00000011628",0.000204257506382506,0.0006459189493551
"vivo","ENSBTAG00000012210-ENSBTAG00000039292",0.000204240296851935,0.000645864528041032
"vivo","ENSBTAG00000011412-ENSBTAG00000019929",0.000203,0.000641942365014181
"vivo","ENSBTAG00000007737-ENSBTAG00000019832",0.000201691162618246,0.000425220988909435
"vivo","ENSBTAG00000000575-ENSBTAG00000019929",0.000201445256132756,0.000572056983323466
"vivo","ENSBTAG00000014737-ENSBTAG00000011971",0.000200583681644026,0.000493271607133122
"vivo","ENSBTAG00000005691-ENSBTAG00000020644",0.000199018820339567,0.000347064810125753
"vivo","ENSBTAG00000025775-ENSBTAG00000016948",0.000197535594919786,0.000393273352022384
"vivo","ENSBTAG00000021316-ENSBTAG00000003585",0.000196695885416667,0.000622007004300164
"vivo","ENSBTAG00000023652-ENSBTAG00000001694",0.00019650484378605,0.000399354441512443
"vivo","ENSBTAG00000011291-ENSBTAG00000006732",0.000195510899353429,0.000362096196669999
"vivo","ENSBTAG00000003505-ENSBTAG00000006161",0.00019507970905611,0.000551873825596973
"vivo","ENSBTAG00000011580-ENSBTAG00000046199",0.000195,0.000411264986217997
"vivo","ENSBTAG00000014737-ENSBTAG00000001462",0.000194970238095238,0.000390751996866607
"vivo","ENSBTAG00000013155-ENSBTAG00000019289",0.000191623025590287,0.000417262814147311
"vivo","ENSBTAG00000017746-ENSBTAG00000009851",0.000191471848864994,0.000605487150216907
"vivo","ENSBTAG00000017473-ENSBTAG00000018169",0.000190921703296703,0.000311519098299486
"vivo","ENSBTAG00000000575-ENSBTAG00000026676",0.000190362377082965,0.00060197869238601
"vivo","ENSBTAG00000014906-ENSBTAG00000020755",0.000187655650630371,0.000406324714212764
"vivo","ENSBTAG00000004630-ENSBTAG00000015910",0.000185967261904762,0.000477932258298246
"vivo","ENSBTAG00000014113-ENSBTAG00000014162",0.000184933831908832,0.000500559782657258
"vivo","ENSBTAG00000009972-ENSBTAG00000018114",0.000184834188034188,0.00036855836291359
"vivo","ENSBTAG00000000073-ENSBTAG00000008849",0.000183356311576355,0.000579823567948779
"vivo","ENSBTAG00000012004-ENSBTAG00000013843",0.000183290412808642,0.000458112914591994
"vivo","ENSBTAG00000010452-ENSBTAG00000011515",0.000182593984781824,0.00036247416001294
"vivo","ENSBTAG00000004630-ENSBTAG00000003585",0.000182026404151404,0.000459235721559999
"vivo","ENSBTAG00000020244-ENSBTAG00000000815",0.00017934335016835,0.000379663939000837
"vivo","ENSBTAG00000040131-ENSBTAG00000017256",0.000178844242985999,0.000407004935334743
"vivo","ENSBTAG00000000575-ENSBTAG00000015910",0.000178618698896563,0.000380393521143358
"vivo","ENSBTAG00000022120-ENSBTAG00000006240",0.00017848318491853,0.000295979035873226
"vivo","ENSBTAG00000011851-ENSBTAG00000011425",0.000178353535353535,0.000564003400460536
"vivo","ENSBTAG00000011851-ENSBTAG00000000782",0.000177545142403049,0.000439272611377581
"vivo","ENSBTAG00000010663-ENSBTAG00000015910",0.00017720528431061,0.000426511593016462
"vivo","ENSBTAG00000012228-ENSBTAG00000014966",0.000175260416666667,0.000411056024749933
"vivo","ENSBTAG00000039355-ENSBTAG00000018993",0.000175054546992047,0.000278934783749004
"vivo","ENSBTAG00000018103-ENSBTAG00000006240",0.000174181277056277,0.00041119104489523
"vivo","ENSBTAG00000014906-ENSBTAG00000011578",0.000173366188627095,0.000548232025324001
"vivo","ENSBTAG00000020457-ENSBTAG00000014357",0.000172645833333333,0.000370071992730118
"vivo","ENSBTAG00000011802-ENSBTAG00000015910",0.000171205357142857,0.000395683110704151
"vivo","ENSBTAG00000001292-ENSBTAG00000034385",0.000171165773809524,0.000325223406895772
"vivo","ENSBTAG00000000575-ENSBTAG00000011154",0.000170386663105413,0.000434611372207697
"vivo","ENSBTAG00000007773-ENSBTAG00000017060",0.000169885978157148,0.000358649575673875
"vivo","ENSBTAG00000005850-ENSBTAG00000022799",0.000169447528334121,0.000358091597104966
"vivo","ENSBTAG00000017866-ENSBTAG00000014031",0.000167626068798428,0.000481911655018377
"vivo","ENSBTAG00000014737-ENSBTAG00000000782",0.00016480022762991,0.000267860140168261
"vivo","ENSBTAG00000009357-ENSBTAG00000012119",0.0001646875,0.000436125057831665
"vivo","ENSBTAG00000000575-ENSBTAG00000019289",0.000164610294117647,0.000520543455721982
"vivo","ENSBTAG00000017122-ENSBTAG00000015910",0.000164405415228627,0.000519895571788193
"vivo","ENSBTAG00000007773-ENSBTAG00000015910",0.000163894127739038,0.000262004691401804
"vivo","ENSBTAG00000021879-ENSBTAG00000013755",0.000163623876497482,0.000517424129318137
"vivo","ENSBTAG00000032436-ENSBTAG00000006378",0.00016153971028971,0.000323910614691216
"vivo","ENSBTAG00000015978-ENSBTAG00000011628",0.000161370567416597,0.00038975361485399
"vivo","ENSBTAG00000011851-ENSBTAG00000019866",0.00016087094619642,0.000508718599327087
"vivo","ENSBTAG00000010303-ENSBTAG00000017060",0.000159746887800819,0.000291621934896783
"vivo","ENSBTAG00000004129-ENSBTAG00000003220",0.000158684634038801,0.000501804873232894
"vivo","ENSBTAG00000004924-ENSBTAG00000031718",0.000157234455961238,0.000345124525786768
"vivo","ENSBTAG00000005260-ENSBTAG00000005990",0.00015692442048692,0.000335776475862449
"vivo","ENSBTAG00000009876-ENSBTAG00000006420",0.000156111712833832,0.0003349380971554
"vivo","ENSBTAG00000025644-ENSBTAG00000011628",0.000155292006126058,0.000400520780865459
"vivo","ENSBTAG00000007737-ENSBTAG00000045633",0.000155263449388098,0.00041950573982537
"vivo","ENSBTAG00000011802-ENSBTAG00000019289",0.000153777777777778,0.000345943155253384
"vivo","ENSBTAG00000011802-ENSBTAG00000017266",0.000153317586926962,0.000324477474816845
"vivo","ENSBTAG00000000575-ENSBTAG00000015127",0.000152805203121933,0.000340475807909564
"vivo","ENSBTAG00000020194-ENSBTAG00000011628",0.000152706992551719,0.000369422221110037
"vivo","ENSBTAG00000010726-ENSBTAG00000012314",0.000151871031746032,0.000293233295739787
"vivo","ENSBTAG00000015991-ENSBTAG00000024015",0.000150736991611908,0.000363531066498221
"vivo","ENSBTAG00000014575-ENSBTAG00000019929",0.000150648112157339,0.000335527854930102
"vivo","ENSBTAG00000000559-ENSBTAG00000020661",0.00015,0.000341396968984932
"vivo","ENSBTAG00000020457-ENSBTAG00000003045",0.000149666666666667,0.000315604260716987
"vivo","ENSBTAG00000014575-ENSBTAG00000003585",0.000147676785676215,0.00033445220529626
"vivo","ENSBTAG00000005339-ENSBTAG00000011628",0.000147080794611199,0.000341836380001113
"vivo","ENSBTAG00000034501-ENSBTAG00000005397",0.000142118114225977,0.000321585809656668
"vivo","ENSBTAG00000023600-ENSBTAG00000005910",0.000141935344827586,0.000448838970136571
"vivo","ENSBTAG00000021316-ENSBTAG00000015910",0.000141481060606061,0.000447402397291474
"vivo","ENSBTAG00000005339-ENSBTAG00000000782",0.000141415032016594,0.000447193596558073
"vivo","ENSBTAG00000003329-ENSBTAG00000006420",0.000140860416666667,0.000202325381416295
"vivo","ENSBTAG00000038735-ENSBTAG00000016948",0.000140081788460544,0.000442977510245211
"vivo","ENSBTAG00000005260-ENSBTAG00000013755",0.000139875,0.00034518133821225
"vivo","ENSBTAG00000009478-ENSBTAG00000006420",0.00013922762345679,0.000332218294291519
"vivo","ENSBTAG00000000575-ENSBTAG00000012897",0.000138490734265734,0.000296704193936398
"vivo","ENSBTAG00000010562-ENSBTAG00000011515",0.00013846205749122,0.00034799633385819
"vivo","ENSBTAG00000010138-ENSBTAG00000019866",0.000137968864468864,0.000335533619562948
"vivo","ENSBTAG00000007737-ENSBTAG00000012314",0.000137735880087251,0.000307768709908424
"vivo","ENSBTAG00000005163-ENSBTAG00000006240",0.000137591404046145,0.000237532767213075
"vivo","ENSBTAG00000015150-ENSBTAG00000017745",0.000137522585797872,0.000238120430680987
"vivo","ENSBTAG00000008300-ENSBTAG00000001882",0.000136965117521368,0.000204263677652613
"vivo","ENSBTAG00000021499-ENSBTAG00000008849",0.000136391594516595,0.000431308092374571
"vivo","ENSBTAG00000006655-ENSBTAG00000003255",0.000136271220159151,0.000378333241908446
"vivo","ENSBTAG00000006685-ENSBTAG00000019404",0.000134543947331502,0.000219653306873608
"vivo","ENSBTAG00000005691-ENSBTAG00000026676",0.000133733364468559,0.000339755737483254
"vivo","ENSBTAG00000025644-ENSBTAG00000012687",0.0001307093248187,0.000283057195800547
"vivo","ENSBTAG00000014737-ENSBTAG00000015910",0.000129854166666667,0.000275100115930041
"vivo","ENSBTAG00000021945-ENSBTAG00000011741",0.000129416666666667,0.000325204600839852
"vivo","ENSBTAG00000008096-ENSBTAG00000019733",0.000129343795093795,0.000409020993706505
"vivo","ENSBTAG00000020457-ENSBTAG00000013755",0.000128665509259259,0.000274859445493093
"vivo","ENSBTAG00000017549-ENSBTAG00000008197",0.000128338769807583,0.000308248651775065
"vivo","ENSBTAG00000010361-ENSBTAG00000007909",0.000127992023648866,0.000242577857439034
"vivo","ENSBTAG00000021316-ENSBTAG00000019929",0.00012784375,0.000404277434617151
"vivo","ENSBTAG00000006538-ENSBTAG00000016948",0.000127824725043475,0.000404217272422147
"vivo","ENSBTAG00000003176-ENSBTAG00000015910",0.000127574272311341,0.000308723885216353
"vivo","ENSBTAG00000013155-ENSBTAG00000015910",0.000127491157579633,0.000319568032689637
"vivo","ENSBTAG00000011412-ENSBTAG00000012897",0.000126818043324959,0.000312259177457905
"vivo","ENSBTAG00000025471-ENSBTAG00000004211",0.000126708333333333,0.000317160096198072
"vivo","ENSBTAG00000000575-ENSBTAG00000013745",0.000124295677361854,0.000262253253777252
"vivo","ENSBTAG00000001244-ENSBTAG00000017060",0.00012368242585883,0.000287920664635969
"vivo","ENSBTAG00000015801-ENSBTAG00000015510",0.000123677518903964,0.000261365185489096
"vivo","ENSBTAG00000008300-ENSBTAG00000017489",0.000123056547619048,0.000316531778234693
"vivo","ENSBTAG00000007244-ENSBTAG00000011741",0.000122599117253086,0.000259332718175805
"vivo","ENSBTAG00000010562-ENSBTAG00000020755",0.000122116855889033,0.000275662690862835
"vivo","ENSBTAG00000005111-ENSBTAG00000018114",0.000121567819312889,0.000285527492915773
"vivo","ENSBTAG00000010312-ENSBTAG00000020199",0.000121215292366947,0.000383316411122774
"vivo","ENSBTAG00000014921-ENSBTAG00000017745",0.000120115880427842,0.000301399154873634
"vivo","ENSBTAG00000017280-ENSBTAG00000037735",0.000119484758632944,0.00037784398295557
"vivo","ENSBTAG00000020457-ENSBTAG00000019832",0.000118462848932677,0.000252559891773157
"vivo","ENSBTAG00000014465-ENSBTAG00000013755",0.000117289278841323,0.000316961381602705
"vivo","ENSBTAG00000012398-ENSBTAG00000014357",0.000117254032258065,0.000293009581512161
"vivo","ENSBTAG00000019716-ENSBTAG00000003220",0.000117249007936508,0.00024834121721058
"vivo","ENSBTAG00000021466-ENSBTAG00000010682",0.00011625,0.000367614777994574
"vivo","ENSBTAG00000006685-ENSBTAG00000005215",0.000115193630169173,0.000211655371737427
"vivo","ENSBTAG00000013103-ENSBTAG00000013745",0.000114729124952326,0.000362805348807409
"vivo","ENSBTAG00000014583-ENSBTAG00000011628",0.000114549685549007,0.000362237911590938
"vivo","ENSBTAG00000014737-ENSBTAG00000037649",0.000114166666666667,0.000240884750374454
"vivo","ENSBTAG00000011851-ENSBTAG00000007338",0.000113897187715666,0.000260166615035491
"vivo","ENSBTAG00000014583-ENSBTAG00000011050",0.00011386120248538,0.000360060736979426
"vivo","ENSBTAG00000021466-ENSBTAG00000019289",0.000113744499203505,0.000359691688798282
"vivo","ENSBTAG00000017246-ENSBTAG00000006161",0.000113627155172414,0.00035932061439021
"vivo","ENSBTAG00000020194-ENSBTAG00000014064",0.000112548147919332,0.000248186023024131
"vivo","ENSBTAG00000000575-ENSBTAG00000011628",0.0001113125,0.000352001032047493
"vivo","ENSBTAG00000000575-ENSBTAG00000015296",0.000111286709503621,0.00035191947533695
"vivo","ENSBTAG00000024394-ENSBTAG00000019866",0.00011121626984127,0.000260254409273227
"vivo","ENSBTAG00000010663-ENSBTAG00000013745",0.000111143719806763,0.000272002407667573
"vivo","ENSBTAG00000010303-ENSBTAG00000007626",0.000110868954613095,0.000189613737926314
"vivo","ENSBTAG00000022120-ENSBTAG00000013745",0.000110494411856912,0.000349414010188556
"vivo","ENSBTAG00000006295-ENSBTAG00000017981",0.000110489012814813,0.000260893487043519
"vivo","ENSBTAG00000000575-ENSBTAG00000020679",0.000110019230769231,0.000260277341625447
"vivo","ENSBTAG00000007268-ENSBTAG00000015910",0.000109676462673192,0.000178402904814966
"vivo","ENSBTAG00000003832-ENSBTAG00000022799",0.00010933723316913,0.000250758728550166
"vivo","ENSBTAG00000020556-ENSBTAG00000017033",0.000108722222222222,0.000320886551622759
"vivo","ENSBTAG00000025210-ENSBTAG00000013755",0.000108248931657792,0.00031766096339186
"vivo","ENSBTAG00000020645-ENSBTAG00000005990",0.000105457709516016,0.000224503878698579
"vivo","ENSBTAG00000045582-ENSBTAG00000002144",0.000105136375343407,0.00019704564723043
"vivo","ENSBTAG00000013191-ENSBTAG00000015910",0.00010477908113392,0.000234527058882038
"vivo","ENSBTAG00000001601-ENSBTAG00000011578",0.0001045,0.000330458015487596
"vivo","ENSBTAG00000005581-ENSBTAG00000014162",0.000104,0.000328876876657511
"vivo","ENSBTAG00000006045-ENSBTAG00000034385",0.000103321500541098,0.000271066625880007
"vivo","ENSBTAG00000005691-ENSBTAG00000027464",0.000102798387096774,0.00032507704301747
"vivo","ENSBTAG00000006396-ENSBTAG00000003798",0.000101843664321789,0.000322057944514482
"vivo","ENSBTAG00000018347-ENSBTAG00000013205",0.000101743055555556,0.000225904461758362
"vivo","ENSBTAG00000009478-ENSBTAG00000014354",0.000100836766280315,0.000240679232152316
"vivo","ENSBTAG00000005359-ENSBTAG00000024269",0.000100809027777778,0.000175180639954605
"vivo","ENSBTAG00000020645-ENSBTAG00000011461",0.000100630363984674,0.00025339833631232
"vivo","ENSBTAG00000011966-ENSBTAG00000019289",1e-04,0.000316227766016838
"vivo","ENSBTAG00000005339-ENSBTAG00000003166",9.9898169933719e-05,0.00022521567809
"vivo","ENSBTAG00000007244-ENSBTAG00000015910",9.95069444444445e-05,0.000314668587448283
"vivo","ENSBTAG00000003837-ENSBTAG00000011761",9.8739417989418e-05,0.000169134803806467
"vivo","ENSBTAG00000007737-ENSBTAG00000018035",9.83453096529239e-05,0.000228493185608885
"vivo","ENSBTAG00000003585-ENSBTAG00000007213",9.79752365689866e-05,0.000183099141885364
"vivo","ENSBTAG00000012109-ENSBTAG00000013674",9.77383877012573e-05,0.000217457517608136
"vivo","ENSBTAG00000000073-ENSBTAG00000000736",9.76216032608696e-05,0.000308706615141668
"vivo","ENSBTAG00000020645-ENSBTAG00000039292",9.75072020189594e-05,0.00024034981141811
"vivo","ENSBTAG00000018103-ENSBTAG00000014420",9.75e-05,0.000308322071866417
"vivo","ENSBTAG00000017246-ENSBTAG00000010444",9.67916666666667e-05,0.000234327252337989
"vivo","ENSBTAG00000025257-ENSBTAG00000019428",9.61456413210446e-05,0.000267183392821275
"vivo","ENSBTAG00000001321-ENSBTAG00000013205",9.60208333333333e-05,0.000303644536160751
"vivo","ENSBTAG00000017246-ENSBTAG00000022799",9.58314732854365e-05,0.000220232830756672
"vivo","ENSBTAG00000012413-ENSBTAG00000014064",9.55927938808374e-05,0.000201967953654783
"vivo","ENSBTAG00000010673-ENSBTAG00000006359",9.54858058608059e-05,0.000192013138597847
"vivo","ENSBTAG00000001941-ENSBTAG00000006161",9.45329939668175e-05,0.000199593990419826
"vivo","ENSBTAG00000008300-ENSBTAG00000019929",9.42122395833333e-05,0.000223366656181825
"vivo","ENSBTAG00000004924-ENSBTAG00000039292",9.41279761621367e-05,0.000204683135827743
"vivo","ENSBTAG00000023907-ENSBTAG00000015996",9.39821643656964e-05,0.000189997527852444
"vivo","ENSBTAG00000004086-ENSBTAG00000019712",9.39583333333333e-05,0.000297122338486654
"vivo","ENSBTAG00000008817-ENSBTAG00000017266",9.39285714285714e-05,0.000297028223080101
"vivo","ENSBTAG00000014113-ENSBTAG00000003220",9.39165415884233e-05,0.000198045931462803
"vivo","ENSBTAG00000011010-ENSBTAG00000009757",9.38315817824989e-05,0.000198866706702395
"vivo","ENSBTAG00000014575-ENSBTAG00000019289",9.36165613924499e-05,0.00026085325971898
"vivo","ENSBTAG00000009393-ENSBTAG00000039292",9.34315734003234e-05,0.000198134849964866
"vivo","ENSBTAG00000005359-ENSBTAG00000019832",9.33146306818182e-05,0.000196724548558301
"vivo","ENSBTAG00000006984-ENSBTAG00000021818",9.28221309267241e-05,0.000203154756513369
"vivo","ENSBTAG00000001764-ENSBTAG00000021190",9.27438490625156e-05,0.000196232513362626
"vivo","ENSBTAG00000007446-ENSBTAG00000008849",9.27081960319439e-05,0.000188922308730767
"vivo","ENSBTAG00000013898-ENSBTAG00000047704",9.26198878797209e-05,0.000202665305324201
"vivo","ENSBTAG00000020221-ENSBTAG00000035084",9.25e-05,0.000292510683565575
"vivo","ENSBTAG00000007740-ENSBTAG00000007909",9.24305555555556e-05,0.000195931934397297
"vivo","ENSBTAG00000006655-ENSBTAG00000008218",9.14242277061288e-05,0.000196061434721666
"vivo","ENSBTAG00000023652-ENSBTAG00000005828",9.08339049721171e-05,0.000199100446746247
"vivo","ENSBTAG00000011104-ENSBTAG00000018300",9.07560606060606e-05,0.000286995862979433
"vivo","ENSBTAG00000022635-ENSBTAG00000015910",9.0653115055597e-05,0.000286670320564988
"vivo","ENSBTAG00000020645-ENSBTAG00000012848",9.05e-05,0.000286186128245238
"vivo","ENSBTAG00000037533-ENSBTAG00000037735",8.98695652173913e-05,0.000191972789152101
"vivo","ENSBTAG00000005280-ENSBTAG00000048246",8.87930008210181e-05,0.000153004230709627
"vivo","ENSBTAG00000008027-ENSBTAG00000007175",8.85964026915114e-05,0.000192977616019434
"vivo","ENSBTAG00000020645-ENSBTAG00000014600",8.85308336055994e-05,0.000279959077347071
"vivo","ENSBTAG00000005305-ENSBTAG00000008849",8.71068007662835e-05,0.000275455890111956
"vivo","ENSBTAG00000019910-ENSBTAG00000015510",8.68442857142857e-05,0.000210964206296792
"vivo","ENSBTAG00000039355-ENSBTAG00000011515",8.68010204081633e-05,0.000192949262307901
"vivo","ENSBTAG00000009478-ENSBTAG00000018035",8.65538364711752e-05,0.000239866249230641
"vivo","ENSBTAG00000007338-ENSBTAG00000004917",8.61944444444444e-05,0.000149900747341359
"vivo","ENSBTAG00000020457-ENSBTAG00000013222",8.58363095238095e-05,0.000183733915060893
"vivo","ENSBTAG00000012088-ENSBTAG00000015910",8.51388888888889e-05,0.000269232806344891
"vivo","ENSBTAG00000013103-ENSBTAG00000015910",8.50396825396825e-05,0.000268919088323049
"vivo","ENSBTAG00000017280-ENSBTAG00000039292",8.48662019632414e-05,0.000181272366275604
"vivo","ENSBTAG00000007737-ENSBTAG00000002144",8.47971781305115e-05,0.000221726661176349
"vivo","ENSBTAG00000034077-ENSBTAG00000017846",8.45242514577822e-05,0.00014950344040433
"vivo","ENSBTAG00000012529-ENSBTAG00000012899",8.41119799771761e-05,0.000265985435234354
"vivo","ENSBTAG00000017746-ENSBTAG00000010462",8.37874503968254e-05,0.000245026968167694
"vivo","ENSBTAG00000025644-ENSBTAG00000014773",8.37541388588264e-05,0.000264853842259907
"vivo","ENSBTAG00000018134-ENSBTAG00000011628",8.35726495726496e-05,0.00026427992274467
"vivo","ENSBTAG00000005198-ENSBTAG00000019866",8.34233738785369e-05,0.000134707386174738
"vivo","ENSBTAG00000016208-ENSBTAG00000038141",8.24597387566138e-05,0.000174200756889279
"vivo","ENSBTAG00000012210-ENSBTAG00000037735",8.24569057297716e-05,0.000175159492642433
"vivo","ENSBTAG00000017473-ENSBTAG00000017266",8.18401687087942e-05,0.000175101053766721
"vivo","ENSBTAG00000008817-ENSBTAG00000015910",8.17319444444444e-05,0.000190540306642726
"vivo","ENSBTAG00000007244-ENSBTAG00000000253",8.1612622530726e-05,0.000176732469374202
"vivo","ENSBTAG00000004129-ENSBTAG00000014798",8.14779202279202e-05,0.000257655806933733
"vivo","ENSBTAG00000005710-ENSBTAG00000009851",8.05083536380811e-05,0.00025458976816664
"vivo","ENSBTAG00000016515-ENSBTAG00000015510",7.97414181422802e-05,0.000252164505181478
"vivo","ENSBTAG00000010963-ENSBTAG00000000973",7.96134761855528e-05,0.000251759917189921
"vivo","ENSBTAG00000008817-ENSBTAG00000019929",7.91889880952381e-05,0.000189949957756498
"vivo","ENSBTAG00000001292-ENSBTAG00000032007",7.90825892857143e-05,0.000204282749987033
"vivo","ENSBTAG00000008300-ENSBTAG00000015910",7.87982190749863e-05,0.000210870632510073
"vivo","ENSBTAG00000018343-ENSBTAG00000020736",7.84158723132622e-05,0.000177294992293253
"vivo","ENSBTAG00000010312-ENSBTAG00000014420",7.83336216252883e-05,0.000186001040075458
"vivo","ENSBTAG00000007244-ENSBTAG00000019929",7.83035714285714e-05,0.000165093368704323
"vivo","ENSBTAG00000017246-ENSBTAG00000007909",7.79248484274346e-05,0.000246420007354084
"vivo","ENSBTAG00000011810-ENSBTAG00000003777",7.79166666666667e-05,0.000246394134354786
"vivo","ENSBTAG00000020194-ENSBTAG00000015457",7.73727568342152e-05,0.000178407131687073
"vivo","ENSBTAG00000014465-ENSBTAG00000019929",7.7040538463396e-05,0.000162424546401965
"vivo","ENSBTAG00000016267-ENSBTAG00000020755",7.69932411406282e-05,0.000171272578949085
"vivo","ENSBTAG00000002441-ENSBTAG00000039292",7.67380952380952e-05,0.000178758351902521
"vivo","ENSBTAG00000013103-ENSBTAG00000010682",7.65906862745098e-05,0.000197714275247181
"vivo","ENSBTAG00000021499-ENSBTAG00000008036",7.65779190920851e-05,0.000195953474013823
"vivo","ENSBTAG00000002317-ENSBTAG00000012119",7.64646127129013e-05,0.000138220750100798
"vivo","ENSBTAG00000008300-ENSBTAG00000017266",7.56822500088282e-05,0.000124825800821564
"vivo","ENSBTAG00000017246-ENSBTAG00000006240",7.48652212253661e-05,0.000236744616604539
"vivo","ENSBTAG00000001368-ENSBTAG00000015910",7.47494553045334e-05,0.000129082793011803
"vivo","ENSBTAG00000013191-ENSBTAG00000018052",7.42426555299539e-05,0.000172476864618368
"vivo","ENSBTAG00000021807-ENSBTAG00000021664",7.39268298465219e-05,0.000233777162510725
"vivo","ENSBTAG00000014583-ENSBTAG00000012687",7.34652777777778e-05,0.000232317606714731
"vivo","ENSBTAG00000018773-ENSBTAG00000006161",7.25138888888889e-05,0.000229309050885265
"vivo","ENSBTAG00000015352-ENSBTAG00000012599",7.23080357142857e-05,0.000165155719087783
"vivo","ENSBTAG00000013898-ENSBTAG00000039292",7.22762368815592e-05,0.000176264107608044
"vivo","ENSBTAG00000020194-ENSBTAG00000010543",7.18425925925926e-05,0.000158787057464387
"vivo","ENSBTAG00000005111-ENSBTAG00000018105",7.16835317460318e-05,0.000226683231042447
"vivo","ENSBTAG00000007740-ENSBTAG00000013320",7.1155711736449e-05,0.000174488086193243
"vivo","ENSBTAG00000005260-ENSBTAG00000019929",7.09345238095238e-05,0.00016039160249757
"vivo","ENSBTAG00000018343-ENSBTAG00000010497",7.09020923273155e-05,0.000160751952976867
"vivo","ENSBTAG00000006505-ENSBTAG00000006240",7.06583514261388e-05,0.000150301291442252
"vivo","ENSBTAG00000000016-ENSBTAG00000013674",7.06481172874555e-05,0.000155533643783644
"vivo","ENSBTAG00000013003-ENSBTAG00000012687",7.04521604938272e-05,0.000150378403668655
"vivo","ENSBTAG00000007708-ENSBTAG00000000244",7.02527732683983e-05,0.00022215877547153
"vivo","ENSBTAG00000005111-ENSBTAG00000000231",7.01823361823362e-05,0.000118240186118335
"vivo","ENSBTAG00000039355-ENSBTAG00000011578",7.01218619474958e-05,0.000145623568799042
"vivo","ENSBTAG00000012413-ENSBTAG00000015457",6.8375e-05,0.000144149866554839
"vivo","ENSBTAG00000013760-ENSBTAG00000019289",6.8229525862069e-05,0.000191386671495122
"vivo","ENSBTAG00000005077-ENSBTAG00000018424",6.77818452380952e-05,0.000214345014961419
"vivo","ENSBTAG00000005691-ENSBTAG00000024269",6.7614927079471e-05,0.00014964871705157
"vivo","ENSBTAG00000019665-ENSBTAG00000005273",6.70698966646547e-05,0.000212093635892439
"vivo","ENSBTAG00000025644-ENSBTAG00000011515",6.70357434640523e-05,0.000211985633989151
"vivo","ENSBTAG00000020342-ENSBTAG00000002107",6.68493208828523e-05,0.000211396114025271
"vivo","ENSBTAG00000000277-ENSBTAG00000011238",6.6151767811042e-05,0.000141073313227562
"vivo","ENSBTAG00000025644-ENSBTAG00000004337",6.61077578647346e-05,0.000209051085859471
"vivo","ENSBTAG00000010138-ENSBTAG00000011971",6.60451439196368e-05,0.000142046915180769
"vivo","ENSBTAG00000023907-ENSBTAG00000013755",6.5625e-05,0.00020752447144855
"vivo","ENSBTAG00000013103-ENSBTAG00000019289",6.52796717171717e-05,0.000206432447534338
"vivo","ENSBTAG00000021457-ENSBTAG00000011986",6.43517266724504e-05,0.000161259874364326
"vivo","ENSBTAG00000014906-ENSBTAG00000011628",6.4259746710746e-05,0.000203207161471471
"vivo","ENSBTAG00000010738-ENSBTAG00000001338",6.42083333333333e-05,0.000203044578096645
"vivo","ENSBTAG00000005339-ENSBTAG00000019866",6.39434523809524e-05,0.000160322773693234
"vivo","ENSBTAG00000011784-ENSBTAG00000000736",6.38338744588745e-05,0.000201860435163292
"vivo","ENSBTAG00000005947-ENSBTAG00000015739",6.37436620301264e-05,0.000139928116779234
"vivo","ENSBTAG00000007737-ENSBTAG00000011909",6.37143939393939e-05,0.000201482604585713
"vivo","ENSBTAG00000017753-ENSBTAG00000014420",6.36978086818773e-05,0.000176921944043794
"vivo","ENSBTAG00000022120-ENSBTAG00000017060",6.35760841309229e-05,0.000137861726881935
"vivo","ENSBTAG00000014921-ENSBTAG00000007101",6.35110837438424e-05,0.000200839681296236
"vivo","ENSBTAG00000007740-ENSBTAG00000015127",6.33333333333333e-05,0.000200277585143997
"vivo","ENSBTAG00000003329-ENSBTAG00000002081",6.30780919978879e-05,0.000146498832652261
"vivo","ENSBTAG00000038735-ENSBTAG00000017981",6.30467075892857e-05,0.000144872997637452
"vivo","ENSBTAG00000015991-ENSBTAG00000018993",6.27567440238214e-05,0.000132878784980249
"vivo","ENSBTAG00000020457-ENSBTAG00000015910",6.26388888888889e-05,0.000198081558991103
"vivo","ENSBTAG00000005198-ENSBTAG00000015457",6.22816091954023e-05,0.000160803223903383
"vivo","ENSBTAG00000005108-ENSBTAG00000004356",6.21837797619048e-05,0.000153147497382014
"vivo","ENSBTAG00000002006-ENSBTAG00000014269",6.09916895071982e-05,0.000128718101089903
"vivo","ENSBTAG00000000476-ENSBTAG00000003781",6.08958333333333e-05,0.000129098251370592
"vivo","ENSBTAG00000017753-ENSBTAG00000015996",6.04411764705882e-05,0.000191131782107236
"vivo","ENSBTAG00000007897-ENSBTAG00000016948",6.03010023508745e-05,0.000190688512619931
"vivo","ENSBTAG00000013363-ENSBTAG00000009851",6.02940705128205e-05,0.000160606646843749
"vivo","ENSBTAG00000020556-ENSBTAG00000018517",6.01835317460317e-05,0.000127655225975205
"vivo","ENSBTAG00000000130-ENSBTAG00000014357",6.01795977011494e-05,0.000132938243948252
"vivo","ENSBTAG00000003505-ENSBTAG00000011628",6.0031746031746e-05,0.000189837049377092
"vivo","ENSBTAG00000012849-ENSBTAG00000015910",5.99457417582418e-05,0.00017154375996353
"vivo","ENSBTAG00000005947-ENSBTAG00000013745",5.98694695311075e-05,0.000189323886024353
"vivo","ENSBTAG00000006989-ENSBTAG00000011971",5.91666666666667e-05,0.000187101428226629
"vivo","ENSBTAG00000018773-ENSBTAG00000019866",5.91588180091857e-05,0.000124733497811597
"vivo","ENSBTAG00000005691-ENSBTAG00000015457",5.86709401709402e-05,0.000123722980623846
"vivo","ENSBTAG00000005108-ENSBTAG00000001060",5.83839586339586e-05,0.000184626288100362
"vivo","ENSBTAG00000021048-ENSBTAG00000020704",5.79995667016807e-05,0.000122276969583586
"vivo","ENSBTAG00000015089-ENSBTAG00000002135",5.78125e-05,0.000182819177228484
"vivo","ENSBTAG00000032436-ENSBTAG00000002144",5.71237599206349e-05,0.000158266434807005
"vivo","ENSBTAG00000010963-ENSBTAG00000002414",5.66111111111111e-05,0.000179020051983977
"vivo","ENSBTAG00000005260-ENSBTAG00000013745",5.63663194444445e-05,0.000178245952765081
"vivo","ENSBTAG00000007740-ENSBTAG00000015910",5.62803199404762e-05,0.000177973998454897
"vivo","ENSBTAG00000008300-ENSBTAG00000004356",5.59006153488912e-05,0.000176773267107464
"vivo","ENSBTAG00000031998-ENSBTAG00000039292",5.5823275862069e-05,0.000176528698176037
"vivo","ENSBTAG00000025644-ENSBTAG00000010785",5.58125e-05,0.000155584708639699
"vivo","ENSBTAG00000006354-ENSBTAG00000012071",5.55993678160919e-05,0.000175820638764312
"vivo","ENSBTAG00000001725-ENSBTAG00000014798",5.55506181917211e-05,0.000175666478916223
"vivo","ENSBTAG00000032436-ENSBTAG00000006240",5.55276124338624e-05,0.000175593728322091
"vivo","ENSBTAG00000014051-ENSBTAG00000020148",5.51087962962963e-05,0.000174269315406548
"vivo","ENSBTAG00000020457-ENSBTAG00000013843",5.50409226190476e-05,0.000174054679993271
"vivo","ENSBTAG00000011851-ENSBTAG00000002699",5.42952355104573e-05,0.0001716966103083
"vivo","ENSBTAG00000001321-ENSBTAG00000005273",5.42291666666667e-05,0.000171487682279548
"vivo","ENSBTAG00000011082-ENSBTAG00000021527",5.38212331649832e-05,0.00012948227862688
"vivo","ENSBTAG00000002006-ENSBTAG00000003585",5.37308900338792e-05,0.000115632721668718
"vivo","ENSBTAG00000007773-ENSBTAG00000018993",5.35664682539683e-05,0.000169392045893643
"vivo","ENSBTAG00000025471-ENSBTAG00000006378",5.33700396825397e-05,0.000116885556453661
"vivo","ENSBTAG00000001941-ENSBTAG00000023144",5.32222222222222e-05,0.00016830344435785
"vivo","ENSBTAG00000020406-ENSBTAG00000021527",5.3033870891719e-05,0.00012363363701145
"vivo","ENSBTAG00000007737-ENSBTAG00000007909",5.27718253968254e-05,0.000118877393012616
"vivo","ENSBTAG00000017246-ENSBTAG00000019832",5.23383620689655e-05,0.000165508433140494
"vivo","ENSBTAG00000014051-ENSBTAG00000015910",5.23333333333334e-05,0.000165492530882145
"vivo","ENSBTAG00000021316-ENSBTAG00000019289",5.22171052631579e-05,0.000114132069295574
"vivo","ENSBTAG00000017122-ENSBTAG00000018052",5.21696428571429e-05,0.000164974896146106
"vivo","ENSBTAG00000007148-ENSBTAG00000008165",5.18000691438191e-05,0.000118821648021371
"vivo","ENSBTAG00000019336-ENSBTAG00000002107",5.15803571428571e-05,0.000163111411096364
"vivo","ENSBTAG00000011082-ENSBTAG00000002402",5.125e-05,0.000162066730083629
"vivo","ENSBTAG00000012228-ENSBTAG00000001814",5.11943681318681e-05,0.000161890806669843
"vivo","ENSBTAG00000015150-ENSBTAG00000016933",5.1140873015873e-05,0.000161721640259603
"vivo","ENSBTAG00000020645-ENSBTAG00000010860",5.10366379310345e-05,0.000161392019979412
"vivo","ENSBTAG00000008452-ENSBTAG00000013909",5.08353174603175e-05,0.000160755388752329
"vivo","ENSBTAG00000010123-ENSBTAG00000012314",5.05603354978355e-05,0.000159885819435424
"vivo","ENSBTAG00000002006-ENSBTAG00000015127",5.03378270280444e-05,0.000159182185872205
"vivo","ENSBTAG00000017745-ENSBTAG00000015361",5.00674603174603e-05,0.000158327211263272
"vivo","ENSBTAG00000020645-ENSBTAG00000014944",4.93052572427573e-05,0.000155916913507626
"vivo","ENSBTAG00000005339-ENSBTAG00000007213",4.90833333333333e-05,0.000155215128486598
"vivo","ENSBTAG00000021048-ENSBTAG00000008483",4.86254267133351e-05,0.000153767100611734
"vivo","ENSBTAG00000011966-ENSBTAG00000017266",4.85080662393162e-05,0.000153395974206558
"vivo","ENSBTAG00000011412-ENSBTAG00000017266",4.84558531746032e-05,0.000153230861998447
"vivo","ENSBTAG00000007148-ENSBTAG00000020199",4.82437556900407e-05,0.000111995570824701
"vivo","ENSBTAG00000006538-ENSBTAG00000002144",4.82430555555556e-05,0.000105719921827165
"vivo","ENSBTAG00000009478-ENSBTAG00000018114",4.78854166666667e-05,0.000151426983372855
"vivo","ENSBTAG00000017564-ENSBTAG00000018035",4.77891425908667e-05,0.000151122538013699
"vivo","ENSBTAG00000025644-ENSBTAG00000011050",4.77083333333333e-05,0.000150866996703866
"vivo","ENSBTAG00000008026-ENSBTAG00000007175",4.75208333333333e-05,0.000100219110358347
"vivo","ENSBTAG00000007740-ENSBTAG00000026676",4.75e-05,0.000150208188857998
"vivo","ENSBTAG00000009478-ENSBTAG00000002081",4.74863163688164e-05,0.000100708066222524
"vivo","ENSBTAG00000007319-ENSBTAG00000007909",4.74144214703425e-05,0.000104528629644018
"vivo","ENSBTAG00000005947-ENSBTAG00000013755",4.73104811854812e-05,0.000149608877744664
"vivo","ENSBTAG00000013901-ENSBTAG00000014269",4.72291628656571e-05,0.000117214917977968
"vivo","ENSBTAG00000025257-ENSBTAG00000014162",4.70865646089059e-05,0.000148900791356818
"vivo","ENSBTAG00000020457-ENSBTAG00000024269",4.70833333333333e-05,0.000148890573166261
"vivo","ENSBTAG00000025644-ENSBTAG00000020667",4.69074074074074e-05,0.000148334246540861
"vivo","ENSBTAG00000013688-ENSBTAG00000011971",4.66617063492064e-05,0.000147557271573432
"vivo","ENSBTAG00000013103-ENSBTAG00000004885",4.63293650793651e-05,0.000146506316200261
"vivo","ENSBTAG00000005691-ENSBTAG00000015127",4.61443452380952e-05,9.754129908174e-05
"vivo","ENSBTAG00000013003-ENSBTAG00000021527",4.58531746031746e-05,9.69819607110919e-05
"vivo","ENSBTAG00000011966-ENSBTAG00000012897",4.57897967588666e-05,9.99199300410862e-05
"vivo","ENSBTAG00000012057-ENSBTAG00000005072",4.55793010752688e-05,0.000104995636848749
"vivo","ENSBTAG00000007737-ENSBTAG00000022799",4.55127314814815e-05,9.94212241435732e-05
"vivo","ENSBTAG00000025775-ENSBTAG00000019903",4.52380952380952e-05,0.000143055417959998
"vivo","ENSBTAG00000017564-ENSBTAG00000000561",4.47767857142857e-05,0.000141596629158432
"vivo","ENSBTAG00000010161-ENSBTAG00000014162",4.43495670995671e-05,0.0001402456452771
"vivo","ENSBTAG00000013472-ENSBTAG00000017866",4.42714833059661e-05,0.000127458101581927
"vivo","ENSBTAG00000025471-ENSBTAG00000010497",4.41536458333333e-05,0.000139626087833737
"vivo","ENSBTAG00000014583-ENSBTAG00000014600",4.41388888888889e-05,0.000139579422277988
"vivo","ENSBTAG00000010963-ENSBTAG00000003255",4.38154761904762e-05,0.000138556701526782
"vivo","ENSBTAG00000007737-ENSBTAG00000006161",4.34423076923077e-05,0.000137376639121546
"vivo","ENSBTAG00000005111-ENSBTAG00000008997",4.33885859776664e-05,0.000126498660282449
"vivo","ENSBTAG00000016515-ENSBTAG00000006359",4.28252800179211e-05,0.000119583559547515
"vivo","ENSBTAG00000017866-ENSBTAG00000006240",4.26660524598812e-05,0.000134921904541454
"vivo","ENSBTAG00000011409-ENSBTAG00000001941",4.265625e-05,0.000134890906441557
"vivo","ENSBTAG00000009565-ENSBTAG00000002804",4.24186507936508e-05,9.10002851641956e-05
"vivo","ENSBTAG00000014051-ENSBTAG00000013745",4.24038461538462e-05,0.000134092735397525
"vivo","ENSBTAG00000023907-ENSBTAG00000020644",4.234375e-05,0.000133902694672755
"vivo","ENSBTAG00000005947-ENSBTAG00000013125",4.21031746031746e-05,0.000133141928469788
"vivo","ENSBTAG00000002006-ENSBTAG00000005903",4.19652777777778e-05,9.09973698278495e-05
"vivo","ENSBTAG00000008817-ENSBTAG00000012897",4.15833333333333e-05,0.000131498046035335
"vivo","ENSBTAG00000022635-ENSBTAG00000012897",4.15470802545156e-05,0.000131383403734077
"vivo","ENSBTAG00000005628-ENSBTAG00000008852",4.12803819444444e-05,0.000130540029626135
"vivo","ENSBTAG00000005691-ENSBTAG00000011154",4.11987179487179e-05,0.000112698303930202
"vivo","ENSBTAG00000018773-ENSBTAG00000001941",4.11782479972135e-05,0.000130217053726462
"vivo","ENSBTAG00000037778-ENSBTAG00000039292",4.10055803571429e-05,0.000102439656163548
"vivo","ENSBTAG00000038045-ENSBTAG00000018572",4.08946780832557e-05,0.000129320326922457
"vivo","ENSBTAG00000019694-ENSBTAG00000013745",4.08708061002178e-05,0.000129244837083792
"vivo","ENSBTAG00000047567-ENSBTAG00000019866",4.0625e-05,0.00012846752994434
"vivo","ENSBTAG00000003176-ENSBTAG00000017060",4.01867507492508e-05,0.000127081664129111
"vivo","ENSBTAG00000019839-ENSBTAG00000019929",4.0125e-05,0.000126886391114256
"vivo","ENSBTAG00000011851-ENSBTAG00000015510",4.0036877394636e-05,0.000126607722967958
"vivo","ENSBTAG00000010963-ENSBTAG00000009024",4e-05,0.000126491106406735
"vivo","ENSBTAG00000025644-ENSBTAG00000019021",4e-05,0.000126491106406735
"vivo","ENSBTAG00000002006-ENSBTAG00000011154",3.94227855477855e-05,0.000124665794039371
"vivo","ENSBTAG00000016542-ENSBTAG00000017266",3.93229806707629e-05,0.000124350183306387
"vivo","ENSBTAG00000032436-ENSBTAG00000007909",3.92222238455145e-05,7.40370916115925e-05
"vivo","ENSBTAG00000012398-ENSBTAG00000008008",3.91666666666667e-05,0.000123855875023262
"vivo","ENSBTAG00000014051-ENSBTAG00000003777",3.8875e-05,0.000122933544039046
"vivo","ENSBTAG00000015991-ENSBTAG00000005903",3.86458333333333e-05,0.00012220885540859
"vivo","ENSBTAG00000001321-ENSBTAG00000002144",3.81538461538461e-05,0.000120653055341809
"vivo","ENSBTAG00000021105-ENSBTAG00000014031",3.76730769230769e-05,0.000119132729543651
"vivo","ENSBTAG00000004226-ENSBTAG00000026278",3.76388888888889e-05,0.000119024617486893
"vivo","ENSBTAG00000019604-ENSBTAG00000009851",3.76220617944147e-05,0.000118971405541952
"vivo","ENSBTAG00000005947-ENSBTAG00000019929",3.74210526315789e-05,0.000118335758756827
"vivo","ENSBTAG00000010738-ENSBTAG00000014162",3.73958333333333e-05,0.00011825600833338
"vivo","ENSBTAG00000031998-ENSBTAG00000015708",3.73605769230769e-05,0.000118144517774848
"vivo","ENSBTAG00000005691-ENSBTAG00000011578",3.73569518716578e-05,0.000118133054355729
"vivo","ENSBTAG00000005947-ENSBTAG00000017060",3.73551470588235e-05,0.000118127347036422
"vivo","ENSBTAG00000025257-ENSBTAG00000001338",3.73248291394843e-05,0.000118031473357393
"vivo","ENSBTAG00000001941-ENSBTAG00000014966",3.71949112978525e-05,0.000117620637069143
"vivo","ENSBTAG00000005691-ENSBTAG00000014357",3.70740740740741e-05,8.31938956885383e-05
"vivo","ENSBTAG00000012066-ENSBTAG00000013569",3.68754609183877e-05,0.000116610446270629
"vivo","ENSBTAG00000017312-ENSBTAG00000039292",3.68627554586606e-05,7.83157763823539e-05
"vivo","ENSBTAG00000008121-ENSBTAG00000002606",3.67890625e-05,0.000116337230482288
"vivo","ENSBTAG00000001492-ENSBTAG00000007213",3.67638888888889e-05,0.000116257624534246
"vivo","ENSBTAG00000005198-ENSBTAG00000010543",3.66666666666667e-05,0.000115950180872841
"vivo","ENSBTAG00000008121-ENSBTAG00000011761",3.58333333333333e-05,0.000113314949489367
"vivo","ENSBTAG00000004237-ENSBTAG00000011628",3.58333333333333e-05,0.000113314949489367
"vivo","ENSBTAG00000017866-ENSBTAG00000008008",3.57837301587301e-05,0.000113158090478446
"vivo","ENSBTAG00000001725-ENSBTAG00000001338",3.574929163034e-05,0.000113049186289469
"vivo","ENSBTAG00000008452-ENSBTAG00000016071",3.55625e-05,0.000112458499289738
"vivo","ENSBTAG00000018103-ENSBTAG00000017753",3.51597222222222e-05,0.000111184804121059
"vivo","ENSBTAG00000018103-ENSBTAG00000011154",3.45525793650794e-05,0.000109264849827385
"vivo","ENSBTAG00000003300-ENSBTAG00000019929",3.43571428571429e-05,0.000108646825324356
"vivo","ENSBTAG00000020457-ENSBTAG00000012599",3.42708333333333e-05,0.000108373890645354
"vivo","ENSBTAG00000025775-ENSBTAG00000020704",3.4104984565166e-05,0.000107849430790812
"vivo","ENSBTAG00000011851-ENSBTAG00000013118",3.40678480204342e-05,0.000107731994725031
"vivo","ENSBTAG00000007375-ENSBTAG00000015228",3.4e-05,0.000107517440445725
"vivo","ENSBTAG00000017455-ENSBTAG00000019929",3.3997770675505e-05,0.000107510390702677
"vivo","ENSBTAG00000020457-ENSBTAG00000001060",3.375e-05,0.000106726871030683
"vivo","ENSBTAG00000020457-ENSBTAG00000019929",3.375e-05,0.000106726871030683
"vivo","ENSBTAG00000025775-ENSBTAG00000017489",3.36666666666667e-05,0.000106463347892335
"vivo","ENSBTAG00000007897-ENSBTAG00000039292",3.33125e-05,0.000105343374554359
"vivo","ENSBTAG00000013688-ENSBTAG00000019866",3.32905505952381e-05,0.000105273964442027
"vivo","ENSBTAG00000005481-ENSBTAG00000022799",3.325e-05,0.000105145732200599
"vivo","ENSBTAG00000005077-ENSBTAG00000001060",3.31994047619048e-05,9.35335550990606e-05
"vivo","ENSBTAG00000011238-ENSBTAG00000017256",3.27415994623656e-05,0.00010353802853802
"vivo","ENSBTAG00000015043-ENSBTAG00000022799",3.25441017316017e-05,0.000102913485876091
"vivo","ENSBTAG00000013103-ENSBTAG00000001462",3.21278103616813e-05,0.000101597056976871
"vivo","ENSBTAG00000005305-ENSBTAG00000020979",3.20486111111111e-05,0.000101346606956091
"vivo","ENSBTAG00000005710-ENSBTAG00000011425",3.1875e-05,0.000100797600417867
"vivo","ENSBTAG00000021105-ENSBTAG00000006240",3.125e-05,9.88211768802619e-05
"vivo","ENSBTAG00000022635-ENSBTAG00000009757",3.125e-05,9.88211768802619e-05
"vivo","ENSBTAG00000015789-ENSBTAG00000006732",3.1088474025974e-05,8.6440591295006e-05
"vivo","ENSBTAG00000002006-ENSBTAG00000015910",3.0853088336784e-05,9.75660319946136e-05
"vivo","ENSBTAG00000010161-ENSBTAG00000039292",3.06495051085568e-05,6.55375900819123e-05
"vivo","ENSBTAG00000007148-ENSBTAG00000034848",3.06457230508955e-05,6.56810373218787e-05
"vivo","ENSBTAG00000020457-ENSBTAG00000008997",3.00712316176471e-05,9.50935839582343e-05
"vivo","ENSBTAG00000015978-ENSBTAG00000013290",2.95526451690479e-05,6.32505725277522e-05
"vivo","ENSBTAG00000015327-ENSBTAG00000011425",2.95337301587302e-05,9.33938551023935e-05
"vivo","ENSBTAG00000009357-ENSBTAG00000011154",2.95277604166667e-05,9.33749771204292e-05
"vivo","ENSBTAG00000008121-ENSBTAG00000015127",2.92e-05,9.23385076769167e-05
"vivo","ENSBTAG00000000130-ENSBTAG00000010785",2.91666666666667e-05,9.22330984215777e-05
"vivo","ENSBTAG00000005339-ENSBTAG00000019929",2.90975403404839e-05,6.98470254510683e-05
"vivo","ENSBTAG00000005359-ENSBTAG00000008997",2.90788439955107e-05,8.25620097660712e-05
"vivo","ENSBTAG00000013201-ENSBTAG00000020319",2.89821107628004e-05,9.16494814097293e-05
"vivo","ENSBTAG00000034077-ENSBTAG00000023731",2.87396313364055e-05,6.22563708191066e-05
"vivo","ENSBTAG00000005947-ENSBTAG00000018517",2.86722775326703e-05,9.06697027077109e-05
"vivo","ENSBTAG00000021326-ENSBTAG00000014798",2.86666666666667e-05,9.06519595914935e-05
"vivo","ENSBTAG00000005077-ENSBTAG00000039292",2.85119047619048e-05,9.01625594774199e-05
"vivo","ENSBTAG00000013066-ENSBTAG00000012687",2.84413498379016e-05,8.99394452174297e-05
"vivo","ENSBTAG00000000016-ENSBTAG00000024928",2.84027777777778e-05,8.98174696533935e-05
"vivo","ENSBTAG00000006538-ENSBTAG00000020704",2.8125e-05,8.89390591922356e-05
"vivo","ENSBTAG00000017122-ENSBTAG00000000782",2.76677890951313e-05,8.74932313617839e-05
"vivo","ENSBTAG00000011757-ENSBTAG00000022799",2.75991647241647e-05,8.72762220465333e-05
"vivo","ENSBTAG00000005691-ENSBTAG00000014064",2.75e-05,8.69626356546304e-05
"vivo","ENSBTAG00000021048-ENSBTAG00000019903",2.75e-05,8.69626356546304e-05
"vivo","ENSBTAG00000014127-ENSBTAG00000020319",2.74513364965951e-05,8.68087481449477e-05
"vivo","ENSBTAG00000005710-ENSBTAG00000015457",2.7186099137931e-05,8.59699939710021e-05
"vivo","ENSBTAG00000032436-ENSBTAG00000022799",2.70836803937558e-05,8.56461174643144e-05
"vivo","ENSBTAG00000005581-ENSBTAG00000039292",2.69180996472663e-05,8.51225051687366e-05
"vivo","ENSBTAG00000002006-ENSBTAG00000017266",2.68809523809524e-05,8.50050351983357e-05
"vivo","ENSBTAG00000005077-ENSBTAG00000014798",2.67800540123457e-05,8.46859665413433e-05
"vivo","ENSBTAG00000017280-ENSBTAG00000047793",2.62301587301587e-05,8.29470449750515e-05
"vivo","ENSBTAG00000032436-ENSBTAG00000019832",2.61300823816988e-05,8.26305757740054e-05
"vivo","ENSBTAG00000014075-ENSBTAG00000012887",2.6078125e-05,8.24662721065785e-05
"vivo","ENSBTAG00000012444-ENSBTAG00000015910",2.58320214646807e-05,8.16880243947499e-05
"vivo","ENSBTAG00000020645-ENSBTAG00000006208",2.56609227602712e-05,8.1146962784112e-05
"vivo","ENSBTAG00000017455-ENSBTAG00000017266",2.53303571428571e-05,6.14943764654657e-05
"vivo","ENSBTAG00000038221-ENSBTAG00000006359",2.5e-05,7.90569415042095e-05
"vivo","ENSBTAG00000017753-ENSBTAG00000039292",2.48095238095238e-05,7.84546029022726e-05
"vivo","ENSBTAG00000004362-ENSBTAG00000014357",2.42708333333333e-05,7.675111404367e-05
"vivo","ENSBTAG00000015742-ENSBTAG00000017060",2.39680814354727e-05,7.57937284804919e-05
"vivo","ENSBTAG00000006538-ENSBTAG00000017489",2.390625e-05,7.55982003134003e-05
"vivo","ENSBTAG00000015089-ENSBTAG00000015910",2.36666666666667e-05,7.48405712906517e-05
"vivo","ENSBTAG00000014465-ENSBTAG00000013125",2.32698412698413e-05,7.35856992032832e-05
"vivo","ENSBTAG00000012228-ENSBTAG00000010146",2.29618055555556e-05,7.26116047454635e-05
"vivo","ENSBTAG00000017060-ENSBTAG00000010303",2.28365384615385e-05,7.2215475412499e-05
"vivo","ENSBTAG00000007446-ENSBTAG00000015591",2.28296957671958e-05,7.21938369130438e-05
"vivo","ENSBTAG00000014583-ENSBTAG00000020667",2.26322601010101e-05,7.15694905165444e-05
"vivo","ENSBTAG00000005359-ENSBTAG00000018035",2.25e-05,7.11512473537885e-05
"vivo","ENSBTAG00000018343-ENSBTAG00000004211",2.25e-05,7.11512473537885e-05
"vivo","ENSBTAG00000019336-ENSBTAG00000011761",2.25e-05,7.11512473537885e-05
"vivo","ENSBTAG00000025775-ENSBTAG00000002144",2.25e-05,7.11512473537885e-05
"vivo","ENSBTAG00000004237-ENSBTAG00000010444",2.21525725232622e-05,7.00525852055719e-05
"vivo","ENSBTAG00000017280-ENSBTAG00000005397",2.20830938697318e-05,6.98328744116542e-05
"vivo","ENSBTAG00000011851-ENSBTAG00000004917",2.19575726842461e-05,6.94359415709149e-05
"vivo","ENSBTAG00000020676-ENSBTAG00000011578",2.1901599702381e-05,5.58819521742321e-05
"vivo","ENSBTAG00000011585-ENSBTAG00000015046",2.18700396825397e-05,6.91591379150912e-05
"vivo","ENSBTAG00000008300-ENSBTAG00000014357",2.18558999477534e-05,6.91144241476558e-05
"vivo","ENSBTAG00000000016-ENSBTAG00000010497",2.14519230769231e-05,6.78369371138044e-05
"vivo","ENSBTAG00000011412-ENSBTAG00000019289",2.13589901913432e-05,4.5215201332218e-05
"vivo","ENSBTAG00000020244-ENSBTAG00000015510",2.125e-05,6.71984002785781e-05
"vivo","ENSBTAG00000017455-ENSBTAG00000013755",2.09778741252393e-05,6.63378627040686e-05
"vivo","ENSBTAG00000017745-ENSBTAG00000018474",2.0875e-05,6.60125461560149e-05
"vivo","ENSBTAG00000020406-ENSBTAG00000047793",2.07936507936508e-05,6.57552973781044e-05
"vivo","ENSBTAG00000011104-ENSBTAG00000020979",2.04166666666667e-05,6.45631688951044e-05
"vivo","ENSBTAG00000005198-ENSBTAG00000014064",2.03244587390929e-05,6.42715818256474e-05
"vivo","ENSBTAG00000009812-ENSBTAG00000003220",2.00056450569358e-05,6.32634044408061e-05
"vivo","ENSBTAG00000005339-ENSBTAG00000015996",1.99039408866995e-05,6.29417876153219e-05
"vivo","ENSBTAG00000005339-ENSBTAG00000001694",1.96592432950192e-05,6.21679858876541e-05
"vivo","ENSBTAG00000005481-ENSBTAG00000003166",1.96319444444444e-05,6.20816593423334e-05
"vivo","ENSBTAG00000005111-ENSBTAG00000006420",1.95995501893939e-05,6.19792197132694e-05
"vivo","ENSBTAG00000025868-ENSBTAG00000013755",1.95833333333333e-05,6.19279375116308e-05
"vivo","ENSBTAG00000025644-ENSBTAG00000012100",1.93149001536098e-05,6.10790772641432e-05
"vivo","ENSBTAG00000000016-ENSBTAG00000004211",1.92022619047619e-05,6.07228838461309e-05
"vivo","ENSBTAG00000013066-ENSBTAG00000002402",1.92013888888889e-05,6.07201231275387e-05
"vivo","ENSBTAG00000007737-ENSBTAG00000014064",1.87875631313131e-05,4.81841315176383e-05
"vivo","ENSBTAG00000000016-ENSBTAG00000016455",1.87466127062901e-05,4.47789804970695e-05
"vivo","ENSBTAG00000031444-ENSBTAG00000006360",1.86263350425495e-05,5.89016431958658e-05
"vivo","ENSBTAG00000013898-ENSBTAG00000016159",1.82083333333333e-05,5.75798057288992e-05
"vivo","ENSBTAG00000007148-ENSBTAG00000000898",1.81324404761905e-05,5.733981144219e-05
"vivo","ENSBTAG00000003837-ENSBTAG00000002606",1.79960317460317e-05,5.69084491621571e-05
"vivo","ENSBTAG00000023652-ENSBTAG00000003166",1.79140062835715e-05,5.66490618746541e-05
"vivo","ENSBTAG00000012849-ENSBTAG00000019289",1.78136373035566e-05,5.63316672913793e-05
"vivo","ENSBTAG00000012444-ENSBTAG00000015127",1.74895833333333e-05,5.53069186606532e-05
"vivo","ENSBTAG00000014583-ENSBTAG00000014567",1.72256055244679e-05,5.44721475328977e-05
"vivo","ENSBTAG00000010161-ENSBTAG00000015133",1.68571428571429e-05,5.33069662714098e-05
"vivo","ENSBTAG00000017312-ENSBTAG00000017136",1.67083333333333e-05,5.28363892386467e-05
"vivo","ENSBTAG00000017564-ENSBTAG00000019832",1.64166666666667e-05,5.19140582544309e-05
"vivo","ENSBTAG00000001492-ENSBTAG00000003585",1.60447668650794e-05,5.07380078200503e-05
"vivo","ENSBTAG00000017246-ENSBTAG00000014064",1.5859375e-05,5.01517472667329e-05
"vivo","ENSBTAG00000008237-ENSBTAG00000013205",1.58218961148649e-05,5.0033228625542e-05
"vivo","ENSBTAG00000017060-ENSBTAG00000007103",1.57731481481482e-05,4.98790740194152e-05
"vivo","ENSBTAG00000002006-ENSBTAG00000017866",1.55272657450077e-05,4.91015255889355e-05
"vivo","ENSBTAG00000005947-ENSBTAG00000002402",1.5470945083014e-05,3.50424533018212e-05
"vivo","ENSBTAG00000009761-ENSBTAG00000002144",1.53321158008658e-05,4.84844072801926e-05
"vivo","ENSBTAG00000013472-ENSBTAG00000019929",1.52234848484849e-05,4.81408860462754e-05
"vivo","ENSBTAG00000007737-ENSBTAG00000012599",1.46552083333333e-05,4.63438379176135e-05
"vivo","ENSBTAG00000021048-ENSBTAG00000016948",1.45833333333333e-05,4.61165492107889e-05
"vivo","ENSBTAG00000017122-ENSBTAG00000011154",1.43705357142857e-05,4.54436240539376e-05
"vivo","ENSBTAG00000032436-ENSBTAG00000018035",1.42112068965517e-05,4.49397820929963e-05
"vivo","ENSBTAG00000013760-ENSBTAG00000003585",1.41666666666667e-05,4.4798933519052e-05
"vivo","ENSBTAG00000007897-ENSBTAG00000023731",1.41346153846154e-05,4.46975784658415e-05
"vivo","ENSBTAG00000008026-ENSBTAG00000047138",1.40833333333333e-05,4.45354103807047e-05
"vivo","ENSBTAG00000025644-ENSBTAG00000020661",1.37071812596006e-05,4.33459130811137e-05
"vivo","ENSBTAG00000007897-ENSBTAG00000020704",1.34620535714286e-05,4.25707512689185e-05
"vivo","ENSBTAG00000001292-ENSBTAG00000032719",1.3e-05,4.11096095821889e-05
"vivo","ENSBTAG00000007319-ENSBTAG00000022799",1.28157894736842e-05,4.05270847500527e-05
"vivo","ENSBTAG00000000016-ENSBTAG00000015312",1.27321428571429e-05,4.02625709232152e-05
"vivo","ENSBTAG00000019716-ENSBTAG00000039292",1.24166666666667e-05,3.92649476137574e-05
"vivo","ENSBTAG00000014556-ENSBTAG00000026676",1.22777777777778e-05,3.88257423831784e-05
"vivo","ENSBTAG00000002880-ENSBTAG00000012687",1.2e-05,3.79473319220206e-05
"vivo","ENSBTAG00000038735-ENSBTAG00000019903",1.11464100714101e-05,3.52480435598959e-05
"vivo","ENSBTAG00000010726-ENSBTAG00000025101",1.08862299099368e-05,3.442528164765e-05
"vivo","ENSBTAG00000004129-ENSBTAG00000014162",1.06930833138538e-05,3.38144984817192e-05
"vivo","ENSBTAG00000008300-ENSBTAG00000013745",1.02025862068966e-05,3.2263410438011e-05
"vivo","ENSBTAG00000005198-ENSBTAG00000011578",9.83333333333333e-06,3.10957303249891e-05
"vivo","ENSBTAG00000003300-ENSBTAG00000002804",9.49856701940036e-06,3.00371062890619e-05
"vivo","ENSBTAG00000020645-ENSBTAG00000020199",9.06144393241167e-06,2.86548017163337e-05
"vivo","ENSBTAG00000017246-ENSBTAG00000002144",8.38448235323235e-06,2.65140612377027e-05
"vivo","ENSBTAG00000008300-ENSBTAG00000011578",8.36350574712644e-06,2.64477273848278e-05
"vivo","ENSBTAG00000014583-ENSBTAG00000011515",8.14553140096618e-06,2.57584319794754e-05
"vivo","ENSBTAG00000020244-ENSBTAG00000006359",8.10935124369032e-06,2.56440202763806e-05
"vivo","ENSBTAG00000014583-ENSBTAG00000004337",7.75e-06,2.45076518663049e-05
"vivo","ENSBTAG00000013472-ENSBTAG00000011578",6.875e-06,2.17406589136576e-05
"vivo","ENSBTAG00000005339-ENSBTAG00000000570",6.49046499477534e-06,2.05246524570829e-05
"vivo","ENSBTAG00000007725-ENSBTAG00000012687",6.28348214285714e-06,1.98701152084241e-05
"vivo","ENSBTAG00000019839-ENSBTAG00000013755",6.16666666666667e-06,1.9500712237705e-05
"vivo","ENSBTAG00000020645-ENSBTAG00000013674",5.94791666666666e-06,1.88089639995432e-05
"vivo","ENSBTAG00000016542-ENSBTAG00000015910",5.83333333333333e-06,1.84466196843155e-05
"vivo","ENSBTAG00000000575-ENSBTAG00000012119",5.5e-06,1.73925271309261e-05
"vivo","ENSBTAG00000011104-ENSBTAG00000023147",5.36538461538461e-06,1.69668359074419e-05
"vivo","ENSBTAG00000006686-ENSBTAG00000015910",5.09623015873016e-06,1.61156947820287e-05
"vivo","ENSBTAG00000017753-ENSBTAG00000004334",4.86467086834734e-06,1.53834400110467e-05
"vivo","ENSBTAG00000004226-ENSBTAG00000021286",4.79605263157895e-06,1.51664500938339e-05
"vivo","ENSBTAG00000001460-ENSBTAG00000020661",4.25110229276896e-06,1.34431658115139e-05
"vivo","ENSBTAG00000015991-ENSBTAG00000021527",4.08333333333333e-06,1.29126337790209e-05
"vivo","ENSBTAG00000005339-ENSBTAG00000011971",3.85185185185186e-06,1.21806250613893e-05
"vivo","ENSBTAG00000009615-ENSBTAG00000013290",3.63690476190476e-06,1.15009026807314e-05
"vivo","ENSBTAG00000017753-ENSBTAG00000015228",3.29703177257525e-06,1.04261299192801e-05
"vivo","ENSBTAG00000007897-ENSBTAG00000017981",2.9375e-06,9.28919062674462e-06
"vivo","ENSBTAG00000000130-ENSBTAG00000004211",0,0
"vivo","ENSBTAG00000000277-ENSBTAG00000027676",0,0
"vivo","ENSBTAG00000000283-ENSBTAG00000012771",0,0
"vivo","ENSBTAG00000001141-ENSBTAG00000013745",0,0
"vivo","ENSBTAG00000001141-ENSBTAG00000022799",0,0
"vivo","ENSBTAG00000001941-ENSBTAG00000011409",0,0
"vivo","ENSBTAG00000002006-ENSBTAG00000008165",0,0
"vivo","ENSBTAG00000002411-ENSBTAG00000007421",0,0
"vivo","ENSBTAG00000002473-ENSBTAG00000003777",0,0
"vivo","ENSBTAG00000003253-ENSBTAG00000007665",0,0
"vivo","ENSBTAG00000003253-ENSBTAG00000011434",0,0
"vivo","ENSBTAG00000003658-ENSBTAG00000000736",0,0
"vivo","ENSBTAG00000004129-ENSBTAG00000001338",0,0
"vivo","ENSBTAG00000004148-ENSBTAG00000003255",0,0
"vivo","ENSBTAG00000004362-ENSBTAG00000015996",0,0
"vivo","ENSBTAG00000005077-ENSBTAG00000003255",0,0
"vivo","ENSBTAG00000005077-ENSBTAG00000009851",0,0
"vivo","ENSBTAG00000005077-ENSBTAG00000015127",0,0
"vivo","ENSBTAG00000005077-ENSBTAG00000015910",0,0
"vivo","ENSBTAG00000005077-ENSBTAG00000034883",0,0
"vivo","ENSBTAG00000005108-ENSBTAG00000009851",0,0
"vivo","ENSBTAG00000005108-ENSBTAG00000010462",0,0
"vivo","ENSBTAG00000005108-ENSBTAG00000011154",0,0
"vivo","ENSBTAG00000005108-ENSBTAG00000015996",0,0
"vivo","ENSBTAG00000005111-ENSBTAG00000002081",0,0
"vivo","ENSBTAG00000005111-ENSBTAG00000011909",0,0
"vivo","ENSBTAG00000005260-ENSBTAG00000011578",0,0
"vivo","ENSBTAG00000005359-ENSBTAG00000011909",0,0
"vivo","ENSBTAG00000005691-ENSBTAG00000010543",0,0
"vivo","ENSBTAG00000005710-ENSBTAG00000014064",0,0
"vivo","ENSBTAG00000005898-ENSBTAG00000017851",0,0
"vivo","ENSBTAG00000006045-ENSBTAG00000011944",0,0
"vivo","ENSBTAG00000006276-ENSBTAG00000047138",0,0
"vivo","ENSBTAG00000006538-ENSBTAG00000017981",0,0
"vivo","ENSBTAG00000006538-ENSBTAG00000019903",0,0
"vivo","ENSBTAG00000007446-ENSBTAG00000003060",0,0
"vivo","ENSBTAG00000007446-ENSBTAG00000020979",0,0
"vivo","ENSBTAG00000007708-ENSBTAG00000025324",0,0
"vivo","ENSBTAG00000007708-ENSBTAG00000046199",0,0
"vivo","ENSBTAG00000007737-ENSBTAG00000002081",0,0
"vivo","ENSBTAG00000007737-ENSBTAG00000006240",0,0
"vivo","ENSBTAG00000007737-ENSBTAG00000006378",0,0
"vivo","ENSBTAG00000007740-ENSBTAG00000011154",0,0
"vivo","ENSBTAG00000007740-ENSBTAG00000012119",0,0
"vivo","ENSBTAG00000007773-ENSBTAG00000003418",0,0
"vivo","ENSBTAG00000007773-ENSBTAG00000010347",0,0
"vivo","ENSBTAG00000007897-ENSBTAG00000002144",0,0
"vivo","ENSBTAG00000007897-ENSBTAG00000017489",0,0
"vivo","ENSBTAG00000007897-ENSBTAG00000019903",0,0
"vivo","ENSBTAG00000008027-ENSBTAG00000017489",0,0
"vivo","ENSBTAG00000008027-ENSBTAG00000017981",0,0
"vivo","ENSBTAG00000008027-ENSBTAG00000047138",0,0
"vivo","ENSBTAG00000008237-ENSBTAG00000005273",0,0
"vivo","ENSBTAG00000008300-ENSBTAG00000008165",0,0
"vivo","ENSBTAG00000008300-ENSBTAG00000013125",0,0
"vivo","ENSBTAG00000008300-ENSBTAG00000018993",0,0
"vivo","ENSBTAG00000008300-ENSBTAG00000033669",0,0
"vivo","ENSBTAG00000008452-ENSBTAG00000009903",0,0
"vivo","ENSBTAG00000008611-ENSBTAG00000011761",0,0
"vivo","ENSBTAG00000009208-ENSBTAG00000044190",0,0
"vivo","ENSBTAG00000010123-ENSBTAG00000000736",0,0
"vivo","ENSBTAG00000010123-ENSBTAG00000005903",0,0
"vivo","ENSBTAG00000010123-ENSBTAG00000014269",0,0
"vivo","ENSBTAG00000010123-ENSBTAG00000018517",0,0
"vivo","ENSBTAG00000010303-ENSBTAG00000020892",0,0
"vivo","ENSBTAG00000010312-ENSBTAG00000014064",0,0
"vivo","ENSBTAG00000010312-ENSBTAG00000017753",0,0
"vivo","ENSBTAG00000010334-ENSBTAG00000046199",0,0
"vivo","ENSBTAG00000010361-ENSBTAG00000022799",0,0
"vivo","ENSBTAG00000010738-ENSBTAG00000003220",0,0
"vivo","ENSBTAG00000011082-ENSBTAG00000012687",0,0
"vivo","ENSBTAG00000011104-ENSBTAG00000017425",0,0
"vivo","ENSBTAG00000011238-ENSBTAG00000002951",0,0
"vivo","ENSBTAG00000011412-ENSBTAG00000015910",0,0
"vivo","ENSBTAG00000011412-ENSBTAG00000018169",0,0
"vivo","ENSBTAG00000011741-ENSBTAG00000015910",0,0
"vivo","ENSBTAG00000011757-ENSBTAG00000004334",0,0
"vivo","ENSBTAG00000011757-ENSBTAG00000007909",0,0
"vivo","ENSBTAG00000011757-ENSBTAG00000011578",0,0
"vivo","ENSBTAG00000011851-ENSBTAG00000010647",0,0
"vivo","ENSBTAG00000011851-ENSBTAG00000012771",0,0
"vivo","ENSBTAG00000011851-ENSBTAG00000018572",0,0
"vivo","ENSBTAG00000011966-ENSBTAG00000015910",0,0
"vivo","ENSBTAG00000011966-ENSBTAG00000018169",0,0
"vivo","ENSBTAG00000011966-ENSBTAG00000019929",0,0
"vivo","ENSBTAG00000012066-ENSBTAG00000019929",0,0
"vivo","ENSBTAG00000012413-ENSBTAG00000010543",0,0
"vivo","ENSBTAG00000012519-ENSBTAG00000031753",0,0
"vivo","ENSBTAG00000012829-ENSBTAG00000016933",0,0
"vivo","ENSBTAG00000012829-ENSBTAG00000017745",0,0
"vivo","ENSBTAG00000012849-ENSBTAG00000003585",0,0
"vivo","ENSBTAG00000013103-ENSBTAG00000011578",0,0
"vivo","ENSBTAG00000013103-ENSBTAG00000017866",0,0
"vivo","ENSBTAG00000013103-ENSBTAG00000019929",0,0
"vivo","ENSBTAG00000013155-ENSBTAG00000008165",0,0
"vivo","ENSBTAG00000013162-ENSBTAG00000002144",0,0
"vivo","ENSBTAG00000013191-ENSBTAG00000019929",0,0
"vivo","ENSBTAG00000013472-ENSBTAG00000008165",0,0
"vivo","ENSBTAG00000013472-ENSBTAG00000019289",0,0
"vivo","ENSBTAG00000013901-ENSBTAG00000019153",0,0
"vivo","ENSBTAG00000014113-ENSBTAG00000001338",0,0
"vivo","ENSBTAG00000014127-ENSBTAG00000039652",0,0
"vivo","ENSBTAG00000014583-ENSBTAG00000012100",0,0
"vivo","ENSBTAG00000014583-ENSBTAG00000020661",0,0
"vivo","ENSBTAG00000014737-ENSBTAG00000000802",0,0
"vivo","ENSBTAG00000015114-ENSBTAG00000008165",0,0
"vivo","ENSBTAG00000015114-ENSBTAG00000019929",0,0
"vivo","ENSBTAG00000015177-ENSBTAG00000010249",0,0
"vivo","ENSBTAG00000015509-ENSBTAG00000012687",0,0
"vivo","ENSBTAG00000015991-ENSBTAG00000000253",0,0
"vivo","ENSBTAG00000016208-ENSBTAG00000014944",0,0
"vivo","ENSBTAG00000016260-ENSBTAG00000011628",0,0
"vivo","ENSBTAG00000016542-ENSBTAG00000018169",0,0
"vivo","ENSBTAG00000016542-ENSBTAG00000019289",0,0
"vivo","ENSBTAG00000016542-ENSBTAG00000019569",0,0
"vivo","ENSBTAG00000016648-ENSBTAG00000015910",0,0
"vivo","ENSBTAG00000017060-ENSBTAG00000017846",0,0
"vivo","ENSBTAG00000017246-ENSBTAG00000006378",0,0
"vivo","ENSBTAG00000017246-ENSBTAG00000012599",0,0
"vivo","ENSBTAG00000017280-ENSBTAG00000017060",0,0
"vivo","ENSBTAG00000017455-ENSBTAG00000015910",0,0
"vivo","ENSBTAG00000017468-ENSBTAG00000013557",0,0
"vivo","ENSBTAG00000017582-ENSBTAG00000002699",0,0
"vivo","ENSBTAG00000017685-ENSBTAG00000007421",0,0
"vivo","ENSBTAG00000017745-ENSBTAG00000010423",0,0
"vivo","ENSBTAG00000017753-ENSBTAG00000020054",0,0
"vivo","ENSBTAG00000017753-ENSBTAG00000020979",0,0
"vivo","ENSBTAG00000018134-ENSBTAG00000010444",0,0
"vivo","ENSBTAG00000018200-ENSBTAG00000007626",0,0
"vivo","ENSBTAG00000018200-ENSBTAG00000020892",0,0
"vivo","ENSBTAG00000018255-ENSBTAG00000015127",0,0
"vivo","ENSBTAG00000019839-ENSBTAG00000015910",0,0
"vivo","ENSBTAG00000020194-ENSBTAG00000009155",0,0
"vivo","ENSBTAG00000020342-ENSBTAG00000007047",0,0
"vivo","ENSBTAG00000020457-ENSBTAG00000018035",0,0
"vivo","ENSBTAG00000020645-ENSBTAG00000014798",0,0
"vivo","ENSBTAG00000021048-ENSBTAG00000002144",0,0
"vivo","ENSBTAG00000021048-ENSBTAG00000017489",0,0
"vivo","ENSBTAG00000021048-ENSBTAG00000017981",0,0
"vivo","ENSBTAG00000021105-ENSBTAG00000000477",0,0
"vivo","ENSBTAG00000021105-ENSBTAG00000005273",0,0
"vivo","ENSBTAG00000021326-ENSBTAG00000039292",0,0
"vivo","ENSBTAG00000021499-ENSBTAG00000013732",0,0
"vivo","ENSBTAG00000021811-ENSBTAG00000003777",0,0
"vivo","ENSBTAG00000021811-ENSBTAG00000020148",0,0
"vivo","ENSBTAG00000022120-ENSBTAG00000008165",0,0
"vivo","ENSBTAG00000022514-ENSBTAG00000013730",0,0
"vivo","ENSBTAG00000022635-ENSBTAG00000018169",0,0
"vivo","ENSBTAG00000023907-ENSBTAG00000000782",0,0
"vivo","ENSBTAG00000023907-ENSBTAG00000013745",0,0
"vivo","ENSBTAG00000023907-ENSBTAG00000015910",0,0
"vivo","ENSBTAG00000023907-ENSBTAG00000019929",0,0
"vivo","ENSBTAG00000025410-ENSBTAG00000018343",0,0
"vivo","ENSBTAG00000025471-ENSBTAG00000012642",0,0
"vivo","ENSBTAG00000025471-ENSBTAG00000020054",0,0
"vivo","ENSBTAG00000025471-ENSBTAG00000024928",0,0
"vivo","ENSBTAG00000025644-ENSBTAG00000004588",0,0
"vivo","ENSBTAG00000025644-ENSBTAG00000011425",0,0
"vivo","ENSBTAG00000025644-ENSBTAG00000014567",0,0
"vivo","ENSBTAG00000025775-ENSBTAG00000017981",0,0
"vivo","ENSBTAG00000025868-ENSBTAG00000008165",0,0
"vivo","ENSBTAG00000030710-ENSBTAG00000013755",0,0
"vivo","ENSBTAG00000030710-ENSBTAG00000020979",0,0
"vivo","ENSBTAG00000032436-ENSBTAG00000012599",0,0
"vivo","ENSBTAG00000032436-ENSBTAG00000014064",0,0
"vivo","ENSBTAG00000034077-ENSBTAG00000003848",0,0
"vivo","ENSBTAG00000037533-ENSBTAG00000005397",0,0
"vivo","ENSBTAG00000038735-ENSBTAG00000002144",0,0
"vivo","ENSBTAG00000038735-ENSBTAG00000020704",0,0
"vivo","ENSBTAG00000040333-ENSBTAG00000013290",0,0
"vivo","ENSBTAG00000044040-ENSBTAG00000002804",0,0
"vivo","ENSBTAG00000045582-ENSBTAG00000012314",0,0
"vivo","ENSBTAG00000047567-ENSBTAG00000000570",0,0
"vivo","ENSBTAG00000047567-ENSBTAG00000001694",0,0
