"ENSBTAG00000000575-ENSBTAG00000015296","ENSBTAG00000000575-ENSBTAG00000015910","ENSBTAG00000015991-ENSBTAG00000024015","ENSBTAG00000007773-ENSBTAG00000017060","ENSBTAG00000009761-ENSBTAG00000012314","ENSBTAG00000000575-ENSBTAG00000020679","ENSBTAG00000005947-ENSBTAG00000013125","ENSBTAG00000007153-ENSBTAG00000012219","ENSBTAG00000005198-ENSBTAG00000027464","ENSBTAG00000007773-ENSBTAG00000015910","ENSBTAG00000016648-ENSBTAG00000017266","ENSBTAG00000019267-ENSBTAG00000011578","ENSBTAG00000012829-ENSBTAG00000017745","ENSBTAG00000007244-ENSBTAG00000011741","ENSBTAG00000001141-ENSBTAG00000015910","ENSBTAG00000005077-ENSBTAG00000015910","ENSBTAG00000007737-ENSBTAG00000007909","ENSBTAG00000008300-ENSBTAG00000013125","ENSBTAG00000017753-ENSBTAG00000020979","ENSBTAG00000005198-ENSBTAG00000015457","ENSBTAG00000020221-ENSBTAG00000002144","ENSBTAG00000010123-ENSBTAG00000014611","ENSBTAG00000032808-ENSBTAG00000004211","ENSBTAG00000017866-ENSBTAG00000006240","ENSBTAG00000000575-ENSBTAG00000012897","ENSBTAG00000045582-ENSBTAG00000012314","ENSBTAG00000013103-ENSBTAG00000011578","ENSBTAG00000017060-ENSBTAG00000017846","ENSBTAG00000005077-ENSBTAG00000009851","ENSBTAG00000011741-ENSBTAG00000015910","ENSBTAG00000019993-ENSBTAG00000027516","ENSBTAG00000012849-ENSBTAG00000003585","ENSBTAG00000017745-ENSBTAG00000015361","ENSBTAG00000016515-ENSBTAG00000006359","ENSBTAG00000013162-ENSBTAG00000002144","ENSBTAG00000007773-ENSBTAG00000003418","ENSBTAG00000017564-ENSBTAG00000017846","ENSBTAG00000017280-ENSBTAG00000017060","ENSBTAG00000020645-ENSBTAG00000010860","ENSBTAG00000021697-ENSBTAG00000007173","ENSBTAG00000018103-ENSBTAG00000014420","ENSBTAG00000012638-ENSBTAG00000014420","ENSBTAG00000010963-ENSBTAG00000003255","ENSBTAG00000003658-ENSBTAG00000015910","ENSBTAG00000000073-ENSBTAG00000012314","ENSBTAG00000011082-ENSBTAG00000012687","ENSBTAG00000005339-ENSBTAG00000019866","ENSBTAG00000013760-ENSBTAG00000015910","ENSBTAG00000019866-ENSBTAG00000009851","ENSBTAG00000000575-ENSBTAG00000013745","ENSBTAG00000021316-ENSBTAG00000015910","ENSBTAG00000021807-ENSBTAG00000016247","ENSBTAG00000012413-ENSBTAG00000015457","ENSBTAG00000013066-ENSBTAG00000002402","ENSBTAG00000007338-ENSBTAG00000017593","ENSBTAG00000017866-ENSBTAG00000014031","ENSBTAG00000013472-ENSBTAG00000008165","ENSBTAG00000010452-ENSBTAG00000011515","ENSBTAG00000002880-ENSBTAG00000013755","ENSBTAG00000005198-ENSBTAG00000011578","ENSBTAG00000005947-ENSBTAG00000019712","ENSBTAG00000021499-ENSBTAG00000008036","ENSBTAG00000007375-ENSBTAG00000015228","ENSBTAG00000010303-ENSBTAG00000007103","ENSBTAG00000007897-ENSBTAG00000002144","ENSBTAG00000011104-ENSBTAG00000020979","ENSBTAG00000008300-ENSBTAG00000004356","ENSBTAG00000020221-ENSBTAG00000012314","ENSBTAG00000007737-ENSBTAG00000011909","ENSBTAG00000014583-ENSBTAG00000004337","ENSBTAG00000017664-ENSBTAG00000011154","ENSBTAG00000005339-ENSBTAG00000000782","ENSBTAG00000007244-ENSBTAG00000015910","ENSBTAG00000011412-ENSBTAG00000019289","ENSBTAG00000012066-ENSBTAG00000013569","ENSBTAG00000016208-ENSBTAG00000038141","ENSBTAG00000005198-ENSBTAG00000019866","ENSBTAG00000017582-ENSBTAG00000002699","ENSBTAG00000021945-ENSBTAG00000011741","ENSBTAG00000021466-ENSBTAG00000019289","ENSBTAG00000005198-ENSBTAG00000010543","ENSBTAG00000020638-ENSBTAG00000000782","ENSBTAG00000006538-ENSBTAG00000002144","ENSBTAG00000005339-ENSBTAG00000015910","ENSBTAG00000011966-ENSBTAG00000019929","ENSBTAG00000009476-ENSBTAG00000011971","ENSBTAG00000016800-ENSBTAG00000000782","ENSBTAG00000007773-ENSBTAG00000010347","ENSBTAG00000021466-ENSBTAG00000010682","ENSBTAG00000014906-ENSBTAG00000011515","ENSBTAG00000005710-ENSBTAG00000015457","ENSBTAG00000013103-ENSBTAG00000010682","ENSBTAG00000015114-ENSBTAG00000008165","ENSBTAG00000014906-ENSBTAG00000011628","ENSBTAG00000014921-ENSBTAG00000017745","ENSBTAG00000011851-ENSBTAG00000000782","ENSBTAG00000017060-ENSBTAG00000007103","ENSBTAG00000002080-ENSBTAG00000022799","ENSBTAG00000015089-ENSBTAG00000023144","ENSBTAG00000007148-ENSBTAG00000020199","ENSBTAG00000021048-ENSBTAG00000017489","ENSBTAG00000017246-ENSBTAG00000006378","ENSBTAG00000013201-ENSBTAG00000020319","ENSBTAG00000017746-ENSBTAG00000009851","ENSBTAG00000010963-ENSBTAG00000009024","ENSBTAG00000001725-ENSBTAG00000001338","ENSBTAG00000011238-ENSBTAG00000017256","ENSBTAG00000003300-ENSBTAG00000019929","ENSBTAG00000012623-ENSBTAG00000002606","ENSBTAG00000009761-ENSBTAG00000002144","ENSBTAG00000016515-ENSBTAG00000015510","ENSBTAG00000017564-ENSBTAG00000018035","ENSBTAG00000014583-ENSBTAG00000020667","ENSBTAG00000015991-ENSBTAG00000010444","ENSBTAG00000017664-ENSBTAG00000015910","ENSBTAG00000001292-ENSBTAG00000034385","ENSBTAG00000009476-ENSBTAG00000000782","ENSBTAG00000014575-ENSBTAG00000019289","ENSBTAG00000020645-ENSBTAG00000039292","ENSBTAG00000005359-ENSBTAG00000018035","ENSBTAG00000004129-ENSBTAG00000001338","ENSBTAG00000007319-ENSBTAG00000022799","ENSBTAG00000002278-ENSBTAG00000015910","ENSBTAG00000021105-ENSBTAG00000005273","ENSBTAG00000010179-ENSBTAG00000026676","ENSBTAG00000030710-ENSBTAG00000020979","ENSBTAG00000014113-ENSBTAG00000014162","ENSBTAG00000005111-ENSBTAG00000008997","ENSBTAG00000019770-ENSBTAG00000012314","ENSBTAG00000016542-ENSBTAG00000017266","ENSBTAG00000026236-ENSBTAG00000019929","ENSBTAG00000008300-ENSBTAG00000008165","ENSBTAG00000004148-ENSBTAG00000003255","ENSBTAG00000007897-ENSBTAG00000019903","ENSBTAG00000000793-ENSBTAG00000017266","ENSBTAG00000013162-ENSBTAG00000012314","ENSBTAG00000011851-ENSBTAG00000015510","ENSBTAG00000016800-ENSBTAG00000007338","ENSBTAG00000008300-ENSBTAG00000019289","ENSBTAG00000015114-ENSBTAG00000017489","ENSBTAG00000011851-ENSBTAG00000012771","ENSBTAG00000008300-ENSBTAG00000011741","ENSBTAG00000015362-ENSBTAG00000008997","ENSBTAG00000011412-ENSBTAG00000017266","ENSBTAG00000022120-ENSBTAG00000019929","ENSBTAG00000007740-ENSBTAG00000015127","ENSBTAG00000010138-ENSBTAG00000019866","ENSBTAG00000008300-ENSBTAG00000015910","ENSBTAG00000004594-ENSBTAG00000019569","ENSBTAG00000008300-ENSBTAG00000013745","ENSBTAG00000019964-ENSBTAG00000003166","ENSBTAG00000015978-ENSBTAG00000011628","ENSBTAG00000020457-ENSBTAG00000008997","ENSBTAG00000007897-ENSBTAG00000016948","ENSBTAG00000004129-ENSBTAG00000014798","ENSBTAG00000007740-ENSBTAG00000017266","ENSBTAG00000003837-ENSBTAG00000002606","ENSBTAG00000024394-ENSBTAG00000019866","ENSBTAG00000006989-ENSBTAG00000011971","ENSBTAG00000017280-ENSBTAG00000039292","ENSBTAG00000017246-ENSBTAG00000007909","ENSBTAG00000006505-ENSBTAG00000006240","ENSBTAG00000017549-ENSBTAG00000008197","ENSBTAG00000019910-ENSBTAG00000015510","ENSBTAG00000025471-ENSBTAG00000006378","ENSBTAG00000002006-ENSBTAG00000017266","ENSBTAG00000032436-ENSBTAG00000002144","ENSBTAG00000025471-ENSBTAG00000020054","ENSBTAG00000039355-ENSBTAG00000011515","ENSBTAG00000005250-ENSBTAG00000006240","ENSBTAG00000007737-ENSBTAG00000012599","ENSBTAG00000017685-ENSBTAG00000007421","ENSBTAG00000015801-ENSBTAG00000015510","ENSBTAG00000007338-ENSBTAG00000004917","ENSBTAG00000012398-ENSBTAG00000014357","ENSBTAG00000012109-ENSBTAG00000013674","ENSBTAG00000014583-ENSBTAG00000026813","ENSBTAG00000014737-ENSBTAG00000015910","ENSBTAG00000005163-ENSBTAG00000006240","ENSBTAG00000017664-ENSBTAG00000011578","ENSBTAG00000005947-ENSBTAG00000017060","ENSBTAG00000007737-ENSBTAG00000010444","ENSBTAG00000014127-ENSBTAG00000039652","ENSBTAG00000014051-ENSBTAG00000015910","ENSBTAG00000007737-ENSBTAG00000011628","ENSBTAG00000013103-ENSBTAG00000004885","ENSBTAG00000005947-ENSBTAG00000015910","ENSBTAG00000002317-ENSBTAG00000026676","ENSBTAG00000018077-ENSBTAG00000024406","ENSBTAG00000005581-ENSBTAG00000014162","ENSBTAG00000007737-ENSBTAG00000012314","ENSBTAG00000019665-ENSBTAG00000005273","ENSBTAG00000001292-ENSBTAG00000032007","ENSBTAG00000015789-ENSBTAG00000011628","ENSBTAG00000013191-ENSBTAG00000018052","ENSBTAG00000034077-ENSBTAG00000017846","ENSBTAG00000013155-ENSBTAG00000008373","ENSBTAG00000021811-ENSBTAG00000020148","ENSBTAG00000011851-ENSBTAG00000002699","ENSBTAG00000000442-ENSBTAG00000007348"
42.5484346345393,75.5031512010184,103.123345632799,49.5993066464538,84.8203681308004,47.9862445938723,56.3922466900327,65.4654609364218,40.1132219140095,89.3276636168658,120.371620619853,67.7193669233137,46.6075924146779,66.7496086759628,100.450557810955,84.1625222583677,102.751540733509,63.1331312771057,97.0980984931812,36.8496477370836,87.8920763801085,126.831171975598,34.0907024885639,38.6596082184033,70.0459895101988,82.9164491153621,77.5330906683364,76.0884541008669,47.6403170469425,85.7750025905691,27.6253073286314,72.0674399963715,87.6073844451432,87.0179380878679,120.096676652784,94.6807195000998,101.960591308731,59.1332309258637,81.4255082606986,78.2942148888982,125.795765669873,77.8482285483752,37.6335917251838,101.46140008552,68.2626627860389,83.3459359917159,45.3684777177023,56.8291244830786,57.0877597231331,74.033056705513,89.5614075995542,28.7488010892313,42.3519083131672,95.278150169638,42.9728313544565,41.4223231389743,88.022114524564,48.5783590977137,42.3147228669276,39.4142671869083,15.2647113999526,126.449167075522,67.4767786090028,39.5091439378742,68.0579138796683,98.2749490674931,68.6190798864455,71.293814017241,153.863559734853,67.5654994505821,54.7535375823449,43.3660928143307,99.4312690462005,74.493966868606,78.4198375915943,76.5794098789941,36.0507704863546,67.5828691316447,70.4180417665817,96.4982321279381,59.3582817578593,68.0737187946286,51.5293602196103,75.4001785253933,80.3226542056436,35.9564117681063,42.0787152220665,95.8014938503769,164.653960135506,60.745104630245,38.373139636219,118.174503872301,81.9704007793387,90.9961533362058,50.0960124276358,56.9036276499507,38.7722800469961,65.2884170365019,111.480039783876,27.2283683544922,55.9356578267382,97.1021573353316,41.6797493356436,41.0731658419484,39.7258100831978,36.4954284704421,58.756843202137,81.2716004751084,15.8476573821911,104.567813871458,55.7665815543238,94.1261287506243,63.9210760861885,117.09638266258,85.9651592714586,133.318115652806,32.1839507090215,56.4805858250404,62.4440633388305,71.1266071557412,31.4688342054569,78.9248924305284,120.94918464027,63.5804258502847,66.9419199403403,49.6175947188675,32.3969252011644,33.3722780144513,24.4223144875784,71.5760502783224,122.025683532059,58.0197734398238,49.2657207451792,59.6392365294811,66.0513004897779,97.4166327843183,61.6927647620851,42.1647164502546,56.8137756170185,79.2972106487944,50.2113048570849,64.9044967729338,29.3169810661351,123.050880002344,51.784000338993,106.472294444361,31.7175114485607,96.6827612767986,41.216790170152,94.8002862687705,58.8151474802999,122.143848103544,32.0516381777368,56.9262468176208,36.6420861962758,107.977419671041,7.0688190932826,32.5227816410575,50.2417195827774,53.589779431772,101.084726324267,31.5268458681633,72.2317500048178,84.3323608451504,26.2208234093039,82.6104045607532,113.268906154984,42.5689946529369,24.2317519469191,50.9970450883012,91.1912818931635,81.3663418957987,43.852404257409,49.9673428696747,21.3073486855996,75.9439830071934,71.0384665734218,71.3269931762288,26.707123117258,56.5513804312807,47.9513394721078,160.500171619511,32.8726165931529,49.9615823477161,146.729125418965,71.9963746427459,86.3596975835715,98.7858620449719,26.6650816583422,41.564091802987,100.607813134986,40.0334239514684,76.417119037932,36.2991590711474,110.719100196174,83.657095613129,43.7003543070738,45.7421204111467,98.2729932995539,66.0374192910105
43.9043763656624,77.9093002033051,98.3020005689884,44.5977461635132,82.92677503656,49.5154795028317,53.5083398250309,57.0261224745475,34.432159446862,80.3199225295924,124.49254692769,62.4558151640683,45.9079540795716,61.3596944434672,91.6685152489038,108.486067313383,101.115517022494,65.4095853388176,97.0647089395474,31.6307911930861,90.3559340890053,112.331658719653,37.255220150448,41.7342819298133,72.2782286299335,78.9265137597448,77.9141490140745,73.2131791958075,61.4086947883937,87.3886438601688,28.3103901545822,70.2542466031531,90.4360600689817,81.0413210203406,122.092597020046,85.1331798837985,95.2287402938426,54.7771669308447,82.8024761005999,81.7707774544696,126.661604672288,65.935893225269,33.5203752000194,99.2858822229076,69.7687412962273,71.4212351174079,45.6300241526275,67.9804136134077,53.4036515154649,76.3923564525387,53.6385805280275,30.1751393177284,41.562236479738,91.9322175293417,41.5035971455215,44.716720932698,85.6044109813084,45.6720694432354,50.8284820613479,33.8321946606557,14.4840720641842,123.034987802439,68.367591457093,36.2943209382183,65.151549868141,98.2456362218045,71.0933462495821,73.2923765782546,151.413723652685,69.3068831086158,31.4721439272588,43.6160956255953,91.402367861343,73.7755903896432,70.5786719967372,77.9691219250976,30.9450554789483,68.1647680853275,69.4058659523023,93.1772378775569,50.9516245381566,62.8604676581531,37.1736090177514,75.8348558361188,86.8872717042761,34.7850862827621,41.3557606860072,86.1409361078225,158.987381143804,61.3643981482253,43.1929493248777,118.755305960362,86.8533474833951,91.923854889529,56.4883880120219,55.604912801952,37.3071305029762,78.2657305840937,107.70437940638,31.9951338184941,47.9857427937465,93.6220746903661,33.8707388808334,41.8494555783446,35.3839215995533,38.6459085015222,47.1455316120975,81.8586004223948,14.4038874991152,102.233364085512,51.9363884879393,87.9115406708165,65.5685310477526,111.621753585372,49.4124760660844,152.765550768949,31.135517902999,66.2870844611315,63.5000403765793,80.2380129024674,42.9407709707789,75.928846336738,111.486508921571,63.0508992759518,72.8277575443574,48.2771662843621,26.5452733355321,34.5289661610609,28.8387375728228,67.2384113990406,126.19299611192,60.1118500758925,37.5179019072461,57.0923860481291,67.8088350677991,99.0356271387291,60.2847471554838,41.4402843268284,58.8623663909636,84.0209163974187,49.065329286662,67.2448227208674,38.9819552001554,121.864248901529,60.8159419173287,107.502277664843,30.8076564318613,100.16894769198,58.783266599933,98.218594411618,57.7602112109532,119.271053042561,33.9124390986321,54.4952526006282,49.9999275782823,109.021963052326,15.1697837631761,32.7562016151072,52.7869031195321,49.6420751540129,97.461910813203,26.5194458939287,47.9204890911928,85.2635621563893,22.2711750710641,85.7271098490648,112.456605425117,36.1568177213821,45.572983539263,50.9028262527687,89.7393221624383,83.0306889852215,44.4766187260291,48.2589674343173,34.3044425933982,56.0730000676691,72.8693599404309,66.9778853687823,30.6826193320582,32.505537775377,45.4991017052786,157.944666519374,32.7451805544544,74.0715116281396,144.392884749792,72.3502212285586,81.9432513637623,86.5757706498248,26.0909711176341,49.580656872329,99.0059221401929,39.3645289668484,87.5642685230251,72.5758636421707,114.582356638004,95.997497683085,39.8153883749229,42.6930479987327,96.0301029808464,59.68702051152
41.0926220040481,72.9197790486831,103.847475695289,44.3987048065255,84.4453610320315,46.3443750029077,55.3529809891056,59.3400539059602,33.8177122302305,79.9614518052016,118.496291638349,66.4294194665116,49.2163985477693,65.711001310538,93.1725928178541,108.56216623161,100.010694907326,63.0876224510367,98.0207159330634,31.066334826693,88.3839209642231,127.828556291891,39.256340640702,30.417532503447,67.6493364459891,80.3391447190299,85.5858117036214,78.8568032122808,61.451770690755,81.452744715718,24.0366460112712,73.9494530700099,83.8280149373597,80.5354311760555,122.38510626443,84.7532274174426,100.297685088814,59.181438924862,83.246100122336,85.5171570233596,128.226170237083,75.9031320384109,35.8251418880798,98.8547098753565,69.0319326871856,68.6981955632087,44.3898883688834,57.3764752398089,54.5866339273023,71.4999844561696,55.819283969712,35.0434343351801,44.0149475922209,102.276859416679,42.5909959750132,32.5912475193747,91.8127348514023,49.4300019213334,44.4685792184096,33.2284539085296,14.9833945182238,127.139527714294,70.7618923189708,43.2221867313183,68.038335405403,96.9521371029693,68.569616574419,71.692774626086,149.759326430998,71.932134468553,33.4568753270581,42.4306945232076,97.8841431463883,74.6393597296041,72.3844866645542,70.3662339762305,30.3928361725499,64.035045901955,66.8276928111156,97.486676667247,50.0423849091802,62.2501572090959,37.5449146751656,73.7738111594192,81.8863801478803,29.9077162241521,41.1516344904446,85.7564859889258,166.340533082829,53.5341199834071,38.1997082672317,130.448312448275,83.3756949193596,80.1940999259303,69.2423288674101,57.1144170311875,40.1829435738606,71.5149131977978,106.858453082013,36.2832980820429,54.5529241987883,93.7049731564061,35.2639739029581,38.9402289823771,37.8168204948958,39.8298963525528,54.4687063372305,85.4854553009081,15.2780173485806,104.105499531534,51.6121823773516,92.5909971576525,68.0521786680392,117.918631110538,52.5285806764617,131.025860856545,26.7698698909468,53.8877202904748,63.8402493246552,70.6823224466469,32.475554110488,74.3181018542735,115.788109790752,63.1007812043375,67.6742411424915,50.1390068714988,29.4641617850111,32.694740822617,24.0555538539164,87.225617896886,119.249966701198,57.9779505217359,35.0113174660287,59.6220798875709,79.7101680308467,99.2728965323568,61.9212946510929,41.2357409345091,56.7728220292496,80.6566758262887,50.3973037172459,64.8577110774521,29.5658696885536,123.291043336959,62.9547157291087,115.705557673259,30.8279755890824,96.6130685674745,50.0418318698052,94.7319505209338,60.8316859082652,125.40545185714,33.0278191713439,56.9098706315932,37.8143036764282,117.341207159634,6.48424473721694,36.646638825035,54.130813189301,53.6334681663924,97.5482092949496,30.5942057401725,48.9820205622574,84.4148731104041,26.355367692416,85.781451861508,110.875132379325,42.7874246686148,45.5801106774189,51.3706821432168,88.7588001748665,83.8733567920608,42.4212468383457,49.5233577115398,33.4145377324815,53.201680110762,75.6295531232865,62.9131751930424,33.5605847681258,34.5554382092103,47.0676331941721,156.218910021441,29.7330644362695,72.3679616197674,142.815199573055,79.4740427655086,84.7681548288667,97.9313347254906,30.4252190771235,43.3016363138848,97.9241501675613,44.2862335231189,75.1032127711549,66.8310259083055,118.874860792351,71.9730941188027,32.1569313987031,40.9056920912119,98.6370281476892,68.0318754541472
52.2992468224853,92.8061860431412,89.2889630496378,44.125006838492,81.8117242855884,58.9832380827905,52.7516656742506,48.5697660571419,38.4545520787075,79.4685255593693,118.877058819538,73.8366569385939,45.8985533891706,67.3121895839389,22.5324113455398,109.600686807146,100.823165552109,67.2647609134813,94.8387732257003,35.3259257265697,89.2907451258234,130.148145410933,14.1147099891749,53.1798989843543,86.0984082207651,80.3294312022977,80.6690444569928,67.9918622105753,62.0396267595931,84.0340018842742,26.0750922161326,78.1431623072303,81.8951958043066,85.3359524816037,116.934836599706,84.2307620385644,99.0405961519111,60.8992134003378,83.265143121758,79.9249430530429,124.475973879728,78.4645019588794,38.1531874942574,88.7832059215231,70.5427499255002,78.4495923557934,50.2785549507123,80.1122989536205,59.8472958914019,90.9991904266586,76.4798186553626,12.5999810126494,30.4561927583235,100.726100735821,35.320055884942,56.9802711859689,90.1129594144403,50.8416628134627,42.947781150286,37.7844989223794,14.2792493586986,123.096504025411,68.2867527994465,48.3228879902555,66.814451455124,96.8244129332188,73.1097271637883,72.428346656992,150.975946879645,67.3146933563991,14.3515028865709,48.0594586869343,100.269298432901,81.0013003087379,75.4412815049937,78.7547277224644,34.5600818133456,74.2615803345248,72.6550921265055,96.8767088537142,56.9038344028655,60.7230467421023,44.2372069964846,83.5604853852808,86.2499251158762,31.1229678346929,48.1419697806174,85.2278359739502,165.299751155133,63.1487649389732,48.4543803978978,122.95426667998,77.8887615073891,94.5968359484518,22.2419540524004,58.0778414640252,34.6465117960014,65.7487346662017,113.083272261591,30.145554654756,60.618325072026,93.436606121536,34.0774515242909,41.2465334292176,40.2742924867106,41.4941146809916,57.3432987722535,96.6973896347428,18.2034102290805,100.858712902615,54.6886591219373,91.430500601021,63.6837982512059,101.38746489117,22.5324113455398,126.03323604978,27.8576201977612,61.2591889021588,63.854853129869,70.1182123970744,12.6658510771577,76.027725560095,118.398282628339,66.2208631242689,78.0660214387091,51.3676978451808,33.644801965525,32.5233826268768,26.8140778831863,77.3048313745697,116.155250457326,61.8167689410862,42.2317777718461,58.5495888246743,66.1647976857997,94.8519006038936,62.9658030481098,48.2403631965447,60.5318468475324,75.3486803736837,51.2474217132647,69.152050109455,30.9368247819895,133.799845857381,20.8997272895242,112.577981535331,32.9198932719059,103.009983667599,47.3807465712141,101.004313605317,59.9399860129535,126.632771742089,40.5523924454954,55.8861672022919,14.7480266948665,114.169418639808,8.33448352327799,47.0122555023832,55.8102240143716,55.1902096772644,97.268835396174,33.8672735633335,18.5786425585409,82.813556729828,27.2294436097738,79.1007513141746,111.792324150976,44.2064698477628,13.752020592093,59.142967817864,89.4798622540278,85.6510845957877,43.8457530111742,41.0689565232928,12.0042282314193,54.0054246520586,70.774768673119,83.0956930680239,28.115093985434,14.8227372209242,44.8556880943035,157.488007078211,43.4156375419576,22.5324113455398,143.975407062759,74.9083868156676,80.7844723707941,110.941062581336,27.0898765092929,38.9585201995858,98.7196700617105,43.7090101281689,72.2414711218512,20.4503805953643,120.830663622042,72.2401787245073,37.0886116419061,49.5034368862221,100.300869395479,77.3721817130863
42.1761737403321,74.8425658981049,97.1141399298755,53.5874410613488,83.8165505660117,47.5664077073783,60.3273214136358,62.6134784076501,38.5947371236618,96.5102384059037,118.836030813677,65.2595604029418,46.3761752380386,71.4756680098246,22.5324113455398,96.7498914286523,100.128593985255,66.2748700363133,100.333764191861,35.4547054475217,83.9959786882343,119.305711527695,14.1147099891749,35.1587931077055,69.4331495099811,81.6835830815261,78.2878375817456,79.3117681832623,54.7654155108214,86.1141331513254,26.252642801739,74.7828995104175,86.7297629939802,80.3153958913124,121.974100136953,102.293717773582,98.3364783011597,61.7066383565826,80.2017054982524,83.6359921133628,126.495298286012,73.1758840346504,38.4505751003379,92.7275516855463,67.8704472841209,72.5014371016096,43.7606665081905,57.2580482562282,60.4303437232699,73.3853334196435,69.1210737899257,12.5999810126494,23.1055602309211,90.5852334320143,40.9921715510303,37.671330786804,88.2606550615908,51.3574022128772,45.2657518975243,37.9222413064064,16.3298893901685,122.128786008321,66.142067302158,44.3589478821775,65.882458313267,98.9081507501875,72.0338197946272,68.1334874476852,149.935872414543,67.6368414216227,14.3515028865709,41.829244023118,106.471281511813,75.4669206326662,75.8053191892476,75.0650381085509,34.6860696707184,74.0151861686349,70.7277999289323,96.1816439036074,57.1112758149384,63.8894950299458,59.9347379985164,72.7280753751257,82.5146109147984,30.7751209897552,41.6120206081769,103.504610294049,164.113768841647,63.3322757077393,37.1795935418943,119.324875168897,83.2968282023164,94.8717350395824,22.2419540524004,56.1561836403052,40.4147793954043,77.5553997921021,107.061726561343,31.2293665063695,51.9343771997254,94.6999226363824,34.7004663394172,44.0952359927132,40.5882131894308,38.3757888834719,56.0652184542704,87.0104148770093,14.8043256358282,103.330292618145,51.4711698927871,90.7804858588079,63.9885699343227,110.27293986047,22.5324113455398,139.866701973873,27.5462686150738,56.2979359244545,61.5055464189513,81.618885760938,12.6658510771577,74.3157289649966,133.061234343566,62.4185244377917,71.0414594094065,51.5502509243171,33.644801965525,32.2434436661257,25.4486614684141,77.3048313745697,123.536281873508,60.9070525487319,51.2368533077186,57.7328820485991,74.3545956794566,98.939508181335,60.8824141857816,41.6970679975947,59.6410398014839,80.5803810831241,49.5517662550333,68.1343852488177,31.8893402184708,124.65802782789,20.8997272895242,100.489423900245,32.4182248141334,101.494054052969,47.3807465712141,99.5179001068566,56.6604610800433,125.83646534853,31.5366072900615,55.1066124289927,14.7480266948665,101.909973421753,8.33448352327799,26.8273687813329,52.7967362644736,55.9219424886698,98.583965849179,33.8672735633335,18.5786425585409,83.9899549511326,27.2294436097738,85.6643408941441,112.444996190113,44.2064698477628,13.752020592093,49.795026827673,88.8634347912781,84.0583645534741,43.5017480585877,47.6642991933191,12.0042282314193,56.0771773476005,71.1134756278395,67.2634915874917,28.048383650993,14.8227372209242,51.2974041351592,156.403070980063,36.0512446455732,22.5324113455398,142.98355937057,72.6972243195723,92.3859136513058,89.2916938254096,27.0887682854867,47.5215945449126,98.0395894915498,43.7090101281689,80.1707282003234,20.4503805953643,111.306824041817,69.9848685896054,37.0602453803928,40.4016200982338,96.9821518684319,67.5308062011061
42.5484346345393,74.3512506026587,76.9394882133418,49.5993066464538,84.8203681308004,47.9862445938723,56.3922466900327,65.4654609364218,40.1132219140095,87.9648517668493,119.793972004433,67.7193669233137,46.2522948897527,66.7496086759628,98.9180514743659,82.8785114825689,102.751540733509,63.1331312771057,97.0980984931812,36.8496477370836,87.8920763801085,130.618175852303,34.0907024885639,38.6596082184033,70.0459895101988,82.9164491153621,77.5330906683364,77.1142683180685,47.6403170469425,84.4663912910841,27.6253073286314,119.094389764018,87.6073844451432,86.7706688044396,120.096676652784,91.196481926767,103.335210170354,59.1332309258637,81.4255082606986,78.5297829125728,85.9619169482881,53.1972035895755,37.6335917251838,99.9134720108662,68.2626627860389,48.1546393753001,45.3684777177023,55.9621209017045,57.0877597231331,75.8862025355782,88.1950296754171,28.7488010892313,42.3519083131672,95.1930914226038,42.9728313544565,41.4223231389743,88.022114524564,48.5783590977137,68.3837307808966,39.4142671869083,82.9463850729791,121.916146625092,67.4767786090028,39.5091439378742,68.0579138796683,98.2749490674931,68.6190798864455,71.293814017241,101.814873933228,67.5654994505821,54.7535375823449,43.3660928143307,97.9143133100745,74.493966868606,81.2999422443803,76.5794098789941,36.0507704863546,66.1713495351914,70.4180417665817,96.4982321279381,60.5609814891013,68.0737187946286,51.5293602196103,74.2498489116189,15.3067358531575,35.9564117681063,42.0787152220665,95.016550581305,164.548517630737,60.745104630245,38.373139636219,118.098826277435,81.9704007793387,17.7217577195711,49.7141220895596,56.9036276499507,38.7722800469961,65.2884170365019,111.480039783876,46.0004337685286,55.9356578267382,97.1021573353316,41.6797493356436,41.0731658419484,39.7258100831978,36.4954284704421,58.756843202137,15.4875723808991,15.8476573821911,104.567813871458,55.7665815543238,102.057969708251,63.9210760861885,115.445612006917,84.6536468798866,133.318115652806,32.1839507090215,56.4805858250404,62.4440633388305,77.1203194575573,31.4688342054569,78.9248924305284,119.103944594761,63.5804258502847,66.9419199403403,49.6175947188675,32.3969252011644,33.3722780144513,24.4223144875784,71.2325656087002,23.2538992093588,58.0197734398238,49.2657207451792,59.6392365294811,65.7343284154789,97.4166327843183,61.6927647620851,42.1647164502546,56.8137756170185,79.2972106487944,50.2113048570849,64.9044967729338,29.3169810661351,122.46037395039,9.86824977894087,108.855183742629,31.7175114485607,95.2077376679256,45.44766137582,97.1732634630903,58.8151474802999,23.7878591969651,32.0516381777368,56.9262468176208,36.6420861962758,107.459249302906,7.0688190932826,32.5227816410575,50.2417195827774,53.589779431772,101.084726324267,31.5268458681633,72.2317500048178,84.3323608451504,26.2208234093039,82.2139673808925,113.268906154984,41.4887044457641,24.2317519469191,50.9970450883012,161.182573125301,81.3663418957987,43.852404257409,49.9673428696747,21.3073486855996,75.9439830071934,71.0384665734218,70.2388054011233,26.707123117258,56.5513804312807,47.9513394721078,158.237514417692,32.8726165931529,49.1993522197562,28.5759113516819,71.9963746427459,85.0421659873627,98.7858620449719,26.6650816583422,41.564091802987,100.607813134986,40.0334239514684,76.417119037932,7.06936369174073,81.1493985604809,84.7849492285538,43.7003543070738,68.6855303259049,96.2204871300652,66.0374192910105
43.9043763656624,76.7206906142426,73.3423219321936,44.5977461635132,82.92677503656,49.5154795028317,53.5083398250309,57.0261224745475,34.432159446862,79.0945357033431,123.895122493321,62.4558151640683,45.5579900154825,61.3596944434672,90.2699906060737,106.830968633868,101.115517022494,65.4095853388176,97.0647089395474,31.6307911930861,90.3559340890053,115.685727127456,37.255220150448,41.7342819298133,72.2782286299335,78.9265137597448,77.9141490140745,74.2002293467546,61.4086947883937,86.0554143253595,28.3103901545822,116.098013582203,90.4360600689817,80.8110348308822,122.092597020046,82.0002904670877,96.5126012532218,54.7771669308447,82.8024761005999,82.01680559929,86.5535837664823,45.056967912706,33.5203752000194,97.7711445553797,69.7687412962273,41.2649252767302,45.6300241526275,66.9432823430911,53.4036515154649,78.3045586917627,52.8202529215294,30.1751393177284,41.562236479738,91.850145834822,41.5035971455215,44.716720932698,85.6044109813084,45.6720694432354,82.1425971337626,33.8321946606557,78.7044961010093,118.624360759765,68.367591457093,36.2943209382183,65.151549868141,98.2456362218045,71.0933462495821,73.2923765782546,100.193763955707,69.3068831086158,31.4721439272588,43.6160956255953,90.007903649503,73.7755903896432,73.1707962327488,77.9691219250976,30.9450554789483,66.741095086883,69.4058659523023,93.1772378775569,51.9839910980305,62.8604676581531,37.1736090177514,74.6778946441075,16.5577262122575,34.7850862827621,41.3557606860072,85.4351459862719,158.885567451132,61.3643981482253,43.1929493248777,118.67925642651,86.8533474833951,17.9024302157295,56.0577675184956,55.604912801952,37.3071305029762,78.2657305840937,107.70437940638,54.0535523455274,47.9857427937465,93.6220746903661,33.8707388808334,41.8494555783446,35.3839215995533,38.6459085015222,47.1455316120975,15.5994343858066,14.4038874991152,102.233364085512,51.9363884879393,95.3196893772004,65.5685310477526,110.048161718889,48.6586232819084,152.765550768949,31.135517902999,66.2870844611315,63.5000403765793,86.9995271126666,42.9407709707789,75.928846336738,109.78563453033,63.0508992759518,72.8277575443574,48.2771662843621,26.5452733355321,34.5289661610609,28.8387375728228,66.9157425253669,24.0480456865676,60.1118500758925,37.5179019072461,57.0923860481291,67.4834288010358,99.0356271387291,60.2847471554838,41.4402843268284,58.8623663909636,84.0209163974187,49.065329286662,67.2448227208674,38.9819552001554,121.279437346408,11.5894272642713,109.908218368233,30.8076564318613,98.6407376908334,64.8173228426937,100.677136403107,57.7602112109532,23.2283742497209,33.9124390986321,54.4952526006282,49.9999275782823,108.498780048864,15.1697837631761,32.7562016151072,52.7869031195321,49.6420751540129,97.461910813203,26.5194458939287,47.9204890911928,85.2635621563893,22.2711750710641,85.3157159835236,112.456605425117,35.2392518632876,45.572983539263,50.9028262527687,158.61620273754,83.0306889852215,44.4766187260291,48.2589674343173,34.3044425933982,56.0730000676691,72.8693599404309,65.9560489949897,30.6826193320582,32.505537775377,45.4991017052786,155.718035646753,32.7451805544544,72.9414525881044,28.1209218867896,72.3502212285586,80.6930985055571,86.5757706498248,26.0909711176341,49.580656872329,99.0059221401929,39.3645289668484,87.5642685230251,14.1343543061994,83.9808967950579,97.2917229253083,39.8153883749229,64.1070990296218,94.0244412806475,59.68702051152
41.0926220040481,71.8072912149661,77.4797557547601,44.3987048065255,84.4453610320315,46.3443750029077,55.3529809891056,59.3400539059602,33.8177122302305,78.7415339247559,117.927642496261,66.4294194665116,48.8412136544118,65.711001310538,91.7511214791035,106.905906562282,100.010694907326,63.0876224510367,98.0207159330634,31.066334826693,88.3839209642231,131.645340688743,39.256340640702,30.417532503447,67.6493364459891,80.3391447190299,85.5858117036214,79.919939936691,61.451770690755,80.2100751862533,24.0366460112712,122.204493280171,83.8280149373597,80.3065825180078,122.38510626443,81.634320199709,101.649884874344,59.181438924862,83.246100122336,85.7744571022843,87.6227219399722,51.8680314687527,35.8251418880798,97.3465503132089,69.0319326871856,39.6916393549046,44.3898883688834,56.501121097509,54.5866339273023,73.2897241203271,54.9676868432089,35.0434343351801,44.0149475922209,102.18555263231,42.5909959750132,32.5912475193747,91.8127348514023,49.4300019213334,71.864522403795,33.2284539085296,81.4177470405901,122.581758829642,70.7618923189708,43.2221867313183,68.038335405403,96.9521371029693,68.569616574419,71.692774626086,99.0990132242682,71.932134468553,33.4568753270581,42.4306945232076,96.3907908655006,74.6393597296041,75.0429325786842,70.3662339762305,30.3928361725499,62.6976252906114,66.8276928111156,97.486676667247,51.0563287279467,62.2501572090959,37.5449146751656,72.6482939344287,15.6047282462285,29.9077162241521,41.1516344904446,85.0538458342597,166.234010516118,53.5341199834071,38.1997082672317,130.364774847381,83.3756949193596,15.6180273266667,68.7144829351903,57.1144170311875,40.1829435738606,71.5149131977978,106.858453082013,61.2981074957227,54.5529241987883,93.7049731564061,35.2639739029581,38.9402289823771,37.8168204948958,39.8298963525528,54.4687063372305,16.2905882097453,15.2780173485806,104.105499531534,51.6121823773516,100.39347531447,68.0521786680392,116.256268776475,51.7271875882302,131.025860856545,26.7698698909468,53.8877202904748,63.8402493246552,76.6385956685899,32.475554110488,74.3181018542735,114.021608779479,63.1007812043375,67.6742411424915,50.1390068714988,29.4641617850111,32.694740822617,24.0555538539164,86.8070328753683,22.7249430293953,57.9779505217359,35.0113174660287,59.6220798875709,79.3276487296958,99.2728965323568,61.9212946510929,41.2357409345091,56.7728220292496,80.6566758262887,50.3973037172459,64.8577110774521,29.5658696885536,122.699384770675,11.9970040072254,118.295090814895,30.8279755890824,95.1391082132113,55.1785866889653,97.1032171806385,60.8316859082652,24.4230657345965,33.0278191713439,56.9098706315932,37.8143036764282,116.778101126016,6.48424473721694,36.646638825035,54.130813189301,53.6334681663924,97.5482092949496,30.5942057401725,48.9820205622574,84.4148731104041,26.355367692416,85.3697972153269,110.875132379325,41.7015912765767,45.5801106774189,51.3706821432168,156.883108809241,83.8733567920608,42.4212468383457,49.5233577115398,33.4145377324815,53.201680110762,75.6295531232865,61.9533513579203,33.5605847681258,34.5554382092103,47.0676331941721,154.016608065912,29.7330644362695,71.2638924919778,27.8136632452447,79.4740427655086,83.4749043258612,97.9313347254906,30.4252190771235,43.3016363138848,97.9241501675613,44.2862335231189,75.1032127711549,13.0155309414176,87.1270037434203,72.9434256109524,32.1569313987031,61.4232381310507,96.5769188336679,68.0318754541472
52.2992468224853,91.3903047251555,66.6177680522628,44.125006838492,81.8117242855884,58.9832380827905,52.7516656742506,48.5697660571419,38.4545520787075,78.2561279218339,118.306582422537,73.8366569385939,45.5486609881273,67.3121895839389,22.1886495594613,107.928583130603,100.823165552109,67.2647609134813,94.8387732257003,35.3259257265697,89.2907451258234,134.034189539831,14.1147099891749,53.1798989843543,86.0984082207651,80.3294312022977,80.6690444569928,68.9085192741708,62.0396267595931,82.7519518570464,26.0750922161326,129.134769178408,81.8951958043066,85.093462711282,116.934836599706,81.1310814755655,100.375848034911,60.8992134003378,83.265143121758,80.1654175364263,85.0600437282366,53.6183309896044,38.1531874942574,87.4287004949482,70.5427499255002,45.3256872585606,50.2785549507123,78.890079700083,59.8472958914019,93.2770211388128,75.3130177010952,12.5999810126494,30.4561927583235,100.636178377893,35.320055884942,56.9802711859689,90.1129594144403,50.8416628134627,69.4067999229053,37.7844989223794,77.5915171159658,118.683671714776,68.2867527994465,48.3228879902555,66.814451455124,96.8244129332188,73.1097271637883,72.428346656992,99.9040775151051,67.3146933563991,14.3515028865709,48.0594586869343,98.7395574482574,81.0013003087379,78.2119935154705,78.7547277224644,34.5600818133456,72.7105707776267,72.6550921265055,96.8767088537142,58.0568028567393,60.7230467421023,44.2372069964846,82.2856594795612,16.4362698688133,31.1229678346929,48.1419697806174,84.5295272785785,165.193895093213,63.1487649389732,48.4543803978978,122.875528179915,77.8887615073891,18.4230008220519,22.0723998914815,58.0778414640252,34.6465117960014,65.7487346662017,113.083272261591,50.9288170432321,60.618325072026,93.436606121536,34.0774515242909,41.2465334292176,40.2742924867106,41.4941146809916,57.3432987722535,18.4271973513154,18.2034102290805,100.858712902615,54.6886591219373,99.1351857832286,63.6837982512059,99.95815129421,22.1886495594613,126.03323604978,27.8576201977612,61.2591889021588,63.854853129869,76.0269490714594,12.6658510771577,76.027725560095,116.591959972464,66.2208631242689,78.0660214387091,51.3676978451808,33.644801965525,32.5233826268768,26.8140778831863,76.9338549884511,22.1351965306785,61.8167689410862,42.2317777718461,58.5495888246743,65.8472809524041,94.8519006038936,62.9658030481098,48.2403631965447,60.5318468475324,75.3486803736837,51.2474217132647,69.152050109455,30.9368247819895,133.157756839181,3.98276934679902,115.097518367153,32.9198932719059,101.438429898832,52.2443430702052,103.532585851603,59.9399860129535,24.6620897465799,40.5523924454954,55.8861672022919,14.7480266948665,113.62153362953,8.33448352327799,47.0122555023832,55.8102240143716,55.1902096772644,97.268835396174,33.8672735633335,18.5786425585409,82.813556729828,27.2294436097738,78.7211565289585,111.792324150976,43.0846247851869,13.752020592093,59.142967817864,158.157601709105,85.6510845957877,43.8457530111742,41.0689565232928,12.0042282314193,54.0054246520586,70.774768673119,81.8279581848621,28.115093985434,14.8227372209242,44.8556880943035,155.267813979225,43.4156375419576,22.1886495594613,28.0396169288141,74.9083868156676,79.5519982212803,110.941062581336,27.0898765092929,38.9585201995858,98.7196700617105,43.7090101281689,72.2414711218512,3.98276934679902,88.5604711672982,73.2141110150826,37.0886116419061,74.3334542632298,98.2060094921917,77.3721817130863
42.1761737403321,73.7007434036864,72.4560687847487,53.5874410613488,83.8165505660117,47.5664077073783,60.3273214136358,62.6134784076501,38.5947371236618,95.0378468619851,118.265751305035,65.2595604029418,46.0226418452177,71.4756680098246,22.1886495594613,95.2738436603786,100.128593985255,66.2748700363133,100.333764191861,35.4547054475217,83.9959786882343,122.868015534121,14.1147099891749,35.1587931077055,69.4331495099811,81.6835830815261,78.2878375817456,80.3810386836977,54.7654155108214,84.8003479658549,26.252642801739,123.581797583284,86.7297629939802,80.0871724832807,121.974100136953,98.5293229013794,99.6622373628058,61.7066383565826,80.2017054982524,83.8876322300454,86.4399391164505,50.004379976604,38.4505751003379,91.3128700388608,67.8704472841209,41.8890317359448,43.7606665081905,56.3845008744553,60.4303437232699,75.2222658747698,68.0665402374665,12.5999810126494,23.1055602309211,90.5043642459332,40.9921715510303,37.671330786804,88.2606550615908,51.3574022128772,73.1528125822727,37.9222413064064,88.734418756209,117.750644994301,66.142067302158,44.3589478821775,65.882458313267,98.9081507501875,72.0338197946272,68.1334874476852,99.2158375528425,67.6368414216227,14.3515028865709,41.829244023118,104.846921058895,75.4669206326662,78.589401115557,75.0650381085509,34.6860696707184,72.4693227411935,70.7277999289323,96.1816439036074,58.2684473845891,63.8894950299458,59.9347379985164,71.6185122349183,15.7244474275621,30.7751209897552,41.6120206081769,102.656552044612,164.008672269177,63.3322757077393,37.1795935418943,119.248460889467,83.2968282023164,18.4765381960148,22.0723998914815,56.1561836403052,40.4147793954043,77.5553997921021,107.061726561343,52.759841754247,51.9343771997254,94.6999226363824,34.7004663394172,44.0952359927132,40.5882131894308,38.3757888834719,56.0652184542704,16.5811930664818,14.8043256358282,103.330292618145,51.4711698927871,98.4303954582546,63.9885699343227,108.718362946169,22.1886495594613,139.866701973873,27.5462686150738,56.2979359244545,61.5055464189513,88.4967636635728,12.6658510771577,74.3157289649966,131.031208933755,62.4185244377917,71.0414594094065,51.5502509243171,33.644801965525,32.2434436661257,25.4486614684141,76.9338549884511,23.5417673086075,60.9070525487319,51.2368533077186,57.7328820485991,73.9977771118974,98.939508181335,60.8824141857816,41.6970679975947,59.6410398014839,80.5803810831241,49.5517662550333,68.1343852488177,31.8893402184708,124.059809271017,3.98276934679902,102.738414344667,32.4182248141334,99.945627798781,52.2443430702052,102.008965447215,56.6604610800433,24.5070068286783,31.5366072900615,55.1066124289927,14.7480266948665,101.420919982567,8.33448352327799,26.8273687813329,52.7967362644736,55.9219424886698,98.583965849179,33.8672735633335,18.5786425585409,83.9899549511326,27.2294436097738,85.2532482491041,112.444996190113,43.0846247851869,13.752020592093,49.795026827673,157.068052768369,84.0583645534741,43.5017480585877,47.6642991933191,12.0042282314193,56.0771773476005,71.1134756278395,66.2372979124608,28.048383650993,14.8227372209242,51.2974041351592,154.198172808498,36.0512446455732,22.1886495594613,27.8464517910445,72.6972243195723,90.9764441454357,89.2916938254096,27.0887682854867,47.5215945449126,98.0395894915498,43.7090101281689,80.1707282003234,3.98276934679902,81.5801592558718,70.9283950948624,37.0602453803928,60.6663328575537,94.9566059034944,67.5308062011061
58.3859105579634,103.413972557756,74.8341890672793,53.5428893221357,86.7608717858837,65.8477946118387,94.1065202523715,72.6685114836055,41.2361040137763,96.2502454878154,21.8148058910997,69.3330963662835,8.41029764307043,77.824149456466,108.135880358411,84.8737683003482,98.8048077651303,109.03383656925,99.7689226739997,37.8811732005676,96.8869669798881,23.1848498107686,36.4614259009941,47.1035148997211,96.1186683743859,81.9920146316128,82.2556946184659,87.7542499412968,48.1326432980398,94.0968444903412,30.4267572281518,75.4392762853056,91.3120348640685,53.5674542538849,123.104468990047,100.030430322904,90.1454950872241,55.5086527688788,85.4122885903089,15.0242179795949,86.8903167182193,41.0787179333574,42.8651041972024,72.5594195994835,70.5601985827538,49.3776834152991,50.3175347092604,58.310711010724,60.4351623024267,99.9111739386801,61.9655366017561,32.3510559824012,48.2534029595118,38.9857078436709,44.5061576372464,50.4696530842992,89.0435380570466,54.6833706949581,42.0873109057737,40.5175835745693,95.083158851497,69.2710864434861,71.7105942420086,42.3643250454757,64.3448145199138,97.8052809907491,77.6014904074132,78.5900355190833,155.007716038427,71.2602630460642,67.261991208892,48.0967180333377,115.711977165635,76.8897129364072,14.9497817128058,79.8724074852575,37.0599331247662,13.9694990954447,80.8965947886443,97.4545933043994,10.8868009640867,70.4479646239686,48.0861253917067,83.4693813684302,16.8162906237135,25.8542958412165,49.5204458048917,105.058873601992,95.3240338467518,66.0835887099252,48.6147473125233,71.8703799394793,85.3438922752286,108.694691752987,9.14717457007929,59.3985574141357,45.1439860838588,81.067420655131,115.894980269527,29.3534396206992,56.3983847840245,130.247482714325,38.7393694194361,41.9030498474579,45.2481655476701,43.395133118466,61.021090777593,18.1273044062222,94.3119877644865,106.960095695899,53.8844341461202,91.4825561478941,67.4165473966616,43.1577075904216,105.407055407214,122.263117945453,23.1417247175995,50.8696925783287,65.5014684289299,77.4939406341298,32.2499858477664,70.1906532425705,125.091879908789,62.7778033018912,77.6315188302252,46.9586177654744,33.7459274662866,37.4388660566777,26.7935830311556,15.0435351561762,19.7357160732173,65.6147080299186,42.6328086521762,56.3854428359895,13.2760730322655,99.8564088861815,64.3976734189925,49.6216565746876,64.2508420522246,82.5606870162166,52.4128108798142,73.4006590012251,34.8673032380463,23.1281618665623,8.86269954484714,20.7159059997949,32.5789983775852,109.134959233232,37.6425062712064,105.438381536427,60.26724257173,140.653787421796,40.8471367504455,53.8204682451911,37.5516535994719,20.7159059997949,43.3233492007644,34.1859134845318,51.04235761165,50.3049877685267,95.1152465492447,26.5234219572342,87.0631299302596,81.6734250763483,38.3095755860671,17.8178731439666,111.143077128851,7.78036349292184,26.7392575334256,58.8755593242552,87.6885836746533,84.3727744734465,45.262423186375,51.7502423828877,21.3073486855996,61.7623690796765,74.9231465107961,78.8185539028187,28.7638426697684,69.4705515182278,52.3989119414483,58.482962137993,47.7913130212133,60.4247766281695,154.920549947696,76.3817326924758,94.1937986819433,96.0944472393906,28.4333144803592,42.7749119053536,96.7434217094004,46.8314992612469,70.0804627505981,47.8054381977743,84.9475917792262,65.4152247779879,47.4805398012864,46.5489910267934,18.2547320134005,75.1422617981996
50.485441254252,89.4205466103038,73.3957289264107,62.5264200672776,84.0222303326932,56.9376230468776,93.0426847378718,69.4899918378323,43.7297818520195,112.399300021744,22.1966783176439,69.9245227614484,8.25526843153104,73.4986228113075,103.360001345605,88.7844482926826,101.639401282888,100.699674868659,97.7398117598978,40.1719677447211,90.2945741345601,23.8321757543286,38.1430613218015,39.4497310854932,83.1124039905914,80.609297472784,81.2324597109056,79.2284775501582,50.3504235249964,90.5840055668069,25.6396786764812,75.8078766164297,89.9882680276485,54.293914308284,118.974482344847,116.813731665667,89.3067636436413,54.4819968969102,80.9023343439775,13.6006205942267,87.115479762163,38.5995451491317,38.36647351415,95.7870222647097,70.2576848456888,49.5763866771381,44.9508347820707,68.0636633861277,56.6494772725026,86.3917279754853,93.8988004021857,28.0710174711077,45.0795193037877,38.3542298836548,43.0940098993918,42.2689102159873,90.439358621174,49.2438125655179,42.4828573817438,42.9678102057106,94.0082828392316,69.6194674217951,71.2450059625753,41.5290315629955,70.3981493043495,97.9925865560295,71.6699063266172,73.2426043421158,159.454704773323,68.1173168840317,63.4580801187635,42.9668829836076,109.280615642386,76.6892423595288,13.1612925884803,77.7702098393091,39.3010646799958,12.0487840198757,74.4622330587488,96.84927065407,11.5451603058043,67.2993602338006,42.8139364821487,74.5668163778986,16.2642780056494,29.9930651258544,48.9922041987807,122.685856997961,94.7319448045455,62.9426703394439,44.8758907012909,70.976335072254,82.200810076072,103.528489965742,8.41228968706507,55.0954424160339,40.7580178779066,63.7697478853377,113.171193523458,28.0977028210384,52.9701655713691,133.979970103612,40.9240787733575,40.8796546960344,40.4994360228771,41.9412807101509,60.8979242771572,17.3485758507956,89.8851693609504,103.583857699663,54.6151929530541,90.6313844248221,64.4431289746603,42.3281316584332,99.445901717963,124.185713113054,26.8462641892203,60.3729729027058,62.0428487085409,74.8260821341909,29.5505859546268,76.297259794253,122.347224291044,64.2841149981944,73.5666267537632,49.3601531172326,30.2313164804978,32.8739957020578,29.3615997395112,13.3964218873151,21.4722133238122,60.5993512942035,38.9519627222282,61.6899878098392,11.7839240700703,96.5063628763096,59.7323985975844,49.0923353389665,59.3397344189321,79.5201059178768,48.6157767024163,67.7901716489098,32.2499811374471,23.0678610047895,8.74639253782175,21.0399446567518,32.1491681109163,100.793068073055,43.2248610237962,97.3790437306333,58.4504941029222,136.758930966813,34.9161585305867,58.8837093932778,34.4084916088862,21.0399446567518,54.5246899845677,32.7731531071737,52.822322827591,49.3745758686575,97.8409534180106,25.4845559382539,81.6701181158816,83.3286167744014,37.3325783087863,13.4061690089733,111.449118334106,7.58194328511344,24.2317519469191,53.726041763969,90.2042658209758,82.7674166833294,42.1385900695806,50.1082451493799,21.3073486855996,71.9602139427757,71.6186482433495,70.7264196978298,28.9593139955443,65.5417382819852,51.8065637885789,60.1607694140288,37.5389495699249,55.0491861914449,159.365037990152,75.431568019338,93.1289765206865,96.7994998240633,24.5870421277432,42.830890072588,99.5188764900532,41.4570271692034,71.1824824053529,46.1561070482256,83.5818413685015,84.8606312849438,47.1027823910765,46.8027708582753,16.9322720996771,66.9396027598618
57.6029199969657,102.027128306905,69.2273137722234,52.4772859650908,83.3716470413741,64.9647356486252,91.0997485489448,65.4132138981946,40.3203126638535,94.3346860922226,21.392600457253,69.799749129033,8.55386562298349,71.8432747237956,106.337890474544,100.45353760604,98.1471674482937,107.012240182134,98.5980065790889,37.0398897774193,85.201211021849,23.9127961410992,38.9491367088392,44.1153646514927,94.8296585884016,82.3564767261196,83.5964686259822,83.336717839387,56.9680643435969,91.1570063508361,27.7409226949144,73.613269207911,91.6663020409418,51.3725220053795,123.292550488028,98.0396381989038,88.1584700817151,57.6890403686998,84.450184790862,13.7922020081267,88.2649260797285,52.0682476483895,38.9232397437285,91.380679819685,67.7439833946089,52.3107931119791,50.7862285075137,76.8923976637323,58.3869480939749,98.5713043471195,74.1547065216587,33.2433362831236,43.4733602712627,41.0133877676166,46.936563418915,47.2679619427164,92.4077219100734,51.4147647461902,43.9456174240039,39.6177494742147,92.0451828351656,67.1912981936577,63.8728613441799,40.6703939154879,66.4016639919258,97.8125844393133,76.1626811571967,69.1111137978546,153.975991714547,68.7843542089725,66.1914644924674,48.5447255438173,106.819379619363,77.5889974235217,14.173923186566,77.2912832621036,36.2368881985763,12.4182385518463,77.6454072062027,98.7873665619184,10.6450216207251,66.9438904987557,49.0693960180872,84.2468753696263,16.3433890179054,32.7829741228764,47.0977387316702,102.968006078499,96.6276699176855,65.2696966992135,46.5286735292177,73.0418725368021,84.7497616892865,107.35599718522,9.35470054510421,58.0506337793574,42.8714464875769,86.2109774260373,115.853875302055,29.250946603933,58.5459404516421,131.483386424609,36.0819859805784,43.3499139683632,41.0871553577333,44.2700697263295,58.5457773424872,16.2702934121517,89.7157749958749,102.781808922775,51.6765136121477,89.4660590788186,65.0741868954421,39.9241603642677,103.729420432618,122.17816242401,29.3434625810369,61.580880859765,64.7636447189587,83.3299146843629,34.7994701085884,66.6273084822857,129.683724640279,65.7915110241347,74.86685684965,50.0293177082129,34.5171589772226,37.2280364416881,24.4223144875784,13.4142158646283,21.3276169501543,64.3981457143231,42.7689686015585,58.187862645444,11.3574064101423,100.008971527655,62.9363055035902,47.1939979295671,63.0595671760128,81.9859320097947,51.2234138704306,72.0397373670078,37.1152515932019,23.3385042412586,9.06476232927469,20.53616948901,30.9796242764236,107.111487930781,53.3374881167926,103.483448481842,53.9121100592728,141.649970560639,33.7007535348029,55.5408959520625,40.5202548965892,20.53616948901,59.4027205590269,38.3953387092374,52.0216733449732,52.2809746835097,96.0177844230288,33.2497668222787,82.0083290360672,82.4094805305486,37.5818563905012,16.9200666655894,111.4273610457,7.63256963784352,24.2317519469191,52.8112093564648,87.1049324409215,78.0182075205778,45.8327043435951,54.5762353458225,21.3073486855996,56.7367293249239,72.319972278491,77.2157457596038,27.8218871921592,68.364873852902,50.7247286298841,58.0937021958918,33.762788697383,63.9140333675264,153.88940579736,77.6267606789046,91.184238369272,101.993362004175,27.2995852276105,44.6286650856638,96.0995018846075,40.4751785949273,70.0317667713365,39.8565341247822,81.4733986294093,71.22616522646,39.5532302703714,45.4431814450921,17.8404797857606,70.0963077433195
55.2258465667125,97.8168213315611,69.5341327389834,49.8191583540402,85.8094888677235,62.2838655291607,95.8647738219185,63.4447473759098,42.2794966273529,89.5563590661577,21.9863316971576,71.6307357798272,8.21562762248623,75.0983170609764,94.2408557673239,85.3769563244143,102.134364228248,106.057669128904,102.936720698633,38.8396763680318,90.4125071581547,23.139473976821,42.8488567021289,46.529381529057,90.9163663135942,81.9109214986959,83.7458744972978,80.9701084177025,48.4180055502319,97.0645454795471,24.7324412375609,73.4168384832463,87.8157642816235,54.5016428055464,121.724272354882,93.0736445412426,94.1944028168903,58.488405845479,81.9552712309469,13.6134319793991,87.3091744359122,43.2457175115977,39.4235440369214,85.9743367710458,68.8736176779436,49.7519262247935,48.6441419319267,78.6397730590394,55.2251061338795,94.5036072831289,84.2982763577086,33.1899780479968,52.2588459926441,38.4588702848464,42.0947826280744,49.8544906680076,93.3073298565845,49.6854792542838,42.1073662383014,41.5427955443411,96.8596595977376,69.0646607558477,65.3567311921963,44.6374200327166,67.3755187483872,100.323348883896,75.4832944753992,73.3382659238752,160.231216336061,66.7283639156622,38.5203990749063,46.4971821849403,111.659103371227,76.5219981536612,13.4867934378897,71.744910424808,37.9976565447359,13.2678723887161,77.9050376359841,100.073041381207,11.1622684938905,64.9352778697529,42.1383185384487,80.6934691398699,16.3297219312145,32.0418952613086,49.3559236672943,97.7523762116239,97.8852372198954,63.8321254556479,43.9989017639536,73.1724149483208,82.5451262670288,104.991471192568,11.8288809732601,54.0188379955223,41.6539763038544,74.591110176919,112.855059116598,28.2512866028321,52.3381001353614,133.5397399141,40.0590318941272,42.7398567810081,41.615273786618,43.8389224447963,63.055162129554,17.3609147563842,92.438314840025,105.787216656359,54.8241506622997,95.5915183135401,63.1290949026378,40.1011062684815,60.3657692349122,123.149337958946,28.6801359480565,60.0646020231139,62.8503310204866,69.4627217182174,33.478472719021,73.4691939800018,128.091201917254,64.4414600172975,70.115895889523,50.4661199052527,32.1619333885644,33.7048524644213,28.317172663312,14.8484197387692,22.8184610312206,63.8237010930727,57.7474445083663,59.0412528076615,13.1284954377513,98.7368599317446,58.5651847309216,49.4567981838129,62.4970629488983,79.8531933892629,47.6657895926079,71.3971281864523,33.5980944551971,23.0175545214274,11.1120937625803,20.108105191516,33.0194990342224,106.156031567349,43.2718720036082,102.560354971781,56.6219541589584,148.246946971968,34.1763796565708,56.3554653837506,38.9820949540392,20.108105191516,36.1449621864237,34.4945155815709,51.7166193888968,53.0054035522734,97.5194684868537,26.4120315880171,51.5419768579587,85.2156500401487,38.6776332544403,14.8891926060767,112.199958295252,7.85511301448381,44.0069326068341,50.7610750993734,90.6435420124052,82.4348508661751,41.7528919391277,48.9463777532381,34.3946215561693,60.3158947627173,70.1583010274196,72.3224533915211,25.3313548552742,39.7852237250182,53.3779150298035,60.453739967263,46.7015122936846,68.2249983194061,160.141112894129,77.7654973266036,95.9536829313829,90.1883971799482,27.7208170443357,42.6936752882364,100.003512916524,44.0868466189638,70.5884385791889,76.6677468594381,84.762899513017,75.3065983669408,50.7205952212282,45.9828029090273,16.6014033709325,67.3793037547866
52.146128165566,92.3619793811972,75.1244517240316,58.4343642315822,86.3264640242391,58.8105504296271,88.0427522342581,67.6583826935447,40.3732403788528,105.04330217176,21.9762651211046,69.3137436006387,8.46184390096474,69.0178396444038,22.4904085168028,84.631370649081,100.262894878372,104.547702288522,101.053905367664,37.0885113430825,90.3403249704722,24.6518295932401,14.6899713037907,42.1714264234283,85.8463343682602,81.9604518573917,83.1592085456137,72.5777780107918,47.9951775071556,100.341346910488,26.178373451884,75.0874597820979,90.9317959392661,53.4965237838208,121.859988716555,109.168830328959,93.8465741186572,52.0974533429769,81.8328113283546,12.5969045683239,89.074951426427,53.6183309896044,38.1505734259114,79.8546424962533,69.188021896367,50.9421561144945,51.0101441347495,73.2366281365797,54.1830641615427,89.2335296579179,82.9702380394184,13.1910866479678,28.0146050104853,39.4810428773705,44.5932734361168,45.1851048948595,93.240783014799,50.1747309161718,42.0201903349139,39.6697549477477,88.9564609759545,69.8679085244998,71.6209432833882,43.5218145552859,70.1318940736717,99.5339576172486,74.4086218694782,73.2797152140053,157.295203442338,71.2244989022559,14.3515028865709,48.7587584221895,102.618412674361,76.2969953744795,13.9848594108857,74.1713317999925,36.2844556791914,12.0687071533052,72.9116152329623,98.3979145690586,10.6589951401073,71.1919866321139,46.1309481259208,84.6183184260496,16.4608983135557,32.912209320075,43.494451649205,114.656653078312,96.2467321528221,62.8509450462542,44.4411006828863,72.6598193761764,85.2290464635628,103.377619641296,3.98276934679902,56.9279348184139,37.3366555204831,79.3343086639284,114.661831069829,30.145554654756,54.3405031901893,133.749386000054,38.0960004063476,41.5094835601377,40.2715330907057,35.0745413425502,65.0005348811482,17.0680306807895,79.386852798347,106.42455133356,53.8130839523065,95.2385305310095,67.3827123391823,43.3251052868578,22.4904085168028,133.530745818562,29.4591387292392,64.3314864643295,62.756418264186,78.7678344891051,12.6658510771577,70.4963065756757,122.480075849639,62.978310035496,70.455448583896,51.7061923341013,33.644801965525,32.1831895341317,31.0364807023246,14.0771874407196,21.0133234379695,62.9150287351701,41.750636360536,61.4566680124137,14.1385194319861,98.8469464998028,61.7191176764415,43.5833463847372,61.6072782360226,82.4495865161189,50.2327533076727,70.3806312471406,31.6026024199248,22.9498744573642,3.98276934679902,20.4096944161805,32.4182248141334,104.644664318853,51.2730918716274,101.100180178038,58.0482839299285,147.864902382863,34.5549145681514,58.6610033167318,14.7480266948665,20.4096944161805,44.476327303471,35.2545896648938,50.2162366131973,47.2135716228224,97.6725657962069,33.8672735633335,18.5786425585409,84.7771742341234,38.8163440524214,16.0081657876903,111.848224624634,7.88328405037175,13.752020592093,50.5751792967844,88.9826259052533,80.9417588910566,43.5017480585877,51.8515376630525,12.0042282314193,61.0735585774439,74.8855440368247,77.0920655446306,28.0677736972737,14.8227372209242,49.0225800405088,59.3460097504157,35.4082654124431,22.4904085168028,157.206751019935,77.2207257808868,88.1244068648787,98.9662675373483,27.09098472671,44.2205289656421,98.1710884361113,43.7202355596385,76.5389973333765,22.4545502684053,83.5713151766519,69.1407838459181,47.7640621511932,49.7528485295417,17.4954449977798,69.2992255170013
68.3001875532336,97.8452442596284,78.2844583835954,63.4765873753713,136.74578171016,71.2997199019912,64.4672836675877,80.7757681993933,42.8814062254136,91.0672759867614,21.8148058910997,72.6693120243115,8.41029764307043,84.1017263975117,102.312882536154,80.3034095411498,104.031711408769,74.6931801603631,105.772232994063,41.6937161124926,100.828803057284,23.1848498107686,41.0476900539224,53.8551429104346,97.1749874724663,129.229477574417,86.2137283819997,80.8399315296558,52.590713898592,89.0298332565818,34.4307577996983,80.7122087914557,95.0421376636238,56.8787209195532,128.112961383605,93.832815212781,83.0427660817908,65.8070547215725,93.3469745716786,84.0604410511725,91.690211909127,43.3479413417195,46.8298533119838,68.6521749281345,111.211532505517,89.9787939853097,56.7124261915742,55.1707435724943,66.0326986486389,18.3133178584119,58.6287608387894,38.4902805792856,53.1098568094361,95.0672648977341,53.3624175795784,55.7811313323155,101.825155530863,62.3321067114619,44.5882522681458,42.467235383466,88.282694550195,76.652817608736,79.9298127946837,53.8471816852605,66.9626765417543,103.690434774027,79.8703675603724,123.867540983317,103.355567876918,75.2198890299517,70.8041136779501,56.0077328933827,109.481014891029,82.9689578090045,14.9497817128058,87.4048334888354,41.7699065374952,65.2872440379216,87.422006265687,105.159789669833,62.4204725209532,82.0353435094436,50.0425043537045,78.9746472956824,38.0383415970768,27.165390373868,57.6656373825585,103.050601017025,103.662910836474,75.3269092778,53.5075685907885,78.1575483830999,97.5944497956378,109.352954447353,9.14717457007929,69.1685144836131,57.3802702638366,82.383549464945,119.28150807897,31.6025314947077,64.433389134142,97.4388758221496,43.5632835258186,45.7841322439036,49.0678746752483,52.3217304037869,65.3547997004343,41.0038463694086,43.139539506935,111.311755957318,59.9117158990054,16.3276138638028,76.9607571751534,117.51337410422,99.7310017971417,123.82142095942,26.9481076812169,54.8916781725938,75.5504702900841,13.830955241489,38.8839702472244,71.3301978360171,118.355820222802,69.7144820330436,80.9502600880861,49.7842186348806,37.0761503509162,43.2891653203585,42.2299751142839,15.0435351561762,44.6420632501046,75.0332701961849,46.5760719086177,58.8793762101996,13.2760730322655,157.385955337207,71.6009210372937,57.9299165755931,69.3308012195724,94.3230004559429,60.2560018267061,79.3214212276263,40.3157630859291,23.1281618665623,20.0473695598338,20.7159059997949,36.7194865877277,103.258162116115,37.5643587896833,19.3264328646382,69.591182049697,141.50559664622,47.2300216832538,59.3477428229756,41.4789570412784,20.7159059997949,19.8166678353362,38.5306256851697,53.6307613496312,58.0225997219099,100.146967575773,30.3251823780366,89.3479579182121,90.809064198463,28.6596093877481,17.8178731439666,115.664921550612,44.6501373090428,30.4793620579139,67.3145447444795,95.9651083314101,92.0444851806235,50.3252837635654,57.5993483978191,39.9937431177154,68.6699603832815,81.6027901672358,74.5742617566007,32.886735967188,72.8133813339125,62.1203703112572,159.242244135557,54.2254242128135,57.1709690894506,155.858759688914,81.3587115774388,89.1215665719615,100.202477218839,32.4073433777065,46.9961617334265,152.47950550354,52.0061796066435,86.5469548381719,48.0949512921669,87.385773150865,60.2610391586402,52.4141538127463,49.3065598946498,85.3145224222376,78.6174818755306
59.058171285176,84.6053488567827,76.7796772877109,74.1268134185068,132.429346678656,61.6518229510706,63.7385075349139,77.2426372616265,45.4745807004147,106.346721755579,22.1966783176439,73.2891970648209,8.25526843153104,79.4272871524061,97.7941793376911,84.0035037315891,107.016258633451,68.9838970517887,103.621026118967,44.2150672039776,93.9681994013168,23.8321757543286,42.9408483117599,45.1042965670493,84.0257876350742,127.050145637381,85.1412567823061,72.9859203928945,55.0139060902949,85.7061568324315,29.0137249905561,81.1065729522912,93.6642948624108,57.6500870273681,123.814946665439,109.576268564648,82.2701198280041,64.5899255754524,88.4180516813077,76.0954192273495,91.927813151625,40.7318169387877,41.9151279441663,90.6289968230227,110.734733729738,90.340882253219,50.6636685314129,64.3985102255058,61.8963814909434,15.8352575831361,88.8424536240189,33.3980238294765,49.6165382837613,93.5273959092663,51.6692672095633,46.7173338420537,103.421337007215,56.1317003817415,45.0073031809926,45.0353636356362,87.2846949904795,77.0383230910335,79.4108604082495,52.7854817794236,73.2622906162291,103.889010917388,73.7653585165876,115.43933318199,106.320717340339,71.902302882643,66.7998826344501,50.0341354630289,103.395975088377,82.7526371309871,13.1612925884803,85.1043865511535,44.2958651053376,56.3106735102873,80.4686256822859,104.50660750127,66.1952362310789,78.3688523041761,44.555816991998,70.551475605326,36.7896925934607,31.5140403612843,57.0505098647572,120.340632508827,103.019026276488,71.7466607204651,49.3924155223058,77.1852931226482,94.0001987050042,104.155465778907,8.41228968706507,64.1576171650862,51.8054847196749,64.8050491408632,116.478130486592,30.2505788011515,60.516755999841,100.231170672332,46.0200378414589,44.6659496982151,43.9182722025533,50.5688132380047,65.2228859331907,39.2423673687459,41.1146547395154,107.798156072747,60.7242142526671,16.1756985281224,73.5663897387827,115.254536174996,94.090849655532,125.768520539264,31.2619749408439,65.1463303772718,71.5612414575509,13.3548014777065,35.6292902102882,77.5359450874766,115.758961281165,71.3872347285004,76.7115941985364,52.3302595257866,33.2146993517025,38.0109758808602,46.2774846079123,13.3964218873151,48.5700088998645,69.2979918054074,42.5547711747977,64.4185417009754,11.7839240700703,152.105871689414,66.4138085785632,57.3119699542251,64.031399434068,90.8492317327163,55.890769462924,73.2583717043537,37.2894510993978,23.0678610047895,19.7842838554796,21.0399446567518,36.2350288849763,95.3654725890885,43.1351243308178,17.8491885370278,67.4933645947034,137.587152666742,40.3722526396554,64.9309706042427,38.0070704881089,21.0399446567518,24.9403079443773,36.938316580794,55.500990198249,56.9494473440381,103.016867905222,29.1374094902577,83.8134154198039,92.6493985425751,27.9287122187922,13.4061690089733,115.983414010165,43.5114386439234,27.6211237340623,61.4269160883291,98.7182342182982,90.2931580227315,46.8520320689893,55.771763320607,39.9937431177154,80.0083467369603,78.0036850670838,66.9178800483491,33.1102253651016,68.6955188712085,61.4181250690172,163.810716492215,42.5927922095185,52.0848482654267,160.330163863397,80.346634856109,88.1140839089872,100.937670745451,28.0234904525926,47.0576641161014,156.85396285706,46.0378513378751,87.9079111096833,46.4356316772304,85.980822721164,78.1743063980069,51.9971443371693,49.5753736795461,79.1339312265386,70.0354618132448
67.3842405095462,96.5330800412121,72.4190751788253,62.2132849003406,131.403947568346,70.3435473056998,62.4075071100372,72.7110339147371,41.9290752078994,89.2548673506757,21.392600457253,73.1584194924693,8.55386562298349,77.6384127102068,100.611712423333,95.0442254630288,103.339281058472,73.3082938910583,104.530860363308,40.767761891667,88.6676133452233,23.9127961410992,43.8483150887605,50.4386832470996,95.8718118051024,129.80391456417,87.6190186374869,76.7704648897228,62.244476263216,86.2483021565847,31.3914816254236,78.7585704250435,95.4108766786312,54.5481091602495,128.308694957581,91.9653671882611,81.2123024233297,68.3919649821959,92.2954926317311,77.1673164915874,93.1407558639589,54.9445420494904,42.5233915037339,86.4599310559745,106.772831747446,95.3236715672359,57.2406866199413,72.7518269053492,63.7947777687751,18.0677251308744,70.1615574100544,39.551887939146,47.8487277046367,100.011794447654,56.2764486955938,52.2424909189202,105.672245971603,58.6063105104039,46.5569843644276,41.5241024724053,85.4619983097653,74.3514009923104,71.1937462499835,51.6941102691371,69.1032087185437,103.698177686775,78.3894910583783,108.92759704479,102.667637907286,72.6064045995908,69.6772113373755,56.5294293002722,101.067273909059,83.723530857754,14.173923186566,84.5802944516165,40.8422602428466,58.0373401591684,83.9085661518513,106.597937946749,61.0342084652198,77.9549144143128,51.0657792422653,79.7102741029298,36.9686411960758,34.4454281460116,54.8444400912621,100.999701863478,105.080588040543,74.3991756173004,51.2115423391634,79.4315222988187,96.9150356501617,108.006152651175,9.35470054510421,67.5988825007195,54.4917584700907,87.6106118315196,119.23920199722,31.4921853536014,66.8869042578239,98.3634623526897,40.5749966765831,47.3650056765449,44.555604972134,53.376645875346,62.703689867987,36.8032994044097,41.0371715363973,106.963476025595,57.4568268414302,15.9677137157557,74.2867869896089,108.708804397301,98.1437056145465,123.73538263846,34.1699159860874,66.4497409441612,74.6994522958848,14.8725475933395,41.9578962517667,67.7090022071538,122.700399182904,73.0611915673809,78.0674090276471,53.0396891871635,37.9234909813787,43.0453908950354,38.4925648743727,13.4142158646283,48.2429328295245,73.6420783174532,46.7248257860655,60.7615172152508,11.3574064101423,157.626412783503,69.9760907730642,55.0957898556564,68.045338819354,93.6663608530997,58.8886203188829,77.8507227397049,42.9149819786873,23.3385042412586,20.5044342829704,20.53616948901,34.9168468878908,101.343652510268,53.2267571697863,18.9681014687676,62.2528475788943,142.507812740183,38.9669251461885,61.2448556579619,44.7580266393625,20.53616948901,27.1715830735626,43.2750297730181,54.6597390622086,60.3017355076367,101.097250884295,38.0156544106021,84.1605021267535,91.627451659643,28.115198556518,16.9200666655894,115.960771528765,43.8019743756936,27.6211237340623,60.3809552900718,95.3263689251421,85.1121204768092,50.9593541257275,60.7447511195596,39.9937431177154,63.0822459221621,78.7675344346574,73.0577630630939,31.8097643872558,71.6544999414619,60.1355793407976,158.18233498482,38.308249428312,60.472333204017,154.821370857115,82.6848646939376,86.2740677608801,106.353570120823,31.1151565939054,49.0328528777234,151.464608834253,44.9475126960246,86.4868169830189,40.0979080973099,83.8118630715633,65.6141249441335,43.663132387683,48.1352419956034,83.3784912092069,73.3381598008282
64.6035257863782,92.5494934501407,72.7400401940675,59.0620005431854,135.246285472148,67.4407122185385,65.6717680255637,70.5229555811357,43.9664297402545,84.7338479617669,21.9863316971576,75.0775107665123,8.21562762248623,81.1560185172196,89.1660896852249,80.779501445421,107.537405766412,72.6543689270449,109.130644228336,42.7486876347731,94.0909305175921,23.139473976821,48.2385574785205,53.1987155760288,91.9155134687655,129.101664844741,87.7756137190558,74.5903249679025,52.9025065518557,91.8377268225718,27.9870998956748,78.5484099033249,91.403044191436,57.8706562402866,126.676611593274,87.3070530760157,86.7726529403198,69.3396350308993,89.5688049796413,76.1670988774672,92.1322076843246,45.6346478245625,43.0699707574269,81.3447136142499,108.553274012969,90.6607602973531,54.8263607290589,74.4051080639626,60.3400843523695,17.3221325575122,79.7589072045283,39.4884039699562,57.5184268356062,93.7825631818211,50.4712041607704,55.1012285900369,106.700986754697,56.6351443872075,44.6094993425448,43.5417791789546,89.932137781183,76.4243945913315,72.84769209184,56.7363994087679,70.1166846535064,106.360020219577,77.6902407771543,115.590107574963,106.838477330493,70.4361717783971,40.5489440024058,54.1451031711565,105.646383877838,82.5721698495979,13.4867934378897,78.5108668536028,42.8268058977366,62.008151945017,84.1891393097007,107.98526397209,63.9998908855632,75.6159223954917,43.8527116032058,76.3482148772288,36.9377263335882,33.6667685106477,57.4740544156871,95.8837723466619,106.448166413584,72.7605267370199,48.4271622131344,79.5734844653318,94.3939392330761,105.627306922889,11.8288809732601,62.9039313569599,52.9442928109797,75.8020961471953,116.152758423727,30.4159303362333,59.7946410252281,99.9018319866618,45.0472733636735,46.6984446733747,45.1283055129969,52.8568094280853,67.5333305016671,39.2702778940938,42.2824969499515,110.09115845722,60.9565450752806,17.0609727733766,72.0663269049241,109.190607333532,57.1151391792016,124.718936278818,33.3974844689248,64.8135783156333,72.4926048282,12.3975602114825,40.3651630507332,74.6619656514017,121.19363205106,71.5619656991669,73.1133448642021,53.5027747103837,35.33583953447,38.9716645857222,44.6313393579361,14.8484197387692,51.6152125844672,72.9851759281387,63.088715310885,61.6526529036136,13.1284954377513,155.621408787754,65.1160351736639,57.7374555920348,67.4383604902054,91.229773741884,54.7986237820671,77.1562783819951,38.8482242789677,23.0175545214274,25.1354848615501,20.108105191516,37.215970787942,100.439646417598,43.1820377137893,18.7989021270287,65.3819314065319,149.144740904419,39.5168739022411,62.1430800458108,43.0589997240591,20.108105191516,16.5331795159666,38.878448243489,54.3392155463951,61.1373036718252,102.678376000457,30.1978257621704,52.8946108762142,94.7475072580317,28.9349554036298,14.8891926060767,116.764801816284,45.0791116628199,50.1623214595696,58.036963050081,99.1989716818469,89.9303532006823,46.4231913994962,54.4785750791435,64.5584619393843,67.0617103190251,76.4131431186665,68.4279690889631,28.9622491814045,41.6996353596629,63.2810057544596,164.608440934636,52.9889043722423,64.5511574506708,161.11093873155,82.8326413220328,90.7866829967166,94.043943988919,31.5952625673282,46.9069082662268,157.617809342449,48.958254587712,87.1742874694131,77.1320521240725,87.1957798133303,69.3730532684993,55.9908773262825,48.70683071203,77.5875975111721,70.4954983382564
61.0008527716168,87.3883887190277,78.5881037515221,69.2755671916427,136.061101764877,63.6798209815892,60.3133243896352,75.2066847885358,41.9841147151892,99.3868362719911,21.9762651211046,72.6490280295257,8.46184390096474,74.5850678338344,21.2793248378153,80.0740647359016,105.566933238603,71.6199723691175,107.134535855764,40.8212769648399,94.0158116051836,24.6518295932401,16.5377347176808,48.2161087469941,86.7897631945958,129.179730768686,87.1607181881863,66.8592416765207,52.4405159542475,94.9380761126218,29.6233091536262,80.3358015873916,94.646365953028,56.8034058897901,126.81784956087,102.405024652855,86.4522303036039,61.7629827419985,89.4349687178808,70.4796319735901,93.9955277015552,56.5802533163018,41.6792584729119,75.5545581226707,109.048813646634,92.8296641954932,57.493059844427,69.2929165328521,59.2015279074605,16.3561484449821,78.5023822841005,15.6943447689049,30.834129189359,96.2751472081098,53.4668685114021,49.9404318510902,106.624887549041,57.1928292264922,44.5171432121983,41.5786103796129,82.5941856314642,77.3132388099846,79.8298863554297,55.3184088998244,72.9852028194508,105.523129585285,76.5841473813788,115.49782447054,104.880811688549,75.1821376266658,15.1072756480611,56.7786666031993,97.0925243980017,82.3293773435538,13.9848594108857,81.1661136772433,40.8958731086019,56.4037854010806,78.7929294229347,106.177694136098,61.1143269210906,82.9017432889487,48.0077809061749,80.0617153606765,37.2344464695929,34.5812169759803,50.648479354128,112.464912341269,104.666326117713,71.6421055204001,48.9138661516217,79.0160474062181,97.4631186188886,104.003681773171,3.98276934679902,66.2915204582488,47.4567615835567,80.6223004169097,118.012325445829,32.4553392281346,62.0823238326206,100.058669405015,42.8398007446342,45.3541136411764,43.6711304150674,42.2895510229572,69.6168633409359,38.6077759925089,36.3125871249541,110.754423028835,59.8323847784536,16.9979722577102,76.9221320639125,117.969178390958,21.2793248378153,135.232660240205,34.3046187075114,69.4178217398727,72.3842843115012,14.0583171325787,15.2712803895412,71.6408134481027,115.88465892994,69.9371439030389,73.4674134092632,54.8174649601951,36.9650452620342,37.2122224580827,48.9173025559915,14.0771874407196,47.5320029196091,71.9460695966859,45.6123042988774,64.1749021472369,14.1385194319861,155.794918729449,68.622753534742,50.8805992067768,66.4782254151436,94.1960716124449,57.7497147025429,76.0577871286891,36.5409112188021,22.9498744573642,9.00899873259046,20.4096944161805,36.5382801970828,99.00966462754,51.1666467010852,18.5312579379705,67.0289285233545,148.760382626425,39.954559710944,64.685392975751,16.290434829975,20.4096944161805,20.3440551335082,39.7351206858026,52.7627470143407,54.4569095278996,102.839572357844,38.7216720795269,19.0662083344316,94.2599854284818,29.0387257332976,16.0081657876903,116.398757898212,45.2407802817319,15.6755592084158,57.8244216922611,97.3812892940962,88.301499781617,48.3676670655707,57.7120926452778,22.5318516769887,67.9041123336564,81.5618353096764,72.9407428912077,32.0908952731543,15.5359874665216,58.1176347541823,161.592221523394,40.1752555276598,21.2793248378153,158.158806155564,82.2523728533661,83.3790048062734,103.197067606209,30.8774007013903,48.5844397717365,154.729683476019,48.5511345745197,94.5230223314151,22.5905366033596,85.9699944046239,63.6930545899456,52.7271364393036,52.7002143728371,81.7659516148692,72.5042136834068
71.80798593836,100.057138791339,79.9376049584635,66.8870006505369,94.2402472561128,73.6354421356175,65.8297368231928,83.9974856051993,43.683662784375,93.1259474254921,28.2243837462604,74.2548397865188,17.2332374293845,86.7717090586238,104.625772724305,82.1187524715685,106.490853463125,76.2717476634769,108.472989433407,43.2575732068849,102.706409560548,35.8781436143545,42.8027194046203,56.3447127706716,97.7383855463757,89.0602822776986,88.09477357185,92.5265958023665,54.5024058015608,91.0424461620883,35.9541595706942,83.0904525159944,96.816955091593,58.400023774686,130.49864605061,99.4647721560877,95.0478842098179,69.3426772605541,96.6159109743453,15.0242179795949,93.9326501702294,44.4080881139947,48.4771867879794,70.2041294606478,76.642966166703,56.4953410540728,59.1688302144044,56.417936187136,68.4330116693215,88.5374293220521,59.9541255663401,40.5724020350335,55.1019130255217,55.6470793367001,56.3615536742829,57.9040928830894,106.533155279891,65.1663441569621,45.7453194931379,43.3938023043439,82.2154162131689,79.7270580321081,83.1541152450313,57.3135765259032,68.2096372626839,106.338035202677,81.0122661664458,85.3650294969736,105.901562286109,77.0693075379026,72.4712937251079,58.8194810198896,111.955948241097,85.6518375829326,77.1297879785745,147.231324705271,43.5791002775999,13.9694990954447,90.1973980552177,108.560230993746,25.3788253087798,86.1537520131251,50.9743822374552,80.759952159694,46.5157595309608,27.7855145938583,60.5606170487215,104.880389097932,107.275655404024,78.7520196774407,55.5145422680356,80.881408402615,102.10683814161,19.2792053859428,18.7431453515901,72.6409714277781,61.0741065347828,83.0760022817496,120.960213160124,32.601204103862,67.4369897811806,100.196938677315,45.4213553843554,47.4484023860411,50.6710724399171,55.2709069862062,67.2425279034116,50.1421717531043,50.6124950431335,113.384573153774,62.2972154238996,16.3276138638028,80.5013008998238,65.1675750249519,101.985525858953,124.646059366854,28.3009796396267,56.6666525366835,79.3981489762034,13.830955241489,41.0757114912468,71.9297446719518,121.031377870268,72.4725327125313,82.5195305740732,51.0553939258799,38.4341913882813,45.397216255178,29.103371574744,19.4635932709128,54.5912201195278,78.5025172148674,48.2144781176717,60.0764126833091,17.1768193481345,108.464708454813,74.4518486155388,60.8596977765887,71.5726782928075,98.719923060934,63.2757241010187,81.8396432476061,42.2790183585201,29.9236270598131,24.5152281230157,105.975237325357,38.3099298226136,105.592421342175,31.6022980723512,93.4354275412917,72.956352930897,24.9477983909093,49.5299803593825,61.573743106284,43.0552518422711,26.8026075275885,23.2494601020518,40.1995153852065,54.8550299351995,60.9776087298754,102.514280544547,31.7270291836445,90.4924215824224,94.4248007242987,29.4708359482861,23.053081089421,117.818802210879,23.2529237246912,31.8652569653231,70.426304414863,99.5005311734134,95.219533622117,52.3290811629009,59.9088997144722,24.9184902324352,71.3889791414884,84.3781227600143,76.2600912829506,34.406996099106,74.4020524572401,65.4579179698119,88.3085093160726,56.682298839707,58.4633789031153,27.4782977234284,83.6283733658603,91.1362532054269,102.14496375256,33.8964121376155,48.7175571757412,105.083360674341,54.0636528147737,91.7797768576421,8.47926284822058,88.6133638183997,68.9727057823724,54.396196340347,50.5818617317204,18.2547320134005,80.2816520177155
62.0913131444307,86.5179416445655,78.401047137467,78.1094325066005,91.2655163390302,63.6714877380901,65.0855587178408,80.3234367944994,46.3253522549004,108.750801116783,28.7184570817146,74.8882497237655,16.9155726659799,81.9488701043866,100.004919493199,85.902491178086,109.545950575855,70.4418044255316,106.266854287859,45.8734956908847,95.7180496122302,36.8798690237447,44.7768212747209,47.1893397260149,84.5129496933738,87.5583655236245,86.9989023630487,83.5371657010829,57.0136819257456,87.643634540889,30.2974481165742,83.4964369026263,95.4133824459477,59.192021173838,126.120594873206,116.153166264721,94.1635399721424,68.0601552889979,91.5143811458685,13.6006205942267,94.1760623505143,41.7279819911521,43.3895761546498,92.6777605008502,76.3143736941684,56.722686846133,52.8580807184617,65.8543061989938,64.1463378529633,76.5570176798638,90.8508306160913,35.204681015352,51.4775663385621,54.7457258386104,54.5732429157622,48.4953383595758,108.203137988864,58.6840056942824,46.1752447967085,46.0179629934162,81.2860047401659,80.1280246099541,82.6142287491241,56.1835300332864,74.6265610343447,106.541681729661,74.81997442283,79.556613491817,108.939753329304,73.6701524691067,68.372777565205,52.5459919403724,105.733349721446,85.4285219710621,67.9025103091586,143.356277565088,46.2144665221055,12.0487840198757,83.0232680723805,107.88592756158,26.9135632707368,82.3031924793486,45.3855232783544,72.1463658248391,44.9888302708471,32.2334343927642,59.9146083729731,122.477426014544,106.609330894904,75.0089774161745,51.2450371311671,79.8752691822964,98.3464028389869,18.3628748484051,17.2373192548545,67.3785127547805,55.1404459809517,65.3497505905118,118.117382308943,31.2065283099696,63.3377804705449,103.068271022973,47.9828957879068,46.2895734912129,45.3532166807735,53.4191845588941,67.1068038982064,47.9881205990981,48.2368445047807,109.80554396931,63.1420649530795,16.1756985281224,76.9507771733231,63.9149261980076,96.217872153272,126.606126437171,32.8314153543338,67.2528986255697,75.2057543566929,13.3548014777065,37.6375775418708,78.1876526665762,118.375814204287,74.2114630022809,78.1986955441997,53.66644466045,34.4313015160704,39.8619950133859,31.8927687369869,17.3325288366948,59.3945676794791,72.5020618245203,44.0517201114632,65.7281911728942,15.2462504892678,104.825865762351,69.0582013560568,60.2104987643746,66.1019153351286,95.0842225485379,58.6917286430743,75.5841097196165,39.105334165455,29.8456087326549,24.193509802869,107.632904316795,37.8044886435794,97.5213092772172,36.2888945908166,86.2935531819642,70.7570928217381,24.2569667014003,42.3382587820231,67.366385197712,39.4514256957808,27.2218545036208,29.2606556916561,38.5382380713529,56.7679518646084,59.8498022179466,105.452020694148,30.4843489384171,84.8869867778548,96.3384114991999,28.7192503188401,17.3451398360076,118.143225550252,22.6599115907718,28.877054702933,64.2665074557708,102.355084176017,93.4077949300381,48.717535310948,58.0080342679716,24.9184902324352,83.1763141331361,80.6566111383596,68.4306290232495,34.6408167753166,70.1943448443111,64.717943123704,90.8419763986184,44.522609301542,53.2622809749571,28.2666177087373,82.5880627674593,90.1059953385079,102.89440945701,29.3111277541207,48.7813122939017,108.098078477343,47.8592050001514,93.2230195823097,8.18672055872363,87.1886767202038,89.4756132687381,53.9634176410989,50.8576283179162,16.9322720996771,71.5179682693567
70.8449971854796,98.7153117223534,73.9483614325586,65.5558245907794,90.558848356418,72.6479460839828,63.7264288973107,75.6110918006492,42.7135148650296,91.2725673882747,27.678126848806,74.7546187946687,17.5274173966224,80.1032041556609,102.886145874025,97.1928000224068,105.782055174906,74.8575931737597,107.199919966618,42.2968880910388,90.3187574865588,37.0046276414804,45.7230875755516,52.7703199082604,96.4276543682775,89.4561634761559,89.5307250053773,87.8688247256287,64.5070859989647,88.1980356296117,32.7804094840714,81.0792487793053,97.1925799410975,56.0070764658779,130.69802452188,97.4852376845811,92.9527986765598,72.0664672661741,95.5276069777001,13.7922020081267,95.4186696158035,56.2883031856588,44.019236597894,88.4144486225857,73.5839741326882,59.8512504690455,59.7199713609576,74.3964583774412,66.1137415376911,87.3500885613843,71.7476331191591,41.6914367617065,49.6434483305615,58.5413314059378,59.4393625255949,54.2307761488626,110.558120242255,61.2711362086609,47.7651402790974,42.4300917467873,79.5885739243215,77.3333407251932,74.0656430111193,55.0219018363159,70.3900298465565,106.345975820634,79.5102177221527,75.0689604471548,105.196686293223,74.3915658141836,71.3178569220606,59.3673680761573,103.352005805697,86.4308104653536,73.1269333028443,142.473457119097,42.6112745329972,12.4182385518463,86.5724165428089,110.044883156283,24.8152000768419,81.8684737253762,52.0167122722354,81.5122085836861,45.2076602675861,35.2317391088691,57.5977875972124,102.79307374895,108.742739918539,77.7821020186974,53.1323961576571,82.1997814414732,101.396010524584,19.0417607867192,19.1683793387981,70.992539437114,57.9996477320087,88.3469993183263,120.917311684876,32.4873709108192,70.0048769674226,101.147696155998,42.3056113911581,49.0867411527075,46.0113730641404,56.3852840233738,64.5148425964339,45.0054695647677,48.145939078377,108.955320737699,59.7445802645372,15.9677137157557,77.7043159635429,60.284960928371,100.362347178715,124.559448039193,35.8853433439431,68.5984562067085,78.5037898381937,14.8725475933395,44.3229029921465,68.2781120550042,125.474170601689,75.951645073886,79.5807936760876,54.3939886857955,39.3125687725034,45.1415707553866,26.5276836032254,17.3555510009335,58.9945977754959,77.0470020264214,48.3684647093963,61.9968182145085,14.6944143570344,108.630423030503,72.7623226275231,57.8822362880877,70.2456492492955,98.0326738135807,61.8398164336184,80.3222544046745,45.0048113207049,30.1957717642476,25.0741566109269,105.055769000552,36.4292117948378,103.634632235519,44.7788249207707,91.7030412592944,65.2631638829724,25.1244916500376,40.8644961058862,63.5420123746455,46.4589335504043,26.5700612340789,31.8784490827423,45.1494154123039,55.9074968740541,63.3728176803599,103.487027019501,39.7730098333743,85.2385193404645,95.2757738470731,28.9110152585278,21.8914831039934,118.120161426731,22.8112169532479,28.877054702933,63.1721948690379,98.8382601531424,88.0480389616788,52.9883982489297,63.1804231163847,24.9184902324352,65.5800165487189,81.4464392260413,74.7093105434139,33.2802391905899,73.2178861326819,63.3664899264729,87.720731885403,40.0439401561845,61.8393738215338,27.2954034207147,84.9915221401781,88.2243836924586,108.415299366515,32.544851311663,50.8288491113342,104.383930594254,46.7257302817738,91.7160029335687,7.06936369174073,84.9892476414488,75.0996630347798,45.3142548228524,49.3802479882339,17.8404797857606,74.8905775699009
67.9214689948108,94.6416719716822,74.2761043220628,62.2352308480721,93.2068486791146,69.6500164233371,67.0596767831586,73.3357426157793,44.7889857088676,86.6493456068045,28.4463068840015,76.7155815603833,16.8343461145362,83.7324836097635,91.1817828104366,82.6056069334644,110.079416787431,74.189848143504,111.917153331779,44.352114833568,95.843066193919,35.8079253166178,50.3010385608644,55.6579406703093,92.4484183303727,88.9721983668346,89.6907367403084,85.3735118088326,54.8255322330995,93.9138151117951,29.2253996099635,80.86289572551,93.1099051668756,59.4184898262647,129.035548945767,92.5473260301638,99.3169839878288,73.0650528830926,92.7054329044861,13.6134319793991,94.3854556950929,46.7507198477699,44.5850428667966,83.1835963171181,74.810990551255,56.92352993814,57.2010729763725,76.0871136933965,62.5334687377443,83.7454522918954,81.5619410876347,41.6245186441458,59.6758406680038,54.8950865410064,53.3078449466949,57.1983138750262,111.634426003997,59.2103412708389,45.767117930108,44.4917909209268,83.7515005210461,79.489473873657,75.78630765844,60.3887867024382,71.4223784542942,109.075785041456,78.8009703300374,79.6605217506018,109.470267485173,72.1679738509088,41.5037245492201,56.8633419666962,108.034631365619,85.2422191093319,69.5818533246014,132.249653356889,44.6817774684608,13.2678723887161,86.8618970738921,111.477069681641,26.0209829398593,79.4120576280024,44.6693248525485,78.0741464773863,45.1698555618857,34.4353044409226,60.3594160698303,97.5863047148462,110.157979613243,76.06894386444,50.2435788881069,82.3466911156506,98.7583483999672,18.6223642042593,24.2381331776148,66.0618883390706,56.3525644734443,76.4392303243183,117.787431131143,31.3771051242033,62.5820036781365,102.729610218302,46.9686407209171,48.3959504105182,46.6027854859031,55.8361463763034,69.4839840605997,48.0222514058303,49.6069891276123,112.141246019538,63.3836464716319,17.0609727733766,75.3817046487081,60.552146933653,58.4062868990965,125.549552049441,35.0741335588693,66.9093867110961,76.1845507476331,12.3975602114825,42.6403934893301,75.2895167676045,123.93334141599,74.3931066955027,74.5306919376067,54.868898495725,36.6301357255084,40.8694663417373,30.7583049645976,19.2111494745665,63.1184409181238,76.3597270217359,65.3079866802997,62.9060709752678,16.9858808323067,107.248646788883,67.7087546215867,60.657503159618,69.6190437014197,95.4825037491453,57.5448502129592,79.6057634793897,40.7400148667811,29.7805213099923,30.7373066338892,102.86594367899,38.8279184067623,102.710190135477,36.3283620743573,90.8850313892991,68.543558573157,26.2945990500315,41.4412256968364,64.473927138012,44.6953397442153,26.0162240346622,19.3971812370546,40.5624032967273,55.5796565336893,64.2509401503496,105.105527386091,31.5937852341788,53.5721413043386,98.5200604249274,29.7539757899105,19.2639021352625,118.939164147235,23.4763252309215,52.4431994425978,60.719846544225,102.853532349627,93.0324752584295,48.2716195302187,56.6629932766275,40.2237769673779,69.7170496740665,79.0119744353319,69.9748552129564,30.3010914673978,42.609454479934,66.6809109953418,91.2843581091852,55.3897540944707,66.0104041750378,28.4042703137297,85.1434212888922,92.8390113361478,95.8670435753447,33.047017433557,48.6250344945039,108.624493850077,50.8951455090011,92.445039419664,13.5985779465626,88.4207014646208,79.4020026723519,58.108173742339,49.9666207038214,16.6014033709325,71.9877428199444
64.1337679290874,89.3638950464455,80.2476624586362,72.9975428643089,93.7683905997114,65.7659213744729,61.5879876678867,78.2062809646823,42.7695840914823,101.633580110565,28.4332825689126,74.2341132275204,17.3388590064783,76.9529245524106,21.7603663294423,81.8842230860738,108.062365463652,73.1335906233284,109.87007692735,42.3524104193725,95.7665484375871,38.1482687928416,17.2448198127362,50.4450021196113,87.2929501431173,89.0259985783136,89.0624251757942,76.5247806770688,54.3467481063827,97.0842510544253,30.9340035591901,82.7029542008785,96.4137927377864,58.3226943365825,129.17941700832,108.551495781482,98.9502392957893,65.0813290010928,92.5669098038637,12.5969045683239,96.2943463355374,57.9640185210882,43.145409504385,77.2625482781648,75.1524985452699,58.2853282020613,59.9832757101635,70.8593557024312,61.3535253449227,79.0753127382332,80.2770111014167,16.5433261607119,31.990662503686,56.3541063330818,56.47187507776,51.8411035319366,111.554808266607,59.7933840089285,45.6723651538736,42.4857889290509,76.9178533015626,80.4139661077688,83.0501578559767,58.879513514802,74.3443133840977,108.217525492983,77.6790632283106,79.5969235725108,107.464377970225,77.0306279473402,15.4629971904834,59.6291178034115,99.2874029065175,84.9915756778222,72.1515044161365,136.722352310248,42.6672095504918,12.0687071533052,81.2943733812085,109.611050364289,24.8477745225875,87.063647535646,48.9017687241747,81.8715945402489,45.5327042538867,35.3706276897013,53.1911776491204,114.461862908189,108.314040599545,74.899668096944,50.7485382252019,81.7698268796343,101.969434721279,18.3361149402189,8.16094895718872,69.6195440868181,50.5117752046667,81.299949527485,119.673168719487,33.4809614417657,64.9763281763175,102.890887009074,44.6670144380592,47.0027524480455,45.0980000140744,44.6732518790914,71.6276983053743,47.2121009668507,42.6029266160721,112.816861723323,62.2147255830952,16.9979722577102,80.4608988583624,65.4203433611443,21.7603663294423,136.133296371736,36.0268085266386,71.6625127039894,76.0707136200943,14.0583171325787,16.1320642772456,72.2429710802088,118.504353380456,72.7040035516808,74.8916243187714,56.2171576516416,38.3190166948493,39.0243447237569,33.7120357961011,18.2133154142348,58.1252264163739,75.2725764489345,47.2168080603617,65.4795983494221,18.2926678350663,107.368223565601,71.3550996793595,53.4538641424666,68.6278617500183,98.5870773541205,60.6438346994853,78.4723983569571,38.320342665075,29.6929556397027,11.0167899299825,104.408767326621,38.1208747797978,101.247882104877,43.0456867229814,89.5910807979642,70.2701983483697,26.2268357031638,41.9002254757064,67.1115965049979,16.9095084412725,26.4064255360261,23.8682053951084,41.4561810751172,53.9672008022858,57.230322973215,105.270534165667,40.5116646881713,19.3104286071881,98.0131269815502,29.8606833978393,20.7116495338549,118.566303859037,23.5605191055835,16.3883260188383,60.4974800048182,100.968885249963,91.3474350021031,50.2935182129434,60.0261646489249,14.0386891089227,70.5928069850596,84.3357750168589,74.589645007614,33.5743659565936,15.8749577795092,61.2401270191617,89.6116999434901,41.995537570037,21.7603663294423,27.883801794643,84.5469650863637,85.2638747985351,105.197606112925,32.2961708929408,50.364011338982,106.63410195385,50.4719189768148,100.238095190161,3.98276934679902,87.177696288052,72.9008722044752,54.7210144126973,54.0632922340243,17.4954449977798,74.0389785310719
41.7902723297492,72.9253656690547,88.4648332430885,51.6172555878516,98.9837199678373,46.0075888887888,70.0008505404373,66.6074694521693,39.8806849051475,86.2778894655511,111.637976093187,72.3403887834416,42.5220983571039,62.4837104870327,97.0210321489946,81.2890934178472,124.597884350706,78.3684486090816,95.3572439657458,37.0926330545922,88.561857985381,116.087041424256,40.501357495164,23.3025760622659,70.8008630291331,96.7618835054564,82.8237796268937,75.9568718502291,61.6938319428882,82.8465213660777,28.6778540405492,91.1839541604717,83.8724808479503,69.3824243575114,121.011873428071,92.2944066276881,101.784267525585,61.5390677977146,85.5873173624417,72.4098056941284,92.3009845188353,57.1201113153459,36.3634908657522,97.9973628230637,79.6611998553515,68.7568948396701,49.0769865187053,54.8888969222895,73.9281951227273,73.624876925466,86.5036530944771,24.445680798464,42.631175348825,87.744133239994,52.6453270331557,34.2712288245714,110.109211768252,60.6697293318704,57.1301109809966,42.1038107923274,75.5619033130303,102.619208544412,52.017915424442,53.8326065222543,68.5765492412074,96.5129949955537,50.2004354287449,83.1984943903953,146.295963657968,85.1727401929093,70.1659656959501,13.3275358402133,96.0365433599881,55.4657412518983,76.9839342153007,115.803657271969,38.997631530789,63.997803525381,65.9176978275131,71.8493886077299,54.8547081189787,20.9208362601715,51.9220397309839,72.8259086277998,74.9637159479777,39.2291916686231,12.9318909968042,96.3527969376199,130.60644971958,75.8648320899451,38.6261708072313,93.7381183266524,102.538961565413,94.0103878764501,45.7047330141812,17.4879747684407,52.8286033993197,69.569226255781,109.483001394169,36.1350188034587,41.4325243398233,118.010658373748,47.3759817258651,53.1894233264379,40.5964639295799,46.6217678907197,60.7127637069484,75.8493507579521,77.9678086143613,105.364672941345,59.8929390000197,90.6442888848049,54.7215513231297,114.584736251043,83.0301858260069,136.202964744165,9.89097077273234,42.0535741458488,78.6534059106643,68.4955475381567,40.2004510046126,84.0998135341956,116.819806550627,70.9539556308707,53.7290329807005,48.7280096935453,32.9829192500157,36.9658703768204,28.5003660262008,66.3828014333318,113.884417405275,72.5784827476364,47.6030456883868,66.3742014089169,61.2589036105867,113.683315838276,66.2576204897688,53.7810617103114,42.3016562331167,58.736836893259,72.9259499818687,60.7565177700728,32.4738910979094,114.122839995074,48.3290938335241,96.170380734886,34.3101633573331,93.3818735754881,44.9859024200872,94.2776067831523,54.6234581263133,126.189845569742,35.503021451814,41.9286319184674,34.1692765512881,100.14304479549,34.7774009055715,35.181257922749,54.8147590472926,67.500711019378,122.576683038158,19.0032118198365,77.2605940723252,90.572396640558,31.866816541962,76.6165506612839,114.132071902302,38.7738021994748,30.2631430777536,30.7391248097346,137.891724225316,82.3073526395809,47.0971915435538,50.1023455850196,26.9142854927597,84.8152639942556,65.7253795442653,68.8917876500564,16.0980619443512,60.4103232576259,49.9022408307917,157.057540250949,36.1930494652206,48.2558224942357,151.589506673364,88.4689942061155,83.4112540360566,79.2876697377593,27.86979996262,42.3159011272121,117.407361243387,44.676168000086,67.1540071367162,37.5015635140013,94.9455666157848,83.512424663342,32.7598875149442,12.9431698650245,93.0599099719352,61.2315343027808
43.1220527981406,75.2493653042332,84.3288203503715,46.4122065006482,96.7739336546692,47.4737676156561,66.4209978961692,58.0209114297377,34.2325556507971,77.5776855377352,115.459905799433,66.7176637352767,41.883788404616,57.4382600771568,88.5388210760595,104.782197868311,122.614020248184,81.1942576500296,95.3244530474768,31.8393635489451,91.0444915229917,102.815811885367,44.2609532725383,25.1558751857855,73.0571586039367,92.1057065442674,83.2308405628159,73.0865692520418,79.5237716905668,84.405070615644,29.3890390802154,88.8897954771659,86.58056354655,64.6170599888131,123.023003707337,82.987501184918,95.0640581206885,57.0057772380167,87.0346645885,75.6250779874099,92.9362824712914,48.3795923289861,32.3890918066906,95.8961202507078,81.4187641855626,58.9195177167974,49.3599122747932,65.6594650982524,69.1573042741349,75.9711687204408,51.8072826995158,25.6585247336341,41.8362964463203,84.6627766133226,50.8453917489367,36.9968862013697,107.084841893987,57.0400512206244,68.6247392022975,36.1408298149098,71.6976577032599,99.8484479064768,52.7046439308437,49.4522964388139,65.6480372814996,96.4842076946587,52.0105624226029,85.5307780297743,143.966619848021,87.3679199679121,40.3311542721232,13.4043682503073,88.2817603408319,54.930861910946,69.2863439771075,117.905184794158,33.4745653140651,64.5488345098288,64.9702091186515,69.3766862462678,47.0858725936473,19.318667679689,37.4568905210123,73.245745433661,81.0903576325852,37.9512512482258,12.7097081376883,86.6366461652086,126.111618477425,76.6382705265393,43.4777621562165,94.1988208730652,108.647169890038,94.9688194107949,51.5367704409677,17.0888456894843,50.8322853058802,83.3974319829909,105.774977687193,42.4610372203856,35.5438826235815,113.781227685518,38.4997398457874,54.1947123653213,36.1594161049194,49.3689388396467,48.7149302891691,76.3971874516599,70.86470364357,103.012433479817,55.7793370310735,84.6595859687995,56.1319044766063,109.227534648225,47.7254634861388,156.071219756009,9.56875991877909,49.355168339321,79.9834953721993,77.269911315945,54.8554912533667,80.9073236863391,107.680200110141,70.3630189619491,58.4531335596371,47.4116135618875,27.0254229825484,38.2471129721104,33.6542458732583,62.3598828831576,117.773696707517,75.1955172349414,36.2517054781506,63.5397391212568,62.8889190759739,115.572650762635,64.7454189118225,52.8570491231313,43.8269690950171,62.2357687197206,71.2615567268643,62.9472759164743,43.1796086062798,113.022305718123,56.7584455479687,97.100706121234,33.3259349980221,96.7490366021107,64.1587635592636,97.6770681523021,53.643705977364,123.221889584012,37.5641970661696,40.1381000036063,46.62565727877,101.111800623714,74.6327844327128,35.4337581056053,57.591607122098,62.5282545459894,118.183608784973,15.9849370842367,51.2567597375807,91.5725006773537,27.0667110290553,79.5071212847773,113.313581034379,32.9332959333727,56.9163023932399,30.6823331948509,135.696193834484,83.9909480871828,47.7675937459117,48.3893544284861,43.3315085444063,62.6230823742652,67.4193373006222,64.6911646012544,18.49434341744,34.7236447580563,47.3502337135379,154.556849185785,36.052741229057,71.542604318068,149.175878366789,88.9038001488516,79.1455916045665,69.4875862646248,27.269751324818,50.4774694458963,115.537985607065,43.92970013005,76.9499241445847,74.9799287257795,98.2584464278654,95.8314860726507,29.847530190737,12.0804057034616,90.9359981612955,55.343286929134
40.3604005421764,70.4301935355536,89.0860315258961,46.2050671414346,98.5460939769521,44.4334198370237,68.7107887452,60.3752081066055,33.621670394812,77.2314535163954,109.898712877107,70.9624181263776,44.9022236808697,61.5114794400173,89.9915472863643,104.855698660668,121.274298262984,78.311957571414,96.2633199617457,31.2711851765675,89.0574506713571,116.99993525499,46.6383785072885,18.3345589221621,68.3783816491996,93.7542194000022,91.4260007775548,78.7204335650408,79.5795546417686,78.6718315547839,24.9524618037881,93.5651875419362,80.2542345246922,64.2136964453227,123.317742018542,82.6171249603371,100.124237023747,61.5892371402704,87.5009630587087,79.0898884721274,94.0842618266046,55.6929223960861,34.6160746315293,95.479668743567,80.5589228687364,56.6731245118432,48.0184053474751,55.4175603416151,70.6892570954265,71.1057707193956,53.9135338078598,29.79813339627,44.3051806520354,94.1894271041901,52.1775466288857,26.9647382564065,114.850999880879,61.7333498525328,60.0380835272014,35.4958911109986,74.1693555955817,103.179467374102,54.550412835366,58.8917587026728,68.5568215691707,95.2138994913224,50.1642489948028,83.6640736616761,142.393592184832,90.6772990717336,42.8745624510843,13.0400634524381,94.5422385503849,55.5739959622726,71.059093345912,106.408070469315,32.8772065130024,60.6381815248088,62.5568043461772,72.5853516845233,46.2456179066742,19.1311032980351,37.8310257133461,71.2550677689843,76.4231137793069,32.6299392635374,12.6469748128547,86.2499836743653,131.944269378832,66.8590012042222,38.4515958377255,103.47392159143,104.296881502875,82.8505179948066,63.1727357289476,17.552755864704,54.7506823665684,76.2039792470163,104.944205172852,48.1518995694728,40.4083092519632,113.881976245838,40.0833836536347,50.4272870453229,38.6456358205713,50.8814462711155,56.2818816848071,79.7820671171317,75.1652754671255,104.898835534797,55.4311418169569,89.1659436746434,58.2581053956714,115.389347968328,50.7351798298949,133.861108217983,8.2270819724746,40.1230123180051,80.4120163725426,68.067697460258,41.4865041819671,79.190966445235,111.834938175473,70.4186857821398,54.3168098185611,49.2400735404873,29.9971081480748,36.2153746510574,28.0723634997129,80.8969040654414,111.293889862099,72.526165343432,33.8297160730987,66.3551072945064,73.9267427586985,115.849539530431,66.5030600759965,52.5961541917556,42.2711635476281,59.743816631124,73.1960912102513,60.712722099815,32.74958053543,114.345578116154,58.7545254097318,104.510263375553,33.3479150832084,93.3145602749028,54.6179592375854,94.2096478030969,56.4962801304911,129.559489480315,36.5843195297687,41.9165701523303,35.2623863443013,108.827436335706,31.9013934039322,39.6422073220752,59.0578409068362,67.5557405545185,118.288255471257,18.4410509878267,52.3921960529884,90.6610142665959,32.0303315437518,79.5575204756725,111.720056372571,38.9727583244989,56.9252035078691,30.9643393500027,134.213531624893,84.8433614404138,45.5601379603807,49.6571608593577,42.2074290617115,59.416353539224,69.9730909683084,60.7652294423976,20.2290740980943,36.9134259253666,48.9825809424401,152.868109118391,32.7363740225852,69.8972159426172,147.545932594642,97.6575371169301,81.8740488264915,78.6018076266601,31.7998189678538,44.0848742609399,114.275578753998,49.4221831080058,65.9993696428279,69.0447940651691,101.939421421457,71.8486286946929,24.1063824802163,11.5746562779352,93.4046338788467,63.0808435622831
51.3673366864181,89.6376501628068,76.5969449319555,45.920233765223,95.472691114506,56.5511344346605,65.4817227786565,49.4170385830161,38.2316304062306,76.7553564773527,110.251853237365,78.8751093236906,41.8752117530202,63.0103374332693,21.7631226066877,105.85876265894,122.259510968452,83.4971250786341,93.1384257388957,35.5588636732279,89.9711852868648,119.123027188583,16.7689391382858,32.0548680696825,87.0262758808941,93.7428839148903,86.1737240605917,67.8742816609316,80.3408235787862,81.1649609130761,27.0685744695083,98.8713145650177,78.4038159013505,68.041318814661,117.82593857153,82.1078276886046,98.8693220118306,63.3768993101257,87.5209793812332,73.9179721617687,91.3326046934761,57.5722938051095,36.8655507313256,85.752020334361,82.3220172025089,64.7176170936325,54.3884231437037,77.3771505274949,77.5017725285566,90.4974682070755,73.868688300126,10.7140159669932,30.6570198522562,92.7612929929166,43.2700344446649,47.1432735858095,112.724705431378,63.4963794365827,57.984817984501,40.3628306969812,70.6837640853126,99.8983710990131,52.6423253296424,65.8416446402599,67.3236110107303,95.0884652654804,53.4857089860788,84.5224719158678,143.550374604578,84.8565752496712,18.3912693807233,14.7699300661854,96.8459612252617,60.3108862750758,74.0599168637011,119.093180688262,37.3850910271364,70.3222294169794,68.0117806215105,72.1311898464637,52.5864821989494,18.6617822649423,44.5743166511336,80.7076109443643,80.4955333070481,33.9558039983993,14.7952878857838,85.7182914689852,131.118702642406,78.8667741696059,48.7738869258751,97.5295111987031,97.433130089037,97.7303425842778,20.2922852022819,17.8488414196779,47.2070981799951,70.0597258387653,111.057513781616,40.0064436512805,44.9010582259652,113.555823137196,38.73470321709,53.4139329740708,41.1569671909001,53.0074331105574,59.2521646637773,90.2459676062408,89.5577163640966,101.627306766998,58.7352574514961,88.0483752956461,54.518422527123,99.2127652413732,21.7631226066877,128.760448812418,8.5613761239293,45.6115637785995,80.4304110598499,67.5244545268135,16.180228423292,81.012686189735,114.355995980512,73.9006088921359,62.6574774713752,50.446735532371,34.2533675501957,36.0255642686496,31.29150739233,71.695926933949,108.405645795223,77.3282457360604,40.8064921484318,65.1615015081082,61.3641659406183,110.690323264273,67.6248551719825,61.5305442184597,45.0700089668563,55.8120911570634,74.4307865170714,64.7326143828009,34.2681627627041,124.091907346429,19.5053467221208,101.685301355795,35.610830241107,99.4930755475766,51.7135282258604,100.447428338845,55.668130682951,130.827464160587,44.9191536148954,41.1625684979025,13.7527486842135,105.885779081899,41.0042570060055,50.8551299397937,60.8901129803665,69.5165838341784,117.949482967392,20.413934713789,19.8721055634747,88.9412110864754,33.0926176690725,73.3615426849911,112.644237604507,40.2652900729462,17.1749598501333,35.6491845012505,135.303860561003,86.6416488628215,47.0900481491783,41.1799174095158,15.1630890594576,60.3139862779172,65.481404055795,80.2586873013512,16.9467344933272,15.8342084711263,46.6806428048758,154.109984812758,47.8010112966625,21.7631226066877,148.744571791194,92.0472686585821,78.0263749831722,89.0436966202777,28.3137868842743,39.6632000680379,115.20393499869,48.7780181373146,63.4845219024232,21.1277965222105,103.616591914396,72.1152514222592,27.8034071974931,14.0074702869427,94.9802134101935,71.7414073643359
41.4246446802186,72.2873336928486,83.3098086735264,55.7676473439238,97.8122843926153,45.6050634768162,74.8855393719797,63.7057356761287,38.3710027961677,93.2152408820686,110.21380204628,69.7127304325114,42.3109665771349,66.9077322756113,21.7631226066877,93.4467118079788,121.417264252321,82.2683532631599,98.534897989962,35.6884925632577,84.636070079396,109.199078274941,16.7689391382858,21.1924147296393,70.1814185581849,95.3231528215375,83.630028823094,79.1746117502274,70.920777825174,83.1740735246209,27.2528898770533,94.6197128868238,83.0322744107805,64.0382546704986,122.903603818697,99.7155284993686,98.1664218150927,64.2171743694441,84.3009637656896,77.3501074959113,92.8142573530109,53.6918401304498,37.152901765377,89.561700494607,79.2034919926714,59.8106389616382,47.3377496515391,55.3031766245738,78.2568148369125,72.9807248490011,66.7611815054953,10.7140159669932,23.2579175052424,83.4223038302384,50.2188524489535,31.1678027615486,110.407608491037,64.1404886726589,61.1143652689504,40.509972320791,80.8346447490795,99.1130242335129,50.9889851567745,60.4406359914396,66.3845156147411,97.1348441179693,52.6985952780217,79.5104547477775,142.561454964279,85.2626735348324,18.3912693807233,12.855221965095,102.836199734629,56.1901704103376,74.4172888501422,113.513618869168,37.5213773803238,70.0889057120076,66.2076596673087,71.6136674980582,52.7781848186018,19.6349147355823,60.3914706948135,70.245034899498,77.0094304694957,33.5762958695184,12.7884635218026,104.100242041588,130.177960377433,79.095961587158,37.4247545107608,94.65061329965,104.198225022111,98.0143476684112,20.2922852022819,17.2582656528477,55.0665668762038,82.6405264578212,105.143837238502,41.4447803568658,38.4687054913405,115.09116300752,39.4428633899998,57.1029801530474,41.4777679614329,49.0238694799139,57.9315391142178,81.2052849829448,72.8347919192173,104.117721156797,55.2796953430854,87.422405388516,54.7793314529525,107.907652159924,21.7631226066877,142.89325486299,8.46568962999173,41.9175790773696,77.4712670762208,78.599704009619,16.180228423292,79.188437971143,128.518333559956,69.6573065416746,57.0194120366859,50.6260156498402,34.2533675501957,35.7154809314539,29.6980929917831,71.695926933949,115.294232184179,76.1902572267429,49.5076542481147,64.2525653244526,68.9597475894799,115.460481808739,65.3873093413636,53.1845764873904,44.4067435347892,59.6873037746388,71.9680485841411,63.7799874268352,35.3232469299174,115.61338012075,19.5053467221208,90.7663933302957,35.068154414685,98.0289019373765,51.7135282258604,98.9692101515311,52.6223338003193,130.004780231846,34.9325310278274,40.588392841203,13.7527486842135,94.5158262215713,41.0042570060055,29.0202907888197,57.6023352873583,70.4382611683603,119.544227639052,20.413934713789,19.8721055634747,90.2046549796553,33.0926176690725,79.4489065739281,113.301883331195,40.2652900729462,17.1749598501333,30.014592843754,134.371751219696,85.0305088370512,46.7205891099704,47.7930795015475,15.1630890594576,62.6277476168049,65.7947785446754,64.9670198153142,16.9065239812685,15.8342084711263,53.3844402122734,153.048319936109,39.6927478237854,21.7631226066877,147.719869286325,89.3301968195274,89.2317264713095,71.6674449541289,28.3126285913356,48.3811628966104,114.410294199954,48.7780181373146,70.452612209155,21.1277965222105,95.4495607183315,69.8638414688887,27.782142483485,11.4320242930015,91.8375437517256,62.6162397136613
33.7688707688208,74.6529742518119,90.4913989543206,38.3978185301934,71.3913482538223,49.7101002940653,52.3463613936454,71.0047500926855,45.8047000011179,88.3218205583246,112.326836450157,86.6429907609349,40.3762561876727,64.1928295887282,99.3194692745514,83.2148394759545,134.092486913124,58.6036184000442,90.8992123889917,38.8457529435225,65.2708869473246,120.202719923713,34.9311503500818,47.5846234171532,71.5212236779759,69.7888635149135,99.1990794310085,76.1845961428353,65.8776593430483,84.8091630347275,24.5621276495056,89.4673682262587,20.1297317090106,15.808086651736,89.1868405822222,90.9462798114366,102.08942425145,45.7786050595462,48.7850999765043,74.5468654258813,96.7764231969196,59.8897194274351,39.4231829259184,100.318929311588,57.4551094163631,15.3084353295589,47.3506185225736,56.1892199107453,78.9417077974657,74.8028804407279,88.5529325482691,12.6866049915283,44.6460649707751,86.0286522648488,23.5261105379123,46.8813987034391,83.3560864319346,14.1722352045364,62.2565048212585,50.4282621482785,79.7804875811347,81.4836875790043,62.2119502908367,37.1167392805324,50.5415344097609,92.0009310834314,79.0676032476475,60.006359522034,128.532389818557,57.8041380106548,77.6096605188847,34.3819157106365,98.3116578560878,99.1081370514841,76.9765304339191,23.9012994254267,37.6258223025669,64.4847978849718,67.7207469041228,128.383014316185,53.772833895636,53.9708493390729,38.2670109056991,74.5511610641529,77.6856318548042,39.0627481950957,33.3612448364008,94.6856666384838,149.781502700369,17.7217577195711,40.4517707363524,107.50032830244,77.6251723686561,89.180701867737,43.3982818456433,45.1148720699026,36.4244948480545,70.8731614805713,117.818951643894,34.7701834710883,59.7637445839617,151.986425540423,41.3897602023385,56.796515959586,10.4059252458787,12.620321000168,65.4586697703578,78.603423868386,72.6762488699597,77.6547129005763,50.8944314695181,89.0761392194682,63.9206519010235,98.2289863024164,84.9971785225111,134.734346764457,25.5163840849225,75.1428051961514,95.2230238414518,67.310571945425,10.8820969041529,85.6760953928201,119.587278452636,63.2305386791985,77.011128954288,46.4499341446731,33.2987947221023,10.0932222393005,20.5556990280728,66.7924154544057,118.019535353406,54.944161200099,51.6084548904408,69.4745825694943,61.636900701591,81.9933337956659,56.3028627689946,40.6085854201549,75.5860869940689,84.724099573739,38.8304685576445,62.4183929094323,8.86672480547272,114.827033165253,50.0839125161954,89.4083866873423,33.1032439402337,95.5940987015859,41.5409638370856,95.7860555145976,73.8341955231073,119.706973353633,9.69380355519807,59.0736180090701,27.1519100323977,100.760975861603,32.417110191784,33.9436962456819,54.5821883898734,81.7208325601789,131.917266106095,38.8051808412543,82.1664268089384,76.9645088522267,41.0414076686709,77.089311869301,84.1163648963731,39.0311359193165,7.06936369174073,62.770299486874,109.759467707171,84.5259009670555,40.0211582106428,51.3320540398484,26.7775830557247,64.139037953361,82.4141488511749,70.5238404006156,32.8727696595047,72.3542016831633,37.1220276213545,134.639250172043,28.4558609544191,49.3990073428024,143.801753256048,83.2253613782086,85.387274273311,113.644944267895,28.2319994306914,42.7211580162101,84.6792767215911,39.8131174456854,81.9276522668206,35.5749596492617,110.925408409572,83.7628010594078,43.835367419703,53.358362218187,93.7680538263158,82.1465802038266
34.8450236633195,77.0320296509104,86.2606376559116,34.5258085208463,69.7975546047133,51.2942713693585,49.6693616314124,61.8513261365793,39.3175780602992,79.4155080037019,116.172349312906,79.9085824643772,39.770158013675,59.0093707986687,90.6363138454801,107.264497719627,131.957448484574,60.7167473141199,90.8679544738067,33.3441966355148,67.1006102238143,106.46098038298,38.1736837730831,51.3691209180465,73.80047584504,66.4306269172621,99.6866214183184,73.3056881661903,84.9167538491572,86.4046344585674,25.1712463688492,87.2163982877586,20.7796824153388,14.7223463714697,90.6690617108261,81.7753185635767,95.3490671641164,42.4063128624211,49.6100934603514,77.8570313441176,97.4425251223057,50.7253950294428,35.1143705045689,98.1679081105051,58.7227409745361,13.1181844194627,47.6235918751983,67.2149438319178,73.8472743316147,77.186713079202,53.0346019651769,13.3160360983453,43.8136174758434,83.007539080964,22.721756593431,50.6099673773186,81.0665446888517,13.3243551748111,74.7825679601177,43.2863250586027,75.7005030206136,79.2835946589739,63.0332580913313,34.0965840653519,48.3831947204837,91.9734896131315,81.9186224022795,61.6885035511704,126.48587999617,59.2939394939118,44.609764297378,34.5801253031198,90.3731633179231,98.1523958347868,69.2796804966195,24.3350442633868,32.2970395052913,65.0400219661605,66.7473415037214,123.964702778359,46.1572195465437,49.8376302842668,27.6060656608953,74.980943842345,84.0347305407206,37.7902298808772,32.7880651859343,85.1376281560992,144.626760501342,17.9024302157295,45.5326642563199,108.028669129771,82.2492754103102,90.0898949777301,48.9360103759356,44.0852126853871,35.0480647811847,84.9605491121057,113.828601906826,40.8572654287425,51.26975863733,146.539323886781,33.6350813644371,57.8699796553759,9.26859495879022,13.3639688879757,52.5229678239761,79.1711523909885,66.0552211178523,75.9210912325237,47.3988702732085,83.1949718928567,65.56809592995,93.6364681356899,48.8560840812948,154.388370929046,24.685155675223,88.1895504786945,96.8333182596093,75.9331388941912,14.8491560822428,82.423768743673,110.231153899629,62.7039261236478,83.7822971420384,45.1950806423782,27.2842438642977,10.443054831497,24.2729005147334,62.7446735492629,122.05003352487,56.9253374288262,39.3019917069529,66.5077207457119,63.2769741514978,83.3560040165553,55.0178592132857,39.9108891887581,78.3115696569089,89.7710831047993,37.944238484919,64.6690749394511,11.7898315777918,113.719708059041,58.819332122628,90.273298433059,32.1536375180246,99.041030128284,59.2456021435155,99.239908518886,72.509870513101,116.891493023228,10.2565903457659,56.550921857733,37.0501157592359,101.735709382266,69.5675678422338,34.1873142973068,57.347254722069,75.7008473372394,127.189430999798,32.6417649906097,54.5114213527625,77.8143540462164,34.8593314971014,79.9977187128803,83.5131297551634,33.1518674189748,13.2954478843502,62.6543291495057,108.011862849907,86.2548767815947,40.5908370327976,49.5770193485533,43.1114201151587,47.3568561601304,84.5382307149544,66.2237042075811,37.7660548994604,41.5889447451644,35.2236022777348,132.495506106093,28.345547186499,73.2374551579472,141.512122596177,83.6343960014496,81.0205579086636,99.5982464167823,27.6241524844078,50.960889193254,83.3310020041601,39.1479034331695,93.8786365263508,71.1279127849761,114.795863442549,96.1187959215652,39.9383988081397,49.8016073334392,91.6279800067465,74.2470658335443
32.6134546176761,72.0986912622493,91.1268277408624,34.3717185864831,71.0757134248791,48.0092482534984,51.3816582445799,64.3610483728381,38.6159497920773,79.0610737141087,110.576841138049,84.992578025855,42.6362704753984,63.1940050721386,92.1234552725794,107.339739752478,130.515637062946,58.5613746237126,91.7629285680221,32.7491642837065,65.6361432203311,121.147978930313,40.2241384604613,37.4397697275815,69.0740948547205,67.6196058263484,109.502067571029,78.9564432190798,84.9763197756152,80.5355744399696,21.3713882191975,91.8037736358905,19.2613380832594,14.6304440502883,90.8862865006766,81.4103523539545,100.42441685598,45.8159257828062,49.8758853812699,81.4241001748431,98.6461670605826,58.3933297675386,37.5287358250113,97.7415908290697,58.1025861560214,12.6180343591234,46.3292747773745,56.7304074148286,75.4831180280169,72.2434683477074,55.190750354924,15.4643738908305,46.3991892728151,92.3479345246792,23.3170691259101,36.8864697441523,86.9457670173334,14.4206932140447,65.4254152913101,42.5138738856953,78.3101946027034,81.9285551246558,65.2407453079866,40.604945492199,50.5269949377971,90.7625693896399,79.0106082320178,60.3421554681408,125.103852770367,61.5399140394484,47.422994948054,33.6403043937267,96.7819528288699,99.3015703750112,71.0522593746728,21.9620969966087,31.7206938346084,61.0996106794315,64.2679227867389,129.698059023663,45.3335368169841,49.3537581838531,27.8818066672082,72.9431068417164,79.1980200978446,32.4914954108604,32.6262279256533,84.7576558369428,151.315735039852,15.6180273266667,40.2689447793608,118.665498522781,78.9559722526465,78.5941587071498,59.9847763966711,45.2819921000471,37.7497381998597,77.6322695724547,112.934575021851,46.3331814387137,58.286380366231,146.669078383302,35.0186228777717,53.8470627118964,9.9058774706558,13.7733984348135,60.6814264796596,82.6789362866953,70.0639194984592,77.3113865364927,47.1029890264581,87.6233694379972,68.0517270685606,98.9187482719588,51.9371008805157,132.417741469824,21.2239413432027,71.6932094294357,97.3521141713666,66.8901236902415,11.2302262148977,80.6752418381145,114.484318089738,62.7535335485746,77.8536037829916,46.9380585749117,30.2843886833629,9.88830564806233,20.2470050586813,81.3960771261016,115.334946329451,54.9045553034013,36.6762115883031,69.4545965568561,74.3829065498079,83.5557081947349,56.5114267234395,39.7138946748989,75.5316015912912,86.1766029105231,38.9743091312323,62.3733992946858,8.94199950436546,115.051145688369,60.8878892016465,97.1618701025673,32.1748444156477,95.5251907427531,50.4354152631346,95.717009185799,76.3656776148612,122.903505309061,9.98904296648404,59.0566240807521,28.0205271572255,109.498954301778,29.7362930615394,38.2477240240682,58.8072675006189,81.7874549610273,127.302051968317,37.6572300130035,55.7189547147093,77.0398122814904,41.2519993303626,80.0484288911818,82.3386877276959,39.2314124750653,13.2975271533942,63.2301949532845,106.831688942963,87.130266456606,38.7150364947966,50.8759427315142,41.9930500318365,44.9318622053774,87.7404250021122,62.2047632857287,41.3084317572184,44.2116731080947,36.437897225419,131.047815686097,25.7381381536723,71.5530873813879,139.965913594706,91.8692915048479,83.8136525317321,112.661881432915,32.213093463199,44.5070725012928,82.4204994759198,44.0425235328469,80.5189985895957,65.497689501477,119.096366025907,72.064036171932,32.2562808769759,47.7166496823926,94.1154009263533,84.6275637874844
41.5076729008856,91.761174293796,78.3516392719955,34.1598324610671,68.8590420960133,61.1021492842276,48.9669753836771,52.6794442690448,43.9106892340502,78.5736978926653,110.932160545287,94.4697074943635,39.7620141756368,64.7338613801039,22.2786929717859,108.366566428613,131.575924904132,62.4388225421881,88.7841257855297,37.2394925744318,66.3095738613019,123.34634165827,14.4626839809202,65.4570903108148,87.9117213666947,67.6114301832678,103.211349886002,68.0777737532319,85.7892149082715,83.0877662607918,23.1838051923316,97.010010024739,18.8172301939894,15.5025292598342,86.8387778995584,80.908494290453,99.1657395164903,47.1457587390464,49.8872947620708,76.099543017338,95.7610891104755,60.3638270896634,39.9674870465908,87.7834935393184,59.3742061924031,14.4091070178669,52.4752161655294,79.2102223007273,82.7576308413637,91.945434439714,75.6186442822935,5.56026602681935,32.1059714852994,90.947721788971,19.3364856995445,64.4897390891639,85.3360962089965,14.8325307187257,63.1879063146344,48.3430684569974,74.6300042156784,79.3232356373177,62.958726813242,45.3967830241271,49.6181076495979,90.6429993196434,84.2420345842037,60.9612694873491,126.120176154774,57.5895665178078,20.3423434565753,38.1029544152742,99.1402509046226,107.765612569761,74.0527942940483,24.580240712705,36.0700057038532,70.8573497991396,69.8721092174678,128.886546679754,51.5493431540397,48.1430200253153,32.8516728202636,82.6195816294901,83.4183082757941,33.811734703991,38.1683716406708,84.235163158858,150.368962299097,18.4230008220519,51.0791013091286,111.848356465846,73.7598996724219,92.7095477671525,19.268251982296,46.0458233676047,32.5485550214446,71.3728544917195,119.513346175256,38.4953829233274,64.766881046322,146.249024416613,33.8403557933833,57.0362509479991,10.549596750064,14.3488943366159,63.8838959568097,93.5227786827466,83.4795667388229,74.9002403703493,49.9106837152989,86.5251350347095,63.6833756406348,85.0512003323742,22.2786929717859,127.372080280527,22.086341825608,81.5003461969822,97.3743839984357,66.3562788803275,4.37992134997167,82.5311060552843,117.065099984766,65.8564454571084,89.8084854650508,48.0883081010134,34.581410030713,9.83647950807323,22.5687911341255,72.138325511471,112.341830760822,58.5398790136783,44.2400266374812,68.205236685064,61.7428125511568,79.8346578513677,57.4646797210172,46.4600043469367,80.5326770143172,80.5053424514985,39.6317403652672,66.5032478308144,9.35663570127591,124.85761448824,20.2135815373206,94.5355386405357,34.358157613775,101.850075607349,47.7534002954521,102.054594674783,75.2462730526193,124.106339107447,12.2647998170959,57.994304523117,10.9283377542819,106.539145598644,38.2213587871359,49.0662126692984,60.6317655233622,84.1613817377071,126.937464336852,41.6859231881654,21.1339289702099,75.5783978551308,42.6201221195547,73.8142189180296,83.0198176190591,40.532522489867,4.0120101623182,72.7968021684753,107.699572235637,88.977025703527,40.0150880627828,42.1906344132078,15.086073036574,45.6106704479494,82.1082239198584,82.1600229443136,34.605786796305,18.9648300395165,34.7254969463401,132.112426859998,37.5823245356968,22.2786929717859,141.102973947814,86.5915484484846,79.8748269431403,127.6284947368,28.6817564628979,40.0430521954676,83.0900702294736,43.4684766353494,77.4508932007332,20.0423779257852,121.05581319688,72.3314582540603,37.2031976442457,57.7459525854538,95.7029699058152,96.2463433440728
33.4734232362208,73.9998272397324,85.2182823062427,41.4852742204254,70.5464581533616,49.2751812060767,55.9991125373435,67.9114501475311,44.0707644816217,95.4235184644185,110.893874559932,83.4958114044059,40.1757789965944,68.7378617988429,22.2786929717859,95.6604729577347,130.669497340382,61.519951799525,93.9283084076405,37.3752481523393,62.3775459039037,113.07055516937,14.4626839809202,43.2756048737025,70.895476693161,68.7511885989527,100.16473420329,79.4119830638953,75.730339561918,85.1444749338658,23.34166841883,92.8384469860827,19.9280787950939,14.5904714087377,90.58106291755,98.2590027696029,98.4607319732257,47.7708351573042,48.051873480376,79.6329723426219,97.314583318121,56.2952201406413,40.2790163335117,91.6834253710099,57.1249906712429,13.3165888410011,45.6725623243555,56.6133139370685,83.563877080461,74.1484218830555,68.3427600016158,5.56026602681935,24.3571632151259,81.7913187165998,22.4417691062516,42.6360605700453,83.5819820006712,14.982992368903,66.5982738468714,48.5193018249222,85.3476036040672,78.6996393385617,60.9813788974511,41.6728721303217,48.9259858850062,92.5937082349257,83.0023004295512,57.3463855123122,125.251333286332,57.8651730236943,20.3423434565753,33.1634567218201,105.272398712169,100.40257254803,74.4101319109279,23.4286468784305,36.2014979485359,70.6222506062289,68.0186400801866,127.961819547739,51.7372649109392,50.6534734941311,44.5090578040325,71.9091462011702,79.8056258170693,33.4338367701847,32.9912356002434,102.299062696818,149.290104475429,18.4765381960148,39.1935715525326,108.546791693456,78.8812862385924,92.9789623851446,19.268251982296,44.5222764434513,37.9675356231007,84.1894569151959,113.149406917121,39.8793930277199,55.4886270168767,148.226395122751,34.4590359488931,60.9754744603598,10.631826297021,13.2705600301787,62.4600373402562,84.1538308776927,67.8916024188187,76.7356982049784,46.9742963572647,85.9099944309194,63.9881453012633,92.5049848063564,22.2786929717859,141.35249836283,21.8394931201421,74.899804425208,93.7918482539131,77.2399261233929,4.37992134997167,80.6726659728611,131.562944636813,62.075031284878,81.7273092339517,48.2592067217916,34.581410030713,9.75181384206518,21.4195516185864,72.138325511471,119.48054019438,57.678386437191,53.6733207728069,67.2538435142032,69.3852626158492,83.2751029062166,55.563309962951,40.158196001342,79.3475310150186,86.0950867592747,38.3204202125076,65.5245636366575,9.64471762312155,116.326770645083,20.2135815373206,84.3843679423705,33.8345713493955,100.351215590404,47.7534002954521,100.552724886357,71.1292879647132,123.32591971085,9.53803590855555,57.1853433941221,10.9283377542819,95.0990346249199,38.2213587871359,27.9994518007299,57.3579373693614,85.2772253779256,128.653731672599,41.6859231881654,21.1339289702099,76.6520178796383,42.6201221195547,79.9391447890832,83.5045084425638,40.532522489867,4.0120101623182,61.2907814858274,106.957629049985,87.3224583059015,39.7011377363218,48.966109491643,15.086073036574,47.3603841119898,82.5011694144577,66.5060944568928,34.5236756138927,18.9648300395165,39.7124183427,131.202303330127,31.2074094242276,22.2786929717859,140.130914469558,84.0355197773657,91.3456342329196,102.722690861927,28.6805831166368,48.8445064398009,82.5176620933743,43.4684766353494,85.9519388412635,20.0423779257852,111.514227389265,70.0732984079347,37.1747437446041,47.1286477326883,92.5363859516462,84.0042637551009
39.2316266402473,75.5345966832077,94.5908284686643,15.789321214609,78.3020641223296,44.7814368059124,56.8143519056154,70.218381917012,46.1099354720932,89.3648667191284,109.724770072145,52.9279334482266,43.5078516771434,72.1305688452263,100.492393365846,84.1975741873613,108.319952131697,63.6056931194209,98.1577740993694,32.7966396588862,90.1232225808904,116.978590454628,27.9900447725272,11.4036711184846,68.9119430437448,76.544458111935,60.598119110831,77.7799333053842,55.6839310941352,85.8107260838717,27.7469212164711,96.9126222541105,98.6877810007881,85.7040792450833,123.145338772012,92.2217965903341,104.227219300021,18.8243272068575,79.1600035498855,74.6861885059373,106.04170239251,65.6235020276834,38.0100092090364,101.503656635062,63.0167908537104,76.4129157685002,32.5213240735654,56.8527926239885,66.7264845363893,72.6481417471446,89.5987080512933,11.9876048291477,37.6937192377911,90.3315605732094,49.0115043101097,45.4597372910251,25.9264048875566,47.1802821890668,49.4405509184528,30.8053043812659,76.5037494067355,106.007426097045,57.4827827072082,13.9105585233212,69.7855685470705,99.3474681779834,60.5548950517476,65.8150031616794,145.48007601346,18.9325577145445,63.0247993812918,42.1826204261746,99.4726800886554,88.507976425319,78.1221672590464,77.7209799207272,25.8421452309607,63.090752992831,76.0947293975604,114.651744473872,56.6340021864588,66.2159686187603,52.8374364537579,75.4315811216185,72.0781429231379,44.9053973188476,40.9303757161855,96.2512852763704,145.53580973454,58.9968708554882,34.1525661848511,104.453133692496,24.1439075950322,90.7120783735923,46.7642666226096,55.3507122789958,13.6511201438438,65.6418406238747,113.503981133516,37.1749433077192,43.1203895645104,128.33552214122,44.3752246386015,48.0079789206152,45.56154322837,26.9111788188412,59.4395766981811,72.9296870549061,73.8709444598199,107.222274776835,36.0320671383357,92.4864004271042,63.3650443076982,109.866619548135,86.0009619610389,132.497089086187,31.30564199975,67.105868687436,92.1579857872533,69.8875429994096,23.2046439791602,79.3521338905291,120.999557444198,62.4703621090477,56.4653372898253,50.1590940435429,27.1108460276194,25.0791945451058,22.5455002986205,65.2451601051705,109.500672567408,17.0893887951918,49.7584847305704,46.2365675931036,60.2090735497804,89.930326818391,39.8611100035169,35.0654891843306,67.5017390577919,61.1296397933942,67.4564030685824,70.1367148917947,22.0316476841767,112.167049391751,46.4687654370803,98.4841288584446,22.7359506096715,96.7230276232939,42.9899220016455,93.0268847593141,49.8948352335463,121.762535181939,24.0867365722147,59.3133095044219,41.9491677003222,98.4268342104081,32.9500020124864,23.3131895697249,62.7460936424126,79.0904029485884,106.562808095387,9.2996747316375,15.48457584446,54.4890721864806,34.6548743668471,75.3035275201774,116.144244866309,38.2936512453895,23.5343662492074,15.0429235318706,135.825313774355,85.075397025705,28.3340439801063,37.5143349770294,30.3823815141972,68.4857268448673,70.4235251427051,71.3566993760081,7.87797038266693,44.1992864945364,15.2647113999526,150.590572413696,37.3259246964151,49.9823903010648,146.271061321863,77.933912723036,86.395664590101,83.3256205499735,27.602152981572,34.7822420230213,92.87627027455,39.3344721628985,72.656447922315,36.1858390913682,77.977863266446,85.5168289880815,50.3829945450174,50.9308462864557,91.7409578165596,46.1444536844133
40.4818676937259,77.9417477961931,90.1684057755232,14.1971367592424,76.5539905032883,46.2085402814301,53.9088585247285,61.166330915365,39.5795843490981,80.3533740962248,113.481201108657,48.8140598272562,42.8547443327302,66.3061514841566,91.706693266877,108.531249489798,106.59526743307,65.8991868131546,98.1240201503867,28.1517931538093,92.6496254814913,103.605437809748,30.5882602557459,12.3106272263553,71.1080421516998,72.8611426424982,60.8959457397472,74.84073979708,71.776968356619,87.4250394012866,28.4350199576827,94.4743321414122,101.874221530381,79.8177014012915,125.191925710459,82.9222130945437,97.3457163289435,17.4376285148978,80.4986599663205,78.0025409017484,106.771576258494,55.5817942610829,33.8556516036836,99.3272327147935,64.4071297390143,65.4801551889847,32.7088074716951,68.0087260328432,62.4203497267281,74.9633067568471,53.6609198741585,12.5823558583423,36.9909015947424,87.1593399073729,47.3358088417377,49.0752384721721,25.2142842881016,44.3576350563047,59.3880329398503,26.4424820957704,72.5913376646536,103.14518219822,58.241657129419,12.7786690663097,66.8054262919349,99.3178354279095,62.738383087404,67.6599795188163,143.163722875209,19.4205115797121,36.2264365865231,42.4258005931821,91.4404350344998,87.6544569909642,70.3107655918111,79.1314084184326,22.1822337519749,63.6339741319347,75.0009579327752,110.705995667935,48.613172922842,61.1449885141473,38.1172635534642,75.8664394663461,77.9689522219785,43.4425473368111,40.2271508047197,86.545370871114,140.527183392949,59.5983412114013,38.4422560812425,104.966498218389,25.5821513134151,91.6368837958768,52.7315031688698,54.0874397100439,13.135263649723,78.6894038254884,109.659772922929,43.6830172979929,36.9918582028304,123.736054574357,36.0611968754583,48.9153377895325,40.5818300538361,28.4969103772365,47.6933458217488,73.4564359094454,67.1410762986549,104.82856482791,33.5572915671217,86.3800738494822,64.998168513769,104.730004937879,49.4330553281596,151.824759076603,30.2858212082356,78.7571927688746,93.7164480594548,78.8402231056755,31.663877220936,76.339869401402,111.532940719117,61.9500806481648,61.4300261699794,48.8040369053251,22.2139852375501,25.9484431784859,26.6225286260485,61.291184689418,113.240242116088,17.7055978719162,37.8931622421746,44.2620683995677,61.8111544761164,91.4249041533688,38.9513575403219,34.4630289064641,69.9357163521583,64.7711100108309,65.9168416051784,72.6657041286782,29.2948547830612,111.085375621581,54.5736467111726,99.4368367975133,22.0837424830918,100.210665962151,61.3121020754086,96.3812476013729,48.9998978985922,118.898708512691,25.4851244282861,56.7803775010546,57.2417011343232,99.3789878970638,70.7111610764847,23.4805111772196,65.9247333438507,73.2641889697206,102.743661443775,7.82261003552665,10.2728848157036,55.0907427072599,29.4348030968365,78.1445607253599,115.311323828423,32.5254702220269,44.2614008277879,15.015131201242,133.662685045827,86.8156127724392,28.7373632622849,36.2317258834124,48.9150798573497,50.5662201789294,72.2385694600246,67.0057802561869,9.05064784774224,25.4055969250603,14.4840720641842,148.192849271393,37.1812246853713,74.1023608624112,143.942114010227,78.3169410223485,81.9773790128777,73.0264398634765,27.0078668970213,41.4907756235345,91.3974819344916,38.677255553489,83.2550192403976,72.3492937818534,80.6986989854004,98.1315635270484,45.9039412176293,47.5359044482306,89.6471485287067,41.7070349375295
37.889299993729,72.9501486104412,95.2550433669461,14.133774423497,77.9558756944646,43.2492210646389,55.7673071304629,63.6482583112251,38.8732805380849,79.9947540762801,108.015313638431,51.9197395408228,45.9431534040187,71.0082350733744,93.2113972526544,108.607380101632,105.430571723646,63.5598436523247,99.0904604820019,27.6494200460977,90.6275526724639,117.898495314324,32.2312728083977,8.97245349579106,66.5540918575267,74.1652152655333,66.8919446794507,80.6098240134586,71.8273172150563,81.4866680790808,24.1424616656378,99.4434575674225,94.4304048370386,79.319449842399,125.491860321454,82.5521282530757,102.527345956467,18.8396736226194,80.9299410216749,81.5762763443218,108.090453687413,63.9838494993492,36.1834709539487,98.8958807929841,63.7269436443005,62.9836280384587,31.8198453608366,57.4003713408529,63.8030674580441,70.1624549470161,55.8425315331842,14.6123256188127,39.1738446480215,96.9669153440329,48.5760122618672,35.7679009273991,27.0429101873831,48.0074148771399,51.9571181414348,25.9706119085506,75.0938441907265,106.586183206226,60.281337727933,15.2178634641475,69.7654930719347,98.0102197662776,60.5112447190175,66.1833043122697,141.599467934129,20.1561343944824,38.5109884862059,41.272749407112,97.9249098432873,88.6807209904773,72.1097256489938,71.4151841416049,21.7863883560856,59.7787474221504,72.214947663291,115.826137913507,47.745663325015,60.5513336021189,38.4979948296713,73.8045364076765,73.481364256793,37.3512765569162,40.0285952681784,86.1591157452153,147.02655286251,51.9934171197516,33.9982101336127,115.301817004826,24.5578288585362,79.9437471900941,64.6372150558571,55.5557491610743,14.147792954017,71.9020424669742,108.798488645066,49.5376561553857,42.0544503225721,123.845617721211,37.5445339412184,45.514915975642,43.3721225100065,29.3699651710507,55.1016132171097,76.7110216409587,71.2156720577156,106.748224556663,33.3478145646274,90.9780116608771,67.4602115696771,110.638100744665,52.5504577308869,130.218950916733,26.0393129098024,64.0252261702758,94.2185449718761,69.4509979714312,23.9469840617467,74.7204055301214,115.836333115028,61.999091677696,57.0830483402525,50.6861966035816,24.656610111184,24.5700268149857,22.2069246087548,79.5105259765689,107.009862018036,17.07707009649,35.3615065238036,46.223266547022,72.6598164464201,91.6439397893078,40.0087684052754,34.2929242617534,67.4530811686615,62.1776415570369,67.7062833319419,70.0861576092001,22.2186869440975,112.385970317919,56.4928916117589,107.024659428995,22.0983077920933,96.653305888415,52.1946138945166,92.9598273485282,51.605531489798,125.013956747273,24.8203344716242,59.2962466231562,43.2911640973822,106.962396196693,30.2251160089507,26.2692794069844,67.6031214998486,79.1548809080441,102.83463669675,9.02456792684463,10.5004490734419,54.5423852531684,34.8326954503136,78.1940961955138,113.689704984248,38.4901436199473,44.2683228481205,15.1531376361592,132.202241636548,87.6966932850599,27.4093403534553,37.1810011035324,47.6461547839086,47.9768849022383,74.9748691493014,62.9393772137335,9.89957966148107,27.0077529797718,14.9833945182238,146.573644405454,33.7610521814384,72.3981013611159,142.369354106055,86.0282638308933,84.80345899115,82.6048289539021,31.4944301399456,36.2362782134494,90.3988423360862,43.5130310569113,71.407202158424,66.6223904826278,83.7218476690987,73.5730870931025,37.0743561450507,45.5458010562823,92.0807958994878,47.5381042999815
48.2223269205847,92.8448378771887,81.9011149817363,14.0466460859202,75.5246295452271,55.0439854414,53.1465205438246,52.0960264212069,44.2033033087822,79.5016225369834,108.362402023482,57.7090696803314,42.8459688559796,72.7385017113316,22.5417956232604,109.646333199252,106.287072567556,67.7682486812691,95.8737917900973,31.4405083309645,91.5573966256798,120.037892604067,11.5888302589474,15.6868138628244,84.7044726608162,74.1562482163825,63.0491100306173,69.5033506796817,72.5144271853405,84.0690002872219,26.189881648245,105.082944125718,92.2531268310239,84.0474894561734,119.903235199031,82.0432316566959,101.242311389441,19.3865057217226,80.9484541870705,76.2417679474335,104.929161223215,66.1430002893387,38.5348020619664,88.8201822685512,65.1216570943672,71.9238679298321,36.040997224482,80.1456640493791,69.951942118761,89.2968949166596,76.511670899105,5.25390929401169,27.1063861017893,95.4966679529473,40.2833375571523,62.5341111408667,26.542251160562,49.3784484090046,50.1802166464114,29.5315141767783,71.5648063059716,103.196753723848,58.1727914976028,17.0137414888396,68.5105407462306,97.881101684709,64.5177968429683,66.8623488578178,142.749799017419,18.8622792308229,16.5194913458489,46.7479030762126,100.311058497056,96.2394872968875,75.1549173394571,79.9287252494089,24.773580186099,69.3255418413272,78.5121175770185,115.101421280339,54.2922029841788,59.0658983923151,45.3601714363797,83.5952865785174,77.3970244272041,38.8689851860656,46.8281624198589,85.6279836995894,146.106617256469,61.3313542295427,43.1249944407263,108.677913041757,22.9416843476007,94.3015202493791,20.7627038382897,56.4928814808729,12.1985009527176,66.1046500754842,115.136320602142,41.1577833339182,46.7302234998371,123.49092916958,36.2812778532779,48.210617974716,46.1905978577234,30.5971346798696,58.0096073877588,86.7721359473906,84.8518537208432,103.419018033366,35.3355967366878,89.8377315850306,63.1298304870386,95.1276015438154,22.5417956232604,125.257072701182,27.0973782168905,72.7834356941918,94.2400979779006,68.8967150255348,9.33960765815536,76.4392838843261,118.44759303497,65.0646994452026,65.8484882916407,51.9282968393661,28.1551116364683,24.441251502554,24.7534606611543,70.4672314318044,104.232794926089,18.2077718657835,42.6541870822193,45.3917953812551,60.3125319370081,87.5626900340455,40.6836492324462,40.1181859224006,71.9192640554662,58.0857466796772,68.8483747864166,74.7266809521357,23.2489567232836,121.965270940018,18.7545287880077,104.131732090577,23.5978496837486,103.052885169791,49.4190496413593,99.1148551526132,50.8490729708552,126.237445142234,30.4750349667367,58.229616698696,16.8840671832343,104.071151862993,38.8496643132392,33.6996274403472,69.7005112741048,81.452395745522,102.540122696024,9.99004561076111,3.98276934679902,53.5077380195304,35.9879219903151,72.1043025406454,114.630179729986,39.7666694490109,13.3562397795224,17.4457782954195,133.276231179403,89.5554581647615,28.3297464573928,30.8336306012962,17.1169603169337,48.7016958343049,70.1621099319353,83.1303006849885,8.29328852646134,11.5851178886248,14.2792493586986,147.764384890645,49.2972262474386,22.5417956232604,143.525939619586,81.0860784210872,80.8181174127123,93.5785009382708,28.041876085066,32.6018113150105,91.1332278514403,42.9458855240196,68.6862937320471,20.3865378845455,85.0992913564076,73.8461091049712,42.7601869061722,55.1188251012745,93.6340445042362,54.0647574337832
38.8883848608553,74.8737362603417,89.0788297801991,17.0588941095017,77.3753882653703,44.3896391322156,60.7788813089313,67.1593398578653,44.3644452731662,96.5504329002342,108.325002938163,51.0054040194859,43.2918254102815,77.2376152371028,22.5417956232604,96.7901857334508,105.554860103036,66.7709483085297,101.428752085971,31.5551238663305,86.1282221901482,110.037727715559,11.5888302589474,10.3710133651136,68.3090249397214,75.4063357792566,61.1880123159522,81.0749030522878,64.012034610126,86.1499978854085,26.3682138583505,100.564233885443,97.6991598460474,79.1027368071935,125.070420776113,99.6370801024001,100.522540694691,19.6435393952317,77.970250693699,79.781801014591,106.631385432312,61.6848689285381,38.8351641886622,92.7661707700297,62.6547164598149,66.4705020157331,31.3688024985856,57.2818950349122,70.633432027032,72.0125352332605,69.1498612704506,5.25390929401169,20.5642327551374,85.8822876623173,46.7525161673046,41.3431374967981,25.9966656234916,49.8793449162632,52.8885352407862,29.6391705248217,81.8422132598615,102.385476761319,56.3457556942147,15.6180994839643,67.5548888965213,99.9875802779503,63.5683312142719,62.8975424249463,141.766394548529,18.9525484789906,16.5194913458489,40.6877126536504,106.515624572112,89.6639649225387,75.5175731894474,76.1840333949037,24.863891612558,69.0955250684561,76.4294584378949,114.275598803646,54.4901237635036,62.1459334509744,61.456185306257,72.7583650963161,74.0451119000258,38.4345647305771,40.4764173243854,103.990568126124,145.058340639362,61.5095835896102,33.0902954828046,105.469934126617,24.53459912304,94.5755611509469,20.7627038382897,54.6236662182938,14.2294187611582,77.9752278237625,109.005452593119,42.6375137244951,40.0358315902723,125.160597372754,36.9445837227968,51.5402968493774,46.5506336036858,28.2977282426929,56.7166762337511,78.0794556819557,69.0076451323528,105.953338964253,33.256703164761,89.1990404529315,63.4319510454971,103.464469649892,22.5417956232604,139.005346579345,26.7945235030055,66.8888581861205,90.7728768699491,80.1970404084012,9.33960765815536,74.718019795763,133.116651562689,61.3287465724615,59.9232882876467,52.1128422030868,28.1551116364683,24.2308779807228,23.49297422353,70.4672314318044,110.856219445574,17.9398201624143,51.7493328909446,44.7586263426628,67.7779436109879,91.3361717777484,39.337523913835,34.6765781909848,70.8608759423692,62.1188264974703,66.5703455979407,73.6269779464161,23.9647700078423,113.632045249761,18.7545287880077,92.9501277675035,23.2382404723877,101.536324202205,49.4190496413593,97.6562475611345,48.0669434824157,125.443624685725,23.6996919772023,57.417373205945,16.8840671832343,92.8960526092306,38.8496643132392,19.230567082447,65.9370138039628,82.532322618116,103.926523977206,9.99004561076111,3.98276934679902,54.2678358865688,35.9879219903151,78.0873436744398,115.299419892217,39.7666694490109,13.3562397795224,14.6883565418179,132.35809019258,87.8901345580526,28.1074769690713,35.7852626073643,17.1169603169337,50.5699872193322,70.4978848844692,67.2915054239087,8.27361055378578,11.5851178886248,16.3298893901685,146.746434900911,40.9351667835591,22.5417956232604,142.537188312087,78.6925614441249,92.4243904506984,75.3173140765155,28.0407289157668,39.7676824172122,90.5054103403095,42.9458855240196,76.2253329059617,20.3865378845455,78.3917886830431,71.540662451487,42.7274828875951,44.9845500044964,90.5359163773572,47.1879760365231
66.8613190208075,102.043450190168,81.3606916328512,63.3004648148006,102.526814225919,70.781983028858,70.6650638549534,68.5609681086239,49.4284152566454,94.9746624010792,108.768470345465,79.264637085401,39.6603972641442,79.4100136260133,106.702779597417,83.7489551343891,107.646591446569,81.8740614662399,106.749116547201,40.7230933771154,99.9454250753787,112.053550227234,37.5121104908713,56.1432175421021,96.3096512677336,96.8913737161408,94.0383182613912,89.3534113324099,56.290608152982,92.8497999478696,33.0360049327644,60.06721701018,102.378755193278,80.8936688826662,126.990542334172,100.450343275823,91.7882325662943,65.6244660308378,91.7688745569632,75.258756246239,92.8629311685419,43.9023621965628,46.451232730321,71.5978057567821,83.3822000969684,74.8060430626043,56.3436800692089,57.5379321324586,70.6782716827503,103.51440634643,61.1443211331708,37.0042013522733,51.8734682286539,86.6386759826819,45.387971960521,53.4698559110999,93.845908009313,58.4095965379303,59.019355525624,46.3214788598052,85.1559610503204,76.307266595952,77.686110200437,47.9564208332347,66.3760053498644,104.648091405462,86.7921441086729,92.8711964946444,119.639453123888,84.6303978785375,84.5681797501697,57.0159114176867,114.178472079418,23.1281618665623,74.6754889989176,99.8198121774107,41.4983171857149,73.9582741228491,82.545067814173,29.314007329541,60.8718673833244,83.5120373030946,49.6040736160078,82.3631802299886,80.1704301082393,22.5363291195479,58.7036593519545,104.34472971093,148.991679235112,70.5866464570581,52.261921346277,112.333565443354,89.9467298624934,99.247193759345,43.1352839923247,70.4135963188863,51.1029974489922,84.7062299162701,118.395522186641,37.3604859727164,60.48730990491,125.507674575755,43.7137304176898,49.0051656787813,50.7968232241136,43.9365179179155,65.1417225962646,86.4205920002643,85.701106106004,110.336535074411,55.4171642667369,80.4499654363041,75.1919312860569,108.987748616357,104.010119156105,122.554057037372,27.4331925441688,15.3014290094555,101.242213734633,68.1483455213037,32.6523270981729,73.3412456383865,123.434065058645,68.7236758475096,79.770876784853,50.2440121271193,37.6935728488597,34.0441330138215,31.6624378401992,75.006961588097,94.0885764576853,69.1534948879581,46.1995031561997,58.7322813406397,66.1944077395319,118.002035622776,66.2294501706842,48.9688532680297,19.3264328646382,88.5463986359898,78.9242574330344,74.8963833482842,31.7057441716393,115.316854098374,42.2522689652225,100.747218172363,36.48073523809,107.688617902215,36.6725531952035,109.240949141186,71.7736640121203,128.428476755426,37.1433620521712,57.7166263938237,37.6013583472387,103.289363135587,39.3678368437513,38.2800982475722,44.4919241753243,77.7538037808304,103.626861052805,31.6135696471089,83.7471545780039,83.9966065415,36.9154600579668,88.8397914862716,114.651561856968,37.8047071617241,28.5613199113786,70.1744517811805,111.218933805028,74.7275808166183,46.5499022227462,55.4601856893251,27.7777404101563,48.4429510042429,75.2198087210707,77.7739891459198,34.2839526900182,79.42178184462,61.9480107195527,147.689178404141,44.7934667102052,59.6239805086784,141.455204389416,92.4512091417393,92.9454692271438,98.7426038540606,31.0270917469479,47.7787804059849,114.323365141581,51.2670499030645,50.2569991818232,43.6502970940578,105.48774485783,66.6072981183209,46.348821852731,58.9564092727449,96.6454462727642,93.0265753698538
57.8140027508123,88.2354760031099,79.7967792900296,73.9211406700806,99.2905145239568,61.2041434639487,69.8662243658119,65.5621123509185,52.4175081075073,110.909697108607,110.672483606444,79.9407816834702,38.9293268100247,74.9963434191341,101.990194246482,87.6078077549533,110.734845320293,75.6158971310756,104.578041710957,43.1857478370347,93.1449283137559,115.182109209591,39.2422044779243,47.0205851734301,83.2775440997467,95.2573930708092,92.8685112305268,80.6722722661934,58.884278252337,89.3835158969446,27.8384102807717,60.3607086390753,100.894552140739,81.9907159593953,122.730183240717,117.304098435527,90.9342167696119,64.4107139393235,86.9232787730306,68.1277249497204,93.1035713346866,41.2527775211716,41.5762430448913,94.5175781722772,83.0247144115157,75.1070738873352,50.3342516369099,67.1616308001678,66.2509537959982,89.5073902355826,92.6543804939476,32.108552599616,48.4614735737942,85.2353305672946,43.9478449009741,44.7816143097518,95.3170091258779,52.5993768743039,59.5740333510724,49.1226854245368,84.1933079270964,76.6910342189771,77.1817252798208,47.010868514814,72.6204274534028,104.848501544032,80.1580588916191,86.5520451124422,123.071768068513,80.8977596193762,79.785540535333,50.9347850385432,107.832343959389,23.0678610047895,65.7418267893983,97.1926098582983,44.0078518851091,63.789493474362,75.9795896661397,29.1319283529958,64.5529820350762,79.779546681287,44.1654560385492,73.5785989523601,77.5387505062606,26.1439565452302,58.0774591068508,121.851892647393,148.066242730853,67.2317001096248,48.2425683527277,110.936171305653,86.6341323471208,94.5300266050947,39.6697911357464,65.3124993296524,46.1380809344473,66.6321301754173,115.61296720992,35.762208643198,56.8105422327161,129.104333818991,46.1789691959547,47.8083160668094,45.4657701020615,42.4645276785132,65.0102389091934,82.7080608230215,81.6784654777432,106.853718425198,56.1687093369404,79.7014431104653,71.8755782198527,106.892789959336,98.1279673102765,124.481227240368,31.8247124439434,18.1599831282268,95.8964050778641,65.8022247618219,29.9192502932517,79.7219546136422,120.725783751087,70.3726548065892,75.5939650116295,52.8135675586712,33.7678177970662,29.8931778724915,34.6971073469373,66.7944662932008,102.367199524871,63.8676457727504,42.2107147433716,64.2576086612823,58.7545633991449,114.04322864179,61.4314726986305,48.4464955775994,17.8491885370278,85.2853731316142,73.2066075327808,69.1715681051037,29.325745226214,115.016194421259,41.6977838539413,102.323108373305,35.9994274957853,99.4572799694231,42.1110646520095,100.89095648647,69.6100559120891,124.872152458275,31.7501695576849,63.1464044543679,34.4540359520114,104.905017623917,49.5464717956456,36.6981423911048,46.0434606075733,76.3157144877636,106.596484296267,30.3753333705831,78.5595465236932,85.6988797800982,35.9740164785366,66.8430653739498,114.967263950895,36.8405853879806,25.8829482645123,64.0366829705193,114.409673971895,73.3057417844276,43.3372124039049,53.7004746758398,27.7777404101563,56.4415706558739,71.902226115799,69.7890981949628,34.5169371963686,74.9301902142406,61.247713931622,151.926206917395,35.1842119748861,54.3196315758851,145.513387533383,91.3011452479412,91.8947589170558,99.4670861739515,26.8299502124707,47.8413069768342,117.603167785689,45.3835455674809,51.047293633566,42.1443220962669,103.791758805154,86.4070617457721,45.9800684438051,59.2778329444503,89.643988872797,82.871633783022
65.9646680790159,100.674985477586,75.2648247892249,62.0406675072006,98.5217090604505,69.8327535988351,68.4072637168746,61.7157718025986,48.3306850948118,93.0844894879236,106.663356990788,79.7981349936559,40.3374200473336,73.3072634214317,104.928618073408,99.122249224139,106.930100618779,80.3560344751092,105.496278936725,39.8186952156305,87.890781577293,115.571751611076,40.0715080017261,52.5816071231783,95.0180802850261,97.3220648409153,95.5711499202842,84.8553777529522,66.6235379458138,89.9489228290819,30.1198465586304,58.613290504242,102.775958394676,77.5790420256767,127.184561053619,98.4511941009061,89.7649976487399,68.2022041822983,90.7351687010561,69.0873874725613,94.3320276034809,55.6472836106619,42.1795887777642,90.1696320032179,80.054230178366,79.2496361010173,56.8685057303189,75.8733598268795,68.282907216531,102.126215217406,73.1719506963461,38.0248208933652,46.7348173291815,91.1448274326379,47.8665321267382,50.0778380637346,97.3915318163467,54.918261744872,61.6252728606745,45.292749044756,82.4351662172147,74.016224768966,69.1952729948846,46.0388905988922,68.497783966786,104.655905829644,85.1829309462186,81.6697916865778,118.843138352996,81.6899491482457,83.2222116312541,57.5469987262689,105.403726149728,23.3385042412586,70.8000066705494,96.5940757400892,40.5767024787985,65.7454848355927,79.2276290496564,29.7149009530719,59.5199954997761,79.3581576187123,50.6183834223839,83.1303702761876,77.9159064451521,28.5758273552733,55.8316785281891,102.268074982775,151.02926534516,69.7172943420192,50.0193462016446,114.164611007028,89.3205561329846,98.0248555107239,44.1139131635406,68.8157098580044,48.5304823641302,90.0806614561269,118.35353034129,37.2300348581392,62.7905649662505,126.698602779853,40.7151234448984,50.6972576916005,46.125559837109,44.822369975184,62.4992562117128,77.5674285148273,81.5245371723474,106.026351149329,53.1464399498172,78.6766533827224,72.5794182361289,100.821952704125,102.354717504535,122.468899354536,34.7849984701441,18.5233176977534,100.101797992283,73.2805142144194,35.2336179678484,69.6179558371768,127.965055093644,72.0228207953922,76.9300266568716,53.5295493192965,38.5550240912309,33.8524201706736,28.8602690232802,66.8831869402411,101.6778469365,67.871319924472,46.3470543546806,60.6097203039329,56.6279493152384,118.182321519843,64.7265139868806,46.5731319603616,18.9681014687676,87.9299734612977,77.1332396611786,73.5077294886287,33.7498619794614,116.365619714661,43.2155884450596,99.8731094818832,34.6898163628408,105.691963214692,51.9631146812829,107.21551267983,64.205188564472,129.338073897717,30.6449702367577,59.5615988816644,40.573888994053,102.393198143751,53.9791279802869,42.9936540588116,45.3455611033484,80.8079840058221,104.610164679034,39.6307769367422,78.884875997093,84.7535989208619,36.2142231351778,84.3633346336726,114.944819844056,37.08657832152,25.8829482645123,62.9462837725313,110.478665628609,69.0994452185107,47.1364048940407,58.4887723637889,27.7777404101563,44.5011200150465,72.6063270810091,76.1924226623849,33.161225194905,78.1577226366989,59.9687267632911,146.706165934647,31.6449215548571,63.0669949048658,140.513684968074,93.958170802639,89.9757939476368,104.804080042554,29.7899401104219,49.8493882034928,113.562434011061,44.3087031932519,50.2220776973773,36.392293874365,101.173498945748,72.5241323738447,38.6104629638567,57.5558512619605,94.4522838981885,86.77965367804
63.2425342039561,96.5204767637477,75.5984023111142,58.8981267245351,101.40254867049,66.9509972026324,71.9853453873279,59.8585716521908,50.6790970223706,88.3694885667061,109.623696820678,81.8913992496857,38.7423928510483,76.6286354910792,92.9919026754426,84.2454745195369,111.274101204348,79.6392422246923,110.138545153487,41.7535053388633,93.2665841622255,111.834246529783,44.0836036248913,55.4589014184328,91.097012497992,96.795544566405,95.7419572661108,82.4456411845194,56.6243362347815,95.7781706562109,26.8533726613297,58.4568859422301,98.458748037787,82.3044124101431,125.566776644224,93.4643539362946,95.9109242656462,69.1472448193956,88.0545777311955,68.1918992658263,93.3105800766897,46.2183156914611,42.7217489239794,84.8349380160328,81.3891384374314,75.3730122232967,54.4698778684254,77.5975776448824,64.5851670838043,97.9118192677145,83.1810900584122,37.9637879899105,56.1794074822069,85.4678749102085,42.9288196294062,52.8181247469072,98.339658164815,53.0711395467069,59.0474792706475,47.4935461549143,86.7469854775694,76.0798733098408,70.8027910716011,50.5295646207263,69.5023806698329,107.342332415537,84.4230817927744,86.6650900487104,123.671102224804,79.2482057541077,48.4315134664687,55.1197530524023,110.179310119598,23.0175545214274,67.3677324759269,89.662546914106,42.5483445503992,70.2436741967097,79.4925501070745,30.1016275279632,62.4121015621197,76.9770621009623,43.4685106734862,79.6240565485231,77.8507496134315,27.929853578598,58.5086277571376,97.0878986676058,152.994845866109,68.181764339679,47.2997859790985,114.368649089752,86.9970184844837,95.8658487960721,55.7813930611974,64.0362462965613,47.152305975864,77.9392224064308,115.290011909403,35.9576870879556,56.1326515793865,128.680123951651,45.2028452516562,49.9838023787128,46.7184399715575,44.3858438281473,67.3131507051687,82.7668856489139,83.9985034367844,109.12663143285,56.3836107993305,84.0633959975458,70.4099920475186,101.268800713527,59.5657551272742,123.442385912886,33.9986626432216,18.0672262255702,97.144488499103,61.0856735606294,33.8961402069714,76.766947643587,126.393637719913,70.5449024406306,72.0481394147997,53.9969117743591,35.9242809477723,30.6486974998893,33.4628899098619,74.0341174748781,108.785336565329,67.2658938794312,62.5786414072101,61.4986297206149,65.4585868804006,116.679045370308,60.2310577066523,48.806163690333,18.7989021270287,85.6426096940499,71.7760979692982,72.852025518325,30.5516196701063,114.765366645341,52.9760906423026,97.7913136303352,36.9739912811624,104.749169301845,42.1568642766543,106.259128394376,67.4324050694344,135.361655965633,31.0774694190193,60.435136424043,39.0336930865149,100.258872535704,32.8448515714842,38.6256592517973,45.0796557236165,81.9276960386369,106.246230519925,31.4808021934622,49.578896447176,87.6395892655339,37.2701238188674,74.2374107075007,115.741805887953,38.1679143275204,47.0056462462009,60.5027053297879,114.966825514426,73.0111937014313,42.9405431803825,52.4553137148603,44.8392187686185,47.3084173794891,70.4360965768751,71.3639800092463,30.1927312495371,45.4842129545887,63.1054258559522,152.666056246532,43.7720268391632,67.3208275974742,146.222007753235,94.1260953885303,94.6820301222188,92.6737957375109,30.2495980315304,47.6880406167656,118.175870985197,48.2624430423367,50.6212853152171,70.0039588404463,105.258394381295,76.6789239772107,49.5116492359148,58.23930633109,87.8922811006011,83.415986278751
59.7157580940095,91.137926619991,81.676268921827,69.083354743191,102.013467103424,63.2174153586497,66.1117496632005,63.8340337985279,48.3941278748256,103.651186661341,109.573504942539,79.2425121548004,39.9034736869213,70.4242529456227,22.1923481370871,83.509769925258,109.23515895986,78.5054004578484,108.124001267319,39.8709644668535,93.1921233791534,119.143537614651,15.1132824084233,50.2646049406666,86.0169066576836,96.8540754430551,95.0712550158473,73.900375839675,56.1298433904654,99.0115453669109,28.4233008467962,59.7870892135398,101.952432552947,80.7865548516006,125.706777202399,109.627104933619,95.5567570228376,61.5916147602153,87.9230040709561,63.0999478077454,95.1977319863891,57.3039156504271,41.3422805844449,78.7963466877664,81.7606753091872,77.1761828506937,57.1192380155225,72.2660393998223,63.3665102155213,92.4516796730367,81.8706519364514,15.0883985562086,30.116315820649,87.739468397678,45.4768138117694,47.871164163157,98.2695222635606,53.5937297201583,58.9252318396625,45.3522039833365,79.668923682624,76.9647106174691,77.5889887872821,49.2666990917206,72.3457672690855,106.497712487145,83.2211314282511,86.5958996679539,121.40500227864,84.5879235233934,18.044075918409,57.8007224756791,101.258433684887,22.9498744573642,69.8556162993634,92.6949448793091,40.6299667518787,63.8949718851123,74.3973740745216,29.5977551297084,59.5981262768074,84.3940328870723,47.5871767203991,83.4968906804342,78.4761233791242,28.6884773750528,51.5601875511138,113.877267715056,150.433858762154,67.1337244856015,47.7751595313276,113.567461057937,89.8256900912532,94.3922695897215,18.7815248887955,67.4848143806557,42.2650983515911,82.8953250964168,117.135766646817,38.3686745530349,58.2802303548379,128.882140851968,42.9877490705815,48.5448941427971,45.2099200622279,35.5121209088734,69.3898905752009,81.370582335794,72.1386671658589,109.784085032789,55.3437845333557,83.7529777484304,75.1541939142203,109.410484184967,22.1923481370871,133.848497521484,34.9221259351506,19.3506904271334,96.9993324350659,69.2686106397882,12.8238664754869,73.660618591164,120.856874657536,68.9431731704604,72.3970494522812,55.3237441454641,37.580617546812,29.2650098870605,36.6763429838115,70.1887586044559,100.179475707321,66.3082142502177,45.2435276326433,64.0145777778574,70.4945594860499,116.809136560954,63.4747035368041,43.0099807496671,18.5312579379705,88.4272432664569,75.6414831998976,71.8148148791429,28.7370669490386,114.427914316964,18.9875602592481,99.2580259921315,36.3007070575551,103.257831867198,49.9519127551586,104.746293333213,69.1310544415249,135.012817832435,31.4216810428626,62.9075762941021,14.7675477246124,101.762594310869,40.4155456351799,39.4767615807784,43.7718219985703,72.9755625952045,106.413028106847,40.3667902760983,17.8710373891444,87.1886411178072,37.4037868220238,79.8166032031519,115.378968941777,38.3047971046753,14.6891086660743,60.2811339989194,112.860219262665,71.6887866580025,44.7391451029376,55.5687427663302,15.6495461052831,47.9026865372531,75.1820573580903,76.0703815537805,33.4543001294763,16.9460033952873,57.9563811791171,149.868664328633,33.1871810534766,22.1923481370871,143.54269400947,93.4667127543302,86.9565137093258,101.693565352542,29.5623104092005,49.3935077542842,116.010463464282,47.8611091587342,54.8886262359653,20.5028512922402,103.778687401752,70.4007487154446,46.6255863322861,63.014240173416,92.6255772097777,85.7928610525839
65.6576671792878,101.024712761655,83.39924750268,48.2199559962786,106.770690643609,66.2534546422442,76.5124865172789,72.2410958741914,41.797707266587,94.0264952902259,107.692196174288,69.3917798274299,43.0905025186953,76.4663301979178,105.637526363626,82.9128584027006,102.587135156996,88.6490110149589,103.931635268633,39.8879118137956,103.55450434948,110.386602898188,43.1376695362781,44.9401814072586,95.4186015966346,100.901983224453,82.3253157534245,90.3505811078889,45.1599950419787,91.9228461231948,36.6780515260426,89.5026525497992,99.1572049871513,76.9727119765093,131.576234315565,99.9754364901711,92.8125745572144,49.9902942821107,94.94689344597,79.9464412244056,63.2365986399325,29.8960631829534,41.7922712578302,70.8830184344417,86.8336264903297,78.2459843589409,48.9687950934803,56.9635097181507,56.7027165543164,100.916364001342,60.5338948063143,32.8006666627031,50.8096059162105,81.9003536720054,48.9185106676373,57.619648394422,110.88435300023,70.0054847481968,56.6562367287543,40.5518776154539,83.3789130699979,98.9931204793301,76.5964685896015,55.3088838777261,68.7728760923235,101.886063503879,65.1862720643789,96.7153994347431,134.206009590809,88.8884378367365,87.284759230666,32.1262043695292,113.038586248226,86.7650167523384,77.7497641762339,123.682682144858,36.0665577487199,74.7174582687517,79.4851697345685,109.971140452064,58.3383911920615,47.0557202543061,51.3953015172699,81.5409182006742,81.9294129290352,7.11205795962871,33.077183380692,104.500128624604,125.476586702483,84.6000091571774,51.1900923285774,94.6041580060953,106.27724912949,103.366840365516,46.8659214666092,39.6752683503073,58.9378794872712,81.3205785665763,111.853341902015,34.8813748508427,56.2979043535651,106.907598719744,41.8058316848526,39.31513820335,51.0228471855141,55.5005408901092,60.5373740139926,88.316706770838,86.3659196021562,114.320842526332,57.9607040153068,82.8880314603437,79.3388039981685,108.731995172329,102.971747745388,123.420474949379,15.4575157753107,57.4031240355315,23.0085118339711,70.2136063938089,41.2463686506758,70.4098451082334,122.201777226409,68.9670657501249,67.926143989239,48.9178975127125,35.579732594869,45.6318812650222,32.9730361874813,74.26476069882,96.1529309759131,81.7088427296687,41.5657896334055,60.1066047704707,65.5394078935277,122.886475464195,69.2692527528632,63.3818809193237,72.5028768363822,82.4135953326129,18.2547320134005,72.1200175926383,42.4975649364322,114.175783058456,43.1793067165372,102.049053002047,31.705732506986,106.613522680745,37.08450138428,106.499179935298,55.1214740561004,133.759407720428,49.7860082458346,14.8246366826943,39.8408272874029,102.267305241906,39.6732269424003,33.2695749539453,14.040846749786,17.6704879164008,98.7563345746622,25.3052749213504,93.7949728957971,87.8518869462306,31.4446363839667,87.9607134534032,118.791687083603,39.9802876705612,34.2315161198892,56.1715685574349,133.429161119265,61.7636935645418,48.6864519391067,39.8717255826425,22.7169918864667,70.7253473148543,64.3148409479197,76.9975427051143,27.4427993388852,69.5293513212728,47.1897064214825,147.342607193137,53.2743792637398,59.0287323034493,147.326861114553,85.814406023889,92.0175603007415,84.080865067499,31.9492393488302,45.0993658088672,119.055534349981,51.4486158936696,54.8280907813749,45.4621750068775,100.217484702114,67.350624909313,48.9443564019429,39.7410081239795,97.6375149960296,75.6938245578622
56.7732226421372,87.354588677569,81.7961501108824,56.3103945718986,103.400431293242,57.2883913305015,75.6475443194219,69.0812713810186,44.3253470325853,109.802444664487,109.577369046247,69.9837068052848,42.2962040391625,72.2162722012852,100.971988491713,86.7331866732124,105.53023919109,81.8729934442395,101.817862664983,42.3000601988766,96.5084382494159,113.468620356169,45.1272196229989,37.6379146062437,82.5070665068653,99.20036747332,81.3012147808954,81.5725619185247,47.2408062584622,88.4911672653904,30.9074492741886,89.9399672881005,97.7197053218609,78.0165846284498,127.162031524984,116.749510860064,91.9490280808687,49.065702770588,89.933491366012,72.371235323431,63.4004666700674,28.091783255841,37.4062328399604,93.5739743019943,86.4613434556995,78.5608580274189,43.7459472218341,66.4911314498561,53.1508335604142,87.2609010923022,91.7293776138125,28.4611447445054,47.4675871593872,80.5737580778255,47.3663622044613,48.2571128553736,112.622543817159,63.0417789848547,57.1887054063079,43.0041781158849,82.4363487434627,99.4909807256334,76.0991582772514,54.2183637248209,75.2427874003514,102.081184120327,60.2036634619728,90.1346804057432,138.056221877387,84.9679979926196,82.3484875314597,28.699730881767,106.755813867639,86.5387988059196,68.4483168160388,120.427422269319,38.2476167481262,64.4442947483947,73.1630700767205,109.288073395489,61.8662985129327,44.9526098498244,45.7602927396761,72.8440366404176,79.2399928458907,8.25055994067863,32.724344382766,122.033364694894,124.697210200651,80.5790150179054,47.2531714205674,93.4273121072042,102.363224106622,98.4538685650924,43.1007088372361,36.8010025478302,53.2117642727833,63.9688885025867,109.224542540147,33.3891536124132,52.8757929211859,109.971237691681,44.1634743852662,38.3549474305704,45.6680731756465,53.641125116096,60.4151838596072,84.5227206412689,82.3120739416461,110.71225962644,58.7467435383427,82.1168248879553,75.8395523975239,106.641952598982,97.148319592598,125.361269628167,17.9319630354706,68.1269548973882,21.7936124634002,67.7963855750423,37.7939502944755,76.535521413809,119.520533690798,70.6218846882701,64.3694385602196,51.4196334197867,31.874132291713,40.0680476356358,36.1333192954256,66.1335288117729,104.613191533821,75.4633071316916,37.9770683543211,65.7612236258692,58.1731815076425,118.763802203781,64.2510574733055,62.7057774224555,66.9610127845866,79.3784313911434,16.9322720996771,66.6074179503722,39.3074754944589,113.878098436923,42.6126559004716,103.645306532008,31.2874236535196,98.4643612328057,42.584104440953,98.35875844332,53.4598441338311,130.05546414291,42.5571115825566,16.2192865789995,36.5060560589791,103.8669726782,49.9308211305974,31.8946830035592,14.5304835923301,17.3436648127046,101.586383691393,24.314121130594,87.9849658657089,89.6322912061937,30.6427135314621,66.1816470000795,119.118789337998,38.9606827388573,31.0214150990246,51.2585540231311,137.257086538519,60.5885179557149,45.3263059239375,38.6066249746591,22.7169918864667,82.4031072608055,61.4782238224913,69.0923678678243,27.6292932100748,65.5972127415654,46.6562461949715,151.569692986695,41.8457688254537,53.7773386439406,151.55349517167,84.7469018684323,90.9773396195068,84.697773046476,27.6273557330666,45.158385915022,122.471097352987,45.5442746990325,55.6902659340817,43.8936885711947,98.6062315985602,87.371350731229,48.5549527979365,39.957671603083,90.564187402777,67.4309559763527
64.7771579405481,99.6699099374128,77.1506439395596,47.2602889398923,102.599802785189,65.3649555313693,74.06785697618,65.0284718949359,40.8694435598955,92.1551926709441,105.607913112837,69.8588275645958,43.8260789111842,70.5898054254037,103.881076948973,98.132675223115,101.904319840677,87.0053696827986,102.711864409685,39.0020617685694,91.0645616471252,113.852466302663,46.0808908744135,42.08926859293,94.1389801318019,101.350501879728,83.6672245906758,85.8023501932916,53.449744851489,89.0509295314268,33.4404019578737,87.3362415627236,99.541909403494,73.8187467540552,131.777259147984,97.9857388460078,90.7667606616625,51.9539199931859,93.8773896492948,73.3906728919518,64.2370049425397,37.8939679677265,37.9490642579524,89.2694352844114,83.3679024323544,82.8939151563255,49.4249257584834,75.1158880701073,54.7809990428586,99.5630141998546,72.4414481040414,33.7053477565633,45.7763425532848,86.1600609362853,51.5898675645029,53.9643762343895,115.073712026796,65.8210253597884,59.1578138489261,39.6512818964463,80.7148962111339,96.0209608185353,68.2247256404887,53.0973665204971,70.9712731960321,101.893671678169,63.977653380112,85.0503366259003,133.312740481086,85.8000452410904,85.8955546440382,32.4254510006772,104.351441845999,87.5541136018653,73.7147341933146,119.685802910591,35.2655741835234,66.4203644260622,76.2907065126683,111.475087984179,57.0427839735849,44.7151738287779,52.4462385579286,82.3004491054644,79.6254237911203,9.01801439431252,31.4589361125963,102.420381168242,127.192584209953,83.5580670819459,48.9935096972792,96.1462128953755,105.537388752675,102.093764142079,47.9291892520096,38.7749227147612,55.9709579441245,86.4801976727462,111.813670399678,34.7595800157702,58.4416338953327,107.922032896602,38.9380998029995,40.6726447113951,46.330798690535,56.6195478268644,58.0816824930229,79.269300065556,82.1569515604733,109.85501570454,55.5857578812921,81.0609785276402,76.5822095436073,100.585361326056,101.332872579531,123.334715229013,19.5999667822367,69.4900000971565,22.7493386280959,75.5013073615809,44.5070512502697,66.8353727098667,126.687532715455,72.277894860091,65.5071158598935,52.1167179260684,36.3928740014951,45.3749142953551,30.0548776341182,66.2213715597257,103.908714174899,80.1938790591681,41.698541755338,62.0279754233975,56.0676104686856,123.074223907258,67.6973347297027,60.2810257327139,71.158600981475,81.8398643205956,17.8404797857606,70.7828403310512,45.2374479306734,115.214171041032,44.1637619494654,101.163649258872,30.1492289324342,104.636801333953,52.5468239986513,104.524578617374,49.3089587167507,134.70676128321,41.0757308064252,15.2985217402716,42.9903964868076,101.380007886351,54.3978629817632,37.3661683677717,14.3102391284818,18.3645871390234,99.6934223230872,31.7226974658551,88.3493277272372,88.6436237992904,30.8473218707116,83.5285515593849,119.095534763238,39.22083204264,31.0214150990246,50.3857373248868,132.541062677717,57.1119379661068,49.2998739390392,42.0490528902702,22.7169918864667,64.9703848283007,62.0802479748884,75.4317655835566,26.5441052577441,68.4227378115132,45.6819610114874,146.361901485897,37.6363714733575,62.4373738160682,146.346260212498,87.2131872949118,89.0775323856869,89.2423064476336,30.6753186711033,47.0538547621852,118.26310611595,44.4656256922629,54.7899930367704,37.9028997088618,96.1187822957075,73.3334900885379,40.7726493275614,38.7969277776477,95.4218397366697,70.6108319540079
62.1040285048198,95.5568772175362,77.4925795075968,44.8664174462155,105.599888539532,62.66756972052,77.9420192656277,63.0715833353898,42.855310065625,87.4872633442774,108.538960103665,71.6913639605999,42.0931027394842,73.7880561470811,92.0635301867869,83.4044208515562,106.044149715504,86.2292640033601,107.231605039548,40.8971912681205,96.634487151404,110.170561638312,50.6946663425298,44.3924163862291,90.2541897698857,100.802187433681,83.8167569189666,83.365721350271,45.4277334625422,94.8219818258636,29.8138164140859,87.1031922578326,95.3605486170449,78.3150760541075,130.101055734643,93.0224753477959,96.9812748363723,52.6738170440031,91.1039679808226,72.4394069016841,63.541432807667,31.4731512608629,38.4368468756357,83.9879995163897,84.7580663406194,78.8390254858778,47.3402568811525,76.822892385207,51.814430879185,95.454392697631,82.3506625333819,33.6512479557699,55.0272355454419,80.7935844280444,46.2680712594254,56.9173364115562,116.193977991956,63.607199335708,56.6832344067458,41.5779573235779,84.9367357494161,98.6981240527462,69.8096963328396,58.2765305133658,72.0121463883436,104.509194102445,63.4069596364216,90.252404593413,138.728527236757,83.2354495243764,49.9872765925176,31.0577943477397,109.079349398383,86.350074648036,70.1411585422206,111.097226576283,36.9791459005874,70.9647278507135,76.5458070992053,112.92588800636,59.8145211008765,43.3735209581218,45.0381803289946,78.8291402019589,79.5588373830896,8.81415675113806,32.9672908135505,97.2324901005,128.847940642767,81.7176927508303,46.3297243771252,96.3180480093155,102.791995007856,99.8451393299493,60.6057534469763,36.081884590249,54.3814857421287,74.8240438204489,108.919432777711,33.5716607915712,52.2448535849298,109.609895180764,43.2299536601078,40.1002643543537,46.926316885951,56.0681286789367,62.555321196445,84.5828361158212,84.6501092477093,113.067248659299,58.9715085586908,86.6109683741836,74.2931384129318,101.031160750468,58.9710882075191,124.315084025386,19.1568977362342,67.7789785100157,22.077254445416,62.9368975413488,42.8175514292814,73.6986240957406,125.131803381392,70.7947423498508,61.3501128393731,52.5717450568675,33.9096618648968,41.0807267341698,34.8480140886282,73.3015429689483,111.172145990132,79.4785332682022,56.3021345810156,62.9376851395138,64.8108680505105,121.508722882714,62.995545774607,63.1713068349369,70.5238517175622,79.7109254275821,16.6014033709325,70.1514429289369,40.950606105152,113.62975262527,54.1384148711602,99.0549528695523,32.1344257352622,103.703419680732,42.6304185395242,103.592198013721,51.7874295221657,140.980375906034,41.6554415990063,15.5228916922867,41.358469294861,99.2668016295056,33.0996405887558,33.5699051061009,14.226324198841,18.6190551776737,101.252592058885,25.1990004021284,55.527274590984,91.6620754716538,31.7467394319194,73.50282459605,119.92130037169,40.3643966364217,56.3375411989133,48.429760034889,137.925500273419,60.3450686517309,44.9114303567595,37.7114473706658,36.6700874125017,69.06896010087,60.2246459457569,70.651527055651,24.1679561474595,39.8188978972827,48.0713825214906,152.307806166436,52.0595464079342,66.6487389267739,152.291529471389,87.3690570637212,93.7367844674188,78.913180436432,31.148637957998,45.0137146701682,123.067506366638,48.4333679989428,55.2255103153161,72.9097495286432,99.9995927763309,77.5346485015032,52.2843021544421,39.2576273655245,88.794498291986,67.8738844851742
58.6407421767312,90.2280630586181,83.7227318278659,52.6251479438282,106.236094623802,59.1728570158397,71.5823927524091,67.2604352431217,40.9230921086791,102.616398606205,108.489264878848,69.3724106816242,43.354601870453,67.8136664859809,21.9707937342156,82.6760610677979,104.101039015929,85.0015986173012,105.270231988584,39.0532590404477,96.5573375522233,117.371117183553,17.3797681231949,40.234610043569,85.2210846878457,100.863141069772,83.229594413827,74.7250922112719,45.0310190703843,98.0230765633555,31.5568209630899,89.0852504775843,98.7442974326669,76.8707898165216,130.246111782976,109.10881246864,96.6231551437945,46.91821714369,90.9678378347425,67.0302901654328,64.8265211242273,39.0220798426634,37.1957363248756,78.0096936742582,85.1449821801141,80.7251145627954,49.6428394247966,71.5445808543717,50.8367449039337,90.1312936790214,81.0533069988885,13.3744146186201,29.498666481106,82.9409430748912,49.0142631513969,51.5864424975972,116.111108379443,64.233537824339,56.5658817293457,39.7033313873584,78.0063800605632,99.8460200540858,76.5007094216769,56.8200481136501,74.9582090994431,103.686866638036,62.5042205201763,90.1803502260259,136.18652104091,88.8438264539293,18.6237048820367,32.5684142687242,100.247533365904,86.0961737143549,72.7314647211712,114.85454794852,35.3118666385257,64.5508558985426,71.6395063049932,111.035616858664,57.1176629617041,47.5526897787659,49.3055734662736,82.6633104012291,80.1979321891827,9.0535647035743,29.0521203890551,114.046863282979,126.691149592132,80.4615885767075,46.7953485907459,95.6433100638474,106.134233658641,98.3103934009296,20.4058809632058,38.0250159074042,48.7449933959376,79.582054401057,110.663196662513,35.8226635647024,54.2436891205517,109.78197343643,41.1115360090191,38.9458783753781,45.4110847134498,44.8588557308899,64.4852728960815,83.1558971489187,72.6982720730228,113.748443237471,57.8839562952907,86.2911427849618,79.2989853913535,109.15373873882,21.9707937342156,134.794763508521,19.6772326691783,72.5938787857984,22.0442659824619,71.3678215619731,16.1990881257763,70.7164529377171,119.650315868342,69.1873404388292,61.6472151704553,53.8635576967907,35.473111780277,39.2260674062071,38.1944811240751,69.4942342836394,102.377467866371,78.3469795508435,40.7056964550766,65.5125058692352,69.7970092369535,121.644198917708,66.388068621626,55.6691304020706,69.5197878113478,82.3026927712703,17.4954449977798,69.1526810902345,38.5184262554474,113.295639419195,19.4041576538206,100.540617786787,31.5492684089214,102.226970818163,50.5130299451961,102.117332638989,53.0919756754495,140.617057868901,42.1168140164765,16.1579430645435,15.6470761753204,100.755643937283,40.7290631778752,34.3096057344636,13.8135955239647,16.5845750860749,101.411550056193,32.3118438389503,20.0151691837281,91.1904296835215,31.8605937500193,79.0268104609559,119.545361201961,40.5091567263329,17.6052949110802,48.2524019097262,135.39820842333,59.2520753752811,46.7925845993837,39.9497700019066,12.7983992452683,69.9365763734147,64.2825625767442,75.310942856386,26.7786988792386,14.8352831703968,44.1490304745304,149.516978680103,39.4706326611356,21.9707937342156,149.501000232723,86.7570095889326,86.0883947364416,86.593654743776,30.4409236505665,46.6235399033867,120.812466470212,48.0306127621655,59.8809843628489,21.3539030806436,98.5938132539249,71.1864098082145,49.2366196954907,42.476288185614,93.5763818432923,69.8078989472913
