"ENSBTAG00000017246-ENSBTAG00000010444","ENSBTAG00000014583-ENSBTAG00000020667","ENSBTAG00000005077-ENSBTAG00000015127","ENSBTAG00000014575-ENSBTAG00000015910","ENSBTAG00000014575-ENSBTAG00000019929","ENSBTAG00000004129-ENSBTAG00000003220","ENSBTAG00000017745-ENSBTAG00000016933","ENSBTAG00000014583-ENSBTAG00000010986","ENSBTAG00000007319-ENSBTAG00000022799","ENSBTAG00000038221-ENSBTAG00000006359","ENSBTAG00000015043-ENSBTAG00000022799","ENSBTAG00000003832-ENSBTAG00000022799","ENSBTAG00000039355-ENSBTAG00000011515","ENSBTAG00000020645-ENSBTAG00000012848","ENSBTAG00000032436-ENSBTAG00000022799","ENSBTAG00000017448-ENSBTAG00000011628","ENSBTAG00000014583-ENSBTAG00000012687","ENSBTAG00000014737-ENSBTAG00000037649","ENSBTAG00000003835-ENSBTAG00000002081","ENSBTAG00000032436-ENSBTAG00000018035","ENSBTAG00000021316-ENSBTAG00000015910","ENSBTAG00000007737-ENSBTAG00000011909","ENSBTAG00000014906-ENSBTAG00000011515","ENSBTAG00000013760-ENSBTAG00000019929","ENSBTAG00000006989-ENSBTAG00000011971","ENSBTAG00000010738-ENSBTAG00000003220","ENSBTAG00000021316-ENSBTAG00000019929","ENSBTAG00000007737-ENSBTAG00000010444","ENSBTAG00000015362-ENSBTAG00000000231","ENSBTAG00000012004-ENSBTAG00000019929","ENSBTAG00000021105-ENSBTAG00000013205","ENSBTAG00000011757-ENSBTAG00000022799","ENSBTAG00000020645-ENSBTAG00000014798","ENSBTAG00000017745-ENSBTAG00000018474","ENSBTAG00000007897-ENSBTAG00000020704","ENSBTAG00000047330-ENSBTAG00000017851","ENSBTAG00000008452-ENSBTAG00000016071","ENSBTAG00000005077-ENSBTAG00000015910","ENSBTAG00000010673-ENSBTAG00000000815","ENSBTAG00000016800-ENSBTAG00000000782","ENSBTAG00000011409-ENSBTAG00000001941","ENSBTAG00000002317-ENSBTAG00000018052","ENSBTAG00000017753-ENSBTAG00000020054","ENSBTAG00000031998-ENSBTAG00000039292","ENSBTAG00000004777-ENSBTAG00000014420","ENSBTAG00000020645-ENSBTAG00000005990","ENSBTAG00000011851-ENSBTAG00000007338","ENSBTAG00000015362-ENSBTAG00000011909","ENSBTAG00000023600-ENSBTAG00000005910","ENSBTAG00000009615-ENSBTAG00000013290","ENSBTAG00000010452-ENSBTAG00000011515","ENSBTAG00000010361-ENSBTAG00000022799","ENSBTAG00000007737-ENSBTAG00000002081","ENSBTAG00000020638-ENSBTAG00000000782","ENSBTAG00000025644-ENSBTAG00000011515","ENSBTAG00000003806-ENSBTAG00000016455","ENSBTAG00000017246-ENSBTAG00000018035","ENSBTAG00000011412-ENSBTAG00000015910","ENSBTAG00000020661-ENSBTAG00000017851","ENSBTAG00000004924-ENSBTAG00000039292"
149.859144625428,18.5829040756739,108.889983578872,98.9641311195398,86.8883987211525,13.6751537514812,19.1189312154926,18.5829040756739,59.6289026262932,46.161462339414,49.3489142900779,63.2935978805402,8.02902558276397,104.855945727537,97.6270115775486,119.922471228597,82.9100798229844,15.6608276701433,12.5764784009917,138.896954319168,57.2018456448095,139.563669717464,15.3158005188211,58.8808363773201,14.2582909767826,14.8413956804851,50.2220018075893,154.278622848346,47.3340684783292,84.6448809860299,18.3851098779067,74.5132206881018,21.962472316763,81.4465428038711,14.8413815252901,58.1214959734115,10.8460979448282,116.065642420154,71.7081821604686,53.8429869973551,36.0131650765466,96.598928044371,133.813495524639,20.1138649803254,58.6985862295581,93.4966461729001,15.4996622027005,43.7570157255049,22.737999121925,26.9624596130021,14.9523457050626,58.7232656697909,28.4435338430248,79.6663663128047,25.1578872093302,28.2493574451465,143.040173174387,126.504592801981,68.5037195777295,11.7951666761698
151.201180867599,17.6623262265341,106.306493409164,110.198883679699,96.7522721158625,16.8536559275255,17.7729574941023,17.6623262265341,62.4586574792709,45.7403284955558,50.486108320903,58.8676503561951,7.06936369174073,101.069355464458,97.3291703926432,123.974843644067,78.8028002156294,11.2925988554987,14.9153138283291,138.473206497887,53.2422188914671,140.106289308277,15.1544667221335,69.5781503528724,14.4186364745842,13.6874201789363,46.7455338768419,154.878453759719,52.9411448284597,78.7403800204601,18.7110756855117,74.656076221898,21.1693567404284,75.7127020846119,15.0852125535087,54.3626500956298,10.1600539964362,113.311904781686,72.0784853497531,55.3510677338978,36.681620044117,75.2057896332785,133.28759695746,20.1812680882387,56.3658942600464,90.1202664399969,14.8801252546147,48.9403632786335,18.5208800974788,26.7921595915022,12.3039705307313,50.3647360421181,28.5541214961471,77.1306480239775,25.3933169006917,34.2313831578489,144.3211433612,106.385332829979,63.9460155873445,17.4582242467885
148.74270537403,20.3155682289474,100.735363471125,111.695289340066,98.0660844051808,12.4174473536764,20.4928592030962,20.3155682289474,62.2762249262177,47.6696523108679,52.9062105161125,67.7275107344008,8.19621279273417,105.116151940409,92.0646015346573,98.080132213701,90.6405896867459,11.7091059204036,15.81040699328,130.983142340828,82.9033610786834,140.214756195511,18.6823247188921,72.3187873765718,14.6481281596194,15.0848500648619,72.7873847952783,154.998356897985,55.8786615636038,69.4875693524748,17.8161686033559,80.4101493889933,22.0169734869847,87.299468544883,15.2567632598764,70.5119324817958,17.8630939604698,107.373647156765,81.3797730754412,51.2845304204773,38.0665101719074,109.541639478043,129.066578583343,17.3012871885368,81.7467573937487,93.7286636140487,17.8906781993575,51.655890806813,19.1259369496386,26.6034445027693,14.7716072627555,55.0402245761211,28.5762274036812,79.7126459139486,26.1033200996816,31.2233984372956,141.97453474266,130.966120961729,71.0455011367835,20.3136888809
148.415380780388,19.0456324976758,96.1883291527871,110.589381294833,97.0951207025132,9.96454432188292,20.7949180774583,19.0456324976758,53.4196634910977,46.8479326087688,49.0936494534079,67.7545226271698,8.83212642346941,107.427830084308,93.5614192109155,107.9861740956,84.9746037665137,12.2591862025764,16.7268604992714,133.11271092071,62.9288747557424,135.715526764924,19.6162783877629,68.1122366953299,14.0733096050668,14.5430962322632,55.250211354312,150.024749355027,57.6729637244933,68.8752771030241,18.4334817276558,82.0585478103979,22.5011631711115,88.5862377038246,15.6698830219652,65.8015396027285,18.7966705589986,102.526971255836,80.886166188595,48.6850332005397,34.883797565466,105.8434943435,127.43057321136,18.1907603203326,84.7430456115626,95.7899120438448,18.1072582467038,53.3145969014791,21.7242610950012,25.957769729663,14.2568622588304,50.2264974892194,27.6592696822662,80.618665434187,26.2057131474979,30.6271301576578,141.662104248839,130.063178690238,73.0749570653549,23.0848676224344
148.928196997281,18.8453127234062,94.3909710037634,107.015781031571,93.9575758058752,5.5328128740682,19.1475330914834,18.8453127234062,56.2577505203293,46.5153026488106,53.3088537683586,70.6961972229239,4.0120101623182,105.941372612368,95.6196791328032,101.038645958713,84.0808506476699,13.8529925113124,14.7547014048165,136.041060664575,64.7478915557937,138.35554670121,19.2914714157153,62.0264274997341,14.4412698879095,14.2648548817222,56.8472693511373,152.94312088314,57.2839573218078,70.4090487670936,18.8002025279845,77.1166953019869,22.189819061333,81.5683866397474,15.8889280789466,60.0826287885017,14.807491671506,100.611170358737,74.777991643347,57.0867464149443,35.5962555847227,93.6372409866101,131.826032839627,18.1469065656098,69.7866040598445,94.4644861241153,18.0055889620003,52.9549878539825,22.5953487033464,25.9563971291437,13.7391779213613,52.2809599664105,28.1973144080608,71.7990656319167,25.4583393307344,30.8540736766467,142.15158602624,134.6305390358,72.9114452458641,16.4524316933542
146.313540238129,18.831333974594,109.667265993011,102.281393647227,89.8008845471561,6.69649030170469,19.5828771225896,18.831333974594,53.5835420890792,46.5153026488106,56.7707628024409,74.16410352375,4.0120101623182,106.979090531942,95.88907365109,106.646255005863,84.018482614389,14.9222239457466,15.1812289530166,136.424336537673,60.5935186179374,140.218701510305,19.522652646614,63.9716783216485,14.5484062612683,14.2648548817222,53.1998184193971,155.002718188673,54.5119496888282,77.7365156027611,18.9786938542169,75.9337783001658,22.4071729836416,83.4229498401826,15.4091411138641,56.739896661804,14.807491671506,116.894146381434,74.9154165629262,55.9721719574035,38.110158165599,94.0416922745166,127.290012077015,18.1213907661198,67.180626658855,95.3897855382833,18.7282440735204,50.3924618449824,22.5047436785069,25.5238008638405,13.2555778737269,51.205739754289,28.577031471782,73.6661172254574,24.6938701958166,30.8540736766467,139.655902786118,136.182244019777,69.611047153702,17.566566403384
146.726198074825,18.8622792308229,102.056301245126,103.468685579678,90.8433015689419,4.09064204389295,18.8172301939894,18.8622792308229,62.8339267668756,47.9325581528586,50.9371871294823,71.3158703934827,4.0120101623182,107.088599402597,93.7252790519927,94.4583468013663,84.1565489604044,14.6877746073039,15.7113050263819,133.345839360197,75.9082790653829,137.581773687269,18.4230008220519,69.8112586896081,15.352402183675,14.9628985950588,66.6458518157722,152.087764792047,49.6631987241011,72.4841086855911,18.818154761838,79.1284590042153,22.4301100285894,80.1612980961583,15.3936253506361,70.8300750169376,15.7413130503967,108.781632412136,78.715416091675,57.9776035657352,36.1546047748528,120.661817686874,122.802854196749,16.3375224810971,70.2805660109701,95.4874310467129,17.8488414196779,45.9101327523595,18.7460690604702,25.8270061975704,14.8325307187257,55.2752792852846,28.0396169288141,73.1290544894706,24.8720615079932,29.2579832453935,140.049783643842,136.813729064809,71.5200237619455,20.2053386438553
147.624609658064,18.5829040756739,108.4580316975,99.9971464399416,90.5087397242055,39.2554904723967,19.1189312154926,18.5829040756739,16.3863627702055,49.610792367483,13.5613633029769,17.393441942108,8.02902558276397,89.9871364063104,26.8284599820115,117.60862274696,78.5832162970991,15.6608276701433,12.5764784009917,135.290748066136,57.7989345318424,145.614146206707,15.3158005188211,61.3341984989421,14.2582909767826,42.603269939049,52.3145800467501,151.978189475841,45.5795736594443,88.1717423143842,18.3851098779067,20.4766583249718,21.962472316763,95.3228479930696,14.8413815252901,53.3070511230491,43.6919058990722,117.277168105632,70.407228267078,36.8258231039709,22.4258729562033,107.942692353704,133.54077018963,20.1138649803254,17.1931089444119,21.962472316763,15.4996622027005,45.6540050739694,22.737999121925,26.9624596130021,14.9523457050626,16.1374885656884,28.4435338430248,54.4876812520749,25.1578872093302,55.4480757137585,139.326395795576,127.825083175486,62.8292720359363,11.7951666761698
148.946634929814,17.6623262265341,105.884789884919,111.349170494169,100.783606828379,48.3796044791357,17.7729574941023,17.6623262265341,17.1639955544654,49.15819007484,13.8738707131166,16.1771663015794,7.06936369174073,86.7374931728794,26.7466115244882,121.58280651551,74.6902850338974,11.2925988554987,14.9153138283291,134.878002084675,53.7979760853603,146.180289878562,15.1544667221335,72.4772327890385,14.4186364745842,39.2907021149746,48.6932596433974,152.569076367486,50.9788169049707,82.0212210830155,18.7110756855117,20.5159158409987,21.1693567404284,88.6121146889613,15.0852125535087,49.8595660572443,40.9282790363749,114.494686182374,70.770813291694,37.8572724630705,22.8421286823471,84.0373239946673,133.015943456516,20.1812680882387,16.5098518211701,21.1693567404284,14.8801252546147,51.0620652802495,18.5208800974788,26.7921595915022,12.3039705307313,13.8405169181813,28.5541214961471,52.7533808658344,25.3933169006917,67.1896459524315,140.574107926298,107.495812732507,58.6491015921074,17.4582242467885
146.524817522546,20.3155682289474,100.335759868094,112.861196055961,102.152161161185,35.6451558163239,20.4928592030962,20.3155682289474,17.1138620476631,51.2316790494162,14.5389286089529,18.6119065006491,8.19621279273417,90.2104447920109,25.2998779550926,96.1877215363986,85.9102907614807,11.7091059204036,15.81040699328,127.582403791401,83.7687295827896,146.293459109553,18.6823247188921,75.3320627399574,14.6481281596194,43.3021228689718,75.820185002876,152.68719164185,53.8074510095301,72.3828775896147,17.8161686033559,22.097167988355,22.0169734869847,102.172955210864,15.2567632598764,64.6711363264219,71.9588394238397,108.494443361063,79.9033539355888,35.0759709027192,23.7045180335223,122.405286781935,128.803527941518,17.3012871885368,23.9440333405405,22.0169734869847,17.8906781993575,53.8953185424857,19.1259369496386,26.6034445027693,14.7716072627555,15.1253678524046,28.5762274036812,54.5193341097652,26.1033200996816,61.2855483157004,138.288424723402,132.333182015836,65.1605072741707,20.3136888809
146.202373633729,19.0456324976758,95.8067630217431,111.743744232789,101.140740737517,28.6039251768618,20.7949180774583,19.0456324976758,14.6800284169819,50.3485578600275,13.4912150689508,18.6193295229509,8.83212642346941,92.194321767409,25.7112119955283,105.902630933012,80.5399980533257,12.2591862025764,16.7268604992714,129.656682004646,63.5857439767717,141.599175465039,19.6162783877629,70.9502395466555,14.0733096050668,41.7469803966861,57.5522978070189,147.787745071827,55.5352451784806,71.7450732261285,18.4334817276558,22.5501572826953,22.5011631711115,103.678955302671,15.6698830219652,60.3509248485729,75.7196150594634,103.597176499529,79.4187022304513,33.2980490206106,21.722600909147,118.272862637912,127.170856912693,18.1907603203326,24.8216611177457,22.5011631711115,18.1072582467038,55.6259341982049,21.7242610950012,25.957769729663,14.2568622588304,13.8025281748562,27.6592696822662,55.1390046823261,26.2057131474979,60.1151879356716,137.98410591789,131.420814580002,67.0218549412339,23.0848676224344
146.707543298445,18.8453127234062,94.0165347501283,108.132841729016,97.8724651264751,15.8823284191604,19.1475330914834,18.8453127234062,15.4599509308317,49.991072740571,14.6495772727332,19.4277184913011,4.0120101623182,90.9186473136474,26.2768335694621,99.0891521303828,79.6928876078375,13.8529925113124,14.7547014048165,132.509002484881,65.4237481836871,144.353647669512,19.2914714157153,64.610855594339,14.4412698879095,40.9482690341901,59.2158997226557,150.662601049097,55.1606577712452,73.3427518849922,18.8002025279845,21.1921080080477,22.189819061333,95.4654507487703,15.8889280789466,55.10573516382,59.6497962680883,101.661377936051,73.4213442366307,39.0443870649534,22.1662579160365,104.63320971869,131.557358153056,18.1469065656098,20.4408447210139,22.189819061333,18.0055889620003,55.250735089974,22.5953487033464,25.9563971291437,13.7391779213613,14.3671061893136,28.1973144080608,49.1068537880569,25.4583393307344,60.5606345780626,138.460879193114,136.035850312165,66.8718874847044,16.4524316933542
144.131873429086,18.831333974594,109.232230737115,103.349035483055,93.5425788265024,19.2227463043033,19.5828771225896,18.831333974594,14.7250631910348,49.991072740571,15.6009296339438,20.380718935642,4.0120101623182,91.809214494479,26.3508647206409,104.588564960874,79.6337744015807,14.9222239457466,15.1812289530166,132.882327298526,61.2260107374688,146.297575464808,19.522652646614,66.6371583336032,14.5484062612683,40.9482690341901,55.4164720442018,152.691487901761,52.4913979726758,80.9755290845762,18.9786938542169,20.8670356645171,22.4071729836416,97.6359817493841,15.4091411138641,52.0398954192606,59.6497962680883,118.114320223323,73.5562759472233,38.282075683313,23.731698214971,105.085156358537,127.030582256047,18.1213907661198,19.6775409305842,22.4071729836416,18.7282440735204,52.5771163918672,22.5047436785069,25.5238008638405,13.2555778737269,14.0716295382657,28.577031471782,50.3838206790857,24.6938701958166,60.5606345780626,136.029991819468,137.603752427396,63.8448750708157,17.566566403384
144.538378165363,18.8622792308229,101.65145766007,104.548720701257,94.6284297835637,11.7424756385377,18.8172301939894,18.8622792308229,17.2671216965268,51.514230044948,13.9978297442203,19.5980082153193,4.0120101623182,91.9031947605762,25.7562416150768,92.6358167943944,79.764635420596,14.6877746073039,15.7113050263819,129.883757689122,76.7006309441172,143.546329425366,18.4230008220519,72.7200539491437,15.352402183675,42.9520525993462,69.4227554480553,149.819999088557,47.8223718598188,75.5042724198355,18.818154761838,21.7449521554446,22.4301100285894,93.8186320780709,15.3936253506361,64.9629257943492,63.4115579652976,109.917125560904,77.287334609911,39.6536873596704,22.5139493221221,134.831325037378,122.552569653927,16.3375224810971,20.5855286424781,22.4301100285894,17.8488414196779,47.9004657623652,18.7460690604702,25.8270061975704,14.8325307187257,15.1899622280439,28.0396169288141,50.0164974971055,24.8720615079932,57.4278148935802,136.413646278643,138.241829090206,65.595723219922,20.2053386438553
151.327952520864,18.5829040756739,108.24482650493,96.7182557726891,81.0759267620726,13.6751537514812,19.1189312154926,18.5829040756739,60.5734079261094,47.3321328567436,50.1305874223049,64.2961509380275,8.02902558276397,95.0707016884458,99.1733963973081,112.153852566688,18.5829040756739,15.6608276701433,39.5991721457983,135.871528169559,55.903716580524,132.988319174816,15.3158005188211,54.9419536794274,53.1859238406827,14.8413956804851,46.8623590758559,155.790747182853,45.4130151917088,78.9824910185281,59.0682984559093,75.6934894629166,21.962472316763,78.4629354391872,14.8413815252901,13.4502434122169,46.1967217298262,113.43166825215,78.9316077669277,54.6486384847787,39.2214884170529,97.7084565929044,135.726654080502,20.1138649803254,17.1931089444119,87.0621265542278,15.4996622027005,41.6954640503606,99.8315507426726,26.9624596130021,14.9523457050626,59.6534259310864,89.55928338381,80.8584124844018,25.1578872093302,43.769414862668,139.924500246297,123.633718849739,15.8528559447991,11.7951666761698
152.683142404299,17.6623262265341,105.676643132997,107.698048747821,90.2799481125682,16.8536559275255,17.7729574941023,17.6623262265341,63.4479853120888,46.9003189141652,51.2857942915645,59.8000976309272,7.06936369174073,91.6374791771254,98.8708374905387,115.943710912448,17.6623262265341,11.2925988554987,46.9633915842481,135.457010340005,52.0339489307524,133.505373989151,15.1544667221335,64.9236619074286,53.7840406450149,13.6874201789363,43.6184523691789,156.396457190766,50.7925283342591,73.4729765735969,60.1155723497236,75.8386077887958,21.1693567404284,72.9391408288108,15.0852125535087,12.5803863798326,43.274658740951,110.740423472498,79.3392129412722,56.1792846018159,39.9494943757671,76.0695980864612,135.193236635355,20.1812680882387,16.5098518211701,83.9181121790217,14.8801252546147,46.63460530528,81.3162218599766,26.7921595915022,12.3039705307313,51.162499509505,89.9074873383322,78.2847522958954,25.3933169006917,53.0379359483892,141.17756859236,103.971041979683,14.7981303730493,17.4582242467885
150.200570762145,20.3155682289474,100.138521317204,109.160495229812,91.5058718321401,12.4174473536764,20.4928592030962,20.3155682289474,63.2626630779307,48.8785710431507,53.7442302351544,68.8002957432564,8.19621279273417,95.3066252411812,93.5228793201789,91.7264677363781,20.3155682289474,11.7091059204036,49.7817440033657,128.130093287749,81.0219661458792,133.608730608023,18.6823247188921,67.4809617297901,54.6400848442969,15.0848500648619,67.9182119330292,156.51753553043,53.61082594542,64.8391403986615,57.2403848218746,81.6838238809239,22.0169734869847,84.1014526645685,15.2567632598764,16.3175885180213,76.0841719412145,104.936927667362,89.577453158385,52.0518997756936,41.4577609219195,110.799827107187,130.911869509529,17.3012871885368,23.9440333405405,87.278176355487,17.8906781993575,49.2221944850187,83.9727336979224,26.6034445027693,14.7716072627555,55.9120464867309,89.9770915319682,80.9053845662489,26.1033200996816,48.3773792829816,138.882073341368,127.993997839814,16.4410648354581,20.3136888809
149.870037976245,19.0456324976758,95.6184275057849,108.079684475755,90.5998615568357,9.96454432188292,20.7949180774583,19.0456324976758,54.2658161630318,48.036012247574,49.8712792613329,68.8277354969244,8.83212642346941,97.4025756586169,95.043406173796,100.990792840421,19.0456324976758,12.2591862025764,52.6673530737487,130.213276023531,61.5007774560424,129.321476190258,19.6162783877629,63.5558117676204,52.4959109096767,14.5430962322632,51.554202347853,151.495180384873,55.3323063486584,64.2678079503243,59.2237091592895,83.3583324767011,22.5011631711115,85.3410839855233,15.6698830219652,15.227528296247,80.0605493033864,100.200241414166,89.0341234572302,49.4135063332657,37.9915083622509,107.059205335621,129.252473838514,18.1907603203326,24.8216611177457,89.1975678951873,18.1072582467038,50.8027529210446,95.3807176358563,25.957769729663,14.2568622588304,51.0220712962218,87.0898948539325,81.8249608376041,26.2057131474979,47.4535241563086,138.576448147135,127.111546788366,16.9107133841833,23.0848676224344
150.387880436349,18.8453127234062,93.8317184383951,104.587182895824,87.6722053449989,5.5328128740682,19.1475330914834,18.8453127234062,57.1488577046289,47.6949466777462,54.15325124498,71.8160054034028,4.0120101623182,96.0548356338922,97.1342683626884,94.4933279501085,18.8453127234062,13.8529925113124,46.4576761681638,133.077841029036,63.2785137947737,131.837115214551,19.2914714157153,57.8771178580507,53.8684672427981,14.2648548817222,53.0444238169002,154.442155620508,54.959087771791,65.6989766786711,60.4019220624299,78.3382023934979,22.189819061333,78.5803158054852,15.8889280789466,13.9040809001356,63.0694629298884,98.327917380407,82.3106503074222,57.9409342066363,38.7674374951254,94.7127518042127,133.710776240312,18.1469065656098,20.4408447210139,87.9633589274309,18.0055889620003,50.4600863597293,99.2052417862675,25.9563971291437,13.7391779213613,53.1090758899455,88.7840197941223,72.8733935481006,25.4583393307344,47.8051493234405,139.0552681287,131.57525622643,16.8728741349332,16.4524316933542
147.747596755988,18.831333974594,109.017503635538,99.9602369025033,83.7935794176642,6.69649030170469,19.5828771225896,18.831333974594,54.4322905526094,47.6949466777462,57.6699959591797,75.3388423793903,4.0120101623182,96.9957128543882,97.40793001552,99.7376741671477,18.831333974594,14.9222239457466,47.8006703886102,133.452768462424,59.2184194976452,133.612490044731,19.522652646614,59.6922395025126,54.2681046890605,14.2648548817222,49.6409721598031,156.521939567246,52.2995820754727,72.5362665040557,60.97538498975,77.1365483140475,22.4071729836416,80.3669413349942,15.4091411138641,13.1305192425608,63.0694629298884,114.241370283879,82.4619185382268,56.8096823948171,41.5052974068512,95.1218485913966,129.109903073258,18.1213907661198,19.6775409305842,88.8249784399412,18.7282440735204,48.0182902428131,98.8074389678972,25.5238008638405,13.2555778737269,52.0168244875105,89.9796232765573,74.768381795555,24.6938701958166,47.8051493234405,136.613945370223,133.091747078483,16.1091092497846,17.566566403384
148.164299157934,18.8622792308229,101.451632729945,101.12058463153,84.7662630826616,4.09064204389295,18.8172301939894,18.8622792308229,63.8291987612559,49.1481442674655,51.7440180635186,72.4454940253278,4.0120101623182,97.0950022661812,95.2098615093651,88.3393028205645,18.8622792308229,14.6877746073039,49.4697046770888,130.441326505186,74.1856293472857,131.099797453021,18.4230008220519,65.1411762674005,57.2671503647993,14.9628985950588,62.1875219285871,153.578415965081,47.6476176806779,67.6352237318472,60.4595996022569,80.3818318754916,22.4301100285894,77.2247727246855,15.3936253506361,16.3912117871022,67.0468828836283,106.312960342156,86.6447058196908,58.8451212343275,39.3755286264329,122.047730907153,124.558591391042,16.3375224810971,20.5855286424781,88.9159039004826,17.8488414196779,43.74713992681,82.3049176227402,25.8270061975704,14.8325307187257,56.1508243973752,88.2874825737223,74.2232830010912,24.8720615079932,45.3321746945659,136.999246792547,133.708901308112,16.5508769575678,20.2053386438553
141.508105041427,18.5829040756739,102.381064316884,97.5045234441628,83.8666575878295,48.9585968181338,19.1189312154926,18.5829040756739,40.0111567111812,45.4712725363506,33.113256428038,42.4701772475032,8.02902558276397,96.9747199787718,65.5079917192906,108.90284264564,66.9690027900909,15.6608276701433,12.5764784009917,131.766294015533,56.3581838857016,150.619059659761,15.3158005188211,56.8331217472368,14.2582909767826,53.1338748027281,48.4754177883942,145.681303748521,45.5657495553277,81.7011632703707,18.3851098779067,49.998574830251,21.962472316763,90.0575414677568,14.8413815252901,13.4502434122169,10.8460979448282,114.353807024768,82.9551996663517,51.2604763644824,34.9914025835893,97.9757236506699,129.710162204077,20.1138649803254,17.1931089444119,89.4347845362022,15.4996622027005,47.2231819028205,81.6643078012922,26.9624596130021,14.9523457050626,39.4034718369996,28.4435338430248,75.8452700185881,25.1578872093302,49.761028473013,135.696809241899,124.638794835229,15.8528559447991,11.7951666761698
142.775355071456,17.6623262265341,99.9520027582938,108.573576261574,93.3874924134165,60.3379940337341,17.7729574941023,17.6623262265341,41.9099299551951,45.0564353362732,33.8763167322587,39.5003543563814,7.06936369174073,93.4727389715087,65.3081394698038,112.582844158135,63.6514276524008,11.2925988554987,14.9153138283291,131.364300463687,52.4569570954107,151.204662293217,15.1544667221335,67.1584123671771,14.4186364745842,49.002512015512,45.1198519147641,146.247708526994,50.9633552317681,76.0020047176201,18.7110756855117,50.0944312840516,21.1693567404284,83.7174860084642,15.0852125535087,12.5803863798326,10.1600539964362,111.640683864977,83.3835827891513,52.6962239197783,35.6408922029976,76.2776752414477,129.200390090403,20.1812680882387,16.5098518211701,86.2050880039203,14.8801252546147,52.8171229042462,66.518379428246,26.7921595915022,12.3039705307313,33.7948756013143,28.5541214961471,73.4311742438162,25.3933169006917,60.2983213085786,136.912017272112,104.816270922502,14.7981303730493,17.4582242467885
140.453880400989,20.3155682289474,94.7138881608111,110.047911650999,94.6556139005733,44.4558656924203,20.4928592030962,20.3155682289474,41.7875172132539,46.9569125865795,35.5002119227582,45.4453448965102,8.19621279273417,97.215368465178,61.7755993706876,89.0675875480552,73.2131716262612,11.7091059204036,15.81040699328,124.258759519669,81.6806313808009,151.321721271334,18.6823247188921,69.8037375224578,14.6481281596194,54.0054690286447,70.2560384031234,146.360929951866,53.7911314228099,67.0709815265112,17.8161686033559,53.9554301130782,22.0169734869847,96.5292723047327,15.2567632598764,16.3175885180213,17.8630939604698,105.790008744037,94.1437242010753,48.8247329148287,36.9864903444703,111.102903676242,125.108807430325,17.3012871885368,23.9440333405405,89.6567222281638,17.8906781993575,55.7477581018058,68.6914619737728,26.6034445027693,14.7716072627555,36.9321411922601,28.5762274036812,75.889329877316,26.1033200996816,54.9997790809729,134.685878314022,129.034520560577,16.4410648354581,20.3136888809
140.144796273387,19.0456324976758,90.4386536746235,108.958314483787,93.7184176628665,35.6741954640655,20.7949180774583,19.0456324976758,35.8447402729562,46.1474789458534,32.9419730246377,45.4634699504194,8.83212642346941,99.3532953049977,62.7799681243467,98.0633671484366,68.6365818109966,12.2591862025764,16.7268604992714,126.279000791326,62.0007458714968,146.466090093102,19.6162783877629,65.7434791818506,14.0733096050668,52.0659290463605,53.3287599438664,141.664481294142,55.518401558634,66.4799831287485,18.4334817276558,55.061509961212,22.5011631711115,97.9520861271667,15.6698830219652,15.227528296247,18.7966705589986,101.01481576591,93.572697902244,46.3499172845463,33.8940773926195,107.352049986069,123.522969459838,18.1907603203326,24.8216611177457,91.6284219279958,18.1072582467038,57.5378568627247,78.0234327261957,25.957769729663,14.2568622588304,33.7021171543206,27.6592696822662,76.7518933195191,26.2057131474979,53.9494570374282,134.389487305955,128.144895654227,16.9107133841833,23.0848676224344
140.629035331794,18.8453127234062,88.7487329472282,105.437420734632,90.6899880061381,19.8080957402285,19.1475330914834,18.8453127234062,37.74910443002,45.8198223510123,35.7703866460008,47.437341647869,4.0120101623182,97.9785635613512,64.1610661600278,91.7542446318963,67.9146701298441,13.8529925113124,14.7547014048165,129.057015580935,63.7929342555052,149.31523644395,19.2914714157153,59.8693178039905,14.4412698879095,51.0697935478624,54.8702766266344,144.420223866825,55.1439277622752,67.9604144045192,18.8002025279845,51.7455134150943,22.189819061333,90.1922673373182,15.8889280789466,13.9040809001356,14.807491671506,99.1272707395211,86.5064911775487,54.3486529726183,34.5863216128298,94.9718245538014,127.783644207991,18.1469065656098,20.4408447210139,90.3605777175147,18.0055889620003,57.1497617611217,81.1519739047025,25.9563971291437,13.7391779213613,35.0806670942265,28.1973144080608,68.3553144441556,25.4583393307344,54.3492163215854,134.853840179006,132.644892661767,16.8728741349332,16.4524316933542
138.160082741371,18.831333974594,103.111884528429,100.772860145979,86.6778551135515,23.9741925199336,19.5828771225896,18.831333974594,35.9547032603105,45.8198223510123,38.0933370740947,49.7643162583469,4.0120101623182,98.9382840995566,64.3418306184291,96.8465726953829,67.8642935652126,14.9222239457466,15.1812289530166,129.420614924285,59.6998335640464,151.325979110108,19.522652646614,61.7469181166342,14.5484062612683,51.0697935478624,51.3496740736702,146.365048205592,52.4754775396278,75.0330519618678,18.9786938542169,50.9517728723107,22.4071729836416,92.2429056649629,15.4091411138641,13.1305192425608,14.807491671506,115.170091500794,86.6654704083611,53.2875376663662,37.0288999609532,95.3820403648494,123.386718572257,18.1213907661198,19.6775409305842,91.2456784898414,18.7282440735204,54.3842479378565,80.8265628341348,25.5238008638405,13.2555778737269,34.3591913918169,28.577031471782,70.1328152742388,24.6938701958166,54.3492163215854,132.486279758409,134.173711773066,16.1091092497846,17.566566403384
138.549744838051,18.8622792308229,95.9558666307658,101.942640881212,87.684019719144,14.6449610873713,18.8172301939894,18.8622792308229,42.1617366733122,47.2158875537212,34.1789918462428,47.8531440397448,4.0120101623182,99.0395620194045,62.8899185257669,85.7786065688032,67.9758139681752,14.6877746073039,15.7113050263819,126.500160935919,74.788718821736,148.480169811023,18.4230008220519,67.3834138328,15.352402183675,53.5688689764644,64.3280911623233,143.612533285854,47.8078675238934,69.9633094079979,18.818154761838,53.0954123602451,22.4301100285894,88.6364132703356,15.3936253506361,16.3912117871022,15.7413130503967,107.177227828247,91.0614780903572,55.1967812892084,35.1288293666619,122.381574456462,119.037157459585,16.3375224810971,20.5855286424781,91.3390818937579,17.8488414196779,49.5468558401623,67.3271533528371,25.8270061975704,14.8325307187257,37.0898635448411,28.0396169288141,69.6215120717317,24.8720615079932,51.5377151556096,132.859939650092,134.795883136381,16.5508769575678,20.2053386438553
147.41109725631,18.5829040756739,104.212858263571,96.5874410270463,84.1622673844437,35.2836700358835,19.1189312154926,18.5829040756739,77.0864358278171,39.2975180809922,63.7967788613489,81.8240426443552,8.02902558276397,117.430433511366,126.209237996538,97.3028259609783,82.0284664949233,15.6608276701433,51.0184477696324,135.983829229312,55.828104893707,139.535766205388,15.3158005188211,57.0334448320463,62.0572724586744,38.292725447822,48.6462819769212,151.758380405223,44.453175920599,81.9891402203547,47.7413169109273,96.328430541409,21.962472316763,96.5782583122963,14.8413815252901,53.2125860574141,49.1791520723157,113.278248045058,89.3334299524691,55.0429270601383,37.237744602439,80.6244515293006,131.927786929514,20.1138649803254,65.2112292991395,98.4306861700107,15.4996622027005,43.748267213667,91.3303309334794,26.9624596130021,14.9523457050626,75.9156558527396,115.38563495165,81.4418039310742,25.1578872093302,58.9587756450341,140.04015118417,123.466500020626,62.7179327068675,11.7951666761698
148.73121045668,17.6623262265341,101.740336126711,107.552383457017,93.7166608628654,43.4846178296688,17.7729574941023,17.6623262265341,80.7446570305386,38.9390044203579,65.2669087953236,76.1023119938523,7.06936369174073,113.189749465859,125.824197950925,100.590844326777,77.9648611000603,11.2925988554987,60.5062987631166,135.568968790883,51.9635712369056,140.078277308138,15.1544667221335,67.3951296180107,62.755154432103,35.315319009395,45.2788885406583,152.348412685434,49.7189888837651,76.269893504452,48.5877647715246,96.5131098404337,21.1693567404284,89.779144058427,15.0852125535087,49.7712102566344,46.0684425952405,110.590643265926,89.7947504465111,56.5846167510613,37.9289294874028,62.7690768807073,131.409299359593,20.1812680882387,62.6197237675891,94.8761268624437,14.8801252546147,48.930578439782,74.3916867711983,26.7921595915022,12.3039705307313,65.1100023964508,115.834251028813,78.8495748479472,25.3933169006917,71.4437644658555,141.294255221118,103.830417592879,58.5451699148787,17.4582242467885
146.312895771977,20.3155682289474,96.4085015950218,109.012851930172,94.9892521732592,32.0386244335731,20.4928592030962,20.3155682289474,80.5088137620152,40.5814488680412,68.3955434733248,87.5560706311413,8.19621279273417,117.721844057214,119.018323088937,79.5803650245635,89.67677500822,11.7091059204036,64.1373839070627,128.235995866871,80.912381168274,140.186722509162,18.6823247188921,70.0497789082173,63.7539857821166,38.9208693300223,70.5036740407011,152.466357127333,52.4777195907368,67.3073906046601,46.2639253765598,103.951801018833,22.0169734869847,103.518582046593,15.2567632598764,64.556533042071,80.9961166525243,104.794996887163,101.38221383599,52.4274529454772,39.3609109522778,91.426838592669,127.247763854503,17.3012871885368,90.8166087683472,98.6749477223816,17.8906781993575,51.6455630418882,76.8219816377348,26.6034445027693,14.7716072627555,71.1543320917149,115.923927093366,81.4891149153303,26.1033200996816,65.1658483529969,138.996862688534,127.820881584382,65.045036778865,20.3136888809
145.990918240152,19.0456324976758,92.0567749498133,107.93350300959,94.0487525442264,25.7098165256951,20.7949180774583,19.0456324976758,69.0593198982383,39.8819141649741,63.4667802267206,87.5909907864153,8.83212642346941,120.310742232642,120.953363558656,87.6179401288923,84.0710375971503,12.2591862025764,67.8551206087005,130.320900402887,61.4175955531485,135.688392627168,19.6162783877629,65.9752091335218,61.2521661943231,37.5230741887414,53.5167309961787,147.573996724087,54.1628151715075,66.7143090796906,47.8669259403962,106.082800476037,22.5011631711115,105.044416292496,15.6698830219652,60.2439773818335,85.2292063538853,100.064717163969,100.767282667446,49.7700235596023,36.0699744592005,88.3402523418227,125.634813178008,18.1907603203326,94.1453369468086,100.844973125608,18.1072582467038,53.3039375049367,87.2585113779261,25.957769729663,14.2568622588304,64.9312917902245,112.204144963156,82.4153259067449,26.2057131474979,63.9213864996016,138.690984887786,126.939624078134,66.9030859642858,23.0848676224344
146.495357267961,18.8453127234062,90.3366182937384,104.445725157378,91.0096484013478,14.2753746953497,19.1475330914834,18.8453127234062,72.7283126855742,39.5987443691469,68.9160684512922,91.3938984363026,4.0120101623182,118.646026473178,123.614219526104,81.9808471450941,83.1867880834562,13.8529925113124,59.8547493962056,133.187833039714,63.1929274427393,138.32788473391,19.2914714157153,60.0803427496424,62.8536632856313,36.8051754227576,55.063681154492,150.444694740121,53.7974848585061,68.1999585196391,48.8192038469513,99.6941235176891,22.189819061333,96.7227391588726,15.8889280789466,55.008082662332,67.1411864826264,98.1949255124402,93.1577719193656,58.3589766142199,36.8066586607875,78.1525359556234,129.968331699603,18.1469065656098,77.529469305398,99.4496013332851,18.0055889620003,52.944400355488,90.7573557184341,25.9563971291437,13.7391779213613,67.5872385364055,114.386807379888,73.3991732805948,25.4583393307344,64.3950366364637,139.17020062549,131.397296196665,66.7533842640742,16.4524316933542
143.923412641034,18.831333974594,104.956754252835,99.825037266609,86.9833737053022,17.2778133612026,19.5828771225896,18.831333974594,69.2711771766797,39.5987443691469,73.3915193961139,95.8771024655788,4.0120101623182,119.80818913656,123.96248458435,86.5307551113164,83.1250832323783,14.9222239457466,61.5850249746569,133.563070359571,59.1383245618746,140.190667035153,19.522652646614,61.9645611517927,63.3199597809537,36.8051754227576,51.5306693242944,152.470647173478,51.1941898761933,75.2975254232856,49.2826990900096,98.1648843143115,22.4071729836416,98.9218562442892,15.4091411138641,51.9476758716988,67.1411864826264,114.086854927123,93.3289746894969,57.2195628485511,39.406043137634,78.4901035033999,125.496232840429,18.1213907661198,74.6343571611343,100.423730994373,18.7282440735204,50.3823866823672,90.3934280545067,25.5238008638405,13.2555778737269,66.1972264746051,115.927188921128,75.3078338213969,24.6938701958166,64.3950366364637,136.726860055506,132.911735943024,63.7317359984611,17.566566403384
144.329329441446,18.8622792308229,97.6727014460333,100.983815585685,87.9930847991294,10.5543869366732,18.8172301939894,18.8622792308229,81.2297937777028,40.805262121687,65.8500497907024,92.1949931067157,4.0120101623182,119.930830480979,121.165196588741,76.641716812648,83.2616814682306,14.6877746073039,63.7353613089356,130.549139373706,74.0852907487876,137.554266423443,18.4230008220519,67.6209241596832,66.8192426959751,38.6062187235924,64.554832211651,149.603311451513,46.6405483541494,70.2099132462741,48.8658210981589,102.294870583327,22.4301100285894,95.0542317409671,15.3936253506361,64.8478054318508,71.3753860845897,106.169168430747,98.0629810677542,59.2696873289578,37.3839937685697,100.708083086223,121.072308284645,16.3375224810971,78.078236628923,100.526529488111,17.8488414196779,45.9009537593864,75.296189511404,25.8270061975704,14.8325307187257,71.4582036867956,113.747082939402,74.7588021526098,24.8720615079932,61.0638621901715,137.112479938649,133.52805545047,65.4794814813753,20.2053386438553
148.83908314961,18.5829040756739,105.244412895721,97.3377243584158,81.4282687983034,13.6751537514812,19.1189312154926,18.5829040756739,65.3225358038766,45.9218813407863,54.0609683998212,69.3371524815662,32.1242542910963,114.089034509627,106.948873420787,112.746102724665,83.3720295434299,15.6608276701433,49.1490201080093,134.32974883105,56.2617730401896,147.226643673452,61.2787523799297,55.1807219625297,14.2582909767826,14.8413956804851,47.0660148301443,153.228478860782,44.879198674592,79.3257353429959,87.3192739578472,81.6280748409148,61.4389507466183,91.1746195414354,14.8413815252901,13.4502434122169,44.7970369503431,114.158184198363,79.145590065077,59.080133746463,29.7721584582594,75.7825228240529,129.639142891794,20.1138649803254,17.1931089444119,99.2311034063996,15.4996622027005,46.1595669952955,22.737999121925,101.30243467536,59.8245641051326,64.3304245975512,111.157652581301,87.4152761451817,100.657091923355,54.8028535421412,138.336730488075,124.425577680858,15.8528559447991,11.7951666761698
150.171984417248,17.6623262265341,102.74741641178,108.387841563152,90.6722892429033,16.8536559275255,17.7729574941023,17.6623262265341,68.4224882524116,45.5029332090298,55.3067467811556,64.4885957768243,28.2846323714844,109.969016095785,106.622593033124,116.555974152033,79.2418654246806,11.2925988554987,58.2892154617792,133.919934672925,52.3672200024481,147.799056689738,60.6332533891596,65.205808978077,14.4186364745842,13.6874201789363,43.8080106627288,153.824226842106,50.1954772365399,73.7922774956801,88.8674342812926,81.7845708572791,59.2202484016368,84.7559217294419,15.0852125535087,12.5803863798326,41.9635076698583,111.449702325423,79.5543002503849,60.7349009981347,30.3247715700039,58.9994587389933,129.129649890137,20.1812680882387,16.5098518211701,95.6476391846412,14.8801252546147,51.6275148128401,18.5208800974788,100.662589236523,49.2283744826854,55.1737853366659,111.589830382885,84.6329161016235,101.599049723216,66.4077928635088,139.575579851606,104.636963773011,14.7981303730493,17.4582242467885
147.730243278773,20.3155682289474,97.3628045289982,109.859654835794,91.9035406161557,12.4174473536764,20.4928592030962,20.3155682289474,68.222636226737,47.4222437079753,57.9579311117876,74.1944350809589,32.793172878033,114.372153176805,100.85533969504,92.2108471291883,91.1456114543791,11.7091059204036,61.7872496936228,126.676158580944,81.5409019184508,147.913479130689,74.7482672501241,67.7742223857239,14.6481281596194,15.0848500648619,68.2133728031586,153.943313823491,52.9806465956206,65.1209201533668,84.6171122983117,88.088068555893,61.5914151260648,97.7266260388269,15.2567632598764,16.3175885180213,73.7789465174604,105.609035840254,89.8202961693342,56.2728237293965,31.4696631185311,85.936168878767,125.040307466149,17.3012871885368,23.9440333405405,99.4773512413446,17.8906781993575,54.4921428681649,19.1259369496386,99.9535553344603,59.1014268301295,60.2957103379882,111.676220520032,87.4660572250918,104.439783393415,60.5723983269226,137.306132347315,128.813783723977,16.4410648354581,20.3136888809
147.405146718721,19.0456324976758,92.9680021649819,108.771921621195,90.9935929759886,9.96454432188292,20.7949180774583,19.0456324976758,58.5204108634657,46.6047887846949,53.7813297397346,74.2240261895458,35.3374730512405,116.887386106177,102.495080189043,101.524094297706,85.4480563857696,12.2591862025764,65.3687603803091,128.735702750622,61.8946824052934,143.167212071911,78.4850301792789,63.832014396771,14.0733096050668,14.5430962322632,51.7782480462119,149.00356064066,54.6818915075739,64.5471047924531,87.5490139391769,89.8938633996467,62.9459122758407,99.1670885123129,15.6698830219652,15.227528296247,77.6348461776892,100.842011691581,89.2754935102429,53.4204811683307,28.8385079883262,83.0349486091549,123.45533777861,18.1907603203326,24.8216611177457,101.665022825897,18.1072582467038,56.24192296246,21.7242610950012,97.5276480744049,57.0419241880331,55.0223471510968,108.092739353757,88.460202561702,104.849459545494,59.4156568589347,137.003975183626,127.925680681595,16.9107133841833,23.0848676224344
147.914472297333,18.8453127234062,91.2308184779228,105.257050996277,88.0532136736826,5.5328128740682,19.1475330914834,18.8453127234062,61.6294910815503,46.2738851959117,58.399020534913,77.4465849763273,16.0521140883455,115.270038643078,104.749871934647,94.9923182845955,84.5493235466761,13.8529925113124,57.6615402906281,131.567762585994,63.6838049276025,145.952186666212,77.1854725109142,58.1286418599547,14.4412698879095,14.2648548817222,53.2749457615113,151.902067392583,54.3130600043237,65.9844931339955,89.2907383151851,84.480140805399,62.0749422343061,91.3110165571594,15.8889280789466,13.9040809001356,61.158561809471,98.957695651639,82.5337931346525,62.6394039675214,29.4274985144041,73.4590589761997,127.713679708846,18.1469065656098,20.4408447210139,100.258304169326,18.0055889620003,55.8625689858505,22.5953487033464,97.522490986497,54.9706612274223,57.2729788550728,110.195424239297,78.7827465926638,101.859205461392,59.8559200563415,137.477361835896,132.417979632059,16.8728741349332,16.4524316933542
145.317612988174,18.831333974594,105.995672365522,100.600469980408,84.1577319050201,6.69649030170469,19.5828771225896,18.831333974594,58.699937319809,46.2738851959117,62.1914880610366,81.245622414932,16.0521140883455,116.399132799028,105.044989441277,100.264358288379,84.4866080177035,14.9222239457466,59.3284147824138,131.938435593323,59.597706223632,147.917641069513,78.1104321554145,59.9516517109627,14.5484062612683,14.2648548817222,49.8567032887557,153.947645427738,51.6848160082486,72.8514966452494,90.1384750498518,83.1842736201727,62.6829792865423,93.3870911012,15.4091411138641,13.1305192425608,61.158561809471,114.973072272463,82.6854714511576,61.4164181769088,31.5057470056821,73.776353790723,123.31916149154,18.1213907661198,19.6775409305842,101.240355243965,18.7282440735204,53.1593432509959,22.5047436785069,95.8971550365992,53.0357700323136,56.0950918286498,111.679362827282,80.8314007259003,98.8005527476042,59.8559200563415,135.063741577261,133.944183422334,16.1091092497846,17.566566403384
145.727461944818,18.8622792308229,98.6395181065689,101.768249594562,85.1346426859669,4.09064204389295,18.8172301939894,18.8622792308229,68.8335899228429,47.6837850515084,55.8008966032386,78.1254273008997,16.0521140883455,116.518284471702,102.674586097489,88.8057956324809,84.6254436273606,14.6877746073039,61.3999580839596,128.961165467751,74.6607792197257,145.135928366051,73.7107083682919,65.4242686180545,15.352402183675,14.9628985950588,62.4577782053827,151.052533540759,47.0875340744289,67.9291547839157,89.3760016634281,86.6839966652218,62.7471445569408,89.7358636015358,15.3936253506361,16.3912117871022,65.015472472456,106.993881835844,86.8795982005544,63.6169121362325,29.8890869509734,94.6600250951754,118.971981864125,16.3375224810971,20.5855286424781,101.343989673014,17.8488414196779,48.4309044711708,18.7460690604702,97.0363477866024,59.3451825102807,60.553209117589,109.57914070337,80.2420994994675,99.5134989159555,56.759555464197,135.444670856429,134.565290449238,16.5508769575678,20.2053386438553
150.030774835285,18.5829040756739,107.847557041682,95.5955226302126,84.4279563974125,30.532178882308,19.1189312154926,18.5829040756739,58.7747831782521,47.6634618147891,48.6420445410398,62.3869856420915,8.02902558276397,84.4084962273407,96.2286103732684,112.660492439442,84.6360116141113,15.6608276701433,53.341616955434,130.699301193686,55.2547702684639,143.698023228772,15.3158005188211,57.2134917834243,57.4744135527496,33.1360185058688,48.7998517777918,154.455314584323,44.8436965556202,82.2479689617407,18.3851098779067,73.445899504535,21.962472316763,95.14153277693,14.8413815252901,13.4502434122169,48.3565065805605,112.114921043098,71.5455235021535,13.7401762795037,31.6469570527548,99.5311621484525,130.383139843465,20.1138649803254,17.1931089444119,81.9995527803587,15.4996622027005,45.0532482763925,100.668047982726,26.9624596130021,14.9523457050626,57.8821184902865,120.639819728384,20.3300369784318,25.1578872093302,53.8784858512122,134.597988617928,122.198543322934,15.8528559447991,11.7951666761698
151.374348080503,17.6623262265341,105.28879916252,106.447859031896,94.0125118171849,37.628742385755,17.7729574941023,17.6623262265341,61.5640048577743,47.2286251378645,49.7629494990303,58.0244350224362,7.06936369174073,81.3603105692177,95.9350354407549,116.467470958127,80.4432311308131,11.2925988554987,63.2615054575281,130.300562831169,51.4299239870459,144.256717068815,15.1544667221335,67.6078870213411,58.1207577371246,30.5595658326935,45.421827931178,155.055832468155,50.1557696246099,76.5106673494801,18.7110756855117,73.5867087875316,21.1693567404284,88.4435640731784,15.0852125535087,12.5803863798326,45.2978315737769,109.454917001655,71.9149867172799,14.1250229664982,32.2343690618197,77.4886408579399,129.870722869683,20.1812680882387,16.5098518211701,79.038359631219,14.8801252546147,50.3901443224776,81.9975775501505,26.7921595915022,12.3039705307313,49.6433157466848,121.108863926988,19.6829477616809,25.3933169006917,65.2876829754036,135.803356360418,102.764116423015,14.7981303730493,17.4582242467885
148.913056951852,20.3155682289474,99.7710028140234,107.893329017348,95.2891205280087,27.7241287925575,20.4928592030962,20.3155682289474,61.3841854534569,49.2207252001057,52.1483863514256,66.7573874965441,8.19621279273417,84.6179608884543,90.7458758297803,92.1408296586719,92.5274468172763,11.7091059204036,67.0579352069299,123.252559827634,80.0814400173437,144.368397116444,18.6823247188921,70.2709166840307,59.0458265293175,33.6795731121686,70.7262447026936,155.175872928711,52.9387357488544,67.5198710276692,17.8161686033559,79.2583610885536,22.0169734869847,101.978610288868,15.2567632598764,16.3175885180213,79.6412520929259,103.718789833708,81.1951759443521,13.0872844856015,33.4513561914933,112.866746056316,125.757911775432,17.3012871885368,23.9440333405405,82.2030395062488,17.8906781993575,53.1861150691101,84.6763485316644,26.6034445027693,14.7716072627555,54.2518329713042,121.202623468772,20.3418470564628,26.1033200996816,59.5507148860698,133.595243820286,126.508206948893,16.4410648354581,20.3136888809
148.585357480929,19.0456324976758,95.2674982041418,106.825064623279,94.3456518675333,22.2475926227492,20.7949180774583,19.0456324976758,52.6544846686479,48.3722684212567,48.3904360966862,66.7840124732049,8.83212642346941,86.4788498874919,92.2212532139795,101.447005099412,86.7435125697878,12.2591862025764,70.9449622677172,125.256441961687,60.7868588624291,139.735885112877,19.6162783877629,66.1834840379398,56.7287634692392,32.4700126766752,53.6856761526909,150.196569228148,54.6386348747632,66.9249172237097,18.4334817276558,80.883147987897,22.5011631711115,103.481745792195,15.6698830219652,15.227528296247,83.8035326808256,99.0370883876658,80.7026887265803,12.4239195418666,30.6545131771895,109.056344735241,124.1638459724,18.1907603203326,24.8216611177457,84.0108203875003,18.1072582467038,54.8939577147181,96.1799209584845,25.957769729663,14.2568622588304,49.5070573113348,117.313457839052,20.5730539157955,26.2057131474979,58.4134843444416,133.301252872723,125.63599964134,16.9107133841833,23.0848676224344
149.098761014366,18.8453127234062,93.4873465397717,103.373104999389,91.2969536796613,12.3529749985509,19.1475330914834,18.8453127234062,55.4519191750235,48.0288153634149,52.5452621751728,69.6835507664046,4.0120101623182,85.2822592789024,94.250030791719,94.9201887895106,85.8311542713986,13.8529925113124,62.5802872261493,128.011961454896,62.5439587298951,142.454111474343,19.2914714157153,60.2700083499174,58.2119918239927,31.8487900680261,55.2375098255939,153.118283099626,54.2700951391981,68.4152566600852,18.8002025279845,76.0120821643129,22.189819061333,95.2838642854951,15.8889280789466,13.9040809001356,66.0180806126876,97.1864988261567,74.6083696082355,14.5679503071253,31.2805933423008,96.4795738881399,128.446626458343,18.1469065656098,20.4408447210139,82.8483794111648,18.0055889620003,54.5236958165819,100.036491129142,25.9563971291437,13.7391779213613,51.53209183866,119.595509678458,18.3223827930396,25.4583393307344,58.8463215585486,133.761845594621,130.047893065101,16.8728741349332,16.4524316933542
146.481109749344,18.831333974594,108.617398369057,98.7998699169364,87.2579685733194,14.9510889230874,19.5828771225896,18.831333974594,52.8160158832048,48.0288153634149,55.9575831118203,73.1017830654453,4.0120101623182,86.1176168591681,94.5155665253036,100.188225631876,85.7674879282907,14.9222239457466,64.3893524009629,128.372616510465,58.5309951672133,144.372459304964,19.522652646614,62.1601749773597,58.6438528541114,31.8487900680261,51.6933447499439,155.180239214284,51.6439302406513,75.5352296324334,18.9786938542169,74.8461091673649,22.4071729836416,97.450266682046,15.4091411138641,13.1305192425608,66.0180806126876,112.915223822336,74.7454828011419,14.2835223736602,33.4897123364992,96.8963021845376,124.026888171813,18.1213907661198,19.6775409305842,83.659896628685,18.7282440735204,51.8852590177282,99.6353550863836,25.5238008638405,13.2555778737269,50.472272991542,121.206033826685,18.7988351492106,24.6938701958166,58.8463215585486,131.413456768649,131.546780058127,16.1091092497846,17.566566403384
146.894240193509,18.8622792308229,101.079294975047,99.9467479980487,88.2708671899194,9.13307571507935,18.8172301939894,18.8622792308229,61.9338988192758,49.4921854599319,50.2075670922252,70.2943477899426,4.0120101623182,86.2057709359963,92.3827659403044,88.7383636830849,85.9084283892072,14.6877746073039,66.6376061617667,125.475811236404,73.324461369242,141.657416655725,18.4230008220519,67.8343943661589,61.8847177105219,33.4072950699136,64.7586231762448,152.261947389,47.0502850306364,70.4315565447586,18.818154761838,77.9950295303813,22.4301100285894,93.6401780566972,15.3936253506361,16.3912117871022,70.1814525352997,105.078849128122,78.5368626325797,14.7952878857838,31.7712487124392,124.324474240571,119.654760150581,16.3375224810971,20.5855286424781,83.7455348665255,17.8488414196779,47.2701479979716,82.9945576806381,25.8270061975704,14.8325307187257,54.4835207763389,118.926654831766,18.6617822649423,24.8720615079932,55.8021837977334,131.784090906096,132.156770185156,16.5508769575678,20.2053386438553
134.794321284056,55.9768436793591,75.5827570526997,95.6937535453134,87.3958630822925,9.05521139577606,20.718002017616,20.005087436213,75.7634654310838,41.885449713634,66.8412318694656,91.2295181460314,28.3491739414644,114.495788535892,123.456532159221,89.1003694344196,92.9443294918234,39.7510503782332,73.6978415761007,119.360127354525,82.0089335214204,136.834654992246,75.1561879061513,60.6580545169435,49.037894463163,15.8974694385009,74.8976945728126,142.294524805418,45.2060494146402,72.781871859918,81.0331358538317,101.550479911631,22.2554278522699,107.291767884766,14.4444311437114,15.8889397615933,63.8718864277651,90.4632658893204,89.0920779223047,71.4752207457397,25.8992657257492,117.122066090997,122.492912343713,66.0360563808371,66.9881067881059,101.585559255365,17.1556300455442,43.3285198175628,95.1975239151342,98.5296721855569,62.5327054951209,72.3276087219448,127.10489009334,96.7440948454905,100.420145094608,86.2955776956799,121.596925030061,125.248952537903,17.1641497880716,75.9074279975117
136.812245621495,53.4084265586457,70.7076057000647,97.7476652079124,89.2716739455651,9.54384104086557,20.676792302701,19.0871827153457,81.2933904293997,42.6730892222832,68.0199732212646,91.7599183367585,28.3491739414644,112.119922412013,120.460728972695,76.0554363117643,88.6797123492879,39.6161130440597,70.3813737976936,116.463727758497,89.5032504875221,136.670349601366,73.6377920053783,59.2517756757856,48.4564181741861,14.0710270548964,81.7421569875362,142.123663428821,49.2035695451361,63.6330159785127,82.7517766565992,105.10725333546,21.7936124634002,107.078356226465,16.2192865789995,14.9706828303491,71.8998399505107,84.6283092105556,94.8556038303936,71.1602241460443,26.9978247037079,113.17916983395,115.949508207849,65.2768489995265,73.163152371356,99.477589241826,16.9322720996771,47.1600121164498,101.163720848869,100.267270001622,57.6112454030892,70.8141108538826,126.95226780149,97.7510123792678,103.091799570729,64.6366389290165,123.417279122419,124.164738405183,16.8888599455413,72.681108464654
132.030850695371,53.4416602012856,78.2401326885579,86.6179358866933,79.1070366117432,9.24606303137378,20.8888171245304,19.0990598038547,74.4804983102559,41.5356528922568,66.3517346734261,93.5215033795274,31.8248946585739,115.841856243308,121.710274094792,79.0613083300001,88.7348937140935,42.5169898734345,75.0656360315182,117.671811788563,77.2190163061011,132.786419071442,75.3664365257394,53.7543665898304,46.4237616043891,14.321250602225,70.5231253494689,138.084759328363,43.4722096847279,70.1913130674177,83.5278772703858,101.459169854565,22.51707339513,108.176363551216,13.9893775020697,15.4804647151324,68.3170430603057,93.6438177517885,88.9737078710016,69.1914751635803,26.7676100397679,123.349466077463,117.003837228357,65.8031608559845,73.8906551034632,102.779848081199,17.5391189730728,41.6666911448354,102.236941415649,98.2496553103724,61.3551755995282,68.1356786858079,123.344508033584,97.7751982826943,103.886312214644,64.7357707228556,119.104019373547,125.276022874441,16.1545567184712,69.609515074586
135.612670238844,56.456736713581,67.4826246877015,91.1597718433741,83.2550364414745,4.09064204389295,21.5795370786782,20.1765923207083,81.9895832972298,41.8441730742602,59.8955766863059,84.4544977848007,16.0887427646936,112.111546465638,120.422857665427,77.5677142800344,93.7411471285777,34.953375923073,73.0829450733779,116.427113057116,87.8931026615159,133.570747954742,72.0331407025754,56.2481416030095,47.3981497372627,13.8438113457811,80.2716298765137,138.900383891795,43.8240600807728,58.4226314125339,81.0365928653914,106.92987491315,21.7919843662218,111.753376669121,15.3561767102268,16.6369897501978,71.2755662094877,80.7684035100266,97.0308368647308,62.665997167254,26.1580917053453,128.759644499807,113.755705084968,67.0094379534918,72.6785225968513,99.4701577440591,16.0328391609601,42.0039282415349,86.9375250316775,103.159687969772,63.359571157688,73.5805435689408,124.073066427762,102.024667325816,106.154294252108,64.0104852310502,122.335151355591,116.08923903787,16.1499916719232,76.2209955510347
136.071287676499,55.3254867324973,83.1365986139724,90.110753873932,82.296981945422,4.09064204389295,21.0165993243388,19.7723045242505,70.8537280230981,41.195386832221,65.3848193978455,90.7794883338113,16.0887427646936,113.179379259447,121.308080883709,80.3131867020908,91.8628120159063,34.6959924212935,76.2212566770591,117.282963729603,68.966900303499,135.307023923918,78.6754822228532,63.6491645240181,49.563050826175,13.1720538756837,62.9865749103528,140.705939392183,48.2158683860598,75.0118386148835,84.3729404656438,102.984628436649,21.9995472469601,108.838105842291,14.7291386826225,16.9481309803749,63.1763822076162,99.504285353148,91.5911039693568,70.4177631906675,26.5683974827119,121.253662033022,115.521080172181,61.8441678959282,73.4889072690041,100.417584657638,17.5125996129067,46.2133328600446,97.9012691319763,100.845197401083,58.6387873978349,63.7960291006221,125.685882758875,96.560158584762,103.788184789472,59.2964758748729,122.748866634193,123.713717209702,14.9580648437945,64.0696985871072
135.968205532573,53.7727270402959,77.2083615041375,87.7992957864637,80.185957275069,4.09064204389295,19.7475610397311,19.2173769619204,80.4218942824231,42.0046823617831,67.34064916869,94.0345861829333,16.0887427646936,117.571468562265,121.870633155464,80.6840490897345,89.2845993306705,46.146086266693,72.4414054313238,117.826849983541,69.5846181144114,135.529301104344,79.0771520374129,62.3187789631479,50.3754938820717,14.2933202027311,63.5507285695613,140.937085703514,58.988367065929,65.6626009121665,82.973956401761,102.791803826266,22.8532714568156,102.266170915688,14.4939202971226,16.0457749554652,67.2743519592431,92.4089145194536,92.6314080564948,63.7303264080964,26.5484942547906,95.8083163864061,118.177330219288,65.9809430620805,69.0995945872368,104.314434086177,17.9112563698153,56.5384205104647,93.2990883924789,101.983202207203,63.5468367728334,68.6076455647482,125.892354698238,104.143971981762,104.552948288314,69.3184216762135,122.655877021519,126.2218451079,16.5929026287958,59.0314333058564
137.786064745209,54.1972302579818,81.5778032103348,103.948873840296,94.9351573026461,4.09064204389295,20.726869801577,19.3690865516108,73.1707969342302,42.0046823617831,63.8698722733836,89.8318108242947,16.0887427646936,113.369993540842,121.791551982267,91.0125105042781,89.9894473417683,34.6669580518751,72.4414054313238,117.750392798659,69.9984133263721,136.315421640627,67.7799528436638,58.9522258434754,49.0885895227547,14.171468299586,63.9286423659044,141.754573409071,43.164505604752,74.1643264510274,85.4278441694559,104.179111134896,22.0365984122601,107.33769124251,15.5761515299057,15.5517331134457,67.5781075003637,97.6385989378192,90.4059177926083,64.813915453051,26.5494501104911,100.468118234556,116.483046866926,64.3884126188008,66.6083248744067,100.586705798469,16.1538842045415,41.3717668482021,88.2457606439251,98.7926010620591,54.6737472081788,66.2520722081028,126.622577348122,88.2906647470252,102.875685351907,64.6701759955919,124.295753896809,117.062351558229,15.9505366094686,65.565096646287
136.333960541894,20.005087436213,83.6689823259192,95.57517720734,83.134871733045,9.05521139577606,20.718002017616,20.005087436213,74.8648949133583,44.0820672130179,66.0484809045432,90.1475170141416,29.2378684799031,113.815708202995,121.992311912857,88.1414441172854,99.5879664337012,52.1415304525191,75.1438373356933,131.114372448758,81.9073143596904,135.664876088147,77.5121963690426,57.7006668736004,63.0742073796216,15.8974694385009,71.2460522936714,143.919832418372,45.9236835277197,69.2333866634833,80.4925201727561,100.346070018415,90.2864114308692,99.0176837547163,14.4444311437114,15.8889397615933,73.5349419752229,90.3511707692853,88.9000892669433,66.5646098886257,31.8248214092764,113.290092197388,125.563317849737,19.4813130604744,20.8354627786991,105.431732091955,17.1556300455442,42.9581108123931,98.380290887267,48.2914903543726,64.4929909680612,71.4697881821195,129.59876410875,90.0974192906165,103.56813221688,83.5561446016545,133.571443583173,125.093753670927,17.1641497880716,22.3934688029625
138.37493388837,19.0871827153457,78.2722626471782,97.6265438206077,84.9192273079397,9.54384104086557,20.676792302701,19.0871827153457,80.3292338466698,44.911013255075,67.2132421378151,90.671626547871,29.2378684799031,111.453954212366,119.032039577579,75.2369045385743,95.0185155466433,51.9645328876235,71.7622984745809,127.932743676983,89.392344944722,135.501975319365,75.9462015453877,56.3629512546074,62.3262928037865,14.0710270548964,77.7568124699731,143.747019439656,49.9846632360932,60.5305838833498,82.1996949973367,103.860659366863,88.4129064827113,98.8207298922922,16.2192865789995,14.9706828303491,82.7774292335649,84.523444319972,94.6511950854458,66.2712547152356,33.174722354396,109.476198749345,118.855896843815,19.2573391061874,22.7561012110338,103.243951354669,16.9322720996771,46.7568482593553,104.545957447616,49.1431240431183,59.4172521406432,69.974240714757,129.44314727619,91.0351578820695,106.323538154206,62.5847638214282,135.57106095745,124.010883012955,16.8888599455413,21.4416714925622
133.538925212457,19.0990598038547,86.6106574351629,86.5106056037884,75.250167570358,9.24606303137378,20.8888171245304,19.0990598038547,73.5971440504382,43.7139258394318,65.5647892474448,92.4123188242532,32.8225466581651,115.153780558038,120.266764833652,78.2104264465172,95.0776412613165,55.76961869287,76.5384687369457,129.259796378568,77.123332441311,131.651247927923,77.729035896723,51.1335687288622,59.7118208037451,14.321250602225,67.0847654953757,139.661982421635,44.1623195493294,66.7691307440854,82.9706178260421,100.25584291769,91.347862025687,99.8340615223503,13.9893775020697,15.4804647151324,78.6525978536715,93.5277815365553,88.7819742967598,64.4377660373547,32.8918363203568,119.313745486329,119.936653659759,19.4126064950207,22.982378035727,106.671238380532,17.5391189730728,41.3104888632746,105.655059315015,48.1542481213774,63.2785476728321,67.3275753113922,125.764601102408,91.0576821248713,107.142957310347,62.6807486994697,130.833043683874,125.120790463986,16.1545567184712,20.5355199791934
137.161656790882,20.1765923207083,74.7022568701106,91.0468136667408,79.1959313814973,4.09064204389295,21.5795370786782,20.1765923207083,81.017169721738,44.0386258842595,59.1852026419529,83.4528498088674,16.5930953026142,111.445628017309,118.994617431922,76.7329069106878,100.44174039169,45.8484114952906,74.516876195574,127.892523264183,87.7841922900381,132.428871701457,74.2912473712616,53.5057595687937,60.9651119540672,13.8438113457811,76.3579810099564,140.486923160894,44.5197554776243,55.5742319772577,80.4959541207303,105.66166427212,88.4063015747908,103.135223957064,15.3561767102268,16.6369897501978,82.0587103121394,80.6683215176566,96.8217406091188,58.3606124080228,32.1428648111223,124.546914885813,116.607103884716,19.7684705950617,22.6053657131628,103.236238489894,16.0328391609601,41.6448429707092,89.8441330182094,50.5607596782665,65.345777350571,72.7078629602455,126.507454248319,95.0151969969893,109.482036419427,61.9784872273409,134.382368332855,115.945390183235,16.1499916719232,22.485974443223
137.625512619921,19.7723045242505,92.030972027383,89.9990955596687,78.284586898663,4.09064204389295,21.0165993243388,19.7723045242505,70.0133880160744,43.3558150531955,64.6093417889028,89.7028246494506,16.5930953026142,112.507118114228,119.869341718021,79.4488317222269,98.4291423647345,45.510801053093,77.7167633511865,128.832655671211,68.88144182605,134.150304508274,81.1418140992192,60.5459451054022,63.7496813515359,13.1720538756837,59.9156600941786,142.313101964283,48.9812825815852,71.3546312350764,83.8100431497054,101.76320924251,89.2483481879815,100.444771833091,14.7291386826225,16.9481309803749,72.7342162517075,99.3809872972906,91.393730046734,65.5798035614434,32.6470454402628,117.286511495786,118.416729837423,18.2446630185921,22.8574214956389,104.219536325348,17.5125996129067,45.8182620216606,101.174431217588,49.4263785675426,60.4770056897938,63.0393948763083,128.151915001113,89.9261201283052,107.041753770612,57.4141230045608,134.836825112758,123.560420688244,14.9580648437945,18.9012173693018
137.521253057584,19.2173769619204,85.4685021558382,87.6905016532492,76.2764853821206,4.09064204389295,19.7475610397311,19.2173769619204,79.4680738259452,44.2075528326215,66.5419750103317,92.9193163584906,16.5930953026142,116.873119352206,120.425222002384,79.8157027758846,95.6666396950176,60.5299115229642,73.8627491617837,129.430102293036,69.4983942085701,134.370681474484,81.5560755247794,59.2804225845673,64.7946732369493,14.2933202027311,60.4523084027132,142.54688846054,59.9247918371602,62.4612162631885,82.4203924617872,101.572671572262,92.7117592610534,94.37964878546,14.4939202971226,16.0457749554652,77.4521600099979,92.2944085013087,92.4317923342921,59.3518183108595,32.6225885046582,92.6736810487905,121.139561408424,19.4650540668982,21.4922036175711,108.263925980374,17.9112563698153,56.0550820492544,96.4183844083123,49.9841389548348,65.5389133988289,67.7939445646122,128.362438043498,96.9888976191958,107.830491200617,67.1179244614538,134.734678148103,126.065440707293,16.5929026287958,17.4148775027945
139.359876107913,19.3690865516108,90.3054088147876,103.820068392293,90.3065871422356,4.09064204389295,20.726869801577,19.3690865516108,72.3029760061685,44.2075528326215,63.112362253624,88.7663867930507,16.5930953026142,112.696600187831,120.347078748412,90.0330061424839,96.4218700619896,45.4727166139953,73.8627491617837,129.346115822536,69.9116766773362,135.150081584429,69.9047298841579,56.0780059950896,63.139413089141,14.171468299586,60.8117969857774,143.373713622989,43.8497307482291,70.5484395853867,84.8579090229029,102.943525126574,89.3986583404743,99.0600656131171,15.5761515299057,15.5517331134457,77.8018701460248,97.5176126970463,90.2110978827073,60.3609607983459,32.6237630528977,97.1810245291244,119.402809174928,18.9952412733396,20.7173383487621,104.395060631577,16.1538842045415,41.0180858301365,91.1961072585976,48.4203573953547,56.3876687721796,65.4663087997675,129.106988098809,82.2247709678249,106.100649151528,62.6172362616055,136.536045423444,116.917296897417,15.9505366094686,19.3423751145932
138.616724901678,20.005087436213,84.3552841258592,94.9810652166784,74.2749133127463,9.05521139577606,20.718002017616,20.005087436213,71.3712351038153,41.3211016989148,62.9662495932642,85.940675376457,32.5814480602721,113.011224479069,116.299394856119,92.7082336725576,90.7972237301155,12.5674229819288,76.0561954280511,129.911924326371,81.3981641911438,139.88917560446,86.3763239707938,51.5513158411575,64.1713306906412,15.8974694385009,63.6531247077683,146.329613978335,41.0099671036696,61.8549555148236,78.6686989344404,95.6633007141288,22.2554278522699,106.523477373381,57.3343967232505,15.8889397615933,65.6583722176019,89.7895321148479,89.4363081908811,68.1478887039712,32.709805689059,116.356362937835,118.935288491274,19.4813130604744,74.9803187225768,99.6440964714151,17.1556300455442,44.2957298922837,92.5131132752651,93.352801714067,71.8682703194253,68.1345650864698,131.172286108511,92.2404399666005,115.411960445855,83.4892103948055,132.346461694907,124.316149054495,17.1641497880716,22.3934688029625
140.691872134074,19.0871827153457,78.914297404227,97.0196801768726,75.8691042085956,9.54384104086557,20.676792302701,19.0871827153457,76.5805741291042,42.0981288637534,64.076655851309,86.44032671231,32.5814480602721,110.66616407736,113.477267167875,79.1350833494476,86.6311234534101,12.5247621078518,72.6335996492466,126.75947422869,88.8366665190383,139.721202471639,84.6312453565769,50.3561650029285,63.4104067636008,14.0710270548964,69.4700116243408,146.15390743365,44.6364323925122,54.0796392294024,80.3371921312635,99.0138775495298,21.7936124634002,106.31159390457,64.3793446786794,14.9706828303491,73.9108662337001,83.9980318307691,95.2221029708782,67.8475559033978,34.0972446646465,112.439243959121,112.581927764327,19.2573391061874,81.8920961732084,97.5764131419379,16.9322720996771,48.2127514907707,98.3110734537801,94.9991039982809,66.2120809468417,66.7088091293477,131.014779855853,93.2004832278873,118.48246866343,62.5346291299918,134.327740605503,123.240009709621,16.8888599455413,21.4416714925622
135.774889735949,19.0990598038547,87.321088570326,85.9728405730513,67.2305081675652,9.24606303137378,20.8888171245304,19.0990598038547,70.1626453502967,40.9760179018229,62.5051299855164,88.0997875029095,36.5760623037185,114.339838935478,114.654372493967,82.2626695449405,86.6850300742161,13.4418836879445,77.4677597314536,128.074356548039,76.6439203397382,135.750572078579,86.6179607991895,45.6840950798984,60.7504582003742,14.321250602225,59.9353200155883,142.000470899646,39.4370645561688,59.6533235043547,81.0906471825273,95.57728416891,22.51707339513,107.401738663294,55.5281486432352,15.4804647151324,70.2278591244113,92.9463965148953,89.3174807862924,65.9704566074014,33.8064921389191,122.543050358643,113.605635371726,19.4126064950207,82.7063957457801,100.81556052446,17.5391189730728,42.5968046964928,99.3540309991084,93.0874972707877,70.5149459082136,64.185653530675,127.291570653289,93.2235432231936,119.395594826979,62.6305371175579,129.633175623755,124.343017782127,16.1545567184712,20.5355199791934
139.458280026989,20.1765923207083,75.3150083572726,90.4808507745811,70.7557588706159,4.09064204389295,21.5795370786782,20.1765923207083,77.2364066542505,41.2803812046856,56.4232544146944,79.5584228186675,18.490645894138,110.657896734358,113.441591371377,80.7085966822227,91.5756340928784,11.0506227053603,75.421622045996,126.719622676748,87.2385104220682,136.552409309753,82.7870341924325,47.8034736911145,62.0255493065521,13.8438113457811,68.2202582625324,142.839224377206,39.7562557563301,49.6515021492783,78.672055075095,100.730836408084,21.7919843662218,110.953137651693,60.953395734092,16.6369897501978,73.2691316624171,80.1668731449666,97.4057405802246,59.748754266449,33.0366932382861,127.917858924431,110.451840379509,19.7684705950617,81.3496462265372,97.5691236719991,16.0328391609601,42.94156983982,84.4860325179965,97.7395507598045,72.8185795133856,69.314863625164,128.043443142676,97.2751899390785,122.002165978147,61.9288382050692,133.149949464764,115.22465339171,16.1499916719232,22.485974443223
139.929902618987,19.7723045242505,92.7858637446815,89.4396454662129,69.941539385465,4.09064204389295,21.0165993243388,19.7723045242505,66.7461295750551,40.6403364523564,61.5942696247043,85.5167351125194,18.490645894138,111.711883899393,114.275495603079,83.5652391457863,89.7406903755173,10.969250079866,78.6603605970731,127.651133142287,68.4532627557237,138.32744366756,90.4210169563881,54.0933633551819,64.858553969782,13.1720538756837,53.5302499035694,144.695980564765,43.7404108961313,63.7501320320394,81.9110525807368,97.0143074423785,21.9995472469601,108.058742377187,58.4644886475098,16.9481309803749,64.943414862818,98.7632177265471,91.9449898709301,67.1396581728815,33.5548941167541,120.460947948905,112.165942781645,18.2446630185921,82.2567162113348,98.4984437394208,17.5125996129067,47.2449397858494,95.1406174080003,95.5466663795443,67.3930256262417,60.0975861613939,129.707870098004,92.0650663518853,119.282817868711,57.3681303513148,133.600238427734,122.792347537379,14.9580648437945,18.9012173693018
139.823897343313,19.2173769619204,86.169564667143,87.1454021826377,68.1474478934696,4.09064204389295,19.7475610397311,19.2173769619204,75.7596011701189,41.4387278534311,63.4367142067167,88.5831253911813,18.490645894138,116.047024924927,114.805435069511,83.9511185435069,87.2220369484056,14.5892342354723,74.7595529358643,128.243100589287,69.0663800545031,138.554682677496,90.8826524251139,52.962711757713,65.9217226188036,14.2933202027311,54.0097058257946,144.933681562437,53.5129927121988,55.8045177269813,80.5528889730221,96.8326614402693,22.8532714568156,101.533867493913,57.5308344179542,16.0457749554652,69.1560041307598,91.7206903418049,92.9893134417716,60.7635365909043,33.5297570829562,95.1819550831546,114.745046009848,19.4650540668982,77.343723746971,102.320818132378,17.9112563698153,57.8005113955627,90.6682104529001,96.6248790099012,73.0338021835745,64.6302591052274,129.920949203643,99.2958362038449,120.161753610096,67.0641583972032,133.499028251499,125.281795914568,16.5929026287958,17.4148775027945
141.693306143236,19.3690865516108,91.0461464560378,103.17470471832,80.6823152755689,4.09064204389295,20.726869801577,19.3690865516108,68.9288712047734,41.4387278534311,60.1671484288269,84.6239972480426,18.490645894138,111.900026656599,114.730938463892,94.6978014178386,87.910602274653,10.9600707701868,74.7595529358643,128.159884357563,69.4770934872767,139.358351556207,77.8988840261582,50.1015873027604,64.2376705991763,14.171468299586,54.3308825208132,145.77435101581,39.1579219555461,63.0298588945954,82.9351756262735,98.1395424748436,22.0365984122601,106.569071885019,61.8265435552221,15.5517331134457,69.4682556626541,96.9114261881966,90.7552244210807,61.7966821323374,33.53096429302,99.8112927746576,113.099970589208,18.9952412733396,74.5552258172897,98.6643327043078,16.1538842045415,42.2952968896869,85.7573780783546,93.6019159831858,62.8360409584373,62.4112452456468,130.674539205437,84.1805360235778,118.234090555124,62.5670755575157,135.283875212113,116.190518564045,15.9505366094686,19.3423751145932
139.391660589071,35.2829854551878,86.1806341152508,96.96460354792,74.8027275207457,9.05521139577606,20.718002017616,20.005087436213,62.5113932225302,43.6725812929235,55.1497810335933,75.2722205865306,27.7229522714116,115.065553367083,101.862286575513,93.9593869503063,88.9896286734734,12.5674229819288,56.9767499137932,136.140839873154,83.0980438292329,142.729906792653,73.4960184210521,51.9176510642962,41.8432308945263,15.8974694385009,64.105458101452,147.147668510173,44.8371342890048,62.2945107145507,84.5801748458196,83.7879041774686,22.2554278522699,100.816306179356,14.4444311437114,15.8889397615933,64.5986610266286,91.6646529959178,84.1634781422633,62.2528473641971,28.1967503435702,97.8340201508137,130.034655123724,19.4813130604744,20.8354627786991,99.3104089270927,17.1556300455442,45.1952438172538,51.9864545339622,87.7100822469533,61.1513835790423,59.6765151110396,98.2664265437171,84.261304924514,98.2019051170362,78.8345802376317,138.692106539194,126.912306996916,17.1641497880716,22.3934688029625
141.478408915405,33.6640763142567,80.6219107852065,99.045791950589,76.4082470949813,9.54384104086557,20.676792302701,19.0871827153457,67.0740582761142,44.4938271123232,56.1223443097146,75.7098464883976,27.7229522714116,112.677864232259,99.3904905727203,80.2030588139277,84.9064673012441,12.5247621078518,54.4127459868623,132.837238558787,90.6918882188398,142.558522627384,72.0111632653726,50.7140072159109,41.3470667160738,14.0710270548964,69.9636811222885,146.97097967946,48.8020316696638,54.4639412861221,86.3740451935923,86.7225490070752,21.7936124634002,100.615774717253,16.2192865789995,14.9706828303491,72.7179616666663,85.7522058390844,89.6081641132296,61.9784944480888,29.3927608238362,94.5404529799201,123.088381385414,19.2573391061874,22.7561012110338,97.2496498429756,16.9322720996771,49.1918084209202,55.2445374428494,89.2568736243993,56.3386365297359,58.427748837829,98.1484322854315,85.1383009363424,100.814543837309,59.0482436528781,140.768382264537,125.813694081806,16.8888599455413,21.4416714925622
136.53393816667,33.6850239428262,89.2106151097386,87.7682555258458,67.7082632512022,9.24606303137378,20.8888171245304,19.0990598038547,61.4528346979786,43.3078596480075,54.7459036300341,77.163306077091,31.1218957379177,116.418319504632,100.42147306583,83.3728536630096,84.9593007467118,13.4418836879445,58.0342094126487,134.215165829273,78.2445146634983,138.507260594701,73.7016227345324,46.0087365151733,39.6126342101435,14.321250602225,60.3612338545183,142.794323391868,43.1174439862174,60.0772334127703,87.184117825243,83.7125655053271,22.51707339513,101.64751317046,13.9893775020697,15.4804647151324,69.0943974542744,94.887443815402,84.0516563567815,60.2637710988635,29.1421241658984,103.035871485042,124.207624188491,19.4126064950207,22.982378035727,100.47794998844,17.5391189730728,43.4618185268755,55.8306128984417,87.46081415737,59.9998648377526,56.217811297014,95.359226772096,85.159366157809,101.591506021525,59.1388046475918,135.848725945317,126.939736837978,16.1545567184712,20.5355199791934
140.237920421553,35.5854687292267,76.9447373200825,92.3704088180218,71.2585651771335,4.09064204389295,21.5795370786782,20.1765923207083,67.6484774354283,43.6295434981552,49.4190164774558,69.6822444749339,15.7333490102245,112.669446604702,99.3592434780023,81.7978076539052,89.7525424090712,11.0506227053603,56.5013655129851,132.795476235738,89.0603570078887,139.325380744269,70.4419580542537,48.1431759065806,40.4440636194005,13.8438113457811,68.7050467325336,143.637765914009,43.4664230202489,50.0043368698327,84.5837831801026,88.2263690011929,21.7919843662218,105.008640093912,15.3561767102268,16.6369897501978,72.0865845453757,81.8410391002133,91.6630626205853,54.5802687403494,28.4785363836218,107.555083982368,120.759508416072,19.7684705950617,22.6053657131628,97.2423847839694,16.0328391609601,43.8135848201561,47.4757483858884,91.8316738064319,61.9599841169467,60.7102944195379,95.9224846441704,88.8605306307581,103.809389262386,58.4762263460644,139.53411931349,117.630948964255,16.1499916719232,22.485974443223
140.712179615863,34.8724260850686,94.7936416468854,91.3074594848301,70.4385596655366,4.09064204389295,21.0165993243388,19.7723045242505,58.4604364192259,42.9530754145867,53.9481151357938,74.9009071784984,15.7333490102245,113.742593249609,100.089628979417,84.6930022227141,87.9541288305895,10.969250079866,58.9276346081235,133.771650038002,69.8828073735355,141.13646074634,76.9375729641379,54.4777629386203,42.2913382040631,13.1720538756837,53.9106478764071,145.504902282123,47.8223908897161,64.2031547815466,88.0661717166241,84.9712003991615,21.9995472469601,102.269316825522,14.7291386826225,16.9481309803749,63.8952429209054,100.825740689734,86.5242573382703,61.3318324574477,28.9252397647693,101.28521132373,122.633575545652,18.2446630185921,22.8574214956389,98.1685927500006,17.5125996129067,48.2043433519513,53.4629438585384,89.771338542582,57.3434805416294,52.637226114908,97.169373708891,84.1011017681697,101.495546191085,54.1697837825644,140.00599838019,125.356683150672,14.9580648437945,18.9012173693018
140.605581718548,33.8936999898789,88.0341735719789,88.965304341309,68.631718956643,4.09064204389295,19.7475610397311,19.2173769619204,66.3549987924224,43.7969012549786,55.5618433778421,77.586643640875,15.7333490102245,118.156538884892,100.553783121097,85.0840892945985,85.4856168648266,14.5892342354723,56.0053829582266,134.3920006781,70.5087287155303,141.368314301611,77.3303700565999,53.3390766770794,42.9845825357927,14.2933202027311,54.3935109200488,145.743932145315,58.5069779348517,56.2010771575233,86.6059503456635,84.8121034653809,22.8532714568156,96.0940228881269,14.4939202971226,16.0457749554652,68.0398419563842,93.6361405912402,87.5070114993698,55.5072686864022,28.9035709516582,80.0302886450163,125.453367745782,19.4650540668982,21.4922036175711,101.978166798835,17.9112563698153,58.9742670825585,50.9497371076544,90.7843785023036,62.1431131111626,56.6072246770591,97.3289998227862,90.70638361153,102.243416376688,63.3252458758731,139.899935457423,127.89811995596,16.5929026287958,17.4148775027945
142.485441433354,34.1612702898602,93.016278904643,105.329355028426,81.2556619203158,4.09064204389295,20.726869801577,19.3690865516108,60.3722181071852,43.7969012549786,52.6981531010618,74.1189915004275,15.7333490102245,113.934156083918,100.488534332831,95.9758051068959,86.1604742027813,10.9600707701868,56.0053829582266,134.30479445945,70.9280192877075,142.188303294004,66.2827213774667,50.4576204294552,41.8864881572397,14.171468299586,54.7169699687633,146.589301354516,42.8122510013447,63.4777632214936,89.1672514017898,85.9567516437193,22.0365984122601,100.859457889747,15.5761515299057,15.5517331134457,68.3470538195878,98.9352772383092,85.4046360070867,56.4510433640774,28.9046115998695,83.9226990432117,123.65476938453,18.9952412733396,20.7173383487621,98.3339261869307,16.1538842045415,43.1541879973745,48.190163303197,87.9441387790778,53.4660264698094,54.6636735007243,97.8935443523689,76.8986121180698,100.603203493285,59.0788811506094,141.770360866969,118.616984794686,15.9505366094686,19.3423751145932
142.052417051057,20.005087436213,85.2995793377794,99.2419977186196,82.9517237415074,9.05521139577606,70.7977861079691,20.005087436213,73.0301344426959,44.5796089810633,64.4297897669787,87.9382158331631,22.3760243598276,120.665371836759,119.002570567712,94.5053337539313,86.2362761261055,58.4301497970238,67.837267133824,130.91474616391,85.0497560385207,129.545207124596,59.3208357623472,57.5735510072018,43.6032221931036,15.8974694385009,71.0890956386534,149.956474346906,48.2137999135611,69.0808639560991,68.1837618568808,97.8868265656706,85.9768541844668,107.478698729524,14.4444311437114,15.8889397615933,64.4474781879054,93.8175679644087,94.8307821819063,70.8816201440258,13.8576638257284,116.84107763536,119.974029356331,79.9355396790438,20.8354627786991,107.72266012796,17.1556300455442,41.0203254028477,63.2171729427617,26.1459100037451,49.3571115805314,69.7182337004773,116.997298684435,95.940636635591,79.2616962135827,85.3245034973425,133.368076320329,129.893078717413,17.1641497880716,91.8846696058918
144.17899795468,19.0871827153457,79.7976847813553,101.372066704129,84.7321483409531,9.54384104086557,70.6569638134426,19.0871827153457,78.3605554284201,45.4179111015771,65.5660054733913,88.449480689078,22.3760243598276,118.161482628795,116.114847464881,80.6690750899127,82.2794483832342,58.2318051350853,64.7845303668699,127.737961534844,92.821955996173,129.389654601045,58.1223647333954,56.2387824057931,43.0861885784705,14.0710270548964,77.5855124639061,149.776412818386,52.4772920394567,60.3972336461541,69.6298788555465,101.3152816904,84.1927755043103,107.264915251256,16.2192865789995,14.9706828303491,72.5477769028304,87.7662559827127,100.965555135192,70.5692395862141,14.4454589072759,112.907640811252,113.565180510582,79.0165318660487,22.7561012110338,105.487341062997,16.9322720996771,44.6477066644421,67.1791048067327,26.6070003038933,45.4725994204027,68.2593385436308,116.856813170051,96.9391917348393,81.3704351053108,63.9092902744589,135.364649206194,128.768662833413,16.8888599455413,87.9792638749878
139.140145429874,19.0990598038547,88.2985837763595,89.8296563483454,75.0843897593614,9.24606303137378,71.3814973844258,19.0990598038547,71.7934531374454,44.2073125003898,63.9579522416928,90.1475127388748,25.1194133416225,122.083972140838,117.31931254234,83.8572878897941,82.330647153922,62.4958098864139,69.0962923084014,129.062993751599,80.0822327076483,125.71262859484,59.4867851562603,51.0209203273236,41.2788031467467,14.321250602225,66.9369762487319,145.520031064007,46.3646004612175,66.6220368478951,70.2829136772873,97.7988107165335,86.9876395459443,108.364835597302,13.9893775020697,15.4804647151324,68.9326930631771,97.1160520240766,94.7047875389059,68.6168410335693,14.3222802251305,123.053537418299,114.59782883641,79.6536235488533,22.982378035727,108.989099671364,17.5391189730728,39.4470255715567,67.8917910971486,26.0716045092103,48.4276863463919,65.6775366128828,113.535948435128,96.9631767747123,81.997544534007,64.0073065496376,130.633845732054,129.92115279934,16.1545567184712,84.2611515471759
142.914830585333,20.1765923207083,76.1581043472214,94.5398997754445,79.0214609641128,4.09064204389295,73.7418332668472,20.1765923207083,79.0316316317905,44.5356773423697,57.7347141268582,81.4076189944699,12.6988567908582,118.152655346179,116.078342446986,82.2730901464976,86.9755851955344,51.3780383578286,67.2712682195711,127.697802359051,91.1521052383649,126.455174754998,56.8558122506076,53.3878851775011,42.1452037686561,13.8438113457811,76.1897626610456,146.379573510142,46.7398609587411,55.451800694744,68.1866706922658,103.072148250021,84.1864858623124,111.94808082506,15.3561767102268,16.6369897501978,71.9178774187537,83.7632282140862,103.280901851586,62.145557030975,13.9961512814188,128.450736239698,111.416489657938,81.1138017617319,22.6053657131628,105.479460605243,16.0328391609601,39.7662973930445,57.7320116019268,27.3745345726163,50.0097572712351,70.9259662111726,114.206570658946,101.177354043221,83.7876644656397,63.2901826119504,134.177766408303,120.393730718245,16.1499916719232,92.264237874962
143.39814260397,19.7723045242505,93.8245330796962,93.4519850989565,78.1121241936637,4.09064204389295,71.8181561337949,19.7723045242505,68.2975264377244,43.8451598194556,63.0259205273491,87.5044218204071,12.6988567908582,119.278028102436,116.931629321803,85.1851071134937,85.2328148047066,50.9997098250939,70.1600160859284,128.636503381127,71.5241351603907,128.098955930644,62.0986174191434,60.4125610270889,44.0701775922538,13.1720538756837,59.7836645479157,148.282350426163,51.4238749265984,71.1974353782093,70.9939757268101,99.2692350787578,84.9883398482165,109.027730819752,14.7291386826225,16.9481309803749,63.7457063198029,103.193820851995,97.4907784493811,69.832944757577,14.2156895335341,120.962761433568,113.145562454771,74.8613289117758,22.8574214956389,106.484124537357,17.5125996129067,43.7514588509148,65.0126306599041,26.7603595655232,46.2836390913522,61.494449278677,115.691133163787,95.7582279626601,81.9200924833565,58.6292194602107,134.631531261632,128.300918150039,14.9580648437945,77.5552965201034
143.289509928943,19.2173769619204,87.1341694120814,91.0548200830124,76.1084465699101,4.09064204389295,67.4815844431423,19.2173769619204,77.5205003911028,44.7065109212025,64.9111895062572,90.6420849696957,12.6988567908582,123.906784283268,117.473886302836,85.5784665792683,82.8406789718758,67.8302260557548,66.6807448725606,129.233040369269,72.1647574299758,128.309391973903,62.4156557065289,59.14982648082,44.7925808575922,14.2933202027311,60.3191306081612,148.525942974456,62.9131137042766,62.3236127994539,69.8168276965844,99.0833670335192,88.2864351439673,102.444345831586,14.4939202971226,16.0457749554652,67.8806055838376,95.8353596149523,98.5980918333653,63.2010470339502,14.2050401103226,95.5784619127176,115.747190704373,79.868825930226,21.4922036175711,110.616394809208,17.9112563698153,53.5265090260994,61.9564917630352,27.0623414008896,50.1575661624184,66.1324762651993,115.881186112511,103.279057906811,82.523720889423,68.5383894595381,134.529539819356,130.902045328451,16.5929026287958,71.4565608236477
145.205253059318,19.3690865516108,92.0653409386733,107.803210954901,90.1076397004108,4.09064204389295,70.8280891976005,19.3690865516108,70.5310020731135,44.7065109212025,61.5656283991641,86.5909338280809,12.6988567908582,119.478913597318,117.397658154116,96.5334682177798,83.4946561219,50.9570321464354,66.6807448725606,129.14918177115,72.5938958215631,129.053634342209,53.4987678677823,55.9544648870884,43.6482989234907,14.171468299586,60.6778272297946,149.387448884925,46.0364235217006,70.3930197868494,71.8816040058442,100.420624228477,85.1314753860954,107.524702097992,15.5761515299057,15.5517331134457,68.1870984667895,101.258956348158,96.2292506593316,64.2756368886626,14.2055515505736,100.227084394173,114.08774774751,77.9410945147593,20.7173383487621,106.663462814448,16.1538842045415,39.1678124650845,58.600762736915,26.2156810137355,43.154029881058,63.8618853155029,116.553340247666,87.5574121432174,81.1998559895014,63.9424499522861,136.328164449095,121.40292543522,15.9505366094686,79.36545081227
139.941805895551,20.005087436213,85.590824063382,97.2911560003565,84.907844856496,9.05521139577606,20.718002017616,20.005087436213,68.9615497383879,44.179557189133,60.8403392045755,83.0390864177067,7.06936369174073,104.347968770092,112.372813658733,94.7915001967358,66.4762473299262,34.8005254141854,62.2242582732682,127.493730340218,83.3778971882135,140.214369730262,18.7415134949059,58.9312182588313,46.3145286096181,15.8974694385009,72.7654788981207,147.728424911583,44.7971493421239,70.7098902201858,17.8883872171634,92.4334497047688,22.2554278522699,100.339546447436,14.4444311437114,15.8889397615933,72.230611241285,91.9733565448656,83.0964946348568,15.1232364100937,31.892164921794,117.44298388374,129.715963720511,19.4813130604744,20.8354627786991,99.779328128882,17.1556300455442,44.3987021994465,95.2048624430289,26.1459100037451,15.5936267732635,65.8341584292246,107.316677664114,20.469804812965,25.0415242827525,79.6180120714684,129.882950978559,127.339715799488,17.1641497880716,22.3934688029625
142.036790114855,19.0871827153457,80.0701439773829,99.3793533233119,86.7302544322091,9.54384104086557,20.676792302701,19.0871827153457,73.995007430048,45.0103364920817,61.9132551528926,83.521868177041,7.06936369174073,102.18267686489,109.645968611736,80.913344713074,63.4260801439917,34.6823929351051,59.4241118485526,124.399960274469,90.9973157401241,140.046006117793,18.3628748484051,57.564973891434,45.7653451563631,14.0710270548964,79.4150905884161,147.551038732618,48.7585108988801,61.821487401149,18.267784013834,95.6709020306352,21.7936124634002,100.139963297464,16.2192865789995,14.9706828303491,81.3091592910647,86.0409977496783,88.4721555338767,15.0565871854272,33.2449223502235,113.489283978789,122.786714041846,19.2573391061874,22.7561012110338,97.7088386497817,16.9322720996771,48.3248295232976,101.171519295266,26.6070003038933,14.3663743899384,64.4565398380812,107.187816238824,20.6828555982568,25.7077481801178,59.6350454557211,131.827350158743,126.237403031765,16.8888599455413,21.4416714925622
137.072804731141,19.0990598038547,88.600068226842,88.063836985877,76.8549878083183,9.24606303137378,20.8888171245304,19.0990598038547,67.7937652341777,43.8106016501507,60.3947882382963,85.1253010962467,7.93609560748895,105.574733814396,110.783331687693,84.1112115661142,63.4655473183194,37.2219997345108,63.3791088582851,125.690367238429,78.5080225541941,136.066145377395,18.7939426754042,52.2240671102576,43.8455740918426,14.321250602225,68.5154465529978,143.357898188767,43.0789926281017,68.1930804275056,18.4391113128779,92.3503373100793,22.51707339513,101.166822665461,13.9893775020697,15.4804647151324,77.2574923714482,95.2070009151022,82.9860904714067,14.64002524993,32.961437709866,123.687447123313,123.903213783398,19.4126064950207,22.982378035727,100.952382030509,17.5391189730728,42.6958275880452,102.24482259381,26.0716045092103,15.2999890430415,62.0185727766669,104.141727360437,20.6879730240093,25.9058738415258,59.7265064154748,127.220170294761,127.36723801737,16.1545567184712,20.5355199791934
140.791405711737,20.1765923207083,76.4181366518965,92.6814891754759,80.8849008223469,4.09064204389295,21.5795370786782,20.1765923207083,74.6286972805479,44.1360197874277,54.518253187868,76.8723159174239,4.0120101623182,102.175043282887,109.611497326335,82.5222168001006,67.0461524181369,30.6003447845633,61.7050913888861,124.360850523433,89.3602899414713,136.869846603809,17.9627269047168,54.6468484005648,44.7658486580915,13.8438113457811,77.9864269950101,144.204669575367,43.427660448931,56.7594340182075,17.8891503662226,97.3298917279652,21.7919843662218,104.512054839029,15.3561767102268,16.6369897501978,80.6031886924514,82.1166591826995,90.5010030406662,13.2593181265709,32.2108813253682,129.112449588432,120.463548718622,19.7684705950617,22.6053657131628,97.7015392869628,16.0328391609601,43.0413941915205,86.9442268178827,27.3745345726163,15.7998202272586,66.9746069063164,104.756860785201,21.5871059582764,26.4714349369662,59.0573436311956,130.671482544026,118.027100482038,16.1499916719232,22.485974443223
141.267536692843,19.7723045242505,94.1448851916729,91.6149600956667,79.954120581201,4.09064204389295,21.0165993243388,19.7723045242505,64.4926002448987,43.4516988817275,59.5146809796017,82.6294595203283,4.0120101623182,103.14823351499,110.417246702368,85.4430514867294,65.7027173726518,30.3750153653493,64.3548177254139,125.275021756892,70.1181551323668,138.6490073048,19.619111251878,61.8371762238012,46.8105199172692,13.1720538756837,61.1934494598965,146.079175080955,47.7797437448938,72.876373444769,18.6256623762233,93.7388428025844,21.9995472469601,101.785685814616,14.7291386826225,16.9481309803749,71.444088441476,101.16529648315,85.4273450241846,14.8994920070385,32.7161288354214,121.585900516173,122.333022848877,18.2446630185921,22.8574214956389,98.6321205780544,17.5125996129067,47.3547679896818,97.9088160845116,26.7603595655232,14.6226100066937,58.0685295861507,106.118587231843,20.4308862685189,25.881404047164,54.7081050740508,131.1133897817,125.778853002497,14.9580648437945,18.9012173693018
141.160518079305,19.2173769619204,87.4316781156183,89.264917161363,77.9031933533322,4.09064204389295,19.7475610397311,19.2173769619204,73.2017527320933,44.3053203272568,61.294919663966,85.5923201939829,4.0120101623182,107.151049716935,110.929293983314,85.8376020628318,63.8587113416226,40.3991349312521,61.1634292787618,125.855970260653,70.7461844203727,138.876774567125,19.7192746643633,60.5446645783091,47.5778431795737,14.2933202027311,61.7415425810343,146.319148337436,58.4548024681993,63.7932933493035,18.3168310767594,93.563329659355,22.8532714568156,95.6395948067236,14.4939202971226,16.0457749554652,76.0783473707636,93.9514836156836,86.3976403075752,13.4845164898568,32.6916201472577,96.0708338986675,125.145904248711,19.4650540668982,21.4922036175711,102.459682493834,17.9112563698153,57.9348776658118,93.3062805749493,27.0623414008896,15.8465181925381,62.4481672680451,106.292914769886,22.0355235357596,26.0721112375267,63.9545511040503,131.014063542146,128.328848729197,16.5929026287958,17.4148775027945
143.047797147569,19.3690865516108,92.3796865095114,105.684077864797,92.232507619841,4.09064204389295,20.726869801577,19.3690865516108,66.6016466309521,44.3053203272568,58.1357432438451,81.7668628936214,4.0120101623182,103.321953556019,110.857312583997,96.8257759438537,64.3628373165146,30.3495968845491,61.1634292787618,125.774303024467,71.1668870579801,139.682311699025,16.9021199224454,57.273951756157,46.3624082711233,14.171468299586,62.1086977856097,147.167854015266,42.774071808823,72.0529885752251,18.8585365669081,94.8260868659083,22.0365984122601,100.382494093637,15.5761515299057,15.5517331134457,76.4218545008978,99.2684664252137,84.3219177059064,13.7137899797076,32.6927971809221,100.743403736434,123.351713926493,18.9952412733396,20.7173383487621,98.7982346786039,16.1538842045415,42.3936188794917,88.2525632785887,26.2156810137355,13.6338576990983,60.3040733004257,106.909453352179,18.6811678486936,25.6538563095835,59.6659874187132,132.765687176967,119.01645703371,15.9505366094686,19.3423751145932
139.586208066679,20.005087436213,89.8340924706938,95.6754958421327,85.6469484092772,9.05521139577606,20.718002017616,20.005087436213,70.64997058198,46.8067792018858,62.3299243028501,85.0721747817645,21.4029657961036,104.718995592982,115.124094648708,95.22863508845,90.8347420122243,40.6230136967748,70.4533909608821,122.923113113075,81.9932867868016,131.732287191773,56.7411707460073,59.4442011623362,67.2319838216209,15.8974694385009,73.3988859062048,147.353040966628,44.0894791924169,71.3254037945421,17.8883872171634,94.6965450632507,87.3924172617423,101.440005566728,14.4444311437114,15.8889397615933,69.2724221109362,90.4460061268368,84.2767389423648,67.5888473667272,31.8115393941688,123.238633140484,123.871503673974,19.4813130604744,20.8354627786991,71.5405669637646,17.1556300455442,41.7128615300345,95.0413577972743,26.1459100037451,47.2107356501252,67.4460097541141,121.509264359379,91.4837588736483,75.8148697784817,82.3467661919582,125.226680810053,125.22505590814,17.1641497880716,22.3934688029625
141.67586884575,19.0871827153457,84.0397180062127,97.7290156326596,87.4852216474624,9.54384104086557,20.676792302701,19.0871827153457,75.8066649890878,47.6869623877911,63.4291090003098,85.566776733488,21.4029657961036,102.546004626785,112.33048686172,81.2864799214627,86.6669202629996,40.4851164306101,67.2829263176265,119.940253903269,89.4861738893058,131.574108512989,55.594817219224,58.0660639472566,66.4347676099314,14.0710270548964,80.1063809597304,147.176105533169,47.9882622733753,62.3596294427193,18.267784013834,98.0132615879041,85.578964677056,101.238233518109,16.2192865789995,14.9706828303491,77.9791601801733,84.612162717258,89.7287519571153,67.2909783027954,33.1608769612723,119.089823598858,117.254457071461,19.2573391061874,22.7561012110338,70.0560511426516,16.9322720996771,45.4014829828284,100.997767524628,26.6070003038933,43.4951479496109,66.0346622234003,121.363361063338,92.4359265590543,77.8319066589742,61.6789218572924,127.101373782993,124.141048635942,16.8888599455413,21.4416714925622
136.724497151088,19.0990598038547,92.992523545583,86.6014097864522,77.5239930649479,9.24606303137378,20.8888171245304,19.0990598038547,69.4535946133202,46.4158830148886,61.8734646847033,87.2094673197902,24.0270539539704,105.950122607549,113.495696578762,84.4990938686792,86.7208491585374,43.4496257467432,71.7609700630753,121.184400111632,77.2042834544009,127.835004175496,56.8999035550483,52.6786657825842,63.6479527372382,14.321250602225,69.1118579924037,142.993619930235,42.3984645674982,68.7866857428242,18.4391113128779,94.6113977853532,88.4198446654338,102.276354814186,13.9893775020697,15.4804647151324,74.0934284068255,93.6259511621118,84.1647666756391,65.4292775190718,32.8781089890607,129.791252027473,118.320651993588,19.4126064950207,22.982378035727,72.3816323705498,17.5391189730728,40.1130000622532,102.069227534173,26.0716045092103,46.3217280151479,63.5370051692567,117.91442817758,92.4587973850282,78.4317451931552,61.7735174654039,122.659360124429,125.252121079846,16.1545567184712,20.5355199791934
140.433649015126,20.1765923207083,80.2066580097526,91.1423791923946,81.5889855587478,4.09064204389295,21.5795370786782,20.1765923207083,76.4558697918476,46.7606527651739,55.8530514252602,78.7544200897136,12.1466259230712,102.538343902292,112.295171598233,82.9027713881181,91.6134740216013,35.720099352369,69.8655644685408,119.902546226683,87.8763332683155,128.590086560975,54.3833428736407,55.1225368351189,64.9838593438024,13.8438113457811,78.6652811734213,143.838239636251,42.7416244081862,57.2535120319365,17.8891503662226,99.7128691773045,85.5725714794551,105.65827532632,15.3561767102268,16.6369897501978,77.3021024554132,80.7529934599133,91.7864157904082,59.2586140123778,32.1294500613415,135.483970881133,115.035963883598,19.7684705950617,22.6053657131628,70.0508175881235,16.0328391609601,40.4376620718637,86.7949089716984,27.3745345726163,47.8349999595699,68.6143804137419,118.610912745989,96.4772070037533,80.1440187879428,61.081420414652,125.986943723033,116.06709001779,16.1499916719232,22.485974443223
140.908570128017,19.7723045242505,98.8122315037962,90.0935613682912,80.6501030864799,4.09064204389295,21.0165993243388,19.7723045242505,66.0716055155753,46.0356374057121,60.9718093104889,84.6525187798452,12.1466259230712,103.514994476596,113.120648547767,85.8370756237234,89.7777720879291,35.4570699878962,72.8657160285143,120.783944658083,68.9537418981865,130.261619292421,59.3981559563107,62.3754548330182,67.9519842312707,13.1720538756837,61.7261245734763,145.707981946997,47.0249569134665,73.5107457647574,18.6256623762233,96.0338987669951,86.3876275638376,102.9020052533,14.7291386826225,16.9481309803749,68.5181111830356,99.4853006269786,86.640695095248,66.5888877088086,32.6334202718705,127.585996994092,116.821207310484,18.2446630185921,22.8574214956389,70.7180330767323,17.5125996129067,44.490104036535,97.7406676740275,26.7603595655232,44.2709182141348,59.4902510538663,120.15272695783,91.3098239109875,78.3576612734985,56.5831200770755,126.413008700637,123.690113492171,14.9580648437945,18.9012173693018
140.801823453134,19.2173769619204,91.7662090843999,87.7825442909632,78.58132300175,4.09064204389295,19.7475610397311,19.2173769619204,74.993988631217,46.9400210859702,62.7956344877997,87.6879206846211,12.1466259230712,107.532043367452,113.645232543815,86.2334456859928,87.2580779291085,47.158328563084,69.2522677660604,121.34406630838,69.5713418528331,130.475608075961,59.7014073074824,61.0716921664832,69.0658607340857,14.2933202027311,62.2789887210577,145.947345421659,57.5313794508586,64.3485995149207,18.3168310767594,95.8540884458386,89.7400242407018,96.6885079022751,14.4939202971226,16.0457749554652,72.9625750357448,92.3912835407321,87.6247717720639,60.2650717169738,32.608973543311,100.811797033858,119.507352012032,19.4650540668982,21.4922036175711,73.462348504374,17.9112563698153,54.4301839945138,93.1460365500056,27.0623414008896,47.9763811357557,63.9771176419779,120.350109241425,98.481277189474,78.9350398962976,66.1464702478315,126.317243281058,126.197762856995,16.5929026287958,17.4148775027945
142.684306868413,19.3690865516108,96.9595209664493,103.929041117529,93.0353707025038,4.09064204389295,20.726869801577,19.3690865516108,68.2322887614706,46.9400210859702,59.5591103378707,83.7688027593649,12.1466259230712,103.689332208565,113.571488787135,97.2722919816262,87.9469277771408,35.4273987320341,69.2522677660604,121.265326821469,69.985058115543,131.232415306256,51.1722851385318,57.7725085302259,67.3014878136584,14.171468299586,62.6493399285064,146.793894503792,42.0983606476205,72.68019351647,18.8585365669081,97.1477623820192,86.5331197520545,101.483424234879,15.5761515299057,15.5517331134457,73.29201390533,97.6199701716528,85.5195670629325,61.289741998556,32.6101476013555,105.714951747892,117.794000418937,18.9952412733396,20.7173383487621,70.8371348702284,16.1538842045415,39.8290730691525,88.1009984979092,26.2156810137355,41.2774052555345,61.7805287266771,121.048184798871,83.4899731855569,77.6687454591788,61.7109242965111,128.006071662031,117.040016875042,15.9505366094686,19.3423751145932
