"feature","importance","dataset","seed"
"ENSBTAG00000009761.ENSBTAG00000002144",0,"vivo",12
"ENSBTAG00000009761.ENSBTAG00000012314",0,"vivo",12
"ENSBTAG00000005481.ENSBTAG00000003166",3.48728463638828,"vivo",12
"ENSBTAG00000012444.ENSBTAG00000015910",0.0602161112426467,"vivo",12
"ENSBTAG00000012444.ENSBTAG00000015127",0,"vivo",12
"ENSBTAG00000010663.ENSBTAG00000013745",0.579621501650268,"vivo",12
"ENSBTAG00000010663.ENSBTAG00000019929",0.12506423104242,"vivo",12
"ENSBTAG00000010663.ENSBTAG00000015910",1.11055932249875,"vivo",12
"ENSBTAG00000001141.ENSBTAG00000013745",0,"vivo",12
"ENSBTAG00000001141.ENSBTAG00000015910",0,"vivo",12
"ENSBTAG00000001141.ENSBTAG00000022799",0,"vivo",12
"ENSBTAG00000019694.ENSBTAG00000013745",1.95365294607731,"vivo",12
"ENSBTAG00000017455.ENSBTAG00000017266",0,"vivo",12
"ENSBTAG00000017455.ENSBTAG00000019929",0,"vivo",12
"ENSBTAG00000017455.ENSBTAG00000015910",0,"vivo",12
"ENSBTAG00000017455.ENSBTAG00000013755",0,"vivo",12
"ENSBTAG00000021048.ENSBTAG00000002144",0,"vivo",12
"ENSBTAG00000021048.ENSBTAG00000017981",0.180309406272541,"vivo",12
"ENSBTAG00000021048.ENSBTAG00000008483",3.29139562934217,"vivo",12
"ENSBTAG00000021048.ENSBTAG00000016948",0.124892675169934,"vivo",12
"ENSBTAG00000021048.ENSBTAG00000019903",0,"vivo",12
"ENSBTAG00000021048.ENSBTAG00000020704",0.0576427731553541,"vivo",12
"ENSBTAG00000021048.ENSBTAG00000017489",0.70076762103847,"vivo",12
"ENSBTAG00000013191.ENSBTAG00000015910",0,"vivo",12
"ENSBTAG00000014556.ENSBTAG00000026676",0,"vivo",12
"ENSBTAG00000013201.ENSBTAG00000020319",0,"vivo",12
"ENSBTAG00000014051.ENSBTAG00000013745",2.90583852724376,"vivo",12
"ENSBTAG00000014051.ENSBTAG00000015910",4.97969417717665,"vivo",12
"ENSBTAG00000014051.ENSBTAG00000020148",0,"vivo",12
"ENSBTAG00000014051.ENSBTAG00000003777",0,"vivo",12
"ENSBTAG00000011034.ENSBTAG00000020148",0,"vivo",12
"ENSBTAG00000011034.ENSBTAG00000003777",0,"vivo",12
"ENSBTAG00000021811.ENSBTAG00000020148",0,"vivo",12
"ENSBTAG00000021811.ENSBTAG00000003777",0,"vivo",12
"ENSBTAG00000011810.ENSBTAG00000003777",0,"vivo",12
"ENSBTAG00000002473.ENSBTAG00000003777",0,"vivo",12
"ENSBTAG00000015978.ENSBTAG00000039292",0.497661961392579,"vivo",12
"ENSBTAG00000015978.ENSBTAG00000013290",0.2779205134276,"vivo",12
"ENSBTAG00000015978.ENSBTAG00000011628",0,"vivo",12
"ENSBTAG00000019993.ENSBTAG00000039292",0,"vivo",12
"ENSBTAG00000019993.ENSBTAG00000027516",0,"vivo",12
"ENSBTAG00000009212.ENSBTAG00000012314",0,"vivo",12
"ENSBTAG00000019770.ENSBTAG00000012314",0,"vivo",12
"ENSBTAG00000012398.ENSBTAG00000012314",0.284530970983823,"vivo",12
"ENSBTAG00000012398.ENSBTAG00000014357",0.122067049034868,"vivo",12
"ENSBTAG00000012398.ENSBTAG00000008008",0.124292229616232,"vivo",12
"ENSBTAG00000020556.ENSBTAG00000018517",0,"vivo",12
"ENSBTAG00000023600.ENSBTAG00000005910",0.515364624460449,"vivo",12
"ENSBTAG00000010123.ENSBTAG00000012314",0.0605249118131218,"vivo",12
"ENSBTAG00000010123.ENSBTAG00000005903",0.0636690630761413,"vivo",12
"ENSBTAG00000010123.ENSBTAG00000000736",0,"vivo",12
"ENSBTAG00000010123.ENSBTAG00000014269",1.29422809726861,"vivo",12
"ENSBTAG00000010123.ENSBTAG00000014611",0.43147159709635,"vivo",12
"ENSBTAG00000010123.ENSBTAG00000018517",0,"vivo",12
"ENSBTAG00000017753.ENSBTAG00000039292",0.234688433561085,"vivo",12
"ENSBTAG00000017753.ENSBTAG00000015228",0,"vivo",12
"ENSBTAG00000017753.ENSBTAG00000015996",0,"vivo",12
"ENSBTAG00000017753.ENSBTAG00000004334",0,"vivo",12
"ENSBTAG00000017753.ENSBTAG00000020979",0.34045262894881,"vivo",12
"ENSBTAG00000017753.ENSBTAG00000020054",0,"vivo",12
"ENSBTAG00000018134.ENSBTAG00000011628",0,"vivo",12
"ENSBTAG00000018134.ENSBTAG00000010444",0.182633480252423,"vivo",12
"ENSBTAG00000007725.ENSBTAG00000012687",0,"vivo",12
"ENSBTAG00000045582.ENSBTAG00000002144",0,"vivo",12
"ENSBTAG00000045582.ENSBTAG00000012314",0.0589528361816122,"vivo",12
"ENSBTAG00000034077.ENSBTAG00000003848",0.482619660817544,"vivo",12
"ENSBTAG00000034077.ENSBTAG00000017846",1.02610018132158,"vivo",12
"ENSBTAG00000034077.ENSBTAG00000023731",0,"vivo",12
"ENSBTAG00000034077.ENSBTAG00000018999",0.631299254624444,"vivo",12
"ENSBTAG00000008027.ENSBTAG00000002144",0,"vivo",12
"ENSBTAG00000008027.ENSBTAG00000017981",0,"vivo",12
"ENSBTAG00000008027.ENSBTAG00000007175",0,"vivo",12
"ENSBTAG00000008027.ENSBTAG00000047138",0.0567421048248017,"vivo",12
"ENSBTAG00000008027.ENSBTAG00000012314",0.124057272660436,"vivo",12
"ENSBTAG00000008027.ENSBTAG00000016948",0,"vivo",12
"ENSBTAG00000008027.ENSBTAG00000019903",0,"vivo",12
"ENSBTAG00000008027.ENSBTAG00000020704",0,"vivo",12
"ENSBTAG00000008027.ENSBTAG00000017489",0.0633041169473977,"vivo",12
"ENSBTAG00000026236.ENSBTAG00000019929",13.1500557708577,"vivo",12
"ENSBTAG00000015789.ENSBTAG00000011628",0,"vivo",12
"ENSBTAG00000015789.ENSBTAG00000006732",0,"vivo",12
"ENSBTAG00000005250.ENSBTAG00000008008",0.124802041878809,"vivo",12
"ENSBTAG00000005250.ENSBTAG00000006240",0,"vivo",12
"ENSBTAG00000005111.ENSBTAG00000011909",0,"vivo",12
"ENSBTAG00000005111.ENSBTAG00000018105",0,"vivo",12
"ENSBTAG00000005111.ENSBTAG00000000231",0,"vivo",12
"ENSBTAG00000005111.ENSBTAG00000002081",1.05874481305752,"vivo",12
"ENSBTAG00000005111.ENSBTAG00000006420",0,"vivo",12
"ENSBTAG00000005111.ENSBTAG00000008997",0,"vivo",12
"ENSBTAG00000003835.ENSBTAG00000000231",0.05558410268552,"vivo",12
"ENSBTAG00000003835.ENSBTAG00000002081",0.40467211901583,"vivo",12
"ENSBTAG00000003835.ENSBTAG00000006420",0,"vivo",12
"ENSBTAG00000015362.ENSBTAG00000011909",0,"vivo",12
"ENSBTAG00000015362.ENSBTAG00000018114",0,"vivo",12
"ENSBTAG00000015362.ENSBTAG00000018105",0,"vivo",12
"ENSBTAG00000015362.ENSBTAG00000000231",0.0567421048248017,"vivo",12
"ENSBTAG00000015362.ENSBTAG00000002081",0,"vivo",12
"ENSBTAG00000015362.ENSBTAG00000006420",0,"vivo",12
"ENSBTAG00000015362.ENSBTAG00000008997",0.063468372569991,"vivo",12
"ENSBTAG00000004237.ENSBTAG00000011628",0.29181653909898,"vivo",12
"ENSBTAG00000004237.ENSBTAG00000010444",0.178579386752487,"vivo",12
"ENSBTAG00000007153.ENSBTAG00000012219",0.155635487519456,"vivo",12
"ENSBTAG00000006276.ENSBTAG00000047138",0,"vivo",12
"ENSBTAG00000017280.ENSBTAG00000039292",0.614447432996434,"vivo",12
"ENSBTAG00000017280.ENSBTAG00000037735",0,"vivo",12
"ENSBTAG00000017280.ENSBTAG00000005397",0,"vivo",12
"ENSBTAG00000017280.ENSBTAG00000047793",0,"vivo",12
"ENSBTAG00000017280.ENSBTAG00000017060",0,"vivo",12
"ENSBTAG00000037533.ENSBTAG00000037735",0,"vivo",12
"ENSBTAG00000009876.ENSBTAG00000006420",0.582217907419275,"vivo",12
"ENSBTAG00000009876.ENSBTAG00000020736",0,"vivo",12
"ENSBTAG00000012210.ENSBTAG00000039292",0.81551692141861,"vivo",12
"ENSBTAG00000012210.ENSBTAG00000037735",0,"vivo",12
"ENSBTAG00000025644.ENSBTAG00000020661",0,"vivo",12
"ENSBTAG00000025644.ENSBTAG00000014600",0,"vivo",12
"ENSBTAG00000025644.ENSBTAG00000026813",0,"vivo",12
"ENSBTAG00000025644.ENSBTAG00000011628",0,"vivo",12
"ENSBTAG00000025644.ENSBTAG00000010785",0.306672653816747,"vivo",12
"ENSBTAG00000025644.ENSBTAG00000014773",0,"vivo",12
"ENSBTAG00000025644.ENSBTAG00000012687",0,"vivo",12
"ENSBTAG00000025644.ENSBTAG00000004588",0,"vivo",12
"ENSBTAG00000025644.ENSBTAG00000010986",0.849642712478664,"vivo",12
"ENSBTAG00000025644.ENSBTAG00000020667",1.30203718302976,"vivo",12
"ENSBTAG00000025644.ENSBTAG00000014567",0.424460420507608,"vivo",12
"ENSBTAG00000025644.ENSBTAG00000012100",13.6571936590305,"vivo",12
"ENSBTAG00000025644.ENSBTAG00000004337",0.238641080863166,"vivo",12
"ENSBTAG00000025644.ENSBTAG00000011050",0.700012293195768,"vivo",12
"ENSBTAG00000025644.ENSBTAG00000011425",0,"vivo",12
"ENSBTAG00000025644.ENSBTAG00000011515",6.37641847880068,"vivo",12
"ENSBTAG00000025644.ENSBTAG00000019021",0,"vivo",12
"ENSBTAG00000014583.ENSBTAG00000020661",0.181856683786321,"vivo",12
"ENSBTAG00000014583.ENSBTAG00000014600",0,"vivo",12
"ENSBTAG00000014583.ENSBTAG00000026813",0,"vivo",12
"ENSBTAG00000014583.ENSBTAG00000011628",0,"vivo",12
"ENSBTAG00000014583.ENSBTAG00000012687",0.127076113547031,"vivo",12
"ENSBTAG00000014583.ENSBTAG00000010986",2.65754612500113,"vivo",12
"ENSBTAG00000014583.ENSBTAG00000020667",1.68437233519018,"vivo",12
"ENSBTAG00000014583.ENSBTAG00000014567",0.314032812132846,"vivo",12
"ENSBTAG00000014583.ENSBTAG00000012100",15.49322301682,"vivo",12
"ENSBTAG00000014583.ENSBTAG00000004337",1.11793686250685,"vivo",12
"ENSBTAG00000014583.ENSBTAG00000011050",0.306884190464222,"vivo",12
"ENSBTAG00000014583.ENSBTAG00000011515",5.31639088330861,"vivo",12
"ENSBTAG00000015114.ENSBTAG00000008165",0,"vivo",12
"ENSBTAG00000015114.ENSBTAG00000019929",0.684695622941861,"vivo",12
"ENSBTAG00000015114.ENSBTAG00000017489",0.363175538459355,"vivo",12
"ENSBTAG00000004129.ENSBTAG00000003220",0,"vivo",12
"ENSBTAG00000004129.ENSBTAG00000014162",0.237316523522575,"vivo",12
"ENSBTAG00000004129.ENSBTAG00000001338",0,"vivo",12
"ENSBTAG00000004129.ENSBTAG00000014798",0,"vivo",12
"ENSBTAG00000010738.ENSBTAG00000003220",0,"vivo",12
"ENSBTAG00000010738.ENSBTAG00000014162",0,"vivo",12
"ENSBTAG00000010738.ENSBTAG00000019428",0,"vivo",12
"ENSBTAG00000010738.ENSBTAG00000001338",0,"vivo",12
"ENSBTAG00000021326.ENSBTAG00000039292",0,"vivo",12
"ENSBTAG00000021326.ENSBTAG00000014798",0,"vivo",12
"ENSBTAG00000010161.ENSBTAG00000014162",0,"vivo",12
"ENSBTAG00000010161.ENSBTAG00000039292",0,"vivo",12
"ENSBTAG00000010161.ENSBTAG00000015133",16.6205436006368,"vivo",12
"ENSBTAG00000005581.ENSBTAG00000014162",0,"vivo",12
"ENSBTAG00000005581.ENSBTAG00000039292",0,"vivo",12
"ENSBTAG00000025257.ENSBTAG00000014162",0.167061108627035,"vivo",12
"ENSBTAG00000025257.ENSBTAG00000019428",0.50068517083788,"vivo",12
"ENSBTAG00000025257.ENSBTAG00000001338",0,"vivo",12
"ENSBTAG00000014113.ENSBTAG00000014162",0,"vivo",12
"ENSBTAG00000014113.ENSBTAG00000019428",0,"vivo",12
"ENSBTAG00000014113.ENSBTAG00000001338",0,"vivo",12
"ENSBTAG00000014113.ENSBTAG00000003220",0,"vivo",12
"ENSBTAG00000010562.ENSBTAG00000011515",6.62053064630398,"vivo",12
"ENSBTAG00000010562.ENSBTAG00000020755",0,"vivo",12
"ENSBTAG00000017866.ENSBTAG00000006240",0.10087485302187,"vivo",12
"ENSBTAG00000017866.ENSBTAG00000014031",0,"vivo",12
"ENSBTAG00000011238.ENSBTAG00000017256",0,"vivo",12
"ENSBTAG00000006984.ENSBTAG00000021818",0,"vivo",12
"ENSBTAG00000040131.ENSBTAG00000017256",0,"vivo",12
"ENSBTAG00000022514.ENSBTAG00000013730",0,"vivo",12
"ENSBTAG00000015991.ENSBTAG00000021190",0,"vivo",12
"ENSBTAG00000015991.ENSBTAG00000011628",0,"vivo",12
"ENSBTAG00000015991.ENSBTAG00000010444",0.917985046641262,"vivo",12
"ENSBTAG00000015991.ENSBTAG00000021527",0,"vivo",12
"ENSBTAG00000015991.ENSBTAG00000018993",0,"vivo",12
"ENSBTAG00000015991.ENSBTAG00000005903",0.0594441098164589,"vivo",12
"ENSBTAG00000015991.ENSBTAG00000000253",0,"vivo",12
"ENSBTAG00000015991.ENSBTAG00000024015",0.063226916804779,"vivo",12
"ENSBTAG00000017564.ENSBTAG00000017846",0.819351189811379,"vivo",12
"ENSBTAG00000017564.ENSBTAG00000000561",1.19673779494808,"vivo",12
"ENSBTAG00000017564.ENSBTAG00000018035",1.38403214614157,"vivo",12
"ENSBTAG00000017564.ENSBTAG00000019832",0,"vivo",12
"ENSBTAG00000021302.ENSBTAG00000019289",0,"vivo",12
"ENSBTAG00000021302.ENSBTAG00000015910",1.34396068810402,"vivo",12
"ENSBTAG00000021217.ENSBTAG00000010682",0,"vivo",12
"ENSBTAG00000021217.ENSBTAG00000019289",0,"vivo",12
"ENSBTAG00000021217.ENSBTAG00000015910",0,"vivo",12
"ENSBTAG00000023907.ENSBTAG00000015996",0.0635246887834513,"vivo",12
"ENSBTAG00000023907.ENSBTAG00000020644",0,"vivo",12
"ENSBTAG00000023907.ENSBTAG00000013745",0,"vivo",12
"ENSBTAG00000023907.ENSBTAG00000015910",0,"vivo",12
"ENSBTAG00000023907.ENSBTAG00000013755",0,"vivo",12
"ENSBTAG00000023907.ENSBTAG00000000782",0,"vivo",12
"ENSBTAG00000013103.ENSBTAG00000017866",0.792901040147658,"vivo",12
"ENSBTAG00000013103.ENSBTAG00000011578",0,"vivo",12
"ENSBTAG00000013103.ENSBTAG00000010682",0,"vivo",12
"ENSBTAG00000013103.ENSBTAG00000004885",0,"vivo",12
"ENSBTAG00000013103.ENSBTAG00000001462",0.406921951743578,"vivo",12
"ENSBTAG00000013103.ENSBTAG00000019289",0,"vivo",12
"ENSBTAG00000013103.ENSBTAG00000013745",0,"vivo",12
"ENSBTAG00000013103.ENSBTAG00000019929",0.121328740270544,"vivo",12
"ENSBTAG00000013103.ENSBTAG00000015910",0,"vivo",12
"ENSBTAG00000013472.ENSBTAG00000017866",0.238909839161865,"vivo",12
"ENSBTAG00000013472.ENSBTAG00000011578",0,"vivo",12
"ENSBTAG00000013472.ENSBTAG00000001462",0,"vivo",12
"ENSBTAG00000013472.ENSBTAG00000019289",0.0567421048248017,"vivo",12
"ENSBTAG00000013472.ENSBTAG00000008165",0,"vivo",12
"ENSBTAG00000013472.ENSBTAG00000019929",1.49517293819393,"vivo",12
"ENSBTAG00000013472.ENSBTAG00000015910",0,"vivo",12
"ENSBTAG00000013155.ENSBTAG00000010682",0,"vivo",12
"ENSBTAG00000013155.ENSBTAG00000008373",0,"vivo",12
"ENSBTAG00000013155.ENSBTAG00000019289",0,"vivo",12
"ENSBTAG00000013155.ENSBTAG00000008165",0,"vivo",12
"ENSBTAG00000013155.ENSBTAG00000015910",0.382421877008699,"vivo",12
"ENSBTAG00000021466.ENSBTAG00000010682",0,"vivo",12
"ENSBTAG00000021466.ENSBTAG00000004885",0,"vivo",12
"ENSBTAG00000021466.ENSBTAG00000019289",0,"vivo",12
"ENSBTAG00000021466.ENSBTAG00000015910",0.428561487372415,"vivo",12
"ENSBTAG00000012849.ENSBTAG00000003585",0,"vivo",12
"ENSBTAG00000012849.ENSBTAG00000019289",0,"vivo",12
"ENSBTAG00000012849.ENSBTAG00000019929",0.24593649434064,"vivo",12
"ENSBTAG00000012849.ENSBTAG00000015910",0,"vivo",12
"ENSBTAG00000025210.ENSBTAG00000013755",0,"vivo",12
"ENSBTAG00000021316.ENSBTAG00000003585",0.304946165676728,"vivo",12
"ENSBTAG00000021316.ENSBTAG00000019289",0,"vivo",12
"ENSBTAG00000021316.ENSBTAG00000019929",0,"vivo",12
"ENSBTAG00000021316.ENSBTAG00000015910",0,"vivo",12
"ENSBTAG00000014575.ENSBTAG00000003585",0.238641080863166,"vivo",12
"ENSBTAG00000014575.ENSBTAG00000019289",0,"vivo",12
"ENSBTAG00000014575.ENSBTAG00000019929",0.123460843464953,"vivo",12
"ENSBTAG00000014575.ENSBTAG00000015910",0,"vivo",12
"ENSBTAG00000013760.ENSBTAG00000003585",0,"vivo",12
"ENSBTAG00000013760.ENSBTAG00000019289",0,"vivo",12
"ENSBTAG00000013760.ENSBTAG00000019929",0,"vivo",12
"ENSBTAG00000013760.ENSBTAG00000015910",0,"vivo",12
"ENSBTAG00000010179.ENSBTAG00000026676",0,"vivo",12
"ENSBTAG00000011802.ENSBTAG00000019289",0,"vivo",12
"ENSBTAG00000011802.ENSBTAG00000017266",0.0598598028920985,"vivo",12
"ENSBTAG00000011802.ENSBTAG00000015910",0,"vivo",12
"ENSBTAG00000019269.ENSBTAG00000019289",0,"vivo",12
"ENSBTAG00000019269.ENSBTAG00000015910",0.393982916519378,"vivo",12
"ENSBTAG00000004630.ENSBTAG00000015910",0.212230210253804,"vivo",12
"ENSBTAG00000012164.ENSBTAG00000010498",0,"vivo",12
"ENSBTAG00000000283.ENSBTAG00000012771",0,"vivo",12
"ENSBTAG00000001725.ENSBTAG00000039292",2.16281975087064,"vivo",12
"ENSBTAG00000001725.ENSBTAG00000001338",0.123800955981385,"vivo",12
"ENSBTAG00000001725.ENSBTAG00000014798",0.402390897219107,"vivo",12
"ENSBTAG00000001725.ENSBTAG00000015127",0.762275685732504,"vivo",12
"ENSBTAG00000005077.ENSBTAG00000018424",0,"vivo",12
"ENSBTAG00000005077.ENSBTAG00000039292",0.120389333517172,"vivo",12
"ENSBTAG00000005077.ENSBTAG00000034883",0,"vivo",12
"ENSBTAG00000005077.ENSBTAG00000003255",0,"vivo",12
"ENSBTAG00000005077.ENSBTAG00000014798",0,"vivo",12
"ENSBTAG00000005077.ENSBTAG00000001060",0,"vivo",12
"ENSBTAG00000005077.ENSBTAG00000015910",0.697053648689421,"vivo",12
"ENSBTAG00000005077.ENSBTAG00000015127",0.986507389720925,"vivo",12
"ENSBTAG00000031998.ENSBTAG00000039292",0,"vivo",12
"ENSBTAG00000031998.ENSBTAG00000015708",0,"vivo",12
"ENSBTAG00000037778.ENSBTAG00000039292",0.0633041169473977,"vivo",12
"ENSBTAG00000009812.ENSBTAG00000003220",0,"vivo",12
"ENSBTAG00000009812.ENSBTAG00000039292",0.235262946250341,"vivo",12
"ENSBTAG00000019716.ENSBTAG00000003220",0,"vivo",12
"ENSBTAG00000019716.ENSBTAG00000039292",1.71290265681359,"vivo",12
"ENSBTAG00000003505.ENSBTAG00000011628",0,"vivo",12
"ENSBTAG00000003505.ENSBTAG00000006161",0,"vivo",12
"ENSBTAG00000014218.ENSBTAG00000005903",0,"vivo",12
"ENSBTAG00000014218.ENSBTAG00000011761",0.272362103159048,"vivo",12
"ENSBTAG00000005850.ENSBTAG00000022799",0,"vivo",12
"ENSBTAG00000010361.ENSBTAG00000022799",0,"vivo",12
"ENSBTAG00000012829.ENSBTAG00000016933",0.451471851588481,"vivo",12
"ENSBTAG00000012829.ENSBTAG00000017745",0,"vivo",12
"ENSBTAG00000003806.ENSBTAG00000016455",0.05558410268552,"vivo",12
"ENSBTAG00000008096.ENSBTAG00000013674",0,"vivo",12
"ENSBTAG00000008096.ENSBTAG00000019733",0,"vivo",12
"ENSBTAG00000012109.ENSBTAG00000013674",0.0636472286923701,"vivo",12
"ENSBTAG00000017448.ENSBTAG00000011628",1.44735729721014,"vivo",12
"ENSBTAG00000021457.ENSBTAG00000023147",0.0634383780649957,"vivo",12
"ENSBTAG00000021457.ENSBTAG00000011986",2.58669929342875,"vivo",12
"ENSBTAG00000020244.ENSBTAG00000006359",0,"vivo",12
"ENSBTAG00000020244.ENSBTAG00000000815",0,"vivo",12
"ENSBTAG00000020244.ENSBTAG00000015510",0,"vivo",12
"ENSBTAG00000038221.ENSBTAG00000006359",0,"vivo",12
"ENSBTAG00000038221.ENSBTAG00000000815",0,"vivo",12
"ENSBTAG00000010673.ENSBTAG00000006359",0.0636901176604915,"vivo",12
"ENSBTAG00000010673.ENSBTAG00000000815",0,"vivo",12
"ENSBTAG00000016515.ENSBTAG00000006359",0,"vivo",12
"ENSBTAG00000016515.ENSBTAG00000000815",0.112403407652941,"vivo",12
"ENSBTAG00000016515.ENSBTAG00000015510",0,"vivo",12
"ENSBTAG00000015801.ENSBTAG00000015510",0,"vivo",12
"ENSBTAG00000025410.ENSBTAG00000018343",0,"vivo",12
"ENSBTAG00000007268.ENSBTAG00000015910",0,"vivo",12
"ENSBTAG00000007148.ENSBTAG00000020199",1.03777242119159,"vivo",12
"ENSBTAG00000007148.ENSBTAG00000034848",0.756485085113899,"vivo",12
"ENSBTAG00000007148.ENSBTAG00000000898",0.124508390015565,"vivo",12
"ENSBTAG00000007148.ENSBTAG00000008165",0,"vivo",12
"ENSBTAG00000010726.ENSBTAG00000025101",0,"vivo",12
"ENSBTAG00000010726.ENSBTAG00000012314",0,"vivo",12
"ENSBTAG00000047330.ENSBTAG00000017851",0.216457322958035,"vivo",12
"ENSBTAG00000032808.ENSBTAG00000010785",0.499600722957421,"vivo",12
"ENSBTAG00000032808.ENSBTAG00000004211",1.36287039206058,"vivo",12
"ENSBTAG00000032808.ENSBTAG00000007498",0,"vivo",12
"ENSBTAG00000012088.ENSBTAG00000015910",0,"vivo",12
"ENSBTAG00000002278.ENSBTAG00000013745",1.04764921420465,"vivo",12
"ENSBTAG00000002278.ENSBTAG00000019929",0.428587658901458,"vivo",12
"ENSBTAG00000002278.ENSBTAG00000015910",0.638811685184877,"vivo",12
"ENSBTAG00000022120.ENSBTAG00000008165",0,"vivo",12
"ENSBTAG00000022120.ENSBTAG00000013745",0,"vivo",12
"ENSBTAG00000022120.ENSBTAG00000019929",0,"vivo",12
"ENSBTAG00000022120.ENSBTAG00000015910",0,"vivo",12
"ENSBTAG00000022120.ENSBTAG00000017060",0,"vivo",12
"ENSBTAG00000022120.ENSBTAG00000006240",0,"vivo",12
"ENSBTAG00000012413.ENSBTAG00000015457",0,"vivo",12
"ENSBTAG00000012413.ENSBTAG00000014064",0,"vivo",12
"ENSBTAG00000012413.ENSBTAG00000010543",0,"vivo",12
"ENSBTAG00000020194.ENSBTAG00000011628",0,"vivo",12
"ENSBTAG00000020194.ENSBTAG00000015457",0,"vivo",12
"ENSBTAG00000020194.ENSBTAG00000014064",1.8935476511696,"vivo",12
"ENSBTAG00000020194.ENSBTAG00000010543",0,"vivo",12
"ENSBTAG00000020194.ENSBTAG00000009155",0,"vivo",12
"ENSBTAG00000005198.ENSBTAG00000011578",0,"vivo",12
"ENSBTAG00000005198.ENSBTAG00000011628",0,"vivo",12
"ENSBTAG00000005198.ENSBTAG00000015457",0.155635487519456,"vivo",12
"ENSBTAG00000005198.ENSBTAG00000014064",0.124402515534259,"vivo",12
"ENSBTAG00000005198.ENSBTAG00000010543",0.285873145821663,"vivo",12
"ENSBTAG00000005198.ENSBTAG00000027464",0,"vivo",12
"ENSBTAG00000005198.ENSBTAG00000019866",0.613401124680516,"vivo",12
"ENSBTAG00000005691.ENSBTAG00000011578",0,"vivo",12
"ENSBTAG00000005691.ENSBTAG00000015457",0,"vivo",12
"ENSBTAG00000005691.ENSBTAG00000014064",0.188531170108796,"vivo",12
"ENSBTAG00000005691.ENSBTAG00000010543",0,"vivo",12
"ENSBTAG00000005691.ENSBTAG00000027464",0.230127174460806,"vivo",12
"ENSBTAG00000005691.ENSBTAG00000020644",0,"vivo",12
"ENSBTAG00000005691.ENSBTAG00000019866",2.18440560687783,"vivo",12
"ENSBTAG00000005691.ENSBTAG00000011154",0,"vivo",12
"ENSBTAG00000005691.ENSBTAG00000014357",0,"vivo",12
"ENSBTAG00000005691.ENSBTAG00000026676",0,"vivo",12
"ENSBTAG00000005691.ENSBTAG00000015127",0,"vivo",12
"ENSBTAG00000016177.ENSBTAG00000011628",0,"vivo",12
"ENSBTAG00000038045.ENSBTAG00000018572",0,"vivo",12
"ENSBTAG00000008300.ENSBTAG00000011578",0,"vivo",12
"ENSBTAG00000008300.ENSBTAG00000001882",0.965244825585219,"vivo",12
"ENSBTAG00000008300.ENSBTAG00000011741",0,"vivo",12
"ENSBTAG00000008300.ENSBTAG00000001462",0,"vivo",12
"ENSBTAG00000008300.ENSBTAG00000033669",0,"vivo",12
"ENSBTAG00000008300.ENSBTAG00000019289",0,"vivo",12
"ENSBTAG00000008300.ENSBTAG00000008165",0,"vivo",12
"ENSBTAG00000008300.ENSBTAG00000013745",0.902696758663494,"vivo",12
"ENSBTAG00000008300.ENSBTAG00000017266",0.103756991679637,"vivo",12
"ENSBTAG00000008300.ENSBTAG00000019929",0,"vivo",12
"ENSBTAG00000008300.ENSBTAG00000015910",0,"vivo",12
"ENSBTAG00000008300.ENSBTAG00000018993",0,"vivo",12
"ENSBTAG00000008300.ENSBTAG00000013125",0,"vivo",12
"ENSBTAG00000008300.ENSBTAG00000004356",0,"vivo",12
"ENSBTAG00000008300.ENSBTAG00000014357",0,"vivo",12
"ENSBTAG00000008300.ENSBTAG00000017489",0.658369120488505,"vivo",12
"ENSBTAG00000003329.ENSBTAG00000002081",0.312039192144383,"vivo",12
"ENSBTAG00000003329.ENSBTAG00000006420",0,"vivo",12
"ENSBTAG00000009393.ENSBTAG00000039292",6.22614258176903,"vivo",12
"ENSBTAG00000019964.ENSBTAG00000003166",0.687048277793183,"vivo",12
"ENSBTAG00000019964.ENSBTAG00000005828",0,"vivo",12
"ENSBTAG00000019964.ENSBTAG00000001694",0,"vivo",12
"ENSBTAG00000009478.ENSBTAG00000018114",0,"vivo",12
"ENSBTAG00000009478.ENSBTAG00000000231",0,"vivo",12
"ENSBTAG00000009478.ENSBTAG00000002081",20.4126150916202,"vivo",12
"ENSBTAG00000009478.ENSBTAG00000006420",0,"vivo",12
"ENSBTAG00000009478.ENSBTAG00000014354",0,"vivo",12
"ENSBTAG00000009478.ENSBTAG00000018035",0.05558410268552,"vivo",12
"ENSBTAG00000020645.ENSBTAG00000006208",0.307841067563674,"vivo",12
"ENSBTAG00000020645.ENSBTAG00000014600",0.309502389953464,"vivo",12
"ENSBTAG00000020645.ENSBTAG00000011461",0,"vivo",12
"ENSBTAG00000020645.ENSBTAG00000039292",0.693765893420937,"vivo",12
"ENSBTAG00000020645.ENSBTAG00000014798",0,"vivo",12
"ENSBTAG00000020645.ENSBTAG00000010860",2.43208478439464,"vivo",12
"ENSBTAG00000020645.ENSBTAG00000013674",0,"vivo",12
"ENSBTAG00000020645.ENSBTAG00000011628",0,"vivo",12
"ENSBTAG00000020645.ENSBTAG00000020199",0,"vivo",12
"ENSBTAG00000020645.ENSBTAG00000021527",0.0540400998331445,"vivo",12
"ENSBTAG00000020645.ENSBTAG00000012848",0,"vivo",12
"ENSBTAG00000020645.ENSBTAG00000005990",0.123931962284011,"vivo",12
"ENSBTAG00000020645.ENSBTAG00000014944",0,"vivo",12
"ENSBTAG00000020645.ENSBTAG00000017489",0.606567031296322,"vivo",12
"ENSBTAG00000020645.ENSBTAG00000014270",0,"vivo",12
"ENSBTAG00000016043.ENSBTAG00000018035",0,"vivo",12
"ENSBTAG00000020406.ENSBTAG00000047793",0,"vivo",12
"ENSBTAG00000020406.ENSBTAG00000021527",0.511129277588492,"vivo",12
"ENSBTAG00000006396.ENSBTAG00000003798",0,"vivo",12
"ENSBTAG00000017664.ENSBTAG00000011578",0,"vivo",12
"ENSBTAG00000017664.ENSBTAG00000015910",3.02756155377114,"vivo",12
"ENSBTAG00000017664.ENSBTAG00000006161",0.600923639552137,"vivo",12
"ENSBTAG00000017664.ENSBTAG00000011154",0,"vivo",12
"ENSBTAG00000017664.ENSBTAG00000014357",0,"vivo",12
"ENSBTAG00000017664.ENSBTAG00000019712",1.8963053642507,"vivo",12
"ENSBTAG00000018103.ENSBTAG00000011154",0,"vivo",12
"ENSBTAG00000018103.ENSBTAG00000006240",0,"vivo",12
"ENSBTAG00000006354.ENSBTAG00000012071",0.124508390015565,"vivo",12
"ENSBTAG00000006354.ENSBTAG00000025101",1.80869355361543,"vivo",12
"ENSBTAG00000006354.ENSBTAG00000017060",0,"vivo",12
"ENSBTAG00000013162.ENSBTAG00000002144",0,"vivo",12
"ENSBTAG00000013162.ENSBTAG00000012314",0,"vivo",12
"ENSBTAG00000017122.ENSBTAG00000011741",0.124292229616232,"vivo",12
"ENSBTAG00000017122.ENSBTAG00000019289",0,"vivo",12
"ENSBTAG00000017122.ENSBTAG00000015910",0,"vivo",12
"ENSBTAG00000017122.ENSBTAG00000018052",0,"vivo",12
"ENSBTAG00000017122.ENSBTAG00000011154",0,"vivo",12
"ENSBTAG00000000470.ENSBTAG00000019929",0.416047498760753,"vivo",12
"ENSBTAG00000010303.ENSBTAG00000011628",0,"vivo",12
"ENSBTAG00000010303.ENSBTAG00000020892",0.182385336936863,"vivo",12
"ENSBTAG00000010303.ENSBTAG00000007626",0,"vivo",12
"ENSBTAG00000010303.ENSBTAG00000007103",0,"vivo",12
"ENSBTAG00000010303.ENSBTAG00000017060",0,"vivo",12
"ENSBTAG00000015742.ENSBTAG00000007103",0,"vivo",12
"ENSBTAG00000015742.ENSBTAG00000017060",0,"vivo",12
"ENSBTAG00000012529.ENSBTAG00000012899",0,"vivo",12
"ENSBTAG00000011082.ENSBTAG00000021527",0,"vivo",12
"ENSBTAG00000011082.ENSBTAG00000002402",0,"vivo",12
"ENSBTAG00000011082.ENSBTAG00000012687",0.470769754801759,"vivo",12
"ENSBTAG00000013066.ENSBTAG00000021527",0,"vivo",12
"ENSBTAG00000013066.ENSBTAG00000002402",0.489674021698039,"vivo",12
"ENSBTAG00000013066.ENSBTAG00000012687",0,"vivo",12
"ENSBTAG00000008611.ENSBTAG00000011761",0,"vivo",12
"ENSBTAG00000008452.ENSBTAG00000013909",0.0634383780649957,"vivo",12
"ENSBTAG00000008452.ENSBTAG00000016071",0,"vivo",12
"ENSBTAG00000008452.ENSBTAG00000009903",0,"vivo",12
"ENSBTAG00000006685.ENSBTAG00000005215",0,"vivo",12
"ENSBTAG00000006685.ENSBTAG00000019404",0.0636690630761413,"vivo",12
"ENSBTAG00000018200.ENSBTAG00000020892",0,"vivo",12
"ENSBTAG00000018200.ENSBTAG00000007626",0,"vivo",12
"ENSBTAG00000010963.ENSBTAG00000003255",0,"vivo",12
"ENSBTAG00000010963.ENSBTAG00000009024",0.0633041169473977,"vivo",12
"ENSBTAG00000010963.ENSBTAG00000002414",0,"vivo",12
"ENSBTAG00000010963.ENSBTAG00000000973",0,"vivo",12
"ENSBTAG00000000277.ENSBTAG00000011238",0.733669877113585,"vivo",12
"ENSBTAG00000000277.ENSBTAG00000027676",1.22738598633533,"vivo",12
"ENSBTAG00000001321.ENSBTAG00000002144",0.652418405271292,"vivo",12
"ENSBTAG00000001321.ENSBTAG00000005273",0.610688121703694,"vivo",12
"ENSBTAG00000001321.ENSBTAG00000013205",0,"vivo",12
"ENSBTAG00000019665.ENSBTAG00000005273",0,"vivo",12
"ENSBTAG00000009357.ENSBTAG00000012771",0,"vivo",12
"ENSBTAG00000014921.ENSBTAG00000007101",6.67533224389601,"vivo",12
"ENSBTAG00000014921.ENSBTAG00000018474",28.9467050095527,"vivo",12
"ENSBTAG00000014921.ENSBTAG00000017745",20.858040284561,"vivo",12
"ENSBTAG00000009972.ENSBTAG00000018114",0.123520228190045,"vivo",12
"ENSBTAG00000009972.ENSBTAG00000018105",0,"vivo",12
"ENSBTAG00000009972.ENSBTAG00000011909",0,"vivo",12
"ENSBTAG00000009972.ENSBTAG00000024269",0.181279971258457,"vivo",12
"ENSBTAG00000025775.ENSBTAG00000002144",0,"vivo",12
"ENSBTAG00000025775.ENSBTAG00000017981",0,"vivo",12
"ENSBTAG00000025775.ENSBTAG00000016948",0,"vivo",12
"ENSBTAG00000025775.ENSBTAG00000019903",0,"vivo",12
"ENSBTAG00000025775.ENSBTAG00000020704",1.64996997385245,"vivo",12
"ENSBTAG00000025775.ENSBTAG00000017489",0,"vivo",12
"ENSBTAG00000013003.ENSBTAG00000021527",0,"vivo",12
"ENSBTAG00000013003.ENSBTAG00000012687",0.885745461983242,"vivo",12
"ENSBTAG00000021105.ENSBTAG00000006240",0,"vivo",12
"ENSBTAG00000021105.ENSBTAG00000014031",0,"vivo",12
"ENSBTAG00000030710.ENSBTAG00000013755",0,"vivo",12
"ENSBTAG00000014075.ENSBTAG00000012887",1.17779369434515,"vivo",12
"ENSBTAG00000012817.ENSBTAG00000022799",0.063624570369589,"vivo",12
"ENSBTAG00000012817.ENSBTAG00000007909",0,"vivo",12
"ENSBTAG00000007319.ENSBTAG00000022799",0.318922812551465,"vivo",12
"ENSBTAG00000007319.ENSBTAG00000007909",0,"vivo",12
"ENSBTAG00000003176.ENSBTAG00000015910",0,"vivo",12
"ENSBTAG00000003176.ENSBTAG00000017060",0,"vivo",12
"ENSBTAG00000017549.ENSBTAG00000008197",0,"vivo",12
"ENSBTAG00000017549.ENSBTAG00000002699",0,"vivo",12
"ENSBTAG00000008817.ENSBTAG00000017266",0,"vivo",12
"ENSBTAG00000008817.ENSBTAG00000019929",0.509057740428221,"vivo",12
"ENSBTAG00000008817.ENSBTAG00000015910",0,"vivo",12
"ENSBTAG00000011412.ENSBTAG00000019289",0,"vivo",12
"ENSBTAG00000011412.ENSBTAG00000017266",0,"vivo",12
"ENSBTAG00000011412.ENSBTAG00000012897",0.120180482889797,"vivo",12
"ENSBTAG00000011412.ENSBTAG00000019929",0.586534855371681,"vivo",12
"ENSBTAG00000011412.ENSBTAG00000015910",0.235262946250341,"vivo",12
"ENSBTAG00000011412.ENSBTAG00000018169",0,"vivo",12
"ENSBTAG00000022635.ENSBTAG00000015910",0,"vivo",12
"ENSBTAG00000022635.ENSBTAG00000018169",0,"vivo",12
"ENSBTAG00000022635.ENSBTAG00000009757",0.513380948414873,"vivo",12
"ENSBTAG00000016542.ENSBTAG00000019569",0.64601371353389,"vivo",12
"ENSBTAG00000016542.ENSBTAG00000019289",0,"vivo",12
"ENSBTAG00000016542.ENSBTAG00000017266",0,"vivo",12
"ENSBTAG00000016542.ENSBTAG00000015910",0,"vivo",12
"ENSBTAG00000016542.ENSBTAG00000018169",0,"vivo",12
"ENSBTAG00000011966.ENSBTAG00000019289",0,"vivo",12
"ENSBTAG00000011966.ENSBTAG00000017266",0,"vivo",12
"ENSBTAG00000011966.ENSBTAG00000012897",0,"vivo",12
"ENSBTAG00000011966.ENSBTAG00000019929",0.180309406272541,"vivo",12
"ENSBTAG00000011966.ENSBTAG00000015910",0.415557339125078,"vivo",12
"ENSBTAG00000011966.ENSBTAG00000018169",0.123211427619569,"vivo",12
"ENSBTAG00000000793.ENSBTAG00000019569",0,"vivo",12
"ENSBTAG00000000793.ENSBTAG00000019289",0,"vivo",12
"ENSBTAG00000000793.ENSBTAG00000017266",0,"vivo",12
"ENSBTAG00000000793.ENSBTAG00000015910",0,"vivo",12
"ENSBTAG00000000793.ENSBTAG00000018169",0,"vivo",12
"ENSBTAG00000017473.ENSBTAG00000019289",0,"vivo",12
"ENSBTAG00000017473.ENSBTAG00000017266",0.286100759308936,"vivo",12
"ENSBTAG00000017473.ENSBTAG00000015910",2.9225301795342,"vivo",12
"ENSBTAG00000017473.ENSBTAG00000018169",0,"vivo",12
"ENSBTAG00000015089.ENSBTAG00000002135",0.0594441098164589,"vivo",12
"ENSBTAG00000001368.ENSBTAG00000015910",0,"vivo",12
"ENSBTAG00000038735.ENSBTAG00000002144",0,"vivo",12
"ENSBTAG00000038735.ENSBTAG00000017981",0,"vivo",12
"ENSBTAG00000038735.ENSBTAG00000016948",0,"vivo",12
"ENSBTAG00000038735.ENSBTAG00000019903",0,"vivo",12
"ENSBTAG00000038735.ENSBTAG00000020704",0,"vivo",12
"ENSBTAG00000038735.ENSBTAG00000017489",0.288997055629425,"vivo",12
"ENSBTAG00000001460.ENSBTAG00000020661",0,"vivo",12
"ENSBTAG00000000073.ENSBTAG00000012314",0,"vivo",12
"ENSBTAG00000000073.ENSBTAG00000000736",0,"vivo",12
"ENSBTAG00000000073.ENSBTAG00000014611",0.59959695537386,"vivo",12
"ENSBTAG00000000073.ENSBTAG00000008849",0.0634971173039448,"vivo",12
"ENSBTAG00000000073.ENSBTAG00000018517",0,"vivo",12
"ENSBTAG00000000016.ENSBTAG00000016455",7.97725761574848,"vivo",12
"ENSBTAG00000000016.ENSBTAG00000013674",2.75886741147211,"vivo",12
"ENSBTAG00000000016.ENSBTAG00000015312",4.72387876714318,"vivo",12
"ENSBTAG00000000016.ENSBTAG00000004211",2.8437399399802,"vivo",12
"ENSBTAG00000000016.ENSBTAG00000024928",0.891291865051147,"vivo",12
"ENSBTAG00000019839.ENSBTAG00000013755",2.69131764522244,"vivo",12
"ENSBTAG00000018343.ENSBTAG00000020736",0,"vivo",12
"ENSBTAG00000018343.ENSBTAG00000015312",0,"vivo",12
"ENSBTAG00000018343.ENSBTAG00000004211",0,"vivo",12
"ENSBTAG00000001292.ENSBTAG00000034385",0.149649507230246,"vivo",12
"ENSBTAG00000001292.ENSBTAG00000032007",0,"vivo",12
"ENSBTAG00000001292.ENSBTAG00000032719",0,"vivo",12
"ENSBTAG00000001745.ENSBTAG00000015910",0.0567421048248017,"vivo",12
"ENSBTAG00000031444.ENSBTAG00000006360",0,"vivo",12
"ENSBTAG00000018077.ENSBTAG00000024406",4.41862211525115,"vivo",12
"ENSBTAG00000026779.ENSBTAG00000007103",0,"vivo",12
"ENSBTAG00000039355.ENSBTAG00000011578",0,"vivo",12
"ENSBTAG00000039355.ENSBTAG00000018993",0,"vivo",12
"ENSBTAG00000010312.ENSBTAG00000014064",2.24162248642377,"vivo",12
"ENSBTAG00000007740.ENSBTAG00000017266",0,"vivo",12
"ENSBTAG00000007740.ENSBTAG00000015910",0,"vivo",12
"ENSBTAG00000007740.ENSBTAG00000012119",0,"vivo",12
"ENSBTAG00000007740.ENSBTAG00000011154",0.0633041169473977,"vivo",12
"ENSBTAG00000007740.ENSBTAG00000026676",0,"vivo",12
"ENSBTAG00000007740.ENSBTAG00000015127",0.285861099525532,"vivo",12
"ENSBTAG00000007740.ENSBTAG00000013320",1.92068075265153,"vivo",12
"ENSBTAG00000003832.ENSBTAG00000022799",0,"vivo",12
"ENSBTAG00000000310.ENSBTAG00000022799",0,"vivo",12
"ENSBTAG00000003300.ENSBTAG00000019929",0,"vivo",12
"ENSBTAG00000003300.ENSBTAG00000002804",0,"vivo",12
"ENSBTAG00000015043.ENSBTAG00000022799",0.0635765880389933,"vivo",12
"ENSBTAG00000015043.ENSBTAG00000007909",0,"vivo",12
"ENSBTAG00000019267.ENSBTAG00000014357",0,"vivo",12
"ENSBTAG00000004594.ENSBTAG00000019569",1.13687359026268,"vivo",12
"ENSBTAG00000004594.ENSBTAG00000011578",0,"vivo",12
"ENSBTAG00000020676.ENSBTAG00000011578",0,"vivo",12
"ENSBTAG00000020676.ENSBTAG00000017060",0.0637673178031106,"vivo",12
"ENSBTAG00000011585.ENSBTAG00000015046",0,"vivo",12
"ENSBTAG00000011808.ENSBTAG00000018105",3.4866949565037,"vivo",12
"ENSBTAG00000015352.ENSBTAG00000012599",0,"vivo",12
"ENSBTAG00000020342.ENSBTAG00000002107",0,"vivo",12
"ENSBTAG00000020342.ENSBTAG00000007047",0.0635511574037777,"vivo",12
"ENSBTAG00000020342.ENSBTAG00000035084",0,"vivo",12
"ENSBTAG00000015509.ENSBTAG00000012687",0,"vivo",12
"ENSBTAG00000005710.ENSBTAG00000015457",0,"vivo",12
"ENSBTAG00000005710.ENSBTAG00000014064",0.40045909475783,"vivo",12
"ENSBTAG00000005710.ENSBTAG00000011425",0.951009542107272,"vivo",12
"ENSBTAG00000005710.ENSBTAG00000009851",0.0628830252603862,"vivo",12
"ENSBTAG00000001764.ENSBTAG00000021190",0.0632269168047792,"vivo",12
"ENSBTAG00000001764.ENSBTAG00000026676",0,"vivo",12
"ENSBTAG00000012623.ENSBTAG00000002606",0,"vivo",12
"ENSBTAG00000007446.ENSBTAG00000008733",0,"vivo",12
"ENSBTAG00000007446.ENSBTAG00000020979",0.498465880860925,"vivo",12
"ENSBTAG00000007446.ENSBTAG00000003060",0,"vivo",12
"ENSBTAG00000007446.ENSBTAG00000008849",0,"vivo",12
"ENSBTAG00000007244.ENSBTAG00000011741",0.179579408676296,"vivo",12
"ENSBTAG00000007244.ENSBTAG00000019929",0,"vivo",12
"ENSBTAG00000007244.ENSBTAG00000015910",0.417868234112524,"vivo",12
"ENSBTAG00000007244.ENSBTAG00000000253",0.237316523522575,"vivo",12
"ENSBTAG00000021945.ENSBTAG00000011741",0.57302156768527,"vivo",12
"ENSBTAG00000007708.ENSBTAG00000046199",0,"vivo",12
"ENSBTAG00000007708.ENSBTAG00000000244",0.0567421048248017,"vivo",12
"ENSBTAG00000007708.ENSBTAG00000025324",0,"vivo",12
"ENSBTAG00000002080.ENSBTAG00000022799",0.446216824336536,"vivo",12
"ENSBTAG00000013898.ENSBTAG00000039292",2.19240595876285,"vivo",12
"ENSBTAG00000013898.ENSBTAG00000016159",0.819546941521551,"vivo",12
"ENSBTAG00000013898.ENSBTAG00000047704",5.24343341060752,"vivo",12
"ENSBTAG00000006686.ENSBTAG00000015910",0.063624570369589,"vivo",12
"ENSBTAG00000003253.ENSBTAG00000011434",0,"vivo",12
"ENSBTAG00000003253.ENSBTAG00000007665",0.183909319089896,"vivo",12
"ENSBTAG00000005305.ENSBTAG00000020979",0.180971497115647,"vivo",12
"ENSBTAG00000005305.ENSBTAG00000008849",0,"vivo",12
"ENSBTAG00000017468.ENSBTAG00000013557",0,"vivo",12
"ENSBTAG00000008026.ENSBTAG00000007175",0.209558088602316,"vivo",12
"ENSBTAG00000008026.ENSBTAG00000047138",0,"vivo",12
"ENSBTAG00000006045.ENSBTAG00000034385",0.12514549435044,"vivo",12
"ENSBTAG00000006045.ENSBTAG00000011944",0,"vivo",12
"ENSBTAG00000044040.ENSBTAG00000002804",1.37354468233677,"vivo",12
"ENSBTAG00000021697.ENSBTAG00000019929",0.155635487519456,"vivo",12
"ENSBTAG00000021697.ENSBTAG00000007173",0,"vivo",12
"ENSBTAG00000021697.ENSBTAG00000002804",0,"vivo",12
"ENSBTAG00000021697.ENSBTAG00000005990",0.121495306416437,"vivo",12
"ENSBTAG00000045520.ENSBTAG00000039292",0,"vivo",12
"ENSBTAG00000004924.ENSBTAG00000039292",0,"vivo",12
"ENSBTAG00000004924.ENSBTAG00000031718",0,"vivo",12
"ENSBTAG00000013688.ENSBTAG00000019866",0.183532414527661,"vivo",12
"ENSBTAG00000013688.ENSBTAG00000011971",1.44687047867318,"vivo",12
"ENSBTAG00000006655.ENSBTAG00000003255",0,"vivo",12
"ENSBTAG00000006655.ENSBTAG00000008218",0.063624570369589,"vivo",12
"ENSBTAG00000001601.ENSBTAG00000011578",0,"vivo",12
"ENSBTAG00000001244.ENSBTAG00000017060",0,"vivo",12
"ENSBTAG00000005947.ENSBTAG00000002402",0.0636010405728548,"vivo",12
"ENSBTAG00000005947.ENSBTAG00000013745",1.15539689457658,"vivo",12
"ENSBTAG00000005947.ENSBTAG00000019929",0,"vivo",12
"ENSBTAG00000005947.ENSBTAG00000015910",0.54333414376997,"vivo",12
"ENSBTAG00000005947.ENSBTAG00000017060",0,"vivo",12
"ENSBTAG00000005947.ENSBTAG00000013755",0,"vivo",12
"ENSBTAG00000005947.ENSBTAG00000015739",0,"vivo",12
"ENSBTAG00000005947.ENSBTAG00000013125",0,"vivo",12
"ENSBTAG00000005947.ENSBTAG00000019712",0,"vivo",12
"ENSBTAG00000005947.ENSBTAG00000018517",0,"vivo",12
"ENSBTAG00000000559.ENSBTAG00000020661",0,"vivo",12
"ENSBTAG00000012228.ENSBTAG00000014966",0.395817969367663,"vivo",12
"ENSBTAG00000012228.ENSBTAG00000010146",0,"vivo",12
"ENSBTAG00000012228.ENSBTAG00000001814",0.431618979186803,"vivo",12
"ENSBTAG00000010452.ENSBTAG00000011515",4.02039771356712,"vivo",12
"ENSBTAG00000007897.ENSBTAG00000039292",0.0634971173039448,"vivo",12
"ENSBTAG00000007897.ENSBTAG00000002144",0,"vivo",12
"ENSBTAG00000007897.ENSBTAG00000017981",0.179579408676295,"vivo",12
"ENSBTAG00000007897.ENSBTAG00000023731",0,"vivo",12
"ENSBTAG00000007897.ENSBTAG00000016948",0,"vivo",12
"ENSBTAG00000007897.ENSBTAG00000019903",0.103756991679637,"vivo",12
"ENSBTAG00000007897.ENSBTAG00000020704",0.536654218076347,"vivo",12
"ENSBTAG00000007897.ENSBTAG00000017489",0.541559000470726,"vivo",12
"ENSBTAG00000002441.ENSBTAG00000039292",0,"vivo",12
"ENSBTAG00000011010.ENSBTAG00000009757",0.629408221586036,"vivo",12
"ENSBTAG00000023652.ENSBTAG00000003166",2.11277219368747,"vivo",12
"ENSBTAG00000023652.ENSBTAG00000001694",0.058363307819796,"vivo",12
"ENSBTAG00000015177.ENSBTAG00000010249",0,"vivo",12
"ENSBTAG00000021499.ENSBTAG00000008036",0.124892675169934,"vivo",12
"ENSBTAG00000021499.ENSBTAG00000013732",0,"vivo",12
"ENSBTAG00000021499.ENSBTAG00000008849",0,"vivo",12
"ENSBTAG00000011757.ENSBTAG00000011578",0,"vivo",12
"ENSBTAG00000011757.ENSBTAG00000004334",0.05558410268552,"vivo",12
"ENSBTAG00000011757.ENSBTAG00000022799",0,"vivo",12
"ENSBTAG00000011757.ENSBTAG00000007909",0,"vivo",12
"ENSBTAG00000013901.ENSBTAG00000019153",0,"vivo",12
"ENSBTAG00000013901.ENSBTAG00000014269",0.67441436203362,"vivo",12
"ENSBTAG00000014127.ENSBTAG00000020319",0,"vivo",12
"ENSBTAG00000014127.ENSBTAG00000039652",1.05431419469284,"vivo",12
"ENSBTAG00000006538.ENSBTAG00000002144",0.19454435939932,"vivo",12
"ENSBTAG00000006538.ENSBTAG00000017981",0,"vivo",12
"ENSBTAG00000006538.ENSBTAG00000016948",0,"vivo",12
"ENSBTAG00000006538.ENSBTAG00000019903",0.0636690630761413,"vivo",12
"ENSBTAG00000006538.ENSBTAG00000020704",0.28821386577677,"vivo",12
"ENSBTAG00000006538.ENSBTAG00000017489",0,"vivo",12
"ENSBTAG00000002317.ENSBTAG00000014966",0.172928319466062,"vivo",12
"ENSBTAG00000002317.ENSBTAG00000018052",0,"vivo",12
"ENSBTAG00000002317.ENSBTAG00000012119",0,"vivo",12
"ENSBTAG00000002317.ENSBTAG00000011154",0,"vivo",12
"ENSBTAG00000002317.ENSBTAG00000026676",0,"vivo",12
"ENSBTAG00000040333.ENSBTAG00000013290",0,"vivo",12
"ENSBTAG00000000442.ENSBTAG00000007348",0,"vivo",12
"ENSBTAG00000003658.ENSBTAG00000015910",0,"vivo",12
"ENSBTAG00000003658.ENSBTAG00000000736",0,"vivo",12
"ENSBTAG00000003658.ENSBTAG00000018517",0,"vivo",12
"ENSBTAG00000021333.ENSBTAG00000017801",0.343313575410565,"vivo",12
"ENSBTAG00000020238.ENSBTAG00000004739",0,"vivo",12
"ENSBTAG00000003837.ENSBTAG00000002606",0,"vivo",12
"ENSBTAG00000003837.ENSBTAG00000011761",0.0602161112426467,"vivo",12
"ENSBTAG00000008121.ENSBTAG00000002606",0,"vivo",12
"ENSBTAG00000008121.ENSBTAG00000011761",0.178770492420997,"vivo",12
"ENSBTAG00000008121.ENSBTAG00000015127",0,"vivo",12
"ENSBTAG00000011104.ENSBTAG00000017425",0,"vivo",12
"ENSBTAG00000011104.ENSBTAG00000023147",0.063624570369589,"vivo",12
"ENSBTAG00000011104.ENSBTAG00000020979",0.52368548919051,"vivo",12
"ENSBTAG00000011104.ENSBTAG00000018300",0.0576427731553541,"vivo",12
"ENSBTAG00000005163.ENSBTAG00000006240",0,"vivo",12
"ENSBTAG00000006505.ENSBTAG00000006240",0,"vivo",12
"ENSBTAG00000010138.ENSBTAG00000019866",0,"vivo",12
"ENSBTAG00000010138.ENSBTAG00000011971",1.43625562244849,"vivo",12
"ENSBTAG00000024394.ENSBTAG00000019866",2.50512851687029,"vivo",12
"ENSBTAG00000001941.ENSBTAG00000011409",0,"vivo",12
"ENSBTAG00000001941.ENSBTAG00000006161",0.186994164135011,"vivo",12
"ENSBTAG00000001941.ENSBTAG00000014966",0.0628830252603863,"vivo",12
"ENSBTAG00000006989.ENSBTAG00000011971",1.27292329903411,"vivo",12
"ENSBTAG00000016800.ENSBTAG00000000782",0,"vivo",12
"ENSBTAG00000016800.ENSBTAG00000007338",0,"vivo",12
"ENSBTAG00000004362.ENSBTAG00000015996",0,"vivo",12
"ENSBTAG00000004362.ENSBTAG00000014357",0,"vivo",12
"ENSBTAG00000014465.ENSBTAG00000019929",49.8252581830766,"vivo",12
"ENSBTAG00000014465.ENSBTAG00000013755",40.2169828494228,"vivo",12
"ENSBTAG00000014465.ENSBTAG00000013125",0,"vivo",12
"ENSBTAG00000016267.ENSBTAG00000020755",0.912045999961754,"vivo",12
"ENSBTAG00000046421.ENSBTAG00000006240",0,"vivo",12
"ENSBTAG00000004226.ENSBTAG00000026278",0.0598598028920985,"vivo",12
"ENSBTAG00000004226.ENSBTAG00000021286",0,"vivo",12
"ENSBTAG00000005108.ENSBTAG00000015996",1.96728020576251,"vivo",12
"ENSBTAG00000005108.ENSBTAG00000009851",0.971236613300506,"vivo",12
"ENSBTAG00000005108.ENSBTAG00000010462",3.40976285646526,"vivo",12
"ENSBTAG00000005108.ENSBTAG00000004356",0.179953532444371,"vivo",12
"ENSBTAG00000005108.ENSBTAG00000011154",0.465524212385765,"vivo",12
"ENSBTAG00000017746.ENSBTAG00000010462",0.222915411811721,"vivo",12
"ENSBTAG00000004148.ENSBTAG00000003255",0,"vivo",12
"ENSBTAG00000002880.ENSBTAG00000012687",0,"vivo",12
"ENSBTAG00000002880.ENSBTAG00000013755",0,"vivo",12
"ENSBTAG00000004086.ENSBTAG00000019712",0,"vivo",12
"ENSBTAG00000004261.ENSBTAG00000017060",0,"vivo",12
"ENSBTAG00000005260.ENSBTAG00000011578",0,"vivo",12
"ENSBTAG00000005260.ENSBTAG00000013745",0,"vivo",12
"ENSBTAG00000005260.ENSBTAG00000019929",0,"vivo",12
"ENSBTAG00000005260.ENSBTAG00000015910",0.419470091695074,"vivo",12
"ENSBTAG00000005260.ENSBTAG00000013755",0,"vivo",12
"ENSBTAG00000005260.ENSBTAG00000005990",0,"vivo",12
"ENSBTAG00000015327.ENSBTAG00000011425",0,"vivo",12
"ENSBTAG00000017312.ENSBTAG00000039292",3.14375143439147,"vivo",12
"ENSBTAG00000017312.ENSBTAG00000017136",0,"vivo",12
"ENSBTAG00000010334.ENSBTAG00000046199",0,"vivo",12
"ENSBTAG00000021807.ENSBTAG00000021664",0,"vivo",12
"ENSBTAG00000021807.ENSBTAG00000016247",0,"vivo",12
"ENSBTAG00000009208.ENSBTAG00000044190",0.823356567726232,"vivo",12
"ENSBTAG00000007273.ENSBTAG00000002144",0,"vivo",12
"ENSBTAG00000007273.ENSBTAG00000034385",0,"vivo",12
"ENSBTAG00000007273.ENSBTAG00000012314",0,"vivo",12
"ENSBTAG00000007273.ENSBTAG00000011738",0,"vivo",12
"ENSBTAG00000007273.ENSBTAG00000032719",0,"vivo",12
"ENSBTAG00000020457.ENSBTAG00000013843",0,"vivo",12
"ENSBTAG00000020457.ENSBTAG00000013222",0,"vivo",12
"ENSBTAG00000020457.ENSBTAG00000001060",0.408306866042946,"vivo",12
"ENSBTAG00000020457.ENSBTAG00000008997",2.06109099344672,"vivo",12
"ENSBTAG00000020457.ENSBTAG00000019929",0,"vivo",12
"ENSBTAG00000020457.ENSBTAG00000015910",0.566203312061732,"vivo",12
"ENSBTAG00000020457.ENSBTAG00000013755",0.123045150389314,"vivo",12
"ENSBTAG00000020457.ENSBTAG00000014357",0,"vivo",12
"ENSBTAG00000020457.ENSBTAG00000012599",0,"vivo",12
"ENSBTAG00000020457.ENSBTAG00000018035",0,"vivo",12
"ENSBTAG00000020457.ENSBTAG00000019832",0,"vivo",12
"ENSBTAG00000020457.ENSBTAG00000024269",0,"vivo",12
"ENSBTAG00000005359.ENSBTAG00000011909",0,"vivo",12
"ENSBTAG00000005359.ENSBTAG00000008997",0,"vivo",12
"ENSBTAG00000005359.ENSBTAG00000018035",0.250549553771852,"vivo",12
"ENSBTAG00000005359.ENSBTAG00000019832",0,"vivo",12
"ENSBTAG00000005359.ENSBTAG00000024269",0.529768828501945,"vivo",12
"ENSBTAG00000012004.ENSBTAG00000013843",0,"vivo",12
"ENSBTAG00000012004.ENSBTAG00000008997",0.173031252989554,"vivo",12
"ENSBTAG00000012004.ENSBTAG00000015910",0,"vivo",12
"ENSBTAG00000012004.ENSBTAG00000013755",0,"vivo",12
"ENSBTAG00000012004.ENSBTAG00000018035",0,"vivo",12
"ENSBTAG00000012004.ENSBTAG00000019832",0,"vivo",12
"ENSBTAG00000012004.ENSBTAG00000024269",0,"vivo",12
"ENSBTAG00000016208.ENSBTAG00000038141",0,"vivo",12
"ENSBTAG00000016208.ENSBTAG00000015910",0.50137203734084,"vivo",12
"ENSBTAG00000016208.ENSBTAG00000015127",1.02924914967068,"vivo",12
"ENSBTAG00000016208.ENSBTAG00000014944",0,"vivo",12
"ENSBTAG00000005898.ENSBTAG00000017851",0.0632664583412424,"vivo",12
"ENSBTAG00000002006.ENSBTAG00000017866",0.992252152951271,"vivo",12
"ENSBTAG00000002006.ENSBTAG00000003585",0,"vivo",12
"ENSBTAG00000002006.ENSBTAG00000008165",0,"vivo",12
"ENSBTAG00000002006.ENSBTAG00000017266",0,"vivo",12
"ENSBTAG00000002006.ENSBTAG00000015910",0.224313817903895,"vivo",12
"ENSBTAG00000002006.ENSBTAG00000005903",0.0576427731553541,"vivo",12
"ENSBTAG00000002006.ENSBTAG00000014269",0.776791661873612,"vivo",12
"ENSBTAG00000002006.ENSBTAG00000011154",0.242099647252487,"vivo",12
"ENSBTAG00000002006.ENSBTAG00000015127",0,"vivo",12
"ENSBTAG00000000476.ENSBTAG00000003781",0.177542269510296,"vivo",12
"ENSBTAG00000020638.ENSBTAG00000000782",0,"vivo",12
"ENSBTAG00000025868.ENSBTAG00000013755",0,"vivo",12
"ENSBTAG00000000575.ENSBTAG00000020679",0.12514549435044,"vivo",12
"ENSBTAG00000000575.ENSBTAG00000011628",0.0972721796996601,"vivo",12
"ENSBTAG00000000575.ENSBTAG00000019289",0,"vivo",12
"ENSBTAG00000000575.ENSBTAG00000013745",2.6310983148428,"vivo",12
"ENSBTAG00000000575.ENSBTAG00000012897",2.52247679523671,"vivo",12
"ENSBTAG00000000575.ENSBTAG00000019929",0.15285628238518,"vivo",12
"ENSBTAG00000000575.ENSBTAG00000015910",0.925610697544851,"vivo",12
"ENSBTAG00000000575.ENSBTAG00000015296",0.347254879277458,"vivo",12
"ENSBTAG00000000575.ENSBTAG00000012119",0,"vivo",12
"ENSBTAG00000000575.ENSBTAG00000011154",0,"vivo",12
"ENSBTAG00000000575.ENSBTAG00000015127",0.90808983759616,"vivo",12
"ENSBTAG00000000130.ENSBTAG00000010785",0.47969310999665,"vivo",12
"ENSBTAG00000000130.ENSBTAG00000014357",0,"vivo",12
"ENSBTAG00000000130.ENSBTAG00000004211",1.74908206388519,"vivo",12
"ENSBTAG00000025471.ENSBTAG00000006378",0,"vivo",12
"ENSBTAG00000025471.ENSBTAG00000004211",2.33702380154916,"vivo",12
"ENSBTAG00000025471.ENSBTAG00000024928",0.237316523522575,"vivo",12
"ENSBTAG00000025471.ENSBTAG00000020054",0.594588480255043,"vivo",12
"ENSBTAG00000025471.ENSBTAG00000012642",0.158067292011948,"vivo",12
"ENSBTAG00000025471.ENSBTAG00000010497",0,"vivo",12
"ENSBTAG00000006295.ENSBTAG00000002144",0,"vivo",12
"ENSBTAG00000006295.ENSBTAG00000017981",0,"vivo",12
"ENSBTAG00000006295.ENSBTAG00000016948",0,"vivo",12
"ENSBTAG00000006295.ENSBTAG00000019903",0,"vivo",12
"ENSBTAG00000006295.ENSBTAG00000020704",0,"vivo",12
"ENSBTAG00000006295.ENSBTAG00000017489",0,"vivo",12
"ENSBTAG00000007737.ENSBTAG00000011909",0.542798339733196,"vivo",12
"ENSBTAG00000007737.ENSBTAG00000002144",0,"vivo",12
"ENSBTAG00000007737.ENSBTAG00000045633",0,"vivo",12
"ENSBTAG00000007737.ENSBTAG00000002081",0.374497891843691,"vivo",12
"ENSBTAG00000007737.ENSBTAG00000011628",0,"vivo",12
"ENSBTAG00000007737.ENSBTAG00000014064",0.596408181666061,"vivo",12
"ENSBTAG00000007737.ENSBTAG00000012314",0,"vivo",12
"ENSBTAG00000007737.ENSBTAG00000022799",0.0637104334874966,"vivo",12
"ENSBTAG00000007737.ENSBTAG00000006378",2.78537328386259,"vivo",12
"ENSBTAG00000007737.ENSBTAG00000012599",0,"vivo",12
"ENSBTAG00000007737.ENSBTAG00000018035",0.123663856362359,"vivo",12
"ENSBTAG00000007737.ENSBTAG00000019832",0,"vivo",12
"ENSBTAG00000007737.ENSBTAG00000006240",0,"vivo",12
"ENSBTAG00000017246.ENSBTAG00000002144",0,"vivo",12
"ENSBTAG00000017246.ENSBTAG00000014064",0.371286074589457,"vivo",12
"ENSBTAG00000017246.ENSBTAG00000012314",0,"vivo",12
"ENSBTAG00000017246.ENSBTAG00000006378",1.24324308433258,"vivo",12
"ENSBTAG00000017246.ENSBTAG00000012599",0,"vivo",12
"ENSBTAG00000017246.ENSBTAG00000018035",0,"vivo",12
"ENSBTAG00000017246.ENSBTAG00000019832",0,"vivo",12
"ENSBTAG00000017246.ENSBTAG00000006240",0,"vivo",12
"ENSBTAG00000032436.ENSBTAG00000002144",0,"vivo",12
"ENSBTAG00000032436.ENSBTAG00000014064",0.348154898148035,"vivo",12
"ENSBTAG00000032436.ENSBTAG00000012314",0,"vivo",12
"ENSBTAG00000032436.ENSBTAG00000006378",0.477956790198741,"vivo",12
"ENSBTAG00000032436.ENSBTAG00000012599",0.0635246887834515,"vivo",12
"ENSBTAG00000032436.ENSBTAG00000018035",0.232088007704452,"vivo",12
"ENSBTAG00000032436.ENSBTAG00000019832",0,"vivo",12
"ENSBTAG00000032436.ENSBTAG00000006240",0,"vivo",12
"ENSBTAG00000007773.ENSBTAG00000015910",0,"vivo",12
"ENSBTAG00000007773.ENSBTAG00000017060",0,"vivo",12
"ENSBTAG00000007773.ENSBTAG00000018993",0,"vivo",12
"ENSBTAG00000014906.ENSBTAG00000011578",0,"vivo",12
"ENSBTAG00000014906.ENSBTAG00000011628",0,"vivo",12
"ENSBTAG00000014906.ENSBTAG00000015910",0,"vivo",12
"ENSBTAG00000014906.ENSBTAG00000011515",8.79064360914998,"vivo",12
"ENSBTAG00000014906.ENSBTAG00000020755",0,"vivo",12
"ENSBTAG00000014906.ENSBTAG00000008008",0,"vivo",12
"ENSBTAG00000021879.ENSBTAG00000013755",0.0631415903313583,"vivo",12
"ENSBTAG00000005339.ENSBTAG00000011628",1.14926029737675,"vivo",12
"ENSBTAG00000005339.ENSBTAG00000015996",10.7971424975771,"vivo",12
"ENSBTAG00000005339.ENSBTAG00000019929",0.441103938483704,"vivo",12
"ENSBTAG00000005339.ENSBTAG00000015910",24.8164049978095,"vivo",12
"ENSBTAG00000005339.ENSBTAG00000000782",0,"vivo",12
"ENSBTAG00000005339.ENSBTAG00000019866",1.98816501942305,"vivo",12
"ENSBTAG00000005339.ENSBTAG00000011971",0.86673917635077,"vivo",12
"ENSBTAG00000005339.ENSBTAG00000000570",0.120791602459553,"vivo",12
"ENSBTAG00000005339.ENSBTAG00000007213",1.00094801168702,"vivo",12
"ENSBTAG00000005339.ENSBTAG00000001694",7.06399732483824,"vivo",12
"ENSBTAG00000047567.ENSBTAG00000019866",1.97166375925058,"vivo",12
"ENSBTAG00000047567.ENSBTAG00000000570",0,"vivo",12
"ENSBTAG00000047567.ENSBTAG00000001694",0,"vivo",12
"ENSBTAG00000014737.ENSBTAG00000001462",0,"vivo",12
"ENSBTAG00000014737.ENSBTAG00000015910",0,"vivo",12
"ENSBTAG00000014737.ENSBTAG00000000782",0,"vivo",12
"ENSBTAG00000014737.ENSBTAG00000000802",0,"vivo",12
"ENSBTAG00000014737.ENSBTAG00000011971",0.270690658801398,"vivo",12
"ENSBTAG00000014737.ENSBTAG00000037649",0.512228172922317,"vivo",12
"ENSBTAG00000009476.ENSBTAG00000001462",0,"vivo",12
"ENSBTAG00000009476.ENSBTAG00000019289",0,"vivo",12
"ENSBTAG00000009476.ENSBTAG00000013745",3.97390579531278,"vivo",12
"ENSBTAG00000009476.ENSBTAG00000015910",3.40918387488858,"vivo",12
"ENSBTAG00000009476.ENSBTAG00000000782",0.0804317764958431,"vivo",12
"ENSBTAG00000009476.ENSBTAG00000011971",0.469183658116588,"vivo",12
"ENSBTAG00000018463.ENSBTAG00000011578",0,"vivo",12
"ENSBTAG00000020221.ENSBTAG00000002144",0,"vivo",12
"ENSBTAG00000020221.ENSBTAG00000002107",0.704747672480539,"vivo",12
"ENSBTAG00000020221.ENSBTAG00000012314",0,"vivo",12
"ENSBTAG00000020221.ENSBTAG00000005903",0,"vivo",12
"ENSBTAG00000020221.ENSBTAG00000006835",40.3762732217789,"vivo",12
"ENSBTAG00000020221.ENSBTAG00000005092",0,"vivo",12
"ENSBTAG00000020221.ENSBTAG00000016999",0,"vivo",12
"ENSBTAG00000014834.ENSBTAG00000011628",0,"vivo",12
"ENSBTAG00000014834.ENSBTAG00000005828",0,"vivo",12
"ENSBTAG00000007773.ENSBTAG00000003418",0,"vivo",12
"ENSBTAG00000007773.ENSBTAG00000010347",0,"vivo",12
"ENSBTAG00000005481.ENSBTAG00000022799",0,"vivo",12
"ENSBTAG00000020638.ENSBTAG00000001141",0,"vivo",12
"ENSBTAG00000007338.ENSBTAG00000017593",0.228875716940377,"vivo",12
"ENSBTAG00000005280.ENSBTAG00000048246",0,"vivo",12
"ENSBTAG00000015089.ENSBTAG00000015910",0,"vivo",12
"ENSBTAG00000015089.ENSBTAG00000023144",0,"vivo",12
"ENSBTAG00000046421.ENSBTAG00000007213",0.401163747601444,"vivo",12
"ENSBTAG00000002302.ENSBTAG00000017256",0,"vivo",12
"ENSBTAG00000011238.ENSBTAG00000002951",0.155635487519456,"vivo",12
"ENSBTAG00000012066.ENSBTAG00000013569",0.355150348408924,"vivo",12
"ENSBTAG00000037899.ENSBTAG00000022799",0,"vivo",12
"ENSBTAG00000037899.ENSBTAG00000007909",0,"vivo",12
"ENSBTAG00000010361.ENSBTAG00000007909",0,"vivo",12
"ENSBTAG00000040584.ENSBTAG00000021923",0,"vivo",12
"ENSBTAG00000012817.ENSBTAG00000005397",0,"vivo",12
"ENSBTAG00000020221.ENSBTAG00000035084",0,"vivo",12
"ENSBTAG00000005628.ENSBTAG00000008852",0,"vivo",12
"ENSBTAG00000032436.ENSBTAG00000022799",0.0630954679132932,"vivo",12
"ENSBTAG00000017246.ENSBTAG00000022799",0.0636690630761413,"vivo",12
"ENSBTAG00000032436.ENSBTAG00000010444",0.0636472286923701,"vivo",12
"ENSBTAG00000017246.ENSBTAG00000010444",0,"vivo",12
"ENSBTAG00000007737.ENSBTAG00000010444",0.919908584544405,"vivo",12
"ENSBTAG00000032436.ENSBTAG00000007909",0,"vivo",12
"ENSBTAG00000017246.ENSBTAG00000007909",0,"vivo",12
"ENSBTAG00000007737.ENSBTAG00000007909",0.155635487519456,"vivo",12
"ENSBTAG00000032436.ENSBTAG00000006161",0,"vivo",12
"ENSBTAG00000017246.ENSBTAG00000006161",0,"vivo",12
"ENSBTAG00000007737.ENSBTAG00000006161",0,"vivo",12
"ENSBTAG00000007446.ENSBTAG00000015591",0.181883536009841,"vivo",12
"ENSBTAG00000011851.ENSBTAG00000013118",0,"vivo",12
"ENSBTAG00000011851.ENSBTAG00000002699",0,"vivo",12
"ENSBTAG00000011851.ENSBTAG00000015510",0,"vivo",12
"ENSBTAG00000010312.ENSBTAG00000020199",0,"vivo",12
"ENSBTAG00000005339.ENSBTAG00000003166",6.22073660733881,"vivo",12
"ENSBTAG00000025868.ENSBTAG00000008165",0,"vivo",12
"ENSBTAG00000011851.ENSBTAG00000012771",0,"vivo",12
"ENSBTAG00000030710.ENSBTAG00000020979",0.429425292017324,"vivo",12
"ENSBTAG00000017582.ENSBTAG00000002699",0,"vivo",12
"ENSBTAG00000013363.ENSBTAG00000009851",0,"vivo",12
"ENSBTAG00000003585.ENSBTAG00000007213",1.15663873919715,"vivo",12
"ENSBTAG00000018773.ENSBTAG00000001941",0.691955474390112,"vivo",12
"ENSBTAG00000016260.ENSBTAG00000011628",0,"vivo",12
"ENSBTAG00000011851.ENSBTAG00000010647",0,"vivo",12
"ENSBTAG00000005691.ENSBTAG00000024269",0,"vivo",12
"ENSBTAG00000017745.ENSBTAG00000018474",0,"vivo",12
"ENSBTAG00000009565.ENSBTAG00000002804",0.11116820537104,"vivo",12
"ENSBTAG00000011851.ENSBTAG00000004917",0,"vivo",12
"ENSBTAG00000011851.ENSBTAG00000007338",0.345040939312002,"vivo",12
"ENSBTAG00000007338.ENSBTAG00000004917",0.058363307819796,"vivo",12
"ENSBTAG00000011851.ENSBTAG00000011425",0.430481135692112,"vivo",12
"ENSBTAG00000011851.ENSBTAG00000000782",0,"vivo",12
"ENSBTAG00000011851.ENSBTAG00000019866",2.91234163728739,"vivo",12
"ENSBTAG00000018773.ENSBTAG00000019866",2.38834429386363,"vivo",12
"ENSBTAG00000011851.ENSBTAG00000018572",0,"vivo",12
"ENSBTAG00000018773.ENSBTAG00000006161",1.79234550528496,"vivo",12
"ENSBTAG00000018347.ENSBTAG00000013205",0,"vivo",12
"ENSBTAG00000021105.ENSBTAG00000013205",0,"vivo",12
"ENSBTAG00000008237.ENSBTAG00000013205",0,"vivo",12
"ENSBTAG00000021105.ENSBTAG00000005273",0.0631415903313582,"vivo",12
"ENSBTAG00000008237.ENSBTAG00000005273",0,"vivo",12
"ENSBTAG00000021105.ENSBTAG00000000477",0,"vivo",12
"ENSBTAG00000010312.ENSBTAG00000017753",1.04123579801123,"vivo",12
"ENSBTAG00000010312.ENSBTAG00000014420",0.435755736184914,"vivo",12
"ENSBTAG00000018103.ENSBTAG00000017753",0,"vivo",12
"ENSBTAG00000012638.ENSBTAG00000017753",0,"vivo",12
"ENSBTAG00000004777.ENSBTAG00000017753",0,"vivo",12
"ENSBTAG00000017753.ENSBTAG00000014420",0.118924126675996,"vivo",12
"ENSBTAG00000018103.ENSBTAG00000014420",0.863091120833918,"vivo",12
"ENSBTAG00000012638.ENSBTAG00000014420",1.23259370267775,"vivo",12
"ENSBTAG00000004777.ENSBTAG00000014420",1.09108600840194,"vivo",12
"ENSBTAG00000023907.ENSBTAG00000019929",0,"vivo",12
"ENSBTAG00000025210.ENSBTAG00000019929",0,"vivo",12
"ENSBTAG00000004630.ENSBTAG00000019929",0,"vivo",12
"ENSBTAG00000004630.ENSBTAG00000013745",0.124292229616232,"vivo",12
"ENSBTAG00000004630.ENSBTAG00000003585",0,"vivo",12
"ENSBTAG00000019839.ENSBTAG00000019929",0.427612041428233,"vivo",12
"ENSBTAG00000019839.ENSBTAG00000015910",15.2463449107056,"vivo",12
"ENSBTAG00000012004.ENSBTAG00000019929",0,"vivo",12
"ENSBTAG00000012066.ENSBTAG00000019929",0.11936913855415,"vivo",12
"ENSBTAG00000017745.ENSBTAG00000010423",0.186868889958716,"vivo",12
"ENSBTAG00000017745.ENSBTAG00000015361",0,"vivo",12
"ENSBTAG00000017745.ENSBTAG00000016933",0.488952617571931,"vivo",12
"ENSBTAG00000015150.ENSBTAG00000017745",4.39680145039458,"vivo",12
"ENSBTAG00000015150.ENSBTAG00000016933",13.8040347122732,"vivo",12
"ENSBTAG00000013191.ENSBTAG00000018052",0,"vivo",12
"ENSBTAG00000011291.ENSBTAG00000006732",0,"vivo",12
"ENSBTAG00000019866.ENSBTAG00000000782",0,"vivo",12
"ENSBTAG00000017122.ENSBTAG00000000782",0,"vivo",12
"ENSBTAG00000001941.ENSBTAG00000023144",0.689538663782722,"vivo",12
"ENSBTAG00000011784.ENSBTAG00000000736",0,"vivo",12
"ENSBTAG00000012057.ENSBTAG00000005072",2.01144971593226,"vivo",12
"ENSBTAG00000013718.ENSBTAG00000005072",0.920111617782827,"vivo",12
"ENSBTAG00000020661.ENSBTAG00000017851",0,"vivo",12
"ENSBTAG00000007740.ENSBTAG00000007909",0,"vivo",12
"ENSBTAG00000019267.ENSBTAG00000011578",0,"vivo",12
"ENSBTAG00000009615.ENSBTAG00000013290",0,"vivo",12
"ENSBTAG00000034501.ENSBTAG00000005397",0,"vivo",12
"ENSBTAG00000005077.ENSBTAG00000009851",0,"vivo",12
"ENSBTAG00000005108.ENSBTAG00000001060",0,"vivo",12
"ENSBTAG00000037533.ENSBTAG00000005397",0,"vivo",12
"ENSBTAG00000020556.ENSBTAG00000017033",0,"vivo",12
"ENSBTAG00000010820.ENSBTAG00000002107",0.482619660817544,"vivo",12
"ENSBTAG00000019336.ENSBTAG00000011761",0,"vivo",12
"ENSBTAG00000019336.ENSBTAG00000002107",0.295798441191949,"vivo",12
"ENSBTAG00000017866.ENSBTAG00000008008",0,"vivo",12
"ENSBTAG00000011563.ENSBTAG00000010497",0.155635487519456,"vivo",12
"ENSBTAG00000000016.ENSBTAG00000010497",0,"vivo",12
"ENSBTAG00000018343.ENSBTAG00000010497",0,"vivo",12
"ENSBTAG00000009357.ENSBTAG00000011154",0,"vivo",12
"ENSBTAG00000020457.ENSBTAG00000003045",0.256845253544111,"vivo",12
"ENSBTAG00000005111.ENSBTAG00000018114",0,"vivo",12
"ENSBTAG00000013191.ENSBTAG00000019929",0.243075176327397,"vivo",12
"ENSBTAG00000001745.ENSBTAG00000019289",0,"vivo",12
"ENSBTAG00000016648.ENSBTAG00000015910",0,"vivo",12
"ENSBTAG00000016648.ENSBTAG00000017266",0,"vivo",12
"ENSBTAG00000011741.ENSBTAG00000015910",0,"vivo",12
"ENSBTAG00000022635.ENSBTAG00000012897",0,"vivo",12
"ENSBTAG00000008817.ENSBTAG00000012897",0,"vivo",12
"ENSBTAG00000017060.ENSBTAG00000017846",18.4730076230857,"vivo",12
"ENSBTAG00000017060.ENSBTAG00000007103",0,"vivo",12
"ENSBTAG00000017060.ENSBTAG00000010303",0,"vivo",12
"ENSBTAG00000018255.ENSBTAG00000015127",0,"vivo",12
"ENSBTAG00000000575.ENSBTAG00000026676",0,"vivo",12
"ENSBTAG00000019866.ENSBTAG00000009851",0,"vivo",12
"ENSBTAG00000023652.ENSBTAG00000005828",0,"vivo",12
"ENSBTAG00000019910.ENSBTAG00000015510",0,"vivo",12
"ENSBTAG00000017746.ENSBTAG00000009851",0.103756991679637,"vivo",12
"ENSBTAG00000001492.ENSBTAG00000007213",100,"vivo",12
"ENSBTAG00000001492.ENSBTAG00000003585",3.55025243167718,"vivo",12
"ENSBTAG00000019604.ENSBTAG00000009851",0,"vivo",12
"ENSBTAG00000011580.ENSBTAG00000046199",0,"vivo",12
"ENSBTAG00000011409.ENSBTAG00000001941",0.507376492877856,"vivo",12
"ENSBTAG00000039355.ENSBTAG00000011515",14.9092750514762,"vivo",12
"ENSBTAG00000007375.ENSBTAG00000015228",0,"vivo",12
"ENSBTAG00000009357.ENSBTAG00000012119",0,"vivo",12
"ENSBTAG00000002411.ENSBTAG00000007421",0,"vivo",12
"ENSBTAG00000017685.ENSBTAG00000007421",0,"vivo",12
"ENSBTAG00000012519.ENSBTAG00000031753",0.294218321313787,"vivo",12
"ENSBTAG00000010991.ENSBTAG00000007348",0,"vivo",12
"ENSBTAG00000009761.ENSBTAG00000002144",0,"vitro",12
"ENSBTAG00000009761.ENSBTAG00000012314",1.02326936107158,"vitro",12
"ENSBTAG00000005481.ENSBTAG00000003166",0,"vitro",12
"ENSBTAG00000012444.ENSBTAG00000015910",0,"vitro",12
"ENSBTAG00000012444.ENSBTAG00000015127",0,"vitro",12
"ENSBTAG00000010663.ENSBTAG00000013745",0.774428857356446,"vitro",12
"ENSBTAG00000010663.ENSBTAG00000019929",3.91968904364098,"vitro",12
"ENSBTAG00000010663.ENSBTAG00000015910",0.768282596583775,"vitro",12
"ENSBTAG00000001141.ENSBTAG00000013745",0,"vitro",12
"ENSBTAG00000001141.ENSBTAG00000015910",0,"vitro",12
"ENSBTAG00000001141.ENSBTAG00000022799",0,"vitro",12
"ENSBTAG00000019694.ENSBTAG00000013745",0.275352482615625,"vitro",12
"ENSBTAG00000017455.ENSBTAG00000017266",0,"vitro",12
"ENSBTAG00000017455.ENSBTAG00000019929",0.277573067152848,"vitro",12
"ENSBTAG00000017455.ENSBTAG00000015910",1.82023805671107,"vitro",12
"ENSBTAG00000017455.ENSBTAG00000013755",1.62306812256069,"vitro",12
"ENSBTAG00000021048.ENSBTAG00000002144",1.03479239434582,"vitro",12
"ENSBTAG00000021048.ENSBTAG00000017981",0,"vitro",12
"ENSBTAG00000021048.ENSBTAG00000008483",0,"vitro",12
"ENSBTAG00000021048.ENSBTAG00000016948",0.274354828693105,"vitro",12
"ENSBTAG00000021048.ENSBTAG00000019903",0,"vitro",12
"ENSBTAG00000021048.ENSBTAG00000020704",5.47010371992595,"vitro",12
"ENSBTAG00000021048.ENSBTAG00000017489",9.32613205682932,"vitro",12
"ENSBTAG00000013191.ENSBTAG00000015910",0,"vitro",12
"ENSBTAG00000014556.ENSBTAG00000026676",0,"vitro",12
"ENSBTAG00000013201.ENSBTAG00000020319",0,"vitro",12
"ENSBTAG00000014051.ENSBTAG00000013745",0,"vitro",12
"ENSBTAG00000014051.ENSBTAG00000015910",0,"vitro",12
"ENSBTAG00000014051.ENSBTAG00000020148",0.273167145452009,"vitro",12
"ENSBTAG00000014051.ENSBTAG00000003777",0,"vitro",12
"ENSBTAG00000011034.ENSBTAG00000020148",4.86683058901169,"vitro",12
"ENSBTAG00000011034.ENSBTAG00000003777",0,"vitro",12
"ENSBTAG00000021811.ENSBTAG00000020148",0.768282596583776,"vitro",12
"ENSBTAG00000021811.ENSBTAG00000003777",0,"vitro",12
"ENSBTAG00000011810.ENSBTAG00000003777",14.0297032149006,"vitro",12
"ENSBTAG00000002473.ENSBTAG00000003777",0.997036135673198,"vitro",12
"ENSBTAG00000015978.ENSBTAG00000039292",0.525846754995117,"vitro",12
"ENSBTAG00000015978.ENSBTAG00000013290",0,"vitro",12
"ENSBTAG00000015978.ENSBTAG00000011628",0,"vitro",12
"ENSBTAG00000019993.ENSBTAG00000039292",0,"vitro",12
"ENSBTAG00000019993.ENSBTAG00000027516",1.07443908077082,"vitro",12
"ENSBTAG00000009212.ENSBTAG00000012314",0,"vitro",12
"ENSBTAG00000019770.ENSBTAG00000012314",0,"vitro",12
"ENSBTAG00000012398.ENSBTAG00000012314",0,"vitro",12
"ENSBTAG00000012398.ENSBTAG00000014357",0,"vitro",12
"ENSBTAG00000012398.ENSBTAG00000008008",0,"vitro",12
"ENSBTAG00000020556.ENSBTAG00000018517",0,"vitro",12
"ENSBTAG00000023600.ENSBTAG00000005910",0,"vitro",12
"ENSBTAG00000010123.ENSBTAG00000012314",0,"vitro",12
"ENSBTAG00000010123.ENSBTAG00000005903",0,"vitro",12
"ENSBTAG00000010123.ENSBTAG00000000736",0.272484227588379,"vitro",12
"ENSBTAG00000010123.ENSBTAG00000014269",0,"vitro",12
"ENSBTAG00000010123.ENSBTAG00000014611",0,"vitro",12
"ENSBTAG00000010123.ENSBTAG00000018517",0,"vitro",12
"ENSBTAG00000017753.ENSBTAG00000039292",1.29780660161382,"vitro",12
"ENSBTAG00000017753.ENSBTAG00000015228",0,"vitro",12
"ENSBTAG00000017753.ENSBTAG00000015996",0,"vitro",12
"ENSBTAG00000017753.ENSBTAG00000004334",0.536641263162173,"vitro",12
"ENSBTAG00000017753.ENSBTAG00000020979",1.21004508961945,"vitro",12
"ENSBTAG00000017753.ENSBTAG00000020054",2.37330965144435,"vitro",12
"ENSBTAG00000018134.ENSBTAG00000011628",0,"vitro",12
"ENSBTAG00000018134.ENSBTAG00000010444",0,"vitro",12
"ENSBTAG00000007725.ENSBTAG00000012687",0,"vitro",12
"ENSBTAG00000045582.ENSBTAG00000002144",0,"vitro",12
"ENSBTAG00000045582.ENSBTAG00000012314",0,"vitro",12
"ENSBTAG00000034077.ENSBTAG00000003848",0.274354828693105,"vitro",12
"ENSBTAG00000034077.ENSBTAG00000017846",0,"vitro",12
"ENSBTAG00000034077.ENSBTAG00000023731",0,"vitro",12
"ENSBTAG00000034077.ENSBTAG00000018999",0.506162651866958,"vitro",12
"ENSBTAG00000008027.ENSBTAG00000002144",0,"vitro",12
"ENSBTAG00000008027.ENSBTAG00000017981",0,"vitro",12
"ENSBTAG00000008027.ENSBTAG00000007175",0,"vitro",12
"ENSBTAG00000008027.ENSBTAG00000047138",0,"vitro",12
"ENSBTAG00000008027.ENSBTAG00000012314",0,"vitro",12
"ENSBTAG00000008027.ENSBTAG00000016948",0,"vitro",12
"ENSBTAG00000008027.ENSBTAG00000019903",0,"vitro",12
"ENSBTAG00000008027.ENSBTAG00000020704",0,"vitro",12
"ENSBTAG00000008027.ENSBTAG00000017489",0,"vitro",12
"ENSBTAG00000026236.ENSBTAG00000019929",6.1198327728261,"vitro",12
"ENSBTAG00000015789.ENSBTAG00000011628",0.275352482615625,"vitro",12
"ENSBTAG00000015789.ENSBTAG00000006732",0,"vitro",12
"ENSBTAG00000005250.ENSBTAG00000008008",0,"vitro",12
"ENSBTAG00000005250.ENSBTAG00000006240",0.527758925013282,"vitro",12
"ENSBTAG00000005111.ENSBTAG00000011909",0.544678732446733,"vitro",12
"ENSBTAG00000005111.ENSBTAG00000018105",0,"vitro",12
"ENSBTAG00000005111.ENSBTAG00000000231",0,"vitro",12
"ENSBTAG00000005111.ENSBTAG00000002081",0,"vitro",12
"ENSBTAG00000005111.ENSBTAG00000006420",0,"vitro",12
"ENSBTAG00000005111.ENSBTAG00000008997",0,"vitro",12
"ENSBTAG00000003835.ENSBTAG00000000231",0,"vitro",12
"ENSBTAG00000003835.ENSBTAG00000002081",6.13668005273642,"vitro",12
"ENSBTAG00000003835.ENSBTAG00000006420",0,"vitro",12
"ENSBTAG00000015362.ENSBTAG00000011909",0,"vitro",12
"ENSBTAG00000015362.ENSBTAG00000018114",1.15833376100323,"vitro",12
"ENSBTAG00000015362.ENSBTAG00000018105",0,"vitro",12
"ENSBTAG00000015362.ENSBTAG00000000231",0,"vitro",12
"ENSBTAG00000015362.ENSBTAG00000002081",0,"vitro",12
"ENSBTAG00000015362.ENSBTAG00000006420",0,"vitro",12
"ENSBTAG00000015362.ENSBTAG00000008997",0,"vitro",12
"ENSBTAG00000004237.ENSBTAG00000011628",0.276202335957031,"vitro",12
"ENSBTAG00000004237.ENSBTAG00000010444",0,"vitro",12
"ENSBTAG00000007153.ENSBTAG00000012219",24.9945798783203,"vitro",12
"ENSBTAG00000006276.ENSBTAG00000047138",2.58525386455781,"vitro",12
"ENSBTAG00000017280.ENSBTAG00000039292",0,"vitro",12
"ENSBTAG00000017280.ENSBTAG00000037735",0,"vitro",12
"ENSBTAG00000017280.ENSBTAG00000005397",2.06791508492104,"vitro",12
"ENSBTAG00000017280.ENSBTAG00000047793",1.20281662432901,"vitro",12
"ENSBTAG00000017280.ENSBTAG00000017060",0,"vitro",12
"ENSBTAG00000037533.ENSBTAG00000037735",0,"vitro",12
"ENSBTAG00000009876.ENSBTAG00000006420",0,"vitro",12
"ENSBTAG00000009876.ENSBTAG00000020736",0,"vitro",12
"ENSBTAG00000012210.ENSBTAG00000039292",0.277862205764466,"vitro",12
"ENSBTAG00000012210.ENSBTAG00000037735",0.268898908804321,"vitro",12
"ENSBTAG00000025644.ENSBTAG00000020661",0,"vitro",12
"ENSBTAG00000025644.ENSBTAG00000014600",0,"vitro",12
"ENSBTAG00000025644.ENSBTAG00000026813",0,"vitro",12
"ENSBTAG00000025644.ENSBTAG00000011628",0,"vitro",12
"ENSBTAG00000025644.ENSBTAG00000010785",2.74002086770499,"vitro",12
"ENSBTAG00000025644.ENSBTAG00000014773",0,"vitro",12
"ENSBTAG00000025644.ENSBTAG00000012687",0.803708960759583,"vitro",12
"ENSBTAG00000025644.ENSBTAG00000004588",0.782251371067117,"vitro",12
"ENSBTAG00000025644.ENSBTAG00000010986",0,"vitro",12
"ENSBTAG00000025644.ENSBTAG00000020667",0,"vitro",12
"ENSBTAG00000025644.ENSBTAG00000014567",0.276202335957031,"vitro",12
"ENSBTAG00000025644.ENSBTAG00000012100",0,"vitro",12
"ENSBTAG00000025644.ENSBTAG00000004337",0,"vitro",12
"ENSBTAG00000025644.ENSBTAG00000011050",0.768282596583775,"vitro",12
"ENSBTAG00000025644.ENSBTAG00000011425",0,"vitro",12
"ENSBTAG00000025644.ENSBTAG00000011515",0,"vitro",12
"ENSBTAG00000025644.ENSBTAG00000019021",0,"vitro",12
"ENSBTAG00000014583.ENSBTAG00000020661",0,"vitro",12
"ENSBTAG00000014583.ENSBTAG00000014600",0,"vitro",12
"ENSBTAG00000014583.ENSBTAG00000026813",0,"vitro",12
"ENSBTAG00000014583.ENSBTAG00000011628",0,"vitro",12
"ENSBTAG00000014583.ENSBTAG00000012687",0.7529169446521,"vitro",12
"ENSBTAG00000014583.ENSBTAG00000010986",0,"vitro",12
"ENSBTAG00000014583.ENSBTAG00000020667",0.757219327192969,"vitro",12
"ENSBTAG00000014583.ENSBTAG00000014567",0,"vitro",12
"ENSBTAG00000014583.ENSBTAG00000012100",0,"vitro",12
"ENSBTAG00000014583.ENSBTAG00000004337",0,"vitro",12
"ENSBTAG00000014583.ENSBTAG00000011050",0,"vitro",12
"ENSBTAG00000014583.ENSBTAG00000011515",0,"vitro",12
"ENSBTAG00000015114.ENSBTAG00000008165",0,"vitro",12
"ENSBTAG00000015114.ENSBTAG00000019929",4.64990878322753,"vitro",12
"ENSBTAG00000015114.ENSBTAG00000017489",0,"vitro",12
"ENSBTAG00000004129.ENSBTAG00000003220",0,"vitro",12
"ENSBTAG00000004129.ENSBTAG00000014162",0.983401723627232,"vitro",12
"ENSBTAG00000004129.ENSBTAG00000001338",2.78092033891649,"vitro",12
"ENSBTAG00000004129.ENSBTAG00000014798",0,"vitro",12
"ENSBTAG00000010738.ENSBTAG00000003220",0,"vitro",12
"ENSBTAG00000010738.ENSBTAG00000014162",0,"vitro",12
"ENSBTAG00000010738.ENSBTAG00000019428",0.768282596583776,"vitro",12
"ENSBTAG00000010738.ENSBTAG00000001338",0,"vitro",12
"ENSBTAG00000021326.ENSBTAG00000039292",0,"vitro",12
"ENSBTAG00000021326.ENSBTAG00000014798",0,"vitro",12
"ENSBTAG00000010161.ENSBTAG00000014162",0,"vitro",12
"ENSBTAG00000010161.ENSBTAG00000039292",0,"vitro",12
"ENSBTAG00000010161.ENSBTAG00000015133",0,"vitro",12
"ENSBTAG00000005581.ENSBTAG00000014162",0,"vitro",12
"ENSBTAG00000005581.ENSBTAG00000039292",0,"vitro",12
"ENSBTAG00000025257.ENSBTAG00000014162",0,"vitro",12
"ENSBTAG00000025257.ENSBTAG00000019428",13.690116823182,"vitro",12
"ENSBTAG00000025257.ENSBTAG00000001338",0,"vitro",12
"ENSBTAG00000014113.ENSBTAG00000014162",0,"vitro",12
"ENSBTAG00000014113.ENSBTAG00000019428",5.61332527791974,"vitro",12
"ENSBTAG00000014113.ENSBTAG00000001338",0,"vitro",12
"ENSBTAG00000014113.ENSBTAG00000003220",18.5561193814282,"vitro",12
"ENSBTAG00000010562.ENSBTAG00000011515",0.984205156407975,"vitro",12
"ENSBTAG00000010562.ENSBTAG00000020755",0,"vitro",12
"ENSBTAG00000017866.ENSBTAG00000006240",0.764868007265626,"vitro",12
"ENSBTAG00000017866.ENSBTAG00000014031",0,"vitro",12
"ENSBTAG00000011238.ENSBTAG00000017256",40.5485798161155,"vitro",12
"ENSBTAG00000006984.ENSBTAG00000021818",0,"vitro",12
"ENSBTAG00000040131.ENSBTAG00000017256",0,"vitro",12
"ENSBTAG00000022514.ENSBTAG00000013730",0,"vitro",12
"ENSBTAG00000015991.ENSBTAG00000021190",0,"vitro",12
"ENSBTAG00000015991.ENSBTAG00000011628",0,"vitro",12
"ENSBTAG00000015991.ENSBTAG00000010444",0.537797817608643,"vitro",12
"ENSBTAG00000015991.ENSBTAG00000021527",0,"vitro",12
"ENSBTAG00000015991.ENSBTAG00000018993",0,"vitro",12
"ENSBTAG00000015991.ENSBTAG00000005903",0,"vitro",12
"ENSBTAG00000015991.ENSBTAG00000000253",0,"vitro",12
"ENSBTAG00000015991.ENSBTAG00000024015",0,"vitro",12
"ENSBTAG00000017564.ENSBTAG00000017846",0.277264652633789,"vitro",12
"ENSBTAG00000017564.ENSBTAG00000000561",0,"vitro",12
"ENSBTAG00000017564.ENSBTAG00000018035",0,"vitro",12
"ENSBTAG00000017564.ENSBTAG00000019832",0,"vitro",12
"ENSBTAG00000021302.ENSBTAG00000019289",2.6660062753249,"vitro",12
"ENSBTAG00000021302.ENSBTAG00000015910",7.24759139654209,"vitro",12
"ENSBTAG00000021217.ENSBTAG00000010682",0,"vitro",12
"ENSBTAG00000021217.ENSBTAG00000019289",0,"vitro",12
"ENSBTAG00000021217.ENSBTAG00000015910",0.963733689154688,"vitro",12
"ENSBTAG00000023907.ENSBTAG00000015996",0,"vitro",12
"ENSBTAG00000023907.ENSBTAG00000020644",3.65224473469336,"vitro",12
"ENSBTAG00000023907.ENSBTAG00000013745",1.91558460748221,"vitro",12
"ENSBTAG00000023907.ENSBTAG00000015910",0.994328409445313,"vitro",12
"ENSBTAG00000023907.ENSBTAG00000013755",0.767351344951553,"vitro",12
"ENSBTAG00000023907.ENSBTAG00000000782",0,"vitro",12
"ENSBTAG00000013103.ENSBTAG00000017866",0.764868007265626,"vitro",12
"ENSBTAG00000013103.ENSBTAG00000011578",0,"vitro",12
"ENSBTAG00000013103.ENSBTAG00000010682",0.275352482615625,"vitro",12
"ENSBTAG00000013103.ENSBTAG00000004885",0,"vitro",12
"ENSBTAG00000013103.ENSBTAG00000001462",0.274874440111084,"vitro",12
"ENSBTAG00000013103.ENSBTAG00000019289",0,"vitro",12
"ENSBTAG00000013103.ENSBTAG00000013745",0.525846754995117,"vitro",12
"ENSBTAG00000013103.ENSBTAG00000019929",3.26653320836932,"vitro",12
"ENSBTAG00000013103.ENSBTAG00000015910",0.79673750756836,"vitro",12
"ENSBTAG00000013472.ENSBTAG00000017866",1.49218794872003,"vitro",12
"ENSBTAG00000013472.ENSBTAG00000011578",0.275352482615625,"vitro",12
"ENSBTAG00000013472.ENSBTAG00000001462",0,"vitro",12
"ENSBTAG00000013472.ENSBTAG00000019289",0,"vitro",12
"ENSBTAG00000013472.ENSBTAG00000008165",0,"vitro",12
"ENSBTAG00000013472.ENSBTAG00000019929",3.7664112115414,"vitro",12
"ENSBTAG00000013472.ENSBTAG00000015910",0,"vitro",12
"ENSBTAG00000013155.ENSBTAG00000010682",0,"vitro",12
"ENSBTAG00000013155.ENSBTAG00000008373",0.529524005030048,"vitro",12
"ENSBTAG00000013155.ENSBTAG00000019289",0,"vitro",12
"ENSBTAG00000013155.ENSBTAG00000008165",0,"vitro",12
"ENSBTAG00000013155.ENSBTAG00000015910",1.43412751362305,"vitro",12
"ENSBTAG00000021466.ENSBTAG00000010682",0,"vitro",12
"ENSBTAG00000021466.ENSBTAG00000004885",0,"vitro",12
"ENSBTAG00000021466.ENSBTAG00000019289",0,"vitro",12
"ENSBTAG00000021466.ENSBTAG00000015910",0,"vitro",12
"ENSBTAG00000012849.ENSBTAG00000003585",0,"vitro",12
"ENSBTAG00000012849.ENSBTAG00000019289",0,"vitro",12
"ENSBTAG00000012849.ENSBTAG00000019929",0.761190757230694,"vitro",12
"ENSBTAG00000012849.ENSBTAG00000015910",0,"vitro",12
"ENSBTAG00000025210.ENSBTAG00000013755",0,"vitro",12
"ENSBTAG00000021316.ENSBTAG00000003585",0.531158338378907,"vitro",12
"ENSBTAG00000021316.ENSBTAG00000019289",0.527758925013282,"vitro",12
"ENSBTAG00000021316.ENSBTAG00000019929",0.27658173477016,"vitro",12
"ENSBTAG00000021316.ENSBTAG00000015910",0.970794009221755,"vitro",12
"ENSBTAG00000014575.ENSBTAG00000003585",0,"vitro",12
"ENSBTAG00000014575.ENSBTAG00000019289",0,"vitro",12
"ENSBTAG00000014575.ENSBTAG00000019929",3.54575664575078,"vitro",12
"ENSBTAG00000014575.ENSBTAG00000015910",0,"vitro",12
"ENSBTAG00000013760.ENSBTAG00000003585",0,"vitro",12
"ENSBTAG00000013760.ENSBTAG00000019289",0,"vitro",12
"ENSBTAG00000013760.ENSBTAG00000019929",6.24120814054985,"vitro",12
"ENSBTAG00000013760.ENSBTAG00000015910",0,"vitro",12
"ENSBTAG00000010179.ENSBTAG00000026676",0,"vitro",12
"ENSBTAG00000011802.ENSBTAG00000019289",0.270890752573242,"vitro",12
"ENSBTAG00000011802.ENSBTAG00000017266",0.275793752619816,"vitro",12
"ENSBTAG00000011802.ENSBTAG00000015910",0,"vitro",12
"ENSBTAG00000019269.ENSBTAG00000019289",0,"vitro",12
"ENSBTAG00000019269.ENSBTAG00000015910",0,"vitro",12
"ENSBTAG00000004630.ENSBTAG00000015910",3.28907952124359,"vitro",12
"ENSBTAG00000012164.ENSBTAG00000010498",0,"vitro",12
"ENSBTAG00000000283.ENSBTAG00000012771",0.989053457671067,"vitro",12
"ENSBTAG00000001725.ENSBTAG00000039292",0,"vitro",12
"ENSBTAG00000001725.ENSBTAG00000001338",0,"vitro",12
"ENSBTAG00000001725.ENSBTAG00000014798",0,"vitro",12
"ENSBTAG00000001725.ENSBTAG00000015127",0,"vitro",12
"ENSBTAG00000005077.ENSBTAG00000018424",2.00665371317923,"vitro",12
"ENSBTAG00000005077.ENSBTAG00000039292",0.538884277846236,"vitro",12
"ENSBTAG00000005077.ENSBTAG00000034883",0.771461696983433,"vitro",12
"ENSBTAG00000005077.ENSBTAG00000003255",1.24658776184157,"vitro",12
"ENSBTAG00000005077.ENSBTAG00000014798",0,"vitro",12
"ENSBTAG00000005077.ENSBTAG00000001060",0,"vitro",12
"ENSBTAG00000005077.ENSBTAG00000015910",0,"vitro",12
"ENSBTAG00000005077.ENSBTAG00000015127",2.10325381412758,"vitro",12
"ENSBTAG00000031998.ENSBTAG00000039292",0,"vitro",12
"ENSBTAG00000031998.ENSBTAG00000015708",12.1916214532337,"vitro",12
"ENSBTAG00000037778.ENSBTAG00000039292",0,"vitro",12
"ENSBTAG00000009812.ENSBTAG00000003220",0,"vitro",12
"ENSBTAG00000009812.ENSBTAG00000039292",0,"vitro",12
"ENSBTAG00000019716.ENSBTAG00000003220",0.534088867142376,"vitro",12
"ENSBTAG00000019716.ENSBTAG00000039292",0,"vitro",12
"ENSBTAG00000003505.ENSBTAG00000011628",2.53751169754586,"vitro",12
"ENSBTAG00000003505.ENSBTAG00000006161",2.56289618434544,"vitro",12
"ENSBTAG00000014218.ENSBTAG00000005903",0,"vitro",12
"ENSBTAG00000014218.ENSBTAG00000011761",0,"vitro",12
"ENSBTAG00000005850.ENSBTAG00000022799",0,"vitro",12
"ENSBTAG00000010361.ENSBTAG00000022799",0.529524005030049,"vitro",12
"ENSBTAG00000012829.ENSBTAG00000016933",0,"vitro",12
"ENSBTAG00000012829.ENSBTAG00000017745",4.62892506387908,"vitro",12
"ENSBTAG00000003806.ENSBTAG00000016455",0,"vitro",12
"ENSBTAG00000008096.ENSBTAG00000013674",0,"vitro",12
"ENSBTAG00000008096.ENSBTAG00000019733",4.60283426355513,"vitro",12
"ENSBTAG00000012109.ENSBTAG00000013674",0,"vitro",12
"ENSBTAG00000017448.ENSBTAG00000011628",28.1634956061105,"vitro",12
"ENSBTAG00000021457.ENSBTAG00000023147",0,"vitro",12
"ENSBTAG00000021457.ENSBTAG00000011986",1.06361287217242,"vitro",12
"ENSBTAG00000020244.ENSBTAG00000006359",0.529524005030049,"vitro",12
"ENSBTAG00000020244.ENSBTAG00000000815",0.277264652633789,"vitro",12
"ENSBTAG00000020244.ENSBTAG00000015510",0,"vitro",12
"ENSBTAG00000038221.ENSBTAG00000006359",1.20281662432901,"vitro",12
"ENSBTAG00000038221.ENSBTAG00000000815",0.274874440111084,"vitro",12
"ENSBTAG00000010673.ENSBTAG00000006359",3.68278533006444,"vitro",12
"ENSBTAG00000010673.ENSBTAG00000000815",0,"vitro",12
"ENSBTAG00000016515.ENSBTAG00000006359",0,"vitro",12
"ENSBTAG00000016515.ENSBTAG00000000815",0,"vitro",12
"ENSBTAG00000016515.ENSBTAG00000015510",0,"vitro",12
"ENSBTAG00000015801.ENSBTAG00000015510",0,"vitro",12
"ENSBTAG00000025410.ENSBTAG00000018343",0,"vitro",12
"ENSBTAG00000007268.ENSBTAG00000015910",0.532675933631418,"vitro",12
"ENSBTAG00000007148.ENSBTAG00000020199",0,"vitro",12
"ENSBTAG00000007148.ENSBTAG00000034848",0,"vitro",12
"ENSBTAG00000007148.ENSBTAG00000000898",0.535407605085938,"vitro",12
"ENSBTAG00000007148.ENSBTAG00000008165",0,"vitro",12
"ENSBTAG00000010726.ENSBTAG00000025101",0.536641263162173,"vitro",12
"ENSBTAG00000010726.ENSBTAG00000012314",0,"vitro",12
"ENSBTAG00000047330.ENSBTAG00000017851",0,"vitro",12
"ENSBTAG00000032808.ENSBTAG00000010785",0,"vitro",12
"ENSBTAG00000032808.ENSBTAG00000004211",1.12236066283543,"vitro",12
"ENSBTAG00000032808.ENSBTAG00000007498",0.519017576358817,"vitro",12
"ENSBTAG00000012088.ENSBTAG00000015910",0,"vitro",12
"ENSBTAG00000002278.ENSBTAG00000013745",0,"vitro",12
"ENSBTAG00000002278.ENSBTAG00000019929",0,"vitro",12
"ENSBTAG00000002278.ENSBTAG00000015910",0,"vitro",12
"ENSBTAG00000022120.ENSBTAG00000008165",0,"vitro",12
"ENSBTAG00000022120.ENSBTAG00000013745",0,"vitro",12
"ENSBTAG00000022120.ENSBTAG00000019929",0,"vitro",12
"ENSBTAG00000022120.ENSBTAG00000015910",0,"vitro",12
"ENSBTAG00000022120.ENSBTAG00000017060",0,"vitro",12
"ENSBTAG00000022120.ENSBTAG00000006240",0,"vitro",12
"ENSBTAG00000012413.ENSBTAG00000015457",0,"vitro",12
"ENSBTAG00000012413.ENSBTAG00000014064",0,"vitro",12
"ENSBTAG00000012413.ENSBTAG00000010543",1.01849128512939,"vitro",12
"ENSBTAG00000020194.ENSBTAG00000011628",1.78109384756411,"vitro",12
"ENSBTAG00000020194.ENSBTAG00000015457",0,"vitro",12
"ENSBTAG00000020194.ENSBTAG00000014064",0,"vitro",12
"ENSBTAG00000020194.ENSBTAG00000010543",0,"vitro",12
"ENSBTAG00000020194.ENSBTAG00000009155",0,"vitro",12
"ENSBTAG00000005198.ENSBTAG00000011578",0,"vitro",12
"ENSBTAG00000005198.ENSBTAG00000011628",0,"vitro",12
"ENSBTAG00000005198.ENSBTAG00000015457",9.80632491690213,"vitro",12
"ENSBTAG00000005198.ENSBTAG00000014064",3.34971212110526,"vitro",12
"ENSBTAG00000005198.ENSBTAG00000010543",0.771461696983433,"vitro",12
"ENSBTAG00000005198.ENSBTAG00000027464",9.64726219004199,"vitro",12
"ENSBTAG00000005198.ENSBTAG00000019866",0,"vitro",12
"ENSBTAG00000005691.ENSBTAG00000011578",0,"vitro",12
"ENSBTAG00000005691.ENSBTAG00000015457",9.08129057974909,"vitro",12
"ENSBTAG00000005691.ENSBTAG00000014064",17.0239810958864,"vitro",12
"ENSBTAG00000005691.ENSBTAG00000010543",0,"vitro",12
"ENSBTAG00000005691.ENSBTAG00000027464",16.3781617612227,"vitro",12
"ENSBTAG00000005691.ENSBTAG00000020644",0.808731405531755,"vitro",12
"ENSBTAG00000005691.ENSBTAG00000019866",0,"vitro",12
"ENSBTAG00000005691.ENSBTAG00000011154",0,"vitro",12
"ENSBTAG00000005691.ENSBTAG00000014357",0,"vitro",12
"ENSBTAG00000005691.ENSBTAG00000026676",18.6514461208518,"vitro",12
"ENSBTAG00000005691.ENSBTAG00000015127",1.24066865730259,"vitro",12
"ENSBTAG00000016177.ENSBTAG00000011628",0,"vitro",12
"ENSBTAG00000038045.ENSBTAG00000018572",3.54112641030449,"vitro",12
"ENSBTAG00000008300.ENSBTAG00000011578",0,"vitro",12
"ENSBTAG00000008300.ENSBTAG00000001882",2.81703618747384,"vitro",12
"ENSBTAG00000008300.ENSBTAG00000011741",17.469166057238,"vitro",12
"ENSBTAG00000008300.ENSBTAG00000001462",32.3400266152932,"vitro",12
"ENSBTAG00000008300.ENSBTAG00000033669",1.22322640867848,"vitro",12
"ENSBTAG00000008300.ENSBTAG00000019289",0,"vitro",12
"ENSBTAG00000008300.ENSBTAG00000008165",0,"vitro",12
"ENSBTAG00000008300.ENSBTAG00000013745",0,"vitro",12
"ENSBTAG00000008300.ENSBTAG00000017266",0,"vitro",12
"ENSBTAG00000008300.ENSBTAG00000019929",0.774428857356446,"vitro",12
"ENSBTAG00000008300.ENSBTAG00000015910",0.774428857356446,"vitro",12
"ENSBTAG00000008300.ENSBTAG00000018993",0,"vitro",12
"ENSBTAG00000008300.ENSBTAG00000013125",0,"vitro",12
"ENSBTAG00000008300.ENSBTAG00000004356",6.15662505554177,"vitro",12
"ENSBTAG00000008300.ENSBTAG00000014357",0,"vitro",12
"ENSBTAG00000008300.ENSBTAG00000017489",22.0632981181195,"vitro",12
"ENSBTAG00000003329.ENSBTAG00000002081",0,"vitro",12
"ENSBTAG00000003329.ENSBTAG00000006420",0.272484227588379,"vitro",12
"ENSBTAG00000009393.ENSBTAG00000039292",0,"vitro",12
"ENSBTAG00000019964.ENSBTAG00000003166",0,"vitro",12
"ENSBTAG00000019964.ENSBTAG00000005828",0,"vitro",12
"ENSBTAG00000019964.ENSBTAG00000001694",1.17803331476179,"vitro",12
"ENSBTAG00000009478.ENSBTAG00000018114",0,"vitro",12
"ENSBTAG00000009478.ENSBTAG00000000231",0,"vitro",12
"ENSBTAG00000009478.ENSBTAG00000002081",0,"vitro",12
"ENSBTAG00000009478.ENSBTAG00000006420",0,"vitro",12
"ENSBTAG00000009478.ENSBTAG00000014354",0,"vitro",12
"ENSBTAG00000009478.ENSBTAG00000018035",0.534088867142377,"vitro",12
"ENSBTAG00000020645.ENSBTAG00000006208",0,"vitro",12
"ENSBTAG00000020645.ENSBTAG00000014600",0.275352482615625,"vitro",12
"ENSBTAG00000020645.ENSBTAG00000011461",0,"vitro",12
"ENSBTAG00000020645.ENSBTAG00000039292",0,"vitro",12
"ENSBTAG00000020645.ENSBTAG00000014798",0,"vitro",12
"ENSBTAG00000020645.ENSBTAG00000010860",0.275793752619817,"vitro",12
"ENSBTAG00000020645.ENSBTAG00000013674",0,"vitro",12
"ENSBTAG00000020645.ENSBTAG00000011628",2.99828258848125,"vitro",12
"ENSBTAG00000020645.ENSBTAG00000020199",0,"vitro",12
"ENSBTAG00000020645.ENSBTAG00000021527",0,"vitro",12
"ENSBTAG00000020645.ENSBTAG00000012848",0.802157767850027,"vitro",12
"ENSBTAG00000020645.ENSBTAG00000005990",0.27658173477016,"vitro",12
"ENSBTAG00000020645.ENSBTAG00000014944",0,"vitro",12
"ENSBTAG00000020645.ENSBTAG00000017489",0.534088867142376,"vitro",12
"ENSBTAG00000020645.ENSBTAG00000014270",0.977331342617188,"vitro",12
"ENSBTAG00000016043.ENSBTAG00000018035",0,"vitro",12
"ENSBTAG00000020406.ENSBTAG00000047793",0,"vitro",12
"ENSBTAG00000020406.ENSBTAG00000021527",0,"vitro",12
"ENSBTAG00000006396.ENSBTAG00000003798",0,"vitro",12
"ENSBTAG00000017664.ENSBTAG00000011578",0,"vitro",12
"ENSBTAG00000017664.ENSBTAG00000015910",0,"vitro",12
"ENSBTAG00000017664.ENSBTAG00000006161",0.532675933631418,"vitro",12
"ENSBTAG00000017664.ENSBTAG00000011154",0,"vitro",12
"ENSBTAG00000017664.ENSBTAG00000014357",0.273167145452009,"vitro",12
"ENSBTAG00000017664.ENSBTAG00000019712",0,"vitro",12
"ENSBTAG00000018103.ENSBTAG00000011154",0,"vitro",12
"ENSBTAG00000018103.ENSBTAG00000006240",0,"vitro",12
"ENSBTAG00000006354.ENSBTAG00000012071",0,"vitro",12
"ENSBTAG00000006354.ENSBTAG00000025101",0,"vitro",12
"ENSBTAG00000006354.ENSBTAG00000017060",0,"vitro",12
"ENSBTAG00000013162.ENSBTAG00000002144",1.85808844189276,"vitro",12
"ENSBTAG00000013162.ENSBTAG00000012314",0.275793752619816,"vitro",12
"ENSBTAG00000017122.ENSBTAG00000011741",2.03076133179059,"vitro",12
"ENSBTAG00000017122.ENSBTAG00000019289",0,"vitro",12
"ENSBTAG00000017122.ENSBTAG00000015910",0,"vitro",12
"ENSBTAG00000017122.ENSBTAG00000018052",0,"vitro",12
"ENSBTAG00000017122.ENSBTAG00000011154",0.276202335957031,"vitro",12
"ENSBTAG00000000470.ENSBTAG00000019929",0.529524005030048,"vitro",12
"ENSBTAG00000010303.ENSBTAG00000011628",0,"vitro",12
"ENSBTAG00000010303.ENSBTAG00000020892",0,"vitro",12
"ENSBTAG00000010303.ENSBTAG00000007626",6.04009945588679,"vitro",12
"ENSBTAG00000010303.ENSBTAG00000007103",0,"vitro",12
"ENSBTAG00000010303.ENSBTAG00000017060",0,"vitro",12
"ENSBTAG00000015742.ENSBTAG00000007103",1.55601380737722,"vitro",12
"ENSBTAG00000015742.ENSBTAG00000017060",0,"vitro",12
"ENSBTAG00000012529.ENSBTAG00000012899",0,"vitro",12
"ENSBTAG00000011082.ENSBTAG00000021527",0.531158338378906,"vitro",12
"ENSBTAG00000011082.ENSBTAG00000002402",0,"vitro",12
"ENSBTAG00000011082.ENSBTAG00000012687",0.27658173477016,"vitro",12
"ENSBTAG00000013066.ENSBTAG00000021527",0.540870947994978,"vitro",12
"ENSBTAG00000013066.ENSBTAG00000002402",14.6344769712118,"vitro",12
"ENSBTAG00000013066.ENSBTAG00000012687",0.774428857356446,"vitro",12
"ENSBTAG00000008611.ENSBTAG00000011761",0,"vitro",12
"ENSBTAG00000008452.ENSBTAG00000013909",0,"vitro",12
"ENSBTAG00000008452.ENSBTAG00000016071",0,"vitro",12
"ENSBTAG00000008452.ENSBTAG00000009903",0.529524005030048,"vitro",12
"ENSBTAG00000006685.ENSBTAG00000005215",0,"vitro",12
"ENSBTAG00000006685.ENSBTAG00000019404",0,"vitro",12
"ENSBTAG00000018200.ENSBTAG00000020892",0,"vitro",12
"ENSBTAG00000018200.ENSBTAG00000007626",0,"vitro",12
"ENSBTAG00000010963.ENSBTAG00000003255",0,"vitro",12
"ENSBTAG00000010963.ENSBTAG00000009024",0.534088867142376,"vitro",12
"ENSBTAG00000010963.ENSBTAG00000002414",0,"vitro",12
"ENSBTAG00000010963.ENSBTAG00000000973",0.525846754995117,"vitro",12
"ENSBTAG00000000277.ENSBTAG00000011238",0.809882619762193,"vitro",12
"ENSBTAG00000000277.ENSBTAG00000027676",0,"vitro",12
"ENSBTAG00000001321.ENSBTAG00000002144",0,"vitro",12
"ENSBTAG00000001321.ENSBTAG00000005273",0,"vitro",12
"ENSBTAG00000001321.ENSBTAG00000013205",0.275352482615625,"vitro",12
"ENSBTAG00000019665.ENSBTAG00000005273",0,"vitro",12
"ENSBTAG00000009357.ENSBTAG00000012771",0.764868007265626,"vitro",12
"ENSBTAG00000014921.ENSBTAG00000007101",0,"vitro",12
"ENSBTAG00000014921.ENSBTAG00000018474",0.54421365122222,"vitro",12
"ENSBTAG00000014921.ENSBTAG00000017745",3.8723176428553,"vitro",12
"ENSBTAG00000009972.ENSBTAG00000018114",1.03257180980859,"vitro",12
"ENSBTAG00000009972.ENSBTAG00000018105",0,"vitro",12
"ENSBTAG00000009972.ENSBTAG00000011909",0,"vitro",12
"ENSBTAG00000009972.ENSBTAG00000024269",0,"vitro",12
"ENSBTAG00000025775.ENSBTAG00000002144",0,"vitro",12
"ENSBTAG00000025775.ENSBTAG00000017981",0,"vitro",12
"ENSBTAG00000025775.ENSBTAG00000016948",0.274354828693105,"vitro",12
"ENSBTAG00000025775.ENSBTAG00000019903",0,"vitro",12
"ENSBTAG00000025775.ENSBTAG00000020704",0.278133820823864,"vitro",12
"ENSBTAG00000025775.ENSBTAG00000017489",0,"vitro",12
"ENSBTAG00000013003.ENSBTAG00000021527",0.771461696983433,"vitro",12
"ENSBTAG00000013003.ENSBTAG00000012687",0,"vitro",12
"ENSBTAG00000021105.ENSBTAG00000006240",0,"vitro",12
"ENSBTAG00000021105.ENSBTAG00000014031",0,"vitro",12
"ENSBTAG00000030710.ENSBTAG00000013755",0,"vitro",12
"ENSBTAG00000014075.ENSBTAG00000012887",0,"vitro",12
"ENSBTAG00000012817.ENSBTAG00000022799",11.3396064684136,"vitro",12
"ENSBTAG00000012817.ENSBTAG00000007909",5.04677908088148,"vitro",12
"ENSBTAG00000007319.ENSBTAG00000022799",0,"vitro",12
"ENSBTAG00000007319.ENSBTAG00000007909",0,"vitro",12
"ENSBTAG00000003176.ENSBTAG00000015910",0,"vitro",12
"ENSBTAG00000003176.ENSBTAG00000017060",0.535407605085938,"vitro",12
"ENSBTAG00000017549.ENSBTAG00000008197",0.771461696983433,"vitro",12
"ENSBTAG00000017549.ENSBTAG00000002699",0.564687708489075,"vitro",12
"ENSBTAG00000008817.ENSBTAG00000017266",0,"vitro",12
"ENSBTAG00000008817.ENSBTAG00000019929",3.04362469525209,"vitro",12
"ENSBTAG00000008817.ENSBTAG00000015910",0.989053457671067,"vitro",12
"ENSBTAG00000011412.ENSBTAG00000019289",0,"vitro",12
"ENSBTAG00000011412.ENSBTAG00000017266",11.6478431537451,"vitro",12
"ENSBTAG00000011412.ENSBTAG00000012897",0,"vitro",12
"ENSBTAG00000011412.ENSBTAG00000019929",11.3167819198201,"vitro",12
"ENSBTAG00000011412.ENSBTAG00000015910",0,"vitro",12
"ENSBTAG00000011412.ENSBTAG00000018169",0,"vitro",12
"ENSBTAG00000022635.ENSBTAG00000015910",0,"vitro",12
"ENSBTAG00000022635.ENSBTAG00000018169",2.10405414623427,"vitro",12
"ENSBTAG00000022635.ENSBTAG00000009757",0,"vitro",12
"ENSBTAG00000016542.ENSBTAG00000019569",0,"vitro",12
"ENSBTAG00000016542.ENSBTAG00000019289",0.999263041750253,"vitro",12
"ENSBTAG00000016542.ENSBTAG00000017266",0.278133820823864,"vitro",12
"ENSBTAG00000016542.ENSBTAG00000015910",0,"vitro",12
"ENSBTAG00000016542.ENSBTAG00000018169",0,"vitro",12
"ENSBTAG00000011966.ENSBTAG00000019289",0.999263041750253,"vitro",12
"ENSBTAG00000011966.ENSBTAG00000017266",0,"vitro",12
"ENSBTAG00000011966.ENSBTAG00000012897",0.277573067152848,"vitro",12
"ENSBTAG00000011966.ENSBTAG00000019929",0.5237683093232,"vitro",12
"ENSBTAG00000011966.ENSBTAG00000015910",0,"vitro",12
"ENSBTAG00000011966.ENSBTAG00000018169",0.275793752619817,"vitro",12
"ENSBTAG00000000793.ENSBTAG00000019569",0,"vitro",12
"ENSBTAG00000000793.ENSBTAG00000019289",0,"vitro",12
"ENSBTAG00000000793.ENSBTAG00000017266",0,"vitro",12
"ENSBTAG00000000793.ENSBTAG00000015910",1.01042407702432,"vitro",12
"ENSBTAG00000000793.ENSBTAG00000018169",1.46379911735318,"vitro",12
"ENSBTAG00000017473.ENSBTAG00000019289",0,"vitro",12
"ENSBTAG00000017473.ENSBTAG00000017266",0,"vitro",12
"ENSBTAG00000017473.ENSBTAG00000015910",0,"vitro",12
"ENSBTAG00000017473.ENSBTAG00000018169",0,"vitro",12
"ENSBTAG00000015089.ENSBTAG00000002135",0,"vitro",12
"ENSBTAG00000001368.ENSBTAG00000015910",6.22025610063911,"vitro",12
"ENSBTAG00000038735.ENSBTAG00000002144",0,"vitro",12
"ENSBTAG00000038735.ENSBTAG00000017981",0.947771226394362,"vitro",12
"ENSBTAG00000038735.ENSBTAG00000016948",0,"vitro",12
"ENSBTAG00000038735.ENSBTAG00000019903",0,"vitro",12
"ENSBTAG00000038735.ENSBTAG00000020704",0.516285904904297,"vitro",12
"ENSBTAG00000038735.ENSBTAG00000017489",0,"vitro",12
"ENSBTAG00000001460.ENSBTAG00000020661",0,"vitro",12
"ENSBTAG00000000073.ENSBTAG00000012314",0,"vitro",12
"ENSBTAG00000000073.ENSBTAG00000000736",0.813591570228459,"vitro",12
"ENSBTAG00000000073.ENSBTAG00000014611",0,"vitro",12
"ENSBTAG00000000073.ENSBTAG00000008849",0,"vitro",12
"ENSBTAG00000000073.ENSBTAG00000018517",0.535407605085938,"vitro",12
"ENSBTAG00000000016.ENSBTAG00000016455",0,"vitro",12
"ENSBTAG00000000016.ENSBTAG00000013674",0,"vitro",12
"ENSBTAG00000000016.ENSBTAG00000015312",0,"vitro",12
"ENSBTAG00000000016.ENSBTAG00000004211",0,"vitro",12
"ENSBTAG00000000016.ENSBTAG00000024928",0,"vitro",12
"ENSBTAG00000019839.ENSBTAG00000013755",0,"vitro",12
"ENSBTAG00000018343.ENSBTAG00000020736",0,"vitro",12
"ENSBTAG00000018343.ENSBTAG00000015312",0,"vitro",12
"ENSBTAG00000018343.ENSBTAG00000004211",0,"vitro",12
"ENSBTAG00000001292.ENSBTAG00000034385",0,"vitro",12
"ENSBTAG00000001292.ENSBTAG00000032007",0,"vitro",12
"ENSBTAG00000001292.ENSBTAG00000032719",7.53196940976188,"vitro",12
"ENSBTAG00000001745.ENSBTAG00000015910",0,"vitro",12
"ENSBTAG00000031444.ENSBTAG00000006360",0,"vitro",12
"ENSBTAG00000018077.ENSBTAG00000024406",0.531158338378907,"vitro",12
"ENSBTAG00000026779.ENSBTAG00000007103",0,"vitro",12
"ENSBTAG00000039355.ENSBTAG00000011578",1.03698450985051,"vitro",12
"ENSBTAG00000039355.ENSBTAG00000018993",0.276934968147899,"vitro",12
"ENSBTAG00000010312.ENSBTAG00000014064",0,"vitro",12
"ENSBTAG00000007740.ENSBTAG00000017266",0,"vitro",12
"ENSBTAG00000007740.ENSBTAG00000015910",0.771461696983433,"vitro",12
"ENSBTAG00000007740.ENSBTAG00000012119",0,"vitro",12
"ENSBTAG00000007740.ENSBTAG00000011154",0,"vitro",12
"ENSBTAG00000007740.ENSBTAG00000026676",2.46823001033881,"vitro",12
"ENSBTAG00000007740.ENSBTAG00000015127",0,"vitro",12
"ENSBTAG00000007740.ENSBTAG00000013320",4.95582782688725,"vitro",12
"ENSBTAG00000003832.ENSBTAG00000022799",0.532675933631418,"vitro",12
"ENSBTAG00000000310.ENSBTAG00000022799",16.8121803695455,"vitro",12
"ENSBTAG00000003300.ENSBTAG00000019929",0,"vitro",12
"ENSBTAG00000003300.ENSBTAG00000002804",36.9739451400438,"vitro",12
"ENSBTAG00000015043.ENSBTAG00000022799",0,"vitro",12
"ENSBTAG00000015043.ENSBTAG00000007909",0.768282596583775,"vitro",12
"ENSBTAG00000019267.ENSBTAG00000014357",0,"vitro",12
"ENSBTAG00000004594.ENSBTAG00000019569",0,"vitro",12
"ENSBTAG00000004594.ENSBTAG00000011578",0,"vitro",12
"ENSBTAG00000020676.ENSBTAG00000011578",0.270890752573242,"vitro",12
"ENSBTAG00000020676.ENSBTAG00000017060",0.757219327192969,"vitro",12
"ENSBTAG00000011585.ENSBTAG00000015046",0,"vitro",12
"ENSBTAG00000011808.ENSBTAG00000018105",0,"vitro",12
"ENSBTAG00000015352.ENSBTAG00000012599",0.519017576358817,"vitro",12
"ENSBTAG00000020342.ENSBTAG00000002107",0,"vitro",12
"ENSBTAG00000020342.ENSBTAG00000007047",6.73381670614198,"vitro",12
"ENSBTAG00000020342.ENSBTAG00000035084",0,"vitro",12
"ENSBTAG00000015509.ENSBTAG00000012687",0.875348941648438,"vitro",12
"ENSBTAG00000005710.ENSBTAG00000015457",3.63078698444027,"vitro",12
"ENSBTAG00000005710.ENSBTAG00000014064",0.274354828693105,"vitro",12
"ENSBTAG00000005710.ENSBTAG00000011425",0,"vitro",12
"ENSBTAG00000005710.ENSBTAG00000009851",0,"vitro",12
"ENSBTAG00000001764.ENSBTAG00000021190",0,"vitro",12
"ENSBTAG00000001764.ENSBTAG00000026676",0,"vitro",12
"ENSBTAG00000012623.ENSBTAG00000002606",0,"vitro",12
"ENSBTAG00000007446.ENSBTAG00000008733",0,"vitro",12
"ENSBTAG00000007446.ENSBTAG00000020979",1.06949647222831,"vitro",12
"ENSBTAG00000007446.ENSBTAG00000003060",4.02247403135818,"vitro",12
"ENSBTAG00000007446.ENSBTAG00000008849",0.788770132492676,"vitro",12
"ENSBTAG00000007244.ENSBTAG00000011741",0,"vitro",12
"ENSBTAG00000007244.ENSBTAG00000019929",0,"vitro",12
"ENSBTAG00000007244.ENSBTAG00000015910",1.97659438436744,"vitro",12
"ENSBTAG00000007244.ENSBTAG00000000253",0,"vitro",12
"ENSBTAG00000021945.ENSBTAG00000011741",51.2231289854402,"vitro",12
"ENSBTAG00000007708.ENSBTAG00000046199",0.529524005030049,"vitro",12
"ENSBTAG00000007708.ENSBTAG00000000244",0.531158338378906,"vitro",12
"ENSBTAG00000007708.ENSBTAG00000025324",0,"vitro",12
"ENSBTAG00000002080.ENSBTAG00000022799",0,"vitro",12
"ENSBTAG00000013898.ENSBTAG00000039292",0,"vitro",12
"ENSBTAG00000013898.ENSBTAG00000016159",0,"vitro",12
"ENSBTAG00000013898.ENSBTAG00000047704",0.529524005030048,"vitro",12
"ENSBTAG00000006686.ENSBTAG00000015910",0,"vitro",12
"ENSBTAG00000003253.ENSBTAG00000011434",0,"vitro",12
"ENSBTAG00000003253.ENSBTAG00000007665",0,"vitro",12
"ENSBTAG00000005305.ENSBTAG00000020979",1.17803331476179,"vitro",12
"ENSBTAG00000005305.ENSBTAG00000008849",0,"vitro",12
"ENSBTAG00000017468.ENSBTAG00000013557",0,"vitro",12
"ENSBTAG00000008026.ENSBTAG00000007175",0.782251371067117,"vitro",12
"ENSBTAG00000008026.ENSBTAG00000047138",0,"vitro",12
"ENSBTAG00000006045.ENSBTAG00000034385",0,"vitro",12
"ENSBTAG00000006045.ENSBTAG00000011944",0,"vitro",12
"ENSBTAG00000044040.ENSBTAG00000002804",0,"vitro",12
"ENSBTAG00000021697.ENSBTAG00000019929",0,"vitro",12
"ENSBTAG00000021697.ENSBTAG00000007173",2.78541243412961,"vitro",12
"ENSBTAG00000021697.ENSBTAG00000002804",0,"vitro",12
"ENSBTAG00000021697.ENSBTAG00000005990",0,"vitro",12
"ENSBTAG00000045520.ENSBTAG00000039292",0,"vitro",12
"ENSBTAG00000004924.ENSBTAG00000039292",0,"vitro",12
"ENSBTAG00000004924.ENSBTAG00000031718",0,"vitro",12
"ENSBTAG00000013688.ENSBTAG00000019866",0,"vitro",12
"ENSBTAG00000013688.ENSBTAG00000011971",0,"vitro",12
"ENSBTAG00000006655.ENSBTAG00000003255",0,"vitro",12
"ENSBTAG00000006655.ENSBTAG00000008218",0,"vitro",12
"ENSBTAG00000001601.ENSBTAG00000011578",0,"vitro",12
"ENSBTAG00000001244.ENSBTAG00000017060",0,"vitro",12
"ENSBTAG00000005947.ENSBTAG00000002402",0,"vitro",12
"ENSBTAG00000005947.ENSBTAG00000013745",12.5688406527505,"vitro",12
"ENSBTAG00000005947.ENSBTAG00000019929",0,"vitro",12
"ENSBTAG00000005947.ENSBTAG00000015910",73.880365803176,"vitro",12
"ENSBTAG00000005947.ENSBTAG00000017060",24.4145854612403,"vitro",12
"ENSBTAG00000005947.ENSBTAG00000013755",0,"vitro",12
"ENSBTAG00000005947.ENSBTAG00000015739",9.00132145076834,"vitro",12
"ENSBTAG00000005947.ENSBTAG00000013125",3.08113103176824,"vitro",12
"ENSBTAG00000005947.ENSBTAG00000019712",0.803961260970313,"vitro",12
"ENSBTAG00000005947.ENSBTAG00000018517",4.7247137135296,"vitro",12
"ENSBTAG00000000559.ENSBTAG00000020661",0,"vitro",12
"ENSBTAG00000012228.ENSBTAG00000014966",0,"vitro",12
"ENSBTAG00000012228.ENSBTAG00000010146",0,"vitro",12
"ENSBTAG00000012228.ENSBTAG00000001814",3.12009906669723,"vitro",12
"ENSBTAG00000010452.ENSBTAG00000011515",0,"vitro",12
"ENSBTAG00000007897.ENSBTAG00000039292",0,"vitro",12
"ENSBTAG00000007897.ENSBTAG00000002144",0,"vitro",12
"ENSBTAG00000007897.ENSBTAG00000017981",0.274354828693105,"vitro",12
"ENSBTAG00000007897.ENSBTAG00000023731",0,"vitro",12
"ENSBTAG00000007897.ENSBTAG00000016948",0,"vitro",12
"ENSBTAG00000007897.ENSBTAG00000019903",0,"vitro",12
"ENSBTAG00000007897.ENSBTAG00000020704",0,"vitro",12
"ENSBTAG00000007897.ENSBTAG00000017489",0,"vitro",12
"ENSBTAG00000002441.ENSBTAG00000039292",0,"vitro",12
"ENSBTAG00000011010.ENSBTAG00000009757",0,"vitro",12
"ENSBTAG00000023652.ENSBTAG00000003166",0,"vitro",12
"ENSBTAG00000023652.ENSBTAG00000001694",0.276934968147899,"vitro",12
"ENSBTAG00000015177.ENSBTAG00000010249",1.0467765013721,"vitro",12
"ENSBTAG00000021499.ENSBTAG00000008036",0.277264652633789,"vitro",12
"ENSBTAG00000021499.ENSBTAG00000013732",0.539906828658089,"vitro",12
"ENSBTAG00000021499.ENSBTAG00000008849",1.28989526082439,"vitro",12
"ENSBTAG00000011757.ENSBTAG00000011578",0,"vitro",12
"ENSBTAG00000011757.ENSBTAG00000004334",0,"vitro",12
"ENSBTAG00000011757.ENSBTAG00000022799",0.274874440111084,"vitro",12
"ENSBTAG00000011757.ENSBTAG00000007909",0,"vitro",12
"ENSBTAG00000013901.ENSBTAG00000019153",0,"vitro",12
"ENSBTAG00000013901.ENSBTAG00000014269",0,"vitro",12
"ENSBTAG00000014127.ENSBTAG00000020319",0,"vitro",12
"ENSBTAG00000014127.ENSBTAG00000039652",0,"vitro",12
"ENSBTAG00000006538.ENSBTAG00000002144",0,"vitro",12
"ENSBTAG00000006538.ENSBTAG00000017981",0,"vitro",12
"ENSBTAG00000006538.ENSBTAG00000016948",0.532675933631418,"vitro",12
"ENSBTAG00000006538.ENSBTAG00000019903",0,"vitro",12
"ENSBTAG00000006538.ENSBTAG00000020704",0,"vitro",12
"ENSBTAG00000006538.ENSBTAG00000017489",0,"vitro",12
"ENSBTAG00000002317.ENSBTAG00000014966",0.527758925013282,"vitro",12
"ENSBTAG00000002317.ENSBTAG00000018052",0,"vitro",12
"ENSBTAG00000002317.ENSBTAG00000012119",0,"vitro",12
"ENSBTAG00000002317.ENSBTAG00000011154",0,"vitro",12
"ENSBTAG00000002317.ENSBTAG00000026676",0,"vitro",12
"ENSBTAG00000040333.ENSBTAG00000013290",3.19645293581825,"vitro",12
"ENSBTAG00000000442.ENSBTAG00000007348",4.99522547745059,"vitro",12
"ENSBTAG00000003658.ENSBTAG00000015910",0.529524005030049,"vitro",12
"ENSBTAG00000003658.ENSBTAG00000000736",0,"vitro",12
"ENSBTAG00000003658.ENSBTAG00000018517",0,"vitro",12
"ENSBTAG00000021333.ENSBTAG00000017801",0,"vitro",12
"ENSBTAG00000020238.ENSBTAG00000004739",0,"vitro",12
"ENSBTAG00000003837.ENSBTAG00000002606",2.18119255865059,"vitro",12
"ENSBTAG00000003837.ENSBTAG00000011761",44.853873051802,"vitro",12
"ENSBTAG00000008121.ENSBTAG00000002606",0,"vitro",12
"ENSBTAG00000008121.ENSBTAG00000011761",7.46510734499081,"vitro",12
"ENSBTAG00000008121.ENSBTAG00000015127",0,"vitro",12
"ENSBTAG00000011104.ENSBTAG00000017425",0.529524005030048,"vitro",12
"ENSBTAG00000011104.ENSBTAG00000023147",0.999263041750253,"vitro",12
"ENSBTAG00000011104.ENSBTAG00000020979",0,"vitro",12
"ENSBTAG00000011104.ENSBTAG00000018300",0,"vitro",12
"ENSBTAG00000005163.ENSBTAG00000006240",0.536641263162173,"vitro",12
"ENSBTAG00000006505.ENSBTAG00000006240",0,"vitro",12
"ENSBTAG00000010138.ENSBTAG00000019866",0.771461696983433,"vitro",12
"ENSBTAG00000010138.ENSBTAG00000011971",0,"vitro",12
"ENSBTAG00000024394.ENSBTAG00000019866",0,"vitro",12
"ENSBTAG00000001941.ENSBTAG00000011409",0.724611796356908,"vitro",12
"ENSBTAG00000001941.ENSBTAG00000006161",2.0527543513745,"vitro",12
"ENSBTAG00000001941.ENSBTAG00000014966",0,"vitro",12
"ENSBTAG00000006989.ENSBTAG00000011971",0,"vitro",12
"ENSBTAG00000016800.ENSBTAG00000000782",9.30909552456522,"vitro",12
"ENSBTAG00000016800.ENSBTAG00000007338",0,"vitro",12
"ENSBTAG00000004362.ENSBTAG00000015996",0,"vitro",12
"ENSBTAG00000004362.ENSBTAG00000014357",0,"vitro",12
"ENSBTAG00000014465.ENSBTAG00000019929",0.989053457671068,"vitro",12
"ENSBTAG00000014465.ENSBTAG00000013755",0,"vitro",12
"ENSBTAG00000014465.ENSBTAG00000013125",0,"vitro",12
"ENSBTAG00000016267.ENSBTAG00000020755",0,"vitro",12
"ENSBTAG00000046421.ENSBTAG00000006240",0,"vitro",12
"ENSBTAG00000004226.ENSBTAG00000026278",0,"vitro",12
"ENSBTAG00000004226.ENSBTAG00000021286",0,"vitro",12
"ENSBTAG00000005108.ENSBTAG00000015996",0.535407605085938,"vitro",12
"ENSBTAG00000005108.ENSBTAG00000009851",0,"vitro",12
"ENSBTAG00000005108.ENSBTAG00000010462",0,"vitro",12
"ENSBTAG00000005108.ENSBTAG00000004356",0,"vitro",12
"ENSBTAG00000005108.ENSBTAG00000011154",0,"vitro",12
"ENSBTAG00000017746.ENSBTAG00000010462",0,"vitro",12
"ENSBTAG00000004148.ENSBTAG00000003255",0,"vitro",12
"ENSBTAG00000002880.ENSBTAG00000012687",3.06314927909743,"vitro",12
"ENSBTAG00000002880.ENSBTAG00000013755",0.270890752573242,"vitro",12
"ENSBTAG00000004086.ENSBTAG00000019712",0,"vitro",12
"ENSBTAG00000004261.ENSBTAG00000017060",0,"vitro",12
"ENSBTAG00000005260.ENSBTAG00000011578",0,"vitro",12
"ENSBTAG00000005260.ENSBTAG00000013745",0,"vitro",12
"ENSBTAG00000005260.ENSBTAG00000019929",2.52421151397796,"vitro",12
"ENSBTAG00000005260.ENSBTAG00000015910",0,"vitro",12
"ENSBTAG00000005260.ENSBTAG00000013755",0,"vitro",12
"ENSBTAG00000005260.ENSBTAG00000005990",0,"vitro",12
"ENSBTAG00000015327.ENSBTAG00000011425",0,"vitro",12
"ENSBTAG00000017312.ENSBTAG00000039292",0,"vitro",12
"ENSBTAG00000017312.ENSBTAG00000017136",0,"vitro",12
"ENSBTAG00000010334.ENSBTAG00000046199",0,"vitro",12
"ENSBTAG00000021807.ENSBTAG00000021664",0,"vitro",12
"ENSBTAG00000021807.ENSBTAG00000016247",0.277264652633789,"vitro",12
"ENSBTAG00000009208.ENSBTAG00000044190",0,"vitro",12
"ENSBTAG00000007273.ENSBTAG00000002144",0,"vitro",12
"ENSBTAG00000007273.ENSBTAG00000034385",0.784552110393785,"vitro",12
"ENSBTAG00000007273.ENSBTAG00000012314",0,"vitro",12
"ENSBTAG00000007273.ENSBTAG00000011738",0,"vitro",12
"ENSBTAG00000007273.ENSBTAG00000032719",2.77495794064556,"vitro",12
"ENSBTAG00000020457.ENSBTAG00000013843",0,"vitro",12
"ENSBTAG00000020457.ENSBTAG00000013222",0,"vitro",12
"ENSBTAG00000020457.ENSBTAG00000001060",100,"vitro",12
"ENSBTAG00000020457.ENSBTAG00000008997",12.7489439185182,"vitro",12
"ENSBTAG00000020457.ENSBTAG00000019929",1.77012310252902,"vitro",12
"ENSBTAG00000020457.ENSBTAG00000015910",8.34088759469375,"vitro",12
"ENSBTAG00000020457.ENSBTAG00000013755",0.777204588027975,"vitro",12
"ENSBTAG00000020457.ENSBTAG00000014357",7.08832329062755,"vitro",12
"ENSBTAG00000020457.ENSBTAG00000012599",0,"vitro",12
"ENSBTAG00000020457.ENSBTAG00000018035",0,"vitro",12
"ENSBTAG00000020457.ENSBTAG00000019832",54.1077562390327,"vitro",12
"ENSBTAG00000020457.ENSBTAG00000024269",0,"vitro",12
"ENSBTAG00000005359.ENSBTAG00000011909",0,"vitro",12
"ENSBTAG00000005359.ENSBTAG00000008997",0,"vitro",12
"ENSBTAG00000005359.ENSBTAG00000018035",0,"vitro",12
"ENSBTAG00000005359.ENSBTAG00000019832",0.500269619880076,"vitro",12
"ENSBTAG00000005359.ENSBTAG00000024269",0.276202335957031,"vitro",12
"ENSBTAG00000012004.ENSBTAG00000013843",0.529524005030048,"vitro",12
"ENSBTAG00000012004.ENSBTAG00000008997",0.532675933631418,"vitro",12
"ENSBTAG00000012004.ENSBTAG00000015910",0,"vitro",12
"ENSBTAG00000012004.ENSBTAG00000013755",0,"vitro",12
"ENSBTAG00000012004.ENSBTAG00000018035",0.273167145452009,"vitro",12
"ENSBTAG00000012004.ENSBTAG00000019832",0,"vitro",12
"ENSBTAG00000012004.ENSBTAG00000024269",0,"vitro",12
"ENSBTAG00000016208.ENSBTAG00000038141",0,"vitro",12
"ENSBTAG00000016208.ENSBTAG00000015910",0,"vitro",12
"ENSBTAG00000016208.ENSBTAG00000015127",1.05672553635382,"vitro",12
"ENSBTAG00000016208.ENSBTAG00000014944",0,"vitro",12
"ENSBTAG00000005898.ENSBTAG00000017851",0.771461696983433,"vitro",12
"ENSBTAG00000002006.ENSBTAG00000017866",0,"vitro",12
"ENSBTAG00000002006.ENSBTAG00000003585",0,"vitro",12
"ENSBTAG00000002006.ENSBTAG00000008165",0,"vitro",12
"ENSBTAG00000002006.ENSBTAG00000017266",0,"vitro",12
"ENSBTAG00000002006.ENSBTAG00000015910",0,"vitro",12
"ENSBTAG00000002006.ENSBTAG00000005903",0,"vitro",12
"ENSBTAG00000002006.ENSBTAG00000014269",0,"vitro",12
"ENSBTAG00000002006.ENSBTAG00000011154",0,"vitro",12
"ENSBTAG00000002006.ENSBTAG00000015127",1.01232530373392,"vitro",12
"ENSBTAG00000000476.ENSBTAG00000003781",0,"vitro",12
"ENSBTAG00000020638.ENSBTAG00000000782",17.6398008285745,"vitro",12
"ENSBTAG00000025868.ENSBTAG00000013755",2.6335766082732,"vitro",12
"ENSBTAG00000000575.ENSBTAG00000020679",18.4148071971386,"vitro",12
"ENSBTAG00000000575.ENSBTAG00000011628",0,"vitro",12
"ENSBTAG00000000575.ENSBTAG00000019289",2.92040511865057,"vitro",12
"ENSBTAG00000000575.ENSBTAG00000013745",0,"vitro",12
"ENSBTAG00000000575.ENSBTAG00000012897",16.9490732843614,"vitro",12
"ENSBTAG00000000575.ENSBTAG00000019929",0,"vitro",12
"ENSBTAG00000000575.ENSBTAG00000015910",10.4586506868487,"vitro",12
"ENSBTAG00000000575.ENSBTAG00000015296",23.7144028807848,"vitro",12
"ENSBTAG00000000575.ENSBTAG00000012119",45.839666379204,"vitro",12
"ENSBTAG00000000575.ENSBTAG00000011154",0,"vitro",12
"ENSBTAG00000000575.ENSBTAG00000015127",0,"vitro",12
"ENSBTAG00000000130.ENSBTAG00000010785",5.9883572452748,"vitro",12
"ENSBTAG00000000130.ENSBTAG00000014357",0,"vitro",12
"ENSBTAG00000000130.ENSBTAG00000004211",2.19909854729051,"vitro",12
"ENSBTAG00000025471.ENSBTAG00000006378",0,"vitro",12
"ENSBTAG00000025471.ENSBTAG00000004211",0,"vitro",12
"ENSBTAG00000025471.ENSBTAG00000024928",0,"vitro",12
"ENSBTAG00000025471.ENSBTAG00000020054",0,"vitro",12
"ENSBTAG00000025471.ENSBTAG00000012642",0.521500914044745,"vitro",12
"ENSBTAG00000025471.ENSBTAG00000010497",4.10737271830242,"vitro",12
"ENSBTAG00000006295.ENSBTAG00000002144",0,"vitro",12
"ENSBTAG00000006295.ENSBTAG00000017981",0,"vitro",12
"ENSBTAG00000006295.ENSBTAG00000016948",0,"vitro",12
"ENSBTAG00000006295.ENSBTAG00000019903",0,"vitro",12
"ENSBTAG00000006295.ENSBTAG00000020704",0,"vitro",12
"ENSBTAG00000006295.ENSBTAG00000017489",0,"vitro",12
"ENSBTAG00000007737.ENSBTAG00000011909",0,"vitro",12
"ENSBTAG00000007737.ENSBTAG00000002144",0,"vitro",12
"ENSBTAG00000007737.ENSBTAG00000045633",0,"vitro",12
"ENSBTAG00000007737.ENSBTAG00000002081",0,"vitro",12
"ENSBTAG00000007737.ENSBTAG00000011628",0,"vitro",12
"ENSBTAG00000007737.ENSBTAG00000014064",0.278133820823864,"vitro",12
"ENSBTAG00000007737.ENSBTAG00000012314",0.537797817608643,"vitro",12
"ENSBTAG00000007737.ENSBTAG00000022799",1.02326936107158,"vitro",12
"ENSBTAG00000007737.ENSBTAG00000006378",0.531158338378907,"vitro",12
"ENSBTAG00000007737.ENSBTAG00000012599",0.999263041750253,"vitro",12
"ENSBTAG00000007737.ENSBTAG00000018035",0.757219327192969,"vitro",12
"ENSBTAG00000007737.ENSBTAG00000019832",0,"vitro",12
"ENSBTAG00000007737.ENSBTAG00000006240",0,"vitro",12
"ENSBTAG00000017246.ENSBTAG00000002144",0,"vitro",12
"ENSBTAG00000017246.ENSBTAG00000014064",0,"vitro",12
"ENSBTAG00000017246.ENSBTAG00000012314",0,"vitro",12
"ENSBTAG00000017246.ENSBTAG00000006378",0,"vitro",12
"ENSBTAG00000017246.ENSBTAG00000012599",0,"vitro",12
"ENSBTAG00000017246.ENSBTAG00000018035",0,"vitro",12
"ENSBTAG00000017246.ENSBTAG00000019832",2.04691063413664,"vitro",12
"ENSBTAG00000017246.ENSBTAG00000006240",0,"vitro",12
"ENSBTAG00000032436.ENSBTAG00000002144",0,"vitro",12
"ENSBTAG00000032436.ENSBTAG00000014064",3.00647760284481,"vitro",12
"ENSBTAG00000032436.ENSBTAG00000012314",0,"vitro",12
"ENSBTAG00000032436.ENSBTAG00000006378",0,"vitro",12
"ENSBTAG00000032436.ENSBTAG00000012599",0,"vitro",12
"ENSBTAG00000032436.ENSBTAG00000018035",0,"vitro",12
"ENSBTAG00000032436.ENSBTAG00000019832",2.18130794822066,"vitro",12
"ENSBTAG00000032436.ENSBTAG00000006240",0,"vitro",12
"ENSBTAG00000007773.ENSBTAG00000015910",1.54996088972337,"vitro",12
"ENSBTAG00000007773.ENSBTAG00000017060",0,"vitro",12
"ENSBTAG00000007773.ENSBTAG00000018993",0.807030762324522,"vitro",12
"ENSBTAG00000014906.ENSBTAG00000011578",0,"vitro",12
"ENSBTAG00000014906.ENSBTAG00000011628",0.276934968147899,"vitro",12
"ENSBTAG00000014906.ENSBTAG00000015910",0,"vitro",12
"ENSBTAG00000014906.ENSBTAG00000011515",0,"vitro",12
"ENSBTAG00000014906.ENSBTAG00000020755",0,"vitro",12
"ENSBTAG00000014906.ENSBTAG00000008008",0,"vitro",12
"ENSBTAG00000021879.ENSBTAG00000013755",0,"vitro",12
"ENSBTAG00000005339.ENSBTAG00000011628",0.274874440111084,"vitro",12
"ENSBTAG00000005339.ENSBTAG00000015996",0,"vitro",12
"ENSBTAG00000005339.ENSBTAG00000019929",0,"vitro",12
"ENSBTAG00000005339.ENSBTAG00000015910",0,"vitro",12
"ENSBTAG00000005339.ENSBTAG00000000782",12.2205165093129,"vitro",12
"ENSBTAG00000005339.ENSBTAG00000019866",0,"vitro",12
"ENSBTAG00000005339.ENSBTAG00000011971",0,"vitro",12
"ENSBTAG00000005339.ENSBTAG00000000570",7.83519006656066,"vitro",12
"ENSBTAG00000005339.ENSBTAG00000007213",0,"vitro",12
"ENSBTAG00000005339.ENSBTAG00000001694",0.764868007265626,"vitro",12
"ENSBTAG00000047567.ENSBTAG00000019866",0,"vitro",12
"ENSBTAG00000047567.ENSBTAG00000000570",0,"vitro",12
"ENSBTAG00000047567.ENSBTAG00000001694",0,"vitro",12
"ENSBTAG00000014737.ENSBTAG00000001462",26.0323643371062,"vitro",12
"ENSBTAG00000014737.ENSBTAG00000015910",2.8374645307825,"vitro",12
"ENSBTAG00000014737.ENSBTAG00000000782",8.43899972223262,"vitro",12
"ENSBTAG00000014737.ENSBTAG00000000802",0.532675933631418,"vitro",12
"ENSBTAG00000014737.ENSBTAG00000011971",2.2424539303924,"vitro",12
"ENSBTAG00000014737.ENSBTAG00000037649",2.42006362132197,"vitro",12
"ENSBTAG00000009476.ENSBTAG00000001462",0,"vitro",12
"ENSBTAG00000009476.ENSBTAG00000019289",0,"vitro",12
"ENSBTAG00000009476.ENSBTAG00000013745",2.75648560553922,"vitro",12
"ENSBTAG00000009476.ENSBTAG00000015910",0.270890752573242,"vitro",12
"ENSBTAG00000009476.ENSBTAG00000000782",0,"vitro",12
"ENSBTAG00000009476.ENSBTAG00000011971",0,"vitro",12
"ENSBTAG00000018463.ENSBTAG00000011578",0,"vitro",12
"ENSBTAG00000020221.ENSBTAG00000002144",0,"vitro",12
"ENSBTAG00000020221.ENSBTAG00000002107",20.8308068672005,"vitro",12
"ENSBTAG00000020221.ENSBTAG00000012314",0.7529169446521,"vitro",12
"ENSBTAG00000020221.ENSBTAG00000005903",0,"vitro",12
"ENSBTAG00000020221.ENSBTAG00000006835",0,"vitro",12
"ENSBTAG00000020221.ENSBTAG00000005092",0,"vitro",12
"ENSBTAG00000020221.ENSBTAG00000016999",0.777204588027975,"vitro",12
"ENSBTAG00000014834.ENSBTAG00000011628",1.51116064864051,"vitro",12
"ENSBTAG00000014834.ENSBTAG00000005828",0.274874440111084,"vitro",12
"ENSBTAG00000007773.ENSBTAG00000003418",1.51187810487886,"vitro",12
"ENSBTAG00000007773.ENSBTAG00000010347",2.53124954768118,"vitro",12
"ENSBTAG00000005481.ENSBTAG00000022799",0.531158338378907,"vitro",12
"ENSBTAG00000020638.ENSBTAG00000001141",0,"vitro",12
"ENSBTAG00000007338.ENSBTAG00000017593",0,"vitro",12
"ENSBTAG00000005280.ENSBTAG00000048246",0,"vitro",12
"ENSBTAG00000015089.ENSBTAG00000015910",0,"vitro",12
"ENSBTAG00000015089.ENSBTAG00000023144",19.8966538924719,"vitro",12
"ENSBTAG00000046421.ENSBTAG00000007213",0.276934968147899,"vitro",12
"ENSBTAG00000002302.ENSBTAG00000017256",0,"vitro",12
"ENSBTAG00000011238.ENSBTAG00000002951",33.5799527754265,"vitro",12
"ENSBTAG00000012066.ENSBTAG00000013569",2.00777851907227,"vitro",12
"ENSBTAG00000037899.ENSBTAG00000022799",0,"vitro",12
"ENSBTAG00000037899.ENSBTAG00000007909",0,"vitro",12
"ENSBTAG00000010361.ENSBTAG00000007909",0,"vitro",12
"ENSBTAG00000040584.ENSBTAG00000021923",0,"vitro",12
"ENSBTAG00000012817.ENSBTAG00000005397",0,"vitro",12
"ENSBTAG00000020221.ENSBTAG00000035084",0.527758925013282,"vitro",12
"ENSBTAG00000005628.ENSBTAG00000008852",0.718126073488282,"vitro",12
"ENSBTAG00000032436.ENSBTAG00000022799",0,"vitro",12
"ENSBTAG00000017246.ENSBTAG00000022799",0,"vitro",12
"ENSBTAG00000032436.ENSBTAG00000010444",13.4743921725434,"vitro",12
"ENSBTAG00000017246.ENSBTAG00000010444",18.3862632178676,"vitro",12
"ENSBTAG00000007737.ENSBTAG00000010444",15.1819232437313,"vitro",12
"ENSBTAG00000032436.ENSBTAG00000007909",0,"vitro",12
"ENSBTAG00000017246.ENSBTAG00000007909",0,"vitro",12
"ENSBTAG00000007737.ENSBTAG00000007909",0,"vitro",12
"ENSBTAG00000032436.ENSBTAG00000006161",3.83206064756134,"vitro",12
"ENSBTAG00000017246.ENSBTAG00000006161",15.8181191242415,"vitro",12
"ENSBTAG00000007737.ENSBTAG00000006161",17.362069942011,"vitro",12
"ENSBTAG00000007446.ENSBTAG00000015591",0,"vitro",12
"ENSBTAG00000011851.ENSBTAG00000013118",0,"vitro",12
"ENSBTAG00000011851.ENSBTAG00000002699",3.21626997055196,"vitro",12
"ENSBTAG00000011851.ENSBTAG00000015510",0.525846754995117,"vitro",12
"ENSBTAG00000010312.ENSBTAG00000020199",0,"vitro",12
"ENSBTAG00000005339.ENSBTAG00000003166",0,"vitro",12
"ENSBTAG00000025868.ENSBTAG00000008165",0,"vitro",12
"ENSBTAG00000011851.ENSBTAG00000012771",0,"vitro",12
"ENSBTAG00000030710.ENSBTAG00000020979",0.809882619762193,"vitro",12
"ENSBTAG00000017582.ENSBTAG00000002699",0.276202335957031,"vitro",12
"ENSBTAG00000013363.ENSBTAG00000009851",0,"vitro",12
"ENSBTAG00000003585.ENSBTAG00000007213",0,"vitro",12
"ENSBTAG00000018773.ENSBTAG00000001941",0.977331342617188,"vitro",12
"ENSBTAG00000016260.ENSBTAG00000011628",0.956085009082032,"vitro",12
"ENSBTAG00000011851.ENSBTAG00000010647",0.276202335957031,"vitro",12
"ENSBTAG00000005691.ENSBTAG00000024269",0.7529169446521,"vitro",12
"ENSBTAG00000017745.ENSBTAG00000018474",0,"vitro",12
"ENSBTAG00000009565.ENSBTAG00000002804",2.54746367332222,"vitro",12
"ENSBTAG00000011851.ENSBTAG00000004917",1.23334966171582,"vitro",12
"ENSBTAG00000011851.ENSBTAG00000007338",0.779806835532532,"vitro",12
"ENSBTAG00000007338.ENSBTAG00000004917",0.956085009082032,"vitro",12
"ENSBTAG00000011851.ENSBTAG00000011425",0,"vitro",12
"ENSBTAG00000011851.ENSBTAG00000000782",0,"vitro",12
"ENSBTAG00000011851.ENSBTAG00000019866",0.761190757230695,"vitro",12
"ENSBTAG00000018773.ENSBTAG00000019866",0,"vitro",12
"ENSBTAG00000011851.ENSBTAG00000018572",2.96576156883735,"vitro",12
"ENSBTAG00000018773.ENSBTAG00000006161",0,"vitro",12
"ENSBTAG00000018347.ENSBTAG00000013205",0,"vitro",12
"ENSBTAG00000021105.ENSBTAG00000013205",0,"vitro",12
"ENSBTAG00000008237.ENSBTAG00000013205",0,"vitro",12
"ENSBTAG00000021105.ENSBTAG00000005273",0,"vitro",12
"ENSBTAG00000008237.ENSBTAG00000005273",0,"vitro",12
"ENSBTAG00000021105.ENSBTAG00000000477",4.82316766934559,"vitro",12
"ENSBTAG00000010312.ENSBTAG00000017753",0,"vitro",12
"ENSBTAG00000010312.ENSBTAG00000014420",0,"vitro",12
"ENSBTAG00000018103.ENSBTAG00000017753",0,"vitro",12
"ENSBTAG00000012638.ENSBTAG00000017753",1.31869111337877,"vitro",12
"ENSBTAG00000004777.ENSBTAG00000017753",1.03200940686208,"vitro",12
"ENSBTAG00000017753.ENSBTAG00000014420",0,"vitro",12
"ENSBTAG00000018103.ENSBTAG00000014420",0,"vitro",12
"ENSBTAG00000012638.ENSBTAG00000014420",0,"vitro",12
"ENSBTAG00000004777.ENSBTAG00000014420",0,"vitro",12
"ENSBTAG00000023907.ENSBTAG00000019929",3.60844987298702,"vitro",12
"ENSBTAG00000025210.ENSBTAG00000019929",0.957080930966493,"vitro",12
"ENSBTAG00000004630.ENSBTAG00000019929",0,"vitro",12
"ENSBTAG00000004630.ENSBTAG00000013745",0,"vitro",12
"ENSBTAG00000004630.ENSBTAG00000003585",0,"vitro",12
"ENSBTAG00000019839.ENSBTAG00000019929",0,"vitro",12
"ENSBTAG00000019839.ENSBTAG00000015910",0,"vitro",12
"ENSBTAG00000012004.ENSBTAG00000019929",1.05700509337402,"vitro",12
"ENSBTAG00000012066.ENSBTAG00000019929",3.12402425139983,"vitro",12
"ENSBTAG00000017745.ENSBTAG00000010423",0,"vitro",12
"ENSBTAG00000017745.ENSBTAG00000015361",0,"vitro",12
"ENSBTAG00000017745.ENSBTAG00000016933",0.274354828693105,"vitro",12
"ENSBTAG00000015150.ENSBTAG00000017745",2.48466446916681,"vitro",12
"ENSBTAG00000015150.ENSBTAG00000016933",0,"vitro",12
"ENSBTAG00000013191.ENSBTAG00000018052",0,"vitro",12
"ENSBTAG00000011291.ENSBTAG00000006732",0.527758925013282,"vitro",12
"ENSBTAG00000019866.ENSBTAG00000000782",49.3721828230819,"vitro",12
"ENSBTAG00000017122.ENSBTAG00000000782",0,"vitro",12
"ENSBTAG00000001941.ENSBTAG00000023144",1.17803331476179,"vitro",12
"ENSBTAG00000011784.ENSBTAG00000000736",0,"vitro",12
"ENSBTAG00000012057.ENSBTAG00000005072",0,"vitro",12
"ENSBTAG00000013718.ENSBTAG00000005072",0,"vitro",12
"ENSBTAG00000020661.ENSBTAG00000017851",0,"vitro",12
"ENSBTAG00000007740.ENSBTAG00000007909",0,"vitro",12
"ENSBTAG00000019267.ENSBTAG00000011578",0,"vitro",12
"ENSBTAG00000009615.ENSBTAG00000013290",1.40805246792081,"vitro",12
"ENSBTAG00000034501.ENSBTAG00000005397",2.67096764441964,"vitro",12
"ENSBTAG00000005077.ENSBTAG00000009851",3.50679735907528,"vitro",12
"ENSBTAG00000005108.ENSBTAG00000001060",0,"vitro",12
"ENSBTAG00000037533.ENSBTAG00000005397",1.55668022842356,"vitro",12
"ENSBTAG00000020556.ENSBTAG00000017033",0,"vitro",12
"ENSBTAG00000010820.ENSBTAG00000002107",6.10438549094125,"vitro",12
"ENSBTAG00000019336.ENSBTAG00000011761",0,"vitro",12
"ENSBTAG00000019336.ENSBTAG00000002107",17.3816451646651,"vitro",12
"ENSBTAG00000017866.ENSBTAG00000008008",0,"vitro",12
"ENSBTAG00000011563.ENSBTAG00000010497",1.80715487442457,"vitro",12
"ENSBTAG00000000016.ENSBTAG00000010497",0,"vitro",12
"ENSBTAG00000018343.ENSBTAG00000010497",0,"vitro",12
"ENSBTAG00000009357.ENSBTAG00000011154",0,"vitro",12
"ENSBTAG00000020457.ENSBTAG00000003045",1.36489377158607,"vitro",12
"ENSBTAG00000005111.ENSBTAG00000018114",0,"vitro",12
"ENSBTAG00000013191.ENSBTAG00000019929",5.15536971647183,"vitro",12
"ENSBTAG00000001745.ENSBTAG00000019289",0,"vitro",12
"ENSBTAG00000016648.ENSBTAG00000015910",0,"vitro",12
"ENSBTAG00000016648.ENSBTAG00000017266",0.548960898071826,"vitro",12
"ENSBTAG00000011741.ENSBTAG00000015910",0,"vitro",12
"ENSBTAG00000022635.ENSBTAG00000012897",0,"vitro",12
"ENSBTAG00000008817.ENSBTAG00000012897",0.743138802513761,"vitro",12
"ENSBTAG00000017060.ENSBTAG00000017846",0,"vitro",12
"ENSBTAG00000017060.ENSBTAG00000007103",0,"vitro",12
"ENSBTAG00000017060.ENSBTAG00000010303",5.93506982831274,"vitro",12
"ENSBTAG00000018255.ENSBTAG00000015127",1.49262921872422,"vitro",12
"ENSBTAG00000000575.ENSBTAG00000026676",18.729146742998,"vitro",12
"ENSBTAG00000019866.ENSBTAG00000009851",0.275352482615625,"vitro",12
"ENSBTAG00000023652.ENSBTAG00000005828",0,"vitro",12
"ENSBTAG00000019910.ENSBTAG00000015510",0.527758925013282,"vitro",12
"ENSBTAG00000017746.ENSBTAG00000009851",0,"vitro",12
"ENSBTAG00000001492.ENSBTAG00000007213",0,"vitro",12
"ENSBTAG00000001492.ENSBTAG00000003585",0,"vitro",12
"ENSBTAG00000019604.ENSBTAG00000009851",0,"vitro",12
"ENSBTAG00000011580.ENSBTAG00000046199",0,"vitro",12
"ENSBTAG00000011409.ENSBTAG00000001941",0,"vitro",12
"ENSBTAG00000039355.ENSBTAG00000011515",0,"vitro",12
"ENSBTAG00000007375.ENSBTAG00000015228",0,"vitro",12
"ENSBTAG00000009357.ENSBTAG00000012119",9.16799805743337,"vitro",12
"ENSBTAG00000002411.ENSBTAG00000007421",1.01232530373392,"vitro",12
"ENSBTAG00000017685.ENSBTAG00000007421",0.536641263162173,"vitro",12
"ENSBTAG00000012519.ENSBTAG00000031753",15.2113485625414,"vitro",12
"ENSBTAG00000010991.ENSBTAG00000007348",0,"vitro",12
