"dataset","feature","mean_shap","sd_shap"
"vitro","ENSBTAG00000020457.ENSBTAG00000001060",0.0303554696558887,NA
"vitro","ENSBTAG00000005947.ENSBTAG00000015910",0.0196095668798665,NA
"vitro","ENSBTAG00000020457.ENSBTAG00000019832",0.0156640054091153,NA
"vitro","ENSBTAG00000021945.ENSBTAG00000011741",0.0151238848408137,NA
"vitro","ENSBTAG00000019866.ENSBTAG00000000782",0.0148495657726692,NA
"vitro","ENSBTAG00000000575.ENSBTAG00000012119",0.0127594791666667,NA
"vitro","ENSBTAG00000003837.ENSBTAG00000011761",0.0115166263760062,NA
"vitro","ENSBTAG00000011238.ENSBTAG00000017256",0.0100926940247253,NA
"vitro","ENSBTAG00000008300.ENSBTAG00000001462",0.00980966838153504,NA
"vitro","ENSBTAG00000011238.ENSBTAG00000002951",0.00955065270935961,NA
"vitro","ENSBTAG00000014737.ENSBTAG00000001462",0.00752879914705346,NA
"vitro","ENSBTAG00000003300.ENSBTAG00000002804",0.00745491099276195,NA
"vitro","ENSBTAG00000008300.ENSBTAG00000017489",0.0074292025862069,NA
"vitro","ENSBTAG00000000575.ENSBTAG00000015296",0.00737928317091454,NA
"vitro","ENSBTAG00000005947.ENSBTAG00000017060",0.00725948904454023,NA
"vitro","ENSBTAG00000017246.ENSBTAG00000010444",0.00701541788856305,NA
"vitro","ENSBTAG00000017448.ENSBTAG00000011628",0.0069425641025641,NA
"vitro","ENSBTAG00000007153.ENSBTAG00000012219",0.00676821994018758,NA
"vitro","ENSBTAG00000005691.ENSBTAG00000027464",0.00612895702198504,NA
"vitro","ENSBTAG00000015089.ENSBTAG00000023144",0.00585062558826682,NA
"vitro","ENSBTAG00000017246.ENSBTAG00000006161",0.00564551459293395,NA
"vitro","ENSBTAG00000007737.ENSBTAG00000006161",0.00564354166666667,NA
"vitro","ENSBTAG00000007737.ENSBTAG00000010444",0.00542842069892473,NA
"vitro","ENSBTAG00000005691.ENSBTAG00000026676",0.005357671107628,NA
"vitro","ENSBTAG00000020221.ENSBTAG00000002107",0.005339791434411,NA
"vitro","ENSBTAG00000020638.ENSBTAG00000000782",0.00518630195319007,NA
"vitro","ENSBTAG00000008300.ENSBTAG00000011741",0.00516439655172414,NA
"vitro","ENSBTAG00000014113.ENSBTAG00000003220",0.00514,NA
"vitro","ENSBTAG00000000575.ENSBTAG00000012897",0.00511020833333333,NA
"vitro","ENSBTAG00000005691.ENSBTAG00000014064",0.0051054525862069,NA
"vitro","ENSBTAG00000000575.ENSBTAG00000026676",0.00506081831243469,NA
"vitro","ENSBTAG00000000575.ENSBTAG00000020679",0.00491866687192118,NA
"vitro","ENSBTAG00000021048.ENSBTAG00000017489",0.00463924964936886,NA
"vitro","ENSBTAG00000012519.ENSBTAG00000031753",0.00457231481481481,NA
"vitro","ENSBTAG00000000310.ENSBTAG00000022799",0.00438090773809524,NA
"vitro","ENSBTAG00000011810.ENSBTAG00000003777",0.00433328088458476,NA
"vitro","ENSBTAG00000013066.ENSBTAG00000002402",0.00426871569048967,NA
"vitro","ENSBTAG00000020457.ENSBTAG00000008997",0.00403951947637292,NA
"vitro","ENSBTAG00000032436.ENSBTAG00000010444",0.00398425409226191,NA
"vitro","ENSBTAG00000012817.ENSBTAG00000022799",0.00396873292099741,NA
"vitro","ENSBTAG00000019336.ENSBTAG00000002107",0.00395794205293867,NA
"vitro","ENSBTAG00000005947.ENSBTAG00000015739",0.00370302493842365,NA
"vitro","ENSBTAG00000005339.ENSBTAG00000000782",0.00361009214142929,NA
"vitro","ENSBTAG00000025257.ENSBTAG00000019428",0.0034660839093702,NA
"vitro","ENSBTAG00000011412.ENSBTAG00000017266",0.0034285775862069,NA
"vitro","ENSBTAG00000009357.ENSBTAG00000012119",0.00337642857142857,NA
"vitro","ENSBTAG00000005947.ENSBTAG00000013745",0.00328764330322438,NA
"vitro","ENSBTAG00000016800.ENSBTAG00000000782",0.00323568347546657,NA
"vitro","ENSBTAG00000003835.ENSBTAG00000002081",0.00315659347203613,NA
"vitro","ENSBTAG00000031998.ENSBTAG00000015708",0.003111762895434,NA
"vitro","ENSBTAG00000005691.ENSBTAG00000015457",0.00309700721153846,NA
"vitro","ENSBTAG00000020342.ENSBTAG00000007047",0.00283234510418588,NA
"vitro","ENSBTAG00000014737.ENSBTAG00000000782",0.00265168103448276,NA
"vitro","ENSBTAG00000005198.ENSBTAG00000027464",0.00262935344225667,NA
"vitro","ENSBTAG00000000575.ENSBTAG00000015910",0.00258466664800717,NA
"vitro","ENSBTAG00000011412.ENSBTAG00000019929",0.00235977822580645,NA
"vitro","ENSBTAG00000021302.ENSBTAG00000015910",0.00231892451298701,NA
"vitro","ENSBTAG00000013760.ENSBTAG00000019929",0.00227377420328814,NA
"vitro","ENSBTAG00000005198.ENSBTAG00000015457",0.00221364333472853,NA
"vitro","ENSBTAG00000008300.ENSBTAG00000004356",0.0021,NA
"vitro","ENSBTAG00000011034.ENSBTAG00000020148",0.0020624226764306,NA
"vitro","ENSBTAG00000005339.ENSBTAG00000000570",0.002007890625,NA
"vitro","ENSBTAG00000020457.ENSBTAG00000015910",0.00199333733974359,NA
"vitro","ENSBTAG00000020457.ENSBTAG00000014357",0.00198740384615385,NA
"vitro","ENSBTAG00000014737.ENSBTAG00000011971",0.00193606401660281,NA
"vitro","ENSBTAG00000012829.ENSBTAG00000017745",0.00189011711790034,NA
"vitro","ENSBTAG00000025471.ENSBTAG00000010497",0.00187894450029948,NA
"vitro","ENSBTAG00000021048.ENSBTAG00000020704",0.00186776939655172,NA
"vitro","ENSBTAG00000021105.ENSBTAG00000000477",0.00182552332970225,NA
"vitro","ENSBTAG00000017060.ENSBTAG00000010303",0.00175103160225443,NA
"vitro","ENSBTAG00000005710.ENSBTAG00000015457",0.00170249640804598,NA
"vitro","ENSBTAG00000008121.ENSBTAG00000011761",0.00167974621212121,NA
"vitro","ENSBTAG00000010820.ENSBTAG00000002107",0.00161060500248674,NA
"vitro","ENSBTAG00000026236.ENSBTAG00000019929",0.00159286290322581,NA
"vitro","ENSBTAG00000023907.ENSBTAG00000020644",0.00154296490147783,NA
"vitro","ENSBTAG00000040333.ENSBTAG00000013290",0.00145952868485196,NA
"vitro","ENSBTAG00000014113.ENSBTAG00000019428",0.00145166666666667,NA
"vitro","ENSBTAG00000001292.ENSBTAG00000032719",0.00144388006008855,NA
"vitro","ENSBTAG00000025644.ENSBTAG00000012687",0.00141737909226191,NA
"vitro","ENSBTAG00000012228.ENSBTAG00000001814",0.00139663254310345,NA
"vitro","ENSBTAG00000002880.ENSBTAG00000012687",0.00137660117056856,NA
"vitro","ENSBTAG00000032436.ENSBTAG00000006161",0.00134455357142857,NA
"vitro","ENSBTAG00000032436.ENSBTAG00000014064",0.0013155303030303,NA
"vitro","ENSBTAG00000014921.ENSBTAG00000017745",0.00125812847316346,NA
"vitro","ENSBTAG00000000442.ENSBTAG00000007348",0.00123955766908213,NA
"vitro","ENSBTAG00000004777.ENSBTAG00000017753",0.00122473806366048,NA
"vitro","ENSBTAG00000025644.ENSBTAG00000010785",0.00121955965909091,NA
"vitro","ENSBTAG00000007740.ENSBTAG00000013320",0.0012032337487781,NA
"vitro","ENSBTAG00000011563.ENSBTAG00000010497",0.00118238244514107,NA
"vitro","ENSBTAG00000025868.ENSBTAG00000013755",0.00118062278447359,NA
"vitro","ENSBTAG00000000130.ENSBTAG00000010785",0.00115802321061691,NA
"vitro","ENSBTAG00000015509.ENSBTAG00000012687",0.00115361111111111,NA
"vitro","ENSBTAG00000010303.ENSBTAG00000007626",0.00114806851851852,NA
"vitro","ENSBTAG00000030710.ENSBTAG00000020979",0.00112606458787219,NA
"vitro","ENSBTAG00000013162.ENSBTAG00000002144",0.00112350436839661,NA
"vitro","ENSBTAG00000014575.ENSBTAG00000019929",0.00111580972906404,NA
"vitro","ENSBTAG00000008096.ENSBTAG00000019733",0.00111571614583333,NA
"vitro","ENSBTAG00000013191.ENSBTAG00000019929",0.00110853852747996,NA
"vitro","ENSBTAG00000007446.ENSBTAG00000003060",0.00109355264208174,NA
"vitro","ENSBTAG00000014737.ENSBTAG00000037649",0.00108696965474139,NA
"vitro","ENSBTAG00000005691.ENSBTAG00000020644",0.00108020833333333,NA
"vitro","ENSBTAG00000005198.ENSBTAG00000014064",0.00107355204342273,NA
"vitro","ENSBTAG00000009565.ENSBTAG00000002804",0.0010413141025641,NA
"vitro","ENSBTAG00000005947.ENSBTAG00000018517",0.00102611268939394,NA
"vitro","ENSBTAG00000038045.ENSBTAG00000018572",0.001006875,NA
"vitro","ENSBTAG00000012066.ENSBTAG00000019929",0.000993663340336134,NA
"vitro","ENSBTAG00000001368.ENSBTAG00000015910",0.000982034583669703,NA
"vitro","ENSBTAG00000015114.ENSBTAG00000019929",0.000969474676724138,NA
"vitro","ENSBTAG00000014583.ENSBTAG00000012687",0.00095741935483871,NA
"vitro","ENSBTAG00000017753.ENSBTAG00000039292",0.000909490740740741,NA
"vitro","ENSBTAG00000010663.ENSBTAG00000019929",0.000909021682340648,NA
"vitro","ENSBTAG00000013066.ENSBTAG00000012687",0.000904464285714286,NA
"vitro","ENSBTAG00000005077.ENSBTAG00000015127",0.000893863146551724,NA
"vitro","ENSBTAG00000011851.ENSBTAG00000002699",0.000893409090909091,NA
"vitro","ENSBTAG00000020194.ENSBTAG00000011628",0.000890700757575758,NA
"vitro","ENSBTAG00000012066.ENSBTAG00000013569",0.000850277777777778,NA
"vitro","ENSBTAG00000021302.ENSBTAG00000019289",0.000836666666666667,NA
"vitro","ENSBTAG00000005947.ENSBTAG00000013125",0.000825170454545455,NA
"vitro","ENSBTAG00000039355.ENSBTAG00000011578",0.000815857279693486,NA
"vitro","ENSBTAG00000021697.ENSBTAG00000007173",0.000814093365476717,NA
"vitro","ENSBTAG00000002473.ENSBTAG00000003777",0.000798333333333333,NA
"vitro","ENSBTAG00000013103.ENSBTAG00000019929",0.000782124017957351,NA
"vitro","ENSBTAG00000037533.ENSBTAG00000005397",0.000778917624521073,NA
"vitro","ENSBTAG00000012817.ENSBTAG00000007909",0.000767168481028775,NA
"vitro","ENSBTAG00000005077.ENSBTAG00000009851",0.000757401057993731,NA
"vitro","ENSBTAG00000017122.ENSBTAG00000011741",0.000750625,NA
"vitro","ENSBTAG00000007740.ENSBTAG00000026676",0.000748583458766648,NA
"vitro","ENSBTAG00000007773.ENSBTAG00000010347",0.000740712537249893,NA
"vitro","ENSBTAG00000003505.ENSBTAG00000006161",0.000738636363636364,NA
"vitro","ENSBTAG00000010963.ENSBTAG00000009024",0.000731921296296296,NA
"vitro","ENSBTAG00000004630.ENSBTAG00000015910",0.000729304187192118,NA
"vitro","ENSBTAG00000023907.ENSBTAG00000019929",0.00072241341991342,NA
"vitro","ENSBTAG00000014737.ENSBTAG00000015910",0.000720424648786718,NA
"vitro","ENSBTAG00000010673.ENSBTAG00000006359",0.000706904761904762,NA
"vitro","ENSBTAG00000008300.ENSBTAG00000001882",0.000703676470588235,NA
"vitro","ENSBTAG00000017685.ENSBTAG00000007421",0.000702594696969697,NA
"vitro","ENSBTAG00000015991.ENSBTAG00000010444",0.000700416666666667,NA
"vitro","ENSBTAG00000015150.ENSBTAG00000017745",0.000695782350760104,NA
"vitro","ENSBTAG00000000575.ENSBTAG00000019289",0.0006928125,NA
"vitro","ENSBTAG00000017246.ENSBTAG00000019832",0.000685367647058824,NA
"vitro","ENSBTAG00000005710.ENSBTAG00000014064",0.000674538043478261,NA
"vitro","ENSBTAG00000009476.ENSBTAG00000013745",0.000665625,NA
"vitro","ENSBTAG00000007773.ENSBTAG00000015910",0.000663326149425287,NA
"vitro","ENSBTAG00000003837.ENSBTAG00000002606",0.000658627450980392,NA
"vitro","ENSBTAG00000020221.ENSBTAG00000012314",0.0006575,NA
"vitro","ENSBTAG00000011851.ENSBTAG00000018572",0.000640969827586207,NA
"vitro","ENSBTAG00000009761.ENSBTAG00000012314",0.000640390625,NA
"vitro","ENSBTAG00000020676.ENSBTAG00000017060",0.000634827586206896,NA
"vitro","ENSBTAG00000021316.ENSBTAG00000003585",0.000625740740740741,NA
"vitro","ENSBTAG00000020645.ENSBTAG00000012848",0.000619741379310345,NA
"vitro","ENSBTAG00000011757.ENSBTAG00000022799",0.000616442307692308,NA
"vitro","ENSBTAG00000020645.ENSBTAG00000014600",0.000616442307692308,NA
"vitro","ENSBTAG00000012004.ENSBTAG00000019929",0.000615930715197957,NA
"vitro","ENSBTAG00000007773.ENSBTAG00000003418",0.000612931034482759,NA
"vitro","ENSBTAG00000006276.ENSBTAG00000047138",0.000606156609195402,NA
"vitro","ENSBTAG00000018255.ENSBTAG00000015127",0.0006026953125,NA
"vitro","ENSBTAG00000021811.ENSBTAG00000020148",0.000602083333333333,NA
"vitro","ENSBTAG00000012638.ENSBTAG00000017753",0.000596195773081201,NA
"vitro","ENSBTAG00000020244.ENSBTAG00000006359",0.0005925,NA
"vitro","ENSBTAG00000010562.ENSBTAG00000011515",0.000588609943977591,NA
"vitro","ENSBTAG00000000793.ENSBTAG00000018169",0.000581120071684588,NA
"vitro","ENSBTAG00000004129.ENSBTAG00000001338",0.000573674516908213,NA
"vitro","ENSBTAG00000005077.ENSBTAG00000039292",0.000572823275862069,NA
"vitro","ENSBTAG00000034501.ENSBTAG00000005397",0.000568785607196402,NA
"vitro","ENSBTAG00000000283.ENSBTAG00000012771",0.000561754032258065,NA
"vitro","ENSBTAG00000006538.ENSBTAG00000016948",0.00056171875,NA
"vitro","ENSBTAG00000009615.ENSBTAG00000013290",0.000560337837837838,NA
"vitro","ENSBTAG00000011966.ENSBTAG00000018169",0.000558365384615385,NA
"vitro","ENSBTAG00000005260.ENSBTAG00000019929",0.00055,NA
"vitro","ENSBTAG00000018077.ENSBTAG00000024406",0.00054375,NA
"vitro","ENSBTAG00000013162.ENSBTAG00000012314",0.0005371875,NA
"vitro","ENSBTAG00000007737.ENSBTAG00000022799",0.000533125,NA
"vitro","ENSBTAG00000015742.ENSBTAG00000007103",0.000523958333333333,NA
"vitro","ENSBTAG00000038221.ENSBTAG00000006359",0.000516363636363636,NA
"vitro","ENSBTAG00000010361.ENSBTAG00000022799",0.00051587962962963,NA
"vitro","ENSBTAG00000020645.ENSBTAG00000011628",0.000510277777777778,NA
"vitro","ENSBTAG00000004129.ENSBTAG00000014162",0.000507439516129032,NA
"vitro","ENSBTAG00000010738.ENSBTAG00000019428",0.000506594827586207,NA
"vitro","ENSBTAG00000008817.ENSBTAG00000019929",0.000505595912707982,NA
"vitro","ENSBTAG00000018773.ENSBTAG00000001941",0.000504741379310345,NA
"vitro","ENSBTAG00000000073.ENSBTAG00000018517",0.000504396551724138,NA
"vitro","ENSBTAG00000005628.ENSBTAG00000008852",0.000504246487867178,NA
"vitro","ENSBTAG00000000470.ENSBTAG00000019929",0.000504230769230769,NA
"vitro","ENSBTAG00000000073.ENSBTAG00000000736",0.000503515625,NA
"vitro","ENSBTAG00000020221.ENSBTAG00000016999",0.000502083333333333,NA
"vitro","ENSBTAG00000025644.ENSBTAG00000004588",0.000499274193548387,NA
"vitro","ENSBTAG00000000793.ENSBTAG00000015910",0.000489730776014109,NA
"vitro","ENSBTAG00000007273.ENSBTAG00000032719",0.000486533764367816,NA
"vitro","ENSBTAG00000020645.ENSBTAG00000014270",0.000476607142857143,NA
"vitro","ENSBTAG00000017753.ENSBTAG00000020054",0.000472778807728752,NA
"vitro","ENSBTAG00000007708.ENSBTAG00000000244",0.0004725,NA
"vitro","ENSBTAG00000020676.ENSBTAG00000011578",0.0004703125,NA
"vitro","ENSBTAG00000023907.ENSBTAG00000013745",0.000468780425963489,NA
"vitro","ENSBTAG00000002411.ENSBTAG00000007421",0.000464553571428571,NA
"vitro","ENSBTAG00000025644.ENSBTAG00000011050",0.000462939814814815,NA
"vitro","ENSBTAG00000014834.ENSBTAG00000011628",0.000461745689655172,NA
"vitro","ENSBTAG00000013155.ENSBTAG00000008373",0.000453125,NA
"vitro","ENSBTAG00000000130.ENSBTAG00000004211",0.000452540322580645,NA
"vitro","ENSBTAG00000011966.ENSBTAG00000012897",0.000451921296296296,NA
"vitro","ENSBTAG00000011851.ENSBTAG00000004917",0.000449687986305633,NA
"vitro","ENSBTAG00000021316.ENSBTAG00000015910",0.000448181818181818,NA
"vitro","ENSBTAG00000003176.ENSBTAG00000017060",0.000447847222222222,NA
"vitro","ENSBTAG00000003505.ENSBTAG00000011628",0.000443315886699507,NA
"vitro","ENSBTAG00000020457.ENSBTAG00000003045",0.00044010775862069,NA
"vitro","ENSBTAG00000005077.ENSBTAG00000018424",0.000436702586206896,NA
"vitro","ENSBTAG00000013155.ENSBTAG00000015910",0.000434305555555556,NA
"vitro","ENSBTAG00000009357.ENSBTAG00000012771",0.00043375,NA
"vitro","ENSBTAG00000025471.ENSBTAG00000012642",0.00043260775862069,NA
"vitro","ENSBTAG00000019910.ENSBTAG00000015510",0.00043125,NA
"vitro","ENSBTAG00000038735.ENSBTAG00000020704",0.000423426724137931,NA
"vitro","ENSBTAG00000032436.ENSBTAG00000019832",0.000423364898989899,NA
"vitro","ENSBTAG00000032808.ENSBTAG00000007498",0.000422740384615385,NA
"vitro","ENSBTAG00000020645.ENSBTAG00000017489",0.000417586206896552,NA
"vitro","ENSBTAG00000007446.ENSBTAG00000020979",0.000416659482758621,NA
"vitro","ENSBTAG00000021807.ENSBTAG00000016247",0.000416077586206896,NA
"vitro","ENSBTAG00000008300.ENSBTAG00000033669",0.000414285714285714,NA
"vitro","ENSBTAG00000015352.ENSBTAG00000012599",0.00041125,NA
"vitro","ENSBTAG00000021499.ENSBTAG00000008849",0.000408965517241379,NA
"vitro","ENSBTAG00000019993.ENSBTAG00000027516",0.00040098599137931,NA
"vitro","ENSBTAG00000022635.ENSBTAG00000018169",0.000395521526711043,NA
"vitro","ENSBTAG00000007773.ENSBTAG00000018993",0.000392647783251231,NA
"vitro","ENSBTAG00000020457.ENSBTAG00000019929",0.000389943181818182,NA
"vitro","ENSBTAG00000016542.ENSBTAG00000017266",0.000388809523809524,NA
"vitro","ENSBTAG00000038735.ENSBTAG00000017981",0.000383771551724138,NA
"vitro","ENSBTAG00000039355.ENSBTAG00000018993",0.000383310185185185,NA
"vitro","ENSBTAG00000013103.ENSBTAG00000001462",0.000383169642857143,NA
"vitro","ENSBTAG00000014921.ENSBTAG00000018474",0.000373169642857143,NA
"vitro","ENSBTAG00000011291.ENSBTAG00000006732",0.000372219827586207,NA
"vitro","ENSBTAG00000011851.ENSBTAG00000007338",0.000370280172413793,NA
"vitro","ENSBTAG00000007244.ENSBTAG00000015910",0.000366279761904762,NA
"vitro","ENSBTAG00000017549.ENSBTAG00000002699",0.00036484375,NA
"vitro","ENSBTAG00000015362.ENSBTAG00000018114",0.0003625,NA
"vitro","ENSBTAG00000005077.ENSBTAG00000003255",0.00035846651193634,NA
"vitro","ENSBTAG00000012004.ENSBTAG00000013843",0.000358297413793103,NA
"vitro","ENSBTAG00000005108.ENSBTAG00000015996",0.000355,NA
"vitro","ENSBTAG00000014465.ENSBTAG00000019929",0.00034801724137931,NA
"vitro","ENSBTAG00000017664.ENSBTAG00000006161",0.0003475,NA
"vitro","ENSBTAG00000017280.ENSBTAG00000047793",0.000342731481481482,NA
"vitro","ENSBTAG00000008817.ENSBTAG00000012897",0.000337116935483871,NA
"vitro","ENSBTAG00000013066.ENSBTAG00000021527",0.000336875,NA
"vitro","ENSBTAG00000011851.ENSBTAG00000010647",0.000333771551724138,NA
"vitro","ENSBTAG00000011104.ENSBTAG00000023147",0.000332291666666667,NA
"vitro","ENSBTAG00000010726.ENSBTAG00000025101",0.000331116071428571,NA
"vitro","ENSBTAG00000001941.ENSBTAG00000006161",0.0003309375,NA
"vitro","ENSBTAG00000016208.ENSBTAG00000015127",0.000330301724137931,NA
"vitro","ENSBTAG00000021499.ENSBTAG00000008036",0.000329870689655172,NA
"vitro","ENSBTAG00000017745.ENSBTAG00000016933",0.000329326923076923,NA
"vitro","ENSBTAG00000017280.ENSBTAG00000005397",0.00032864449088587,NA
"vitro","ENSBTAG00000012004.ENSBTAG00000008997",0.000327939814814815,NA
"vitro","ENSBTAG00000019964.ENSBTAG00000001694",0.000325178571428571,NA
"vitro","ENSBTAG00000014737.ENSBTAG00000000802",0.000319396551724138,NA
"vitro","ENSBTAG00000012413.ENSBTAG00000010543",0.000317443181818182,NA
"vitro","ENSBTAG00000011082.ENSBTAG00000012687",0.000315778703703704,NA
"vitro","ENSBTAG00000046421.ENSBTAG00000007213",0.000313564814814815,NA
"vitro","ENSBTAG00000005691.ENSBTAG00000024269",0.000307198275862069,NA
"vitro","ENSBTAG00000015177.ENSBTAG00000010249",0.00030718005952381,NA
"vitro","ENSBTAG00000007446.ENSBTAG00000008849",0.00030625,NA
"vitro","ENSBTAG00000009476.ENSBTAG00000015910",0.000305386904761905,NA
"vitro","ENSBTAG00000007338.ENSBTAG00000004917",0.000303534482758621,NA
"vitro","ENSBTAG00000007737.ENSBTAG00000012314",0.000299913793103448,NA
"vitro","ENSBTAG00000015978.ENSBTAG00000039292",0.0002925,NA
"vitro","ENSBTAG00000011851.ENSBTAG00000019866",0.00029198275862069,NA
"vitro","ENSBTAG00000005339.ENSBTAG00000011628",0.000291875,NA
"vitro","ENSBTAG00000032808.ENSBTAG00000004211",0.000291487068965517,NA
"vitro","ENSBTAG00000013003.ENSBTAG00000021527",0.000290141129032258,NA
"vitro","ENSBTAG00000002006.ENSBTAG00000015127",0.000287916666666667,NA
"vitro","ENSBTAG00000020244.ENSBTAG00000000815",0.000286363636363636,NA
"vitro","ENSBTAG00000021048.ENSBTAG00000016948",0.000285347222222222,NA
"vitro","ENSBTAG00000014583.ENSBTAG00000020667",0.000283522727272727,NA
"vitro","ENSBTAG00000013103.ENSBTAG00000015910",0.000280643236074271,NA
"vitro","ENSBTAG00000017549.ENSBTAG00000008197",0.000279583333333333,NA
"vitro","ENSBTAG00000005481.ENSBTAG00000022799",0.000272758620689655,NA
"vitro","ENSBTAG00000016648.ENSBTAG00000017266",0.000272425213675214,NA
"vitro","ENSBTAG00000014051.ENSBTAG00000020148",0.000268363095238095,NA
"vitro","ENSBTAG00000038221.ENSBTAG00000000815",0.000268342391304348,NA
"vitro","ENSBTAG00000013103.ENSBTAG00000013745",0.000267995689655172,NA
"vitro","ENSBTAG00000007897.ENSBTAG00000017981",0.000267403846153846,NA
"vitro","ENSBTAG00000007708.ENSBTAG00000046199",0.000266388888888889,NA
"vitro","ENSBTAG00000014906.ENSBTAG00000011628",0.000262031449553001,NA
"vitro","ENSBTAG00000016542.ENSBTAG00000019289",0.000261796875,NA
"vitro","ENSBTAG00000017455.ENSBTAG00000013755",0.000257179487179487,NA
"vitro","ENSBTAG00000010138.ENSBTAG00000019866",0.000257133620689655,NA
"vitro","ENSBTAG00000019866.ENSBTAG00000009851",0.000256458333333333,NA
"vitro","ENSBTAG00000002880.ENSBTAG00000013755",0.00025554347826087,NA
"vitro","ENSBTAG00000025775.ENSBTAG00000020704",0.000251666666666667,NA
"vitro","ENSBTAG00000007148.ENSBTAG00000000898",0.0002477734375,NA
"vitro","ENSBTAG00000017455.ENSBTAG00000015910",0.000244585559116809,NA
"vitro","ENSBTAG00000005359.ENSBTAG00000024269",0.000244464285714286,NA
"vitro","ENSBTAG00000000277.ENSBTAG00000011238",0.000241958689458689,NA
"vitro","ENSBTAG00000005198.ENSBTAG00000010543",0.000236160714285714,NA
"vitro","ENSBTAG00000016260.ENSBTAG00000011628",0.000236120689655172,NA
"vitro","ENSBTAG00000011104.ENSBTAG00000017425",0.000233965517241379,NA
"vitro","ENSBTAG00000007273.ENSBTAG00000034385",0.00022984375,NA
"vitro","ENSBTAG00000008300.ENSBTAG00000015910",0.000225,NA
"vitro","ENSBTAG00000013898.ENSBTAG00000047704",0.000222738095238095,NA
"vitro","ENSBTAG00000010963.ENSBTAG00000000973",0.000218179347826087,NA
"vitro","ENSBTAG00000008026.ENSBTAG00000007175",0.000218125,NA
"vitro","ENSBTAG00000005305.ENSBTAG00000020979",0.0002153125,NA
"vitro","ENSBTAG00000017564.ENSBTAG00000017846",0.000214519230769231,NA
"vitro","ENSBTAG00000005691.ENSBTAG00000015127",0.000212770310633214,NA
"vitro","ENSBTAG00000011851.ENSBTAG00000015510",0.000211853448275862,NA
"vitro","ENSBTAG00000014834.ENSBTAG00000005828",0.000209722222222222,NA
"vitro","ENSBTAG00000001941.ENSBTAG00000011409",0.000208369565217391,NA
"vitro","ENSBTAG00000007737.ENSBTAG00000014064",0.000196607142857143,NA
"vitro","ENSBTAG00000034077.ENSBTAG00000018999",0.000195,NA
"vitro","ENSBTAG00000017753.ENSBTAG00000020979",0.0001927734375,NA
"vitro","ENSBTAG00000003832.ENSBTAG00000022799",0.000190862068965517,NA
"vitro","ENSBTAG00000020645.ENSBTAG00000010860",0.000189545454545455,NA
"vitro","ENSBTAG00000020457.ENSBTAG00000013755",0.000189166666666667,NA
"vitro","ENSBTAG00000007740.ENSBTAG00000015910",0.000188541666666667,NA
"vitro","ENSBTAG00000023907.ENSBTAG00000015910",0.000188541666666667,NA
"vitro","ENSBTAG00000010663.ENSBTAG00000013745",0.000184583333333333,NA
"vitro","ENSBTAG00000012849.ENSBTAG00000019929",0.000177692307692308,NA
"vitro","ENSBTAG00000021499.ENSBTAG00000013732",0.000175833333333333,NA
"vitro","ENSBTAG00000011966.ENSBTAG00000019289",0.000175040322580645,NA
"vitro","ENSBTAG00000007737.ENSBTAG00000018035",0.000173125,NA
"vitro","ENSBTAG00000008817.ENSBTAG00000015910",0.000167708333333333,NA
"vitro","ENSBTAG00000025775.ENSBTAG00000016948",0.000165353260869565,NA
"vitro","ENSBTAG00000021457.ENSBTAG00000011986",0.000158965517241379,NA
"vitro","ENSBTAG00000005947.ENSBTAG00000019712",0.000157321428571429,NA
"vitro","ENSBTAG00000015789.ENSBTAG00000011628",0.000153101851851852,NA
"vitro","ENSBTAG00000003658.ENSBTAG00000015910",0.000150925925925926,NA
"vitro","ENSBTAG00000005359.ENSBTAG00000019832",0.000149125957854406,NA
"vitro","ENSBTAG00000021048.ENSBTAG00000002144",0.00014904533844189,NA
"vitro","ENSBTAG00000009972.ENSBTAG00000018114",0.000146964285714286,NA
"vitro","ENSBTAG00000017664.ENSBTAG00000014357",0.00014625,NA
"vitro","ENSBTAG00000008300.ENSBTAG00000019929",0.000142569444444445,NA
"vitro","ENSBTAG00000001941.ENSBTAG00000023144",0.000142152777777778,NA
"vitro","ENSBTAG00000013472.ENSBTAG00000017866",0.000141422413793103,NA
"vitro","ENSBTAG00000017866.ENSBTAG00000006240",0.000140185185185185,NA
"vitro","ENSBTAG00000007737.ENSBTAG00000006378",0.000138641304347826,NA
"vitro","ENSBTAG00000012210.ENSBTAG00000037735",0.000136363636363636,NA
"vitro","ENSBTAG00000023907.ENSBTAG00000013755",0.000135694444444444,NA
"vitro","ENSBTAG00000007737.ENSBTAG00000012599",0.000134827586206897,NA
"vitro","ENSBTAG00000010663.ENSBTAG00000015910",0.00013,NA
"vitro","ENSBTAG00000017582.ENSBTAG00000002699",0.000127638888888889,NA
"vitro","ENSBTAG00000005163.ENSBTAG00000006240",0.000127413793103448,NA
"vitro","ENSBTAG00000011802.ENSBTAG00000017266",0.000127239583333333,NA
"vitro","ENSBTAG00000019694.ENSBTAG00000013745",0.00012625,NA
"vitro","ENSBTAG00000015043.ENSBTAG00000007909",0.000121666666666667,NA
"vitro","ENSBTAG00000005898.ENSBTAG00000017851",0.000120833333333333,NA
"vitro","ENSBTAG00000013472.ENSBTAG00000019929",0.00011925674827852,NA
"vitro","ENSBTAG00000007268.ENSBTAG00000015910",0.000119107142857143,NA
"vitro","ENSBTAG00000010123.ENSBTAG00000000736",0.000116875,NA
"vitro","ENSBTAG00000005077.ENSBTAG00000034883",0.000116400862068966,NA
"vitro","ENSBTAG00000004237.ENSBTAG00000011628",0.000115978260869565,NA
"vitro","ENSBTAG00000011966.ENSBTAG00000019929",0.000115555555555556,NA
"vitro","ENSBTAG00000013103.ENSBTAG00000010682",0.000113786764705882,NA
"vitro","ENSBTAG00000021316.ENSBTAG00000019929",0.00010625,NA
"vitro","ENSBTAG00000005111.ENSBTAG00000011909",0.000105152591973244,NA
"vitro","ENSBTAG00000012210.ENSBTAG00000039292",0.000105104166666667,NA
"vitro","ENSBTAG00000023652.ENSBTAG00000001694",0.000103958333333333,NA
"vitro","ENSBTAG00000025210.ENSBTAG00000019929",9.6742931547619e-05,NA
"vitro","ENSBTAG00000034077.ENSBTAG00000003848",9.57142857142857e-05,NA
"vitro","ENSBTAG00000019716.ENSBTAG00000003220",9.54166666666667e-05,NA
"vitro","ENSBTAG00000005339.ENSBTAG00000001694",9.4609375e-05,NA
"vitro","ENSBTAG00000021217.ENSBTAG00000015910",9.28846153846154e-05,NA
"vitro","ENSBTAG00000012004.ENSBTAG00000018035",9.07543103448276e-05,NA
"vitro","ENSBTAG00000013103.ENSBTAG00000017866",8.58333333333334e-05,NA
"vitro","ENSBTAG00000011802.ENSBTAG00000019289",8.52403846153846e-05,NA
"vitro","ENSBTAG00000002317.ENSBTAG00000014966",8.39814814814815e-05,NA
"vitro","ENSBTAG00000008452.ENSBTAG00000009903",8.3125e-05,NA
"vitro","ENSBTAG00000017455.ENSBTAG00000019929",7.44827586206897e-05,NA
"vitro","ENSBTAG00000017122.ENSBTAG00000011154",6.81644880174292e-05,NA
"vitro","ENSBTAG00000001321.ENSBTAG00000013205",6.58620689655172e-05,NA
"vitro","ENSBTAG00000025644.ENSBTAG00000014567",6.55890804597701e-05,NA
"vitro","ENSBTAG00000013472.ENSBTAG00000011578",4.8125e-05,NA
"vitro","ENSBTAG00000005250.ENSBTAG00000006240",4.47395833333333e-05,NA
"vitro","ENSBTAG00000009478.ENSBTAG00000018035",4.34375e-05,NA
"vitro","ENSBTAG00000011082.ENSBTAG00000021527",4.34375e-05,NA
"vitro","ENSBTAG00000017753.ENSBTAG00000004334",4.26293103448276e-05,NA
"vitro","ENSBTAG00000020221.ENSBTAG00000035084",3.62037037037037e-05,NA
"vitro","ENSBTAG00000020645.ENSBTAG00000005990",3.08173076923077e-05,NA
"vitro","ENSBTAG00000021316.ENSBTAG00000019289",3.08173076923077e-05,NA
"vitro","ENSBTAG00000003329.ENSBTAG00000006420",2.9375e-05,NA
"vitro","ENSBTAG00000000016.ENSBTAG00000004211",0,NA
"vitro","ENSBTAG00000000016.ENSBTAG00000010497",0,NA
"vitro","ENSBTAG00000000016.ENSBTAG00000013674",0,NA
"vitro","ENSBTAG00000000016.ENSBTAG00000015312",0,NA
"vitro","ENSBTAG00000000016.ENSBTAG00000016455",0,NA
"vitro","ENSBTAG00000000016.ENSBTAG00000024928",0,NA
"vitro","ENSBTAG00000000073.ENSBTAG00000008849",0,NA
"vitro","ENSBTAG00000000073.ENSBTAG00000012314",0,NA
"vitro","ENSBTAG00000000073.ENSBTAG00000014611",0,NA
"vitro","ENSBTAG00000000130.ENSBTAG00000014357",0,NA
"vitro","ENSBTAG00000000277.ENSBTAG00000027676",0,NA
"vitro","ENSBTAG00000000476.ENSBTAG00000003781",0,NA
"vitro","ENSBTAG00000000559.ENSBTAG00000020661",0,NA
"vitro","ENSBTAG00000000575.ENSBTAG00000011154",0,NA
"vitro","ENSBTAG00000000575.ENSBTAG00000011628",0,NA
"vitro","ENSBTAG00000000575.ENSBTAG00000013745",0,NA
"vitro","ENSBTAG00000000575.ENSBTAG00000015127",0,NA
"vitro","ENSBTAG00000000575.ENSBTAG00000019929",0,NA
"vitro","ENSBTAG00000000793.ENSBTAG00000017266",0,NA
"vitro","ENSBTAG00000000793.ENSBTAG00000019289",0,NA
"vitro","ENSBTAG00000000793.ENSBTAG00000019569",0,NA
"vitro","ENSBTAG00000001141.ENSBTAG00000013745",0,NA
"vitro","ENSBTAG00000001141.ENSBTAG00000015910",0,NA
"vitro","ENSBTAG00000001141.ENSBTAG00000022799",0,NA
"vitro","ENSBTAG00000001244.ENSBTAG00000017060",0,NA
"vitro","ENSBTAG00000001292.ENSBTAG00000032007",0,NA
"vitro","ENSBTAG00000001292.ENSBTAG00000034385",0,NA
"vitro","ENSBTAG00000001321.ENSBTAG00000002144",0,NA
"vitro","ENSBTAG00000001321.ENSBTAG00000005273",0,NA
"vitro","ENSBTAG00000001460.ENSBTAG00000020661",0,NA
"vitro","ENSBTAG00000001492.ENSBTAG00000003585",0,NA
"vitro","ENSBTAG00000001492.ENSBTAG00000007213",0,NA
"vitro","ENSBTAG00000001601.ENSBTAG00000011578",0,NA
"vitro","ENSBTAG00000001725.ENSBTAG00000001338",0,NA
"vitro","ENSBTAG00000001725.ENSBTAG00000014798",0,NA
"vitro","ENSBTAG00000001725.ENSBTAG00000015127",0,NA
"vitro","ENSBTAG00000001725.ENSBTAG00000039292",0,NA
"vitro","ENSBTAG00000001745.ENSBTAG00000015910",0,NA
"vitro","ENSBTAG00000001745.ENSBTAG00000019289",0,NA
"vitro","ENSBTAG00000001764.ENSBTAG00000021190",0,NA
"vitro","ENSBTAG00000001764.ENSBTAG00000026676",0,NA
"vitro","ENSBTAG00000001941.ENSBTAG00000014966",0,NA
"vitro","ENSBTAG00000002006.ENSBTAG00000003585",0,NA
"vitro","ENSBTAG00000002006.ENSBTAG00000005903",0,NA
"vitro","ENSBTAG00000002006.ENSBTAG00000008165",0,NA
"vitro","ENSBTAG00000002006.ENSBTAG00000011154",0,NA
"vitro","ENSBTAG00000002006.ENSBTAG00000014269",0,NA
"vitro","ENSBTAG00000002006.ENSBTAG00000015910",0,NA
"vitro","ENSBTAG00000002006.ENSBTAG00000017266",0,NA
"vitro","ENSBTAG00000002006.ENSBTAG00000017866",0,NA
"vitro","ENSBTAG00000002080.ENSBTAG00000022799",0,NA
"vitro","ENSBTAG00000002278.ENSBTAG00000013745",0,NA
"vitro","ENSBTAG00000002278.ENSBTAG00000015910",0,NA
"vitro","ENSBTAG00000002278.ENSBTAG00000019929",0,NA
"vitro","ENSBTAG00000002302.ENSBTAG00000017256",0,NA
"vitro","ENSBTAG00000002317.ENSBTAG00000011154",0,NA
"vitro","ENSBTAG00000002317.ENSBTAG00000012119",0,NA
"vitro","ENSBTAG00000002317.ENSBTAG00000018052",0,NA
"vitro","ENSBTAG00000002317.ENSBTAG00000026676",0,NA
"vitro","ENSBTAG00000002441.ENSBTAG00000039292",0,NA
"vitro","ENSBTAG00000003176.ENSBTAG00000015910",0,NA
"vitro","ENSBTAG00000003253.ENSBTAG00000007665",0,NA
"vitro","ENSBTAG00000003253.ENSBTAG00000011434",0,NA
"vitro","ENSBTAG00000003300.ENSBTAG00000019929",0,NA
"vitro","ENSBTAG00000003329.ENSBTAG00000002081",0,NA
"vitro","ENSBTAG00000003585.ENSBTAG00000007213",0,NA
"vitro","ENSBTAG00000003658.ENSBTAG00000000736",0,NA
"vitro","ENSBTAG00000003658.ENSBTAG00000018517",0,NA
"vitro","ENSBTAG00000003806.ENSBTAG00000016455",0,NA
"vitro","ENSBTAG00000003835.ENSBTAG00000000231",0,NA
"vitro","ENSBTAG00000003835.ENSBTAG00000006420",0,NA
"vitro","ENSBTAG00000004086.ENSBTAG00000019712",0,NA
"vitro","ENSBTAG00000004129.ENSBTAG00000003220",0,NA
"vitro","ENSBTAG00000004129.ENSBTAG00000014798",0,NA
"vitro","ENSBTAG00000004148.ENSBTAG00000003255",0,NA
"vitro","ENSBTAG00000004226.ENSBTAG00000021286",0,NA
"vitro","ENSBTAG00000004226.ENSBTAG00000026278",0,NA
"vitro","ENSBTAG00000004237.ENSBTAG00000010444",0,NA
"vitro","ENSBTAG00000004261.ENSBTAG00000017060",0,NA
"vitro","ENSBTAG00000004362.ENSBTAG00000014357",0,NA
"vitro","ENSBTAG00000004362.ENSBTAG00000015996",0,NA
"vitro","ENSBTAG00000004594.ENSBTAG00000011578",0,NA
"vitro","ENSBTAG00000004594.ENSBTAG00000019569",0,NA
"vitro","ENSBTAG00000004630.ENSBTAG00000003585",0,NA
"vitro","ENSBTAG00000004630.ENSBTAG00000013745",0,NA
"vitro","ENSBTAG00000004630.ENSBTAG00000019929",0,NA
"vitro","ENSBTAG00000004777.ENSBTAG00000014420",0,NA
"vitro","ENSBTAG00000004924.ENSBTAG00000031718",0,NA
"vitro","ENSBTAG00000004924.ENSBTAG00000039292",0,NA
"vitro","ENSBTAG00000005077.ENSBTAG00000001060",0,NA
"vitro","ENSBTAG00000005077.ENSBTAG00000014798",0,NA
"vitro","ENSBTAG00000005077.ENSBTAG00000015910",0,NA
"vitro","ENSBTAG00000005108.ENSBTAG00000001060",0,NA
"vitro","ENSBTAG00000005108.ENSBTAG00000004356",0,NA
"vitro","ENSBTAG00000005108.ENSBTAG00000009851",0,NA
"vitro","ENSBTAG00000005108.ENSBTAG00000010462",0,NA
"vitro","ENSBTAG00000005108.ENSBTAG00000011154",0,NA
"vitro","ENSBTAG00000005111.ENSBTAG00000000231",0,NA
"vitro","ENSBTAG00000005111.ENSBTAG00000002081",0,NA
"vitro","ENSBTAG00000005111.ENSBTAG00000006420",0,NA
"vitro","ENSBTAG00000005111.ENSBTAG00000008997",0,NA
"vitro","ENSBTAG00000005111.ENSBTAG00000018105",0,NA
"vitro","ENSBTAG00000005111.ENSBTAG00000018114",0,NA
"vitro","ENSBTAG00000005198.ENSBTAG00000011578",0,NA
"vitro","ENSBTAG00000005198.ENSBTAG00000011628",0,NA
"vitro","ENSBTAG00000005198.ENSBTAG00000019866",0,NA
"vitro","ENSBTAG00000005250.ENSBTAG00000008008",0,NA
"vitro","ENSBTAG00000005260.ENSBTAG00000005990",0,NA
"vitro","ENSBTAG00000005260.ENSBTAG00000011578",0,NA
"vitro","ENSBTAG00000005260.ENSBTAG00000013745",0,NA
"vitro","ENSBTAG00000005260.ENSBTAG00000013755",0,NA
"vitro","ENSBTAG00000005260.ENSBTAG00000015910",0,NA
"vitro","ENSBTAG00000005280.ENSBTAG00000048246",0,NA
"vitro","ENSBTAG00000005305.ENSBTAG00000008849",0,NA
"vitro","ENSBTAG00000005339.ENSBTAG00000003166",0,NA
"vitro","ENSBTAG00000005339.ENSBTAG00000007213",0,NA
"vitro","ENSBTAG00000005339.ENSBTAG00000011971",0,NA
"vitro","ENSBTAG00000005339.ENSBTAG00000015910",0,NA
"vitro","ENSBTAG00000005339.ENSBTAG00000015996",0,NA
"vitro","ENSBTAG00000005339.ENSBTAG00000019866",0,NA
"vitro","ENSBTAG00000005339.ENSBTAG00000019929",0,NA
"vitro","ENSBTAG00000005359.ENSBTAG00000008997",0,NA
"vitro","ENSBTAG00000005359.ENSBTAG00000011909",0,NA
"vitro","ENSBTAG00000005359.ENSBTAG00000018035",0,NA
"vitro","ENSBTAG00000005481.ENSBTAG00000003166",0,NA
"vitro","ENSBTAG00000005581.ENSBTAG00000014162",0,NA
"vitro","ENSBTAG00000005581.ENSBTAG00000039292",0,NA
"vitro","ENSBTAG00000005691.ENSBTAG00000010543",0,NA
"vitro","ENSBTAG00000005691.ENSBTAG00000011154",0,NA
"vitro","ENSBTAG00000005691.ENSBTAG00000011578",0,NA
"vitro","ENSBTAG00000005691.ENSBTAG00000014357",0,NA
"vitro","ENSBTAG00000005691.ENSBTAG00000019866",0,NA
"vitro","ENSBTAG00000005710.ENSBTAG00000009851",0,NA
"vitro","ENSBTAG00000005710.ENSBTAG00000011425",0,NA
"vitro","ENSBTAG00000005850.ENSBTAG00000022799",0,NA
"vitro","ENSBTAG00000005947.ENSBTAG00000002402",0,NA
"vitro","ENSBTAG00000005947.ENSBTAG00000013755",0,NA
"vitro","ENSBTAG00000005947.ENSBTAG00000019929",0,NA
"vitro","ENSBTAG00000006045.ENSBTAG00000011944",0,NA
"vitro","ENSBTAG00000006045.ENSBTAG00000034385",0,NA
"vitro","ENSBTAG00000006295.ENSBTAG00000002144",0,NA
"vitro","ENSBTAG00000006295.ENSBTAG00000016948",0,NA
"vitro","ENSBTAG00000006295.ENSBTAG00000017489",0,NA
"vitro","ENSBTAG00000006295.ENSBTAG00000017981",0,NA
"vitro","ENSBTAG00000006295.ENSBTAG00000019903",0,NA
"vitro","ENSBTAG00000006295.ENSBTAG00000020704",0,NA
"vitro","ENSBTAG00000006354.ENSBTAG00000012071",0,NA
"vitro","ENSBTAG00000006354.ENSBTAG00000017060",0,NA
"vitro","ENSBTAG00000006354.ENSBTAG00000025101",0,NA
"vitro","ENSBTAG00000006396.ENSBTAG00000003798",0,NA
"vitro","ENSBTAG00000006505.ENSBTAG00000006240",0,NA
"vitro","ENSBTAG00000006538.ENSBTAG00000002144",0,NA
"vitro","ENSBTAG00000006538.ENSBTAG00000017489",0,NA
"vitro","ENSBTAG00000006538.ENSBTAG00000017981",0,NA
"vitro","ENSBTAG00000006538.ENSBTAG00000019903",0,NA
"vitro","ENSBTAG00000006538.ENSBTAG00000020704",0,NA
"vitro","ENSBTAG00000006655.ENSBTAG00000003255",0,NA
"vitro","ENSBTAG00000006655.ENSBTAG00000008218",0,NA
"vitro","ENSBTAG00000006685.ENSBTAG00000005215",0,NA
"vitro","ENSBTAG00000006685.ENSBTAG00000019404",0,NA
"vitro","ENSBTAG00000006686.ENSBTAG00000015910",0,NA
"vitro","ENSBTAG00000006984.ENSBTAG00000021818",0,NA
"vitro","ENSBTAG00000006989.ENSBTAG00000011971",0,NA
"vitro","ENSBTAG00000007148.ENSBTAG00000008165",0,NA
"vitro","ENSBTAG00000007148.ENSBTAG00000020199",0,NA
"vitro","ENSBTAG00000007148.ENSBTAG00000034848",0,NA
"vitro","ENSBTAG00000007244.ENSBTAG00000000253",0,NA
"vitro","ENSBTAG00000007244.ENSBTAG00000011741",0,NA
"vitro","ENSBTAG00000007244.ENSBTAG00000019929",0,NA
"vitro","ENSBTAG00000007273.ENSBTAG00000002144",0,NA
"vitro","ENSBTAG00000007273.ENSBTAG00000011738",0,NA
"vitro","ENSBTAG00000007273.ENSBTAG00000012314",0,NA
"vitro","ENSBTAG00000007319.ENSBTAG00000007909",0,NA
"vitro","ENSBTAG00000007319.ENSBTAG00000022799",0,NA
"vitro","ENSBTAG00000007338.ENSBTAG00000017593",0,NA
"vitro","ENSBTAG00000007375.ENSBTAG00000015228",0,NA
"vitro","ENSBTAG00000007446.ENSBTAG00000008733",0,NA
"vitro","ENSBTAG00000007446.ENSBTAG00000015591",0,NA
"vitro","ENSBTAG00000007708.ENSBTAG00000025324",0,NA
"vitro","ENSBTAG00000007725.ENSBTAG00000012687",0,NA
"vitro","ENSBTAG00000007737.ENSBTAG00000002081",0,NA
"vitro","ENSBTAG00000007737.ENSBTAG00000002144",0,NA
"vitro","ENSBTAG00000007737.ENSBTAG00000006240",0,NA
"vitro","ENSBTAG00000007737.ENSBTAG00000007909",0,NA
"vitro","ENSBTAG00000007737.ENSBTAG00000011628",0,NA
"vitro","ENSBTAG00000007737.ENSBTAG00000011909",0,NA
"vitro","ENSBTAG00000007737.ENSBTAG00000019832",0,NA
"vitro","ENSBTAG00000007737.ENSBTAG00000045633",0,NA
"vitro","ENSBTAG00000007740.ENSBTAG00000007909",0,NA
"vitro","ENSBTAG00000007740.ENSBTAG00000011154",0,NA
"vitro","ENSBTAG00000007740.ENSBTAG00000012119",0,NA
"vitro","ENSBTAG00000007740.ENSBTAG00000015127",0,NA
"vitro","ENSBTAG00000007740.ENSBTAG00000017266",0,NA
"vitro","ENSBTAG00000007773.ENSBTAG00000017060",0,NA
"vitro","ENSBTAG00000007897.ENSBTAG00000002144",0,NA
"vitro","ENSBTAG00000007897.ENSBTAG00000016948",0,NA
"vitro","ENSBTAG00000007897.ENSBTAG00000017489",0,NA
"vitro","ENSBTAG00000007897.ENSBTAG00000019903",0,NA
"vitro","ENSBTAG00000007897.ENSBTAG00000020704",0,NA
"vitro","ENSBTAG00000007897.ENSBTAG00000023731",0,NA
"vitro","ENSBTAG00000007897.ENSBTAG00000039292",0,NA
"vitro","ENSBTAG00000008026.ENSBTAG00000047138",0,NA
"vitro","ENSBTAG00000008027.ENSBTAG00000002144",0,NA
"vitro","ENSBTAG00000008027.ENSBTAG00000007175",0,NA
"vitro","ENSBTAG00000008027.ENSBTAG00000012314",0,NA
"vitro","ENSBTAG00000008027.ENSBTAG00000016948",0,NA
"vitro","ENSBTAG00000008027.ENSBTAG00000017489",0,NA
"vitro","ENSBTAG00000008027.ENSBTAG00000017981",0,NA
"vitro","ENSBTAG00000008027.ENSBTAG00000019903",0,NA
"vitro","ENSBTAG00000008027.ENSBTAG00000020704",0,NA
"vitro","ENSBTAG00000008027.ENSBTAG00000047138",0,NA
"vitro","ENSBTAG00000008096.ENSBTAG00000013674",0,NA
"vitro","ENSBTAG00000008121.ENSBTAG00000002606",0,NA
"vitro","ENSBTAG00000008121.ENSBTAG00000015127",0,NA
"vitro","ENSBTAG00000008237.ENSBTAG00000005273",0,NA
"vitro","ENSBTAG00000008237.ENSBTAG00000013205",0,NA
"vitro","ENSBTAG00000008300.ENSBTAG00000008165",0,NA
"vitro","ENSBTAG00000008300.ENSBTAG00000011578",0,NA
"vitro","ENSBTAG00000008300.ENSBTAG00000013125",0,NA
"vitro","ENSBTAG00000008300.ENSBTAG00000013745",0,NA
"vitro","ENSBTAG00000008300.ENSBTAG00000014357",0,NA
"vitro","ENSBTAG00000008300.ENSBTAG00000017266",0,NA
"vitro","ENSBTAG00000008300.ENSBTAG00000018993",0,NA
"vitro","ENSBTAG00000008300.ENSBTAG00000019289",0,NA
"vitro","ENSBTAG00000008452.ENSBTAG00000013909",0,NA
"vitro","ENSBTAG00000008452.ENSBTAG00000016071",0,NA
"vitro","ENSBTAG00000008611.ENSBTAG00000011761",0,NA
"vitro","ENSBTAG00000008817.ENSBTAG00000017266",0,NA
"vitro","ENSBTAG00000009208.ENSBTAG00000044190",0,NA
"vitro","ENSBTAG00000009212.ENSBTAG00000012314",0,NA
"vitro","ENSBTAG00000009357.ENSBTAG00000011154",0,NA
"vitro","ENSBTAG00000009393.ENSBTAG00000039292",0,NA
"vitro","ENSBTAG00000009476.ENSBTAG00000000782",0,NA
"vitro","ENSBTAG00000009476.ENSBTAG00000001462",0,NA
"vitro","ENSBTAG00000009476.ENSBTAG00000011971",0,NA
"vitro","ENSBTAG00000009476.ENSBTAG00000019289",0,NA
"vitro","ENSBTAG00000009478.ENSBTAG00000000231",0,NA
"vitro","ENSBTAG00000009478.ENSBTAG00000002081",0,NA
"vitro","ENSBTAG00000009478.ENSBTAG00000006420",0,NA
"vitro","ENSBTAG00000009478.ENSBTAG00000014354",0,NA
"vitro","ENSBTAG00000009478.ENSBTAG00000018114",0,NA
"vitro","ENSBTAG00000009761.ENSBTAG00000002144",0,NA
"vitro","ENSBTAG00000009812.ENSBTAG00000003220",0,NA
"vitro","ENSBTAG00000009812.ENSBTAG00000039292",0,NA
"vitro","ENSBTAG00000009876.ENSBTAG00000006420",0,NA
"vitro","ENSBTAG00000009876.ENSBTAG00000020736",0,NA
"vitro","ENSBTAG00000009972.ENSBTAG00000011909",0,NA
"vitro","ENSBTAG00000009972.ENSBTAG00000018105",0,NA
"vitro","ENSBTAG00000009972.ENSBTAG00000024269",0,NA
"vitro","ENSBTAG00000010123.ENSBTAG00000005903",0,NA
"vitro","ENSBTAG00000010123.ENSBTAG00000012314",0,NA
"vitro","ENSBTAG00000010123.ENSBTAG00000014269",0,NA
"vitro","ENSBTAG00000010123.ENSBTAG00000014611",0,NA
"vitro","ENSBTAG00000010123.ENSBTAG00000018517",0,NA
"vitro","ENSBTAG00000010138.ENSBTAG00000011971",0,NA
"vitro","ENSBTAG00000010161.ENSBTAG00000014162",0,NA
"vitro","ENSBTAG00000010161.ENSBTAG00000015133",0,NA
"vitro","ENSBTAG00000010161.ENSBTAG00000039292",0,NA
"vitro","ENSBTAG00000010179.ENSBTAG00000026676",0,NA
"vitro","ENSBTAG00000010303.ENSBTAG00000007103",0,NA
"vitro","ENSBTAG00000010303.ENSBTAG00000011628",0,NA
"vitro","ENSBTAG00000010303.ENSBTAG00000017060",0,NA
"vitro","ENSBTAG00000010303.ENSBTAG00000020892",0,NA
"vitro","ENSBTAG00000010312.ENSBTAG00000014064",0,NA
"vitro","ENSBTAG00000010312.ENSBTAG00000014420",0,NA
"vitro","ENSBTAG00000010312.ENSBTAG00000017753",0,NA
"vitro","ENSBTAG00000010312.ENSBTAG00000020199",0,NA
"vitro","ENSBTAG00000010334.ENSBTAG00000046199",0,NA
"vitro","ENSBTAG00000010361.ENSBTAG00000007909",0,NA
"vitro","ENSBTAG00000010452.ENSBTAG00000011515",0,NA
"vitro","ENSBTAG00000010562.ENSBTAG00000020755",0,NA
"vitro","ENSBTAG00000010673.ENSBTAG00000000815",0,NA
"vitro","ENSBTAG00000010726.ENSBTAG00000012314",0,NA
"vitro","ENSBTAG00000010738.ENSBTAG00000001338",0,NA
"vitro","ENSBTAG00000010738.ENSBTAG00000003220",0,NA
"vitro","ENSBTAG00000010738.ENSBTAG00000014162",0,NA
"vitro","ENSBTAG00000010963.ENSBTAG00000002414",0,NA
"vitro","ENSBTAG00000010963.ENSBTAG00000003255",0,NA
"vitro","ENSBTAG00000010991.ENSBTAG00000007348",0,NA
"vitro","ENSBTAG00000011010.ENSBTAG00000009757",0,NA
"vitro","ENSBTAG00000011034.ENSBTAG00000003777",0,NA
"vitro","ENSBTAG00000011082.ENSBTAG00000002402",0,NA
"vitro","ENSBTAG00000011104.ENSBTAG00000018300",0,NA
"vitro","ENSBTAG00000011104.ENSBTAG00000020979",0,NA
"vitro","ENSBTAG00000011409.ENSBTAG00000001941",0,NA
"vitro","ENSBTAG00000011412.ENSBTAG00000012897",0,NA
"vitro","ENSBTAG00000011412.ENSBTAG00000015910",0,NA
"vitro","ENSBTAG00000011412.ENSBTAG00000018169",0,NA
"vitro","ENSBTAG00000011412.ENSBTAG00000019289",0,NA
"vitro","ENSBTAG00000011580.ENSBTAG00000046199",0,NA
"vitro","ENSBTAG00000011585.ENSBTAG00000015046",0,NA
"vitro","ENSBTAG00000011741.ENSBTAG00000015910",0,NA
"vitro","ENSBTAG00000011757.ENSBTAG00000004334",0,NA
"vitro","ENSBTAG00000011757.ENSBTAG00000007909",0,NA
"vitro","ENSBTAG00000011757.ENSBTAG00000011578",0,NA
"vitro","ENSBTAG00000011784.ENSBTAG00000000736",0,NA
"vitro","ENSBTAG00000011802.ENSBTAG00000015910",0,NA
"vitro","ENSBTAG00000011808.ENSBTAG00000018105",0,NA
"vitro","ENSBTAG00000011851.ENSBTAG00000000782",0,NA
"vitro","ENSBTAG00000011851.ENSBTAG00000011425",0,NA
"vitro","ENSBTAG00000011851.ENSBTAG00000012771",0,NA
"vitro","ENSBTAG00000011851.ENSBTAG00000013118",0,NA
"vitro","ENSBTAG00000011966.ENSBTAG00000015910",0,NA
"vitro","ENSBTAG00000011966.ENSBTAG00000017266",0,NA
"vitro","ENSBTAG00000012004.ENSBTAG00000013755",0,NA
"vitro","ENSBTAG00000012004.ENSBTAG00000015910",0,NA
"vitro","ENSBTAG00000012004.ENSBTAG00000019832",0,NA
"vitro","ENSBTAG00000012004.ENSBTAG00000024269",0,NA
"vitro","ENSBTAG00000012057.ENSBTAG00000005072",0,NA
"vitro","ENSBTAG00000012088.ENSBTAG00000015910",0,NA
"vitro","ENSBTAG00000012109.ENSBTAG00000013674",0,NA
"vitro","ENSBTAG00000012164.ENSBTAG00000010498",0,NA
"vitro","ENSBTAG00000012228.ENSBTAG00000010146",0,NA
"vitro","ENSBTAG00000012228.ENSBTAG00000014966",0,NA
"vitro","ENSBTAG00000012398.ENSBTAG00000008008",0,NA
"vitro","ENSBTAG00000012398.ENSBTAG00000012314",0,NA
"vitro","ENSBTAG00000012398.ENSBTAG00000014357",0,NA
"vitro","ENSBTAG00000012413.ENSBTAG00000014064",0,NA
"vitro","ENSBTAG00000012413.ENSBTAG00000015457",0,NA
"vitro","ENSBTAG00000012444.ENSBTAG00000015127",0,NA
"vitro","ENSBTAG00000012444.ENSBTAG00000015910",0,NA
"vitro","ENSBTAG00000012529.ENSBTAG00000012899",0,NA
"vitro","ENSBTAG00000012623.ENSBTAG00000002606",0,NA
"vitro","ENSBTAG00000012638.ENSBTAG00000014420",0,NA
"vitro","ENSBTAG00000012817.ENSBTAG00000005397",0,NA
"vitro","ENSBTAG00000012829.ENSBTAG00000016933",0,NA
"vitro","ENSBTAG00000012849.ENSBTAG00000003585",0,NA
"vitro","ENSBTAG00000012849.ENSBTAG00000015910",0,NA
"vitro","ENSBTAG00000012849.ENSBTAG00000019289",0,NA
"vitro","ENSBTAG00000013003.ENSBTAG00000012687",0,NA
"vitro","ENSBTAG00000013103.ENSBTAG00000004885",0,NA
"vitro","ENSBTAG00000013103.ENSBTAG00000011578",0,NA
"vitro","ENSBTAG00000013103.ENSBTAG00000019289",0,NA
"vitro","ENSBTAG00000013155.ENSBTAG00000008165",0,NA
"vitro","ENSBTAG00000013155.ENSBTAG00000010682",0,NA
"vitro","ENSBTAG00000013155.ENSBTAG00000019289",0,NA
"vitro","ENSBTAG00000013191.ENSBTAG00000015910",0,NA
"vitro","ENSBTAG00000013191.ENSBTAG00000018052",0,NA
"vitro","ENSBTAG00000013201.ENSBTAG00000020319",0,NA
"vitro","ENSBTAG00000013363.ENSBTAG00000009851",0,NA
"vitro","ENSBTAG00000013472.ENSBTAG00000001462",0,NA
"vitro","ENSBTAG00000013472.ENSBTAG00000008165",0,NA
"vitro","ENSBTAG00000013472.ENSBTAG00000015910",0,NA
"vitro","ENSBTAG00000013472.ENSBTAG00000019289",0,NA
"vitro","ENSBTAG00000013688.ENSBTAG00000011971",0,NA
"vitro","ENSBTAG00000013688.ENSBTAG00000019866",0,NA
"vitro","ENSBTAG00000013718.ENSBTAG00000005072",0,NA
"vitro","ENSBTAG00000013760.ENSBTAG00000003585",0,NA
"vitro","ENSBTAG00000013760.ENSBTAG00000015910",0,NA
"vitro","ENSBTAG00000013760.ENSBTAG00000019289",0,NA
"vitro","ENSBTAG00000013898.ENSBTAG00000016159",0,NA
"vitro","ENSBTAG00000013898.ENSBTAG00000039292",0,NA
"vitro","ENSBTAG00000013901.ENSBTAG00000014269",0,NA
"vitro","ENSBTAG00000013901.ENSBTAG00000019153",0,NA
"vitro","ENSBTAG00000014051.ENSBTAG00000003777",0,NA
"vitro","ENSBTAG00000014051.ENSBTAG00000013745",0,NA
"vitro","ENSBTAG00000014051.ENSBTAG00000015910",0,NA
"vitro","ENSBTAG00000014075.ENSBTAG00000012887",0,NA
"vitro","ENSBTAG00000014113.ENSBTAG00000001338",0,NA
"vitro","ENSBTAG00000014113.ENSBTAG00000014162",0,NA
"vitro","ENSBTAG00000014127.ENSBTAG00000020319",0,NA
"vitro","ENSBTAG00000014127.ENSBTAG00000039652",0,NA
"vitro","ENSBTAG00000014218.ENSBTAG00000005903",0,NA
"vitro","ENSBTAG00000014218.ENSBTAG00000011761",0,NA
"vitro","ENSBTAG00000014465.ENSBTAG00000013125",0,NA
"vitro","ENSBTAG00000014465.ENSBTAG00000013755",0,NA
"vitro","ENSBTAG00000014556.ENSBTAG00000026676",0,NA
"vitro","ENSBTAG00000014575.ENSBTAG00000003585",0,NA
"vitro","ENSBTAG00000014575.ENSBTAG00000015910",0,NA
"vitro","ENSBTAG00000014575.ENSBTAG00000019289",0,NA
"vitro","ENSBTAG00000014583.ENSBTAG00000004337",0,NA
"vitro","ENSBTAG00000014583.ENSBTAG00000010986",0,NA
"vitro","ENSBTAG00000014583.ENSBTAG00000011050",0,NA
"vitro","ENSBTAG00000014583.ENSBTAG00000011515",0,NA
"vitro","ENSBTAG00000014583.ENSBTAG00000011628",0,NA
"vitro","ENSBTAG00000014583.ENSBTAG00000012100",0,NA
"vitro","ENSBTAG00000014583.ENSBTAG00000014567",0,NA
"vitro","ENSBTAG00000014583.ENSBTAG00000014600",0,NA
"vitro","ENSBTAG00000014583.ENSBTAG00000020661",0,NA
"vitro","ENSBTAG00000014583.ENSBTAG00000026813",0,NA
"vitro","ENSBTAG00000014906.ENSBTAG00000008008",0,NA
"vitro","ENSBTAG00000014906.ENSBTAG00000011515",0,NA
"vitro","ENSBTAG00000014906.ENSBTAG00000011578",0,NA
"vitro","ENSBTAG00000014906.ENSBTAG00000015910",0,NA
"vitro","ENSBTAG00000014906.ENSBTAG00000020755",0,NA
"vitro","ENSBTAG00000014921.ENSBTAG00000007101",0,NA
"vitro","ENSBTAG00000015043.ENSBTAG00000022799",0,NA
"vitro","ENSBTAG00000015089.ENSBTAG00000002135",0,NA
"vitro","ENSBTAG00000015089.ENSBTAG00000015910",0,NA
"vitro","ENSBTAG00000015114.ENSBTAG00000008165",0,NA
"vitro","ENSBTAG00000015114.ENSBTAG00000017489",0,NA
"vitro","ENSBTAG00000015150.ENSBTAG00000016933",0,NA
"vitro","ENSBTAG00000015327.ENSBTAG00000011425",0,NA
"vitro","ENSBTAG00000015362.ENSBTAG00000000231",0,NA
"vitro","ENSBTAG00000015362.ENSBTAG00000002081",0,NA
"vitro","ENSBTAG00000015362.ENSBTAG00000006420",0,NA
"vitro","ENSBTAG00000015362.ENSBTAG00000008997",0,NA
"vitro","ENSBTAG00000015362.ENSBTAG00000011909",0,NA
"vitro","ENSBTAG00000015362.ENSBTAG00000018105",0,NA
"vitro","ENSBTAG00000015742.ENSBTAG00000017060",0,NA
"vitro","ENSBTAG00000015789.ENSBTAG00000006732",0,NA
"vitro","ENSBTAG00000015801.ENSBTAG00000015510",0,NA
"vitro","ENSBTAG00000015978.ENSBTAG00000011628",0,NA
"vitro","ENSBTAG00000015978.ENSBTAG00000013290",0,NA
"vitro","ENSBTAG00000015991.ENSBTAG00000000253",0,NA
"vitro","ENSBTAG00000015991.ENSBTAG00000005903",0,NA
"vitro","ENSBTAG00000015991.ENSBTAG00000011628",0,NA
"vitro","ENSBTAG00000015991.ENSBTAG00000018993",0,NA
"vitro","ENSBTAG00000015991.ENSBTAG00000021190",0,NA
"vitro","ENSBTAG00000015991.ENSBTAG00000021527",0,NA
"vitro","ENSBTAG00000015991.ENSBTAG00000024015",0,NA
"vitro","ENSBTAG00000016043.ENSBTAG00000018035",0,NA
"vitro","ENSBTAG00000016177.ENSBTAG00000011628",0,NA
"vitro","ENSBTAG00000016208.ENSBTAG00000014944",0,NA
"vitro","ENSBTAG00000016208.ENSBTAG00000015910",0,NA
"vitro","ENSBTAG00000016208.ENSBTAG00000038141",0,NA
"vitro","ENSBTAG00000016267.ENSBTAG00000020755",0,NA
"vitro","ENSBTAG00000016515.ENSBTAG00000000815",0,NA
"vitro","ENSBTAG00000016515.ENSBTAG00000006359",0,NA
"vitro","ENSBTAG00000016515.ENSBTAG00000015510",0,NA
"vitro","ENSBTAG00000016542.ENSBTAG00000015910",0,NA
"vitro","ENSBTAG00000016542.ENSBTAG00000018169",0,NA
"vitro","ENSBTAG00000016542.ENSBTAG00000019569",0,NA
"vitro","ENSBTAG00000016648.ENSBTAG00000015910",0,NA
"vitro","ENSBTAG00000016800.ENSBTAG00000007338",0,NA
"vitro","ENSBTAG00000017060.ENSBTAG00000007103",0,NA
"vitro","ENSBTAG00000017060.ENSBTAG00000017846",0,NA
"vitro","ENSBTAG00000017122.ENSBTAG00000000782",0,NA
"vitro","ENSBTAG00000017122.ENSBTAG00000015910",0,NA
"vitro","ENSBTAG00000017122.ENSBTAG00000018052",0,NA
"vitro","ENSBTAG00000017122.ENSBTAG00000019289",0,NA
"vitro","ENSBTAG00000017246.ENSBTAG00000002144",0,NA
"vitro","ENSBTAG00000017246.ENSBTAG00000006240",0,NA
"vitro","ENSBTAG00000017246.ENSBTAG00000006378",0,NA
"vitro","ENSBTAG00000017246.ENSBTAG00000007909",0,NA
"vitro","ENSBTAG00000017246.ENSBTAG00000012314",0,NA
"vitro","ENSBTAG00000017246.ENSBTAG00000012599",0,NA
"vitro","ENSBTAG00000017246.ENSBTAG00000014064",0,NA
"vitro","ENSBTAG00000017246.ENSBTAG00000018035",0,NA
"vitro","ENSBTAG00000017246.ENSBTAG00000022799",0,NA
"vitro","ENSBTAG00000017280.ENSBTAG00000017060",0,NA
"vitro","ENSBTAG00000017280.ENSBTAG00000037735",0,NA
"vitro","ENSBTAG00000017280.ENSBTAG00000039292",0,NA
"vitro","ENSBTAG00000017312.ENSBTAG00000017136",0,NA
"vitro","ENSBTAG00000017312.ENSBTAG00000039292",0,NA
"vitro","ENSBTAG00000017455.ENSBTAG00000017266",0,NA
"vitro","ENSBTAG00000017468.ENSBTAG00000013557",0,NA
"vitro","ENSBTAG00000017473.ENSBTAG00000015910",0,NA
"vitro","ENSBTAG00000017473.ENSBTAG00000017266",0,NA
"vitro","ENSBTAG00000017473.ENSBTAG00000018169",0,NA
"vitro","ENSBTAG00000017473.ENSBTAG00000019289",0,NA
"vitro","ENSBTAG00000017564.ENSBTAG00000000561",0,NA
"vitro","ENSBTAG00000017564.ENSBTAG00000018035",0,NA
"vitro","ENSBTAG00000017564.ENSBTAG00000019832",0,NA
"vitro","ENSBTAG00000017664.ENSBTAG00000011154",0,NA
"vitro","ENSBTAG00000017664.ENSBTAG00000011578",0,NA
"vitro","ENSBTAG00000017664.ENSBTAG00000015910",0,NA
"vitro","ENSBTAG00000017664.ENSBTAG00000019712",0,NA
"vitro","ENSBTAG00000017745.ENSBTAG00000010423",0,NA
"vitro","ENSBTAG00000017745.ENSBTAG00000015361",0,NA
"vitro","ENSBTAG00000017745.ENSBTAG00000018474",0,NA
"vitro","ENSBTAG00000017746.ENSBTAG00000009851",0,NA
"vitro","ENSBTAG00000017746.ENSBTAG00000010462",0,NA
"vitro","ENSBTAG00000017753.ENSBTAG00000014420",0,NA
"vitro","ENSBTAG00000017753.ENSBTAG00000015228",0,NA
"vitro","ENSBTAG00000017753.ENSBTAG00000015996",0,NA
"vitro","ENSBTAG00000017866.ENSBTAG00000008008",0,NA
"vitro","ENSBTAG00000017866.ENSBTAG00000014031",0,NA
"vitro","ENSBTAG00000018103.ENSBTAG00000006240",0,NA
"vitro","ENSBTAG00000018103.ENSBTAG00000011154",0,NA
"vitro","ENSBTAG00000018103.ENSBTAG00000014420",0,NA
"vitro","ENSBTAG00000018103.ENSBTAG00000017753",0,NA
"vitro","ENSBTAG00000018134.ENSBTAG00000010444",0,NA
"vitro","ENSBTAG00000018134.ENSBTAG00000011628",0,NA
"vitro","ENSBTAG00000018200.ENSBTAG00000007626",0,NA
"vitro","ENSBTAG00000018200.ENSBTAG00000020892",0,NA
"vitro","ENSBTAG00000018343.ENSBTAG00000004211",0,NA
"vitro","ENSBTAG00000018343.ENSBTAG00000010497",0,NA
"vitro","ENSBTAG00000018343.ENSBTAG00000015312",0,NA
"vitro","ENSBTAG00000018343.ENSBTAG00000020736",0,NA
"vitro","ENSBTAG00000018347.ENSBTAG00000013205",0,NA
"vitro","ENSBTAG00000018463.ENSBTAG00000011578",0,NA
"vitro","ENSBTAG00000018773.ENSBTAG00000006161",0,NA
"vitro","ENSBTAG00000018773.ENSBTAG00000019866",0,NA
"vitro","ENSBTAG00000019267.ENSBTAG00000011578",0,NA
"vitro","ENSBTAG00000019267.ENSBTAG00000014357",0,NA
"vitro","ENSBTAG00000019269.ENSBTAG00000015910",0,NA
"vitro","ENSBTAG00000019269.ENSBTAG00000019289",0,NA
"vitro","ENSBTAG00000019336.ENSBTAG00000011761",0,NA
"vitro","ENSBTAG00000019604.ENSBTAG00000009851",0,NA
"vitro","ENSBTAG00000019665.ENSBTAG00000005273",0,NA
"vitro","ENSBTAG00000019716.ENSBTAG00000039292",0,NA
"vitro","ENSBTAG00000019770.ENSBTAG00000012314",0,NA
"vitro","ENSBTAG00000019839.ENSBTAG00000013755",0,NA
"vitro","ENSBTAG00000019839.ENSBTAG00000015910",0,NA
"vitro","ENSBTAG00000019839.ENSBTAG00000019929",0,NA
"vitro","ENSBTAG00000019964.ENSBTAG00000003166",0,NA
"vitro","ENSBTAG00000019964.ENSBTAG00000005828",0,NA
"vitro","ENSBTAG00000019993.ENSBTAG00000039292",0,NA
"vitro","ENSBTAG00000020194.ENSBTAG00000009155",0,NA
"vitro","ENSBTAG00000020194.ENSBTAG00000010543",0,NA
"vitro","ENSBTAG00000020194.ENSBTAG00000014064",0,NA
"vitro","ENSBTAG00000020194.ENSBTAG00000015457",0,NA
"vitro","ENSBTAG00000020221.ENSBTAG00000002144",0,NA
"vitro","ENSBTAG00000020221.ENSBTAG00000005092",0,NA
"vitro","ENSBTAG00000020221.ENSBTAG00000005903",0,NA
"vitro","ENSBTAG00000020221.ENSBTAG00000006835",0,NA
"vitro","ENSBTAG00000020238.ENSBTAG00000004739",0,NA
"vitro","ENSBTAG00000020244.ENSBTAG00000015510",0,NA
"vitro","ENSBTAG00000020342.ENSBTAG00000002107",0,NA
"vitro","ENSBTAG00000020342.ENSBTAG00000035084",0,NA
"vitro","ENSBTAG00000020406.ENSBTAG00000021527",0,NA
"vitro","ENSBTAG00000020406.ENSBTAG00000047793",0,NA
"vitro","ENSBTAG00000020457.ENSBTAG00000012599",0,NA
"vitro","ENSBTAG00000020457.ENSBTAG00000013222",0,NA
"vitro","ENSBTAG00000020457.ENSBTAG00000013843",0,NA
"vitro","ENSBTAG00000020457.ENSBTAG00000018035",0,NA
"vitro","ENSBTAG00000020457.ENSBTAG00000024269",0,NA
"vitro","ENSBTAG00000020556.ENSBTAG00000017033",0,NA
"vitro","ENSBTAG00000020556.ENSBTAG00000018517",0,NA
"vitro","ENSBTAG00000020638.ENSBTAG00000001141",0,NA
"vitro","ENSBTAG00000020645.ENSBTAG00000006208",0,NA
"vitro","ENSBTAG00000020645.ENSBTAG00000011461",0,NA
"vitro","ENSBTAG00000020645.ENSBTAG00000013674",0,NA
"vitro","ENSBTAG00000020645.ENSBTAG00000014798",0,NA
"vitro","ENSBTAG00000020645.ENSBTAG00000014944",0,NA
"vitro","ENSBTAG00000020645.ENSBTAG00000020199",0,NA
"vitro","ENSBTAG00000020645.ENSBTAG00000021527",0,NA
"vitro","ENSBTAG00000020645.ENSBTAG00000039292",0,NA
"vitro","ENSBTAG00000020661.ENSBTAG00000017851",0,NA
"vitro","ENSBTAG00000021048.ENSBTAG00000008483",0,NA
"vitro","ENSBTAG00000021048.ENSBTAG00000017981",0,NA
"vitro","ENSBTAG00000021048.ENSBTAG00000019903",0,NA
"vitro","ENSBTAG00000021105.ENSBTAG00000005273",0,NA
"vitro","ENSBTAG00000021105.ENSBTAG00000006240",0,NA
"vitro","ENSBTAG00000021105.ENSBTAG00000013205",0,NA
"vitro","ENSBTAG00000021105.ENSBTAG00000014031",0,NA
"vitro","ENSBTAG00000021217.ENSBTAG00000010682",0,NA
"vitro","ENSBTAG00000021217.ENSBTAG00000019289",0,NA
"vitro","ENSBTAG00000021326.ENSBTAG00000014798",0,NA
"vitro","ENSBTAG00000021326.ENSBTAG00000039292",0,NA
"vitro","ENSBTAG00000021333.ENSBTAG00000017801",0,NA
"vitro","ENSBTAG00000021457.ENSBTAG00000023147",0,NA
"vitro","ENSBTAG00000021466.ENSBTAG00000004885",0,NA
"vitro","ENSBTAG00000021466.ENSBTAG00000010682",0,NA
"vitro","ENSBTAG00000021466.ENSBTAG00000015910",0,NA
"vitro","ENSBTAG00000021466.ENSBTAG00000019289",0,NA
"vitro","ENSBTAG00000021697.ENSBTAG00000002804",0,NA
"vitro","ENSBTAG00000021697.ENSBTAG00000005990",0,NA
"vitro","ENSBTAG00000021697.ENSBTAG00000019929",0,NA
"vitro","ENSBTAG00000021807.ENSBTAG00000021664",0,NA
"vitro","ENSBTAG00000021811.ENSBTAG00000003777",0,NA
"vitro","ENSBTAG00000021879.ENSBTAG00000013755",0,NA
"vitro","ENSBTAG00000022120.ENSBTAG00000006240",0,NA
"vitro","ENSBTAG00000022120.ENSBTAG00000008165",0,NA
"vitro","ENSBTAG00000022120.ENSBTAG00000013745",0,NA
"vitro","ENSBTAG00000022120.ENSBTAG00000015910",0,NA
"vitro","ENSBTAG00000022120.ENSBTAG00000017060",0,NA
"vitro","ENSBTAG00000022120.ENSBTAG00000019929",0,NA
"vitro","ENSBTAG00000022514.ENSBTAG00000013730",0,NA
"vitro","ENSBTAG00000022635.ENSBTAG00000009757",0,NA
"vitro","ENSBTAG00000022635.ENSBTAG00000012897",0,NA
"vitro","ENSBTAG00000022635.ENSBTAG00000015910",0,NA
"vitro","ENSBTAG00000023600.ENSBTAG00000005910",0,NA
"vitro","ENSBTAG00000023652.ENSBTAG00000003166",0,NA
"vitro","ENSBTAG00000023652.ENSBTAG00000005828",0,NA
"vitro","ENSBTAG00000023907.ENSBTAG00000000782",0,NA
"vitro","ENSBTAG00000023907.ENSBTAG00000015996",0,NA
"vitro","ENSBTAG00000024394.ENSBTAG00000019866",0,NA
"vitro","ENSBTAG00000025210.ENSBTAG00000013755",0,NA
"vitro","ENSBTAG00000025257.ENSBTAG00000001338",0,NA
"vitro","ENSBTAG00000025257.ENSBTAG00000014162",0,NA
"vitro","ENSBTAG00000025410.ENSBTAG00000018343",0,NA
"vitro","ENSBTAG00000025471.ENSBTAG00000004211",0,NA
"vitro","ENSBTAG00000025471.ENSBTAG00000006378",0,NA
"vitro","ENSBTAG00000025471.ENSBTAG00000020054",0,NA
"vitro","ENSBTAG00000025471.ENSBTAG00000024928",0,NA
"vitro","ENSBTAG00000025644.ENSBTAG00000004337",0,NA
"vitro","ENSBTAG00000025644.ENSBTAG00000010986",0,NA
"vitro","ENSBTAG00000025644.ENSBTAG00000011425",0,NA
"vitro","ENSBTAG00000025644.ENSBTAG00000011515",0,NA
"vitro","ENSBTAG00000025644.ENSBTAG00000011628",0,NA
"vitro","ENSBTAG00000025644.ENSBTAG00000012100",0,NA
"vitro","ENSBTAG00000025644.ENSBTAG00000014600",0,NA
"vitro","ENSBTAG00000025644.ENSBTAG00000014773",0,NA
"vitro","ENSBTAG00000025644.ENSBTAG00000019021",0,NA
"vitro","ENSBTAG00000025644.ENSBTAG00000020661",0,NA
"vitro","ENSBTAG00000025644.ENSBTAG00000020667",0,NA
"vitro","ENSBTAG00000025644.ENSBTAG00000026813",0,NA
"vitro","ENSBTAG00000025775.ENSBTAG00000002144",0,NA
"vitro","ENSBTAG00000025775.ENSBTAG00000017489",0,NA
"vitro","ENSBTAG00000025775.ENSBTAG00000017981",0,NA
"vitro","ENSBTAG00000025775.ENSBTAG00000019903",0,NA
"vitro","ENSBTAG00000025868.ENSBTAG00000008165",0,NA
"vitro","ENSBTAG00000026779.ENSBTAG00000007103",0,NA
"vitro","ENSBTAG00000030710.ENSBTAG00000013755",0,NA
"vitro","ENSBTAG00000031444.ENSBTAG00000006360",0,NA
"vitro","ENSBTAG00000031998.ENSBTAG00000039292",0,NA
"vitro","ENSBTAG00000032436.ENSBTAG00000002144",0,NA
"vitro","ENSBTAG00000032436.ENSBTAG00000006240",0,NA
"vitro","ENSBTAG00000032436.ENSBTAG00000006378",0,NA
"vitro","ENSBTAG00000032436.ENSBTAG00000007909",0,NA
"vitro","ENSBTAG00000032436.ENSBTAG00000012314",0,NA
"vitro","ENSBTAG00000032436.ENSBTAG00000012599",0,NA
"vitro","ENSBTAG00000032436.ENSBTAG00000018035",0,NA
"vitro","ENSBTAG00000032436.ENSBTAG00000022799",0,NA
"vitro","ENSBTAG00000032808.ENSBTAG00000010785",0,NA
"vitro","ENSBTAG00000034077.ENSBTAG00000017846",0,NA
"vitro","ENSBTAG00000034077.ENSBTAG00000023731",0,NA
"vitro","ENSBTAG00000037533.ENSBTAG00000037735",0,NA
"vitro","ENSBTAG00000037778.ENSBTAG00000039292",0,NA
"vitro","ENSBTAG00000037899.ENSBTAG00000007909",0,NA
"vitro","ENSBTAG00000037899.ENSBTAG00000022799",0,NA
"vitro","ENSBTAG00000038735.ENSBTAG00000002144",0,NA
"vitro","ENSBTAG00000038735.ENSBTAG00000016948",0,NA
"vitro","ENSBTAG00000038735.ENSBTAG00000017489",0,NA
"vitro","ENSBTAG00000038735.ENSBTAG00000019903",0,NA
"vitro","ENSBTAG00000039355.ENSBTAG00000011515",0,NA
"vitro","ENSBTAG00000040131.ENSBTAG00000017256",0,NA
"vitro","ENSBTAG00000040584.ENSBTAG00000021923",0,NA
"vitro","ENSBTAG00000044040.ENSBTAG00000002804",0,NA
"vitro","ENSBTAG00000045520.ENSBTAG00000039292",0,NA
"vitro","ENSBTAG00000045582.ENSBTAG00000002144",0,NA
"vitro","ENSBTAG00000045582.ENSBTAG00000012314",0,NA
"vitro","ENSBTAG00000046421.ENSBTAG00000006240",0,NA
"vitro","ENSBTAG00000047330.ENSBTAG00000017851",0,NA
"vitro","ENSBTAG00000047567.ENSBTAG00000000570",0,NA
"vitro","ENSBTAG00000047567.ENSBTAG00000001694",0,NA
"vitro","ENSBTAG00000047567.ENSBTAG00000019866",0,NA
"vivo","ENSBTAG00000001492.ENSBTAG00000007213",0.0753210133351086,NA
"vivo","ENSBTAG00000014465.ENSBTAG00000019929",0.0377564901846948,NA
"vivo","ENSBTAG00000014465.ENSBTAG00000013755",0.0295591590433504,NA
"vivo","ENSBTAG00000020221.ENSBTAG00000006835",0.0228517446396372,NA
"vivo","ENSBTAG00000014921.ENSBTAG00000018474",0.0212481408572073,NA
"vivo","ENSBTAG00000014921.ENSBTAG00000017745",0.0154336746467916,NA
"vivo","ENSBTAG00000005339.ENSBTAG00000015910",0.014574089361466,NA
"vivo","ENSBTAG00000009478.ENSBTAG00000002081",0.0117940906911781,NA
"vivo","ENSBTAG00000014906.ENSBTAG00000011515",0.0107963291355369,NA
"vivo","ENSBTAG00000010161.ENSBTAG00000015133",0.00999486699460634,NA
"vivo","ENSBTAG00000019839.ENSBTAG00000015910",0.00974937803152869,NA
"vivo","ENSBTAG00000015150.ENSBTAG00000016933",0.0094273768669292,NA
"vivo","ENSBTAG00000025644.ENSBTAG00000011515",0.00940400657019677,NA
"vivo","ENSBTAG00000039355.ENSBTAG00000011515",0.00889996695881794,NA
"vivo","ENSBTAG00000026236.ENSBTAG00000019929",0.00837140754399774,NA
"vivo","ENSBTAG00000010562.ENSBTAG00000011515",0.0079643476625327,NA
"vivo","ENSBTAG00000017060.ENSBTAG00000017846",0.00786882705316493,NA
"vivo","ENSBTAG00000014583.ENSBTAG00000012100",0.00718620713074816,NA
"vivo","ENSBTAG00000014583.ENSBTAG00000011515",0.00698440283678159,NA
"vivo","ENSBTAG00000005339.ENSBTAG00000015996",0.00651569119247953,NA
"vivo","ENSBTAG00000025644.ENSBTAG00000012100",0.00643693144912591,NA
"vivo","ENSBTAG00000000016.ENSBTAG00000016455",0.00604853214977852,NA
"vivo","ENSBTAG00000010452.ENSBTAG00000011515",0.00555360584316841,NA
"vivo","ENSBTAG00000014921.ENSBTAG00000007101",0.00474379800618687,NA
"vivo","ENSBTAG00000021048.ENSBTAG00000008483",0.00466599059650476,NA
"vivo","ENSBTAG00000009393.ENSBTAG00000039292",0.00390067575759657,NA
"vivo","ENSBTAG00000013898.ENSBTAG00000047704",0.00388206863012764,NA
"vivo","ENSBTAG00000011808.ENSBTAG00000018105",0.00379428898133906,NA
"vivo","ENSBTAG00000005339.ENSBTAG00000003166",0.00376507495955387,NA
"vivo","ENSBTAG00000015150.ENSBTAG00000017745",0.00373799744897959,NA
"vivo","ENSBTAG00000000016.ENSBTAG00000015312",0.00366916681649081,NA
"vivo","ENSBTAG00000018077.ENSBTAG00000024406",0.00350037262711922,NA
"vivo","ENSBTAG00000014051.ENSBTAG00000015910",0.00333488683935113,NA
"vivo","ENSBTAG00000005339.ENSBTAG00000001694",0.00318364810344976,NA
"vivo","ENSBTAG00000018103.ENSBTAG00000014420",0.00314134325924487,NA
"vivo","ENSBTAG00000009476.ENSBTAG00000015910",0.00284876893563183,NA
"vivo","ENSBTAG00000012638.ENSBTAG00000014420",0.00283816394668396,NA
"vivo","ENSBTAG00000025471.ENSBTAG00000004211",0.00241964799994691,NA
"vivo","ENSBTAG00000005077.ENSBTAG00000015127",0.00231385181574797,NA
"vivo","ENSBTAG00000001725.ENSBTAG00000039292",0.0022842866181297,NA
"vivo","ENSBTAG00000001492.ENSBTAG00000003585",0.00226893637283958,NA
"vivo","ENSBTAG00000010312.ENSBTAG00000014420",0.00225615777693413,NA
"vivo","ENSBTAG00000013898.ENSBTAG00000039292",0.00222638874698816,NA
"vivo","ENSBTAG00000005108.ENSBTAG00000010462",0.00215053518382275,NA
"vivo","ENSBTAG00000020645.ENSBTAG00000010860",0.00214563371678306,NA
"vivo","ENSBTAG00000005481.ENSBTAG00000003166",0.00200435431567968,NA
"vivo","ENSBTAG00000000575.ENSBTAG00000012897",0.00200325346974749,NA
"vivo","ENSBTAG00000017664.ENSBTAG00000015910",0.00199776785714286,NA
"vivo","ENSBTAG00000014051.ENSBTAG00000013745",0.00198010416666667,NA
"vivo","ENSBTAG00000011851.ENSBTAG00000019866",0.00197773909675326,NA
"vivo","ENSBTAG00000004777.ENSBTAG00000014420",0.00193968713118049,NA
"vivo","ENSBTAG00000000016.ENSBTAG00000004211",0.00190881597999494,NA
"vivo","ENSBTAG00000024394.ENSBTAG00000019866",0.00185608772675737,NA
"vivo","ENSBTAG00000019716.ENSBTAG00000039292",0.00184674423625567,NA
"vivo","ENSBTAG00000007740.ENSBTAG00000013320",0.00184316170044407,NA
"vivo","ENSBTAG00000017312.ENSBTAG00000039292",0.00182812100519765,NA
"vivo","ENSBTAG00000018773.ENSBTAG00000019866",0.00177317482078496,NA
"vivo","ENSBTAG00000017664.ENSBTAG00000019712",0.00162910430839002,NA
"vivo","ENSBTAG00000016542.ENSBTAG00000019569",0.00162209405501331,NA
"vivo","ENSBTAG00000044040.ENSBTAG00000002804",0.00156852242625161,NA
"vivo","ENSBTAG00000000575.ENSBTAG00000013745",0.00156003407161039,NA
"vivo","ENSBTAG00000021048.ENSBTAG00000017489",0.00155619129754174,NA
"vivo","ENSBTAG00000005691.ENSBTAG00000019866",0.00153441230294063,NA
"vivo","ENSBTAG00000005339.ENSBTAG00000019866",0.00150920286948002,NA
"vivo","ENSBTAG00000012210.ENSBTAG00000039292",0.00149670118402561,NA
"vivo","ENSBTAG00000004594.ENSBTAG00000019569",0.00147760477477043,NA
"vivo","ENSBTAG00000000016.ENSBTAG00000013674",0.00147220989080973,NA
"vivo","ENSBTAG00000017448.ENSBTAG00000011628",0.0014660667330772,NA
"vivo","ENSBTAG00000014583.ENSBTAG00000020667",0.0014530269953261,NA
"vivo","ENSBTAG00000000130.ENSBTAG00000004211",0.00143421047436441,NA
"vivo","ENSBTAG00000007737.ENSBTAG00000006378",0.00138861230286665,NA
"vivo","ENSBTAG00000019694.ENSBTAG00000013745",0.00138552295918367,NA
"vivo","ENSBTAG00000047567.ENSBTAG00000019866",0.00138518711022799,NA
"vivo","ENSBTAG00000020457.ENSBTAG00000008997",0.00138381628877911,NA
"vivo","ENSBTAG00000009476.ENSBTAG00000013745",0.00134450876480185,NA
"vivo","ENSBTAG00000007737.ENSBTAG00000010444",0.00132000620453927,NA
"vivo","ENSBTAG00000025775.ENSBTAG00000020704",0.00129597539015606,NA
"vivo","ENSBTAG00000016267.ENSBTAG00000020755",0.00124650752641832,NA
"vivo","ENSBTAG00000020194.ENSBTAG00000014064",0.00124445526419039,NA
"vivo","ENSBTAG00000020645.ENSBTAG00000017489",0.00124398325376204,NA
"vivo","ENSBTAG00000010312.ENSBTAG00000014064",0.00123481326685822,NA
"vivo","ENSBTAG00000034077.ENSBTAG00000017846",0.00123214285714286,NA
"vivo","ENSBTAG00000019839.ENSBTAG00000013755",0.00122646665968614,NA
"vivo","ENSBTAG00000020457.ENSBTAG00000015910",0.00121229301830761,NA
"vivo","ENSBTAG00000025644.ENSBTAG00000020667",0.0012090540944528,NA
"vivo","ENSBTAG00000005108.ENSBTAG00000015996",0.00119866071428571,NA
"vivo","ENSBTAG00000002006.ENSBTAG00000014269",0.00119112215754956,NA
"vivo","ENSBTAG00000003253.ENSBTAG00000007665",0.00117824833943011,NA
"vivo","ENSBTAG00000008300.ENSBTAG00000017489",0.00112222157802515,NA
"vivo","ENSBTAG00000014127.ENSBTAG00000039652",0.00111618340542739,NA
"vivo","ENSBTAG00000016208.ENSBTAG00000015127",0.00110315511621315,NA
"vivo","ENSBTAG00000003585.ENSBTAG00000007213",0.00110141889403046,NA
"vivo","ENSBTAG00000002278.ENSBTAG00000013745",0.00109736394557823,NA
"vivo","ENSBTAG00000017564.ENSBTAG00000017846",0.00107505147480367,NA
"vivo","ENSBTAG00000002006.ENSBTAG00000017866",0.00105545554702483,NA
"vivo","ENSBTAG00000021302.ENSBTAG00000015910",0.00104506862557859,NA
"vivo","ENSBTAG00000017473.ENSBTAG00000015910",0.00100487896795198,NA
"vivo","ENSBTAG00000014583.ENSBTAG00000004337",0.001,NA
"vivo","ENSBTAG00000006354.ENSBTAG00000025101",0.000988376030496945,NA
"vivo","ENSBTAG00000010123.ENSBTAG00000014269",0.000972433845157791,NA
"vivo","ENSBTAG00000013472.ENSBTAG00000019929",0.000966994458229604,NA
"vivo","ENSBTAG00000001725.ENSBTAG00000015127",0.000951320153061225,NA
"vivo","ENSBTAG00000007148.ENSBTAG00000020199",0.000947909839181776,NA
"vivo","ENSBTAG00000021457.ENSBTAG00000011986",0.000946253127128362,NA
"vivo","ENSBTAG00000005947.ENSBTAG00000013745",0.000942908413365346,NA
"vivo","ENSBTAG00000017564.ENSBTAG00000018035",0.000940737833594977,NA
"vivo","ENSBTAG00000017246.ENSBTAG00000006378",0.000937345424678746,NA
"vivo","ENSBTAG00000013901.ENSBTAG00000014269",0.000936359371334741,NA
"vivo","ENSBTAG00000014075.ENSBTAG00000012887",0.000933285587062839,NA
"vivo","ENSBTAG00000023652.ENSBTAG00000003166",0.00088447656840514,NA
"vivo","ENSBTAG00000001941.ENSBTAG00000023144",0.000876390175878202,NA
"vivo","ENSBTAG00000007244.ENSBTAG00000015910",0.000863232709750567,NA
"vivo","ENSBTAG00000013718.ENSBTAG00000005072",0.000853281670911816,NA
"vivo","ENSBTAG00000032808.ENSBTAG00000004211",0.00083779026523534,NA
"vivo","ENSBTAG00000013688.ENSBTAG00000011971",0.000817097898776296,NA
"vivo","ENSBTAG00000002278.ENSBTAG00000019929",0.00081194311963916,NA
"vivo","ENSBTAG00000017564.ENSBTAG00000000561",0.000802956980496432,NA
"vivo","ENSBTAG00000015114.ENSBTAG00000017489",0.000799656539871313,NA
"vivo","ENSBTAG00000005198.ENSBTAG00000019866",0.000795992753681457,NA
"vivo","ENSBTAG00000000575.ENSBTAG00000015127",0.000793671082414729,NA
"vivo","ENSBTAG00000010312.ENSBTAG00000017753",0.000791542489539426,NA
"vivo","ENSBTAG00000005339.ENSBTAG00000007213",0.000786647542927024,NA
"vivo","ENSBTAG00000018773.ENSBTAG00000006161",0.000781810607090623,NA
"vivo","ENSBTAG00000014583.ENSBTAG00000010986",0.000780294487191353,NA
"vivo","ENSBTAG00000012057.ENSBTAG00000005072",0.000775588057129206,NA
"vivo","ENSBTAG00000014583.ENSBTAG00000011050",0.000774872448979592,NA
"vivo","ENSBTAG00000013003.ENSBTAG00000012687",0.000764014398132134,NA
"vivo","ENSBTAG00000025644.ENSBTAG00000011050",0.000762172046295353,NA
"vivo","ENSBTAG00000006989.ENSBTAG00000011971",0.000728542629063316,NA
"vivo","ENSBTAG00000013103.ENSBTAG00000017866",0.000728164582331249,NA
"vivo","ENSBTAG00000025471.ENSBTAG00000020054",0.000717811209790557,NA
"vivo","ENSBTAG00000014737.ENSBTAG00000037649",0.00070261070041816,NA
"vivo","ENSBTAG00000017280.ENSBTAG00000039292",0.000701592130780961,NA
"vivo","ENSBTAG00000014583.ENSBTAG00000014567",0.000693392331071867,NA
"vivo","ENSBTAG00000000277.ENSBTAG00000027676",0.000691808049151106,NA
"vivo","ENSBTAG00000034077.ENSBTAG00000018999",0.000691416470434328,NA
"vivo","ENSBTAG00000016208.ENSBTAG00000015910",0.000681629366900907,NA
"vivo","ENSBTAG00000005108.ENSBTAG00000011154",0.000651223867696303,NA
"vivo","ENSBTAG00000017664.ENSBTAG00000006161",0.000647385204081633,NA
"vivo","ENSBTAG00000007897.ENSBTAG00000017489",0.000639392043486938,NA
"vivo","ENSBTAG00000011563.ENSBTAG00000010497",0.000630603741496599,NA
"vivo","ENSBTAG00000020645.ENSBTAG00000039292",0.000629591895635066,NA
"vivo","ENSBTAG00000019964.ENSBTAG00000003166",0.000629464285714286,NA
"vivo","ENSBTAG00000011104.ENSBTAG00000020979",0.000628491822260819,NA
"vivo","ENSBTAG00000009812.ENSBTAG00000039292",0.000625170562411011,NA
"vivo","ENSBTAG00000000073.ENSBTAG00000014611",0.000620725921947726,NA
"vivo","ENSBTAG00000015978.ENSBTAG00000039292",0.000619004059170838,NA
"vivo","ENSBTAG00000001321.ENSBTAG00000002144",0.000617485581188997,NA
"vivo","ENSBTAG00000000130.ENSBTAG00000010785",0.000611143503386959,NA
"vivo","ENSBTAG00000002278.ENSBTAG00000015910",0.000603552284489065,NA
"vivo","ENSBTAG00000005947.ENSBTAG00000015910",0.000596730442176871,NA
"vivo","ENSBTAG00000025471.ENSBTAG00000024928",0.000596328748890861,NA
"vivo","ENSBTAG00000020645.ENSBTAG00000006208",0.000590335821398233,NA
"vivo","ENSBTAG00000025644.ENSBTAG00000010986",0.000579500622923588,NA
"vivo","ENSBTAG00000003835.ENSBTAG00000002081",0.000574602629513344,NA
"vivo","ENSBTAG00000000575.ENSBTAG00000015910",0.000557150975396001,NA
"vivo","ENSBTAG00000005198.ENSBTAG00000010543",0.000556401888341544,NA
"vivo","ENSBTAG00000005339.ENSBTAG00000011628",0.000554861278048531,NA
"vivo","ENSBTAG00000030710.ENSBTAG00000020979",0.000552291465943336,NA
"vivo","ENSBTAG00000005108.ENSBTAG00000009851",0.000547459608843537,NA
"vivo","ENSBTAG00000005339.ENSBTAG00000011971",0.000524281542747415,NA
"vivo","ENSBTAG00000010663.ENSBTAG00000015910",0.000522270784490821,NA
"vivo","ENSBTAG00000000016.ENSBTAG00000024928",0.00051835384546951,NA
"vivo","ENSBTAG00000007446.ENSBTAG00000015591",0.000494708994708995,NA
"vivo","ENSBTAG00000015114.ENSBTAG00000019929",0.000493628615733,NA
"vivo","ENSBTAG00000005111.ENSBTAG00000002081",0.000480634189159535,NA
"vivo","ENSBTAG00000003329.ENSBTAG00000002081",0.000478312584322323,NA
"vivo","ENSBTAG00000005108.ENSBTAG00000004356",0.0004749932867884,NA
"vivo","ENSBTAG00000000277.ENSBTAG00000011238",0.000473214285714286,NA
"vivo","ENSBTAG00000007446.ENSBTAG00000020979",0.000473085708642431,NA
"vivo","ENSBTAG00000007737.ENSBTAG00000014064",0.000472492572440792,NA
"vivo","ENSBTAG00000000575.ENSBTAG00000015296",0.000469968539524991,NA
"vivo","ENSBTAG00000010138.ENSBTAG00000011971",0.000455968646714875,NA
"vivo","ENSBTAG00000017753.ENSBTAG00000020979",0.0004375,NA
"vivo","ENSBTAG00000000470.ENSBTAG00000019929",0.000435204081632653,NA
"vivo","ENSBTAG00000007897.ENSBTAG00000020704",0.000432154422957994,NA
"vivo","ENSBTAG00000025644.ENSBTAG00000004337",0.000428571428571429,NA
"vivo","ENSBTAG00000009208.ENSBTAG00000044190",0.000422619047619048,NA
"vivo","ENSBTAG00000011409.ENSBTAG00000001941",0.000411796960636219,NA
"vivo","ENSBTAG00000038735.ENSBTAG00000017489",0.000411352040816327,NA
"vivo","ENSBTAG00000034077.ENSBTAG00000003848",0.000410714285714286,NA
"vivo","ENSBTAG00000007737.ENSBTAG00000011909",0.000409466242655065,NA
"vivo","ENSBTAG00000011082.ENSBTAG00000012687",0.000406994047619048,NA
"vivo","ENSBTAG00000007148.ENSBTAG00000034848",0.000405518687817403,NA
"vivo","ENSBTAG00000020457.ENSBTAG00000003045",0.000390402832063625,NA
"vivo","ENSBTAG00000023600.ENSBTAG00000005910",0.00038842705554551,NA
"vivo","ENSBTAG00000032436.ENSBTAG00000006378",0.000386673558312214,NA
"vivo","ENSBTAG00000032436.ENSBTAG00000018035",0.000384885204081633,NA
"vivo","ENSBTAG00000001725.ENSBTAG00000014798",0.000376523526077097,NA
"vivo","ENSBTAG00000008300.ENSBTAG00000013745",0.000368106090338233,NA
"vivo","ENSBTAG00000013103.ENSBTAG00000001462",0.000367271199977967,NA
"vivo","ENSBTAG00000008817.ENSBTAG00000019929",0.00036270052611688,NA
"vivo","ENSBTAG00000017473.ENSBTAG00000017266",0.000362238539037118,NA
"vivo","ENSBTAG00000012228.ENSBTAG00000001814",0.000362103174603175,NA
"vivo","ENSBTAG00000021316.ENSBTAG00000003585",0.000360850982130744,NA
"vivo","ENSBTAG00000005305.ENSBTAG00000020979",0.000356505102040816,NA
"vivo","ENSBTAG00000005077.ENSBTAG00000015910",0.000347866608764718,NA
"vivo","ENSBTAG00000020221.ENSBTAG00000002107",0.000342261904761905,NA
"vivo","ENSBTAG00000008300.ENSBTAG00000001882",0.000339769776354598,NA
"vivo","ENSBTAG00000015991.ENSBTAG00000010444",0.000339203950811094,NA
"vivo","ENSBTAG00000020676.ENSBTAG00000017060",0.000337317588325653,NA
"vivo","ENSBTAG00000009476.ENSBTAG00000011971",0.000335898542109151,NA
"vivo","ENSBTAG00000021333.ENSBTAG00000017801",0.000335867346938776,NA
"vivo","ENSBTAG00000004226.ENSBTAG00000026278",0.000334586612422747,NA
"vivo","ENSBTAG00000032436.ENSBTAG00000014064",0.000333083909839776,NA
"vivo","ENSBTAG00000005710.ENSBTAG00000011425",0.000332043650793651,NA
"vivo","ENSBTAG00000020645.ENSBTAG00000014600",0.000331018518518519,NA
"vivo","ENSBTAG00000005339.ENSBTAG00000019929",0.000319659391534392,NA
"vivo","ENSBTAG00000008026.ENSBTAG00000007175",0.000309401240763458,NA
"vivo","ENSBTAG00000018773.ENSBTAG00000001941",0.000309360282574568,NA
"vivo","ENSBTAG00000007737.ENSBTAG00000018035",0.000308035714285714,NA
"vivo","ENSBTAG00000013688.ENSBTAG00000019866",0.000307605032753842,NA
"vivo","ENSBTAG00000007737.ENSBTAG00000002081",0.000303571428571429,NA
"vivo","ENSBTAG00000004129.ENSBTAG00000014162",0.00030218962585034,NA
"vivo","ENSBTAG00000010123.ENSBTAG00000014611",0.000296432309187411,NA
"vivo","ENSBTAG00000008452.ENSBTAG00000013909",0.00029530612244898,NA
"vivo","ENSBTAG00000005691.ENSBTAG00000014064",0.000294664115646259,NA
"vivo","ENSBTAG00000005260.ENSBTAG00000015910",0.000294642857142857,NA
"vivo","ENSBTAG00000013472.ENSBTAG00000017866",0.000290774218915505,NA
"vivo","ENSBTAG00000014575.ENSBTAG00000003585",0.00028218005952381,NA
"vivo","ENSBTAG00000021945.ENSBTAG00000011741",0.000278719420460492,NA
"vivo","ENSBTAG00000012004.ENSBTAG00000008997",0.000277053857299632,NA
"vivo","ENSBTAG00000009972.ENSBTAG00000024269",0.000276147959183673,NA
"vivo","ENSBTAG00000011412.ENSBTAG00000012897",0.000270274701227583,NA
"vivo","ENSBTAG00000000575.ENSBTAG00000020679",0.000268400415721844,NA
"vivo","ENSBTAG00000007740.ENSBTAG00000015127",0.000265009276437848,NA
"vivo","ENSBTAG00000007740.ENSBTAG00000011154",0.00026306925547997,NA
"vivo","ENSBTAG00000006538.ENSBTAG00000020704",0.000258928571428571,NA
"vivo","ENSBTAG00000047330.ENSBTAG00000017851",0.000252210287137834,NA
"vivo","ENSBTAG00000020457.ENSBTAG00000001060",0.000251161380450798,NA
"vivo","ENSBTAG00000019839.ENSBTAG00000019929",0.000251006621446326,NA
"vivo","ENSBTAG00000015978.ENSBTAG00000013290",0.000250846643005028,NA
"vivo","ENSBTAG00000007897.ENSBTAG00000039292",0.000249243592785952,NA
"vivo","ENSBTAG00000010663.ENSBTAG00000013745",0.000246962009441458,NA
"vivo","ENSBTAG00000012066.ENSBTAG00000013569",0.000246201814058957,NA
"vivo","ENSBTAG00000020406.ENSBTAG00000021527",0.000245057275265506,NA
"vivo","ENSBTAG00000011412.ENSBTAG00000015910",0.000241749043367347,NA
"vivo","ENSBTAG00000032436.ENSBTAG00000012599",0.000233446866065267,NA
"vivo","ENSBTAG00000012109.ENSBTAG00000013674",0.000233165412629698,NA
"vivo","ENSBTAG00000004237.ENSBTAG00000011628",0.000231948757763975,NA
"vivo","ENSBTAG00000017745.ENSBTAG00000016933",0.000230326119854722,NA
"vivo","ENSBTAG00000012398.ENSBTAG00000012314",0.000229877881626535,NA
"vivo","ENSBTAG00000006686.ENSBTAG00000015910",0.000229476609484373,NA
"vivo","ENSBTAG00000013898.ENSBTAG00000016159",0.000227713358070501,NA
"vivo","ENSBTAG00000005359.ENSBTAG00000018035",0.000224456419041046,NA
"vivo","ENSBTAG00000011010.ENSBTAG00000009757",0.000223692361560009,NA
"vivo","ENSBTAG00000013155.ENSBTAG00000015910",0.000223193440247987,NA
"vivo","ENSBTAG00000001321.ENSBTAG00000005273",0.000222789115646259,NA
"vivo","ENSBTAG00000046421.ENSBTAG00000007213",0.000218750681362289,NA
"vivo","ENSBTAG00000003837.ENSBTAG00000011761",0.000213568977938398,NA
"vivo","ENSBTAG00000011966.ENSBTAG00000015910",0.000207553854875283,NA
"vivo","ENSBTAG00000011104.ENSBTAG00000023147",0.000205719339622642,NA
"vivo","ENSBTAG00000007148.ENSBTAG00000000898",0.000204404678538082,NA
"vivo","ENSBTAG00000008027.ENSBTAG00000012314",0.000204081632653061,NA
"vivo","ENSBTAG00000011412.ENSBTAG00000019929",0.000203826157656045,NA
"vivo","ENSBTAG00000013472.ENSBTAG00000019289",0.000203231292517007,NA
"vivo","ENSBTAG00000013066.ENSBTAG00000002402",0.000200658153142209,NA
"vivo","ENSBTAG00000011851.ENSBTAG00000011425",0.000199255952380952,NA
"vivo","ENSBTAG00000012849.ENSBTAG00000019929",0.000196500276697981,NA
"vivo","ENSBTAG00000021466.ENSBTAG00000015910",0.000196428571428571,NA
"vivo","ENSBTAG00000021457.ENSBTAG00000023147",0.000196087530756984,NA
"vivo","ENSBTAG00000017746.ENSBTAG00000010462",0.000194566141674061,NA
"vivo","ENSBTAG00000017246.ENSBTAG00000014064",0.000192387093726379,NA
"vivo","ENSBTAG00000021697.ENSBTAG00000019929",0.0001914667300612,NA
"vivo","ENSBTAG00000004237.ENSBTAG00000010444",0.000190806722908462,NA
"vivo","ENSBTAG00000020457.ENSBTAG00000013755",0.000190633318544809,NA
"vivo","ENSBTAG00000009876.ENSBTAG00000006420",0.000190283714837286,NA
"vivo","ENSBTAG00000011238.ENSBTAG00000002951",0.000186544105489418,NA
"vivo","ENSBTAG00000012398.ENSBTAG00000014357",0.000183599882260597,NA
"vivo","ENSBTAG00000012066.ENSBTAG00000019929",0.000180070657479687,NA
"vivo","ENSBTAG00000014218.ENSBTAG00000011761",0.000179508985431964,NA
"vivo","ENSBTAG00000012829.ENSBTAG00000016933",0.000176766631360146,NA
"vivo","ENSBTAG00000010663.ENSBTAG00000019929",0.000174704506802721,NA
"vivo","ENSBTAG00000001764.ENSBTAG00000021190",0.000172767857142857,NA
"vivo","ENSBTAG00000025644.ENSBTAG00000014567",0.000172619047619048,NA
"vivo","ENSBTAG00000014737.ENSBTAG00000011971",0.000172346867782363,NA
"vivo","ENSBTAG00000010123.ENSBTAG00000012314",0.000172247023809524,NA
"vivo","ENSBTAG00000011966.ENSBTAG00000019929",0.000170967425431711,NA
"vivo","ENSBTAG00000025257.ENSBTAG00000014162",0.000170527798633389,NA
"vivo","ENSBTAG00000012519.ENSBTAG00000031753",0.000169642857142857,NA
"vivo","ENSBTAG00000001941.ENSBTAG00000006161",0.0001687571697311,NA
"vivo","ENSBTAG00000009478.ENSBTAG00000018035",0.000168692022263451,NA
"vivo","ENSBTAG00000032808.ENSBTAG00000010785",0.000167598497732426,NA
"vivo","ENSBTAG00000025257.ENSBTAG00000019428",0.0001674759433688,NA
"vivo","ENSBTAG00000017753.ENSBTAG00000014420",0.000166677035223231,NA
"vivo","ENSBTAG00000002317.ENSBTAG00000014966",0.000166177721088435,NA
"vivo","ENSBTAG00000018134.ENSBTAG00000010444",0.000160926870748299,NA
"vivo","ENSBTAG00000023652.ENSBTAG00000001694",0.00016031598078792,NA
"vivo","ENSBTAG00000000476.ENSBTAG00000003781",0.000159224902082045,NA
"vivo","ENSBTAG00000017745.ENSBTAG00000010423",0.000157142475579976,NA
"vivo","ENSBTAG00000005198.ENSBTAG00000014064",0.000156611946726743,NA
"vivo","ENSBTAG00000025644.ENSBTAG00000010785",0.000155204378262933,NA
"vivo","ENSBTAG00000001292.ENSBTAG00000034385",0.000154280193172445,NA
"vivo","ENSBTAG00000019269.ENSBTAG00000015910",0.000154017857142857,NA
"vivo","ENSBTAG00000005339.ENSBTAG00000000570",0.000148830038042471,NA
"vivo","ENSBTAG00000007708.ENSBTAG00000000244",0.000141033698588394,NA
"vivo","ENSBTAG00000004630.ENSBTAG00000015910",0.000140873015873016,NA
"vivo","ENSBTAG00000006045.ENSBTAG00000034385",0.000140660430839002,NA
"vivo","ENSBTAG00000014575.ENSBTAG00000019929",0.000139351573962918,NA
"vivo","ENSBTAG00000002006.ENSBTAG00000015910",0.00013858772675737,NA
"vivo","ENSBTAG00000006354.ENSBTAG00000012071",0.000138520408163265,NA
"vivo","ENSBTAG00000005359.ENSBTAG00000024269",0.000138252551020408,NA
"vivo","ENSBTAG00000013191.ENSBTAG00000019929",0.000137229150919627,NA
"vivo","ENSBTAG00000017753.ENSBTAG00000039292",0.000137117346938776,NA
"vivo","ENSBTAG00000006655.ENSBTAG00000008218",0.000135204045330564,NA
"vivo","ENSBTAG00000017866.ENSBTAG00000006240",0.000134705324437467,NA
"vivo","ENSBTAG00000005898.ENSBTAG00000017851",0.000131802028951115,NA
"vivo","ENSBTAG00000002006.ENSBTAG00000011154",0.000129497354497354,NA
"vivo","ENSBTAG00000007897.ENSBTAG00000017981",0.00012797619047619,NA
"vivo","ENSBTAG00000021048.ENSBTAG00000017981",0.00012797619047619,NA
"vivo","ENSBTAG00000012228.ENSBTAG00000014966",0.000126559844529129,NA
"vivo","ENSBTAG00000008121.ENSBTAG00000011761",0.000126441881100266,NA
"vivo","ENSBTAG00000010820.ENSBTAG00000002107",0.000126116071428571,NA
"vivo","ENSBTAG00000019336.ENSBTAG00000002107",0.000125,NA
"vivo","ENSBTAG00000015991.ENSBTAG00000005903",0.000121513605442177,NA
"vivo","ENSBTAG00000011757.ENSBTAG00000004334",0.000114099023067874,NA
"vivo","ENSBTAG00000037778.ENSBTAG00000039292",0.000113250517598344,NA
"vivo","ENSBTAG00000022635.ENSBTAG00000009757",0.000113086191923578,NA
"vivo","ENSBTAG00000000575.ENSBTAG00000011628",0.000110234616573902,NA
"vivo","ENSBTAG00000013103.ENSBTAG00000019929",0.000108843537414966,NA
"vivo","ENSBTAG00000005710.ENSBTAG00000009851",0.000108577806122449,NA
"vivo","ENSBTAG00000011851.ENSBTAG00000007338",0.000107142857142857,NA
"vivo","ENSBTAG00000011104.ENSBTAG00000018300",0.00010383511577708,NA
"vivo","ENSBTAG00000045582.ENSBTAG00000012314",0.000100542727774871,NA
"vivo","ENSBTAG00000006538.ENSBTAG00000002144",0.00010014603667554,NA
"vivo","ENSBTAG00000021879.ENSBTAG00000013755",9.984410430839e-05,NA
"vivo","ENSBTAG00000005710.ENSBTAG00000014064",9.89576325035509e-05,NA
"vivo","ENSBTAG00000011802.ENSBTAG00000017266",9.66647770219199e-05,NA
"vivo","ENSBTAG00000017746.ENSBTAG00000009851",9.59581777007886e-05,NA
"vivo","ENSBTAG00000023907.ENSBTAG00000015996",9.4181455190772e-05,NA
"vivo","ENSBTAG00000011966.ENSBTAG00000018169",9.31776556776557e-05,NA
"vivo","ENSBTAG00000015362.ENSBTAG00000008997",9.28657404307088e-05,NA
"vivo","ENSBTAG00000021697.ENSBTAG00000005990",9.06527004741291e-05,NA
"vivo","ENSBTAG00000005947.ENSBTAG00000002402",9.05289975032566e-05,NA
"vivo","ENSBTAG00000021048.ENSBTAG00000016948",8.76148205246156e-05,NA
"vivo","ENSBTAG00000007153.ENSBTAG00000012219",8.28490091688849e-05,NA
"vivo","ENSBTAG00000005077.ENSBTAG00000039292",8.00216483536989e-05,NA
"vivo","ENSBTAG00000003835.ENSBTAG00000000231",7.56164965986395e-05,NA
"vivo","ENSBTAG00000005691.ENSBTAG00000027464",7.49703825954668e-05,NA
"vivo","ENSBTAG00000002080.ENSBTAG00000022799",7.49504782756015e-05,NA
"vivo","ENSBTAG00000009476.ENSBTAG00000000782",7.41341991341991e-05,NA
"vivo","ENSBTAG00000004630.ENSBTAG00000013745",6.94816829793142e-05,NA
"vivo","ENSBTAG00000001725.ENSBTAG00000001338",6.85251074113856e-05,NA
"vivo","ENSBTAG00000000575.ENSBTAG00000019929",6.64210128495843e-05,NA
"vivo","ENSBTAG00000008027.ENSBTAG00000047138",6.51980583900227e-05,NA
"vivo","ENSBTAG00000007737.ENSBTAG00000007909",6.07119236583522e-05,NA
"vivo","ENSBTAG00000006685.ENSBTAG00000019404",6.04393424036281e-05,NA
"vivo","ENSBTAG00000000073.ENSBTAG00000008849",5.84516415261757e-05,NA
"vivo","ENSBTAG00000015089.ENSBTAG00000002135",5.74578695114409e-05,NA
"vivo","ENSBTAG00000014583.ENSBTAG00000020661",5.69212533498248e-05,NA
"vivo","ENSBTAG00000017122.ENSBTAG00000011741",5.44746147046389e-05,NA
"vivo","ENSBTAG00000003806.ENSBTAG00000016455",5.10671768707483e-05,NA
"vivo","ENSBTAG00000014583.ENSBTAG00000012687",5.07960128495843e-05,NA
"vivo","ENSBTAG00000006538.ENSBTAG00000019903",4.9951503825574e-05,NA
"vivo","ENSBTAG00000021048.ENSBTAG00000020704",4.81899350649351e-05,NA
"vivo","ENSBTAG00000008300.ENSBTAG00000017266",4.72159939007129e-05,NA
"vivo","ENSBTAG00000010303.ENSBTAG00000020892",4.51081375946605e-05,NA
"vivo","ENSBTAG00000020645.ENSBTAG00000021527",4.48530801209373e-05,NA
"vivo","ENSBTAG00000025471.ENSBTAG00000012642",4.40700585789871e-05,NA
"vivo","ENSBTAG00000009972.ENSBTAG00000018114",4.40051020408163e-05,NA
"vivo","ENSBTAG00000007338.ENSBTAG00000017593",4.39342403628118e-05,NA
"vivo","ENSBTAG00000007338.ENSBTAG00000004917",3.98551000131796e-05,NA
"vivo","ENSBTAG00000005198.ENSBTAG00000015457",3.67801634542706e-05,NA
"vivo","ENSBTAG00000015043.ENSBTAG00000022799",3.6269325912183e-05,NA
"vivo","ENSBTAG00000020342.ENSBTAG00000007047",3.23256802721089e-05,NA
"vivo","ENSBTAG00000015991.ENSBTAG00000024015",3.10772036087162e-05,NA
"vivo","ENSBTAG00000007244.ENSBTAG00000000253",3.02150347318414e-05,NA
"vivo","ENSBTAG00000012398.ENSBTAG00000008008",2.96830803856565e-05,NA
"vivo","ENSBTAG00000010673.ENSBTAG00000006359",2.90422179800882e-05,NA
"vivo","ENSBTAG00000007319.ENSBTAG00000022799",2.89611678004535e-05,NA
"vivo","ENSBTAG00000007737.ENSBTAG00000022799",2.69481056311413e-05,NA
"vivo","ENSBTAG00000020645.ENSBTAG00000005990",2.65731292517007e-05,NA
"vivo","ENSBTAG00000001745.ENSBTAG00000015910",2.56122448979592e-05,NA
"vivo","ENSBTAG00000021499.ENSBTAG00000008036",2.53059557156196e-05,NA
"vivo","ENSBTAG00000005250.ENSBTAG00000008008",2.4573126631238e-05,NA
"vivo","ENSBTAG00000009565.ENSBTAG00000002804",2.4346718656646e-05,NA
"vivo","ENSBTAG00000001941.ENSBTAG00000014966",2.40846338535414e-05,NA
"vivo","ENSBTAG00000012444.ENSBTAG00000015910",2.38746708360764e-05,NA
"vivo","ENSBTAG00000015362.ENSBTAG00000000231",2.38347457627119e-05,NA
"vivo","ENSBTAG00000032436.ENSBTAG00000022799",2.30677377333912e-05,NA
"vivo","ENSBTAG00000007244.ENSBTAG00000011741",1.98957788243502e-05,NA
"vivo","ENSBTAG00000010123.ENSBTAG00000005903",1.94434099033984e-05,NA
"vivo","ENSBTAG00000008027.ENSBTAG00000017489",1.81603449460592e-05,NA
"vivo","ENSBTAG00000012817.ENSBTAG00000022799",1.72242508114357e-05,NA
"vivo","ENSBTAG00000007897.ENSBTAG00000019903",1.71365156231984e-05,NA
"vivo","ENSBTAG00000017246.ENSBTAG00000022799",1.61506774841084e-05,NA
"vivo","ENSBTAG00000021105.ENSBTAG00000005273",1.50868941326531e-05,NA
"vivo","ENSBTAG00000010963.ENSBTAG00000009024",1.34513921847809e-05,NA
"vivo","ENSBTAG00000016515.ENSBTAG00000000815",1.34488852287447e-05,NA
"vivo","ENSBTAG00000032436.ENSBTAG00000010444",1.31854453985602e-05,NA
"vivo","ENSBTAG00000002006.ENSBTAG00000005903",8.7974019394992e-06,NA
"vivo","ENSBTAG00000000016.ENSBTAG00000010497",0,NA
"vivo","ENSBTAG00000000073.ENSBTAG00000000736",0,NA
"vivo","ENSBTAG00000000073.ENSBTAG00000012314",0,NA
"vivo","ENSBTAG00000000073.ENSBTAG00000018517",0,NA
"vivo","ENSBTAG00000000130.ENSBTAG00000014357",0,NA
"vivo","ENSBTAG00000000283.ENSBTAG00000012771",0,NA
"vivo","ENSBTAG00000000310.ENSBTAG00000022799",0,NA
"vivo","ENSBTAG00000000442.ENSBTAG00000007348",0,NA
"vivo","ENSBTAG00000000559.ENSBTAG00000020661",0,NA
"vivo","ENSBTAG00000000575.ENSBTAG00000011154",0,NA
"vivo","ENSBTAG00000000575.ENSBTAG00000012119",0,NA
"vivo","ENSBTAG00000000575.ENSBTAG00000019289",0,NA
"vivo","ENSBTAG00000000575.ENSBTAG00000026676",0,NA
"vivo","ENSBTAG00000000793.ENSBTAG00000015910",0,NA
"vivo","ENSBTAG00000000793.ENSBTAG00000017266",0,NA
"vivo","ENSBTAG00000000793.ENSBTAG00000018169",0,NA
"vivo","ENSBTAG00000000793.ENSBTAG00000019289",0,NA
"vivo","ENSBTAG00000000793.ENSBTAG00000019569",0,NA
"vivo","ENSBTAG00000001141.ENSBTAG00000013745",0,NA
"vivo","ENSBTAG00000001141.ENSBTAG00000015910",0,NA
"vivo","ENSBTAG00000001141.ENSBTAG00000022799",0,NA
"vivo","ENSBTAG00000001244.ENSBTAG00000017060",0,NA
"vivo","ENSBTAG00000001292.ENSBTAG00000032007",0,NA
"vivo","ENSBTAG00000001292.ENSBTAG00000032719",0,NA
"vivo","ENSBTAG00000001321.ENSBTAG00000013205",0,NA
"vivo","ENSBTAG00000001368.ENSBTAG00000015910",0,NA
"vivo","ENSBTAG00000001460.ENSBTAG00000020661",0,NA
"vivo","ENSBTAG00000001601.ENSBTAG00000011578",0,NA
"vivo","ENSBTAG00000001745.ENSBTAG00000019289",0,NA
"vivo","ENSBTAG00000001764.ENSBTAG00000026676",0,NA
"vivo","ENSBTAG00000001941.ENSBTAG00000011409",0,NA
"vivo","ENSBTAG00000002006.ENSBTAG00000003585",0,NA
"vivo","ENSBTAG00000002006.ENSBTAG00000008165",0,NA
"vivo","ENSBTAG00000002006.ENSBTAG00000015127",0,NA
"vivo","ENSBTAG00000002006.ENSBTAG00000017266",0,NA
"vivo","ENSBTAG00000002302.ENSBTAG00000017256",0,NA
"vivo","ENSBTAG00000002317.ENSBTAG00000011154",0,NA
"vivo","ENSBTAG00000002317.ENSBTAG00000012119",0,NA
"vivo","ENSBTAG00000002317.ENSBTAG00000018052",0,NA
"vivo","ENSBTAG00000002317.ENSBTAG00000026676",0,NA
"vivo","ENSBTAG00000002411.ENSBTAG00000007421",0,NA
"vivo","ENSBTAG00000002441.ENSBTAG00000039292",0,NA
"vivo","ENSBTAG00000002473.ENSBTAG00000003777",0,NA
"vivo","ENSBTAG00000002880.ENSBTAG00000012687",0,NA
"vivo","ENSBTAG00000002880.ENSBTAG00000013755",0,NA
"vivo","ENSBTAG00000003176.ENSBTAG00000015910",0,NA
"vivo","ENSBTAG00000003176.ENSBTAG00000017060",0,NA
"vivo","ENSBTAG00000003253.ENSBTAG00000011434",0,NA
"vivo","ENSBTAG00000003300.ENSBTAG00000002804",0,NA
"vivo","ENSBTAG00000003300.ENSBTAG00000019929",0,NA
"vivo","ENSBTAG00000003329.ENSBTAG00000006420",0,NA
"vivo","ENSBTAG00000003505.ENSBTAG00000006161",0,NA
"vivo","ENSBTAG00000003505.ENSBTAG00000011628",0,NA
"vivo","ENSBTAG00000003658.ENSBTAG00000000736",0,NA
"vivo","ENSBTAG00000003658.ENSBTAG00000015910",0,NA
"vivo","ENSBTAG00000003658.ENSBTAG00000018517",0,NA
"vivo","ENSBTAG00000003832.ENSBTAG00000022799",0,NA
"vivo","ENSBTAG00000003835.ENSBTAG00000006420",0,NA
"vivo","ENSBTAG00000003837.ENSBTAG00000002606",0,NA
"vivo","ENSBTAG00000004086.ENSBTAG00000019712",0,NA
"vivo","ENSBTAG00000004129.ENSBTAG00000001338",0,NA
"vivo","ENSBTAG00000004129.ENSBTAG00000003220",0,NA
"vivo","ENSBTAG00000004129.ENSBTAG00000014798",0,NA
"vivo","ENSBTAG00000004148.ENSBTAG00000003255",0,NA
"vivo","ENSBTAG00000004226.ENSBTAG00000021286",0,NA
"vivo","ENSBTAG00000004261.ENSBTAG00000017060",0,NA
"vivo","ENSBTAG00000004362.ENSBTAG00000014357",0,NA
"vivo","ENSBTAG00000004362.ENSBTAG00000015996",0,NA
"vivo","ENSBTAG00000004594.ENSBTAG00000011578",0,NA
"vivo","ENSBTAG00000004630.ENSBTAG00000003585",0,NA
"vivo","ENSBTAG00000004630.ENSBTAG00000019929",0,NA
"vivo","ENSBTAG00000004777.ENSBTAG00000017753",0,NA
"vivo","ENSBTAG00000004924.ENSBTAG00000031718",0,NA
"vivo","ENSBTAG00000004924.ENSBTAG00000039292",0,NA
"vivo","ENSBTAG00000005077.ENSBTAG00000001060",0,NA
"vivo","ENSBTAG00000005077.ENSBTAG00000003255",0,NA
"vivo","ENSBTAG00000005077.ENSBTAG00000009851",0,NA
"vivo","ENSBTAG00000005077.ENSBTAG00000014798",0,NA
"vivo","ENSBTAG00000005077.ENSBTAG00000018424",0,NA
"vivo","ENSBTAG00000005077.ENSBTAG00000034883",0,NA
"vivo","ENSBTAG00000005108.ENSBTAG00000001060",0,NA
"vivo","ENSBTAG00000005111.ENSBTAG00000000231",0,NA
"vivo","ENSBTAG00000005111.ENSBTAG00000006420",0,NA
"vivo","ENSBTAG00000005111.ENSBTAG00000008997",0,NA
"vivo","ENSBTAG00000005111.ENSBTAG00000011909",0,NA
"vivo","ENSBTAG00000005111.ENSBTAG00000018105",0,NA
"vivo","ENSBTAG00000005111.ENSBTAG00000018114",0,NA
"vivo","ENSBTAG00000005163.ENSBTAG00000006240",0,NA
"vivo","ENSBTAG00000005198.ENSBTAG00000011578",0,NA
"vivo","ENSBTAG00000005198.ENSBTAG00000011628",0,NA
"vivo","ENSBTAG00000005198.ENSBTAG00000027464",0,NA
"vivo","ENSBTAG00000005250.ENSBTAG00000006240",0,NA
"vivo","ENSBTAG00000005260.ENSBTAG00000005990",0,NA
"vivo","ENSBTAG00000005260.ENSBTAG00000011578",0,NA
"vivo","ENSBTAG00000005260.ENSBTAG00000013745",0,NA
"vivo","ENSBTAG00000005260.ENSBTAG00000013755",0,NA
"vivo","ENSBTAG00000005260.ENSBTAG00000019929",0,NA
"vivo","ENSBTAG00000005280.ENSBTAG00000048246",0,NA
"vivo","ENSBTAG00000005305.ENSBTAG00000008849",0,NA
"vivo","ENSBTAG00000005339.ENSBTAG00000000782",0,NA
"vivo","ENSBTAG00000005359.ENSBTAG00000008997",0,NA
"vivo","ENSBTAG00000005359.ENSBTAG00000011909",0,NA
"vivo","ENSBTAG00000005359.ENSBTAG00000019832",0,NA
"vivo","ENSBTAG00000005481.ENSBTAG00000022799",0,NA
"vivo","ENSBTAG00000005581.ENSBTAG00000014162",0,NA
"vivo","ENSBTAG00000005581.ENSBTAG00000039292",0,NA
"vivo","ENSBTAG00000005628.ENSBTAG00000008852",0,NA
"vivo","ENSBTAG00000005691.ENSBTAG00000010543",0,NA
"vivo","ENSBTAG00000005691.ENSBTAG00000011154",0,NA
"vivo","ENSBTAG00000005691.ENSBTAG00000011578",0,NA
"vivo","ENSBTAG00000005691.ENSBTAG00000014357",0,NA
"vivo","ENSBTAG00000005691.ENSBTAG00000015127",0,NA
"vivo","ENSBTAG00000005691.ENSBTAG00000015457",0,NA
"vivo","ENSBTAG00000005691.ENSBTAG00000020644",0,NA
"vivo","ENSBTAG00000005691.ENSBTAG00000024269",0,NA
"vivo","ENSBTAG00000005691.ENSBTAG00000026676",0,NA
"vivo","ENSBTAG00000005710.ENSBTAG00000015457",0,NA
"vivo","ENSBTAG00000005850.ENSBTAG00000022799",0,NA
"vivo","ENSBTAG00000005947.ENSBTAG00000013125",0,NA
"vivo","ENSBTAG00000005947.ENSBTAG00000013755",0,NA
"vivo","ENSBTAG00000005947.ENSBTAG00000015739",0,NA
"vivo","ENSBTAG00000005947.ENSBTAG00000017060",0,NA
"vivo","ENSBTAG00000005947.ENSBTAG00000018517",0,NA
"vivo","ENSBTAG00000005947.ENSBTAG00000019712",0,NA
"vivo","ENSBTAG00000005947.ENSBTAG00000019929",0,NA
"vivo","ENSBTAG00000006045.ENSBTAG00000011944",0,NA
"vivo","ENSBTAG00000006276.ENSBTAG00000047138",0,NA
"vivo","ENSBTAG00000006295.ENSBTAG00000002144",0,NA
"vivo","ENSBTAG00000006295.ENSBTAG00000016948",0,NA
"vivo","ENSBTAG00000006295.ENSBTAG00000017489",0,NA
"vivo","ENSBTAG00000006295.ENSBTAG00000017981",0,NA
"vivo","ENSBTAG00000006295.ENSBTAG00000019903",0,NA
"vivo","ENSBTAG00000006295.ENSBTAG00000020704",0,NA
"vivo","ENSBTAG00000006354.ENSBTAG00000017060",0,NA
"vivo","ENSBTAG00000006396.ENSBTAG00000003798",0,NA
"vivo","ENSBTAG00000006505.ENSBTAG00000006240",0,NA
"vivo","ENSBTAG00000006538.ENSBTAG00000016948",0,NA
"vivo","ENSBTAG00000006538.ENSBTAG00000017489",0,NA
"vivo","ENSBTAG00000006538.ENSBTAG00000017981",0,NA
"vivo","ENSBTAG00000006655.ENSBTAG00000003255",0,NA
"vivo","ENSBTAG00000006685.ENSBTAG00000005215",0,NA
"vivo","ENSBTAG00000006984.ENSBTAG00000021818",0,NA
"vivo","ENSBTAG00000007148.ENSBTAG00000008165",0,NA
"vivo","ENSBTAG00000007244.ENSBTAG00000019929",0,NA
"vivo","ENSBTAG00000007268.ENSBTAG00000015910",0,NA
"vivo","ENSBTAG00000007273.ENSBTAG00000002144",0,NA
"vivo","ENSBTAG00000007273.ENSBTAG00000011738",0,NA
"vivo","ENSBTAG00000007273.ENSBTAG00000012314",0,NA
"vivo","ENSBTAG00000007273.ENSBTAG00000032719",0,NA
"vivo","ENSBTAG00000007273.ENSBTAG00000034385",0,NA
"vivo","ENSBTAG00000007319.ENSBTAG00000007909",0,NA
"vivo","ENSBTAG00000007375.ENSBTAG00000015228",0,NA
"vivo","ENSBTAG00000007446.ENSBTAG00000003060",0,NA
"vivo","ENSBTAG00000007446.ENSBTAG00000008733",0,NA
"vivo","ENSBTAG00000007446.ENSBTAG00000008849",0,NA
"vivo","ENSBTAG00000007708.ENSBTAG00000025324",0,NA
"vivo","ENSBTAG00000007708.ENSBTAG00000046199",0,NA
"vivo","ENSBTAG00000007725.ENSBTAG00000012687",0,NA
"vivo","ENSBTAG00000007737.ENSBTAG00000002144",0,NA
"vivo","ENSBTAG00000007737.ENSBTAG00000006161",0,NA
"vivo","ENSBTAG00000007737.ENSBTAG00000006240",0,NA
"vivo","ENSBTAG00000007737.ENSBTAG00000011628",0,NA
"vivo","ENSBTAG00000007737.ENSBTAG00000012314",0,NA
"vivo","ENSBTAG00000007737.ENSBTAG00000012599",0,NA
"vivo","ENSBTAG00000007737.ENSBTAG00000019832",0,NA
"vivo","ENSBTAG00000007737.ENSBTAG00000045633",0,NA
"vivo","ENSBTAG00000007740.ENSBTAG00000007909",0,NA
"vivo","ENSBTAG00000007740.ENSBTAG00000012119",0,NA
"vivo","ENSBTAG00000007740.ENSBTAG00000015910",0,NA
"vivo","ENSBTAG00000007740.ENSBTAG00000017266",0,NA
"vivo","ENSBTAG00000007740.ENSBTAG00000026676",0,NA
"vivo","ENSBTAG00000007773.ENSBTAG00000003418",0,NA
"vivo","ENSBTAG00000007773.ENSBTAG00000010347",0,NA
"vivo","ENSBTAG00000007773.ENSBTAG00000015910",0,NA
"vivo","ENSBTAG00000007773.ENSBTAG00000017060",0,NA
"vivo","ENSBTAG00000007773.ENSBTAG00000018993",0,NA
"vivo","ENSBTAG00000007897.ENSBTAG00000002144",0,NA
"vivo","ENSBTAG00000007897.ENSBTAG00000016948",0,NA
"vivo","ENSBTAG00000007897.ENSBTAG00000023731",0,NA
"vivo","ENSBTAG00000008026.ENSBTAG00000047138",0,NA
"vivo","ENSBTAG00000008027.ENSBTAG00000002144",0,NA
"vivo","ENSBTAG00000008027.ENSBTAG00000007175",0,NA
"vivo","ENSBTAG00000008027.ENSBTAG00000016948",0,NA
"vivo","ENSBTAG00000008027.ENSBTAG00000017981",0,NA
"vivo","ENSBTAG00000008027.ENSBTAG00000019903",0,NA
"vivo","ENSBTAG00000008027.ENSBTAG00000020704",0,NA
"vivo","ENSBTAG00000008096.ENSBTAG00000013674",0,NA
"vivo","ENSBTAG00000008096.ENSBTAG00000019733",0,NA
"vivo","ENSBTAG00000008121.ENSBTAG00000002606",0,NA
"vivo","ENSBTAG00000008121.ENSBTAG00000015127",0,NA
"vivo","ENSBTAG00000008237.ENSBTAG00000005273",0,NA
"vivo","ENSBTAG00000008237.ENSBTAG00000013205",0,NA
"vivo","ENSBTAG00000008300.ENSBTAG00000001462",0,NA
"vivo","ENSBTAG00000008300.ENSBTAG00000004356",0,NA
"vivo","ENSBTAG00000008300.ENSBTAG00000008165",0,NA
"vivo","ENSBTAG00000008300.ENSBTAG00000011578",0,NA
"vivo","ENSBTAG00000008300.ENSBTAG00000011741",0,NA
"vivo","ENSBTAG00000008300.ENSBTAG00000013125",0,NA
"vivo","ENSBTAG00000008300.ENSBTAG00000014357",0,NA
"vivo","ENSBTAG00000008300.ENSBTAG00000015910",0,NA
"vivo","ENSBTAG00000008300.ENSBTAG00000018993",0,NA
"vivo","ENSBTAG00000008300.ENSBTAG00000019289",0,NA
"vivo","ENSBTAG00000008300.ENSBTAG00000019929",0,NA
"vivo","ENSBTAG00000008300.ENSBTAG00000033669",0,NA
"vivo","ENSBTAG00000008452.ENSBTAG00000009903",0,NA
"vivo","ENSBTAG00000008452.ENSBTAG00000016071",0,NA
"vivo","ENSBTAG00000008611.ENSBTAG00000011761",0,NA
"vivo","ENSBTAG00000008817.ENSBTAG00000012897",0,NA
"vivo","ENSBTAG00000008817.ENSBTAG00000015910",0,NA
"vivo","ENSBTAG00000008817.ENSBTAG00000017266",0,NA
"vivo","ENSBTAG00000009212.ENSBTAG00000012314",0,NA
"vivo","ENSBTAG00000009357.ENSBTAG00000011154",0,NA
"vivo","ENSBTAG00000009357.ENSBTAG00000012119",0,NA
"vivo","ENSBTAG00000009357.ENSBTAG00000012771",0,NA
"vivo","ENSBTAG00000009476.ENSBTAG00000001462",0,NA
"vivo","ENSBTAG00000009476.ENSBTAG00000019289",0,NA
"vivo","ENSBTAG00000009478.ENSBTAG00000000231",0,NA
"vivo","ENSBTAG00000009478.ENSBTAG00000006420",0,NA
"vivo","ENSBTAG00000009478.ENSBTAG00000014354",0,NA
"vivo","ENSBTAG00000009478.ENSBTAG00000018114",0,NA
"vivo","ENSBTAG00000009615.ENSBTAG00000013290",0,NA
"vivo","ENSBTAG00000009761.ENSBTAG00000002144",0,NA
"vivo","ENSBTAG00000009761.ENSBTAG00000012314",0,NA
"vivo","ENSBTAG00000009812.ENSBTAG00000003220",0,NA
"vivo","ENSBTAG00000009876.ENSBTAG00000020736",0,NA
"vivo","ENSBTAG00000009972.ENSBTAG00000011909",0,NA
"vivo","ENSBTAG00000009972.ENSBTAG00000018105",0,NA
"vivo","ENSBTAG00000010123.ENSBTAG00000000736",0,NA
"vivo","ENSBTAG00000010123.ENSBTAG00000018517",0,NA
"vivo","ENSBTAG00000010138.ENSBTAG00000019866",0,NA
"vivo","ENSBTAG00000010161.ENSBTAG00000014162",0,NA
"vivo","ENSBTAG00000010161.ENSBTAG00000039292",0,NA
"vivo","ENSBTAG00000010179.ENSBTAG00000026676",0,NA
"vivo","ENSBTAG00000010303.ENSBTAG00000007103",0,NA
"vivo","ENSBTAG00000010303.ENSBTAG00000007626",0,NA
"vivo","ENSBTAG00000010303.ENSBTAG00000011628",0,NA
"vivo","ENSBTAG00000010303.ENSBTAG00000017060",0,NA
"vivo","ENSBTAG00000010312.ENSBTAG00000020199",0,NA
"vivo","ENSBTAG00000010334.ENSBTAG00000046199",0,NA
"vivo","ENSBTAG00000010361.ENSBTAG00000007909",0,NA
"vivo","ENSBTAG00000010361.ENSBTAG00000022799",0,NA
"vivo","ENSBTAG00000010562.ENSBTAG00000020755",0,NA
"vivo","ENSBTAG00000010673.ENSBTAG00000000815",0,NA
"vivo","ENSBTAG00000010726.ENSBTAG00000012314",0,NA
"vivo","ENSBTAG00000010726.ENSBTAG00000025101",0,NA
"vivo","ENSBTAG00000010738.ENSBTAG00000001338",0,NA
"vivo","ENSBTAG00000010738.ENSBTAG00000003220",0,NA
"vivo","ENSBTAG00000010738.ENSBTAG00000014162",0,NA
"vivo","ENSBTAG00000010738.ENSBTAG00000019428",0,NA
"vivo","ENSBTAG00000010963.ENSBTAG00000000973",0,NA
"vivo","ENSBTAG00000010963.ENSBTAG00000002414",0,NA
"vivo","ENSBTAG00000010963.ENSBTAG00000003255",0,NA
"vivo","ENSBTAG00000010991.ENSBTAG00000007348",0,NA
"vivo","ENSBTAG00000011034.ENSBTAG00000003777",0,NA
"vivo","ENSBTAG00000011034.ENSBTAG00000020148",0,NA
"vivo","ENSBTAG00000011082.ENSBTAG00000002402",0,NA
"vivo","ENSBTAG00000011082.ENSBTAG00000021527",0,NA
"vivo","ENSBTAG00000011104.ENSBTAG00000017425",0,NA
"vivo","ENSBTAG00000011238.ENSBTAG00000017256",0,NA
"vivo","ENSBTAG00000011291.ENSBTAG00000006732",0,NA
"vivo","ENSBTAG00000011412.ENSBTAG00000017266",0,NA
"vivo","ENSBTAG00000011412.ENSBTAG00000018169",0,NA
"vivo","ENSBTAG00000011412.ENSBTAG00000019289",0,NA
"vivo","ENSBTAG00000011580.ENSBTAG00000046199",0,NA
"vivo","ENSBTAG00000011585.ENSBTAG00000015046",0,NA
"vivo","ENSBTAG00000011741.ENSBTAG00000015910",0,NA
"vivo","ENSBTAG00000011757.ENSBTAG00000007909",0,NA
"vivo","ENSBTAG00000011757.ENSBTAG00000011578",0,NA
"vivo","ENSBTAG00000011757.ENSBTAG00000022799",0,NA
"vivo","ENSBTAG00000011784.ENSBTAG00000000736",0,NA
"vivo","ENSBTAG00000011802.ENSBTAG00000015910",0,NA
"vivo","ENSBTAG00000011802.ENSBTAG00000019289",0,NA
"vivo","ENSBTAG00000011810.ENSBTAG00000003777",0,NA
"vivo","ENSBTAG00000011851.ENSBTAG00000000782",0,NA
"vivo","ENSBTAG00000011851.ENSBTAG00000002699",0,NA
"vivo","ENSBTAG00000011851.ENSBTAG00000004917",0,NA
"vivo","ENSBTAG00000011851.ENSBTAG00000010647",0,NA
"vivo","ENSBTAG00000011851.ENSBTAG00000012771",0,NA
"vivo","ENSBTAG00000011851.ENSBTAG00000013118",0,NA
"vivo","ENSBTAG00000011851.ENSBTAG00000015510",0,NA
"vivo","ENSBTAG00000011851.ENSBTAG00000018572",0,NA
"vivo","ENSBTAG00000011966.ENSBTAG00000012897",0,NA
"vivo","ENSBTAG00000011966.ENSBTAG00000017266",0,NA
"vivo","ENSBTAG00000011966.ENSBTAG00000019289",0,NA
"vivo","ENSBTAG00000012004.ENSBTAG00000013755",0,NA
"vivo","ENSBTAG00000012004.ENSBTAG00000013843",0,NA
"vivo","ENSBTAG00000012004.ENSBTAG00000015910",0,NA
"vivo","ENSBTAG00000012004.ENSBTAG00000018035",0,NA
"vivo","ENSBTAG00000012004.ENSBTAG00000019832",0,NA
"vivo","ENSBTAG00000012004.ENSBTAG00000019929",0,NA
"vivo","ENSBTAG00000012004.ENSBTAG00000024269",0,NA
"vivo","ENSBTAG00000012088.ENSBTAG00000015910",0,NA
"vivo","ENSBTAG00000012164.ENSBTAG00000010498",0,NA
"vivo","ENSBTAG00000012210.ENSBTAG00000037735",0,NA
"vivo","ENSBTAG00000012228.ENSBTAG00000010146",0,NA
"vivo","ENSBTAG00000012413.ENSBTAG00000010543",0,NA
"vivo","ENSBTAG00000012413.ENSBTAG00000014064",0,NA
"vivo","ENSBTAG00000012413.ENSBTAG00000015457",0,NA
"vivo","ENSBTAG00000012444.ENSBTAG00000015127",0,NA
"vivo","ENSBTAG00000012529.ENSBTAG00000012899",0,NA
"vivo","ENSBTAG00000012623.ENSBTAG00000002606",0,NA
"vivo","ENSBTAG00000012638.ENSBTAG00000017753",0,NA
"vivo","ENSBTAG00000012817.ENSBTAG00000005397",0,NA
"vivo","ENSBTAG00000012817.ENSBTAG00000007909",0,NA
"vivo","ENSBTAG00000012829.ENSBTAG00000017745",0,NA
"vivo","ENSBTAG00000012849.ENSBTAG00000003585",0,NA
"vivo","ENSBTAG00000012849.ENSBTAG00000015910",0,NA
"vivo","ENSBTAG00000012849.ENSBTAG00000019289",0,NA
"vivo","ENSBTAG00000013003.ENSBTAG00000021527",0,NA
"vivo","ENSBTAG00000013066.ENSBTAG00000012687",0,NA
"vivo","ENSBTAG00000013066.ENSBTAG00000021527",0,NA
"vivo","ENSBTAG00000013103.ENSBTAG00000004885",0,NA
"vivo","ENSBTAG00000013103.ENSBTAG00000010682",0,NA
"vivo","ENSBTAG00000013103.ENSBTAG00000011578",0,NA
"vivo","ENSBTAG00000013103.ENSBTAG00000013745",0,NA
"vivo","ENSBTAG00000013103.ENSBTAG00000015910",0,NA
"vivo","ENSBTAG00000013103.ENSBTAG00000019289",0,NA
"vivo","ENSBTAG00000013155.ENSBTAG00000008165",0,NA
"vivo","ENSBTAG00000013155.ENSBTAG00000008373",0,NA
"vivo","ENSBTAG00000013155.ENSBTAG00000010682",0,NA
"vivo","ENSBTAG00000013155.ENSBTAG00000019289",0,NA
"vivo","ENSBTAG00000013162.ENSBTAG00000002144",0,NA
"vivo","ENSBTAG00000013162.ENSBTAG00000012314",0,NA
"vivo","ENSBTAG00000013191.ENSBTAG00000015910",0,NA
"vivo","ENSBTAG00000013191.ENSBTAG00000018052",0,NA
"vivo","ENSBTAG00000013201.ENSBTAG00000020319",0,NA
"vivo","ENSBTAG00000013363.ENSBTAG00000009851",0,NA
"vivo","ENSBTAG00000013472.ENSBTAG00000001462",0,NA
"vivo","ENSBTAG00000013472.ENSBTAG00000008165",0,NA
"vivo","ENSBTAG00000013472.ENSBTAG00000011578",0,NA
"vivo","ENSBTAG00000013472.ENSBTAG00000015910",0,NA
"vivo","ENSBTAG00000013760.ENSBTAG00000003585",0,NA
"vivo","ENSBTAG00000013760.ENSBTAG00000015910",0,NA
"vivo","ENSBTAG00000013760.ENSBTAG00000019289",0,NA
"vivo","ENSBTAG00000013760.ENSBTAG00000019929",0,NA
"vivo","ENSBTAG00000013901.ENSBTAG00000019153",0,NA
"vivo","ENSBTAG00000014051.ENSBTAG00000003777",0,NA
"vivo","ENSBTAG00000014051.ENSBTAG00000020148",0,NA
"vivo","ENSBTAG00000014113.ENSBTAG00000001338",0,NA
"vivo","ENSBTAG00000014113.ENSBTAG00000003220",0,NA
"vivo","ENSBTAG00000014113.ENSBTAG00000014162",0,NA
"vivo","ENSBTAG00000014113.ENSBTAG00000019428",0,NA
"vivo","ENSBTAG00000014127.ENSBTAG00000020319",0,NA
"vivo","ENSBTAG00000014218.ENSBTAG00000005903",0,NA
"vivo","ENSBTAG00000014465.ENSBTAG00000013125",0,NA
"vivo","ENSBTAG00000014556.ENSBTAG00000026676",0,NA
"vivo","ENSBTAG00000014575.ENSBTAG00000015910",0,NA
"vivo","ENSBTAG00000014575.ENSBTAG00000019289",0,NA
"vivo","ENSBTAG00000014583.ENSBTAG00000011628",0,NA
"vivo","ENSBTAG00000014583.ENSBTAG00000014600",0,NA
"vivo","ENSBTAG00000014583.ENSBTAG00000026813",0,NA
"vivo","ENSBTAG00000014737.ENSBTAG00000000782",0,NA
"vivo","ENSBTAG00000014737.ENSBTAG00000000802",0,NA
"vivo","ENSBTAG00000014737.ENSBTAG00000001462",0,NA
"vivo","ENSBTAG00000014737.ENSBTAG00000015910",0,NA
"vivo","ENSBTAG00000014834.ENSBTAG00000005828",0,NA
"vivo","ENSBTAG00000014834.ENSBTAG00000011628",0,NA
"vivo","ENSBTAG00000014906.ENSBTAG00000008008",0,NA
"vivo","ENSBTAG00000014906.ENSBTAG00000011578",0,NA
"vivo","ENSBTAG00000014906.ENSBTAG00000011628",0,NA
"vivo","ENSBTAG00000014906.ENSBTAG00000015910",0,NA
"vivo","ENSBTAG00000014906.ENSBTAG00000020755",0,NA
"vivo","ENSBTAG00000015043.ENSBTAG00000007909",0,NA
"vivo","ENSBTAG00000015089.ENSBTAG00000015910",0,NA
"vivo","ENSBTAG00000015089.ENSBTAG00000023144",0,NA
"vivo","ENSBTAG00000015114.ENSBTAG00000008165",0,NA
"vivo","ENSBTAG00000015177.ENSBTAG00000010249",0,NA
"vivo","ENSBTAG00000015327.ENSBTAG00000011425",0,NA
"vivo","ENSBTAG00000015352.ENSBTAG00000012599",0,NA
"vivo","ENSBTAG00000015362.ENSBTAG00000002081",0,NA
"vivo","ENSBTAG00000015362.ENSBTAG00000006420",0,NA
"vivo","ENSBTAG00000015362.ENSBTAG00000011909",0,NA
"vivo","ENSBTAG00000015362.ENSBTAG00000018105",0,NA
"vivo","ENSBTAG00000015362.ENSBTAG00000018114",0,NA
"vivo","ENSBTAG00000015509.ENSBTAG00000012687",0,NA
"vivo","ENSBTAG00000015742.ENSBTAG00000007103",0,NA
"vivo","ENSBTAG00000015742.ENSBTAG00000017060",0,NA
"vivo","ENSBTAG00000015789.ENSBTAG00000006732",0,NA
"vivo","ENSBTAG00000015789.ENSBTAG00000011628",0,NA
"vivo","ENSBTAG00000015801.ENSBTAG00000015510",0,NA
"vivo","ENSBTAG00000015978.ENSBTAG00000011628",0,NA
"vivo","ENSBTAG00000015991.ENSBTAG00000000253",0,NA
"vivo","ENSBTAG00000015991.ENSBTAG00000011628",0,NA
"vivo","ENSBTAG00000015991.ENSBTAG00000018993",0,NA
"vivo","ENSBTAG00000015991.ENSBTAG00000021190",0,NA
"vivo","ENSBTAG00000015991.ENSBTAG00000021527",0,NA
"vivo","ENSBTAG00000016043.ENSBTAG00000018035",0,NA
"vivo","ENSBTAG00000016177.ENSBTAG00000011628",0,NA
"vivo","ENSBTAG00000016208.ENSBTAG00000014944",0,NA
"vivo","ENSBTAG00000016208.ENSBTAG00000038141",0,NA
"vivo","ENSBTAG00000016260.ENSBTAG00000011628",0,NA
"vivo","ENSBTAG00000016515.ENSBTAG00000006359",0,NA
"vivo","ENSBTAG00000016515.ENSBTAG00000015510",0,NA
"vivo","ENSBTAG00000016542.ENSBTAG00000015910",0,NA
"vivo","ENSBTAG00000016542.ENSBTAG00000017266",0,NA
"vivo","ENSBTAG00000016542.ENSBTAG00000018169",0,NA
"vivo","ENSBTAG00000016542.ENSBTAG00000019289",0,NA
"vivo","ENSBTAG00000016648.ENSBTAG00000015910",0,NA
"vivo","ENSBTAG00000016648.ENSBTAG00000017266",0,NA
"vivo","ENSBTAG00000016800.ENSBTAG00000000782",0,NA
"vivo","ENSBTAG00000016800.ENSBTAG00000007338",0,NA
"vivo","ENSBTAG00000017060.ENSBTAG00000007103",0,NA
"vivo","ENSBTAG00000017060.ENSBTAG00000010303",0,NA
"vivo","ENSBTAG00000017122.ENSBTAG00000000782",0,NA
"vivo","ENSBTAG00000017122.ENSBTAG00000011154",0,NA
"vivo","ENSBTAG00000017122.ENSBTAG00000015910",0,NA
"vivo","ENSBTAG00000017122.ENSBTAG00000018052",0,NA
"vivo","ENSBTAG00000017122.ENSBTAG00000019289",0,NA
"vivo","ENSBTAG00000017246.ENSBTAG00000002144",0,NA
"vivo","ENSBTAG00000017246.ENSBTAG00000006161",0,NA
"vivo","ENSBTAG00000017246.ENSBTAG00000006240",0,NA
"vivo","ENSBTAG00000017246.ENSBTAG00000007909",0,NA
"vivo","ENSBTAG00000017246.ENSBTAG00000010444",0,NA
"vivo","ENSBTAG00000017246.ENSBTAG00000012314",0,NA
"vivo","ENSBTAG00000017246.ENSBTAG00000012599",0,NA
"vivo","ENSBTAG00000017246.ENSBTAG00000018035",0,NA
"vivo","ENSBTAG00000017246.ENSBTAG00000019832",0,NA
"vivo","ENSBTAG00000017280.ENSBTAG00000005397",0,NA
"vivo","ENSBTAG00000017280.ENSBTAG00000017060",0,NA
"vivo","ENSBTAG00000017280.ENSBTAG00000037735",0,NA
"vivo","ENSBTAG00000017280.ENSBTAG00000047793",0,NA
"vivo","ENSBTAG00000017312.ENSBTAG00000017136",0,NA
"vivo","ENSBTAG00000017455.ENSBTAG00000013755",0,NA
"vivo","ENSBTAG00000017455.ENSBTAG00000015910",0,NA
"vivo","ENSBTAG00000017455.ENSBTAG00000017266",0,NA
"vivo","ENSBTAG00000017455.ENSBTAG00000019929",0,NA
"vivo","ENSBTAG00000017468.ENSBTAG00000013557",0,NA
"vivo","ENSBTAG00000017473.ENSBTAG00000018169",0,NA
"vivo","ENSBTAG00000017473.ENSBTAG00000019289",0,NA
"vivo","ENSBTAG00000017549.ENSBTAG00000002699",0,NA
"vivo","ENSBTAG00000017549.ENSBTAG00000008197",0,NA
"vivo","ENSBTAG00000017564.ENSBTAG00000019832",0,NA
"vivo","ENSBTAG00000017582.ENSBTAG00000002699",0,NA
"vivo","ENSBTAG00000017664.ENSBTAG00000011154",0,NA
"vivo","ENSBTAG00000017664.ENSBTAG00000011578",0,NA
"vivo","ENSBTAG00000017664.ENSBTAG00000014357",0,NA
"vivo","ENSBTAG00000017685.ENSBTAG00000007421",0,NA
"vivo","ENSBTAG00000017745.ENSBTAG00000015361",0,NA
"vivo","ENSBTAG00000017745.ENSBTAG00000018474",0,NA
"vivo","ENSBTAG00000017753.ENSBTAG00000004334",0,NA
"vivo","ENSBTAG00000017753.ENSBTAG00000015228",0,NA
"vivo","ENSBTAG00000017753.ENSBTAG00000015996",0,NA
"vivo","ENSBTAG00000017753.ENSBTAG00000020054",0,NA
"vivo","ENSBTAG00000017866.ENSBTAG00000008008",0,NA
"vivo","ENSBTAG00000017866.ENSBTAG00000014031",0,NA
"vivo","ENSBTAG00000018103.ENSBTAG00000006240",0,NA
"vivo","ENSBTAG00000018103.ENSBTAG00000011154",0,NA
"vivo","ENSBTAG00000018103.ENSBTAG00000017753",0,NA
"vivo","ENSBTAG00000018134.ENSBTAG00000011628",0,NA
"vivo","ENSBTAG00000018200.ENSBTAG00000007626",0,NA
"vivo","ENSBTAG00000018200.ENSBTAG00000020892",0,NA
"vivo","ENSBTAG00000018255.ENSBTAG00000015127",0,NA
"vivo","ENSBTAG00000018343.ENSBTAG00000004211",0,NA
"vivo","ENSBTAG00000018343.ENSBTAG00000010497",0,NA
"vivo","ENSBTAG00000018343.ENSBTAG00000015312",0,NA
"vivo","ENSBTAG00000018343.ENSBTAG00000020736",0,NA
"vivo","ENSBTAG00000018347.ENSBTAG00000013205",0,NA
"vivo","ENSBTAG00000018463.ENSBTAG00000011578",0,NA
"vivo","ENSBTAG00000019267.ENSBTAG00000011578",0,NA
"vivo","ENSBTAG00000019267.ENSBTAG00000014357",0,NA
"vivo","ENSBTAG00000019269.ENSBTAG00000019289",0,NA
"vivo","ENSBTAG00000019336.ENSBTAG00000011761",0,NA
"vivo","ENSBTAG00000019604.ENSBTAG00000009851",0,NA
"vivo","ENSBTAG00000019665.ENSBTAG00000005273",0,NA
"vivo","ENSBTAG00000019716.ENSBTAG00000003220",0,NA
"vivo","ENSBTAG00000019770.ENSBTAG00000012314",0,NA
"vivo","ENSBTAG00000019866.ENSBTAG00000000782",0,NA
"vivo","ENSBTAG00000019866.ENSBTAG00000009851",0,NA
"vivo","ENSBTAG00000019910.ENSBTAG00000015510",0,NA
"vivo","ENSBTAG00000019964.ENSBTAG00000001694",0,NA
"vivo","ENSBTAG00000019964.ENSBTAG00000005828",0,NA
"vivo","ENSBTAG00000019993.ENSBTAG00000027516",0,NA
"vivo","ENSBTAG00000019993.ENSBTAG00000039292",0,NA
"vivo","ENSBTAG00000020194.ENSBTAG00000009155",0,NA
"vivo","ENSBTAG00000020194.ENSBTAG00000010543",0,NA
"vivo","ENSBTAG00000020194.ENSBTAG00000011628",0,NA
"vivo","ENSBTAG00000020194.ENSBTAG00000015457",0,NA
"vivo","ENSBTAG00000020221.ENSBTAG00000002144",0,NA
"vivo","ENSBTAG00000020221.ENSBTAG00000005092",0,NA
"vivo","ENSBTAG00000020221.ENSBTAG00000005903",0,NA
"vivo","ENSBTAG00000020221.ENSBTAG00000012314",0,NA
"vivo","ENSBTAG00000020221.ENSBTAG00000016999",0,NA
"vivo","ENSBTAG00000020221.ENSBTAG00000035084",0,NA
"vivo","ENSBTAG00000020238.ENSBTAG00000004739",0,NA
"vivo","ENSBTAG00000020244.ENSBTAG00000000815",0,NA
"vivo","ENSBTAG00000020244.ENSBTAG00000006359",0,NA
"vivo","ENSBTAG00000020244.ENSBTAG00000015510",0,NA
"vivo","ENSBTAG00000020342.ENSBTAG00000002107",0,NA
"vivo","ENSBTAG00000020342.ENSBTAG00000035084",0,NA
"vivo","ENSBTAG00000020406.ENSBTAG00000047793",0,NA
"vivo","ENSBTAG00000020457.ENSBTAG00000012599",0,NA
"vivo","ENSBTAG00000020457.ENSBTAG00000013222",0,NA
"vivo","ENSBTAG00000020457.ENSBTAG00000013843",0,NA
"vivo","ENSBTAG00000020457.ENSBTAG00000014357",0,NA
"vivo","ENSBTAG00000020457.ENSBTAG00000018035",0,NA
"vivo","ENSBTAG00000020457.ENSBTAG00000019832",0,NA
"vivo","ENSBTAG00000020457.ENSBTAG00000019929",0,NA
"vivo","ENSBTAG00000020457.ENSBTAG00000024269",0,NA
"vivo","ENSBTAG00000020556.ENSBTAG00000017033",0,NA
"vivo","ENSBTAG00000020556.ENSBTAG00000018517",0,NA
"vivo","ENSBTAG00000020638.ENSBTAG00000000782",0,NA
"vivo","ENSBTAG00000020638.ENSBTAG00000001141",0,NA
"vivo","ENSBTAG00000020645.ENSBTAG00000011461",0,NA
"vivo","ENSBTAG00000020645.ENSBTAG00000011628",0,NA
"vivo","ENSBTAG00000020645.ENSBTAG00000012848",0,NA
"vivo","ENSBTAG00000020645.ENSBTAG00000013674",0,NA
"vivo","ENSBTAG00000020645.ENSBTAG00000014270",0,NA
"vivo","ENSBTAG00000020645.ENSBTAG00000014798",0,NA
"vivo","ENSBTAG00000020645.ENSBTAG00000014944",0,NA
"vivo","ENSBTAG00000020645.ENSBTAG00000020199",0,NA
"vivo","ENSBTAG00000020661.ENSBTAG00000017851",0,NA
"vivo","ENSBTAG00000020676.ENSBTAG00000011578",0,NA
"vivo","ENSBTAG00000021048.ENSBTAG00000002144",0,NA
"vivo","ENSBTAG00000021048.ENSBTAG00000019903",0,NA
"vivo","ENSBTAG00000021105.ENSBTAG00000000477",0,NA
"vivo","ENSBTAG00000021105.ENSBTAG00000006240",0,NA
"vivo","ENSBTAG00000021105.ENSBTAG00000013205",0,NA
"vivo","ENSBTAG00000021105.ENSBTAG00000014031",0,NA
"vivo","ENSBTAG00000021217.ENSBTAG00000010682",0,NA
"vivo","ENSBTAG00000021217.ENSBTAG00000015910",0,NA
"vivo","ENSBTAG00000021217.ENSBTAG00000019289",0,NA
"vivo","ENSBTAG00000021302.ENSBTAG00000019289",0,NA
"vivo","ENSBTAG00000021316.ENSBTAG00000015910",0,NA
"vivo","ENSBTAG00000021316.ENSBTAG00000019289",0,NA
"vivo","ENSBTAG00000021316.ENSBTAG00000019929",0,NA
"vivo","ENSBTAG00000021326.ENSBTAG00000014798",0,NA
"vivo","ENSBTAG00000021326.ENSBTAG00000039292",0,NA
"vivo","ENSBTAG00000021466.ENSBTAG00000004885",0,NA
"vivo","ENSBTAG00000021466.ENSBTAG00000010682",0,NA
"vivo","ENSBTAG00000021466.ENSBTAG00000019289",0,NA
"vivo","ENSBTAG00000021499.ENSBTAG00000008849",0,NA
"vivo","ENSBTAG00000021499.ENSBTAG00000013732",0,NA
"vivo","ENSBTAG00000021697.ENSBTAG00000002804",0,NA
"vivo","ENSBTAG00000021697.ENSBTAG00000007173",0,NA
"vivo","ENSBTAG00000021807.ENSBTAG00000016247",0,NA
"vivo","ENSBTAG00000021807.ENSBTAG00000021664",0,NA
"vivo","ENSBTAG00000021811.ENSBTAG00000003777",0,NA
"vivo","ENSBTAG00000021811.ENSBTAG00000020148",0,NA
"vivo","ENSBTAG00000022120.ENSBTAG00000006240",0,NA
"vivo","ENSBTAG00000022120.ENSBTAG00000008165",0,NA
"vivo","ENSBTAG00000022120.ENSBTAG00000013745",0,NA
"vivo","ENSBTAG00000022120.ENSBTAG00000015910",0,NA
"vivo","ENSBTAG00000022120.ENSBTAG00000017060",0,NA
"vivo","ENSBTAG00000022120.ENSBTAG00000019929",0,NA
"vivo","ENSBTAG00000022514.ENSBTAG00000013730",0,NA
"vivo","ENSBTAG00000022635.ENSBTAG00000012897",0,NA
"vivo","ENSBTAG00000022635.ENSBTAG00000015910",0,NA
"vivo","ENSBTAG00000022635.ENSBTAG00000018169",0,NA
"vivo","ENSBTAG00000023652.ENSBTAG00000005828",0,NA
"vivo","ENSBTAG00000023907.ENSBTAG00000000782",0,NA
"vivo","ENSBTAG00000023907.ENSBTAG00000013745",0,NA
"vivo","ENSBTAG00000023907.ENSBTAG00000013755",0,NA
"vivo","ENSBTAG00000023907.ENSBTAG00000015910",0,NA
"vivo","ENSBTAG00000023907.ENSBTAG00000019929",0,NA
"vivo","ENSBTAG00000023907.ENSBTAG00000020644",0,NA
"vivo","ENSBTAG00000025210.ENSBTAG00000013755",0,NA
"vivo","ENSBTAG00000025210.ENSBTAG00000019929",0,NA
"vivo","ENSBTAG00000025257.ENSBTAG00000001338",0,NA
"vivo","ENSBTAG00000025410.ENSBTAG00000018343",0,NA
"vivo","ENSBTAG00000025471.ENSBTAG00000006378",0,NA
"vivo","ENSBTAG00000025471.ENSBTAG00000010497",0,NA
"vivo","ENSBTAG00000025644.ENSBTAG00000004588",0,NA
"vivo","ENSBTAG00000025644.ENSBTAG00000011425",0,NA
"vivo","ENSBTAG00000025644.ENSBTAG00000011628",0,NA
"vivo","ENSBTAG00000025644.ENSBTAG00000012687",0,NA
"vivo","ENSBTAG00000025644.ENSBTAG00000014600",0,NA
"vivo","ENSBTAG00000025644.ENSBTAG00000014773",0,NA
"vivo","ENSBTAG00000025644.ENSBTAG00000019021",0,NA
"vivo","ENSBTAG00000025644.ENSBTAG00000020661",0,NA
"vivo","ENSBTAG00000025644.ENSBTAG00000026813",0,NA
"vivo","ENSBTAG00000025775.ENSBTAG00000002144",0,NA
"vivo","ENSBTAG00000025775.ENSBTAG00000016948",0,NA
"vivo","ENSBTAG00000025775.ENSBTAG00000017489",0,NA
"vivo","ENSBTAG00000025775.ENSBTAG00000017981",0,NA
"vivo","ENSBTAG00000025775.ENSBTAG00000019903",0,NA
"vivo","ENSBTAG00000025868.ENSBTAG00000008165",0,NA
"vivo","ENSBTAG00000025868.ENSBTAG00000013755",0,NA
"vivo","ENSBTAG00000026779.ENSBTAG00000007103",0,NA
"vivo","ENSBTAG00000030710.ENSBTAG00000013755",0,NA
"vivo","ENSBTAG00000031444.ENSBTAG00000006360",0,NA
"vivo","ENSBTAG00000031998.ENSBTAG00000015708",0,NA
"vivo","ENSBTAG00000031998.ENSBTAG00000039292",0,NA
"vivo","ENSBTAG00000032436.ENSBTAG00000002144",0,NA
"vivo","ENSBTAG00000032436.ENSBTAG00000006161",0,NA
"vivo","ENSBTAG00000032436.ENSBTAG00000006240",0,NA
"vivo","ENSBTAG00000032436.ENSBTAG00000007909",0,NA
"vivo","ENSBTAG00000032436.ENSBTAG00000012314",0,NA
"vivo","ENSBTAG00000032436.ENSBTAG00000019832",0,NA
"vivo","ENSBTAG00000032808.ENSBTAG00000007498",0,NA
"vivo","ENSBTAG00000034077.ENSBTAG00000023731",0,NA
"vivo","ENSBTAG00000034501.ENSBTAG00000005397",0,NA
"vivo","ENSBTAG00000037533.ENSBTAG00000005397",0,NA
"vivo","ENSBTAG00000037533.ENSBTAG00000037735",0,NA
"vivo","ENSBTAG00000037899.ENSBTAG00000007909",0,NA
"vivo","ENSBTAG00000037899.ENSBTAG00000022799",0,NA
"vivo","ENSBTAG00000038045.ENSBTAG00000018572",0,NA
"vivo","ENSBTAG00000038221.ENSBTAG00000000815",0,NA
"vivo","ENSBTAG00000038221.ENSBTAG00000006359",0,NA
"vivo","ENSBTAG00000038735.ENSBTAG00000002144",0,NA
"vivo","ENSBTAG00000038735.ENSBTAG00000016948",0,NA
"vivo","ENSBTAG00000038735.ENSBTAG00000017981",0,NA
"vivo","ENSBTAG00000038735.ENSBTAG00000019903",0,NA
"vivo","ENSBTAG00000038735.ENSBTAG00000020704",0,NA
"vivo","ENSBTAG00000039355.ENSBTAG00000011578",0,NA
"vivo","ENSBTAG00000039355.ENSBTAG00000018993",0,NA
"vivo","ENSBTAG00000040131.ENSBTAG00000017256",0,NA
"vivo","ENSBTAG00000040333.ENSBTAG00000013290",0,NA
"vivo","ENSBTAG00000040584.ENSBTAG00000021923",0,NA
"vivo","ENSBTAG00000045520.ENSBTAG00000039292",0,NA
"vivo","ENSBTAG00000045582.ENSBTAG00000002144",0,NA
"vivo","ENSBTAG00000046421.ENSBTAG00000006240",0,NA
"vivo","ENSBTAG00000047567.ENSBTAG00000000570",0,NA
"vivo","ENSBTAG00000047567.ENSBTAG00000001694",0,NA
